run_id,observation_id,utc_timestamp,mechanism,scenario,repetition,concurrency_level,uav_id,expected_outcome,observed_outcome,expectation_met,decision_latency_ns,decision_latency_ms,challenge_generation_ns,identity_lookup_ns,certificate_validation_ns,contract_call_ns,signature_verification_ns,authorisation_check_ns,audit_submission_ns,audit_confirmation_ns,tx_hash,block_number,gas_used,timeout_error_class,worker_id,payload_size,warmup,request_bytes,response_bytes,notes
n10-identities_c1-conc_mech-x509-1backend_security-battery_r30_audit-off_20260831T021332Z,obs_82f14ed35cc64d9fb6c62b69593bca4e,2026-08-31T02:13:33.894847+00:00,x509,valid_active,0,1,UAV-VALID,ACCEPTED,ACCEPTED,True,12485800,12.4858,79700,4130100,7836100,0,257700,9700,0,0,,,,none,x509-valid_active_0,0,True,240,8,
n10-identities_c1-conc_mech-x509-1backend_security-battery_r30_audit-off_20260831T021332Z,obs_68f3af90e8134b3c8c4cbba1052861fd,2026-08-31T02:13:33.903013+00:00,x509,valid_active,1,1,UAV-VALID,ACCEPTED,ACCEPTED,True,1637700,1.6377,39900,88700,1281900,0,159600,6100,0,0,,,,none,x509-valid_active_0,0,True,239,8,
n10-identities_c1-conc_mech-x509-1backend_security-battery_r30_audit-off_20260831T021332Z,obs_f929e1977d484dbb852e3396b18a80a2,2026-08-31T02:13:33.913848+00:00,x509,valid_active,0,1,UAV-VALID,ACCEPTED,ACCEPTED,True,1911300,1.9113,50600,79500,1552400,0,159100,4000,0,0,,,,none,x509-valid_active_0,0,False,238,8,
n10-identities_c1-conc_mech-x509-1backend_security-battery_r30_audit-off_20260831T021332Z,obs_80a18da35bd54411a6dead47e8fc6a55,2026-08-31T02:13:33.920182+00:00,x509,valid_active,1,1,UAV-VALID,ACCEPTED,ACCEPTED,True,1203300,1.2033,31600,57200,960900,0,117200,3200,0,0,,,,none,x509-valid_active_0,0,False,238,8,
n10-identities_c1-conc_mech-x509-1backend_security-battery_r30_audit-off_20260831T021332Z,obs_0d80c72068864a6eb1d6bb4db05700b8,2026-08-31T02:13:33.928751+00:00,x509,valid_active,2,1,UAV-VALID,ACCEPTED,ACCEPTED,True,1931100,1.9311,85000,86400,1582800,0,152000,4500,0,0,,,,none,x509-valid_active_0,0,False,238,8,
n10-identities_c1-conc_mech-x509-1backend_security-battery_r30_audit-off_20260831T021332Z,obs_5d5cb6184a5d4266b5c8bcef5a74374e,2026-08-31T02:13:33.935797+00:00,x509,valid_active,3,1,UAV-VALID,ACCEPTED,ACCEPTED,True,1498800,1.4988,31200,57300,1210900,0,145500,3900,0,0,,,,none,x509-valid_active_0,0,False,238,8,
n10-identities_c1-conc_mech-x509-1backend_security-battery_r30_audit-off_20260831T021332Z,obs_17249df166424d49a01d3323c8ee7fd4,2026-08-31T02:13:33.946016+00:00,x509,valid_active,4,1,UAV-VALID,ACCEPTED,ACCEPTED,True,1986300,1.9863,49900,99200,1651100,0,137400,3600,0,0,,,,none,x509-valid_active_0,0,False,239,8,
n10-identities_c1-conc_mech-x509-1backend_security-battery_r30_audit-off_20260831T021332Z,obs_313556602b5f4fb1a6a4d77e43374060,2026-08-31T02:13:33.952765+00:00,x509,valid_active,5,1,UAV-VALID,ACCEPTED,ACCEPTED,True,1944200,1.9442,43100,80100,1433700,0,321600,6100,0,0,,,,none,x509-valid_active_0,0,False,240,8,
n10-identities_c1-conc_mech-x509-1backend_security-battery_r30_audit-off_20260831T021332Z,obs_70a5851a8cad490d907c11aa23373b38,2026-08-31T02:13:33.962372+00:00,x509,valid_active,6,1,UAV-VALID,ACCEPTED,ACCEPTED,True,2413200,2.4132,56100,254100,1774400,0,225600,5600,0,0,,,,none,x509-valid_active_0,0,False,239,8,
n10-identities_c1-conc_mech-x509-1backend_security-battery_r30_audit-off_20260831T021332Z,obs_a841d26d232a40be8fd50be8c25882e2,2026-08-31T02:13:33.970829+00:00,x509,valid_active,7,1,UAV-VALID,ACCEPTED,ACCEPTED,True,2454000,2.454,46600,147300,1979700,0,196900,6400,0,0,,,,none,x509-valid_active_0,0,False,239,8,
n10-identities_c1-conc_mech-x509-1backend_security-battery_r30_audit-off_20260831T021332Z,obs_f10650602fe6481ebe8b4f67dc27a94a,2026-08-31T02:13:33.981493+00:00,x509,valid_active,8,1,UAV-VALID,ACCEPTED,ACCEPTED,True,1719900,1.7199,60900,88600,1341700,0,157400,5900,0,0,,,,none,x509-valid_active_0,0,False,239,8,
n10-identities_c1-conc_mech-x509-1backend_security-battery_r30_audit-off_20260831T021332Z,obs_51f6604d931249d984b2f07bf38bf31c,2026-08-31T02:13:33.988637+00:00,x509,valid_active,9,1,UAV-VALID,ACCEPTED,ACCEPTED,True,1734100,1.7341,49300,61800,1382800,0,177600,4700,0,0,,,,none,x509-valid_active_0,0,False,240,8,
n10-identities_c1-conc_mech-x509-1backend_security-battery_r30_audit-off_20260831T021332Z,obs_d4ed3c49c9d84fcfaeffa5eb2a7c2f72,2026-08-31T02:13:33.996949+00:00,x509,valid_active,10,1,UAV-VALID,ACCEPTED,ACCEPTED,True,1723600,1.7236,60500,70700,1373200,0,170800,4100,0,0,,,,none,x509-valid_active_0,0,False,239,8,
n10-identities_c1-conc_mech-x509-1backend_security-battery_r30_audit-off_20260831T021332Z,obs_80566cf41415484891ace1788793c2ca,2026-08-31T02:13:34.005209+00:00,x509,valid_active,11,1,UAV-VALID,ACCEPTED,ACCEPTED,True,1993300,1.9933,44300,94800,1588800,0,185300,6800,0,0,,,,none,x509-valid_active_0,0,False,239,8,
n10-identities_c1-conc_mech-x509-1backend_security-battery_r30_audit-off_20260831T021332Z,obs_4428c05d9b754d62b6b9a934f2362ce2,2026-08-31T02:13:34.015593+00:00,x509,valid_active,12,1,UAV-VALID,ACCEPTED,ACCEPTED,True,2354600,2.3546,34900,102000,1979800,0,146000,4100,0,0,,,,none,x509-valid_active_0,0,False,239,8,
n10-identities_c1-conc_mech-x509-1backend_security-battery_r30_audit-off_20260831T021332Z,obs_27f4a28cbc1942bc865a065af9b5e73f,2026-08-31T02:13:34.021950+00:00,x509,valid_active,13,1,UAV-VALID,ACCEPTED,ACCEPTED,True,1594100,1.5941,33100,62900,1298200,0,149500,3400,0,0,,,,none,x509-valid_active_0,0,False,239,8,
n10-identities_c1-conc_mech-x509-1backend_security-battery_r30_audit-off_20260831T021332Z,obs_1f8c328aa19049eebce6cbe62868449f,2026-08-31T02:13:34.030183+00:00,x509,valid_active,14,1,UAV-VALID,ACCEPTED,ACCEPTED,True,2126500,2.1265,38300,71900,1640900,0,301700,6900,0,0,,,,none,x509-valid_active_0,0,False,238,8,
n10-identities_c1-conc_mech-x509-1backend_security-battery_r30_audit-off_20260831T021332Z,obs_ab15a7701a664c84a0d22818724969aa,2026-08-31T02:13:34.039854+00:00,x509,valid_active,15,1,UAV-VALID,ACCEPTED,ACCEPTED,True,1840400,1.8404,39700,83900,1466100,0,176500,5100,0,0,,,,none,x509-valid_active_0,0,False,239,8,
n10-identities_c1-conc_mech-x509-1backend_security-battery_r30_audit-off_20260831T021332Z,obs_1e600159835d4186ad1a5a460e882d47,2026-08-31T02:13:34.050869+00:00,x509,valid_active,16,1,UAV-VALID,ACCEPTED,ACCEPTED,True,2211400,2.2114,58400,91100,1797100,0,201900,5400,0,0,,,,none,x509-valid_active_0,0,False,239,8,
n10-identities_c1-conc_mech-x509-1backend_security-battery_r30_audit-off_20260831T021332Z,obs_dc1131d0b0f34d229b6328c4d095608b,2026-08-31T02:13:34.061350+00:00,x509,valid_active,17,1,UAV-VALID,ACCEPTED,ACCEPTED,True,2685300,2.6853,62100,112700,2184200,0,229100,7900,0,0,,,,none,x509-valid_active_0,0,False,238,8,
n10-identities_c1-conc_mech-x509-1backend_security-battery_r30_audit-off_20260831T021332Z,obs_9ffc8889339243cb958d132cc4a3f465,2026-08-31T02:13:34.068935+00:00,x509,valid_active,18,1,UAV-VALID,ACCEPTED,ACCEPTED,True,1554300,1.5543,37300,70600,1241400,0,154000,4000,0,0,,,,none,x509-valid_active_0,0,False,239,8,
n10-identities_c1-conc_mech-x509-1backend_security-battery_r30_audit-off_20260831T021332Z,obs_21f00b7859414f94ac624542cfbd1529,2026-08-31T02:13:34.077970+00:00,x509,valid_active,19,1,UAV-VALID,ACCEPTED,ACCEPTED,True,2789500,2.7895,64000,227000,2115700,0,263100,7100,0,0,,,,none,x509-valid_active_0,0,False,239,8,
n10-identities_c1-conc_mech-x509-1backend_security-battery_r30_audit-off_20260831T021332Z,obs_dcb00a19b6854cdc857537c59bcc39ff,2026-08-31T02:13:34.087346+00:00,x509,valid_active,20,1,UAV-VALID,ACCEPTED,ACCEPTED,True,1861200,1.8612,55600,108500,1398400,0,223600,6300,0,0,,,,none,x509-valid_active_0,0,False,239,8,
n10-identities_c1-conc_mech-x509-1backend_security-battery_r30_audit-off_20260831T021332Z,obs_db062997e7474abebde86e2dc37bfc7f,2026-08-31T02:13:34.099845+00:00,x509,valid_active,21,1,UAV-VALID,ACCEPTED,ACCEPTED,True,1742200,1.7422,56400,69600,1415600,0,153100,4700,0,0,,,,none,x509-valid_active_0,0,False,239,8,
n10-identities_c1-conc_mech-x509-1backend_security-battery_r30_audit-off_20260831T021332Z,obs_81ef8600f7454174869d1dbbb2b9d3f1,2026-08-31T02:13:34.109020+00:00,x509,valid_active,22,1,UAV-VALID,ACCEPTED,ACCEPTED,True,2823300,2.8233,33700,82600,2342600,0,246300,7100,0,0,,,,none,x509-valid_active_0,0,False,238,8,
n10-identities_c1-conc_mech-x509-1backend_security-battery_r30_audit-off_20260831T021332Z,obs_de8dff60f8744364af552d580014787e,2026-08-31T02:13:34.118241+00:00,x509,valid_active,23,1,UAV-VALID,ACCEPTED,ACCEPTED,True,2823100,2.8231,45200,91900,2318500,0,217500,5500,0,0,,,,none,x509-valid_active_0,0,False,239,8,
n10-identities_c1-conc_mech-x509-1backend_security-battery_r30_audit-off_20260831T021332Z,obs_7e101bb8455649ef83a53471b3c2e9a9,2026-08-31T02:13:34.129536+00:00,x509,valid_active,24,1,UAV-VALID,ACCEPTED,ACCEPTED,True,1767300,1.7673,38200,72100,1469100,0,136200,4500,0,0,,,,none,x509-valid_active_0,0,False,238,8,
n10-identities_c1-conc_mech-x509-1backend_security-battery_r30_audit-off_20260831T021332Z,obs_ad16fd8dc8f8462f83c018d9a67c1665,2026-08-31T02:13:34.139339+00:00,x509,valid_active,25,1,UAV-VALID,ACCEPTED,ACCEPTED,True,4788800,4.7888,35500,68700,4406600,0,176300,4000,0,0,,,,none,x509-valid_active_0,0,False,239,8,
n10-identities_c1-conc_mech-x509-1backend_security-battery_r30_audit-off_20260831T021332Z,obs_f1b0bdfe216c4556b5adc5d6510046c8,2026-08-31T02:13:34.148757+00:00,x509,valid_active,26,1,UAV-VALID,ACCEPTED,ACCEPTED,True,2048200,2.0482,48400,67300,1671800,0,197100,5600,0,0,,,,none,x509-valid_active_0,0,False,240,8,
n10-identities_c1-conc_mech-x509-1backend_security-battery_r30_audit-off_20260831T021332Z,obs_a63d37e8e26347b9bcd0a9b495f3251f,2026-08-31T02:13:34.160775+00:00,x509,valid_active,27,1,UAV-VALID,ACCEPTED,ACCEPTED,True,2156500,2.1565,53400,274900,1585800,0,180300,4800,0,0,,,,none,x509-valid_active_0,0,False,240,8,
n10-identities_c1-conc_mech-x509-1backend_security-battery_r30_audit-off_20260831T021332Z,obs_6a3ce3d11d354662866940e045e0e735,2026-08-31T02:13:34.171227+00:00,x509,valid_active,28,1,UAV-VALID,ACCEPTED,ACCEPTED,True,2531500,2.5315,56300,104000,2043700,0,228100,7500,0,0,,,,none,x509-valid_active_0,0,False,239,8,
n10-identities_c1-conc_mech-x509-1backend_security-battery_r30_audit-off_20260831T021332Z,obs_ddf49dc6bcf74b458e76c6fae2bce102,2026-08-31T02:13:34.181902+00:00,x509,valid_active,29,1,UAV-VALID,ACCEPTED,ACCEPTED,True,2427800,2.4278,52900,99500,2055900,0,154800,4100,0,0,,,,none,x509-valid_active_0,0,False,240,8,
n10-identities_c1-conc_mech-x509-1backend_security-battery_r30_audit-off_20260831T021332Z,obs_9da2f1c081df48fa9c5aecccac301809,2026-08-31T02:13:34.216297+00:00,x509,unknown_uav,0,1,UAV-NOT-REGISTERED,UNKNOWN_IDENTITY,UNKNOWN_IDENTITY,True,2065000,2.065,55100,2018400,0,0,0,0,0,0,,,,none,x509-unknown_uav_0,0,True,247,16,
n10-identities_c1-conc_mech-x509-1backend_security-battery_r30_audit-off_20260831T021332Z,obs_77e719369d57453793f16acfee36f163,2026-08-31T02:13:34.226895+00:00,x509,unknown_uav,1,1,UAV-NOT-REGISTERED,UNKNOWN_IDENTITY,UNKNOWN_IDENTITY,True,365300,0.3653,107000,283200,0,0,0,0,0,0,,,,none,x509-unknown_uav_0,0,True,248,16,
n10-identities_c1-conc_mech-x509-1backend_security-battery_r30_audit-off_20260831T021332Z,obs_6d8ed944ea234f85b0bb74fc3d425d42,2026-08-31T02:13:34.235433+00:00,x509,unknown_uav,0,1,UAV-NOT-REGISTERED,UNKNOWN_IDENTITY,UNKNOWN_IDENTITY,True,303000,0.303,42900,273400,0,0,0,0,0,0,,,,none,x509-unknown_uav_0,0,False,247,16,
n10-identities_c1-conc_mech-x509-1backend_security-battery_r30_audit-off_20260831T021332Z,obs_1b2675c849454aa8b842693de210ad1a,2026-08-31T02:13:34.243102+00:00,x509,unknown_uav,1,1,UAV-NOT-REGISTERED,UNKNOWN_IDENTITY,UNKNOWN_IDENTITY,True,271600,0.2716,60000,219800,0,0,0,0,0,0,,,,none,x509-unknown_uav_0,0,False,247,16,
n10-identities_c1-conc_mech-x509-1backend_security-battery_r30_audit-off_20260831T021332Z,obs_356cf9197c174e3fa25893476561d82b,2026-08-31T02:13:34.251223+00:00,x509,unknown_uav,2,1,UAV-NOT-REGISTERED,UNKNOWN_IDENTITY,UNKNOWN_IDENTITY,True,219300,0.2193,46300,181200,0,0,0,0,0,0,,,,none,x509-unknown_uav_0,0,False,248,16,
n10-identities_c1-conc_mech-x509-1backend_security-battery_r30_audit-off_20260831T021332Z,obs_fdf4071e94284d6589e80ff17d75e778,2026-08-31T02:13:34.257248+00:00,x509,unknown_uav,3,1,UAV-NOT-REGISTERED,UNKNOWN_IDENTITY,UNKNOWN_IDENTITY,True,279900,0.2799,39200,221400,0,0,0,0,0,0,,,,none,x509-unknown_uav_0,0,False,248,16,
n10-identities_c1-conc_mech-x509-1backend_security-battery_r30_audit-off_20260831T021332Z,obs_3cdfe329c4d44592b762f92e26778eb2,2026-08-31T02:13:34.265183+00:00,x509,unknown_uav,4,1,UAV-NOT-REGISTERED,UNKNOWN_IDENTITY,UNKNOWN_IDENTITY,True,224700,0.2247,36900,197900,0,0,0,0,0,0,,,,none,x509-unknown_uav_0,0,False,247,16,
n10-identities_c1-conc_mech-x509-1backend_security-battery_r30_audit-off_20260831T021332Z,obs_cd46e6df42624facb85bd05c40ef7f16,2026-08-31T02:13:34.270780+00:00,x509,unknown_uav,5,1,UAV-NOT-REGISTERED,UNKNOWN_IDENTITY,UNKNOWN_IDENTITY,True,206300,0.2063,37000,177200,0,0,0,0,0,0,,,,none,x509-unknown_uav_0,0,False,247,16,
n10-identities_c1-conc_mech-x509-1backend_security-battery_r30_audit-off_20260831T021332Z,obs_cc08f0b17162447eadf3e8570728e129,2026-08-31T02:13:34.277843+00:00,x509,unknown_uav,6,1,UAV-NOT-REGISTERED,UNKNOWN_IDENTITY,UNKNOWN_IDENTITY,True,490800,0.4908,62500,443500,0,0,0,0,0,0,,,,none,x509-unknown_uav_0,0,False,249,16,
n10-identities_c1-conc_mech-x509-1backend_security-battery_r30_audit-off_20260831T021332Z,obs_3feecca08a5144f6995ba362a7f23124,2026-08-31T02:13:34.285718+00:00,x509,unknown_uav,7,1,UAV-NOT-REGISTERED,UNKNOWN_IDENTITY,UNKNOWN_IDENTITY,True,192600,0.1926,42500,157600,0,0,0,0,0,0,,,,none,x509-unknown_uav_0,0,False,247,16,
n10-identities_c1-conc_mech-x509-1backend_security-battery_r30_audit-off_20260831T021332Z,obs_d9b3745094b44f0db0552c62e960c78a,2026-08-31T02:13:34.292963+00:00,x509,unknown_uav,8,1,UAV-NOT-REGISTERED,UNKNOWN_IDENTITY,UNKNOWN_IDENTITY,True,344300,0.3443,56200,297300,0,0,0,0,0,0,,,,none,x509-unknown_uav_0,0,False,247,16,
n10-identities_c1-conc_mech-x509-1backend_security-battery_r30_audit-off_20260831T021332Z,obs_b267c65051c54571bc1754eb83a254bb,2026-08-31T02:13:34.299189+00:00,x509,unknown_uav,9,1,UAV-NOT-REGISTERED,UNKNOWN_IDENTITY,UNKNOWN_IDENTITY,True,214000,0.214,43100,179800,0,0,0,0,0,0,,,,none,x509-unknown_uav_0,0,False,248,16,
n10-identities_c1-conc_mech-x509-1backend_security-battery_r30_audit-off_20260831T021332Z,obs_740f73451e7f42cc867e3fc5fe9f9293,2026-08-31T02:13:34.305366+00:00,x509,unknown_uav,10,1,UAV-NOT-REGISTERED,UNKNOWN_IDENTITY,UNKNOWN_IDENTITY,True,181100,0.1811,35900,150200,0,0,0,0,0,0,,,,none,x509-unknown_uav_0,0,False,247,16,
n10-identities_c1-conc_mech-x509-1backend_security-battery_r30_audit-off_20260831T021332Z,obs_5aaf3d59b7b34adbb2ffe908e014b4d9,2026-08-31T02:13:34.314176+00:00,x509,unknown_uav,11,1,UAV-NOT-REGISTERED,UNKNOWN_IDENTITY,UNKNOWN_IDENTITY,True,240600,0.2406,58500,203600,0,0,0,0,0,0,,,,none,x509-unknown_uav_0,0,False,247,16,
n10-identities_c1-conc_mech-x509-1backend_security-battery_r30_audit-off_20260831T021332Z,obs_5e46306cf1704a3fa66fca71669660c6,2026-08-31T02:13:34.320075+00:00,x509,unknown_uav,12,1,UAV-NOT-REGISTERED,UNKNOWN_IDENTITY,UNKNOWN_IDENTITY,True,200700,0.2007,37800,172900,0,0,0,0,0,0,,,,none,x509-unknown_uav_0,0,False,247,16,
n10-identities_c1-conc_mech-x509-1backend_security-battery_r30_audit-off_20260831T021332Z,obs_fff01cf5374e423780e2c7303f13a750,2026-08-31T02:13:34.326326+00:00,x509,unknown_uav,13,1,UAV-NOT-REGISTERED,UNKNOWN_IDENTITY,UNKNOWN_IDENTITY,True,202500,0.2025,58400,166900,0,0,0,0,0,0,,,,none,x509-unknown_uav_0,0,False,249,16,
n10-identities_c1-conc_mech-x509-1backend_security-battery_r30_audit-off_20260831T021332Z,obs_87377736f6564a0c9c9d87883bf17c23,2026-08-31T02:13:34.331627+00:00,x509,unknown_uav,14,1,UAV-NOT-REGISTERED,UNKNOWN_IDENTITY,UNKNOWN_IDENTITY,True,169100,0.1691,32800,143900,0,0,0,0,0,0,,,,none,x509-unknown_uav_0,0,False,249,16,
n10-identities_c1-conc_mech-x509-1backend_security-battery_r30_audit-off_20260831T021332Z,obs_9f48f846633c4225907b491313f7fd9e,2026-08-31T02:13:34.353248+00:00,x509,unknown_uav,15,1,UAV-NOT-REGISTERED,UNKNOWN_IDENTITY,UNKNOWN_IDENTITY,True,208600,0.2086,41400,181300,0,0,0,0,0,0,,,,none,x509-unknown_uav_0,0,False,247,16,
n10-identities_c1-conc_mech-x509-1backend_security-battery_r30_audit-off_20260831T021332Z,obs_b5ad807c525a4fab9cf4cf549c4363ed,2026-08-31T02:13:34.360842+00:00,x509,unknown_uav,16,1,UAV-NOT-REGISTERED,UNKNOWN_IDENTITY,UNKNOWN_IDENTITY,True,305900,0.3059,39900,275100,0,0,0,0,0,0,,,,none,x509-unknown_uav_0,0,False,248,16,
n10-identities_c1-conc_mech-x509-1backend_security-battery_r30_audit-off_20260831T021332Z,obs_904e48912d284702954cfa44f880395b,2026-08-31T02:13:34.367636+00:00,x509,unknown_uav,17,1,UAV-NOT-REGISTERED,UNKNOWN_IDENTITY,UNKNOWN_IDENTITY,True,194300,0.1943,45500,160700,0,0,0,0,0,0,,,,none,x509-unknown_uav_0,0,False,247,16,
n10-identities_c1-conc_mech-x509-1backend_security-battery_r30_audit-off_20260831T021332Z,obs_a2d7513cff5d45df9d24db7c3f7e7849,2026-08-31T02:13:34.374302+00:00,x509,unknown_uav,18,1,UAV-NOT-REGISTERED,UNKNOWN_IDENTITY,UNKNOWN_IDENTITY,True,440200,0.4402,34500,371600,0,0,0,0,0,0,,,,none,x509-unknown_uav_0,0,False,247,16,
n10-identities_c1-conc_mech-x509-1backend_security-battery_r30_audit-off_20260831T021332Z,obs_2d41526c15a9403e907341236ac9a201,2026-08-31T02:13:34.381484+00:00,x509,unknown_uav,19,1,UAV-NOT-REGISTERED,UNKNOWN_IDENTITY,UNKNOWN_IDENTITY,True,192800,0.1928,46200,159700,0,0,0,0,0,0,,,,none,x509-unknown_uav_0,0,False,248,16,
n10-identities_c1-conc_mech-x509-1backend_security-battery_r30_audit-off_20260831T021332Z,obs_dd0bfceccb624c50874ef337153ea3f9,2026-08-31T02:13:34.388635+00:00,x509,unknown_uav,20,1,UAV-NOT-REGISTERED,UNKNOWN_IDENTITY,UNKNOWN_IDENTITY,True,226500,0.2265,47400,198900,0,0,0,0,0,0,,,,none,x509-unknown_uav_0,0,False,248,16,
n10-identities_c1-conc_mech-x509-1backend_security-battery_r30_audit-off_20260831T021332Z,obs_b7ae2c8e8b2c418f860d64ac39860b45,2026-08-31T02:13:34.394411+00:00,x509,unknown_uav,21,1,UAV-NOT-REGISTERED,UNKNOWN_IDENTITY,UNKNOWN_IDENTITY,True,206500,0.2065,43800,174900,0,0,0,0,0,0,,,,none,x509-unknown_uav_0,0,False,247,16,
n10-identities_c1-conc_mech-x509-1backend_security-battery_r30_audit-off_20260831T021332Z,obs_cefb1a15e97e41c8869e3052c92f6473,2026-08-31T02:13:34.401472+00:00,x509,unknown_uav,22,1,UAV-NOT-REGISTERED,UNKNOWN_IDENTITY,UNKNOWN_IDENTITY,True,213300,0.2133,50600,177100,0,0,0,0,0,0,,,,none,x509-unknown_uav_0,0,False,248,16,
n10-identities_c1-conc_mech-x509-1backend_security-battery_r30_audit-off_20260831T021332Z,obs_ce402c52900143219216e0883e60d7ae,2026-08-31T02:13:34.407555+00:00,x509,unknown_uav,23,1,UAV-NOT-REGISTERED,UNKNOWN_IDENTITY,UNKNOWN_IDENTITY,True,267500,0.2675,48800,220400,0,0,0,0,0,0,,,,none,x509-unknown_uav_0,0,False,248,16,
n10-identities_c1-conc_mech-x509-1backend_security-battery_r30_audit-off_20260831T021332Z,obs_b7b8f5cfb3f74b74ba3daa40ece97c39,2026-08-31T02:13:34.413446+00:00,x509,unknown_uav,24,1,UAV-NOT-REGISTERED,UNKNOWN_IDENTITY,UNKNOWN_IDENTITY,True,196000,0.196,59700,161500,0,0,0,0,0,0,,,,none,x509-unknown_uav_0,0,False,248,16,
n10-identities_c1-conc_mech-x509-1backend_security-battery_r30_audit-off_20260831T021332Z,obs_42dedeb01c0c4f05ad2cefd05667abd5,2026-08-31T02:13:34.421645+00:00,x509,unknown_uav,25,1,UAV-NOT-REGISTERED,UNKNOWN_IDENTITY,UNKNOWN_IDENTITY,True,270800,0.2708,41000,241000,0,0,0,0,0,0,,,,none,x509-unknown_uav_0,0,False,249,16,
n10-identities_c1-conc_mech-x509-1backend_security-battery_r30_audit-off_20260831T021332Z,obs_776a2385b9ae4704b89780ae1160f379,2026-08-31T02:13:34.429069+00:00,x509,unknown_uav,26,1,UAV-NOT-REGISTERED,UNKNOWN_IDENTITY,UNKNOWN_IDENTITY,True,190700,0.1907,57900,155500,0,0,0,0,0,0,,,,none,x509-unknown_uav_0,0,False,248,16,
n10-identities_c1-conc_mech-x509-1backend_security-battery_r30_audit-off_20260831T021332Z,obs_8321c145c7a24f2ea6ced5750c2e6d71,2026-08-31T02:13:34.437459+00:00,x509,unknown_uav,27,1,UAV-NOT-REGISTERED,UNKNOWN_IDENTITY,UNKNOWN_IDENTITY,True,356400,0.3564,46200,310200,0,0,0,0,0,0,,,,none,x509-unknown_uav_0,0,False,249,16,
n10-identities_c1-conc_mech-x509-1backend_security-battery_r30_audit-off_20260831T021332Z,obs_af2879d9da864620811e34dac2bcbd75,2026-08-31T02:13:34.445309+00:00,x509,unknown_uav,28,1,UAV-NOT-REGISTERED,UNKNOWN_IDENTITY,UNKNOWN_IDENTITY,True,251900,0.2519,51900,211800,0,0,0,0,0,0,,,,none,x509-unknown_uav_0,0,False,249,16,
n10-identities_c1-conc_mech-x509-1backend_security-battery_r30_audit-off_20260831T021332Z,obs_bc7ccdfe06b14d2d9a245ff7573ebb35,2026-08-31T02:13:34.451071+00:00,x509,unknown_uav,29,1,UAV-NOT-REGISTERED,UNKNOWN_IDENTITY,UNKNOWN_IDENTITY,True,192000,0.192,43500,162000,0,0,0,0,0,0,,,,none,x509-unknown_uav_0,0,False,249,16,
n10-identities_c1-conc_mech-x509-1backend_security-battery_r30_audit-off_20260831T021332Z,obs_c664d77155db49df8baca47c4d5d426b,2026-08-31T02:13:34.537841+00:00,x509,impersonation_wrong_key,0,1,UAV-VALID,INVALID_SIGNATURE,INVALID_SIGNATURE,True,1775400,1.7754,39300,83000,1390500,0,208400,0,0,0,,,,none,x509-impersonation_wrong_key_0,0,True,240,17,
n10-identities_c1-conc_mech-x509-1backend_security-battery_r30_audit-off_20260831T021332Z,obs_abeb46e60ed04cc191426acc6d45b0c1,2026-08-31T02:13:34.550244+00:00,x509,impersonation_wrong_key,1,1,UAV-VALID,INVALID_SIGNATURE,INVALID_SIGNATURE,True,2062400,2.0624,137000,125500,1606100,0,206400,0,0,0,,,,none,x509-impersonation_wrong_key_0,0,True,239,17,
n10-identities_c1-conc_mech-x509-1backend_security-battery_r30_audit-off_20260831T021332Z,obs_8861c06e10174dbb87b352601311f84e,2026-08-31T02:13:34.562645+00:00,x509,impersonation_wrong_key,0,1,UAV-VALID,INVALID_SIGNATURE,INVALID_SIGNATURE,True,2093000,2.093,66100,100300,1689600,0,189000,0,0,0,,,,none,x509-impersonation_wrong_key_0,0,False,240,17,
n10-identities_c1-conc_mech-x509-1backend_security-battery_r30_audit-off_20260831T021332Z,obs_d4cc948b06e348c1868ccad2bff7342c,2026-08-31T02:13:34.570788+00:00,x509,impersonation_wrong_key,1,1,UAV-VALID,INVALID_SIGNATURE,INVALID_SIGNATURE,True,1432500,1.4325,38100,61500,1154900,0,141200,0,0,0,,,,none,x509-impersonation_wrong_key_0,0,False,239,17,
n10-identities_c1-conc_mech-x509-1backend_security-battery_r30_audit-off_20260831T021332Z,obs_090a1964ad484595b8a71313f92e65c3,2026-08-31T02:13:34.579867+00:00,x509,impersonation_wrong_key,2,1,UAV-VALID,INVALID_SIGNATURE,INVALID_SIGNATURE,True,1622300,1.6223,38000,65600,1298400,0,165000,0,0,0,,,,none,x509-impersonation_wrong_key_0,0,False,239,17,
n10-identities_c1-conc_mech-x509-1backend_security-battery_r30_audit-off_20260831T021332Z,obs_3423dc71c44241f2acfd852f6b51584e,2026-08-31T02:13:34.590651+00:00,x509,impersonation_wrong_key,3,1,UAV-VALID,INVALID_SIGNATURE,INVALID_SIGNATURE,True,3012900,3.0129,52000,87100,2328600,0,470100,0,0,0,,,,none,x509-impersonation_wrong_key_0,0,False,239,17,
n10-identities_c1-conc_mech-x509-1backend_security-battery_r30_audit-off_20260831T021332Z,obs_335a7ad7ff164a6abce3bf896325c135,2026-08-31T02:13:34.610079+00:00,x509,impersonation_wrong_key,4,1,UAV-VALID,INVALID_SIGNATURE,INVALID_SIGNATURE,True,3348900,3.3489,62200,121300,2822900,0,249600,0,0,0,,,,none,x509-impersonation_wrong_key_0,0,False,240,17,
n10-identities_c1-conc_mech-x509-1backend_security-battery_r30_audit-off_20260831T021332Z,obs_b722eede7f174cde93a820276283e79f,2026-08-31T02:13:34.619955+00:00,x509,impersonation_wrong_key,5,1,UAV-VALID,INVALID_SIGNATURE,INVALID_SIGNATURE,True,1882500,1.8825,44300,64000,1489600,0,215300,0,0,0,,,,none,x509-impersonation_wrong_key_0,0,False,239,17,
n10-identities_c1-conc_mech-x509-1backend_security-battery_r30_audit-off_20260831T021332Z,obs_ed46b1959bc44929a709e2ae8927a071,2026-08-31T02:13:34.630464+00:00,x509,impersonation_wrong_key,6,1,UAV-VALID,INVALID_SIGNATURE,INVALID_SIGNATURE,True,1718000,1.718,69800,65600,1350900,0,200200,0,0,0,,,,none,x509-impersonation_wrong_key_0,0,False,239,17,
n10-identities_c1-conc_mech-x509-1backend_security-battery_r30_audit-off_20260831T021332Z,obs_25e9c288055441dabbfacf12070bf375,2026-08-31T02:13:34.640508+00:00,x509,impersonation_wrong_key,7,1,UAV-VALID,INVALID_SIGNATURE,INVALID_SIGNATURE,True,2289200,2.2892,42500,73700,1734400,0,381000,0,0,0,,,,none,x509-impersonation_wrong_key_0,0,False,239,17,
n10-identities_c1-conc_mech-x509-1backend_security-battery_r30_audit-off_20260831T021332Z,obs_dced5e50e4f842e6acfc2c89c631305c,2026-08-31T02:13:34.649859+00:00,x509,impersonation_wrong_key,8,1,UAV-VALID,INVALID_SIGNATURE,INVALID_SIGNATURE,True,1950500,1.9505,59000,67200,1597600,0,189100,0,0,0,,,,none,x509-impersonation_wrong_key_0,0,False,238,17,
n10-identities_c1-conc_mech-x509-1backend_security-battery_r30_audit-off_20260831T021332Z,obs_45d4d083daf04c738f330d323291ee6f,2026-08-31T02:13:34.659249+00:00,x509,impersonation_wrong_key,9,1,UAV-VALID,INVALID_SIGNATURE,INVALID_SIGNATURE,True,2777800,2.7778,37600,87400,2354600,0,217700,0,0,0,,,,none,x509-impersonation_wrong_key_0,0,False,239,17,
n10-identities_c1-conc_mech-x509-1backend_security-battery_r30_audit-off_20260831T021332Z,obs_52f2559451e3462e9eb8f0745d86efb7,2026-08-31T02:13:34.668600+00:00,x509,impersonation_wrong_key,10,1,UAV-VALID,INVALID_SIGNATURE,INVALID_SIGNATURE,True,3082900,3.0829,37300,120600,2623100,0,188900,0,0,0,,,,none,x509-impersonation_wrong_key_0,0,False,240,17,
n10-identities_c1-conc_mech-x509-1backend_security-battery_r30_audit-off_20260831T021332Z,obs_542f65466a994fe5975ccb6dbb41c355,2026-08-31T02:13:34.677840+00:00,x509,impersonation_wrong_key,11,1,UAV-VALID,INVALID_SIGNATURE,INVALID_SIGNATURE,True,2083100,2.0831,63300,106200,1634400,0,209600,0,0,0,,,,none,x509-impersonation_wrong_key_0,0,False,239,17,
n10-identities_c1-conc_mech-x509-1backend_security-battery_r30_audit-off_20260831T021332Z,obs_2bc1adc565b344dbaef49b2297fa687c,2026-08-31T02:13:34.686986+00:00,x509,impersonation_wrong_key,12,1,UAV-VALID,INVALID_SIGNATURE,INVALID_SIGNATURE,True,1897500,1.8975,51000,82100,1514400,0,198100,0,0,0,,,,none,x509-impersonation_wrong_key_0,0,False,240,17,
n10-identities_c1-conc_mech-x509-1backend_security-battery_r30_audit-off_20260831T021332Z,obs_68deac7134534fb7befdcf91599ad838,2026-08-31T02:13:34.695296+00:00,x509,impersonation_wrong_key,13,1,UAV-VALID,INVALID_SIGNATURE,INVALID_SIGNATURE,True,1857400,1.8574,52300,92500,1494000,0,161700,0,0,0,,,,none,x509-impersonation_wrong_key_0,0,False,240,17,
n10-identities_c1-conc_mech-x509-1backend_security-battery_r30_audit-off_20260831T021332Z,obs_a27c7a054d79411ab10faacff1eba88e,2026-08-31T02:13:34.705656+00:00,x509,impersonation_wrong_key,14,1,UAV-VALID,INVALID_SIGNATURE,INVALID_SIGNATURE,True,2251200,2.2512,42100,100400,1814300,0,213800,0,0,0,,,,none,x509-impersonation_wrong_key_0,0,False,239,17,
n10-identities_c1-conc_mech-x509-1backend_security-battery_r30_audit-off_20260831T021332Z,obs_fac135cd08224a16b6c10cf590b7b898,2026-08-31T02:13:34.715024+00:00,x509,impersonation_wrong_key,15,1,UAV-VALID,INVALID_SIGNATURE,INVALID_SIGNATURE,True,2560700,2.5607,56800,110500,2147000,0,176100,0,0,0,,,,none,x509-impersonation_wrong_key_0,0,False,239,17,
n10-identities_c1-conc_mech-x509-1backend_security-battery_r30_audit-off_20260831T021332Z,obs_f331bddfc5e44a03b29633a12d844940,2026-08-31T02:13:34.722960+00:00,x509,impersonation_wrong_key,16,1,UAV-VALID,INVALID_SIGNATURE,INVALID_SIGNATURE,True,1598200,1.5982,41800,74300,1263100,0,167400,0,0,0,,,,none,x509-impersonation_wrong_key_0,0,False,239,17,
n10-identities_c1-conc_mech-x509-1backend_security-battery_r30_audit-off_20260831T021332Z,obs_a8f06d110db2447180b33d6808fb628c,2026-08-31T02:13:34.733193+00:00,x509,impersonation_wrong_key,17,1,UAV-VALID,INVALID_SIGNATURE,INVALID_SIGNATURE,True,1349300,1.3493,35900,86600,1068300,0,124500,0,0,0,,,,none,x509-impersonation_wrong_key_0,0,False,240,17,
n10-identities_c1-conc_mech-x509-1backend_security-battery_r30_audit-off_20260831T021332Z,obs_d1261b4c1e684a1081e29da50a102b94,2026-08-31T02:13:34.739121+00:00,x509,impersonation_wrong_key,18,1,UAV-VALID,INVALID_SIGNATURE,INVALID_SIGNATURE,True,1328600,1.3286,30100,65100,1034700,0,156500,0,0,0,,,,none,x509-impersonation_wrong_key_0,0,False,238,17,
n10-identities_c1-conc_mech-x509-1backend_security-battery_r30_audit-off_20260831T021332Z,obs_fc80e9c70c6743ec9e5550a806bae260,2026-08-31T02:13:34.749891+00:00,x509,impersonation_wrong_key,19,1,UAV-VALID,INVALID_SIGNATURE,INVALID_SIGNATURE,True,1786300,1.7863,51400,84500,1414900,0,184400,0,0,0,,,,none,x509-impersonation_wrong_key_0,0,False,240,17,
n10-identities_c1-conc_mech-x509-1backend_security-battery_r30_audit-off_20260831T021332Z,obs_1628b6ae6ce9474b9fe732770b5ded42,2026-08-31T02:13:34.758315+00:00,x509,impersonation_wrong_key,20,1,UAV-VALID,INVALID_SIGNATURE,INVALID_SIGNATURE,True,2837900,2.8379,32200,86000,2378600,0,239600,0,0,0,,,,none,x509-impersonation_wrong_key_0,0,False,238,17,
n10-identities_c1-conc_mech-x509-1backend_security-battery_r30_audit-off_20260831T021332Z,obs_6675ef6b1cbc40e38d5a992f248aee50,2026-08-31T02:13:34.766935+00:00,x509,impersonation_wrong_key,21,1,UAV-VALID,INVALID_SIGNATURE,INVALID_SIGNATURE,True,1776700,1.7767,38600,86300,1335300,0,241200,0,0,0,,,,none,x509-impersonation_wrong_key_0,0,False,239,17,
n10-identities_c1-conc_mech-x509-1backend_security-battery_r30_audit-off_20260831T021332Z,obs_0deaba03a89147728f1f1aac1f716fb6,2026-08-31T02:13:34.779278+00:00,x509,impersonation_wrong_key,22,1,UAV-VALID,INVALID_SIGNATURE,INVALID_SIGNATURE,True,4531700,4.5317,32900,84500,2970700,0,1236400,0,0,0,,,,none,x509-impersonation_wrong_key_0,0,False,238,17,
n10-identities_c1-conc_mech-x509-1backend_security-battery_r30_audit-off_20260831T021332Z,obs_40963b0b89e440cabde65e87296280d2,2026-08-31T02:13:34.789711+00:00,x509,impersonation_wrong_key,23,1,UAV-VALID,INVALID_SIGNATURE,INVALID_SIGNATURE,True,1758800,1.7588,42300,67800,1440700,0,162600,0,0,0,,,,none,x509-impersonation_wrong_key_0,0,False,239,17,
n10-identities_c1-conc_mech-x509-1backend_security-battery_r30_audit-off_20260831T021332Z,obs_9a4a695937294867819de4d8ebee670a,2026-08-31T02:13:34.802293+00:00,x509,impersonation_wrong_key,24,1,UAV-VALID,INVALID_SIGNATURE,INVALID_SIGNATURE,True,1763600,1.7636,47500,86300,1392200,0,186800,0,0,0,,,,none,x509-impersonation_wrong_key_0,0,False,240,17,
n10-identities_c1-conc_mech-x509-1backend_security-battery_r30_audit-off_20260831T021332Z,obs_1e9636ef1267430783da58e8346dcaa3,2026-08-31T02:13:34.813633+00:00,x509,impersonation_wrong_key,25,1,UAV-VALID,INVALID_SIGNATURE,INVALID_SIGNATURE,True,2031200,2.0312,44000,97100,1656400,0,165400,0,0,0,,,,none,x509-impersonation_wrong_key_0,0,False,239,17,
n10-identities_c1-conc_mech-x509-1backend_security-battery_r30_audit-off_20260831T021332Z,obs_fe37904b8ff04cb1808570dceaa59fe6,2026-08-31T02:13:34.821931+00:00,x509,impersonation_wrong_key,26,1,UAV-VALID,INVALID_SIGNATURE,INVALID_SIGNATURE,True,1681000,1.681,36200,81800,1340500,0,167000,0,0,0,,,,none,x509-impersonation_wrong_key_0,0,False,238,17,
n10-identities_c1-conc_mech-x509-1backend_security-battery_r30_audit-off_20260831T021332Z,obs_2f418725e4c6491e8d00ffdb191536e9,2026-08-31T02:13:34.830994+00:00,x509,impersonation_wrong_key,27,1,UAV-VALID,INVALID_SIGNATURE,INVALID_SIGNATURE,True,1823700,1.8237,39300,57600,1546700,0,135900,0,0,0,,,,none,x509-impersonation_wrong_key_0,0,False,240,17,
n10-identities_c1-conc_mech-x509-1backend_security-battery_r30_audit-off_20260831T021332Z,obs_11bc23744bb043e7b58c323ced234a47,2026-08-31T02:13:34.839196+00:00,x509,impersonation_wrong_key,28,1,UAV-VALID,INVALID_SIGNATURE,INVALID_SIGNATURE,True,2100300,2.1003,33500,52600,1714500,0,226700,0,0,0,,,,none,x509-impersonation_wrong_key_0,0,False,240,17,
n10-identities_c1-conc_mech-x509-1backend_security-battery_r30_audit-off_20260831T021332Z,obs_78d76db8e5a64325a972453d82b60610,2026-08-31T02:13:34.847819+00:00,x509,impersonation_wrong_key,29,1,UAV-VALID,INVALID_SIGNATURE,INVALID_SIGNATURE,True,1848600,1.8486,35300,57200,1573800,0,144900,0,0,0,,,,none,x509-impersonation_wrong_key_0,0,False,238,17,
n10-identities_c1-conc_mech-x509-1backend_security-battery_r30_audit-off_20260831T021332Z,obs_a03db50b134b4074af311b9f30a57348,2026-08-31T02:13:34.882428+00:00,x509,replay,0,1,UAV-VALID,REPLAY_DETECTED,REPLAY_DETECTED,True,96400,0.0964,48100,0,0,0,0,0,0,0,,,,none,x509-replay_0,0,True,239,15,
n10-identities_c1-conc_mech-x509-1backend_security-battery_r30_audit-off_20260831T021332Z,obs_056bcb0add23460cbb3ea8031e471927,2026-08-31T02:13:34.891031+00:00,x509,replay,1,1,UAV-VALID,REPLAY_DETECTED,REPLAY_DETECTED,True,28200,0.0282,34000,0,0,0,0,0,0,0,,,,none,x509-replay_0,0,True,238,15,
n10-identities_c1-conc_mech-x509-1backend_security-battery_r30_audit-off_20260831T021332Z,obs_53e824ebbed54e94917410880f666a3f,2026-08-31T02:13:34.903665+00:00,x509,replay,0,1,UAV-VALID,REPLAY_DETECTED,REPLAY_DETECTED,True,38800,0.0388,49000,0,0,0,0,0,0,0,,,,none,x509-replay_0,0,False,238,15,
n10-identities_c1-conc_mech-x509-1backend_security-battery_r30_audit-off_20260831T021332Z,obs_c8c2c8f7d7df4a3c802dbd14ba249457,2026-08-31T02:13:34.913215+00:00,x509,replay,1,1,UAV-VALID,REPLAY_DETECTED,REPLAY_DETECTED,True,34400,0.0344,51100,0,0,0,0,0,0,0,,,,none,x509-replay_0,0,False,240,15,
n10-identities_c1-conc_mech-x509-1backend_security-battery_r30_audit-off_20260831T021332Z,obs_3677086cefbe4d929f8b17193bde27be,2026-08-31T02:13:34.922693+00:00,x509,replay,2,1,UAV-VALID,REPLAY_DETECTED,REPLAY_DETECTED,True,23400,0.0234,35000,0,0,0,0,0,0,0,,,,none,x509-replay_0,0,False,238,15,
n10-identities_c1-conc_mech-x509-1backend_security-battery_r30_audit-off_20260831T021332Z,obs_4cb7a00a968945cfb47129946ff441e0,2026-08-31T02:13:34.931427+00:00,x509,replay,3,1,UAV-VALID,REPLAY_DETECTED,REPLAY_DETECTED,True,24900,0.0249,52500,0,0,0,0,0,0,0,,,,none,x509-replay_0,0,False,239,15,
n10-identities_c1-conc_mech-x509-1backend_security-battery_r30_audit-off_20260831T021332Z,obs_0405675b0fdc48f8ad06d3f6a19a5e34,2026-08-31T02:13:34.937140+00:00,x509,replay,4,1,UAV-VALID,REPLAY_DETECTED,REPLAY_DETECTED,True,23700,0.0237,26700,0,0,0,0,0,0,0,,,,none,x509-replay_0,0,False,239,15,
n10-identities_c1-conc_mech-x509-1backend_security-battery_r30_audit-off_20260831T021332Z,obs_e35a7c6304044ad393ddd0f6ce8081e0,2026-08-31T02:13:34.947247+00:00,x509,replay,5,1,UAV-VALID,REPLAY_DETECTED,REPLAY_DETECTED,True,31500,0.0315,55700,0,0,0,0,0,0,0,,,,none,x509-replay_0,0,False,240,15,
n10-identities_c1-conc_mech-x509-1backend_security-battery_r30_audit-off_20260831T021332Z,obs_fa0ce69d43d94287a092341e655d938c,2026-08-31T02:13:34.953426+00:00,x509,replay,6,1,UAV-VALID,REPLAY_DETECTED,REPLAY_DETECTED,True,20500,0.0205,27700,0,0,0,0,0,0,0,,,,none,x509-replay_0,0,False,238,15,
n10-identities_c1-conc_mech-x509-1backend_security-battery_r30_audit-off_20260831T021332Z,obs_65ad805c99384120892b69ae68137605,2026-08-31T02:13:34.962077+00:00,x509,replay,7,1,UAV-VALID,REPLAY_DETECTED,REPLAY_DETECTED,True,41500,0.0415,37300,0,0,0,0,0,0,0,,,,none,x509-replay_0,0,False,239,15,
n10-identities_c1-conc_mech-x509-1backend_security-battery_r30_audit-off_20260831T021332Z,obs_464ec485b537427b8f60dd5c8bd50088,2026-08-31T02:13:34.970142+00:00,x509,replay,8,1,UAV-VALID,REPLAY_DETECTED,REPLAY_DETECTED,True,27300,0.0273,42400,0,0,0,0,0,0,0,,,,none,x509-replay_0,0,False,240,15,
n10-identities_c1-conc_mech-x509-1backend_security-battery_r30_audit-off_20260831T021332Z,obs_6c9ad6422c22490a8de5f2f744ee6a92,2026-08-31T02:13:34.980183+00:00,x509,replay,9,1,UAV-VALID,REPLAY_DETECTED,REPLAY_DETECTED,True,27100,0.0271,75600,0,0,0,0,0,0,0,,,,none,x509-replay_0,0,False,240,15,
n10-identities_c1-conc_mech-x509-1backend_security-battery_r30_audit-off_20260831T021332Z,obs_ef3286bcbee04f98923a3b5f4e4944aa,2026-08-31T02:13:34.986665+00:00,x509,replay,10,1,UAV-VALID,REPLAY_DETECTED,REPLAY_DETECTED,True,20800,0.0208,29800,0,0,0,0,0,0,0,,,,none,x509-replay_0,0,False,238,15,
n10-identities_c1-conc_mech-x509-1backend_security-battery_r30_audit-off_20260831T021332Z,obs_cf71297dbc6c46db8c0f66f5e0994ed1,2026-08-31T02:13:34.996184+00:00,x509,replay,11,1,UAV-VALID,REPLAY_DETECTED,REPLAY_DETECTED,True,43500,0.0435,50400,0,0,0,0,0,0,0,,,,none,x509-replay_0,0,False,238,15,
n10-identities_c1-conc_mech-x509-1backend_security-battery_r30_audit-off_20260831T021332Z,obs_f17ca29f87f043f2bf65974e0aeed4f7,2026-08-31T02:13:35.017666+00:00,x509,replay,12,1,UAV-VALID,REPLAY_DETECTED,REPLAY_DETECTED,True,45500,0.0455,76300,0,0,0,0,0,0,0,,,,none,x509-replay_0,0,False,239,15,
n10-identities_c1-conc_mech-x509-1backend_security-battery_r30_audit-off_20260831T021332Z,obs_c405fb341d7e4a958fae0d06c46d12a1,2026-08-31T02:13:35.060692+00:00,x509,replay,13,1,UAV-VALID,REPLAY_DETECTED,REPLAY_DETECTED,True,48600,0.0486,76300,0,0,0,0,0,0,0,,,,none,x509-replay_0,0,False,239,15,
n10-identities_c1-conc_mech-x509-1backend_security-battery_r30_audit-off_20260831T021332Z,obs_1abf07f1a23047ff9d02dad14507b24b,2026-08-31T02:13:35.094924+00:00,x509,replay,14,1,UAV-VALID,REPLAY_DETECTED,REPLAY_DETECTED,True,29100,0.0291,63000,0,0,0,0,0,0,0,,,,none,x509-replay_0,0,False,240,15,
n10-identities_c1-conc_mech-x509-1backend_security-battery_r30_audit-off_20260831T021332Z,obs_bbd3be3e879f4f99905f0d410b00370a,2026-08-31T02:13:35.105059+00:00,x509,replay,15,1,UAV-VALID,REPLAY_DETECTED,REPLAY_DETECTED,True,39700,0.0397,53000,0,0,0,0,0,0,0,,,,none,x509-replay_0,0,False,240,15,
n10-identities_c1-conc_mech-x509-1backend_security-battery_r30_audit-off_20260831T021332Z,obs_668a5b43e8444a51b59534fb8b0fe03d,2026-08-31T02:13:35.121968+00:00,x509,replay,16,1,UAV-VALID,REPLAY_DETECTED,REPLAY_DETECTED,True,34600,0.0346,46000,0,0,0,0,0,0,0,,,,none,x509-replay_0,0,False,239,15,
n10-identities_c1-conc_mech-x509-1backend_security-battery_r30_audit-off_20260831T021332Z,obs_2a0b974450734dbfabdc484006fd441a,2026-08-31T02:13:35.138630+00:00,x509,replay,17,1,UAV-VALID,REPLAY_DETECTED,REPLAY_DETECTED,True,32200,0.0322,61600,0,0,0,0,0,0,0,,,,none,x509-replay_0,0,False,239,15,
n10-identities_c1-conc_mech-x509-1backend_security-battery_r30_audit-off_20260831T021332Z,obs_c136177d58324bcd990394672ba78aad,2026-08-31T02:13:35.159321+00:00,x509,replay,18,1,UAV-VALID,REPLAY_DETECTED,REPLAY_DETECTED,True,41800,0.0418,141800,0,0,0,0,0,0,0,,,,none,x509-replay_0,0,False,240,15,
n10-identities_c1-conc_mech-x509-1backend_security-battery_r30_audit-off_20260831T021332Z,obs_919e4dbd57a0469caee73cca5b6b28c9,2026-08-31T02:13:35.171050+00:00,x509,replay,19,1,UAV-VALID,REPLAY_DETECTED,REPLAY_DETECTED,True,38600,0.0386,44400,0,0,0,0,0,0,0,,,,none,x509-replay_0,0,False,239,15,
n10-identities_c1-conc_mech-x509-1backend_security-battery_r30_audit-off_20260831T021332Z,obs_d3aae536c3244fbfa06d98904af69a7a,2026-08-31T02:13:35.179721+00:00,x509,replay,20,1,UAV-VALID,REPLAY_DETECTED,REPLAY_DETECTED,True,28200,0.0282,51000,0,0,0,0,0,0,0,,,,none,x509-replay_0,0,False,239,15,
n10-identities_c1-conc_mech-x509-1backend_security-battery_r30_audit-off_20260831T021332Z,obs_029a4f4b61eb4f48819e2ef38fd3aaa0,2026-08-31T02:13:35.188343+00:00,x509,replay,21,1,UAV-VALID,REPLAY_DETECTED,REPLAY_DETECTED,True,37800,0.0378,46100,0,0,0,0,0,0,0,,,,none,x509-replay_0,0,False,240,15,
n10-identities_c1-conc_mech-x509-1backend_security-battery_r30_audit-off_20260831T021332Z,obs_a060a4c80e9b4d20bca3564632ed1b9d,2026-08-31T02:13:35.197341+00:00,x509,replay,22,1,UAV-VALID,REPLAY_DETECTED,REPLAY_DETECTED,True,21600,0.0216,33400,0,0,0,0,0,0,0,,,,none,x509-replay_0,0,False,239,15,
n10-identities_c1-conc_mech-x509-1backend_security-battery_r30_audit-off_20260831T021332Z,obs_74c9dcc3148a40c289c69ada3a6e393d,2026-08-31T02:13:35.203983+00:00,x509,replay,23,1,UAV-VALID,REPLAY_DETECTED,REPLAY_DETECTED,True,21300,0.0213,32800,0,0,0,0,0,0,0,,,,none,x509-replay_0,0,False,239,15,
n10-identities_c1-conc_mech-x509-1backend_security-battery_r30_audit-off_20260831T021332Z,obs_72504eae763641358d9729d46048c245,2026-08-31T02:13:35.213815+00:00,x509,replay,24,1,UAV-VALID,REPLAY_DETECTED,REPLAY_DETECTED,True,31500,0.0315,37900,0,0,0,0,0,0,0,,,,none,x509-replay_0,0,False,238,15,
n10-identities_c1-conc_mech-x509-1backend_security-battery_r30_audit-off_20260831T021332Z,obs_50c8cdf64e0a4092b9ab082fc76800aa,2026-08-31T02:13:35.222761+00:00,x509,replay,25,1,UAV-VALID,REPLAY_DETECTED,REPLAY_DETECTED,True,26600,0.0266,44800,0,0,0,0,0,0,0,,,,none,x509-replay_0,0,False,238,15,
n10-identities_c1-conc_mech-x509-1backend_security-battery_r30_audit-off_20260831T021332Z,obs_be39b0f245b4455283294eb329031c93,2026-08-31T02:13:35.235924+00:00,x509,replay,26,1,UAV-VALID,REPLAY_DETECTED,REPLAY_DETECTED,True,40800,0.0408,71800,0,0,0,0,0,0,0,,,,none,x509-replay_0,0,False,239,15,
n10-identities_c1-conc_mech-x509-1backend_security-battery_r30_audit-off_20260831T021332Z,obs_a5cf443667d643a2b8665072548059e9,2026-08-31T02:13:35.250048+00:00,x509,replay,27,1,UAV-VALID,REPLAY_DETECTED,REPLAY_DETECTED,True,44000,0.044,49600,0,0,0,0,0,0,0,,,,none,x509-replay_0,0,False,238,15,
n10-identities_c1-conc_mech-x509-1backend_security-battery_r30_audit-off_20260831T021332Z,obs_88020fa7789342a6b625b85bdda5ba12,2026-08-31T02:13:35.262201+00:00,x509,replay,28,1,UAV-VALID,REPLAY_DETECTED,REPLAY_DETECTED,True,34500,0.0345,209200,0,0,0,0,0,0,0,,,,none,x509-replay_0,0,False,240,15,
n10-identities_c1-conc_mech-x509-1backend_security-battery_r30_audit-off_20260831T021332Z,obs_87fb7e3abc5a49a193358308a17fb404,2026-08-31T02:13:35.272422+00:00,x509,replay,29,1,UAV-VALID,REPLAY_DETECTED,REPLAY_DETECTED,True,34600,0.0346,51800,0,0,0,0,0,0,0,,,,none,x509-replay_0,0,False,239,15,
n10-identities_c1-conc_mech-x509-1backend_security-battery_r30_audit-off_20260831T021332Z,obs_4b23c04d401d4a5ca3ab78022a41bdff,2026-08-31T02:13:35.299234+00:00,x509,modified_nonce,0,1,UAV-VALID,INVALID_SIGNATURE,INVALID_SIGNATURE,True,23800,0.0238,51900,0,0,0,0,0,0,0,,,,none,x509-modified_nonce_0,0,True,240,17,nonce mismatch
n10-identities_c1-conc_mech-x509-1backend_security-battery_r30_audit-off_20260831T021332Z,obs_ba3a2e8ed83c4ee2a1aae6a2d078f914,2026-08-31T02:13:35.310644+00:00,x509,modified_nonce,1,1,UAV-VALID,INVALID_SIGNATURE,INVALID_SIGNATURE,True,18500,0.0185,57200,0,0,0,0,0,0,0,,,,none,x509-modified_nonce_0,0,True,239,17,nonce mismatch
n10-identities_c1-conc_mech-x509-1backend_security-battery_r30_audit-off_20260831T021332Z,obs_c9a55cd75b9a4a2d882f471f9109acba,2026-08-31T02:13:35.317407+00:00,x509,modified_nonce,0,1,UAV-VALID,INVALID_SIGNATURE,INVALID_SIGNATURE,True,22100,0.0221,40000,0,0,0,0,0,0,0,,,,none,x509-modified_nonce_0,0,False,240,17,nonce mismatch
n10-identities_c1-conc_mech-x509-1backend_security-battery_r30_audit-off_20260831T021332Z,obs_f166fc28021b46e4b995dd6d7c5823da,2026-08-31T02:13:35.322930+00:00,x509,modified_nonce,1,1,UAV-VALID,INVALID_SIGNATURE,INVALID_SIGNATURE,True,16400,0.0164,32700,0,0,0,0,0,0,0,,,,none,x509-modified_nonce_0,0,False,239,17,nonce mismatch
n10-identities_c1-conc_mech-x509-1backend_security-battery_r30_audit-off_20260831T021332Z,obs_9b8c69ccf4f144828594510034be7d19,2026-08-31T02:13:35.330066+00:00,x509,modified_nonce,2,1,UAV-VALID,INVALID_SIGNATURE,INVALID_SIGNATURE,True,21500,0.0215,36500,0,0,0,0,0,0,0,,,,none,x509-modified_nonce_0,0,False,239,17,nonce mismatch
n10-identities_c1-conc_mech-x509-1backend_security-battery_r30_audit-off_20260831T021332Z,obs_8cf67d9cd90c4fe09318bc1c247bfc52,2026-08-31T02:13:35.337836+00:00,x509,modified_nonce,3,1,UAV-VALID,INVALID_SIGNATURE,INVALID_SIGNATURE,True,18200,0.0182,51100,0,0,0,0,0,0,0,,,,none,x509-modified_nonce_0,0,False,238,17,nonce mismatch
n10-identities_c1-conc_mech-x509-1backend_security-battery_r30_audit-off_20260831T021332Z,obs_e7822a665c32434786eaf1d85f9e97d6,2026-08-31T02:13:35.345270+00:00,x509,modified_nonce,4,1,UAV-VALID,INVALID_SIGNATURE,INVALID_SIGNATURE,True,16300,0.0163,37900,0,0,0,0,0,0,0,,,,none,x509-modified_nonce_0,0,False,240,17,nonce mismatch
n10-identities_c1-conc_mech-x509-1backend_security-battery_r30_audit-off_20260831T021332Z,obs_ee40e324dd39493db0f738911839f580,2026-08-31T02:13:35.351662+00:00,x509,modified_nonce,5,1,UAV-VALID,INVALID_SIGNATURE,INVALID_SIGNATURE,True,24900,0.0249,39300,0,0,0,0,0,0,0,,,,none,x509-modified_nonce_0,0,False,239,17,nonce mismatch
n10-identities_c1-conc_mech-x509-1backend_security-battery_r30_audit-off_20260831T021332Z,obs_84aa5fc8b2d547778434a7da4ee81a49,2026-08-31T02:13:35.358748+00:00,x509,modified_nonce,6,1,UAV-VALID,INVALID_SIGNATURE,INVALID_SIGNATURE,True,21700,0.0217,60300,0,0,0,0,0,0,0,,,,none,x509-modified_nonce_0,0,False,239,17,nonce mismatch
n10-identities_c1-conc_mech-x509-1backend_security-battery_r30_audit-off_20260831T021332Z,obs_856eb5177dfb49c8a79b579d42058751,2026-08-31T02:13:35.365197+00:00,x509,modified_nonce,7,1,UAV-VALID,INVALID_SIGNATURE,INVALID_SIGNATURE,True,17900,0.0179,57000,0,0,0,0,0,0,0,,,,none,x509-modified_nonce_0,0,False,240,17,nonce mismatch
n10-identities_c1-conc_mech-x509-1backend_security-battery_r30_audit-off_20260831T021332Z,obs_0423cd5023064bbcae91ec4664adc2c8,2026-08-31T02:13:35.386832+00:00,x509,modified_nonce,8,1,UAV-VALID,INVALID_SIGNATURE,INVALID_SIGNATURE,True,15000,0.015,34300,0,0,0,0,0,0,0,,,,none,x509-modified_nonce_0,0,False,239,17,nonce mismatch
n10-identities_c1-conc_mech-x509-1backend_security-battery_r30_audit-off_20260831T021332Z,obs_2f0727fb4ad54c02b16dacff761ede1b,2026-08-31T02:13:35.392882+00:00,x509,modified_nonce,9,1,UAV-VALID,INVALID_SIGNATURE,INVALID_SIGNATURE,True,15500,0.0155,45800,0,0,0,0,0,0,0,,,,none,x509-modified_nonce_0,0,False,239,17,nonce mismatch
n10-identities_c1-conc_mech-x509-1backend_security-battery_r30_audit-off_20260831T021332Z,obs_ee5521a21edc406eb02c066167436c97,2026-08-31T02:13:35.398155+00:00,x509,modified_nonce,10,1,UAV-VALID,INVALID_SIGNATURE,INVALID_SIGNATURE,True,15900,0.0159,32800,0,0,0,0,0,0,0,,,,none,x509-modified_nonce_0,0,False,239,17,nonce mismatch
n10-identities_c1-conc_mech-x509-1backend_security-battery_r30_audit-off_20260831T021332Z,obs_c3600346f72b48eeade2032a81748b2b,2026-08-31T02:13:35.403517+00:00,x509,modified_nonce,11,1,UAV-VALID,INVALID_SIGNATURE,INVALID_SIGNATURE,True,19100,0.0191,33100,0,0,0,0,0,0,0,,,,none,x509-modified_nonce_0,0,False,239,17,nonce mismatch
n10-identities_c1-conc_mech-x509-1backend_security-battery_r30_audit-off_20260831T021332Z,obs_346f7b23cb7f41d59ce1ad6529c79a4d,2026-08-31T02:13:35.409036+00:00,x509,modified_nonce,12,1,UAV-VALID,INVALID_SIGNATURE,INVALID_SIGNATURE,True,18900,0.0189,55200,0,0,0,0,0,0,0,,,,none,x509-modified_nonce_0,0,False,239,17,nonce mismatch
n10-identities_c1-conc_mech-x509-1backend_security-battery_r30_audit-off_20260831T021332Z,obs_adfb331e34ea40f3966d43b23cedafeb,2026-08-31T02:13:35.414420+00:00,x509,modified_nonce,13,1,UAV-VALID,INVALID_SIGNATURE,INVALID_SIGNATURE,True,19100,0.0191,37300,0,0,0,0,0,0,0,,,,none,x509-modified_nonce_0,0,False,240,17,nonce mismatch
n10-identities_c1-conc_mech-x509-1backend_security-battery_r30_audit-off_20260831T021332Z,obs_d0405c8f1ab3403aab64c7548d4d81b6,2026-08-31T02:13:35.420097+00:00,x509,modified_nonce,14,1,UAV-VALID,INVALID_SIGNATURE,INVALID_SIGNATURE,True,26400,0.0264,46300,0,0,0,0,0,0,0,,,,none,x509-modified_nonce_0,0,False,240,17,nonce mismatch
n10-identities_c1-conc_mech-x509-1backend_security-battery_r30_audit-off_20260831T021332Z,obs_4f7febf4bdd64524a33a5960db7d8d5f,2026-08-31T02:13:35.426547+00:00,x509,modified_nonce,15,1,UAV-VALID,INVALID_SIGNATURE,INVALID_SIGNATURE,True,17200,0.0172,64800,0,0,0,0,0,0,0,,,,none,x509-modified_nonce_0,0,False,238,17,nonce mismatch
n10-identities_c1-conc_mech-x509-1backend_security-battery_r30_audit-off_20260831T021332Z,obs_7b99728517ea4d0a87618ff2fa0afaaf,2026-08-31T02:13:35.431560+00:00,x509,modified_nonce,16,1,UAV-VALID,INVALID_SIGNATURE,INVALID_SIGNATURE,True,13500,0.0135,46000,0,0,0,0,0,0,0,,,,none,x509-modified_nonce_0,0,False,239,17,nonce mismatch
n10-identities_c1-conc_mech-x509-1backend_security-battery_r30_audit-off_20260831T021332Z,obs_275a746adde340cd9802dff806703832,2026-08-31T02:13:35.436340+00:00,x509,modified_nonce,17,1,UAV-VALID,INVALID_SIGNATURE,INVALID_SIGNATURE,True,19400,0.0194,34200,0,0,0,0,0,0,0,,,,none,x509-modified_nonce_0,0,False,240,17,nonce mismatch
n10-identities_c1-conc_mech-x509-1backend_security-battery_r30_audit-off_20260831T021332Z,obs_0b2b1b48cef0433a8132c750973c2cda,2026-08-31T02:13:35.444228+00:00,x509,modified_nonce,18,1,UAV-VALID,INVALID_SIGNATURE,INVALID_SIGNATURE,True,28600,0.0286,68500,0,0,0,0,0,0,0,,,,none,x509-modified_nonce_0,0,False,239,17,nonce mismatch
n10-identities_c1-conc_mech-x509-1backend_security-battery_r30_audit-off_20260831T021332Z,obs_39752cfa75bc44c181319df8cacc3eda,2026-08-31T02:13:35.449816+00:00,x509,modified_nonce,19,1,UAV-VALID,INVALID_SIGNATURE,INVALID_SIGNATURE,True,21300,0.0213,39000,0,0,0,0,0,0,0,,,,none,x509-modified_nonce_0,0,False,238,17,nonce mismatch
n10-identities_c1-conc_mech-x509-1backend_security-battery_r30_audit-off_20260831T021332Z,obs_fd0dd5d54f704b22b30ac66e6fa7b366,2026-08-31T02:13:35.455456+00:00,x509,modified_nonce,20,1,UAV-VALID,INVALID_SIGNATURE,INVALID_SIGNATURE,True,17200,0.0172,31700,0,0,0,0,0,0,0,,,,none,x509-modified_nonce_0,0,False,238,17,nonce mismatch
n10-identities_c1-conc_mech-x509-1backend_security-battery_r30_audit-off_20260831T021332Z,obs_55b4edde4d0c49e299f697668a46ba63,2026-08-31T02:13:35.462473+00:00,x509,modified_nonce,21,1,UAV-VALID,INVALID_SIGNATURE,INVALID_SIGNATURE,True,13100,0.0131,36500,0,0,0,0,0,0,0,,,,none,x509-modified_nonce_0,0,False,238,17,nonce mismatch
n10-identities_c1-conc_mech-x509-1backend_security-battery_r30_audit-off_20260831T021332Z,obs_0fbe079665a34045ace8354ea506cdc5,2026-08-31T02:13:35.467708+00:00,x509,modified_nonce,22,1,UAV-VALID,INVALID_SIGNATURE,INVALID_SIGNATURE,True,27200,0.0272,58400,0,0,0,0,0,0,0,,,,none,x509-modified_nonce_0,0,False,239,17,nonce mismatch
n10-identities_c1-conc_mech-x509-1backend_security-battery_r30_audit-off_20260831T021332Z,obs_4c1cc350818246b99bb6da2ea543d92d,2026-08-31T02:13:35.473353+00:00,x509,modified_nonce,23,1,UAV-VALID,INVALID_SIGNATURE,INVALID_SIGNATURE,True,20800,0.0208,33600,0,0,0,0,0,0,0,,,,none,x509-modified_nonce_0,0,False,238,17,nonce mismatch
n10-identities_c1-conc_mech-x509-1backend_security-battery_r30_audit-off_20260831T021332Z,obs_4933935296bb464bbfe9c08f0e85bebb,2026-08-31T02:13:35.479209+00:00,x509,modified_nonce,24,1,UAV-VALID,INVALID_SIGNATURE,INVALID_SIGNATURE,True,23000,0.023,36400,0,0,0,0,0,0,0,,,,none,x509-modified_nonce_0,0,False,239,17,nonce mismatch
n10-identities_c1-conc_mech-x509-1backend_security-battery_r30_audit-off_20260831T021332Z,obs_0d4ff3932488420f9e54f297c6795394,2026-08-31T02:13:35.483881+00:00,x509,modified_nonce,25,1,UAV-VALID,INVALID_SIGNATURE,INVALID_SIGNATURE,True,24200,0.0242,43200,0,0,0,0,0,0,0,,,,none,x509-modified_nonce_0,0,False,239,17,nonce mismatch
n10-identities_c1-conc_mech-x509-1backend_security-battery_r30_audit-off_20260831T021332Z,obs_8a9e529866d84836a4059c709b8d895c,2026-08-31T02:13:35.491069+00:00,x509,modified_nonce,26,1,UAV-VALID,INVALID_SIGNATURE,INVALID_SIGNATURE,True,89300,0.0893,59600,0,0,0,0,0,0,0,,,,none,x509-modified_nonce_0,0,False,238,17,nonce mismatch
n10-identities_c1-conc_mech-x509-1backend_security-battery_r30_audit-off_20260831T021332Z,obs_93e12c8e70ac4f7b9e8dee8e7de0a18f,2026-08-31T02:13:35.497493+00:00,x509,modified_nonce,27,1,UAV-VALID,INVALID_SIGNATURE,INVALID_SIGNATURE,True,21600,0.0216,44400,0,0,0,0,0,0,0,,,,none,x509-modified_nonce_0,0,False,239,17,nonce mismatch
n10-identities_c1-conc_mech-x509-1backend_security-battery_r30_audit-off_20260831T021332Z,obs_b773a730c3e648c782330f0008bfffa4,2026-08-31T02:13:35.504634+00:00,x509,modified_nonce,28,1,UAV-VALID,INVALID_SIGNATURE,INVALID_SIGNATURE,True,20200,0.0202,32400,0,0,0,0,0,0,0,,,,none,x509-modified_nonce_0,0,False,238,17,nonce mismatch
n10-identities_c1-conc_mech-x509-1backend_security-battery_r30_audit-off_20260831T021332Z,obs_0681c44cf17243bc834ba8e112748f97,2026-08-31T02:13:35.511728+00:00,x509,modified_nonce,29,1,UAV-VALID,INVALID_SIGNATURE,INVALID_SIGNATURE,True,14200,0.0142,47200,0,0,0,0,0,0,0,,,,none,x509-modified_nonce_0,0,False,239,17,nonce mismatch
n10-identities_c1-conc_mech-x509-1backend_security-battery_r30_audit-off_20260831T021332Z,obs_a09f5ec652bd487495b7fb93aaeefa00,2026-08-31T02:13:35.589708+00:00,x509,modified_uav_id,0,1,UAV-0005,INVALID_SIGNATURE,INVALID_SIGNATURE,True,3383600,3.3836,40100,1398500,1606900,0,223100,0,0,0,,,,none,x509-modified_uav_id_0,0,True,238,17,
n10-identities_c1-conc_mech-x509-1backend_security-battery_r30_audit-off_20260831T021332Z,obs_77c91263434749a0ad207b2f6d003433,2026-08-31T02:13:35.604982+00:00,x509,modified_uav_id,1,1,UAV-0005,INVALID_SIGNATURE,INVALID_SIGNATURE,True,2440600,2.4406,52400,635600,1537200,0,157500,0,0,0,,,,none,x509-modified_uav_id_0,0,True,238,17,
n10-identities_c1-conc_mech-x509-1backend_security-battery_r30_audit-off_20260831T021332Z,obs_cfb10c95f4124dcbb48d321a997a6b33,2026-08-31T02:13:35.617238+00:00,x509,modified_uav_id,0,1,UAV-0005,INVALID_SIGNATURE,INVALID_SIGNATURE,True,2346200,2.3462,36400,511400,1547000,0,189800,0,0,0,,,,none,x509-modified_uav_id_0,0,False,238,17,
n10-identities_c1-conc_mech-x509-1backend_security-battery_r30_audit-off_20260831T021332Z,obs_82ddcfe4364f4698bf14618faaa10a97,2026-08-31T02:13:35.631069+00:00,x509,modified_uav_id,1,1,UAV-0005,INVALID_SIGNATURE,INVALID_SIGNATURE,True,2342000,2.342,118300,525100,1501300,0,200300,0,0,0,,,,none,x509-modified_uav_id_0,0,False,238,17,
n10-identities_c1-conc_mech-x509-1backend_security-battery_r30_audit-off_20260831T021332Z,obs_1387e6724da74f18ab78191a8ae5ceed,2026-08-31T02:13:35.644037+00:00,x509,modified_uav_id,2,1,UAV-0005,INVALID_SIGNATURE,INVALID_SIGNATURE,True,3266500,3.2665,54300,857100,2048800,0,207600,0,0,0,,,,none,x509-modified_uav_id_0,0,False,239,17,
n10-identities_c1-conc_mech-x509-1backend_security-battery_r30_audit-off_20260831T021332Z,obs_90683a7ef55a42488e91094e085648b5,2026-08-31T02:13:35.654571+00:00,x509,modified_uav_id,3,1,UAV-0005,INVALID_SIGNATURE,INVALID_SIGNATURE,True,2046700,2.0467,36300,413400,1351000,0,184200,0,0,0,,,,none,x509-modified_uav_id_0,0,False,238,17,
n10-identities_c1-conc_mech-x509-1backend_security-battery_r30_audit-off_20260831T021332Z,obs_0c52f8d325104f348d4859229189c982,2026-08-31T02:13:35.665868+00:00,x509,modified_uav_id,4,1,UAV-0005,INVALID_SIGNATURE,INVALID_SIGNATURE,True,1560600,1.5606,37400,326700,1036600,0,127600,0,0,0,,,,none,x509-modified_uav_id_0,0,False,238,17,
n10-identities_c1-conc_mech-x509-1backend_security-battery_r30_audit-off_20260831T021332Z,obs_54c739e819d248c095ac5bf02a4b3f33,2026-08-31T02:13:35.677739+00:00,x509,modified_uav_id,5,1,UAV-0005,INVALID_SIGNATURE,INVALID_SIGNATURE,True,5680200,5.6802,28700,267000,5105900,0,199800,0,0,0,,,,none,x509-modified_uav_id_0,0,False,238,17,
n10-identities_c1-conc_mech-x509-1backend_security-battery_r30_audit-off_20260831T021332Z,obs_5b7662824c944773ace8a1edd74562e3,2026-08-31T02:13:35.688861+00:00,x509,modified_uav_id,6,1,UAV-0005,INVALID_SIGNATURE,INVALID_SIGNATURE,True,1893200,1.8932,43200,429500,1162200,0,183500,0,0,0,,,,none,x509-modified_uav_id_0,0,False,237,17,
n10-identities_c1-conc_mech-x509-1backend_security-battery_r30_audit-off_20260831T021332Z,obs_d36a9adf343848bc9c728a86b294ae2f,2026-08-31T02:13:35.699220+00:00,x509,modified_uav_id,7,1,UAV-0005,INVALID_SIGNATURE,INVALID_SIGNATURE,True,1628400,1.6284,32500,345400,1072300,0,138800,0,0,0,,,,none,x509-modified_uav_id_0,0,False,239,17,
n10-identities_c1-conc_mech-x509-1backend_security-battery_r30_audit-off_20260831T021332Z,obs_354ab6e6b6b849cbbadd1062a03a790a,2026-08-31T02:13:35.710022+00:00,x509,modified_uav_id,8,1,UAV-0005,INVALID_SIGNATURE,INVALID_SIGNATURE,True,3166300,3.1663,36100,636500,2265000,0,149100,0,0,0,,,,none,x509-modified_uav_id_0,0,False,238,17,
n10-identities_c1-conc_mech-x509-1backend_security-battery_r30_audit-off_20260831T021332Z,obs_5093adb026304ef5a11186ad02d33cbe,2026-08-31T02:13:35.718339+00:00,x509,modified_uav_id,9,1,UAV-0005,INVALID_SIGNATURE,INVALID_SIGNATURE,True,1864700,1.8647,30900,285600,1316900,0,178800,0,0,0,,,,none,x509-modified_uav_id_0,0,False,239,17,
n10-identities_c1-conc_mech-x509-1backend_security-battery_r30_audit-off_20260831T021332Z,obs_8f5d795c11704ff2937e8e0bc7b27f23,2026-08-31T02:13:35.730712+00:00,x509,modified_uav_id,10,1,UAV-0005,INVALID_SIGNATURE,INVALID_SIGNATURE,True,2245100,2.2451,61100,557900,1360900,0,195900,0,0,0,,,,none,x509-modified_uav_id_0,0,False,237,17,
n10-identities_c1-conc_mech-x509-1backend_security-battery_r30_audit-off_20260831T021332Z,obs_7286e006a83f44ebb8da1effda35e40b,2026-08-31T02:13:35.743144+00:00,x509,modified_uav_id,11,1,UAV-0005,INVALID_SIGNATURE,INVALID_SIGNATURE,True,3358800,3.3588,38400,594100,2418600,0,212300,0,0,0,,,,none,x509-modified_uav_id_0,0,False,238,17,
n10-identities_c1-conc_mech-x509-1backend_security-battery_r30_audit-off_20260831T021332Z,obs_f246647ec1814bf7ae8b550932f85270,2026-08-31T02:13:35.755289+00:00,x509,modified_uav_id,12,1,UAV-0005,INVALID_SIGNATURE,INVALID_SIGNATURE,True,2017800,2.0178,61900,487100,1284000,0,148400,0,0,0,,,,none,x509-modified_uav_id_0,0,False,238,17,
n10-identities_c1-conc_mech-x509-1backend_security-battery_r30_audit-off_20260831T021332Z,obs_b3eab3554d314b47b3ac5488d0d586be,2026-08-31T02:13:35.766847+00:00,x509,modified_uav_id,13,1,UAV-0005,INVALID_SIGNATURE,INVALID_SIGNATURE,True,2667500,2.6675,33500,295100,1930800,0,298900,0,0,0,,,,none,x509-modified_uav_id_0,0,False,238,17,
n10-identities_c1-conc_mech-x509-1backend_security-battery_r30_audit-off_20260831T021332Z,obs_f5ba0d56b8664a2aa5158814c23ac8de,2026-08-31T02:13:35.780870+00:00,x509,modified_uav_id,14,1,UAV-0005,INVALID_SIGNATURE,INVALID_SIGNATURE,True,2254300,2.2543,211200,473800,1463900,0,199100,0,0,0,,,,none,x509-modified_uav_id_0,0,False,237,17,
n10-identities_c1-conc_mech-x509-1backend_security-battery_r30_audit-off_20260831T021332Z,obs_f4e33d82a19343a5809a12f8f0c0447d,2026-08-31T02:13:35.794174+00:00,x509,modified_uav_id,15,1,UAV-0005,INVALID_SIGNATURE,INVALID_SIGNATURE,True,3198100,3.1981,38700,677800,2270600,0,138900,0,0,0,,,,none,x509-modified_uav_id_0,0,False,239,17,
n10-identities_c1-conc_mech-x509-1backend_security-battery_r30_audit-off_20260831T021332Z,obs_35eb0d014b96467b9f5739c84734ce3e,2026-08-31T02:13:35.806573+00:00,x509,modified_uav_id,16,1,UAV-0005,INVALID_SIGNATURE,INVALID_SIGNATURE,True,1976900,1.9769,43200,379300,1318100,0,182900,0,0,0,,,,none,x509-modified_uav_id_0,0,False,238,17,
n10-identities_c1-conc_mech-x509-1backend_security-battery_r30_audit-off_20260831T021332Z,obs_3644fc12fa58494991cbe4f9109a8110,2026-08-31T02:13:35.818528+00:00,x509,modified_uav_id,17,1,UAV-0005,INVALID_SIGNATURE,INVALID_SIGNATURE,True,1904000,1.904,45300,431800,1241400,0,142700,0,0,0,,,,none,x509-modified_uav_id_0,0,False,239,17,
n10-identities_c1-conc_mech-x509-1backend_security-battery_r30_audit-off_20260831T021332Z,obs_9589a70db84c486faa878ced2324a9fa,2026-08-31T02:13:35.829781+00:00,x509,modified_uav_id,18,1,UAV-0005,INVALID_SIGNATURE,INVALID_SIGNATURE,True,1893700,1.8937,125200,418900,1223600,0,145900,0,0,0,,,,none,x509-modified_uav_id_0,0,False,239,17,
n10-identities_c1-conc_mech-x509-1backend_security-battery_r30_audit-off_20260831T021332Z,obs_2392cb47ba754a449639792ae983892b,2026-08-31T02:13:35.841256+00:00,x509,modified_uav_id,19,1,UAV-0005,INVALID_SIGNATURE,INVALID_SIGNATURE,True,2929600,2.9296,42000,441000,2005700,0,338500,0,0,0,,,,none,x509-modified_uav_id_0,0,False,239,17,
n10-identities_c1-conc_mech-x509-1backend_security-battery_r30_audit-off_20260831T021332Z,obs_7d9f1d520af946aea99227651aef122f,2026-08-31T02:13:35.850446+00:00,x509,modified_uav_id,20,1,UAV-0005,INVALID_SIGNATURE,INVALID_SIGNATURE,True,1796700,1.7967,37300,315000,1240300,0,153100,0,0,0,,,,none,x509-modified_uav_id_0,0,False,238,17,
n10-identities_c1-conc_mech-x509-1backend_security-battery_r30_audit-off_20260831T021332Z,obs_5e33d5e3fa5e4d31b6554fb39831de29,2026-08-31T02:13:35.862043+00:00,x509,modified_uav_id,21,1,UAV-0005,INVALID_SIGNATURE,INVALID_SIGNATURE,True,2148400,2.1484,76200,583800,1284000,0,167200,0,0,0,,,,none,x509-modified_uav_id_0,0,False,238,17,
n10-identities_c1-conc_mech-x509-1backend_security-battery_r30_audit-off_20260831T021332Z,obs_dc682f2b56554aab896580905faf417e,2026-08-31T02:13:35.870577+00:00,x509,modified_uav_id,22,1,UAV-0005,INVALID_SIGNATURE,INVALID_SIGNATURE,True,1645100,1.6451,28800,283000,1148200,0,135100,0,0,0,,,,none,x509-modified_uav_id_0,0,False,238,17,
n10-identities_c1-conc_mech-x509-1backend_security-battery_r30_audit-off_20260831T021332Z,obs_db732ed85d8447279599bb71bd0feea4,2026-08-31T02:13:35.881514+00:00,x509,modified_uav_id,23,1,UAV-0005,INVALID_SIGNATURE,INVALID_SIGNATURE,True,1803300,1.8033,61900,296400,1263800,0,163000,0,0,0,,,,none,x509-modified_uav_id_0,0,False,238,17,
n10-identities_c1-conc_mech-x509-1backend_security-battery_r30_audit-off_20260831T021332Z,obs_45d48767567341c29cfd244d2a906372,2026-08-31T02:13:35.907208+00:00,x509,modified_uav_id,24,1,UAV-0005,INVALID_SIGNATURE,INVALID_SIGNATURE,True,18844700,18.8447,29800,16344300,2001500,0,332800,0,0,0,,,,none,x509-modified_uav_id_0,0,False,238,17,
n10-identities_c1-conc_mech-x509-1backend_security-battery_r30_audit-off_20260831T021332Z,obs_14f7568c368642eeb1be23fac75bd27a,2026-08-31T02:13:35.916966+00:00,x509,modified_uav_id,25,1,UAV-0005,INVALID_SIGNATURE,INVALID_SIGNATURE,True,1707900,1.7079,35200,287400,1196800,0,142700,0,0,0,,,,none,x509-modified_uav_id_0,0,False,238,17,
n10-identities_c1-conc_mech-x509-1backend_security-battery_r30_audit-off_20260831T021332Z,obs_1bce6a93b2674aad9ca57516096b9287,2026-08-31T02:13:35.928259+00:00,x509,modified_uav_id,26,1,UAV-0005,INVALID_SIGNATURE,INVALID_SIGNATURE,True,1933400,1.9334,35900,513000,1209500,0,125800,0,0,0,,,,none,x509-modified_uav_id_0,0,False,237,17,
n10-identities_c1-conc_mech-x509-1backend_security-battery_r30_audit-off_20260831T021332Z,obs_f0bc36975142456fb2617d6f6010d626,2026-08-31T02:13:35.937140+00:00,x509,modified_uav_id,27,1,UAV-0005,INVALID_SIGNATURE,INVALID_SIGNATURE,True,2011400,2.0114,28400,613800,1138200,0,131700,0,0,0,,,,none,x509-modified_uav_id_0,0,False,239,17,
n10-identities_c1-conc_mech-x509-1backend_security-battery_r30_audit-off_20260831T021332Z,obs_434ccedd0065486c9cc4370a45c161ea,2026-08-31T02:13:35.946534+00:00,x509,modified_uav_id,28,1,UAV-0005,INVALID_SIGNATURE,INVALID_SIGNATURE,True,1679100,1.6791,50800,371900,1096800,0,128900,0,0,0,,,,none,x509-modified_uav_id_0,0,False,237,17,
n10-identities_c1-conc_mech-x509-1backend_security-battery_r30_audit-off_20260831T021332Z,obs_bdfe89ea96094848957d93f4242c3296,2026-08-31T02:13:35.959599+00:00,x509,modified_uav_id,29,1,UAV-0005,INVALID_SIGNATURE,INVALID_SIGNATURE,True,3652200,3.6522,53100,532100,2748000,0,237000,0,0,0,,,,none,x509-modified_uav_id_0,0,False,238,17,
n10-identities_c1-conc_mech-x509-1backend_security-battery_r30_audit-off_20260831T021332Z,obs_6c00cc5320694764abfb2144ab9a506a,2026-08-31T02:13:35.974154+00:00,x509,modified_operation,0,1,UAV-VALID,INVALID_SIGNATURE,INVALID_SIGNATURE,True,2192600,2.1926,46200,69100,1492800,0,450200,0,0,0,,,,none,x509-modified_operation_0,0,True,239,17,
n10-identities_c1-conc_mech-x509-1backend_security-battery_r30_audit-off_20260831T021332Z,obs_4adf5f654ecc4ce7ba97311007020b36,2026-08-31T02:13:35.983101+00:00,x509,modified_operation,1,1,UAV-VALID,INVALID_SIGNATURE,INVALID_SIGNATURE,True,2039400,2.0394,52500,83700,1627300,0,210800,0,0,0,,,,none,x509-modified_operation_0,0,True,241,17,
n10-identities_c1-conc_mech-x509-1backend_security-battery_r30_audit-off_20260831T021332Z,obs_a4352a9cb7424d648110eb9410973aa2,2026-08-31T02:13:35.994969+00:00,x509,modified_operation,0,1,UAV-VALID,INVALID_SIGNATURE,INVALID_SIGNATURE,True,5331200,5.3312,41600,87400,4947700,0,197000,0,0,0,,,,none,x509-modified_operation_0,0,False,241,17,
n10-identities_c1-conc_mech-x509-1backend_security-battery_r30_audit-off_20260831T021332Z,obs_751dce429319442b8a6c604eb59723ec,2026-08-31T02:13:36.005229+00:00,x509,modified_operation,1,1,UAV-VALID,INVALID_SIGNATURE,INVALID_SIGNATURE,True,2083800,2.0838,52200,92400,1765800,0,145000,0,0,0,,,,none,x509-modified_operation_0,0,False,240,17,
n10-identities_c1-conc_mech-x509-1backend_security-battery_r30_audit-off_20260831T021332Z,obs_b9332634ea034353a7cd45c7cf7818e2,2026-08-31T02:13:36.015660+00:00,x509,modified_operation,2,1,UAV-VALID,INVALID_SIGNATURE,INVALID_SIGNATURE,True,1944400,1.9444,36900,98700,1600800,0,159900,0,0,0,,,,none,x509-modified_operation_0,0,False,241,17,
n10-identities_c1-conc_mech-x509-1backend_security-battery_r30_audit-off_20260831T021332Z,obs_82ff1718fb3146b98a6846108c66b150,2026-08-31T02:13:36.024005+00:00,x509,modified_operation,3,1,UAV-VALID,INVALID_SIGNATURE,INVALID_SIGNATURE,True,2445800,2.4458,38000,94500,1806400,0,411400,0,0,0,,,,none,x509-modified_operation_0,0,False,240,17,
n10-identities_c1-conc_mech-x509-1backend_security-battery_r30_audit-off_20260831T021332Z,obs_0de6c26407b149049e8bb6aeec0920a6,2026-08-31T02:13:36.035262+00:00,x509,modified_operation,4,1,UAV-VALID,INVALID_SIGNATURE,INVALID_SIGNATURE,True,1717300,1.7173,51700,81400,1395200,0,152900,0,0,0,,,,none,x509-modified_operation_0,0,False,239,17,
n10-identities_c1-conc_mech-x509-1backend_security-battery_r30_audit-off_20260831T021332Z,obs_192569dcaa1a42f2985229e41be477e2,2026-08-31T02:13:36.048673+00:00,x509,modified_operation,5,1,UAV-VALID,INVALID_SIGNATURE,INVALID_SIGNATURE,True,1957500,1.9575,56700,102800,1538700,0,210000,0,0,0,,,,none,x509-modified_operation_0,0,False,241,17,
n10-identities_c1-conc_mech-x509-1backend_security-battery_r30_audit-off_20260831T021332Z,obs_ba418145f7cb4ff18389bd11ea8ae616,2026-08-31T02:13:36.059504+00:00,x509,modified_operation,6,1,UAV-VALID,INVALID_SIGNATURE,INVALID_SIGNATURE,True,3569100,3.5691,42500,66400,3025300,0,309700,0,0,0,,,,none,x509-modified_operation_0,0,False,240,17,
n10-identities_c1-conc_mech-x509-1backend_security-battery_r30_audit-off_20260831T021332Z,obs_9933c23966b74d9f9977823dbcd5bbc4,2026-08-31T02:13:36.069357+00:00,x509,modified_operation,7,1,UAV-VALID,INVALID_SIGNATURE,INVALID_SIGNATURE,True,2086900,2.0869,78900,87900,1691700,0,206300,0,0,0,,,,none,x509-modified_operation_0,0,False,240,17,
n10-identities_c1-conc_mech-x509-1backend_security-battery_r30_audit-off_20260831T021332Z,obs_63a834560f0e4fd7a4b31f302150b9d1,2026-08-31T02:13:36.080530+00:00,x509,modified_operation,8,1,UAV-VALID,INVALID_SIGNATURE,INVALID_SIGNATURE,True,2291300,2.2913,53600,116200,1919800,0,160700,0,0,0,,,,none,x509-modified_operation_0,0,False,240,17,
n10-identities_c1-conc_mech-x509-1backend_security-battery_r30_audit-off_20260831T021332Z,obs_1ed0e213ee7c4c7689ca87f4f72b66aa,2026-08-31T02:13:36.092285+00:00,x509,modified_operation,9,1,UAV-VALID,INVALID_SIGNATURE,INVALID_SIGNATURE,True,3001800,3.0018,50000,108900,2435300,0,250200,0,0,0,,,,none,x509-modified_operation_0,0,False,241,17,
n10-identities_c1-conc_mech-x509-1backend_security-battery_r30_audit-off_20260831T021332Z,obs_7fb29bb7478d45b4a9108c4d5e2ef7f9,2026-08-31T02:13:36.100999+00:00,x509,modified_operation,10,1,UAV-VALID,INVALID_SIGNATURE,INVALID_SIGNATURE,True,1642800,1.6428,35200,70500,1345600,0,151900,0,0,0,,,,none,x509-modified_operation_0,0,False,240,17,
n10-identities_c1-conc_mech-x509-1backend_security-battery_r30_audit-off_20260831T021332Z,obs_baf3da653d6141a59db8f7ca0a58498c,2026-08-31T02:13:36.111003+00:00,x509,modified_operation,11,1,UAV-VALID,INVALID_SIGNATURE,INVALID_SIGNATURE,True,2366200,2.3662,63800,113700,1904300,0,216300,0,0,0,,,,none,x509-modified_operation_0,0,False,240,17,
n10-identities_c1-conc_mech-x509-1backend_security-battery_r30_audit-off_20260831T021332Z,obs_a344ab0830a74c2eb42d6e0f91cb6056,2026-08-31T02:13:36.120406+00:00,x509,modified_operation,12,1,UAV-VALID,INVALID_SIGNATURE,INVALID_SIGNATURE,True,2201400,2.2014,50700,88400,1366000,0,624100,0,0,0,,,,none,x509-modified_operation_0,0,False,240,17,
n10-identities_c1-conc_mech-x509-1backend_security-battery_r30_audit-off_20260831T021332Z,obs_2e47fc2abc984bad9e739d3f5fffb588,2026-08-31T02:13:36.131767+00:00,x509,modified_operation,13,1,UAV-VALID,INVALID_SIGNATURE,INVALID_SIGNATURE,True,1786800,1.7868,49400,119800,1383500,0,190000,0,0,0,,,,none,x509-modified_operation_0,0,False,239,17,
n10-identities_c1-conc_mech-x509-1backend_security-battery_r30_audit-off_20260831T021332Z,obs_aea1eb785af94417a6bf5b63ac6ff310,2026-08-31T02:13:36.142013+00:00,x509,modified_operation,14,1,UAV-VALID,INVALID_SIGNATURE,INVALID_SIGNATURE,True,2550500,2.5505,57400,99500,2223600,0,145400,0,0,0,,,,none,x509-modified_operation_0,0,False,240,17,
n10-identities_c1-conc_mech-x509-1backend_security-battery_r30_audit-off_20260831T021332Z,obs_11060b4760df40ad99fc44b0583b4036,2026-08-31T02:13:36.151361+00:00,x509,modified_operation,15,1,UAV-VALID,INVALID_SIGNATURE,INVALID_SIGNATURE,True,2134000,2.134,53100,95400,1741000,0,201900,0,0,0,,,,none,x509-modified_operation_0,0,False,239,17,
n10-identities_c1-conc_mech-x509-1backend_security-battery_r30_audit-off_20260831T021332Z,obs_bff23b0ee3fd4272b289b56a25aaf4a9,2026-08-31T02:13:36.161605+00:00,x509,modified_operation,16,1,UAV-VALID,INVALID_SIGNATURE,INVALID_SIGNATURE,True,1920700,1.9207,36000,65300,1560700,0,207100,0,0,0,,,,none,x509-modified_operation_0,0,False,239,17,
n10-identities_c1-conc_mech-x509-1backend_security-battery_r30_audit-off_20260831T021332Z,obs_8cc0657ac8e94241b8ad486a4c575a6e,2026-08-31T02:13:36.170943+00:00,x509,modified_operation,17,1,UAV-VALID,INVALID_SIGNATURE,INVALID_SIGNATURE,True,2892100,2.8921,43400,126600,2437200,0,205800,0,0,0,,,,none,x509-modified_operation_0,0,False,239,17,
n10-identities_c1-conc_mech-x509-1backend_security-battery_r30_audit-off_20260831T021332Z,obs_541b77ae0f3c4e9d846f7dc451d8c696,2026-08-31T02:13:36.178841+00:00,x509,modified_operation,18,1,UAV-VALID,INVALID_SIGNATURE,INVALID_SIGNATURE,True,1673000,1.673,36100,63400,1393800,0,146300,0,0,0,,,,none,x509-modified_operation_0,0,False,239,17,
n10-identities_c1-conc_mech-x509-1backend_security-battery_r30_audit-off_20260831T021332Z,obs_9d8bb521cb934741b335094bca8c98b8,2026-08-31T02:13:36.186978+00:00,x509,modified_operation,19,1,UAV-VALID,INVALID_SIGNATURE,INVALID_SIGNATURE,True,1757900,1.7579,169400,115200,1374000,0,169700,0,0,0,,,,none,x509-modified_operation_0,0,False,240,17,
n10-identities_c1-conc_mech-x509-1backend_security-battery_r30_audit-off_20260831T021332Z,obs_bdd0592bfa6d40e2b10be331fc720a26,2026-08-31T02:13:36.196750+00:00,x509,modified_operation,20,1,UAV-VALID,INVALID_SIGNATURE,INVALID_SIGNATURE,True,2493600,2.4936,53800,100300,2125100,0,171500,0,0,0,,,,none,x509-modified_operation_0,0,False,239,17,
n10-identities_c1-conc_mech-x509-1backend_security-battery_r30_audit-off_20260831T021332Z,obs_4004a1e9a1f243659c395c663165060c,2026-08-31T02:13:36.208756+00:00,x509,modified_operation,21,1,UAV-VALID,INVALID_SIGNATURE,INVALID_SIGNATURE,True,3829900,3.8299,56000,97400,2770800,0,748500,0,0,0,,,,none,x509-modified_operation_0,0,False,240,17,
n10-identities_c1-conc_mech-x509-1backend_security-battery_r30_audit-off_20260831T021332Z,obs_c5c56941ab5d4b48aee74b40e0f91c3f,2026-08-31T02:13:36.217337+00:00,x509,modified_operation,22,1,UAV-VALID,INVALID_SIGNATURE,INVALID_SIGNATURE,True,1707200,1.7072,51500,68300,1339200,0,208700,0,0,0,,,,none,x509-modified_operation_0,0,False,240,17,
n10-identities_c1-conc_mech-x509-1backend_security-battery_r30_audit-off_20260831T021332Z,obs_6b16a37f1ef34e7ab873c8ffd3200d9d,2026-08-31T02:13:36.227058+00:00,x509,modified_operation,23,1,UAV-VALID,INVALID_SIGNATURE,INVALID_SIGNATURE,True,3185800,3.1858,36300,194500,2660200,0,210400,0,0,0,,,,none,x509-modified_operation_0,0,False,239,17,
n10-identities_c1-conc_mech-x509-1backend_security-battery_r30_audit-off_20260831T021332Z,obs_a92fc69aeb414cd89ee7e380151212be,2026-08-31T02:13:36.236147+00:00,x509,modified_operation,24,1,UAV-VALID,INVALID_SIGNATURE,INVALID_SIGNATURE,True,1663800,1.6638,49200,68000,1371100,0,155100,0,0,0,,,,none,x509-modified_operation_0,0,False,240,17,
n10-identities_c1-conc_mech-x509-1backend_security-battery_r30_audit-off_20260831T021332Z,obs_b8d2a1d8c7a540afafb0ad135f673711,2026-08-31T02:13:36.245955+00:00,x509,modified_operation,25,1,UAV-VALID,INVALID_SIGNATURE,INVALID_SIGNATURE,True,2100500,2.1005,89000,105000,1699700,0,197900,0,0,0,,,,none,x509-modified_operation_0,0,False,240,17,
n10-identities_c1-conc_mech-x509-1backend_security-battery_r30_audit-off_20260831T021332Z,obs_d63463e81b224bea886e07674a3148e2,2026-08-31T02:13:36.253922+00:00,x509,modified_operation,26,1,UAV-VALID,INVALID_SIGNATURE,INVALID_SIGNATURE,True,1905400,1.9054,54300,91100,1542600,0,180100,0,0,0,,,,none,x509-modified_operation_0,0,False,240,17,
n10-identities_c1-conc_mech-x509-1backend_security-battery_r30_audit-off_20260831T021332Z,obs_52fdb82731ac4500b4878998229128b3,2026-08-31T02:13:36.264367+00:00,x509,modified_operation,27,1,UAV-VALID,INVALID_SIGNATURE,INVALID_SIGNATURE,True,2320800,2.3208,44200,94100,1910400,0,207200,0,0,0,,,,none,x509-modified_operation_0,0,False,240,17,
n10-identities_c1-conc_mech-x509-1backend_security-battery_r30_audit-off_20260831T021332Z,obs_31f9007b70fa46b2950af6b65d163989,2026-08-31T02:13:36.270324+00:00,x509,modified_operation,28,1,UAV-VALID,INVALID_SIGNATURE,INVALID_SIGNATURE,True,1416300,1.4163,30600,56400,1107200,0,175700,0,0,0,,,,none,x509-modified_operation_0,0,False,241,17,
n10-identities_c1-conc_mech-x509-1backend_security-battery_r30_audit-off_20260831T021332Z,obs_6abf6c28dbee454dabfbe9c631d51d88,2026-08-31T02:13:36.280549+00:00,x509,modified_operation,29,1,UAV-VALID,INVALID_SIGNATURE,INVALID_SIGNATURE,True,1701500,1.7015,40400,75500,1351900,0,184200,0,0,0,,,,none,x509-modified_operation_0,0,False,240,17,
n10-identities_c1-conc_mech-x509-1backend_security-battery_r30_audit-off_20260831T021332Z,obs_5d0baa9a72c74fb7bb87207d77e64654,2026-08-31T02:13:36.422892+00:00,x509,expired_challenge,0,1,UAV-VALID,EXPIRED_CHALLENGE,EXPIRED_CHALLENGE,True,44800,0.0448,43900,0,0,0,0,0,0,0,,,,none,x509-expired_challenge_0,0,True,240,17,
n10-identities_c1-conc_mech-x509-1backend_security-battery_r30_audit-off_20260831T021332Z,obs_e92a9b335ccf466cb08dfd4d8d33a511,2026-08-31T02:13:36.549689+00:00,x509,expired_challenge,1,1,UAV-VALID,EXPIRED_CHALLENGE,EXPIRED_CHALLENGE,True,34200,0.0342,34900,0,0,0,0,0,0,0,,,,none,x509-expired_challenge_0,0,True,238,17,
n10-identities_c1-conc_mech-x509-1backend_security-battery_r30_audit-off_20260831T021332Z,obs_fbd9dfbe406047aa8a4c139ea843510b,2026-08-31T02:13:36.677549+00:00,x509,expired_challenge,0,1,UAV-VALID,EXPIRED_CHALLENGE,EXPIRED_CHALLENGE,True,32200,0.0322,53000,0,0,0,0,0,0,0,,,,none,x509-expired_challenge_0,0,False,239,17,
n10-identities_c1-conc_mech-x509-1backend_security-battery_r30_audit-off_20260831T021332Z,obs_1356efc0f9514a3fa12902f53e479c7d,2026-08-31T02:13:36.805735+00:00,x509,expired_challenge,1,1,UAV-VALID,EXPIRED_CHALLENGE,EXPIRED_CHALLENGE,True,35800,0.0358,49800,0,0,0,0,0,0,0,,,,none,x509-expired_challenge_0,0,False,239,17,
n10-identities_c1-conc_mech-x509-1backend_security-battery_r30_audit-off_20260831T021332Z,obs_96332a467d284c5fba366d8b049f4446,2026-08-31T02:13:36.940949+00:00,x509,expired_challenge,2,1,UAV-VALID,EXPIRED_CHALLENGE,EXPIRED_CHALLENGE,True,37100,0.0371,46100,0,0,0,0,0,0,0,,,,none,x509-expired_challenge_0,0,False,239,17,
n10-identities_c1-conc_mech-x509-1backend_security-battery_r30_audit-off_20260831T021332Z,obs_ac6a6cd032b640ae965cc789bba90c8f,2026-08-31T02:13:37.068025+00:00,x509,expired_challenge,3,1,UAV-VALID,EXPIRED_CHALLENGE,EXPIRED_CHALLENGE,True,31400,0.0314,61300,0,0,0,0,0,0,0,,,,none,x509-expired_challenge_0,0,False,238,17,
n10-identities_c1-conc_mech-x509-1backend_security-battery_r30_audit-off_20260831T021332Z,obs_c730f1c201984d79832ed4308b353b52,2026-08-31T02:13:37.197715+00:00,x509,expired_challenge,4,1,UAV-VALID,EXPIRED_CHALLENGE,EXPIRED_CHALLENGE,True,45900,0.0459,101300,0,0,0,0,0,0,0,,,,none,x509-expired_challenge_0,0,False,239,17,
n10-identities_c1-conc_mech-x509-1backend_security-battery_r30_audit-off_20260831T021332Z,obs_ea2e6d46daca479da5ba9d72fc209993,2026-08-31T02:13:37.324444+00:00,x509,expired_challenge,5,1,UAV-VALID,EXPIRED_CHALLENGE,EXPIRED_CHALLENGE,True,43500,0.0435,41000,0,0,0,0,0,0,0,,,,none,x509-expired_challenge_0,0,False,239,17,
n10-identities_c1-conc_mech-x509-1backend_security-battery_r30_audit-off_20260831T021332Z,obs_c48ab6878c924373ba6763770eceb88b,2026-08-31T02:13:37.461824+00:00,x509,expired_challenge,6,1,UAV-VALID,EXPIRED_CHALLENGE,EXPIRED_CHALLENGE,True,37000,0.037,46100,0,0,0,0,0,0,0,,,,none,x509-expired_challenge_0,0,False,238,17,
n10-identities_c1-conc_mech-x509-1backend_security-battery_r30_audit-off_20260831T021332Z,obs_f66b5f574ec044a688fcb8e7180d5843,2026-08-31T02:13:37.586981+00:00,x509,expired_challenge,7,1,UAV-VALID,EXPIRED_CHALLENGE,EXPIRED_CHALLENGE,True,21500,0.0215,32200,0,0,0,0,0,0,0,,,,none,x509-expired_challenge_0,0,False,239,17,
n10-identities_c1-conc_mech-x509-1backend_security-battery_r30_audit-off_20260831T021332Z,obs_fd1fb47dcd4c49e88abe4a26af861636,2026-08-31T02:13:37.713244+00:00,x509,expired_challenge,8,1,UAV-VALID,EXPIRED_CHALLENGE,EXPIRED_CHALLENGE,True,34700,0.0347,36500,0,0,0,0,0,0,0,,,,none,x509-expired_challenge_0,0,False,239,17,
n10-identities_c1-conc_mech-x509-1backend_security-battery_r30_audit-off_20260831T021332Z,obs_4ca14a1bbb14479a81423e36b227d53f,2026-08-31T02:13:37.840248+00:00,x509,expired_challenge,9,1,UAV-VALID,EXPIRED_CHALLENGE,EXPIRED_CHALLENGE,True,39700,0.0397,38900,0,0,0,0,0,0,0,,,,none,x509-expired_challenge_0,0,False,239,17,
n10-identities_c1-conc_mech-x509-1backend_security-battery_r30_audit-off_20260831T021332Z,obs_4d6d6882297740c898d3f52c4bd9b7dc,2026-08-31T02:13:37.982209+00:00,x509,expired_challenge,10,1,UAV-VALID,EXPIRED_CHALLENGE,EXPIRED_CHALLENGE,True,34400,0.0344,55300,0,0,0,0,0,0,0,,,,none,x509-expired_challenge_0,0,False,238,17,
n10-identities_c1-conc_mech-x509-1backend_security-battery_r30_audit-off_20260831T021332Z,obs_712e9d83622740e58e36cfef01db8ce9,2026-08-31T02:13:38.109232+00:00,x509,expired_challenge,11,1,UAV-VALID,EXPIRED_CHALLENGE,EXPIRED_CHALLENGE,True,26800,0.0268,42200,0,0,0,0,0,0,0,,,,none,x509-expired_challenge_0,0,False,240,17,
n10-identities_c1-conc_mech-x509-1backend_security-battery_r30_audit-off_20260831T021332Z,obs_24f65c1fb045420dad37b971635fd694,2026-08-31T02:13:38.236047+00:00,x509,expired_challenge,12,1,UAV-VALID,EXPIRED_CHALLENGE,EXPIRED_CHALLENGE,True,27600,0.0276,45800,0,0,0,0,0,0,0,,,,none,x509-expired_challenge_0,0,False,240,17,
n10-identities_c1-conc_mech-x509-1backend_security-battery_r30_audit-off_20260831T021332Z,obs_8dfd9edc5ade44b49c84a27be3177968,2026-08-31T02:13:38.364543+00:00,x509,expired_challenge,13,1,UAV-VALID,EXPIRED_CHALLENGE,EXPIRED_CHALLENGE,True,22300,0.0223,68300,0,0,0,0,0,0,0,,,,none,x509-expired_challenge_0,0,False,239,17,
n10-identities_c1-conc_mech-x509-1backend_security-battery_r30_audit-off_20260831T021332Z,obs_b2e9a7de6d7a4b03ac1d2cac69024317,2026-08-31T02:13:38.504750+00:00,x509,expired_challenge,14,1,UAV-VALID,EXPIRED_CHALLENGE,EXPIRED_CHALLENGE,True,38500,0.0385,48500,0,0,0,0,0,0,0,,,,none,x509-expired_challenge_0,0,False,238,17,
n10-identities_c1-conc_mech-x509-1backend_security-battery_r30_audit-off_20260831T021332Z,obs_2665419dda3c462bb406e5e2990c283b,2026-08-31T02:13:38.636858+00:00,x509,expired_challenge,15,1,UAV-VALID,EXPIRED_CHALLENGE,EXPIRED_CHALLENGE,True,22200,0.0222,47400,0,0,0,0,0,0,0,,,,none,x509-expired_challenge_0,0,False,238,17,
n10-identities_c1-conc_mech-x509-1backend_security-battery_r30_audit-off_20260831T021332Z,obs_72645bd1d322472593d99171d80d4a02,2026-08-31T02:13:38.763936+00:00,x509,expired_challenge,16,1,UAV-VALID,EXPIRED_CHALLENGE,EXPIRED_CHALLENGE,True,23200,0.0232,33100,0,0,0,0,0,0,0,,,,none,x509-expired_challenge_0,0,False,239,17,
n10-identities_c1-conc_mech-x509-1backend_security-battery_r30_audit-off_20260831T021332Z,obs_c2c1feaf99964a5b826d530e3334e0c6,2026-08-31T02:13:38.888864+00:00,x509,expired_challenge,17,1,UAV-VALID,EXPIRED_CHALLENGE,EXPIRED_CHALLENGE,True,37000,0.037,34600,0,0,0,0,0,0,0,,,,none,x509-expired_challenge_0,0,False,238,17,
n10-identities_c1-conc_mech-x509-1backend_security-battery_r30_audit-off_20260831T021332Z,obs_790e8cc9ffd84a31b2d1a10b43feaf16,2026-08-31T02:13:39.031280+00:00,x509,expired_challenge,18,1,UAV-VALID,EXPIRED_CHALLENGE,EXPIRED_CHALLENGE,True,30900,0.0309,55100,0,0,0,0,0,0,0,,,,none,x509-expired_challenge_0,0,False,240,17,
n10-identities_c1-conc_mech-x509-1backend_security-battery_r30_audit-off_20260831T021332Z,obs_2ae34869226748a4a1009380c3b52b40,2026-08-31T02:13:39.158511+00:00,x509,expired_challenge,19,1,UAV-VALID,EXPIRED_CHALLENGE,EXPIRED_CHALLENGE,True,22200,0.0222,53300,0,0,0,0,0,0,0,,,,none,x509-expired_challenge_0,0,False,239,17,
n10-identities_c1-conc_mech-x509-1backend_security-battery_r30_audit-off_20260831T021332Z,obs_82a21d19810f4130b8d146ccfe1eae41,2026-08-31T02:13:39.285545+00:00,x509,expired_challenge,20,1,UAV-VALID,EXPIRED_CHALLENGE,EXPIRED_CHALLENGE,True,26900,0.0269,36900,0,0,0,0,0,0,0,,,,none,x509-expired_challenge_0,0,False,239,17,
n10-identities_c1-conc_mech-x509-1backend_security-battery_r30_audit-off_20260831T021332Z,obs_6097c82647494bb483f74e1e3e55d4f5,2026-08-31T02:13:39.413144+00:00,x509,expired_challenge,21,1,UAV-VALID,EXPIRED_CHALLENGE,EXPIRED_CHALLENGE,True,31900,0.0319,45300,0,0,0,0,0,0,0,,,,none,x509-expired_challenge_0,0,False,239,17,
n10-identities_c1-conc_mech-x509-1backend_security-battery_r30_audit-off_20260831T021332Z,obs_e84aa339ec1142f49fe36ccb7e357bed,2026-08-31T02:13:39.555747+00:00,x509,expired_challenge,22,1,UAV-VALID,EXPIRED_CHALLENGE,EXPIRED_CHALLENGE,True,47400,0.0474,70100,0,0,0,0,0,0,0,,,,none,x509-expired_challenge_0,0,False,239,17,
n10-identities_c1-conc_mech-x509-1backend_security-battery_r30_audit-off_20260831T021332Z,obs_e003fdab9413470ea7ce1a7bca1cbf23,2026-08-31T02:13:39.685166+00:00,x509,expired_challenge,23,1,UAV-VALID,EXPIRED_CHALLENGE,EXPIRED_CHALLENGE,True,39500,0.0395,61600,0,0,0,0,0,0,0,,,,none,x509-expired_challenge_0,0,False,239,17,
n10-identities_c1-conc_mech-x509-1backend_security-battery_r30_audit-off_20260831T021332Z,obs_383df5e371e04e66a706ed033aa603c1,2026-08-31T02:13:39.814499+00:00,x509,expired_challenge,24,1,UAV-VALID,EXPIRED_CHALLENGE,EXPIRED_CHALLENGE,True,44600,0.0446,45700,0,0,0,0,0,0,0,,,,none,x509-expired_challenge_0,0,False,238,17,
n10-identities_c1-conc_mech-x509-1backend_security-battery_r30_audit-off_20260831T021332Z,obs_18b523d064b947b5b1195293ea2450c6,2026-08-31T02:13:39.944783+00:00,x509,expired_challenge,25,1,UAV-VALID,EXPIRED_CHALLENGE,EXPIRED_CHALLENGE,True,38800,0.0388,57700,0,0,0,0,0,0,0,,,,none,x509-expired_challenge_0,0,False,239,17,
n10-identities_c1-conc_mech-x509-1backend_security-battery_r30_audit-off_20260831T021332Z,obs_7ab19d5c4e604c99bf810073e6f84d6f,2026-08-31T02:13:40.079406+00:00,x509,expired_challenge,26,1,UAV-VALID,EXPIRED_CHALLENGE,EXPIRED_CHALLENGE,True,32100,0.0321,42000,0,0,0,0,0,0,0,,,,none,x509-expired_challenge_0,0,False,240,17,
n10-identities_c1-conc_mech-x509-1backend_security-battery_r30_audit-off_20260831T021332Z,obs_6a37d746e3ac46ab9013cf5439d0a58f,2026-08-31T02:13:40.205873+00:00,x509,expired_challenge,27,1,UAV-VALID,EXPIRED_CHALLENGE,EXPIRED_CHALLENGE,True,28600,0.0286,46800,0,0,0,0,0,0,0,,,,none,x509-expired_challenge_0,0,False,240,17,
n10-identities_c1-conc_mech-x509-1backend_security-battery_r30_audit-off_20260831T021332Z,obs_d0596a8f4fcc4096b2afd918c1fb63eb,2026-08-31T02:13:40.332238+00:00,x509,expired_challenge,28,1,UAV-VALID,EXPIRED_CHALLENGE,EXPIRED_CHALLENGE,True,35200,0.0352,35500,0,0,0,0,0,0,0,,,,none,x509-expired_challenge_0,0,False,239,17,
n10-identities_c1-conc_mech-x509-1backend_security-battery_r30_audit-off_20260831T021332Z,obs_ab11c028fc4b4c5d990ec633032a8c52,2026-08-31T02:13:40.460297+00:00,x509,expired_challenge,29,1,UAV-VALID,EXPIRED_CHALLENGE,EXPIRED_CHALLENGE,True,28600,0.0286,58200,0,0,0,0,0,0,0,,,,none,x509-expired_challenge_0,0,False,238,17,
n10-identities_c1-conc_mech-x509-1backend_security-battery_r30_audit-off_20260831T021332Z,obs_ebc54cbb1072458d9a5f2c72d0c93144,2026-08-31T02:13:40.474785+00:00,x509,revoked_uav,0,1,UAV-REVOKED,REVOKED_IDENTITY,REVOKED_IDENTITY,True,1982300,1.9823,86500,125400,1795000,0,0,0,0,0,,,,none,x509-revoked_uav_0,0,True,242,16,
n10-identities_c1-conc_mech-x509-1backend_security-battery_r30_audit-off_20260831T021332Z,obs_33eaa758b42741e0903cc65874ca9bc9,2026-08-31T02:13:40.484350+00:00,x509,revoked_uav,1,1,UAV-REVOKED,REVOKED_IDENTITY,REVOKED_IDENTITY,True,1284500,1.2845,49400,93800,1141300,0,0,0,0,0,,,,none,x509-revoked_uav_0,0,True,240,16,
n10-identities_c1-conc_mech-x509-1backend_security-battery_r30_audit-off_20260831T021332Z,obs_a98a0711a69e4eb3a5a106e7911072a6,2026-08-31T02:13:40.493652+00:00,x509,revoked_uav,0,1,UAV-REVOKED,REVOKED_IDENTITY,REVOKED_IDENTITY,True,1805200,1.8052,62700,98800,1652200,0,0,0,0,0,,,,none,x509-revoked_uav_0,0,False,241,16,
n10-identities_c1-conc_mech-x509-1backend_security-battery_r30_audit-off_20260831T021332Z,obs_ef2ef0cd3a774d5c96e269d234bd85b4,2026-08-31T02:13:40.502828+00:00,x509,revoked_uav,1,1,UAV-REVOKED,REVOKED_IDENTITY,REVOKED_IDENTITY,True,1853500,1.8535,38400,79800,1720400,0,0,0,0,0,,,,none,x509-revoked_uav_0,0,False,241,16,
n10-identities_c1-conc_mech-x509-1backend_security-battery_r30_audit-off_20260831T021332Z,obs_1a85dfae2dcd4bcabe5e23470e6af90d,2026-08-31T02:13:40.512271+00:00,x509,revoked_uav,2,1,UAV-REVOKED,REVOKED_IDENTITY,REVOKED_IDENTITY,True,1598200,1.5982,57700,83000,1470600,0,0,0,0,0,,,,none,x509-revoked_uav_0,0,False,240,16,
n10-identities_c1-conc_mech-x509-1backend_security-battery_r30_audit-off_20260831T021332Z,obs_45f09632cdb04e8eacdc9dda9c19bcec,2026-08-31T02:13:40.521138+00:00,x509,revoked_uav,3,1,UAV-REVOKED,REVOKED_IDENTITY,REVOKED_IDENTITY,True,1692000,1.692,45800,62900,1592500,0,0,0,0,0,,,,none,x509-revoked_uav_0,0,False,240,16,
n10-identities_c1-conc_mech-x509-1backend_security-battery_r30_audit-off_20260831T021332Z,obs_42c08582209947f38c35b3460e0baade,2026-08-31T02:13:40.531358+00:00,x509,revoked_uav,4,1,UAV-REVOKED,REVOKED_IDENTITY,REVOKED_IDENTITY,True,1369200,1.3692,44800,81600,1244900,0,0,0,0,0,,,,none,x509-revoked_uav_0,0,False,241,16,
n10-identities_c1-conc_mech-x509-1backend_security-battery_r30_audit-off_20260831T021332Z,obs_dae1d0c09fc740358cc7f8c52d174958,2026-08-31T02:13:40.538564+00:00,x509,revoked_uav,5,1,UAV-REVOKED,REVOKED_IDENTITY,REVOKED_IDENTITY,True,1676100,1.6761,35400,73800,1558900,0,0,0,0,0,,,,none,x509-revoked_uav_0,0,False,241,16,
n10-identities_c1-conc_mech-x509-1backend_security-battery_r30_audit-off_20260831T021332Z,obs_0267ec9ce51f4f3f86b7ea515f7af9fe,2026-08-31T02:13:40.547264+00:00,x509,revoked_uav,6,1,UAV-REVOKED,REVOKED_IDENTITY,REVOKED_IDENTITY,True,1360200,1.3602,49100,55900,1274400,0,0,0,0,0,,,,none,x509-revoked_uav_0,0,False,241,16,
n10-identities_c1-conc_mech-x509-1backend_security-battery_r30_audit-off_20260831T021332Z,obs_06e45e405bde4d36aecf96f93ee4bdf6,2026-08-31T02:13:40.552774+00:00,x509,revoked_uav,7,1,UAV-REVOKED,REVOKED_IDENTITY,REVOKED_IDENTITY,True,1082300,1.0823,30300,56300,991700,0,0,0,0,0,,,,none,x509-revoked_uav_0,0,False,242,16,
n10-identities_c1-conc_mech-x509-1backend_security-battery_r30_audit-off_20260831T021332Z,obs_21cbc668b57a49508211a5afe894af24,2026-08-31T02:13:40.561348+00:00,x509,revoked_uav,8,1,UAV-REVOKED,REVOKED_IDENTITY,REVOKED_IDENTITY,True,1536300,1.5363,94500,73300,1417200,0,0,0,0,0,,,,none,x509-revoked_uav_0,0,False,242,16,
n10-identities_c1-conc_mech-x509-1backend_security-battery_r30_audit-off_20260831T021332Z,obs_169d53c4cc6a44dba17a8f3ba745d921,2026-08-31T02:13:40.567442+00:00,x509,revoked_uav,9,1,UAV-REVOKED,REVOKED_IDENTITY,REVOKED_IDENTITY,True,1168400,1.1684,29800,56100,1079000,0,0,0,0,0,,,,none,x509-revoked_uav_0,0,False,241,16,
n10-identities_c1-conc_mech-x509-1backend_security-battery_r30_audit-off_20260831T021332Z,obs_f61785d18e7f4049a34643e55500b94e,2026-08-31T02:13:40.574330+00:00,x509,revoked_uav,10,1,UAV-REVOKED,REVOKED_IDENTITY,REVOKED_IDENTITY,True,1819200,1.8192,51100,73800,1701900,0,0,0,0,0,,,,none,x509-revoked_uav_0,0,False,241,16,
n10-identities_c1-conc_mech-x509-1backend_security-battery_r30_audit-off_20260831T021332Z,obs_2c6f0b07015d4a8686153eaa2bebc3e1,2026-08-31T02:13:40.597242+00:00,x509,revoked_uav,11,1,UAV-REVOKED,REVOKED_IDENTITY,REVOKED_IDENTITY,True,17154600,17.1546,36500,80800,17029100,0,0,0,0,0,,,,none,x509-revoked_uav_0,0,False,241,16,
n10-identities_c1-conc_mech-x509-1backend_security-battery_r30_audit-off_20260831T021332Z,obs_1e09e8239ef74ae3bfcf42064b138a8a,2026-08-31T02:13:40.604613+00:00,x509,revoked_uav,12,1,UAV-REVOKED,REVOKED_IDENTITY,REVOKED_IDENTITY,True,1582100,1.5821,45400,88600,1448400,0,0,0,0,0,,,,none,x509-revoked_uav_0,0,False,241,16,
n10-identities_c1-conc_mech-x509-1backend_security-battery_r30_audit-off_20260831T021332Z,obs_e161881f4fe2475da0fa808317c5cdb7,2026-08-31T02:13:40.617889+00:00,x509,revoked_uav,13,1,UAV-REVOKED,REVOKED_IDENTITY,REVOKED_IDENTITY,True,2077800,2.0778,62400,114900,1898400,0,0,0,0,0,,,,none,x509-revoked_uav_0,0,False,241,16,
n10-identities_c1-conc_mech-x509-1backend_security-battery_r30_audit-off_20260831T021332Z,obs_cd97f1522ef84cb6adc404dbd1763f90,2026-08-31T02:13:40.628833+00:00,x509,revoked_uav,14,1,UAV-REVOKED,REVOKED_IDENTITY,REVOKED_IDENTITY,True,1869000,1.869,52500,98900,1710700,0,0,0,0,0,,,,none,x509-revoked_uav_0,0,False,242,16,
n10-identities_c1-conc_mech-x509-1backend_security-battery_r30_audit-off_20260831T021332Z,obs_86bb2d084b6d4a51ba31fa52076bb248,2026-08-31T02:13:40.641569+00:00,x509,revoked_uav,15,1,UAV-REVOKED,REVOKED_IDENTITY,REVOKED_IDENTITY,True,3496300,3.4963,199900,462300,2916500,0,0,0,0,0,,,,none,x509-revoked_uav_0,0,False,241,16,
n10-identities_c1-conc_mech-x509-1backend_security-battery_r30_audit-off_20260831T021332Z,obs_ddc9ee6a42c54338bea3713118cdfa7b,2026-08-31T02:13:40.656380+00:00,x509,revoked_uav,16,1,UAV-REVOKED,REVOKED_IDENTITY,REVOKED_IDENTITY,True,4263500,4.2635,54600,531600,3512800,0,0,0,0,0,,,,none,x509-revoked_uav_0,0,False,240,16,
n10-identities_c1-conc_mech-x509-1backend_security-battery_r30_audit-off_20260831T021332Z,obs_b980cf604b314bba8fffa9697a517f82,2026-08-31T02:13:40.666506+00:00,x509,revoked_uav,17,1,UAV-REVOKED,REVOKED_IDENTITY,REVOKED_IDENTITY,True,2048200,2.0482,56700,107400,1880000,0,0,0,0,0,,,,none,x509-revoked_uav_0,0,False,241,16,
n10-identities_c1-conc_mech-x509-1backend_security-battery_r30_audit-off_20260831T021332Z,obs_809c1d225896406b8b526b7e752dcf2c,2026-08-31T02:13:40.676464+00:00,x509,revoked_uav,18,1,UAV-REVOKED,REVOKED_IDENTITY,REVOKED_IDENTITY,True,1583100,1.5831,49500,115600,1404900,0,0,0,0,0,,,,none,x509-revoked_uav_0,0,False,241,16,
n10-identities_c1-conc_mech-x509-1backend_security-battery_r30_audit-off_20260831T021332Z,obs_f7deaf5eb3e743068d390038ec989ddf,2026-08-31T02:13:40.682839+00:00,x509,revoked_uav,19,1,UAV-REVOKED,REVOKED_IDENTITY,REVOKED_IDENTITY,True,1183900,1.1839,35400,58100,1089300,0,0,0,0,0,,,,none,x509-revoked_uav_0,0,False,241,16,
n10-identities_c1-conc_mech-x509-1backend_security-battery_r30_audit-off_20260831T021332Z,obs_3843d8dae89049428c091657d5ef79f4,2026-08-31T02:13:40.690566+00:00,x509,revoked_uav,20,1,UAV-REVOKED,REVOKED_IDENTITY,REVOKED_IDENTITY,True,1159900,1.1599,39700,65400,1061700,0,0,0,0,0,,,,none,x509-revoked_uav_0,0,False,241,16,
n10-identities_c1-conc_mech-x509-1backend_security-battery_r30_audit-off_20260831T021332Z,obs_faa4aa49acfb48c8a2e98672c689bad0,2026-08-31T02:13:40.697240+00:00,x509,revoked_uav,21,1,UAV-REVOKED,REVOKED_IDENTITY,REVOKED_IDENTITY,True,1500600,1.5006,32000,64200,1396400,0,0,0,0,0,,,,none,x509-revoked_uav_0,0,False,241,16,
n10-identities_c1-conc_mech-x509-1backend_security-battery_r30_audit-off_20260831T021332Z,obs_32afbbb4921546ca8c0537aaa5126c69,2026-08-31T02:13:40.704226+00:00,x509,revoked_uav,22,1,UAV-REVOKED,REVOKED_IDENTITY,REVOKED_IDENTITY,True,1414000,1.414,37800,59700,1314000,0,0,0,0,0,,,,none,x509-revoked_uav_0,0,False,240,16,
n10-identities_c1-conc_mech-x509-1backend_security-battery_r30_audit-off_20260831T021332Z,obs_085ea19b8efc4af8be82868d293bc807,2026-08-31T02:13:40.712495+00:00,x509,revoked_uav,23,1,UAV-REVOKED,REVOKED_IDENTITY,REVOKED_IDENTITY,True,1455900,1.4559,34700,61500,1357700,0,0,0,0,0,,,,none,x509-revoked_uav_0,0,False,241,16,
n10-identities_c1-conc_mech-x509-1backend_security-battery_r30_audit-off_20260831T021332Z,obs_6f0bbfd9344b47cb88d0464269c97521,2026-08-31T02:13:40.719675+00:00,x509,revoked_uav,24,1,UAV-REVOKED,REVOKED_IDENTITY,REVOKED_IDENTITY,True,1451900,1.4519,50100,64300,1347800,0,0,0,0,0,,,,none,x509-revoked_uav_0,0,False,241,16,
n10-identities_c1-conc_mech-x509-1backend_security-battery_r30_audit-off_20260831T021332Z,obs_25b6fddeb01f45129c35c97a7a1407ef,2026-08-31T02:13:40.727983+00:00,x509,revoked_uav,25,1,UAV-REVOKED,REVOKED_IDENTITY,REVOKED_IDENTITY,True,1506300,1.5063,49100,83300,1374900,0,0,0,0,0,,,,none,x509-revoked_uav_0,0,False,241,16,
n10-identities_c1-conc_mech-x509-1backend_security-battery_r30_audit-off_20260831T021332Z,obs_7a2040e145914e79bdf3123d8c2220fd,2026-08-31T02:13:40.737908+00:00,x509,revoked_uav,26,1,UAV-REVOKED,REVOKED_IDENTITY,REVOKED_IDENTITY,True,1496700,1.4967,35900,93700,1354800,0,0,0,0,0,,,,none,x509-revoked_uav_0,0,False,241,16,
n10-identities_c1-conc_mech-x509-1backend_security-battery_r30_audit-off_20260831T021332Z,obs_0163137e0df24a048b9bdd42f4d36f44,2026-08-31T02:13:40.748548+00:00,x509,revoked_uav,27,1,UAV-REVOKED,REVOKED_IDENTITY,REVOKED_IDENTITY,True,1477500,1.4775,47900,87500,1341600,0,0,0,0,0,,,,none,x509-revoked_uav_0,0,False,241,16,
n10-identities_c1-conc_mech-x509-1backend_security-battery_r30_audit-off_20260831T021332Z,obs_b0554a4772294e249ced9a195c31bb07,2026-08-31T02:13:40.759200+00:00,x509,revoked_uav,28,1,UAV-REVOKED,REVOKED_IDENTITY,REVOKED_IDENTITY,True,2583600,2.5836,60600,118100,2366800,0,0,0,0,0,,,,none,x509-revoked_uav_0,0,False,241,16,
n10-identities_c1-conc_mech-x509-1backend_security-battery_r30_audit-off_20260831T021332Z,obs_ef4b4a870dbf4a77b36a3128459fd6d4,2026-08-31T02:13:40.766531+00:00,x509,revoked_uav,29,1,UAV-REVOKED,REVOKED_IDENTITY,REVOKED_IDENTITY,True,1215200,1.2152,49300,73000,1104500,0,0,0,0,0,,,,none,x509-revoked_uav_0,0,False,242,16,
n10-identities_c1-conc_mech-x509-1backend_security-battery_r30_audit-off_20260831T021332Z,obs_d45be8ea6f6942f5b6e8384714ec064c,2026-08-31T02:13:40.788957+00:00,x509,unauthorised_operation,0,1,UAV-LIMITED,UNAUTHORISED_OPERATION,UNAUTHORISED_OPERATION,True,1904800,1.9048,43100,94000,1366000,0,297800,17500,0,0,,,,none,x509-unauthorised_operation_0,0,True,242,22,
n10-identities_c1-conc_mech-x509-1backend_security-battery_r30_audit-off_20260831T021332Z,obs_8811572707f84eb88c27c2e9013c4988,2026-08-31T02:13:40.798656+00:00,x509,unauthorised_operation,1,1,UAV-LIMITED,UNAUTHORISED_OPERATION,UNAUTHORISED_OPERATION,True,1745200,1.7452,50700,78100,1411200,0,152000,4300,0,0,,,,none,x509-unauthorised_operation_0,0,True,242,22,
n10-identities_c1-conc_mech-x509-1backend_security-battery_r30_audit-off_20260831T021332Z,obs_df74f157f2164c25a25e7725a62af978,2026-08-31T02:13:40.808979+00:00,x509,unauthorised_operation,0,1,UAV-LIMITED,UNAUTHORISED_OPERATION,UNAUTHORISED_OPERATION,True,3018200,3.0182,71000,117100,2507300,0,224400,5900,0,0,,,,none,x509-unauthorised_operation_0,0,False,242,22,
n10-identities_c1-conc_mech-x509-1backend_security-battery_r30_audit-off_20260831T021332Z,obs_5d40981c5f3b42e7a18ad9603b0dbbc3,2026-08-31T02:13:40.816595+00:00,x509,unauthorised_operation,1,1,UAV-LIMITED,UNAUTHORISED_OPERATION,UNAUTHORISED_OPERATION,True,1429300,1.4293,36500,81700,1059400,0,170900,4000,0,0,,,,none,x509-unauthorised_operation_0,0,False,242,22,
n10-identities_c1-conc_mech-x509-1backend_security-battery_r30_audit-off_20260831T021332Z,obs_ce66ff97391f4de296dd6cb723e00823,2026-08-31T02:13:40.823295+00:00,x509,unauthorised_operation,2,1,UAV-LIMITED,UNAUTHORISED_OPERATION,UNAUTHORISED_OPERATION,True,2015900,2.0159,31700,63700,1579700,0,242000,8900,0,0,,,,none,x509-unauthorised_operation_0,0,False,242,22,
n10-identities_c1-conc_mech-x509-1backend_security-battery_r30_audit-off_20260831T021332Z,obs_d9e3c504f640447d8e15af055207bdea,2026-08-31T02:13:40.831855+00:00,x509,unauthorised_operation,3,1,UAV-LIMITED,UNAUTHORISED_OPERATION,UNAUTHORISED_OPERATION,True,1779300,1.7793,34600,63600,1489600,0,136700,4300,0,0,,,,none,x509-unauthorised_operation_0,0,False,241,22,
n10-identities_c1-conc_mech-x509-1backend_security-battery_r30_audit-off_20260831T021332Z,obs_ac7dfc2bbe6946d48481eddcf1c747fe,2026-08-31T02:13:40.842393+00:00,x509,unauthorised_operation,4,1,UAV-LIMITED,UNAUTHORISED_OPERATION,UNAUTHORISED_OPERATION,True,5017300,5.0173,31900,60100,4544700,0,264300,8600,0,0,,,,none,x509-unauthorised_operation_0,0,False,241,22,
n10-identities_c1-conc_mech-x509-1backend_security-battery_r30_audit-off_20260831T021332Z,obs_949c1c7fe1044809b1fa5cf39cfd9734,2026-08-31T02:13:40.850683+00:00,x509,unauthorised_operation,5,1,UAV-LIMITED,UNAUTHORISED_OPERATION,UNAUTHORISED_OPERATION,True,1855700,1.8557,48900,95700,1459400,0,190100,4800,0,0,,,,none,x509-unauthorised_operation_0,0,False,241,22,
n10-identities_c1-conc_mech-x509-1backend_security-battery_r30_audit-off_20260831T021332Z,obs_1cba47d8817e4da7842c70c71bf831f8,2026-08-31T02:13:40.862808+00:00,x509,unauthorised_operation,6,1,UAV-LIMITED,UNAUTHORISED_OPERATION,UNAUTHORISED_OPERATION,True,2210200,2.2102,53900,94600,1765600,0,224100,5800,0,0,,,,none,x509-unauthorised_operation_0,0,False,242,22,
n10-identities_c1-conc_mech-x509-1backend_security-battery_r30_audit-off_20260831T021332Z,obs_2438c266772d474c8614005a1285cd26,2026-08-31T02:13:40.870998+00:00,x509,unauthorised_operation,7,1,UAV-LIMITED,UNAUTHORISED_OPERATION,UNAUTHORISED_OPERATION,True,1846100,1.8461,47200,63800,1473800,0,197700,5900,0,0,,,,none,x509-unauthorised_operation_0,0,False,243,22,
n10-identities_c1-conc_mech-x509-1backend_security-battery_r30_audit-off_20260831T021332Z,obs_3a86ef5dc6144cefa51f0ef5b6c63f5a,2026-08-31T02:13:40.879884+00:00,x509,unauthorised_operation,8,1,UAV-LIMITED,UNAUTHORISED_OPERATION,UNAUTHORISED_OPERATION,True,1361400,1.3614,38400,66500,1079300,0,137100,3600,0,0,,,,none,x509-unauthorised_operation_0,0,False,243,22,
n10-identities_c1-conc_mech-x509-1backend_security-battery_r30_audit-off_20260831T021332Z,obs_2fc1f432bb224e4f850a8b51f3e15b4e,2026-08-31T02:13:40.888765+00:00,x509,unauthorised_operation,9,1,UAV-LIMITED,UNAUTHORISED_OPERATION,UNAUTHORISED_OPERATION,True,3488900,3.4889,46200,89900,3057300,0,208900,6000,0,0,,,,none,x509-unauthorised_operation_0,0,False,243,22,
n10-identities_c1-conc_mech-x509-1backend_security-battery_r30_audit-off_20260831T021332Z,obs_4347c82c67c642f780b3bf14c388e5f5,2026-08-31T02:13:40.897796+00:00,x509,unauthorised_operation,10,1,UAV-LIMITED,UNAUTHORISED_OPERATION,UNAUTHORISED_OPERATION,True,2285600,2.2856,38100,77900,1856200,0,224000,6500,0,0,,,,none,x509-unauthorised_operation_0,0,False,241,22,
n10-identities_c1-conc_mech-x509-1backend_security-battery_r30_audit-off_20260831T021332Z,obs_8b7a95ceced64ac6b42e5c2b6a694206,2026-08-31T02:13:40.907145+00:00,x509,unauthorised_operation,11,1,UAV-LIMITED,UNAUTHORISED_OPERATION,UNAUTHORISED_OPERATION,True,2281600,2.2816,35700,112000,1825100,0,207700,5300,0,0,,,,none,x509-unauthorised_operation_0,0,False,243,22,
n10-identities_c1-conc_mech-x509-1backend_security-battery_r30_audit-off_20260831T021332Z,obs_a93b9d38198d4185b071da134a6546a4,2026-08-31T02:13:40.915852+00:00,x509,unauthorised_operation,12,1,UAV-LIMITED,UNAUTHORISED_OPERATION,UNAUTHORISED_OPERATION,True,1743600,1.7436,42900,83300,1390400,0,170400,4500,0,0,,,,none,x509-unauthorised_operation_0,0,False,242,22,
n10-identities_c1-conc_mech-x509-1backend_security-battery_r30_audit-off_20260831T021332Z,obs_6eb813df85634ab8a9ed6d7a877461a3,2026-08-31T02:13:40.924066+00:00,x509,unauthorised_operation,13,1,UAV-LIMITED,UNAUTHORISED_OPERATION,UNAUTHORISED_OPERATION,True,2074000,2.074,32600,75100,1700200,0,188300,4000,0,0,,,,none,x509-unauthorised_operation_0,0,False,241,22,
n10-identities_c1-conc_mech-x509-1backend_security-battery_r30_audit-off_20260831T021332Z,obs_b9aaec32043f418ea790587c5fe75ff5,2026-08-31T02:13:40.930671+00:00,x509,unauthorised_operation,14,1,UAV-LIMITED,UNAUTHORISED_OPERATION,UNAUTHORISED_OPERATION,True,1355500,1.3555,35400,58600,1102900,0,119400,3900,0,0,,,,none,x509-unauthorised_operation_0,0,False,242,22,
n10-identities_c1-conc_mech-x509-1backend_security-battery_r30_audit-off_20260831T021332Z,obs_d97c9013f97441b28fe11905d1fb3faa,2026-08-31T02:13:40.938318+00:00,x509,unauthorised_operation,15,1,UAV-LIMITED,UNAUTHORISED_OPERATION,UNAUTHORISED_OPERATION,True,1601400,1.6014,33300,56600,1233900,0,210200,6200,0,0,,,,none,x509-unauthorised_operation_0,0,False,242,22,
n10-identities_c1-conc_mech-x509-1backend_security-battery_r30_audit-off_20260831T021332Z,obs_bc5930a1e1464967a7b12000e8a2a42f,2026-08-31T02:13:40.945508+00:00,x509,unauthorised_operation,16,1,UAV-LIMITED,UNAUTHORISED_OPERATION,UNAUTHORISED_OPERATION,True,1333200,1.3332,46600,60800,1075200,0,122100,3900,0,0,,,,none,x509-unauthorised_operation_0,0,False,242,22,
n10-identities_c1-conc_mech-x509-1backend_security-battery_r30_audit-off_20260831T021332Z,obs_2a0f1f5fc7cf4263821cc50eb3ca64c7,2026-08-31T02:13:40.952917+00:00,x509,unauthorised_operation,17,1,UAV-LIMITED,UNAUTHORISED_OPERATION,UNAUTHORISED_OPERATION,True,1388600,1.3886,34200,85500,1047800,0,166500,5600,0,0,,,,none,x509-unauthorised_operation_0,0,False,241,22,
n10-identities_c1-conc_mech-x509-1backend_security-battery_r30_audit-off_20260831T021332Z,obs_75a7d3848cd84f24bb199d56ef1924bc,2026-08-31T02:13:40.961766+00:00,x509,unauthorised_operation,18,1,UAV-LIMITED,UNAUTHORISED_OPERATION,UNAUTHORISED_OPERATION,True,1475600,1.4756,45100,82600,1116900,0,172900,3900,0,0,,,,none,x509-unauthorised_operation_0,0,False,241,22,
n10-identities_c1-conc_mech-x509-1backend_security-battery_r30_audit-off_20260831T021332Z,obs_4f0ccd94204049ab910bc32e63e0faff,2026-08-31T02:13:40.970225+00:00,x509,unauthorised_operation,19,1,UAV-LIMITED,UNAUTHORISED_OPERATION,UNAUTHORISED_OPERATION,True,1790500,1.7905,58100,88400,1408000,0,183500,6100,0,0,,,,none,x509-unauthorised_operation_0,0,False,242,22,
n10-identities_c1-conc_mech-x509-1backend_security-battery_r30_audit-off_20260831T021332Z,obs_632ca768f8844a8f8fe3e16e699b55da,2026-08-31T02:13:40.979022+00:00,x509,unauthorised_operation,20,1,UAV-LIMITED,UNAUTHORISED_OPERATION,UNAUTHORISED_OPERATION,True,2077300,2.0773,34300,100700,1596200,0,225600,6300,0,0,,,,none,x509-unauthorised_operation_0,0,False,242,22,
n10-identities_c1-conc_mech-x509-1backend_security-battery_r30_audit-off_20260831T021332Z,obs_f3062a140be4468691467e2f2354a281,2026-08-31T02:13:40.987649+00:00,x509,unauthorised_operation,21,1,UAV-LIMITED,UNAUTHORISED_OPERATION,UNAUTHORISED_OPERATION,True,1766500,1.7665,39700,91300,1412500,0,166300,4200,0,0,,,,none,x509-unauthorised_operation_0,0,False,242,22,
n10-identities_c1-conc_mech-x509-1backend_security-battery_r30_audit-off_20260831T021332Z,obs_06460ba47c7249cebc1fdd0f3c7bafee,2026-08-31T02:13:40.996605+00:00,x509,unauthorised_operation,22,1,UAV-LIMITED,UNAUTHORISED_OPERATION,UNAUTHORISED_OPERATION,True,1997000,1.997,45300,94500,1648900,0,152000,3600,0,0,,,,none,x509-unauthorised_operation_0,0,False,243,22,
n10-identities_c1-conc_mech-x509-1backend_security-battery_r30_audit-off_20260831T021332Z,obs_69df41d0d04f48ba92041f8c2ca359ad,2026-08-31T02:13:41.006547+00:00,x509,unauthorised_operation,23,1,UAV-LIMITED,UNAUTHORISED_OPERATION,UNAUTHORISED_OPERATION,True,3684900,3.6849,43300,95800,3100800,0,331200,7800,0,0,,,,none,x509-unauthorised_operation_0,0,False,242,22,
n10-identities_c1-conc_mech-x509-1backend_security-battery_r30_audit-off_20260831T021332Z,obs_8aebea4de5214a50a35d615d5ef128f3,2026-08-31T02:13:41.021699+00:00,x509,unauthorised_operation,24,1,UAV-LIMITED,UNAUTHORISED_OPERATION,UNAUTHORISED_OPERATION,True,2294000,2.294,54600,101000,1687900,0,368500,7600,0,0,,,,none,x509-unauthorised_operation_0,0,False,242,22,
n10-identities_c1-conc_mech-x509-1backend_security-battery_r30_audit-off_20260831T021332Z,obs_8afdafafe7c248d58d68b616e2b440b3,2026-08-31T02:13:41.030385+00:00,x509,unauthorised_operation,25,1,UAV-LIMITED,UNAUTHORISED_OPERATION,UNAUTHORISED_OPERATION,True,1599700,1.5997,35100,85800,1205600,0,193100,5600,0,0,,,,none,x509-unauthorised_operation_0,0,False,242,22,
n10-identities_c1-conc_mech-x509-1backend_security-battery_r30_audit-off_20260831T021332Z,obs_5cb3d9767e2c4f23af2cb267f1106f6e,2026-08-31T02:13:41.036698+00:00,x509,unauthorised_operation,26,1,UAV-LIMITED,UNAUTHORISED_OPERATION,UNAUTHORISED_OPERATION,True,1543800,1.5438,28600,54700,1220300,0,174500,4400,0,0,,,,none,x509-unauthorised_operation_0,0,False,241,22,
n10-identities_c1-conc_mech-x509-1backend_security-battery_r30_audit-off_20260831T021332Z,obs_b7dab433be86449494854053c6e3bfea,2026-08-31T02:13:41.045513+00:00,x509,unauthorised_operation,27,1,UAV-LIMITED,UNAUTHORISED_OPERATION,UNAUTHORISED_OPERATION,True,1246000,1.246,34400,58600,999300,0,118700,3000,0,0,,,,none,x509-unauthorised_operation_0,0,False,240,22,
n10-identities_c1-conc_mech-x509-1backend_security-battery_r30_audit-off_20260831T021332Z,obs_50a899c7a0a14c9db21249a6f4bf977a,2026-08-31T02:13:41.051115+00:00,x509,unauthorised_operation,28,1,UAV-LIMITED,UNAUTHORISED_OPERATION,UNAUTHORISED_OPERATION,True,1338100,1.3381,30200,55500,1065100,0,141300,4000,0,0,,,,none,x509-unauthorised_operation_0,0,False,243,22,
n10-identities_c1-conc_mech-x509-1backend_security-battery_r30_audit-off_20260831T021332Z,obs_0dd0458514ac4450837804ee2e4bd227,2026-08-31T02:13:41.058317+00:00,x509,unauthorised_operation,29,1,UAV-LIMITED,UNAUTHORISED_OPERATION,UNAUTHORISED_OPERATION,True,2260800,2.2608,55500,85200,1748500,0,287600,6900,0,0,,,,none,x509-unauthorised_operation_0,0,False,242,22,
n10-identities_c1-conc_mech-x509-1backend_security-battery_r30_audit-off_20260831T021332Z,obs_86232c02d610489aad4c119e8e1fbdaf,2026-08-31T02:13:41.082213+00:00,x509,malformed,0,1,UAV-VALID,MALFORMED_REQUEST,MALFORMED_REQUEST,True,18000,0.018,50900,0,0,0,0,0,0,0,,,,none,x509-malformed_0,0,True,26,17,malformed authentication object: missing magic
n10-identities_c1-conc_mech-x509-1backend_security-battery_r30_audit-off_20260831T021332Z,obs_727d785739724a779ae8b790fdc8604b,2026-08-31T02:13:41.088625+00:00,x509,malformed,1,1,UAV-VALID,MALFORMED_REQUEST,MALFORMED_REQUEST,True,16800,0.0168,64800,0,0,0,0,0,0,0,,,,none,x509-malformed_0,0,True,26,17,malformed authentication object: missing magic
n10-identities_c1-conc_mech-x509-1backend_security-battery_r30_audit-off_20260831T021332Z,obs_bdeb0f6e9a044a148785f221d6ab1268,2026-08-31T02:13:41.095568+00:00,x509,malformed,0,1,UAV-VALID,MALFORMED_REQUEST,MALFORMED_REQUEST,True,10100,0.0101,52200,0,0,0,0,0,0,0,,,,none,x509-malformed_0,0,False,26,17,malformed authentication object: missing magic
n10-identities_c1-conc_mech-x509-1backend_security-battery_r30_audit-off_20260831T021332Z,obs_ffa86d24010549a2b4a06704baeba4b0,2026-08-31T02:13:41.102054+00:00,x509,malformed,1,1,UAV-VALID,MALFORMED_REQUEST,MALFORMED_REQUEST,True,9600,0.0096,37900,0,0,0,0,0,0,0,,,,none,x509-malformed_0,0,False,26,17,malformed authentication object: missing magic
n10-identities_c1-conc_mech-x509-1backend_security-battery_r30_audit-off_20260831T021332Z,obs_a33f42d5bc28427bb5a60fc1061e2e8f,2026-08-31T02:13:41.127002+00:00,x509,malformed,2,1,UAV-VALID,MALFORMED_REQUEST,MALFORMED_REQUEST,True,8800,0.0088,34800,0,0,0,0,0,0,0,,,,none,x509-malformed_0,0,False,26,17,malformed authentication object: missing magic
n10-identities_c1-conc_mech-x509-1backend_security-battery_r30_audit-off_20260831T021332Z,obs_576bb1ee4606417e8f154ff3c08cd928,2026-08-31T02:13:41.132501+00:00,x509,malformed,3,1,UAV-VALID,MALFORMED_REQUEST,MALFORMED_REQUEST,True,10700,0.0107,43600,0,0,0,0,0,0,0,,,,none,x509-malformed_0,0,False,26,17,malformed authentication object: missing magic
n10-identities_c1-conc_mech-x509-1backend_security-battery_r30_audit-off_20260831T021332Z,obs_f5a4413453d3474290232259184cbc14,2026-08-31T02:13:41.140161+00:00,x509,malformed,4,1,UAV-VALID,MALFORMED_REQUEST,MALFORMED_REQUEST,True,18300,0.0183,51300,0,0,0,0,0,0,0,,,,none,x509-malformed_0,0,False,26,17,malformed authentication object: missing magic
n10-identities_c1-conc_mech-x509-1backend_security-battery_r30_audit-off_20260831T021332Z,obs_9f793f0e4936455aa150b7e1b151b285,2026-08-31T02:13:41.144966+00:00,x509,malformed,5,1,UAV-VALID,MALFORMED_REQUEST,MALFORMED_REQUEST,True,9800,0.0098,43000,0,0,0,0,0,0,0,,,,none,x509-malformed_0,0,False,26,17,malformed authentication object: missing magic
n10-identities_c1-conc_mech-x509-1backend_security-battery_r30_audit-off_20260831T021332Z,obs_8f7812aab5f44f64bade0a246f1b5a65,2026-08-31T02:13:41.149511+00:00,x509,malformed,6,1,UAV-VALID,MALFORMED_REQUEST,MALFORMED_REQUEST,True,7300,0.0073,30100,0,0,0,0,0,0,0,,,,none,x509-malformed_0,0,False,26,17,malformed authentication object: missing magic
n10-identities_c1-conc_mech-x509-1backend_security-battery_r30_audit-off_20260831T021332Z,obs_aa82a3c6fb714b1597bd604d007d0173,2026-08-31T02:13:41.155048+00:00,x509,malformed,7,1,UAV-VALID,MALFORMED_REQUEST,MALFORMED_REQUEST,True,8900,0.0089,36800,0,0,0,0,0,0,0,,,,none,x509-malformed_0,0,False,26,17,malformed authentication object: missing magic
n10-identities_c1-conc_mech-x509-1backend_security-battery_r30_audit-off_20260831T021332Z,obs_3b0b7f2f544f448bb23d111fe8b107c0,2026-08-31T02:13:41.159695+00:00,x509,malformed,8,1,UAV-VALID,MALFORMED_REQUEST,MALFORMED_REQUEST,True,7200,0.0072,32300,0,0,0,0,0,0,0,,,,none,x509-malformed_0,0,False,26,17,malformed authentication object: missing magic
n10-identities_c1-conc_mech-x509-1backend_security-battery_r30_audit-off_20260831T021332Z,obs_873039031f7b4a45bd6ba28c383dda58,2026-08-31T02:13:41.163555+00:00,x509,malformed,9,1,UAV-VALID,MALFORMED_REQUEST,MALFORMED_REQUEST,True,6400,0.0064,29300,0,0,0,0,0,0,0,,,,none,x509-malformed_0,0,False,26,17,malformed authentication object: missing magic
n10-identities_c1-conc_mech-x509-1backend_security-battery_r30_audit-off_20260831T021332Z,obs_2fba02a6b5f74a2fa085a77191122372,2026-08-31T02:13:41.168229+00:00,x509,malformed,10,1,UAV-VALID,MALFORMED_REQUEST,MALFORMED_REQUEST,True,12000,0.012,67100,0,0,0,0,0,0,0,,,,none,x509-malformed_0,0,False,26,17,malformed authentication object: missing magic
n10-identities_c1-conc_mech-x509-1backend_security-battery_r30_audit-off_20260831T021332Z,obs_3b7cf7e13ea84147afe54f62e417bb3c,2026-08-31T02:13:41.173393+00:00,x509,malformed,11,1,UAV-VALID,MALFORMED_REQUEST,MALFORMED_REQUEST,True,8900,0.0089,41700,0,0,0,0,0,0,0,,,,none,x509-malformed_0,0,False,26,17,malformed authentication object: missing magic
n10-identities_c1-conc_mech-x509-1backend_security-battery_r30_audit-off_20260831T021332Z,obs_6a8840dc2d5448299e9147ebdcc8f9d4,2026-08-31T02:13:41.177413+00:00,x509,malformed,12,1,UAV-VALID,MALFORMED_REQUEST,MALFORMED_REQUEST,True,6400,0.0064,30100,0,0,0,0,0,0,0,,,,none,x509-malformed_0,0,False,26,17,malformed authentication object: missing magic
n10-identities_c1-conc_mech-x509-1backend_security-battery_r30_audit-off_20260831T021332Z,obs_1088d743214548bbb36eb20fbdd50a8c,2026-08-31T02:13:41.181118+00:00,x509,malformed,13,1,UAV-VALID,MALFORMED_REQUEST,MALFORMED_REQUEST,True,6800,0.0068,28300,0,0,0,0,0,0,0,,,,none,x509-malformed_0,0,False,26,17,malformed authentication object: missing magic
n10-identities_c1-conc_mech-x509-1backend_security-battery_r30_audit-off_20260831T021332Z,obs_ae76c52ada9c46a9ac840592659dc8a5,2026-08-31T02:13:41.188050+00:00,x509,malformed,14,1,UAV-VALID,MALFORMED_REQUEST,MALFORMED_REQUEST,True,18100,0.0181,62600,0,0,0,0,0,0,0,,,,none,x509-malformed_0,0,False,26,17,malformed authentication object: missing magic
n10-identities_c1-conc_mech-x509-1backend_security-battery_r30_audit-off_20260831T021332Z,obs_66b0b3c27b62410780e548a382486691,2026-08-31T02:13:41.196133+00:00,x509,malformed,15,1,UAV-VALID,MALFORMED_REQUEST,MALFORMED_REQUEST,True,12800,0.0128,58200,0,0,0,0,0,0,0,,,,none,x509-malformed_0,0,False,26,17,malformed authentication object: missing magic
n10-identities_c1-conc_mech-x509-1backend_security-battery_r30_audit-off_20260831T021332Z,obs_16f8cbcc76e745258c914219e234f354,2026-08-31T02:13:41.204488+00:00,x509,malformed,16,1,UAV-VALID,MALFORMED_REQUEST,MALFORMED_REQUEST,True,11600,0.0116,58900,0,0,0,0,0,0,0,,,,none,x509-malformed_0,0,False,26,17,malformed authentication object: missing magic
n10-identities_c1-conc_mech-x509-1backend_security-battery_r30_audit-off_20260831T021332Z,obs_db63728df51b426b90f4de80133cca67,2026-08-31T02:13:41.213766+00:00,x509,malformed,17,1,UAV-VALID,MALFORMED_REQUEST,MALFORMED_REQUEST,True,14200,0.0142,65900,0,0,0,0,0,0,0,,,,none,x509-malformed_0,0,False,26,17,malformed authentication object: missing magic
n10-identities_c1-conc_mech-x509-1backend_security-battery_r30_audit-off_20260831T021332Z,obs_6f799e6124ee4aaca5bd672e95c17b50,2026-08-31T02:13:41.222165+00:00,x509,malformed,18,1,UAV-VALID,MALFORMED_REQUEST,MALFORMED_REQUEST,True,10000,0.01,57300,0,0,0,0,0,0,0,,,,none,x509-malformed_0,0,False,26,17,malformed authentication object: missing magic
n10-identities_c1-conc_mech-x509-1backend_security-battery_r30_audit-off_20260831T021332Z,obs_b26f5893863742b486395085bb19a5d0,2026-08-31T02:13:41.230723+00:00,x509,malformed,19,1,UAV-VALID,MALFORMED_REQUEST,MALFORMED_REQUEST,True,12400,0.0124,76700,0,0,0,0,0,0,0,,,,none,x509-malformed_0,0,False,26,17,malformed authentication object: missing magic
n10-identities_c1-conc_mech-x509-1backend_security-battery_r30_audit-off_20260831T021332Z,obs_9ab85006bc01497faace50ffa1f32953,2026-08-31T02:13:41.237905+00:00,x509,malformed,20,1,UAV-VALID,MALFORMED_REQUEST,MALFORMED_REQUEST,True,13200,0.0132,50900,0,0,0,0,0,0,0,,,,none,x509-malformed_0,0,False,26,17,malformed authentication object: missing magic
n10-identities_c1-conc_mech-x509-1backend_security-battery_r30_audit-off_20260831T021332Z,obs_2c8222430cae429a8347788a3e324653,2026-08-31T02:13:41.245958+00:00,x509,malformed,21,1,UAV-VALID,MALFORMED_REQUEST,MALFORMED_REQUEST,True,12300,0.0123,55300,0,0,0,0,0,0,0,,,,none,x509-malformed_0,0,False,26,17,malformed authentication object: missing magic
n10-identities_c1-conc_mech-x509-1backend_security-battery_r30_audit-off_20260831T021332Z,obs_53b91347f48a4a53aec1281260a5beee,2026-08-31T02:13:41.253629+00:00,x509,malformed,22,1,UAV-VALID,MALFORMED_REQUEST,MALFORMED_REQUEST,True,11600,0.0116,50500,0,0,0,0,0,0,0,,,,none,x509-malformed_0,0,False,26,17,malformed authentication object: missing magic
n10-identities_c1-conc_mech-x509-1backend_security-battery_r30_audit-off_20260831T021332Z,obs_ee74fa2ed2d5417d9d374682b3c0e8e2,2026-08-31T02:13:41.261334+00:00,x509,malformed,23,1,UAV-VALID,MALFORMED_REQUEST,MALFORMED_REQUEST,True,12000,0.012,55000,0,0,0,0,0,0,0,,,,none,x509-malformed_0,0,False,26,17,malformed authentication object: missing magic
n10-identities_c1-conc_mech-x509-1backend_security-battery_r30_audit-off_20260831T021332Z,obs_3b119249a74a4254b7e03b43de27f646,2026-08-31T02:13:41.268819+00:00,x509,malformed,24,1,UAV-VALID,MALFORMED_REQUEST,MALFORMED_REQUEST,True,11600,0.0116,49500,0,0,0,0,0,0,0,,,,none,x509-malformed_0,0,False,26,17,malformed authentication object: missing magic
n10-identities_c1-conc_mech-x509-1backend_security-battery_r30_audit-off_20260831T021332Z,obs_10b6ff0940fb44e69463c7ac22438a1b,2026-08-31T02:13:41.278334+00:00,x509,malformed,25,1,UAV-VALID,MALFORMED_REQUEST,MALFORMED_REQUEST,True,13000,0.013,56500,0,0,0,0,0,0,0,,,,none,x509-malformed_0,0,False,26,17,malformed authentication object: missing magic
n10-identities_c1-conc_mech-x509-1backend_security-battery_r30_audit-off_20260831T021332Z,obs_d1bcb43f783f42c78a70a411743180cf,2026-08-31T02:13:41.285546+00:00,x509,malformed,26,1,UAV-VALID,MALFORMED_REQUEST,MALFORMED_REQUEST,True,98300,0.0983,49000,0,0,0,0,0,0,0,,,,none,x509-malformed_0,0,False,26,17,malformed authentication object: missing magic
n10-identities_c1-conc_mech-x509-1backend_security-battery_r30_audit-off_20260831T021332Z,obs_32703b1465c14ee9bb91a371e92ca27b,2026-08-31T02:13:41.295819+00:00,x509,malformed,27,1,UAV-VALID,MALFORMED_REQUEST,MALFORMED_REQUEST,True,13000,0.013,54100,0,0,0,0,0,0,0,,,,none,x509-malformed_0,0,False,26,17,malformed authentication object: missing magic
n10-identities_c1-conc_mech-x509-1backend_security-battery_r30_audit-off_20260831T021332Z,obs_b62817065b214b01a492dc3e65d74f79,2026-08-31T02:13:41.303345+00:00,x509,malformed,28,1,UAV-VALID,MALFORMED_REQUEST,MALFORMED_REQUEST,True,10900,0.0109,50600,0,0,0,0,0,0,0,,,,none,x509-malformed_0,0,False,26,17,malformed authentication object: missing magic
n10-identities_c1-conc_mech-x509-1backend_security-battery_r30_audit-off_20260831T021332Z,obs_caa0699e718d40e298eda304e122ce77,2026-08-31T02:13:41.313025+00:00,x509,malformed,29,1,UAV-VALID,MALFORMED_REQUEST,MALFORMED_REQUEST,True,14100,0.0141,92900,0,0,0,0,0,0,0,,,,none,x509-malformed_0,0,False,26,17,malformed authentication object: missing magic
n10-identities_c1-conc_mech-x509-1backend_security-battery_r30_audit-off_20260831T021332Z,obs_185337653c264e50906c040d96cc9ecd,2026-08-31T02:13:41.395086+00:00,x509,expired_certificate,0,1,UAV-EXPIRED,CERTIFICATE_EXPIRED,CERTIFICATE_EXPIRED,True,181400,0.1814,35000,110100,22700,0,0,0,0,0,,,,none,x509-expired_certificate_0,0,True,241,19,
n10-identities_c1-conc_mech-x509-1backend_security-battery_r30_audit-off_20260831T021332Z,obs_d16648afbcb44d8f811ee995ffebb0d5,2026-08-31T02:13:41.402065+00:00,x509,expired_certificate,1,1,UAV-EXPIRED,CERTIFICATE_EXPIRED,CERTIFICATE_EXPIRED,True,174600,0.1746,48800,100400,23600,0,0,0,0,0,,,,none,x509-expired_certificate_0,0,True,240,19,
n10-identities_c1-conc_mech-x509-1backend_security-battery_r30_audit-off_20260831T021332Z,obs_093857afd80a46e4aadfe67c919c5169,2026-08-31T02:13:41.409435+00:00,x509,expired_certificate,0,1,UAV-EXPIRED,CERTIFICATE_EXPIRED,CERTIFICATE_EXPIRED,True,114900,0.1149,45200,64600,16400,0,0,0,0,0,,,,none,x509-expired_certificate_0,0,False,242,19,
n10-identities_c1-conc_mech-x509-1backend_security-battery_r30_audit-off_20260831T021332Z,obs_2a6c8f898b48415f994b001a997bad4f,2026-08-31T02:13:41.414195+00:00,x509,expired_certificate,1,1,UAV-EXPIRED,CERTIFICATE_EXPIRED,CERTIFICATE_EXPIRED,True,136700,0.1367,29200,78100,19600,0,0,0,0,0,,,,none,x509-expired_certificate_0,0,False,242,19,
n10-identities_c1-conc_mech-x509-1backend_security-battery_r30_audit-off_20260831T021332Z,obs_c76a54e4bcc943c9bb9e5f6e87891b67,2026-08-31T02:13:41.422466+00:00,x509,expired_certificate,2,1,UAV-EXPIRED,CERTIFICATE_EXPIRED,CERTIFICATE_EXPIRED,True,261400,0.2614,45900,155800,24400,0,0,0,0,0,,,,none,x509-expired_certificate_0,0,False,242,19,
n10-identities_c1-conc_mech-x509-1backend_security-battery_r30_audit-off_20260831T021332Z,obs_e03cb44c01aa4bedb9b04f5520a861e4,2026-08-31T02:13:41.428342+00:00,x509,expired_certificate,3,1,UAV-EXPIRED,CERTIFICATE_EXPIRED,CERTIFICATE_EXPIRED,True,151300,0.1513,35600,88800,20300,0,0,0,0,0,,,,none,x509-expired_certificate_0,0,False,241,19,
n10-identities_c1-conc_mech-x509-1backend_security-battery_r30_audit-off_20260831T021332Z,obs_795f108d71234da690018e3f5f153373,2026-08-31T02:13:41.434788+00:00,x509,expired_certificate,4,1,UAV-EXPIRED,CERTIFICATE_EXPIRED,CERTIFICATE_EXPIRED,True,144600,0.1446,48800,82900,20600,0,0,0,0,0,,,,none,x509-expired_certificate_0,0,False,242,19,
n10-identities_c1-conc_mech-x509-1backend_security-battery_r30_audit-off_20260831T021332Z,obs_0b7806b83a244681809da4d25aaf2b94,2026-08-31T02:13:41.442752+00:00,x509,expired_certificate,5,1,UAV-EXPIRED,CERTIFICATE_EXPIRED,CERTIFICATE_EXPIRED,True,221800,0.2218,51200,126500,30300,0,0,0,0,0,,,,none,x509-expired_certificate_0,0,False,242,19,
n10-identities_c1-conc_mech-x509-1backend_security-battery_r30_audit-off_20260831T021332Z,obs_6f21f102de1e4e1882607d825e3d1fdd,2026-08-31T02:13:41.450655+00:00,x509,expired_certificate,6,1,UAV-EXPIRED,CERTIFICATE_EXPIRED,CERTIFICATE_EXPIRED,True,174700,0.1747,40100,99700,24400,0,0,0,0,0,,,,none,x509-expired_certificate_0,0,False,242,19,
n10-identities_c1-conc_mech-x509-1backend_security-battery_r30_audit-off_20260831T021332Z,obs_a9f84df2fd0c4439b4da78f91aa22a61,2026-08-31T02:13:41.457607+00:00,x509,expired_certificate,7,1,UAV-EXPIRED,CERTIFICATE_EXPIRED,CERTIFICATE_EXPIRED,True,209500,0.2095,58800,137400,22100,0,0,0,0,0,,,,none,x509-expired_certificate_0,0,False,242,19,
n10-identities_c1-conc_mech-x509-1backend_security-battery_r30_audit-off_20260831T021332Z,obs_36d4b35317fc4f49b633892307195d7e,2026-08-31T02:13:41.465866+00:00,x509,expired_certificate,8,1,UAV-EXPIRED,CERTIFICATE_EXPIRED,CERTIFICATE_EXPIRED,True,211700,0.2117,92100,124800,28100,0,0,0,0,0,,,,none,x509-expired_certificate_0,0,False,242,19,
n10-identities_c1-conc_mech-x509-1backend_security-battery_r30_audit-off_20260831T021332Z,obs_b1429bb1af2d412a9e937cf9bd3cb378,2026-08-31T02:13:41.473447+00:00,x509,expired_certificate,9,1,UAV-EXPIRED,CERTIFICATE_EXPIRED,CERTIFICATE_EXPIRED,True,162600,0.1626,42000,92600,22800,0,0,0,0,0,,,,none,x509-expired_certificate_0,0,False,240,19,
n10-identities_c1-conc_mech-x509-1backend_security-battery_r30_audit-off_20260831T021332Z,obs_cededf884e36483fa6601a88e86851cb,2026-08-31T02:13:41.481180+00:00,x509,expired_certificate,10,1,UAV-EXPIRED,CERTIFICATE_EXPIRED,CERTIFICATE_EXPIRED,True,113200,0.1132,45800,65700,15000,0,0,0,0,0,,,,none,x509-expired_certificate_0,0,False,241,19,
n10-identities_c1-conc_mech-x509-1backend_security-battery_r30_audit-off_20260831T021332Z,obs_27ab0b2b6135405babae1c5671e5316d,2026-08-31T02:13:41.489430+00:00,x509,expired_certificate,11,1,UAV-EXPIRED,CERTIFICATE_EXPIRED,CERTIFICATE_EXPIRED,True,327600,0.3276,40300,238200,27100,0,0,0,0,0,,,,none,x509-expired_certificate_0,0,False,242,19,
n10-identities_c1-conc_mech-x509-1backend_security-battery_r30_audit-off_20260831T021332Z,obs_7f80df5b2fa145ba816761ef69748145,2026-08-31T02:13:41.495911+00:00,x509,expired_certificate,12,1,UAV-EXPIRED,CERTIFICATE_EXPIRED,CERTIFICATE_EXPIRED,True,175800,0.1758,39900,96600,23600,0,0,0,0,0,,,,none,x509-expired_certificate_0,0,False,241,19,
n10-identities_c1-conc_mech-x509-1backend_security-battery_r30_audit-off_20260831T021332Z,obs_ee31355aa44a46dfae874d07eceea647,2026-08-31T02:13:41.502453+00:00,x509,expired_certificate,13,1,UAV-EXPIRED,CERTIFICATE_EXPIRED,CERTIFICATE_EXPIRED,True,139300,0.1393,31400,78800,20200,0,0,0,0,0,,,,none,x509-expired_certificate_0,0,False,242,19,
n10-identities_c1-conc_mech-x509-1backend_security-battery_r30_audit-off_20260831T021332Z,obs_827ebce613bf46c1b9af320898954550,2026-08-31T02:13:41.510256+00:00,x509,expired_certificate,14,1,UAV-EXPIRED,CERTIFICATE_EXPIRED,CERTIFICATE_EXPIRED,True,122600,0.1226,50800,69900,17500,0,0,0,0,0,,,,none,x509-expired_certificate_0,0,False,240,19,
n10-identities_c1-conc_mech-x509-1backend_security-battery_r30_audit-off_20260831T021332Z,obs_d91099b8922141e294dd4beaa5df6711,2026-08-31T02:13:41.516491+00:00,x509,expired_certificate,15,1,UAV-EXPIRED,CERTIFICATE_EXPIRED,CERTIFICATE_EXPIRED,True,224300,0.2243,32400,160700,20600,0,0,0,0,0,,,,none,x509-expired_certificate_0,0,False,241,19,
n10-identities_c1-conc_mech-x509-1backend_security-battery_r30_audit-off_20260831T021332Z,obs_7a2ba05e0a9a4a59b83dfa7ffc2f656f,2026-08-31T02:13:41.525069+00:00,x509,expired_certificate,16,1,UAV-EXPIRED,CERTIFICATE_EXPIRED,CERTIFICATE_EXPIRED,True,170500,0.1705,53400,99600,21600,0,0,0,0,0,,,,none,x509-expired_certificate_0,0,False,242,19,
n10-identities_c1-conc_mech-x509-1backend_security-battery_r30_audit-off_20260831T021332Z,obs_12883437c3734ff9af14fbdd5b172454,2026-08-31T02:13:41.531733+00:00,x509,expired_certificate,17,1,UAV-EXPIRED,CERTIFICATE_EXPIRED,CERTIFICATE_EXPIRED,True,135000,0.135,39200,77900,20300,0,0,0,0,0,,,,none,x509-expired_certificate_0,0,False,241,19,
n10-identities_c1-conc_mech-x509-1backend_security-battery_r30_audit-off_20260831T021332Z,obs_8c939bb8602e4b969348499377268b54,2026-08-31T02:13:41.538274+00:00,x509,expired_certificate,18,1,UAV-EXPIRED,CERTIFICATE_EXPIRED,CERTIFICATE_EXPIRED,True,377800,0.3778,32800,123500,27800,0,0,0,0,0,,,,none,x509-expired_certificate_0,0,False,240,19,
n10-identities_c1-conc_mech-x509-1backend_security-battery_r30_audit-off_20260831T021332Z,obs_b5ecc7af12ee4d469f403b3d42d9deeb,2026-08-31T02:13:41.546557+00:00,x509,expired_certificate,19,1,UAV-EXPIRED,CERTIFICATE_EXPIRED,CERTIFICATE_EXPIRED,True,129800,0.1298,54400,71200,17200,0,0,0,0,0,,,,none,x509-expired_certificate_0,0,False,240,19,
n10-identities_c1-conc_mech-x509-1backend_security-battery_r30_audit-off_20260831T021332Z,obs_d855a019a9fd4f1cb51df1ef2287da1b,2026-08-31T02:13:41.551769+00:00,x509,expired_certificate,20,1,UAV-EXPIRED,CERTIFICATE_EXPIRED,CERTIFICATE_EXPIRED,True,107200,0.1072,39100,59800,16000,0,0,0,0,0,,,,none,x509-expired_certificate_0,0,False,241,19,
n10-identities_c1-conc_mech-x509-1backend_security-battery_r30_audit-off_20260831T021332Z,obs_a6ede6b7db5046eeacf3d97c34d1da6f,2026-08-31T02:13:41.558904+00:00,x509,expired_certificate,21,1,UAV-EXPIRED,CERTIFICATE_EXPIRED,CERTIFICATE_EXPIRED,True,117800,0.1178,47300,64500,18500,0,0,0,0,0,,,,none,x509-expired_certificate_0,0,False,241,19,
n10-identities_c1-conc_mech-x509-1backend_security-battery_r30_audit-off_20260831T021332Z,obs_ff5d8a94db02468ebcb66069d62125a6,2026-08-31T02:13:41.565261+00:00,x509,expired_certificate,22,1,UAV-EXPIRED,CERTIFICATE_EXPIRED,CERTIFICATE_EXPIRED,True,160600,0.1606,42900,96800,22900,0,0,0,0,0,,,,none,x509-expired_certificate_0,0,False,241,19,
n10-identities_c1-conc_mech-x509-1backend_security-battery_r30_audit-off_20260831T021332Z,obs_95f696ba4980453b9f71f9019c2c898e,2026-08-31T02:13:41.572368+00:00,x509,expired_certificate,23,1,UAV-EXPIRED,CERTIFICATE_EXPIRED,CERTIFICATE_EXPIRED,True,211700,0.2117,116100,103300,30600,0,0,0,0,0,,,,none,x509-expired_certificate_0,0,False,240,19,
n10-identities_c1-conc_mech-x509-1backend_security-battery_r30_audit-off_20260831T021332Z,obs_3456c0a213c243d1ae4a5d24721b6c84,2026-08-31T02:13:41.578563+00:00,x509,expired_certificate,24,1,UAV-EXPIRED,CERTIFICATE_EXPIRED,CERTIFICATE_EXPIRED,True,100600,0.1006,33100,55500,15200,0,0,0,0,0,,,,none,x509-expired_certificate_0,0,False,242,19,
n10-identities_c1-conc_mech-x509-1backend_security-battery_r30_audit-off_20260831T021332Z,obs_a0ee2c592f5f4b9ab1701dac70064b4a,2026-08-31T02:13:41.583114+00:00,x509,expired_certificate,25,1,UAV-EXPIRED,CERTIFICATE_EXPIRED,CERTIFICATE_EXPIRED,True,122800,0.1228,34500,67400,15300,0,0,0,0,0,,,,none,x509-expired_certificate_0,0,False,242,19,
n10-identities_c1-conc_mech-x509-1backend_security-battery_r30_audit-off_20260831T021332Z,obs_1c9eeb06de1246469c6f755fd7dcf662,2026-08-31T02:13:41.589996+00:00,x509,expired_certificate,26,1,UAV-EXPIRED,CERTIFICATE_EXPIRED,CERTIFICATE_EXPIRED,True,193700,0.1937,53600,106300,37700,0,0,0,0,0,,,,none,x509-expired_certificate_0,0,False,241,19,
n10-identities_c1-conc_mech-x509-1backend_security-battery_r30_audit-off_20260831T021332Z,obs_cb478898abd94524a54f9cbc4d61f07b,2026-08-31T02:13:41.596010+00:00,x509,expired_certificate,27,1,UAV-EXPIRED,CERTIFICATE_EXPIRED,CERTIFICATE_EXPIRED,True,146200,0.1462,47700,82700,21900,0,0,0,0,0,,,,none,x509-expired_certificate_0,0,False,242,19,
n10-identities_c1-conc_mech-x509-1backend_security-battery_r30_audit-off_20260831T021332Z,obs_5bc85253fed34a8f80bac508853d9534,2026-08-31T02:13:41.602960+00:00,x509,expired_certificate,28,1,UAV-EXPIRED,CERTIFICATE_EXPIRED,CERTIFICATE_EXPIRED,True,111500,0.1115,49900,62600,16200,0,0,0,0,0,,,,none,x509-expired_certificate_0,0,False,240,19,
n10-identities_c1-conc_mech-x509-1backend_security-battery_r30_audit-off_20260831T021332Z,obs_6b7e66f02f57435683724f0813c01993,2026-08-31T02:13:41.609428+00:00,x509,expired_certificate,29,1,UAV-EXPIRED,CERTIFICATE_EXPIRED,CERTIFICATE_EXPIRED,True,123000,0.123,49500,68200,17500,0,0,0,0,0,,,,none,x509-expired_certificate_0,0,False,242,19,
n10-identities_c1-conc_mech-x509-1backend_security-battery_r30_audit-off_20260831T021332Z,obs_55e39ee6c9074ef8ab2c852a80c5d1ed,2026-08-31T02:13:41.669601+00:00,x509,untrusted_issuer,0,1,UAV-UNTRUSTED,UNTRUSTED_ISSUER,UNTRUSTED_ISSUER,True,710000,0.71,48600,105500,554400,0,0,0,0,0,,,,none,x509-untrusted_issuer_0,0,True,243,16,
n10-identities_c1-conc_mech-x509-1backend_security-battery_r30_audit-off_20260831T021332Z,obs_333504929bf348f190ab3e04f88ce68d,2026-08-31T02:13:41.676948+00:00,x509,untrusted_issuer,1,1,UAV-UNTRUSTED,UNTRUSTED_ISSUER,UNTRUSTED_ISSUER,True,730100,0.7301,47300,85200,595700,0,0,0,0,0,,,,none,x509-untrusted_issuer_0,0,True,243,16,
n10-identities_c1-conc_mech-x509-1backend_security-battery_r30_audit-off_20260831T021332Z,obs_ee63222bb2fa4d07b9575924755e7220,2026-08-31T02:13:41.685542+00:00,x509,untrusted_issuer,0,1,UAV-UNTRUSTED,UNTRUSTED_ISSUER,UNTRUSTED_ISSUER,True,831700,0.8317,49200,103700,671900,0,0,0,0,0,,,,none,x509-untrusted_issuer_0,0,False,244,16,
n10-identities_c1-conc_mech-x509-1backend_security-battery_r30_audit-off_20260831T021332Z,obs_837601cf999f4569bd6bd4f9e8c6c8f7,2026-08-31T02:13:41.697925+00:00,x509,untrusted_issuer,1,1,UAV-UNTRUSTED,UNTRUSTED_ISSUER,UNTRUSTED_ISSUER,True,835700,0.8357,79100,97000,684500,0,0,0,0,0,,,,none,x509-untrusted_issuer_0,0,False,242,16,
n10-identities_c1-conc_mech-x509-1backend_security-battery_r30_audit-off_20260831T021332Z,obs_295cdfd0ba1d4fb0bd446469ce32a5c6,2026-08-31T02:13:41.706136+00:00,x509,untrusted_issuer,2,1,UAV-UNTRUSTED,UNTRUSTED_ISSUER,UNTRUSTED_ISSUER,True,1607700,1.6077,48400,551400,986200,0,0,0,0,0,,,,none,x509-untrusted_issuer_0,0,False,244,16,
n10-identities_c1-conc_mech-x509-1backend_security-battery_r30_audit-off_20260831T021332Z,obs_845b9895aebd443580b02b499ca5defb,2026-08-31T02:13:41.716674+00:00,x509,untrusted_issuer,3,1,UAV-UNTRUSTED,UNTRUSTED_ISSUER,UNTRUSTED_ISSUER,True,1137600,1.1376,44600,105100,972800,0,0,0,0,0,,,,none,x509-untrusted_issuer_0,0,False,244,16,
n10-identities_c1-conc_mech-x509-1backend_security-battery_r30_audit-off_20260831T021332Z,obs_7cb9334a2d9843cb90b84f58c77f3baa,2026-08-31T02:13:41.727519+00:00,x509,untrusted_issuer,4,1,UAV-UNTRUSTED,UNTRUSTED_ISSUER,UNTRUSTED_ISSUER,True,912300,0.9123,169100,115800,728500,0,0,0,0,0,,,,none,x509-untrusted_issuer_0,0,False,244,16,
n10-identities_c1-conc_mech-x509-1backend_security-battery_r30_audit-off_20260831T021332Z,obs_7d27c3c712ad4362a4fd5da19d11a216,2026-08-31T02:13:41.735448+00:00,x509,untrusted_issuer,5,1,UAV-UNTRUSTED,UNTRUSTED_ISSUER,UNTRUSTED_ISSUER,True,1063800,1.0638,54500,104100,899600,0,0,0,0,0,,,,none,x509-untrusted_issuer_0,0,False,242,16,
n10-identities_c1-conc_mech-x509-1backend_security-battery_r30_audit-off_20260831T021332Z,obs_d05b24e574d84595b765faf97b80167e,2026-08-31T02:13:41.746861+00:00,x509,untrusted_issuer,6,1,UAV-UNTRUSTED,UNTRUSTED_ISSUER,UNTRUSTED_ISSUER,True,975700,0.9757,59600,115900,793400,0,0,0,0,0,,,,none,x509-untrusted_issuer_0,0,False,242,16,
n10-identities_c1-conc_mech-x509-1backend_security-battery_r30_audit-off_20260831T021332Z,obs_22b07231a885488e8abd400c3125ca8d,2026-08-31T02:13:41.756667+00:00,x509,untrusted_issuer,7,1,UAV-UNTRUSTED,UNTRUSTED_ISSUER,UNTRUSTED_ISSUER,True,2178400,2.1784,39700,360500,1745700,0,0,0,0,0,,,,none,x509-untrusted_issuer_0,0,False,243,16,
n10-identities_c1-conc_mech-x509-1backend_security-battery_r30_audit-off_20260831T021332Z,obs_3b2604c032154d5f843afbd617b71a1a,2026-08-31T02:13:41.764958+00:00,x509,untrusted_issuer,8,1,UAV-UNTRUSTED,UNTRUSTED_ISSUER,UNTRUSTED_ISSUER,True,998200,0.9982,50600,68800,886500,0,0,0,0,0,,,,none,x509-untrusted_issuer_0,0,False,243,16,
n10-identities_c1-conc_mech-x509-1backend_security-battery_r30_audit-off_20260831T021332Z,obs_65e469e5740e411480716eb3b87ad6ab,2026-08-31T02:13:41.771412+00:00,x509,untrusted_issuer,9,1,UAV-UNTRUSTED,UNTRUSTED_ISSUER,UNTRUSTED_ISSUER,True,965700,0.9657,34300,61900,861800,0,0,0,0,0,,,,none,x509-untrusted_issuer_0,0,False,243,16,
n10-identities_c1-conc_mech-x509-1backend_security-battery_r30_audit-off_20260831T021332Z,obs_0125e7ec0c454f72b3e0f47c92415252,2026-08-31T02:13:41.781880+00:00,x509,untrusted_issuer,10,1,UAV-UNTRUSTED,UNTRUSTED_ISSUER,UNTRUSTED_ISSUER,True,884900,0.8849,51500,95300,736300,0,0,0,0,0,,,,none,x509-untrusted_issuer_0,0,False,243,16,
n10-identities_c1-conc_mech-x509-1backend_security-battery_r30_audit-off_20260831T021332Z,obs_a14cd6de12844e598ed4edea6bb4916e,2026-08-31T02:13:41.791586+00:00,x509,untrusted_issuer,11,1,UAV-UNTRUSTED,UNTRUSTED_ISSUER,UNTRUSTED_ISSUER,True,1907200,1.9072,81400,105500,1740700,0,0,0,0,0,,,,none,x509-untrusted_issuer_0,0,False,243,16,
n10-identities_c1-conc_mech-x509-1backend_security-battery_r30_audit-off_20260831T021332Z,obs_c6f3dd1a7d43434284c6900988a704f1,2026-08-31T02:13:41.798084+00:00,x509,untrusted_issuer,12,1,UAV-UNTRUSTED,UNTRUSTED_ISSUER,UNTRUSTED_ISSUER,True,517000,0.517,31000,67900,415300,0,0,0,0,0,,,,none,x509-untrusted_issuer_0,0,False,243,16,
n10-identities_c1-conc_mech-x509-1backend_security-battery_r30_audit-off_20260831T021332Z,obs_bf83538e261145ffb42786343cb2992f,2026-08-31T02:13:41.808607+00:00,x509,untrusted_issuer,13,1,UAV-UNTRUSTED,UNTRUSTED_ISSUER,UNTRUSTED_ISSUER,True,4174900,4.1749,42300,278900,3806600,0,0,0,0,0,,,,none,x509-untrusted_issuer_0,0,False,243,16,
n10-identities_c1-conc_mech-x509-1backend_security-battery_r30_audit-off_20260831T021332Z,obs_3233234d2df1409c9ba3a69205030571,2026-08-31T02:13:41.815712+00:00,x509,untrusted_issuer,14,1,UAV-UNTRUSTED,UNTRUSTED_ISSUER,UNTRUSTED_ISSUER,True,626200,0.6262,34900,62100,528800,0,0,0,0,0,,,,none,x509-untrusted_issuer_0,0,False,243,16,
n10-identities_c1-conc_mech-x509-1backend_security-battery_r30_audit-off_20260831T021332Z,obs_2303ea7971b04811a1b1cd8f471554c9,2026-08-31T02:13:41.824286+00:00,x509,untrusted_issuer,15,1,UAV-UNTRUSTED,UNTRUSTED_ISSUER,UNTRUSTED_ISSUER,True,847400,0.8474,46100,68700,736700,0,0,0,0,0,,,,none,x509-untrusted_issuer_0,0,False,243,16,
n10-identities_c1-conc_mech-x509-1backend_security-battery_r30_audit-off_20260831T021332Z,obs_b6d84cc33ee3435e9b2593ceab5a6f01,2026-08-31T02:13:41.832143+00:00,x509,untrusted_issuer,16,1,UAV-UNTRUSTED,UNTRUSTED_ISSUER,UNTRUSTED_ISSUER,True,716800,0.7168,48600,90100,579600,0,0,0,0,0,,,,none,x509-untrusted_issuer_0,0,False,243,16,
n10-identities_c1-conc_mech-x509-1backend_security-battery_r30_audit-off_20260831T021332Z,obs_caaf9d27f11c453aa3b3e8856d1433b3,2026-08-31T02:13:41.840975+00:00,x509,untrusted_issuer,17,1,UAV-UNTRUSTED,UNTRUSTED_ISSUER,UNTRUSTED_ISSUER,True,924300,0.9243,61800,114400,745900,0,0,0,0,0,,,,none,x509-untrusted_issuer_0,0,False,243,16,
n10-identities_c1-conc_mech-x509-1backend_security-battery_r30_audit-off_20260831T021332Z,obs_0d74af9959184356bc00659bf0827488,2026-08-31T02:13:41.848876+00:00,x509,untrusted_issuer,18,1,UAV-UNTRUSTED,UNTRUSTED_ISSUER,UNTRUSTED_ISSUER,True,802100,0.8021,46100,86100,672700,0,0,0,0,0,,,,none,x509-untrusted_issuer_0,0,False,244,16,
n10-identities_c1-conc_mech-x509-1backend_security-battery_r30_audit-off_20260831T021332Z,obs_bb1c92c72f52411a82b43905bf2faf1d,2026-08-31T02:13:41.856248+00:00,x509,untrusted_issuer,19,1,UAV-UNTRUSTED,UNTRUSTED_ISSUER,UNTRUSTED_ISSUER,True,888000,0.888,55400,106400,724000,0,0,0,0,0,,,,none,x509-untrusted_issuer_0,0,False,244,16,
n10-identities_c1-conc_mech-x509-1backend_security-battery_r30_audit-off_20260831T021332Z,obs_27cea91e122d4ef19ab98a538e6b974d,2026-08-31T02:13:41.863821+00:00,x509,untrusted_issuer,20,1,UAV-UNTRUSTED,UNTRUSTED_ISSUER,UNTRUSTED_ISSUER,True,707300,0.7073,42300,84300,576500,0,0,0,0,0,,,,none,x509-untrusted_issuer_0,0,False,243,16,
n10-identities_c1-conc_mech-x509-1backend_security-battery_r30_audit-off_20260831T021332Z,obs_1d9ecb62cb364691ac5bce061e11219c,2026-08-31T02:13:41.870744+00:00,x509,untrusted_issuer,21,1,UAV-UNTRUSTED,UNTRUSTED_ISSUER,UNTRUSTED_ISSUER,True,855600,0.8556,33300,64300,745200,0,0,0,0,0,,,,none,x509-untrusted_issuer_0,0,False,243,16,
n10-identities_c1-conc_mech-x509-1backend_security-battery_r30_audit-off_20260831T021332Z,obs_b9ebfc7ce98a4662bbb9a8a89ebb8d85,2026-08-31T02:13:41.877267+00:00,x509,untrusted_issuer,22,1,UAV-UNTRUSTED,UNTRUSTED_ISSUER,UNTRUSTED_ISSUER,True,644500,0.6445,47900,63500,542800,0,0,0,0,0,,,,none,x509-untrusted_issuer_0,0,False,244,16,
n10-identities_c1-conc_mech-x509-1backend_security-battery_r30_audit-off_20260831T021332Z,obs_044e3441ec074fe5acc5b5f3d46dc52e,2026-08-31T02:13:41.885064+00:00,x509,untrusted_issuer,23,1,UAV-UNTRUSTED,UNTRUSTED_ISSUER,UNTRUSTED_ISSUER,True,792000,0.792,58800,97800,644400,0,0,0,0,0,,,,none,x509-untrusted_issuer_0,0,False,243,16,
n10-identities_c1-conc_mech-x509-1backend_security-battery_r30_audit-off_20260831T021332Z,obs_136692662e3e40a3b3c597025c9a60e5,2026-08-31T02:13:41.893461+00:00,x509,untrusted_issuer,24,1,UAV-UNTRUSTED,UNTRUSTED_ISSUER,UNTRUSTED_ISSUER,True,748100,0.7481,47600,88800,609600,0,0,0,0,0,,,,none,x509-untrusted_issuer_0,0,False,242,16,
n10-identities_c1-conc_mech-x509-1backend_security-battery_r30_audit-off_20260831T021332Z,obs_25524c0745554a4fb958d8f6724fc1af,2026-08-31T02:13:41.900266+00:00,x509,untrusted_issuer,25,1,UAV-UNTRUSTED,UNTRUSTED_ISSUER,UNTRUSTED_ISSUER,True,817400,0.8174,49100,80900,691800,0,0,0,0,0,,,,none,x509-untrusted_issuer_0,0,False,242,16,
n10-identities_c1-conc_mech-x509-1backend_security-battery_r30_audit-off_20260831T021332Z,obs_495d97842dcb4cbd80ed9ba79e7a21ff,2026-08-31T02:13:41.908165+00:00,x509,untrusted_issuer,26,1,UAV-UNTRUSTED,UNTRUSTED_ISSUER,UNTRUSTED_ISSUER,True,812700,0.8127,192900,128300,613600,0,0,0,0,0,,,,none,x509-untrusted_issuer_0,0,False,243,16,
n10-identities_c1-conc_mech-x509-1backend_security-battery_r30_audit-off_20260831T021332Z,obs_df3b59e9e6f54ef1868dae89ca17c680,2026-08-31T02:13:41.916268+00:00,x509,untrusted_issuer,27,1,UAV-UNTRUSTED,UNTRUSTED_ISSUER,UNTRUSTED_ISSUER,True,796500,0.7965,52800,85400,661500,0,0,0,0,0,,,,none,x509-untrusted_issuer_0,0,False,243,16,
n10-identities_c1-conc_mech-x509-1backend_security-battery_r30_audit-off_20260831T021332Z,obs_8edd6c1ea50c433bbcf40a53e2dffb55,2026-08-31T02:13:41.923498+00:00,x509,untrusted_issuer,28,1,UAV-UNTRUSTED,UNTRUSTED_ISSUER,UNTRUSTED_ISSUER,True,617900,0.6179,41600,62800,520400,0,0,0,0,0,,,,none,x509-untrusted_issuer_0,0,False,243,16,
n10-identities_c1-conc_mech-x509-1backend_security-battery_r30_audit-off_20260831T021332Z,obs_f79735c1a6f3485b9f67d702bf29850e,2026-08-31T02:13:41.932044+00:00,x509,untrusted_issuer,29,1,UAV-UNTRUSTED,UNTRUSTED_ISSUER,UNTRUSTED_ISSUER,True,990000,0.99,53300,341400,606600,0,0,0,0,0,,,,none,x509-untrusted_issuer_0,0,False,243,16,
n10-identities_c1-conc_mech-blockchain-1backend_security-battery_r30_audit-off_20260831T021343Z,obs_ed8b947aeb8f4915ab453638c6def5ae,2026-08-31T02:13:51.251383+00:00,blockchain,valid_active,0,1,UAV-VALID,ACCEPTED,ACCEPTED,True,14633400,14.6334,106600,14342000,0,4100,172700,7600,0,0,,,,none,blockchain-valid_active_0,0,True,239,8,
n10-identities_c1-conc_mech-blockchain-1backend_security-battery_r30_audit-off_20260831T021343Z,obs_8ce33fe037cd48128edf97700404e7ef,2026-08-31T02:13:51.274452+00:00,blockchain,valid_active,1,1,UAV-VALID,ACCEPTED,ACCEPTED,True,15743900,15.7439,44800,15403600,0,6300,215300,4900,0,0,,,,none,blockchain-valid_active_0,0,True,238,8,
n10-identities_c1-conc_mech-blockchain-1backend_security-battery_r30_audit-off_20260831T021343Z,obs_e59bd1cc88094b38ae5ec90d288cfa76,2026-08-31T02:13:51.294543+00:00,blockchain,valid_active,0,1,UAV-VALID,ACCEPTED,ACCEPTED,True,13431300,13.4313,79900,13171800,0,2400,162300,3500,0,0,,,,none,blockchain-valid_active_0,0,False,239,8,
n10-identities_c1-conc_mech-blockchain-1backend_security-battery_r30_audit-off_20260831T021343Z,obs_2e65bc4755b749b5809436c89df09b2e,2026-08-31T02:13:51.313547+00:00,blockchain,valid_active,1,1,UAV-VALID,ACCEPTED,ACCEPTED,True,14254900,14.2549,35000,14001300,0,3200,154200,3400,0,0,,,,none,blockchain-valid_active_0,0,False,239,8,
n10-identities_c1-conc_mech-blockchain-1backend_security-battery_r30_audit-off_20260831T021343Z,obs_a2ed3cddb56348f583cd1cc4c05dcbc4,2026-08-31T02:13:51.333218+00:00,blockchain,valid_active,2,1,UAV-VALID,ACCEPTED,ACCEPTED,True,13473400,13.4734,50100,13181600,0,2500,173200,6100,0,0,,,,none,blockchain-valid_active_0,0,False,240,8,
n10-identities_c1-conc_mech-blockchain-1backend_security-battery_r30_audit-off_20260831T021343Z,obs_4f6c273fa3e34f0a8cc453fcd2db61e0,2026-08-31T02:13:51.355927+00:00,blockchain,valid_active,3,1,UAV-VALID,ACCEPTED,ACCEPTED,True,15908100,15.9081,47800,15482300,0,4600,277000,8000,0,0,,,,none,blockchain-valid_active_0,0,False,239,8,
n10-identities_c1-conc_mech-blockchain-1backend_security-battery_r30_audit-off_20260831T021343Z,obs_bc8b467f913149b48bd6d02f0a34b61a,2026-08-31T02:13:51.382787+00:00,blockchain,valid_active,4,1,UAV-VALID,ACCEPTED,ACCEPTED,True,19537900,19.5379,42900,19261700,0,3100,170600,3800,0,0,,,,none,blockchain-valid_active_0,0,False,239,8,
n10-identities_c1-conc_mech-blockchain-1backend_security-battery_r30_audit-off_20260831T021343Z,obs_5389b6c6b3bf4177a9457e389640c98f,2026-08-31T02:13:51.411600+00:00,blockchain,valid_active,5,1,UAV-VALID,ACCEPTED,ACCEPTED,True,20715400,20.7154,43800,20341900,0,4600,242300,6000,0,0,,,,none,blockchain-valid_active_0,0,False,238,8,
n10-identities_c1-conc_mech-blockchain-1backend_security-battery_r30_audit-off_20260831T021343Z,obs_51948d10332c44b9b70568b3f7e753eb,2026-08-31T02:13:51.458752+00:00,blockchain,valid_active,6,1,UAV-VALID,ACCEPTED,ACCEPTED,True,38853900,38.8539,70900,38431300,0,4300,258500,5700,0,0,,,,none,blockchain-valid_active_0,0,False,240,8,
n10-identities_c1-conc_mech-blockchain-1backend_security-battery_r30_audit-off_20260831T021343Z,obs_81d34df8e64a4f9d9af3e0b2b1eb2d40,2026-08-31T02:13:51.525167+00:00,blockchain,valid_active,7,1,UAV-VALID,ACCEPTED,ACCEPTED,True,49871600,49.8716,54500,49341300,0,4400,322600,9400,0,0,,,,none,blockchain-valid_active_0,0,False,239,8,
n10-identities_c1-conc_mech-blockchain-1backend_security-battery_r30_audit-off_20260831T021343Z,obs_c7d1c2967f774eb9bcbd9f8551f603a9,2026-08-31T02:13:51.604288+00:00,blockchain,valid_active,8,1,UAV-VALID,ACCEPTED,ACCEPTED,True,61921300,61.9213,64500,61483200,0,5700,250200,8500,0,0,,,,none,blockchain-valid_active_0,0,False,238,8,
n10-identities_c1-conc_mech-blockchain-1backend_security-battery_r30_audit-off_20260831T021343Z,obs_7c890ae27d6e48108f83119adc7b28e8,2026-08-31T02:13:51.678987+00:00,blockchain,valid_active,9,1,UAV-VALID,ACCEPTED,ACCEPTED,True,57514600,57.5146,59500,57061600,0,4800,277700,6700,0,0,,,,none,blockchain-valid_active_0,0,False,240,8,
n10-identities_c1-conc_mech-blockchain-1backend_security-battery_r30_audit-off_20260831T021343Z,obs_08187b515357442482c6739695f0f011,2026-08-31T02:13:51.714036+00:00,blockchain,valid_active,10,1,UAV-VALID,ACCEPTED,ACCEPTED,True,23454100,23.4541,71300,22970500,0,4200,289100,9000,0,0,,,,none,blockchain-valid_active_0,0,False,238,8,
n10-identities_c1-conc_mech-blockchain-1backend_security-battery_r30_audit-off_20260831T021343Z,obs_0f722c5ba2274a089e074623876479f9,2026-08-31T02:13:51.835019+00:00,blockchain,valid_active,11,1,UAV-VALID,ACCEPTED,ACCEPTED,True,109248900,109.2489,41600,108627900,0,4300,403300,18300,0,0,,,,none,blockchain-valid_active_0,0,False,239,8,
n10-identities_c1-conc_mech-blockchain-1backend_security-battery_r30_audit-off_20260831T021343Z,obs_e8aa4741ff3f46d6b55cfebca8949f6b,2026-08-31T02:13:51.876525+00:00,blockchain,valid_active,12,1,UAV-VALID,ACCEPTED,ACCEPTED,True,32001800,32.0018,55700,31578600,0,5500,256100,6400,0,0,,,,none,blockchain-valid_active_0,0,False,239,8,
n10-identities_c1-conc_mech-blockchain-1backend_security-battery_r30_audit-off_20260831T021343Z,obs_7fa6d53a8f1e498593cf2b77535471b9,2026-08-31T02:13:51.938774+00:00,blockchain,valid_active,13,1,UAV-VALID,ACCEPTED,ACCEPTED,True,47081100,47.0811,53900,46686100,0,4500,245100,6600,0,0,,,,none,blockchain-valid_active_0,0,False,239,8,
n10-identities_c1-conc_mech-blockchain-1backend_security-battery_r30_audit-off_20260831T021343Z,obs_ffdbb5351da84acf9cedd739ffd98ec1,2026-08-31T02:13:51.985902+00:00,blockchain,valid_active,14,1,UAV-VALID,ACCEPTED,ACCEPTED,True,35363000,35.363,78600,34902700,0,4900,263300,9000,0,0,,,,none,blockchain-valid_active_0,0,False,238,8,
n10-identities_c1-conc_mech-blockchain-1backend_security-battery_r30_audit-off_20260831T021343Z,obs_4c9b6617b5f44e6181ab380907e9d4e6,2026-08-31T02:13:52.022018+00:00,blockchain,valid_active,15,1,UAV-VALID,ACCEPTED,ACCEPTED,True,26252500,26.2525,55000,25782900,0,5600,290700,10300,0,0,,,,none,blockchain-valid_active_0,0,False,240,8,
n10-identities_c1-conc_mech-blockchain-1backend_security-battery_r30_audit-off_20260831T021343Z,obs_9808c31e2b9e42129f8530fd7baf813c,2026-08-31T02:13:52.064794+00:00,blockchain,valid_active,16,1,UAV-VALID,ACCEPTED,ACCEPTED,True,29724500,29.7245,84400,29286000,0,4700,237900,6300,0,0,,,,none,blockchain-valid_active_0,0,False,239,8,
n10-identities_c1-conc_mech-blockchain-1backend_security-battery_r30_audit-off_20260831T021343Z,obs_09bf0c0065f846edb559a30deb38eb49,2026-08-31T02:13:52.097827+00:00,blockchain,valid_active,17,1,UAV-VALID,ACCEPTED,ACCEPTED,True,21853400,21.8534,50700,21474400,0,4900,235600,6600,0,0,,,,none,blockchain-valid_active_0,0,False,238,8,
n10-identities_c1-conc_mech-blockchain-1backend_security-battery_r30_audit-off_20260831T021343Z,obs_7b8cfdb683ac4d80849676be2bc7e011,2026-08-31T02:13:52.122166+00:00,blockchain,valid_active,18,1,UAV-VALID,ACCEPTED,ACCEPTED,True,16406700,16.4067,60100,16017100,0,3900,240000,6200,0,0,,,,none,blockchain-valid_active_0,0,False,240,8,
n10-identities_c1-conc_mech-blockchain-1backend_security-battery_r30_audit-off_20260831T021343Z,obs_af1835a3779b4d4db9a38aaf32b6a876,2026-08-31T02:13:52.144205+00:00,blockchain,valid_active,19,1,UAV-VALID,ACCEPTED,ACCEPTED,True,15905200,15.9052,47000,15627600,0,2500,177000,3700,0,0,,,,none,blockchain-valid_active_0,0,False,238,8,
n10-identities_c1-conc_mech-blockchain-1backend_security-battery_r30_audit-off_20260831T021343Z,obs_e55c5dfaecb14914ac5dee7d22b87bb5,2026-08-31T02:13:52.165050+00:00,blockchain,valid_active,20,1,UAV-VALID,ACCEPTED,ACCEPTED,True,14647100,14.6471,45600,14382400,0,2200,159400,3200,0,0,,,,none,blockchain-valid_active_0,0,False,238,8,
n10-identities_c1-conc_mech-blockchain-1backend_security-battery_r30_audit-off_20260831T021343Z,obs_ad3f19e85b294438996a0886d6caaf68,2026-08-31T02:13:52.183924+00:00,blockchain,valid_active,21,1,UAV-VALID,ACCEPTED,ACCEPTED,True,13030400,13.0304,60500,12744000,0,2800,161100,3800,0,0,,,,none,blockchain-valid_active_0,0,False,239,8,
n10-identities_c1-conc_mech-blockchain-1backend_security-battery_r30_audit-off_20260831T021343Z,obs_50bb5b480d814b05856bd3f3db1f94ad,2026-08-31T02:13:52.207075+00:00,blockchain,valid_active,22,1,UAV-VALID,ACCEPTED,ACCEPTED,True,15582800,15.5828,39000,15288800,0,3000,183000,7800,0,0,,,,none,blockchain-valid_active_0,0,False,239,8,
n10-identities_c1-conc_mech-blockchain-1backend_security-battery_r30_audit-off_20260831T021343Z,obs_e31c6a7d63644c29a6db52655a575ac2,2026-08-31T02:13:52.230738+00:00,blockchain,valid_active,23,1,UAV-VALID,ACCEPTED,ACCEPTED,True,16413900,16.4139,46400,16157200,0,2500,153900,4000,0,0,,,,none,blockchain-valid_active_0,0,False,238,8,
n10-identities_c1-conc_mech-blockchain-1backend_security-battery_r30_audit-off_20260831T021343Z,obs_915f2f0fc08146c0aa7666b321278f0e,2026-08-31T02:13:52.254220+00:00,blockchain,valid_active,24,1,UAV-VALID,ACCEPTED,ACCEPTED,True,13585900,13.5859,58900,13150600,0,6400,249300,7600,0,0,,,,none,blockchain-valid_active_0,0,False,239,8,
n10-identities_c1-conc_mech-blockchain-1backend_security-battery_r30_audit-off_20260831T021343Z,obs_f3c774f2734046a69f83eb0f724fd0c0,2026-08-31T02:13:52.276777+00:00,blockchain,valid_active,25,1,UAV-VALID,ACCEPTED,ACCEPTED,True,14635100,14.6351,31600,14357200,0,3300,182200,4800,0,0,,,,none,blockchain-valid_active_0,0,False,239,8,
n10-identities_c1-conc_mech-blockchain-1backend_security-battery_r30_audit-off_20260831T021343Z,obs_73b5f9ac1b9b46089e3884356854b1a7,2026-08-31T02:13:52.296670+00:00,blockchain,valid_active,26,1,UAV-VALID,ACCEPTED,ACCEPTED,True,14768700,14.7687,31100,14255400,0,3600,318600,7300,0,0,,,,none,blockchain-valid_active_0,0,False,239,8,
n10-identities_c1-conc_mech-blockchain-1backend_security-battery_r30_audit-off_20260831T021343Z,obs_8206ce03b7cf4de6b812b7e013448543,2026-08-31T02:13:52.342775+00:00,blockchain,valid_active,27,1,UAV-VALID,ACCEPTED,ACCEPTED,True,19912600,19.9126,41000,19586500,0,2800,203800,6000,0,0,,,,none,blockchain-valid_active_0,0,False,238,8,
n10-identities_c1-conc_mech-blockchain-1backend_security-battery_r30_audit-off_20260831T021343Z,obs_caa5a4f09b94438e8de1d9d290b04e6a,2026-08-31T02:13:52.366880+00:00,blockchain,valid_active,28,1,UAV-VALID,ACCEPTED,ACCEPTED,True,18499200,18.4992,34600,18113100,0,3800,240500,5400,0,0,,,,none,blockchain-valid_active_0,0,False,240,8,
n10-identities_c1-conc_mech-blockchain-1backend_security-battery_r30_audit-off_20260831T021343Z,obs_b93e49de9e004915955ebf90842cba2b,2026-08-31T02:13:52.398833+00:00,blockchain,valid_active,29,1,UAV-VALID,ACCEPTED,ACCEPTED,True,23068400,23.0684,49200,22690900,0,5100,198000,4700,0,0,,,,none,blockchain-valid_active_0,0,False,239,8,
n10-identities_c1-conc_mech-blockchain-1backend_security-battery_r30_audit-off_20260831T021343Z,obs_26bc0caac0654798ba37ae308a68475f,2026-08-31T02:13:52.482753+00:00,blockchain,unknown_uav,0,1,UAV-NOT-REGISTERED,UNKNOWN_IDENTITY,UNKNOWN_IDENTITY,True,40891400,40.8914,60900,40841900,0,40841900,0,0,0,0,,,,none,blockchain-unknown_uav_0,0,True,247,16,
n10-identities_c1-conc_mech-blockchain-1backend_security-battery_r30_audit-off_20260831T021343Z,obs_828d1ce19ea3407ab67282d5bbe2fb19,2026-08-31T02:13:52.529307+00:00,blockchain,unknown_uav,1,1,UAV-NOT-REGISTERED,UNKNOWN_IDENTITY,UNKNOWN_IDENTITY,True,33095900,33.0959,72800,33056300,0,33056300,0,0,0,0,,,,none,blockchain-unknown_uav_0,0,True,248,16,
n10-identities_c1-conc_mech-blockchain-1backend_security-battery_r30_audit-off_20260831T021343Z,obs_11685c7ffdb7444fb45850bec30db04a,2026-08-31T02:13:52.566448+00:00,blockchain,unknown_uav,0,1,UAV-NOT-REGISTERED,UNKNOWN_IDENTITY,UNKNOWN_IDENTITY,True,27289300,27.2893,45900,27244500,0,27244500,0,0,0,0,,,,none,blockchain-unknown_uav_0,0,False,247,16,
n10-identities_c1-conc_mech-blockchain-1backend_security-battery_r30_audit-off_20260831T021343Z,obs_cc46fddee16f4c0ca406eb55eae18bc6,2026-08-31T02:13:52.593224+00:00,blockchain,unknown_uav,1,1,UAV-NOT-REGISTERED,UNKNOWN_IDENTITY,UNKNOWN_IDENTITY,True,15751000,15.751,59000,15708100,0,15708100,0,0,0,0,,,,none,blockchain-unknown_uav_0,0,False,247,16,
n10-identities_c1-conc_mech-blockchain-1backend_security-battery_r30_audit-off_20260831T021343Z,obs_96b07e0b0ab34121b81beecec9ae84a4,2026-08-31T02:13:52.614729+00:00,blockchain,unknown_uav,2,1,UAV-NOT-REGISTERED,UNKNOWN_IDENTITY,UNKNOWN_IDENTITY,True,16056700,16.0567,40500,16018000,0,16018000,0,0,0,0,,,,none,blockchain-unknown_uav_0,0,False,249,16,
n10-identities_c1-conc_mech-blockchain-1backend_security-battery_r30_audit-off_20260831T021343Z,obs_f735efeb55ab43d99884989772445dec,2026-08-31T02:13:52.639007+00:00,blockchain,unknown_uav,3,1,UAV-NOT-REGISTERED,UNKNOWN_IDENTITY,UNKNOWN_IDENTITY,True,16106800,16.1068,46300,16042700,0,16042700,0,0,0,0,,,,none,blockchain-unknown_uav_0,0,False,248,16,
n10-identities_c1-conc_mech-blockchain-1backend_security-battery_r30_audit-off_20260831T021343Z,obs_43421efc84cd471cb01dcf41fecaff91,2026-08-31T02:13:52.666774+00:00,blockchain,unknown_uav,4,1,UAV-NOT-REGISTERED,UNKNOWN_IDENTITY,UNKNOWN_IDENTITY,True,20814300,20.8143,52600,20767800,0,20767800,0,0,0,0,,,,none,blockchain-unknown_uav_0,0,False,248,16,
n10-identities_c1-conc_mech-blockchain-1backend_security-battery_r30_audit-off_20260831T021343Z,obs_41687ed1c1d6498dbf9e30970da7ddb8,2026-08-31T02:13:52.696237+00:00,blockchain,unknown_uav,5,1,UAV-NOT-REGISTERED,UNKNOWN_IDENTITY,UNKNOWN_IDENTITY,True,20777200,20.7772,52900,20731200,0,20731200,0,0,0,0,,,,none,blockchain-unknown_uav_0,0,False,248,16,
n10-identities_c1-conc_mech-blockchain-1backend_security-battery_r30_audit-off_20260831T021343Z,obs_814bdb8131dc41cb91741d4339995939,2026-08-31T02:13:52.717953+00:00,blockchain,unknown_uav,6,1,UAV-NOT-REGISTERED,UNKNOWN_IDENTITY,UNKNOWN_IDENTITY,True,14661000,14.661,48900,14616800,0,14616800,0,0,0,0,,,,none,blockchain-unknown_uav_0,0,False,247,16,
n10-identities_c1-conc_mech-blockchain-1backend_security-battery_r30_audit-off_20260831T021343Z,obs_c7bbeab80881439d975243ba81051cc2,2026-08-31T02:13:52.743330+00:00,blockchain,unknown_uav,7,1,UAV-NOT-REGISTERED,UNKNOWN_IDENTITY,UNKNOWN_IDENTITY,True,18906000,18.906,44700,18865000,0,18865000,0,0,0,0,,,,none,blockchain-unknown_uav_0,0,False,248,16,
n10-identities_c1-conc_mech-blockchain-1backend_security-battery_r30_audit-off_20260831T021343Z,obs_ed77f90056264990a47f659cb15bb812,2026-08-31T02:13:52.767104+00:00,blockchain,unknown_uav,8,1,UAV-NOT-REGISTERED,UNKNOWN_IDENTITY,UNKNOWN_IDENTITY,True,16299600,16.2996,49100,16257900,0,16257900,0,0,0,0,,,,none,blockchain-unknown_uav_0,0,False,249,16,
n10-identities_c1-conc_mech-blockchain-1backend_security-battery_r30_audit-off_20260831T021343Z,obs_8bd1fecda1634b4b94714724efc7369d,2026-08-31T02:13:52.795369+00:00,blockchain,unknown_uav,9,1,UAV-NOT-REGISTERED,UNKNOWN_IDENTITY,UNKNOWN_IDENTITY,True,18463300,18.4633,48700,18421900,0,18421900,0,0,0,0,,,,none,blockchain-unknown_uav_0,0,False,248,16,
n10-identities_c1-conc_mech-blockchain-1backend_security-battery_r30_audit-off_20260831T021343Z,obs_696a290224644379add80a3dcb33ec48,2026-08-31T02:13:52.816460+00:00,blockchain,unknown_uav,10,1,UAV-NOT-REGISTERED,UNKNOWN_IDENTITY,UNKNOWN_IDENTITY,True,14824700,14.8247,71700,14779000,0,14779000,0,0,0,0,,,,none,blockchain-unknown_uav_0,0,False,248,16,
n10-identities_c1-conc_mech-blockchain-1backend_security-battery_r30_audit-off_20260831T021343Z,obs_7ae5548bd1ca4768b57ab0919b1cb620,2026-08-31T02:13:52.855389+00:00,blockchain,unknown_uav,11,1,UAV-NOT-REGISTERED,UNKNOWN_IDENTITY,UNKNOWN_IDENTITY,True,31183100,31.1831,47100,31146400,0,31146400,0,0,0,0,,,,none,blockchain-unknown_uav_0,0,False,248,16,
n10-identities_c1-conc_mech-blockchain-1backend_security-battery_r30_audit-off_20260831T021343Z,obs_ece4c52c9ff743e39d719c3a14301d2e,2026-08-31T02:13:52.878636+00:00,blockchain,unknown_uav,12,1,UAV-NOT-REGISTERED,UNKNOWN_IDENTITY,UNKNOWN_IDENTITY,True,15032900,15.0329,55900,14982400,0,14982400,0,0,0,0,,,,none,blockchain-unknown_uav_0,0,False,249,16,
n10-identities_c1-conc_mech-blockchain-1backend_security-battery_r30_audit-off_20260831T021343Z,obs_c07579b39f124cd180fbb7be9c8f8111,2026-08-31T02:13:52.900704+00:00,blockchain,unknown_uav,13,1,UAV-NOT-REGISTERED,UNKNOWN_IDENTITY,UNKNOWN_IDENTITY,True,14571900,14.5719,43500,14527800,0,14527800,0,0,0,0,,,,none,blockchain-unknown_uav_0,0,False,248,16,
n10-identities_c1-conc_mech-blockchain-1backend_security-battery_r30_audit-off_20260831T021343Z,obs_4fa40344dc3b4975a7757bc465b48111,2026-08-31T02:13:52.923261+00:00,blockchain,unknown_uav,14,1,UAV-NOT-REGISTERED,UNKNOWN_IDENTITY,UNKNOWN_IDENTITY,True,15852800,15.8528,43200,15823200,0,15823200,0,0,0,0,,,,none,blockchain-unknown_uav_0,0,False,249,16,
n10-identities_c1-conc_mech-blockchain-1backend_security-battery_r30_audit-off_20260831T021343Z,obs_2670a07a0481405ba92c73ecb68e1ec0,2026-08-31T02:13:52.944945+00:00,blockchain,unknown_uav,15,1,UAV-NOT-REGISTERED,UNKNOWN_IDENTITY,UNKNOWN_IDENTITY,True,14695300,14.6953,53700,14654500,0,14654500,0,0,0,0,,,,none,blockchain-unknown_uav_0,0,False,248,16,
n10-identities_c1-conc_mech-blockchain-1backend_security-battery_r30_audit-off_20260831T021343Z,obs_9b277fb11ec24fd88c943ccbf5276322,2026-08-31T02:13:52.966053+00:00,blockchain,unknown_uav,16,1,UAV-NOT-REGISTERED,UNKNOWN_IDENTITY,UNKNOWN_IDENTITY,True,16351600,16.3516,35300,16325000,0,16325000,0,0,0,0,,,,none,blockchain-unknown_uav_0,0,False,249,16,
n10-identities_c1-conc_mech-blockchain-1backend_security-battery_r30_audit-off_20260831T021343Z,obs_179c96d29e4d47a190249cb6104c64a8,2026-08-31T02:13:52.991447+00:00,blockchain,unknown_uav,17,1,UAV-NOT-REGISTERED,UNKNOWN_IDENTITY,UNKNOWN_IDENTITY,True,18113000,18.113,70300,18065500,0,18065500,0,0,0,0,,,,none,blockchain-unknown_uav_0,0,False,249,16,
n10-identities_c1-conc_mech-blockchain-1backend_security-battery_r30_audit-off_20260831T021343Z,obs_4a557bb7f34e47dcbccd74533843bcd7,2026-08-31T02:13:53.030152+00:00,blockchain,unknown_uav,18,1,UAV-NOT-REGISTERED,UNKNOWN_IDENTITY,UNKNOWN_IDENTITY,True,31354400,31.3544,51200,31305000,0,31305000,0,0,0,0,,,,none,blockchain-unknown_uav_0,0,False,247,16,
n10-identities_c1-conc_mech-blockchain-1backend_security-battery_r30_audit-off_20260831T021343Z,obs_a4580346b6f24accbd241974d1a79dcd,2026-08-31T02:13:53.054034+00:00,blockchain,unknown_uav,19,1,UAV-NOT-REGISTERED,UNKNOWN_IDENTITY,UNKNOWN_IDENTITY,True,15657900,15.6579,71400,15621800,0,15621800,0,0,0,0,,,,none,blockchain-unknown_uav_0,0,False,248,16,
n10-identities_c1-conc_mech-blockchain-1backend_security-battery_r30_audit-off_20260831T021343Z,obs_9b926837afae47ec9f2965c687a26bbf,2026-08-31T02:13:53.092752+00:00,blockchain,unknown_uav,20,1,UAV-NOT-REGISTERED,UNKNOWN_IDENTITY,UNKNOWN_IDENTITY,True,31622600,31.6226,49200,31576500,0,31576500,0,0,0,0,,,,none,blockchain-unknown_uav_0,0,False,248,16,
n10-identities_c1-conc_mech-blockchain-1backend_security-battery_r30_audit-off_20260831T021343Z,obs_87d81d9116104319926bd4a4ba25a975,2026-08-31T02:13:53.119886+00:00,blockchain,unknown_uav,21,1,UAV-NOT-REGISTERED,UNKNOWN_IDENTITY,UNKNOWN_IDENTITY,True,21204600,21.2046,38700,21159200,0,21159200,0,0,0,0,,,,none,blockchain-unknown_uav_0,0,False,247,16,
n10-identities_c1-conc_mech-blockchain-1backend_security-battery_r30_audit-off_20260831T021343Z,obs_fee4d1c3801a43a5a465a67ddfc0f5b0,2026-08-31T02:13:53.153921+00:00,blockchain,unknown_uav,22,1,UAV-NOT-REGISTERED,UNKNOWN_IDENTITY,UNKNOWN_IDENTITY,True,24119600,24.1196,56000,24075400,0,24075400,0,0,0,0,,,,none,blockchain-unknown_uav_0,0,False,248,16,
n10-identities_c1-conc_mech-blockchain-1backend_security-battery_r30_audit-off_20260831T021343Z,obs_5b5a992958db4399a42e3deafa75a3ad,2026-08-31T02:13:53.181061+00:00,blockchain,unknown_uav,23,1,UAV-NOT-REGISTERED,UNKNOWN_IDENTITY,UNKNOWN_IDENTITY,True,18095900,18.0959,46800,18061600,0,18061600,0,0,0,0,,,,none,blockchain-unknown_uav_0,0,False,248,16,
n10-identities_c1-conc_mech-blockchain-1backend_security-battery_r30_audit-off_20260831T021343Z,obs_f1a53ff8f4c94511a13daa1ce73b04ae,2026-08-31T02:13:53.211681+00:00,blockchain,unknown_uav,24,1,UAV-NOT-REGISTERED,UNKNOWN_IDENTITY,UNKNOWN_IDENTITY,True,19483000,19.483,60800,19436800,0,19436800,0,0,0,0,,,,none,blockchain-unknown_uav_0,0,False,248,16,
n10-identities_c1-conc_mech-blockchain-1backend_security-battery_r30_audit-off_20260831T021343Z,obs_e25e38ec93e84093bd8ea03bc6a56aa5,2026-08-31T02:13:53.241522+00:00,blockchain,unknown_uav,25,1,UAV-NOT-REGISTERED,UNKNOWN_IDENTITY,UNKNOWN_IDENTITY,True,19548300,19.5483,53900,19505500,0,19505500,0,0,0,0,,,,none,blockchain-unknown_uav_0,0,False,248,16,
n10-identities_c1-conc_mech-blockchain-1backend_security-battery_r30_audit-off_20260831T021343Z,obs_6b28be55326c44b49ef69ee9fd486028,2026-08-31T02:13:53.269679+00:00,blockchain,unknown_uav,26,1,UAV-NOT-REGISTERED,UNKNOWN_IDENTITY,UNKNOWN_IDENTITY,True,20823000,20.823,88100,20776000,0,20776000,0,0,0,0,,,,none,blockchain-unknown_uav_0,0,False,248,16,
n10-identities_c1-conc_mech-blockchain-1backend_security-battery_r30_audit-off_20260831T021343Z,obs_ba6108bf4eff40a5a706d47016fc6841,2026-08-31T02:13:53.297257+00:00,blockchain,unknown_uav,27,1,UAV-NOT-REGISTERED,UNKNOWN_IDENTITY,UNKNOWN_IDENTITY,True,20659900,20.6599,50100,20619600,0,20619600,0,0,0,0,,,,none,blockchain-unknown_uav_0,0,False,248,16,
n10-identities_c1-conc_mech-blockchain-1backend_security-battery_r30_audit-off_20260831T021343Z,obs_323d83c6251b4226af7a5c03c3e4bb4f,2026-08-31T02:13:53.324775+00:00,blockchain,unknown_uav,28,1,UAV-NOT-REGISTERED,UNKNOWN_IDENTITY,UNKNOWN_IDENTITY,True,19720800,19.7208,55100,19687400,0,19687400,0,0,0,0,,,,none,blockchain-unknown_uav_0,0,False,248,16,
n10-identities_c1-conc_mech-blockchain-1backend_security-battery_r30_audit-off_20260831T021343Z,obs_c97c155444474c43b32042e238cf4744,2026-08-31T02:13:53.378696+00:00,blockchain,unknown_uav,29,1,UAV-NOT-REGISTERED,UNKNOWN_IDENTITY,UNKNOWN_IDENTITY,True,46502000,46.502,48800,46456500,0,46456500,0,0,0,0,,,,none,blockchain-unknown_uav_0,0,False,249,16,
n10-identities_c1-conc_mech-blockchain-1backend_security-battery_r30_audit-off_20260831T021343Z,obs_565a2d0376db45f981c6ff46160af58f,2026-08-31T02:13:53.431533+00:00,blockchain,impersonation_wrong_key,0,1,UAV-VALID,INVALID_SIGNATURE,INVALID_SIGNATURE,True,22396600,22.3966,60400,22026000,0,3600,242400,0,0,0,,,,none,blockchain-impersonation_wrong_key_0,0,True,240,17,
n10-identities_c1-conc_mech-blockchain-1backend_security-battery_r30_audit-off_20260831T021343Z,obs_625695aa465d407eacd99d16f91d8406,2026-08-31T02:13:53.455589+00:00,blockchain,impersonation_wrong_key,1,1,UAV-VALID,INVALID_SIGNATURE,INVALID_SIGNATURE,True,15616200,15.6162,56500,15342800,0,2400,162000,0,0,0,,,,none,blockchain-impersonation_wrong_key_0,0,True,239,17,
n10-identities_c1-conc_mech-blockchain-1backend_security-battery_r30_audit-off_20260831T021343Z,obs_96e6952bc1224350943e4d356749fb2b,2026-08-31T02:13:53.478068+00:00,blockchain,impersonation_wrong_key,0,1,UAV-VALID,INVALID_SIGNATURE,INVALID_SIGNATURE,True,15825500,15.8255,43700,15548500,0,2900,173000,0,0,0,,,,none,blockchain-impersonation_wrong_key_0,0,False,239,17,
n10-identities_c1-conc_mech-blockchain-1backend_security-battery_r30_audit-off_20260831T021343Z,obs_7de82c7c89044f47aa95dd47f6a81f96,2026-08-31T02:13:53.499423+00:00,blockchain,impersonation_wrong_key,1,1,UAV-VALID,INVALID_SIGNATURE,INVALID_SIGNATURE,True,14203900,14.2039,49900,13933500,0,2600,167400,0,0,0,,,,none,blockchain-impersonation_wrong_key_0,0,False,239,17,
n10-identities_c1-conc_mech-blockchain-1backend_security-battery_r30_audit-off_20260831T021343Z,obs_9379fecb340a469fa72105124d3afd60,2026-08-31T02:13:53.521617+00:00,blockchain,impersonation_wrong_key,2,1,UAV-VALID,INVALID_SIGNATURE,INVALID_SIGNATURE,True,15672500,15.6725,42800,15155000,0,4500,340200,0,0,0,,,,none,blockchain-impersonation_wrong_key_0,0,False,239,17,
n10-identities_c1-conc_mech-blockchain-1backend_security-battery_r30_audit-off_20260831T021343Z,obs_42de0881580f4f08934bc6d04b941e30,2026-08-31T02:13:53.540976+00:00,blockchain,impersonation_wrong_key,3,1,UAV-VALID,INVALID_SIGNATURE,INVALID_SIGNATURE,True,14038500,14.0385,46800,13766500,0,2800,170400,0,0,0,,,,none,blockchain-impersonation_wrong_key_0,0,False,238,17,
n10-identities_c1-conc_mech-blockchain-1backend_security-battery_r30_audit-off_20260831T021343Z,obs_05bd2faff46849508f39f51f5d1f0190,2026-08-31T02:13:53.560199+00:00,blockchain,impersonation_wrong_key,4,1,UAV-VALID,INVALID_SIGNATURE,INVALID_SIGNATURE,True,14087000,14.087,36400,13748600,0,4000,226800,0,0,0,,,,none,blockchain-impersonation_wrong_key_0,0,False,239,17,
n10-identities_c1-conc_mech-blockchain-1backend_security-battery_r30_audit-off_20260831T021343Z,obs_51a5ab9f1e8b41248dd35284fec90839,2026-08-31T02:13:53.580455+00:00,blockchain,impersonation_wrong_key,5,1,UAV-VALID,INVALID_SIGNATURE,INVALID_SIGNATURE,True,15433400,15.4334,29500,15191300,0,2900,156300,0,0,0,,,,none,blockchain-impersonation_wrong_key_0,0,False,240,17,
n10-identities_c1-conc_mech-blockchain-1backend_security-battery_r30_audit-off_20260831T021343Z,obs_2229dd034bd6481eac5f7ae57961271f,2026-08-31T02:13:53.600253+00:00,blockchain,impersonation_wrong_key,6,1,UAV-VALID,INVALID_SIGNATURE,INVALID_SIGNATURE,True,13483200,13.4832,60800,13199100,0,2800,159300,0,0,0,,,,none,blockchain-impersonation_wrong_key_0,0,False,240,17,
n10-identities_c1-conc_mech-blockchain-1backend_security-battery_r30_audit-off_20260831T021343Z,obs_f7be0296a6e14939aac60ed3ef7a3c82,2026-08-31T02:13:53.623738+00:00,blockchain,impersonation_wrong_key,7,1,UAV-VALID,INVALID_SIGNATURE,INVALID_SIGNATURE,True,15858300,15.8583,45600,15519900,0,4100,210700,0,0,0,,,,none,blockchain-impersonation_wrong_key_0,0,False,239,17,
n10-identities_c1-conc_mech-blockchain-1backend_security-battery_r30_audit-off_20260831T021343Z,obs_33f647f3f04a48b9974d65ea34262380,2026-08-31T02:13:53.642360+00:00,blockchain,impersonation_wrong_key,8,1,UAV-VALID,INVALID_SIGNATURE,INVALID_SIGNATURE,True,13708600,13.7086,40200,13460100,0,3100,161300,0,0,0,,,,none,blockchain-impersonation_wrong_key_0,0,False,240,17,
n10-identities_c1-conc_mech-blockchain-1backend_security-battery_r30_audit-off_20260831T021343Z,obs_0de49984fa2f4ab5911d5960b939d15f,2026-08-31T02:13:53.664945+00:00,blockchain,impersonation_wrong_key,9,1,UAV-VALID,INVALID_SIGNATURE,INVALID_SIGNATURE,True,15310200,15.3102,53400,14947500,0,2500,233300,0,0,0,,,,none,blockchain-impersonation_wrong_key_0,0,False,239,17,
n10-identities_c1-conc_mech-blockchain-1backend_security-battery_r30_audit-off_20260831T021343Z,obs_6cc91cd3310a436bb516f37cfe899aa1,2026-08-31T02:13:53.685735+00:00,blockchain,impersonation_wrong_key,10,1,UAV-VALID,INVALID_SIGNATURE,INVALID_SIGNATURE,True,14275700,14.2757,43900,13910100,0,4000,214100,0,0,0,,,,none,blockchain-impersonation_wrong_key_0,0,False,239,17,
n10-identities_c1-conc_mech-blockchain-1backend_security-battery_r30_audit-off_20260831T021343Z,obs_03b4f7db3cef4209915b4a877bd46533,2026-08-31T02:13:53.707116+00:00,blockchain,impersonation_wrong_key,11,1,UAV-VALID,INVALID_SIGNATURE,INVALID_SIGNATURE,True,15769400,15.7694,35300,15513700,0,2800,166200,0,0,0,,,,none,blockchain-impersonation_wrong_key_0,0,False,240,17,
n10-identities_c1-conc_mech-blockchain-1backend_security-battery_r30_audit-off_20260831T021343Z,obs_51baa02c33584fb6a67e161f151467e7,2026-08-31T02:13:53.731675+00:00,blockchain,impersonation_wrong_key,12,1,UAV-VALID,INVALID_SIGNATURE,INVALID_SIGNATURE,True,18380900,18.3809,35300,18063100,0,2900,194100,0,0,0,,,,none,blockchain-impersonation_wrong_key_0,0,False,239,17,
n10-identities_c1-conc_mech-blockchain-1backend_security-battery_r30_audit-off_20260831T021343Z,obs_ed95490b995b48fbad3daaac90840d3e,2026-08-31T02:13:53.760591+00:00,blockchain,impersonation_wrong_key,13,1,UAV-VALID,INVALID_SIGNATURE,INVALID_SIGNATURE,True,18519900,18.5199,60400,18209900,0,2800,174400,0,0,0,,,,none,blockchain-impersonation_wrong_key_0,0,False,238,17,
n10-identities_c1-conc_mech-blockchain-1backend_security-battery_r30_audit-off_20260831T021343Z,obs_d7b08670ddac43c1977174610e0166f5,2026-08-31T02:13:53.798177+00:00,blockchain,impersonation_wrong_key,14,1,UAV-VALID,INVALID_SIGNATURE,INVALID_SIGNATURE,True,29828700,29.8287,75800,29427000,0,4100,246800,0,0,0,,,,none,blockchain-impersonation_wrong_key_0,0,False,239,17,
n10-identities_c1-conc_mech-blockchain-1backend_security-battery_r30_audit-off_20260831T021343Z,obs_4402a62cf3dc4ef1a77d6632a5f30567,2026-08-31T02:13:53.824343+00:00,blockchain,impersonation_wrong_key,15,1,UAV-VALID,INVALID_SIGNATURE,INVALID_SIGNATURE,True,17976600,17.9766,53000,17701800,0,2800,164900,0,0,0,,,,none,blockchain-impersonation_wrong_key_0,0,False,239,17,
n10-identities_c1-conc_mech-blockchain-1backend_security-battery_r30_audit-off_20260831T021343Z,obs_5d72d5472e754b23bdd096a7170254c2,2026-08-31T02:13:53.844740+00:00,blockchain,impersonation_wrong_key,16,1,UAV-VALID,INVALID_SIGNATURE,INVALID_SIGNATURE,True,15594200,15.5942,32900,15345500,0,3100,162200,0,0,0,,,,none,blockchain-impersonation_wrong_key_0,0,False,239,17,
n10-identities_c1-conc_mech-blockchain-1backend_security-battery_r30_audit-off_20260831T021343Z,obs_168d50c81a364ca9b95d2040889f4a9a,2026-08-31T02:13:53.867200+00:00,blockchain,impersonation_wrong_key,17,1,UAV-VALID,INVALID_SIGNATURE,INVALID_SIGNATURE,True,14829100,14.8291,74300,14450100,0,3800,209900,0,0,0,,,,none,blockchain-impersonation_wrong_key_0,0,False,239,17,
n10-identities_c1-conc_mech-blockchain-1backend_security-battery_r30_audit-off_20260831T021343Z,obs_0c3c26525cee4a1ca458a91dac73c00e,2026-08-31T02:13:53.909426+00:00,blockchain,impersonation_wrong_key,18,1,UAV-VALID,INVALID_SIGNATURE,INVALID_SIGNATURE,True,15980500,15.9805,44900,15612600,0,4400,240800,0,0,0,,,,none,blockchain-impersonation_wrong_key_0,0,False,238,17,
n10-identities_c1-conc_mech-blockchain-1backend_security-battery_r30_audit-off_20260831T021343Z,obs_b8dd33b5c6fe46e99cb4d4e886ace8f6,2026-08-31T02:13:53.931663+00:00,blockchain,impersonation_wrong_key,19,1,UAV-VALID,INVALID_SIGNATURE,INVALID_SIGNATURE,True,15772600,15.7726,42700,15521000,0,2300,158800,0,0,0,,,,none,blockchain-impersonation_wrong_key_0,0,False,239,17,
n10-identities_c1-conc_mech-blockchain-1backend_security-battery_r30_audit-off_20260831T021343Z,obs_d57ce1730c1d4e20900642f1be617feb,2026-08-31T02:13:53.953135+00:00,blockchain,impersonation_wrong_key,20,1,UAV-VALID,INVALID_SIGNATURE,INVALID_SIGNATURE,True,15003900,15.0039,45000,14653500,0,2500,221100,0,0,0,,,,none,blockchain-impersonation_wrong_key_0,0,False,238,17,
n10-identities_c1-conc_mech-blockchain-1backend_security-battery_r30_audit-off_20260831T021343Z,obs_bafd1d6b5ab04d399c6532a1a9e805f5,2026-08-31T02:13:53.975447+00:00,blockchain,impersonation_wrong_key,21,1,UAV-VALID,INVALID_SIGNATURE,INVALID_SIGNATURE,True,15383800,15.3838,40700,15025900,0,3300,237300,0,0,0,,,,none,blockchain-impersonation_wrong_key_0,0,False,239,17,
n10-identities_c1-conc_mech-blockchain-1backend_security-battery_r30_audit-off_20260831T021343Z,obs_4b62684496de41e0bad6382c7aebb912,2026-08-31T02:13:53.998127+00:00,blockchain,impersonation_wrong_key,22,1,UAV-VALID,INVALID_SIGNATURE,INVALID_SIGNATURE,True,16076200,16.0762,43600,15742100,0,3900,215000,0,0,0,,,,none,blockchain-impersonation_wrong_key_0,0,False,239,17,
n10-identities_c1-conc_mech-blockchain-1backend_security-battery_r30_audit-off_20260831T021343Z,obs_e839c34243e2465b84fccf188e9c8d5b,2026-08-31T02:13:54.021481+00:00,blockchain,impersonation_wrong_key,23,1,UAV-VALID,INVALID_SIGNATURE,INVALID_SIGNATURE,True,14819800,14.8198,44700,14403500,0,4200,262400,0,0,0,,,,none,blockchain-impersonation_wrong_key_0,0,False,240,17,
n10-identities_c1-conc_mech-blockchain-1backend_security-battery_r30_audit-off_20260831T021343Z,obs_64ad25c2a28942cf8b0485534912f4b3,2026-08-31T02:13:54.045808+00:00,blockchain,impersonation_wrong_key,24,1,UAV-VALID,INVALID_SIGNATURE,INVALID_SIGNATURE,True,17009800,17.0098,44700,16678700,0,3400,211900,0,0,0,,,,none,blockchain-impersonation_wrong_key_0,0,False,239,17,
n10-identities_c1-conc_mech-blockchain-1backend_security-battery_r30_audit-off_20260831T021343Z,obs_178b8dc9492148b1be606787ad7e10ca,2026-08-31T02:13:54.069203+00:00,blockchain,impersonation_wrong_key,25,1,UAV-VALID,INVALID_SIGNATURE,INVALID_SIGNATURE,True,16162400,16.1624,60500,15580200,0,5000,338700,0,0,0,,,,none,blockchain-impersonation_wrong_key_0,0,False,238,17,
n10-identities_c1-conc_mech-blockchain-1backend_security-battery_r30_audit-off_20260831T021343Z,obs_38e81e6ad7434def8a42d4f3fc6f3002,2026-08-31T02:13:54.093149+00:00,blockchain,impersonation_wrong_key,26,1,UAV-VALID,INVALID_SIGNATURE,INVALID_SIGNATURE,True,16054400,16.0544,44400,15763300,0,2400,186300,0,0,0,,,,none,blockchain-impersonation_wrong_key_0,0,False,238,17,
n10-identities_c1-conc_mech-blockchain-1backend_security-battery_r30_audit-off_20260831T021343Z,obs_4c68323640624f3bb315c46f970b7ace,2026-08-31T02:13:54.116302+00:00,blockchain,impersonation_wrong_key,27,1,UAV-VALID,INVALID_SIGNATURE,INVALID_SIGNATURE,True,16471700,16.4717,33800,16196500,0,3200,178400,0,0,0,,,,none,blockchain-impersonation_wrong_key_0,0,False,240,17,
n10-identities_c1-conc_mech-blockchain-1backend_security-battery_r30_audit-off_20260831T021343Z,obs_35435315254d48e6acdb3265fb5c82f9,2026-08-31T02:13:54.143217+00:00,blockchain,impersonation_wrong_key,28,1,UAV-VALID,INVALID_SIGNATURE,INVALID_SIGNATURE,True,17753000,17.753,42700,17360900,0,5100,242600,0,0,0,,,,none,blockchain-impersonation_wrong_key_0,0,False,238,17,
n10-identities_c1-conc_mech-blockchain-1backend_security-battery_r30_audit-off_20260831T021343Z,obs_7b49194b5d36498b815e67a88223b4ca,2026-08-31T02:13:54.171294+00:00,blockchain,impersonation_wrong_key,29,1,UAV-VALID,INVALID_SIGNATURE,INVALID_SIGNATURE,True,19117600,19.1176,59400,18222600,0,3800,698600,0,0,0,,,,none,blockchain-impersonation_wrong_key_0,0,False,239,17,
n10-identities_c1-conc_mech-blockchain-1backend_security-battery_r30_audit-off_20260831T021343Z,obs_f6f8d47c83e44c49a34feeac5eeaf5ff,2026-08-31T02:13:54.208261+00:00,blockchain,replay,0,1,UAV-VALID,REPLAY_DETECTED,REPLAY_DETECTED,True,37000,0.037,51600,0,0,0,0,0,0,0,,,,none,blockchain-replay_0,0,True,238,15,
n10-identities_c1-conc_mech-blockchain-1backend_security-battery_r30_audit-off_20260831T021343Z,obs_32e4f316000e4d1fba37fb202e2f2893,2026-08-31T02:13:54.233385+00:00,blockchain,replay,1,1,UAV-VALID,REPLAY_DETECTED,REPLAY_DETECTED,True,24400,0.0244,55300,0,0,0,0,0,0,0,,,,none,blockchain-replay_0,0,True,239,15,
n10-identities_c1-conc_mech-blockchain-1backend_security-battery_r30_audit-off_20260831T021343Z,obs_16ad17d221be48ceb86bb79e5a535d76,2026-08-31T02:13:54.253659+00:00,blockchain,replay,0,1,UAV-VALID,REPLAY_DETECTED,REPLAY_DETECTED,True,41600,0.0416,36100,0,0,0,0,0,0,0,,,,none,blockchain-replay_0,0,False,238,15,
n10-identities_c1-conc_mech-blockchain-1backend_security-battery_r30_audit-off_20260831T021343Z,obs_67b3930680bb40f9a075aefdfbfe9434,2026-08-31T02:13:54.274707+00:00,blockchain,replay,1,1,UAV-VALID,REPLAY_DETECTED,REPLAY_DETECTED,True,28800,0.0288,36100,0,0,0,0,0,0,0,,,,none,blockchain-replay_0,0,False,239,15,
n10-identities_c1-conc_mech-blockchain-1backend_security-battery_r30_audit-off_20260831T021343Z,obs_083fda34cd6c498fb09c51e0f4990fd6,2026-08-31T02:13:54.294717+00:00,blockchain,replay,2,1,UAV-VALID,REPLAY_DETECTED,REPLAY_DETECTED,True,24500,0.0245,31500,0,0,0,0,0,0,0,,,,none,blockchain-replay_0,0,False,240,15,
n10-identities_c1-conc_mech-blockchain-1backend_security-battery_r30_audit-off_20260831T021343Z,obs_22e42f9cce764d9a80c3382ccb440059,2026-08-31T02:13:54.315536+00:00,blockchain,replay,3,1,UAV-VALID,REPLAY_DETECTED,REPLAY_DETECTED,True,24300,0.0243,32700,0,0,0,0,0,0,0,,,,none,blockchain-replay_0,0,False,240,15,
n10-identities_c1-conc_mech-blockchain-1backend_security-battery_r30_audit-off_20260831T021343Z,obs_c420453d7c1044e1bbe641a9c11c8306,2026-08-31T02:13:54.347199+00:00,blockchain,replay,4,1,UAV-VALID,REPLAY_DETECTED,REPLAY_DETECTED,True,24300,0.0243,49900,0,0,0,0,0,0,0,,,,none,blockchain-replay_0,0,False,240,15,
n10-identities_c1-conc_mech-blockchain-1backend_security-battery_r30_audit-off_20260831T021343Z,obs_cf6576bd11a2482a9421f1de2ab065e3,2026-08-31T02:13:54.365841+00:00,blockchain,replay,5,1,UAV-VALID,REPLAY_DETECTED,REPLAY_DETECTED,True,22600,0.0226,57200,0,0,0,0,0,0,0,,,,none,blockchain-replay_0,0,False,240,15,
n10-identities_c1-conc_mech-blockchain-1backend_security-battery_r30_audit-off_20260831T021343Z,obs_c227654fc52e41f2848ac84143f22abd,2026-08-31T02:13:54.386799+00:00,blockchain,replay,6,1,UAV-VALID,REPLAY_DETECTED,REPLAY_DETECTED,True,32800,0.0328,35400,0,0,0,0,0,0,0,,,,none,blockchain-replay_0,0,False,239,15,
n10-identities_c1-conc_mech-blockchain-1backend_security-battery_r30_audit-off_20260831T021343Z,obs_79193d0e0104498e9154b14a253ab86b,2026-08-31T02:13:54.422429+00:00,blockchain,replay,7,1,UAV-VALID,REPLAY_DETECTED,REPLAY_DETECTED,True,22700,0.0227,44500,0,0,0,0,0,0,0,,,,none,blockchain-replay_0,0,False,239,15,
n10-identities_c1-conc_mech-blockchain-1backend_security-battery_r30_audit-off_20260831T021343Z,obs_9f94d570159744f2b6056e3deb37f1a5,2026-08-31T02:13:54.442033+00:00,blockchain,replay,8,1,UAV-VALID,REPLAY_DETECTED,REPLAY_DETECTED,True,24100,0.0241,46400,0,0,0,0,0,0,0,,,,none,blockchain-replay_0,0,False,239,15,
n10-identities_c1-conc_mech-blockchain-1backend_security-battery_r30_audit-off_20260831T021343Z,obs_d54b9b0bbe8f420ab0ab2d79e3d61e6c,2026-08-31T02:13:54.461080+00:00,blockchain,replay,9,1,UAV-VALID,REPLAY_DETECTED,REPLAY_DETECTED,True,30100,0.0301,60900,0,0,0,0,0,0,0,,,,none,blockchain-replay_0,0,False,238,15,
n10-identities_c1-conc_mech-blockchain-1backend_security-battery_r30_audit-off_20260831T021343Z,obs_dde1796e30b7490c83a43ad81b0ef3bd,2026-08-31T02:13:54.481718+00:00,blockchain,replay,10,1,UAV-VALID,REPLAY_DETECTED,REPLAY_DETECTED,True,32600,0.0326,32000,0,0,0,0,0,0,0,,,,none,blockchain-replay_0,0,False,238,15,
n10-identities_c1-conc_mech-blockchain-1backend_security-battery_r30_audit-off_20260831T021343Z,obs_8d13cee6104c43a7ab3fda20c3586c46,2026-08-31T02:13:54.504669+00:00,blockchain,replay,11,1,UAV-VALID,REPLAY_DETECTED,REPLAY_DETECTED,True,32300,0.0323,51100,0,0,0,0,0,0,0,,,,none,blockchain-replay_0,0,False,239,15,
n10-identities_c1-conc_mech-blockchain-1backend_security-battery_r30_audit-off_20260831T021343Z,obs_7b23f97775d84f0a8a8963bee12f3a10,2026-08-31T02:13:54.529284+00:00,blockchain,replay,12,1,UAV-VALID,REPLAY_DETECTED,REPLAY_DETECTED,True,34500,0.0345,38300,0,0,0,0,0,0,0,,,,none,blockchain-replay_0,0,False,239,15,
n10-identities_c1-conc_mech-blockchain-1backend_security-battery_r30_audit-off_20260831T021343Z,obs_35eca5d0c7254d6395138e39f610156b,2026-08-31T02:13:54.554467+00:00,blockchain,replay,13,1,UAV-VALID,REPLAY_DETECTED,REPLAY_DETECTED,True,41000,0.041,55100,0,0,0,0,0,0,0,,,,none,blockchain-replay_0,0,False,239,15,
n10-identities_c1-conc_mech-blockchain-1backend_security-battery_r30_audit-off_20260831T021343Z,obs_c484b63af0bd413ea62644ec33f54a05,2026-08-31T02:13:54.585905+00:00,blockchain,replay,14,1,UAV-VALID,REPLAY_DETECTED,REPLAY_DETECTED,True,57700,0.0577,42600,0,0,0,0,0,0,0,,,,none,blockchain-replay_0,0,False,239,15,
n10-identities_c1-conc_mech-blockchain-1backend_security-battery_r30_audit-off_20260831T021343Z,obs_ced62e2123184ba9ae95a95b8a82f697,2026-08-31T02:13:54.620034+00:00,blockchain,replay,15,1,UAV-VALID,REPLAY_DETECTED,REPLAY_DETECTED,True,37600,0.0376,136100,0,0,0,0,0,0,0,,,,none,blockchain-replay_0,0,False,239,15,
n10-identities_c1-conc_mech-blockchain-1backend_security-battery_r30_audit-off_20260831T021343Z,obs_6a1c6e41dcfb4c34b91375de0c13a3f8,2026-08-31T02:13:54.649870+00:00,blockchain,replay,16,1,UAV-VALID,REPLAY_DETECTED,REPLAY_DETECTED,True,53600,0.0536,55100,0,0,0,0,0,0,0,,,,none,blockchain-replay_0,0,False,239,15,
n10-identities_c1-conc_mech-blockchain-1backend_security-battery_r30_audit-off_20260831T021343Z,obs_02a7578d70b344f1b8602eadd8fa10d9,2026-08-31T02:13:54.679964+00:00,blockchain,replay,17,1,UAV-VALID,REPLAY_DETECTED,REPLAY_DETECTED,True,34700,0.0347,59300,0,0,0,0,0,0,0,,,,none,blockchain-replay_0,0,False,240,15,
n10-identities_c1-conc_mech-blockchain-1backend_security-battery_r30_audit-off_20260831T021343Z,obs_97e826aedd8c45b3806cd612914ff3ed,2026-08-31T02:13:54.702405+00:00,blockchain,replay,18,1,UAV-VALID,REPLAY_DETECTED,REPLAY_DETECTED,True,62900,0.0629,41600,0,0,0,0,0,0,0,,,,none,blockchain-replay_0,0,False,238,15,
n10-identities_c1-conc_mech-blockchain-1backend_security-battery_r30_audit-off_20260831T021343Z,obs_4c6035c30d5046cb9b866d35fc1fc295,2026-08-31T02:13:54.726633+00:00,blockchain,replay,19,1,UAV-VALID,REPLAY_DETECTED,REPLAY_DETECTED,True,41100,0.0411,61100,0,0,0,0,0,0,0,,,,none,blockchain-replay_0,0,False,238,15,
n10-identities_c1-conc_mech-blockchain-1backend_security-battery_r30_audit-off_20260831T021343Z,obs_ff9eede5458747da8426ce317b397a23,2026-08-31T02:13:54.751474+00:00,blockchain,replay,20,1,UAV-VALID,REPLAY_DETECTED,REPLAY_DETECTED,True,46800,0.0468,46100,0,0,0,0,0,0,0,,,,none,blockchain-replay_0,0,False,238,15,
n10-identities_c1-conc_mech-blockchain-1backend_security-battery_r30_audit-off_20260831T021343Z,obs_da4cb8e87aa94bb6b9d08656da15e7b6,2026-08-31T02:13:54.777221+00:00,blockchain,replay,21,1,UAV-VALID,REPLAY_DETECTED,REPLAY_DETECTED,True,37200,0.0372,45600,0,0,0,0,0,0,0,,,,none,blockchain-replay_0,0,False,239,15,
n10-identities_c1-conc_mech-blockchain-1backend_security-battery_r30_audit-off_20260831T021343Z,obs_02d614a25829493394925e63a474867c,2026-08-31T02:13:54.804337+00:00,blockchain,replay,22,1,UAV-VALID,REPLAY_DETECTED,REPLAY_DETECTED,True,62100,0.0621,55100,0,0,0,0,0,0,0,,,,none,blockchain-replay_0,0,False,240,15,
n10-identities_c1-conc_mech-blockchain-1backend_security-battery_r30_audit-off_20260831T021343Z,obs_525a257bb5df4cfcb8ee42b13997ff56,2026-08-31T02:13:54.840014+00:00,blockchain,replay,23,1,UAV-VALID,REPLAY_DETECTED,REPLAY_DETECTED,True,39100,0.0391,51800,0,0,0,0,0,0,0,,,,none,blockchain-replay_0,0,False,239,15,
n10-identities_c1-conc_mech-blockchain-1backend_security-battery_r30_audit-off_20260831T021343Z,obs_a1d8d8c1a1364a399d8062deca38bf9b,2026-08-31T02:13:54.872785+00:00,blockchain,replay,24,1,UAV-VALID,REPLAY_DETECTED,REPLAY_DETECTED,True,38900,0.0389,67100,0,0,0,0,0,0,0,,,,none,blockchain-replay_0,0,False,239,15,
n10-identities_c1-conc_mech-blockchain-1backend_security-battery_r30_audit-off_20260831T021343Z,obs_7f7296aa72914a14b0b207171e7ad938,2026-08-31T02:13:54.897178+00:00,blockchain,replay,25,1,UAV-VALID,REPLAY_DETECTED,REPLAY_DETECTED,True,24000,0.024,51800,0,0,0,0,0,0,0,,,,none,blockchain-replay_0,0,False,239,15,
n10-identities_c1-conc_mech-blockchain-1backend_security-battery_r30_audit-off_20260831T021343Z,obs_aee93f4a32564738949e5d261e68ce2a,2026-08-31T02:13:54.932150+00:00,blockchain,replay,26,1,UAV-VALID,REPLAY_DETECTED,REPLAY_DETECTED,True,24300,0.0243,39800,0,0,0,0,0,0,0,,,,none,blockchain-replay_0,0,False,238,15,
n10-identities_c1-conc_mech-blockchain-1backend_security-battery_r30_audit-off_20260831T021343Z,obs_059389aaaa964bbb8e52b494d962fb53,2026-08-31T02:13:54.955875+00:00,blockchain,replay,27,1,UAV-VALID,REPLAY_DETECTED,REPLAY_DETECTED,True,23300,0.0233,40900,0,0,0,0,0,0,0,,,,none,blockchain-replay_0,0,False,240,15,
n10-identities_c1-conc_mech-blockchain-1backend_security-battery_r30_audit-off_20260831T021343Z,obs_5adff46624b3486394e6d2b5390723a7,2026-08-31T02:13:54.976062+00:00,blockchain,replay,28,1,UAV-VALID,REPLAY_DETECTED,REPLAY_DETECTED,True,27500,0.0275,53200,0,0,0,0,0,0,0,,,,none,blockchain-replay_0,0,False,239,15,
n10-identities_c1-conc_mech-blockchain-1backend_security-battery_r30_audit-off_20260831T021343Z,obs_372ff5ecd5d04f9bbddfb6dbfc47a91c,2026-08-31T02:13:54.999675+00:00,blockchain,replay,29,1,UAV-VALID,REPLAY_DETECTED,REPLAY_DETECTED,True,36300,0.0363,48000,0,0,0,0,0,0,0,,,,none,blockchain-replay_0,0,False,240,15,
n10-identities_c1-conc_mech-blockchain-1backend_security-battery_r30_audit-off_20260831T021343Z,obs_ea1a82d5d88f45aea77b1eb2c966b703,2026-08-31T02:13:55.025906+00:00,blockchain,modified_nonce,0,1,UAV-VALID,INVALID_SIGNATURE,INVALID_SIGNATURE,True,15200,0.0152,37900,0,0,0,0,0,0,0,,,,none,blockchain-modified_nonce_0,0,True,240,17,nonce mismatch
n10-identities_c1-conc_mech-blockchain-1backend_security-battery_r30_audit-off_20260831T021343Z,obs_2ed2571d36c14e479d64ad845b447f4d,2026-08-31T02:13:55.032487+00:00,blockchain,modified_nonce,1,1,UAV-VALID,INVALID_SIGNATURE,INVALID_SIGNATURE,True,14800,0.0148,37800,0,0,0,0,0,0,0,,,,none,blockchain-modified_nonce_0,0,True,239,17,nonce mismatch
n10-identities_c1-conc_mech-blockchain-1backend_security-battery_r30_audit-off_20260831T021343Z,obs_72af1829984a410395b666dacf2066d1,2026-08-31T02:13:55.038745+00:00,blockchain,modified_nonce,0,1,UAV-VALID,INVALID_SIGNATURE,INVALID_SIGNATURE,True,14300,0.0143,37100,0,0,0,0,0,0,0,,,,none,blockchain-modified_nonce_0,0,False,240,17,nonce mismatch
n10-identities_c1-conc_mech-blockchain-1backend_security-battery_r30_audit-off_20260831T021343Z,obs_167870d1bbbf4079a26d7c425cf8dae3,2026-08-31T02:13:55.045173+00:00,blockchain,modified_nonce,1,1,UAV-VALID,INVALID_SIGNATURE,INVALID_SIGNATURE,True,16700,0.0167,59200,0,0,0,0,0,0,0,,,,none,blockchain-modified_nonce_0,0,False,239,17,nonce mismatch
n10-identities_c1-conc_mech-blockchain-1backend_security-battery_r30_audit-off_20260831T021343Z,obs_6f758d26ffd84ea4bd60103fea4153d8,2026-08-31T02:13:55.050723+00:00,blockchain,modified_nonce,2,1,UAV-VALID,INVALID_SIGNATURE,INVALID_SIGNATURE,True,17000,0.017,60500,0,0,0,0,0,0,0,,,,none,blockchain-modified_nonce_0,0,False,239,17,nonce mismatch
n10-identities_c1-conc_mech-blockchain-1backend_security-battery_r30_audit-off_20260831T021343Z,obs_08104329373145938e1ab626d905e939,2026-08-31T02:13:55.057533+00:00,blockchain,modified_nonce,3,1,UAV-VALID,INVALID_SIGNATURE,INVALID_SIGNATURE,True,22700,0.0227,65400,0,0,0,0,0,0,0,,,,none,blockchain-modified_nonce_0,0,False,238,17,nonce mismatch
n10-identities_c1-conc_mech-blockchain-1backend_security-battery_r30_audit-off_20260831T021343Z,obs_25fc59a4c4ed4b6c850c18a52dc6ad08,2026-08-31T02:13:55.065089+00:00,blockchain,modified_nonce,4,1,UAV-VALID,INVALID_SIGNATURE,INVALID_SIGNATURE,True,14900,0.0149,41200,0,0,0,0,0,0,0,,,,none,blockchain-modified_nonce_0,0,False,240,17,nonce mismatch
n10-identities_c1-conc_mech-blockchain-1backend_security-battery_r30_audit-off_20260831T021343Z,obs_d2b13abc481740f5af7892f5b45d6299,2026-08-31T02:13:55.071805+00:00,blockchain,modified_nonce,5,1,UAV-VALID,INVALID_SIGNATURE,INVALID_SIGNATURE,True,26900,0.0269,71700,0,0,0,0,0,0,0,,,,none,blockchain-modified_nonce_0,0,False,240,17,nonce mismatch
n10-identities_c1-conc_mech-blockchain-1backend_security-battery_r30_audit-off_20260831T021343Z,obs_4f0cf3cc14074aa599ebfa661abed442,2026-08-31T02:13:55.079758+00:00,blockchain,modified_nonce,6,1,UAV-VALID,INVALID_SIGNATURE,INVALID_SIGNATURE,True,21300,0.0213,61900,0,0,0,0,0,0,0,,,,none,blockchain-modified_nonce_0,0,False,239,17,nonce mismatch
n10-identities_c1-conc_mech-blockchain-1backend_security-battery_r30_audit-off_20260831T021343Z,obs_c4e9c9a7dffd4e9ebbde316019e52268,2026-08-31T02:13:55.088204+00:00,blockchain,modified_nonce,7,1,UAV-VALID,INVALID_SIGNATURE,INVALID_SIGNATURE,True,22700,0.0227,52300,0,0,0,0,0,0,0,,,,none,blockchain-modified_nonce_0,0,False,238,17,nonce mismatch
n10-identities_c1-conc_mech-blockchain-1backend_security-battery_r30_audit-off_20260831T021343Z,obs_a0e9ba3e32664cd1949037cd259166f4,2026-08-31T02:13:55.096301+00:00,blockchain,modified_nonce,8,1,UAV-VALID,INVALID_SIGNATURE,INVALID_SIGNATURE,True,23300,0.0233,81100,0,0,0,0,0,0,0,,,,none,blockchain-modified_nonce_0,0,False,240,17,nonce mismatch
n10-identities_c1-conc_mech-blockchain-1backend_security-battery_r30_audit-off_20260831T021343Z,obs_8f0f671230c44b66aa4e442fd639d7e7,2026-08-31T02:13:55.103632+00:00,blockchain,modified_nonce,9,1,UAV-VALID,INVALID_SIGNATURE,INVALID_SIGNATURE,True,13300,0.0133,42100,0,0,0,0,0,0,0,,,,none,blockchain-modified_nonce_0,0,False,240,17,nonce mismatch
n10-identities_c1-conc_mech-blockchain-1backend_security-battery_r30_audit-off_20260831T021343Z,obs_5dc077a4f3d241f385c154d6430344ea,2026-08-31T02:13:55.110248+00:00,blockchain,modified_nonce,10,1,UAV-VALID,INVALID_SIGNATURE,INVALID_SIGNATURE,True,15400,0.0154,42300,0,0,0,0,0,0,0,,,,none,blockchain-modified_nonce_0,0,False,239,17,nonce mismatch
n10-identities_c1-conc_mech-blockchain-1backend_security-battery_r30_audit-off_20260831T021343Z,obs_2db4e5e4c82b4b9fb834a868bc806e47,2026-08-31T02:13:55.115331+00:00,blockchain,modified_nonce,11,1,UAV-VALID,INVALID_SIGNATURE,INVALID_SIGNATURE,True,20000,0.02,70900,0,0,0,0,0,0,0,,,,none,blockchain-modified_nonce_0,0,False,240,17,nonce mismatch
n10-identities_c1-conc_mech-blockchain-1backend_security-battery_r30_audit-off_20260831T021343Z,obs_62687bfb0f9e47d1936565172e4e0687,2026-08-31T02:13:55.121472+00:00,blockchain,modified_nonce,12,1,UAV-VALID,INVALID_SIGNATURE,INVALID_SIGNATURE,True,11100,0.0111,32900,0,0,0,0,0,0,0,,,,none,blockchain-modified_nonce_0,0,False,238,17,nonce mismatch
n10-identities_c1-conc_mech-blockchain-1backend_security-battery_r30_audit-off_20260831T021343Z,obs_c920493a7c134ab4987d953e7310ed04,2026-08-31T02:13:55.127313+00:00,blockchain,modified_nonce,13,1,UAV-VALID,INVALID_SIGNATURE,INVALID_SIGNATURE,True,14000,0.014,33500,0,0,0,0,0,0,0,,,,none,blockchain-modified_nonce_0,0,False,239,17,nonce mismatch
n10-identities_c1-conc_mech-blockchain-1backend_security-battery_r30_audit-off_20260831T021343Z,obs_2d443d82cfec4287a06c0522e081f569,2026-08-31T02:13:55.131541+00:00,blockchain,modified_nonce,14,1,UAV-VALID,INVALID_SIGNATURE,INVALID_SIGNATURE,True,12500,0.0125,27300,0,0,0,0,0,0,0,,,,none,blockchain-modified_nonce_0,0,False,240,17,nonce mismatch
n10-identities_c1-conc_mech-blockchain-1backend_security-battery_r30_audit-off_20260831T021343Z,obs_f991111048d24974afedd051f98baac0,2026-08-31T02:13:55.137124+00:00,blockchain,modified_nonce,15,1,UAV-VALID,INVALID_SIGNATURE,INVALID_SIGNATURE,True,20800,0.0208,43000,0,0,0,0,0,0,0,,,,none,blockchain-modified_nonce_0,0,False,239,17,nonce mismatch
n10-identities_c1-conc_mech-blockchain-1backend_security-battery_r30_audit-off_20260831T021343Z,obs_f3035371adbb4165a4ef57a811a58bba,2026-08-31T02:13:55.142883+00:00,blockchain,modified_nonce,16,1,UAV-VALID,INVALID_SIGNATURE,INVALID_SIGNATURE,True,11000,0.011,32800,0,0,0,0,0,0,0,,,,none,blockchain-modified_nonce_0,0,False,239,17,nonce mismatch
n10-identities_c1-conc_mech-blockchain-1backend_security-battery_r30_audit-off_20260831T021343Z,obs_3e1515a3ed55474f94dcde7679a10c12,2026-08-31T02:13:55.147162+00:00,blockchain,modified_nonce,17,1,UAV-VALID,INVALID_SIGNATURE,INVALID_SIGNATURE,True,13900,0.0139,33800,0,0,0,0,0,0,0,,,,none,blockchain-modified_nonce_0,0,False,239,17,nonce mismatch
n10-identities_c1-conc_mech-blockchain-1backend_security-battery_r30_audit-off_20260831T021343Z,obs_a1233eb01bc24a0ebec2dfe0433e83b5,2026-08-31T02:13:55.151800+00:00,blockchain,modified_nonce,18,1,UAV-VALID,INVALID_SIGNATURE,INVALID_SIGNATURE,True,14100,0.0141,32200,0,0,0,0,0,0,0,,,,none,blockchain-modified_nonce_0,0,False,239,17,nonce mismatch
n10-identities_c1-conc_mech-blockchain-1backend_security-battery_r30_audit-off_20260831T021343Z,obs_46b15a0337fd4223902f8ccd158287fa,2026-08-31T02:13:55.157801+00:00,blockchain,modified_nonce,19,1,UAV-VALID,INVALID_SIGNATURE,INVALID_SIGNATURE,True,22100,0.0221,51700,0,0,0,0,0,0,0,,,,none,blockchain-modified_nonce_0,0,False,239,17,nonce mismatch
n10-identities_c1-conc_mech-blockchain-1backend_security-battery_r30_audit-off_20260831T021343Z,obs_7ae3eb02c43642529ea82b4a5ff1af1d,2026-08-31T02:13:55.164360+00:00,blockchain,modified_nonce,20,1,UAV-VALID,INVALID_SIGNATURE,INVALID_SIGNATURE,True,22600,0.0226,44400,0,0,0,0,0,0,0,,,,none,blockchain-modified_nonce_0,0,False,240,17,nonce mismatch
n10-identities_c1-conc_mech-blockchain-1backend_security-battery_r30_audit-off_20260831T021343Z,obs_3bf7aac1bd2e4995bc060aaf50ecb455,2026-08-31T02:13:55.171127+00:00,blockchain,modified_nonce,21,1,UAV-VALID,INVALID_SIGNATURE,INVALID_SIGNATURE,True,23300,0.0233,50300,0,0,0,0,0,0,0,,,,none,blockchain-modified_nonce_0,0,False,240,17,nonce mismatch
n10-identities_c1-conc_mech-blockchain-1backend_security-battery_r30_audit-off_20260831T021343Z,obs_8a7df7132f374bc7b6bbcd52ad691ef2,2026-08-31T02:13:55.176325+00:00,blockchain,modified_nonce,22,1,UAV-VALID,INVALID_SIGNATURE,INVALID_SIGNATURE,True,24500,0.0245,48600,0,0,0,0,0,0,0,,,,none,blockchain-modified_nonce_0,0,False,240,17,nonce mismatch
n10-identities_c1-conc_mech-blockchain-1backend_security-battery_r30_audit-off_20260831T021343Z,obs_f30ed81d92a9474fb5a0c7e3d49b7f10,2026-08-31T02:13:55.184051+00:00,blockchain,modified_nonce,23,1,UAV-VALID,INVALID_SIGNATURE,INVALID_SIGNATURE,True,23000,0.023,55400,0,0,0,0,0,0,0,,,,none,blockchain-modified_nonce_0,0,False,240,17,nonce mismatch
n10-identities_c1-conc_mech-blockchain-1backend_security-battery_r30_audit-off_20260831T021343Z,obs_02a9cf5339244f30ba169c3b4a8fa9c9,2026-08-31T02:13:55.189148+00:00,blockchain,modified_nonce,24,1,UAV-VALID,INVALID_SIGNATURE,INVALID_SIGNATURE,True,12300,0.0123,33400,0,0,0,0,0,0,0,,,,none,blockchain-modified_nonce_0,0,False,238,17,nonce mismatch
n10-identities_c1-conc_mech-blockchain-1backend_security-battery_r30_audit-off_20260831T021343Z,obs_f1c03a8a64944035a1c8c1c21e7b382d,2026-08-31T02:13:55.196356+00:00,blockchain,modified_nonce,25,1,UAV-VALID,INVALID_SIGNATURE,INVALID_SIGNATURE,True,17400,0.0174,54600,0,0,0,0,0,0,0,,,,none,blockchain-modified_nonce_0,0,False,240,17,nonce mismatch
n10-identities_c1-conc_mech-blockchain-1backend_security-battery_r30_audit-off_20260831T021343Z,obs_7880665d198d44c38e54518f1bad146a,2026-08-31T02:13:55.202516+00:00,blockchain,modified_nonce,26,1,UAV-VALID,INVALID_SIGNATURE,INVALID_SIGNATURE,True,23300,0.0233,53800,0,0,0,0,0,0,0,,,,none,blockchain-modified_nonce_0,0,False,239,17,nonce mismatch
n10-identities_c1-conc_mech-blockchain-1backend_security-battery_r30_audit-off_20260831T021343Z,obs_d0ffc65bae0a4d1089827ace3b99edf3,2026-08-31T02:13:55.208989+00:00,blockchain,modified_nonce,27,1,UAV-VALID,INVALID_SIGNATURE,INVALID_SIGNATURE,True,21100,0.0211,35900,0,0,0,0,0,0,0,,,,none,blockchain-modified_nonce_0,0,False,240,17,nonce mismatch
n10-identities_c1-conc_mech-blockchain-1backend_security-battery_r30_audit-off_20260831T021343Z,obs_f22b1a9883db43fd80207e7283716d27,2026-08-31T02:13:55.214527+00:00,blockchain,modified_nonce,28,1,UAV-VALID,INVALID_SIGNATURE,INVALID_SIGNATURE,True,13700,0.0137,39100,0,0,0,0,0,0,0,,,,none,blockchain-modified_nonce_0,0,False,239,17,nonce mismatch
n10-identities_c1-conc_mech-blockchain-1backend_security-battery_r30_audit-off_20260831T021343Z,obs_b0fe04015af44b1482c175b69a338285,2026-08-31T02:13:55.222032+00:00,blockchain,modified_nonce,29,1,UAV-VALID,INVALID_SIGNATURE,INVALID_SIGNATURE,True,18000,0.018,61400,0,0,0,0,0,0,0,,,,none,blockchain-modified_nonce_0,0,False,240,17,nonce mismatch
n10-identities_c1-conc_mech-blockchain-1backend_security-battery_r30_audit-off_20260831T021343Z,obs_1879183e5f694311bb7275d7c4939e4f,2026-08-31T02:13:55.358752+00:00,blockchain,modified_uav_id,0,1,UAV-0005,INVALID_SIGNATURE,INVALID_SIGNATURE,True,33666200,33.6662,58300,33241400,0,4500,273200,0,0,0,,,,none,blockchain-modified_uav_id_0,0,True,238,17,
n10-identities_c1-conc_mech-blockchain-1backend_security-battery_r30_audit-off_20260831T021343Z,obs_4967da7187424ee69b76d0ae6cf9faa8,2026-08-31T02:13:55.393498+00:00,blockchain,modified_uav_id,1,1,UAV-0005,INVALID_SIGNATURE,INVALID_SIGNATURE,True,22183400,22.1834,59600,21764200,0,3400,268200,0,0,0,,,,none,blockchain-modified_uav_id_0,0,True,238,17,
n10-identities_c1-conc_mech-blockchain-1backend_security-battery_r30_audit-off_20260831T021343Z,obs_bdbead9b41374560bfbf7c41a9ff0a45,2026-08-31T02:13:55.428654+00:00,blockchain,modified_uav_id,0,1,UAV-0005,INVALID_SIGNATURE,INVALID_SIGNATURE,True,21954500,21.9545,69100,21529900,0,3500,248700,0,0,0,,,,none,blockchain-modified_uav_id_0,0,False,238,17,
n10-identities_c1-conc_mech-blockchain-1backend_security-battery_r30_audit-off_20260831T021343Z,obs_b4dab316e6ac436b8709362152c26386,2026-08-31T02:13:55.483024+00:00,blockchain,modified_uav_id,1,1,UAV-0005,INVALID_SIGNATURE,INVALID_SIGNATURE,True,20575700,20.5757,50400,20176700,0,3300,243900,0,0,0,,,,none,blockchain-modified_uav_id_0,0,False,238,17,
n10-identities_c1-conc_mech-blockchain-1backend_security-battery_r30_audit-off_20260831T021343Z,obs_5385d15626554db7813befb37e15e253,2026-08-31T02:13:55.508819+00:00,blockchain,modified_uav_id,2,1,UAV-0005,INVALID_SIGNATURE,INVALID_SIGNATURE,True,15856700,15.8567,35300,15590800,0,3100,163200,0,0,0,,,,none,blockchain-modified_uav_id_0,0,False,238,17,
n10-identities_c1-conc_mech-blockchain-1backend_security-battery_r30_audit-off_20260831T021343Z,obs_fe0f28399f3048f8916658d5cf9dc920,2026-08-31T02:13:55.535005+00:00,blockchain,modified_uav_id,3,1,UAV-0005,INVALID_SIGNATURE,INVALID_SIGNATURE,True,15770600,15.7706,40500,15447600,0,2900,199100,0,0,0,,,,none,blockchain-modified_uav_id_0,0,False,238,17,
n10-identities_c1-conc_mech-blockchain-1backend_security-battery_r30_audit-off_20260831T021343Z,obs_8f444491f4474c88a399b6b10fbe48fe,2026-08-31T02:13:55.562132+00:00,blockchain,modified_uav_id,4,1,UAV-0005,INVALID_SIGNATURE,INVALID_SIGNATURE,True,15827200,15.8272,71600,15461700,0,3400,224500,0,0,0,,,,none,blockchain-modified_uav_id_0,0,False,238,17,
n10-identities_c1-conc_mech-blockchain-1backend_security-battery_r30_audit-off_20260831T021343Z,obs_3937d59e95cb4e8b984168fce297da21,2026-08-31T02:13:55.587234+00:00,blockchain,modified_uav_id,5,1,UAV-0005,INVALID_SIGNATURE,INVALID_SIGNATURE,True,15463600,15.4636,43700,15029000,0,3000,231900,0,0,0,,,,none,blockchain-modified_uav_id_0,0,False,238,17,
n10-identities_c1-conc_mech-blockchain-1backend_security-battery_r30_audit-off_20260831T021343Z,obs_43867f0b18804ce0b72c492c7781b82f,2026-08-31T02:13:55.613236+00:00,blockchain,modified_uav_id,6,1,UAV-0005,INVALID_SIGNATURE,INVALID_SIGNATURE,True,17089300,17.0893,45800,16832400,0,2600,160100,0,0,0,,,,none,blockchain-modified_uav_id_0,0,False,238,17,
n10-identities_c1-conc_mech-blockchain-1backend_security-battery_r30_audit-off_20260831T021343Z,obs_628649195ac94698a005ad86ce63133d,2026-08-31T02:13:55.638875+00:00,blockchain,modified_uav_id,7,1,UAV-0005,INVALID_SIGNATURE,INVALID_SIGNATURE,True,15214100,15.2141,60000,14799300,0,2700,267300,0,0,0,,,,none,blockchain-modified_uav_id_0,0,False,239,17,
n10-identities_c1-conc_mech-blockchain-1backend_security-battery_r30_audit-off_20260831T021343Z,obs_2a7abeb1b96f408ca0bd9c224748f602,2026-08-31T02:13:55.659922+00:00,blockchain,modified_uav_id,8,1,UAV-0005,INVALID_SIGNATURE,INVALID_SIGNATURE,True,14260900,14.2609,33000,14008200,0,2200,159600,0,0,0,,,,none,blockchain-modified_uav_id_0,0,False,238,17,
n10-identities_c1-conc_mech-blockchain-1backend_security-battery_r30_audit-off_20260831T021343Z,obs_110dbe3d0e74428992e8df7e4698ad30,2026-08-31T02:13:55.681732+00:00,blockchain,modified_uav_id,9,1,UAV-0005,INVALID_SIGNATURE,INVALID_SIGNATURE,True,13264000,13.264,50000,12957700,0,2700,186900,0,0,0,,,,none,blockchain-modified_uav_id_0,0,False,238,17,
n10-identities_c1-conc_mech-blockchain-1backend_security-battery_r30_audit-off_20260831T021343Z,obs_f6b14cbfc2c842e39f4de08eaf48eb07,2026-08-31T02:13:55.703556+00:00,blockchain,modified_uav_id,10,1,UAV-0005,INVALID_SIGNATURE,INVALID_SIGNATURE,True,14045800,14.0458,43000,13764800,0,2400,184000,0,0,0,,,,none,blockchain-modified_uav_id_0,0,False,238,17,
n10-identities_c1-conc_mech-blockchain-1backend_security-battery_r30_audit-off_20260831T021343Z,obs_d45616756caf4f62806de4f55d2ac91e,2026-08-31T02:13:55.723777+00:00,blockchain,modified_uav_id,11,1,UAV-0005,INVALID_SIGNATURE,INVALID_SIGNATURE,True,13155600,13.1556,33500,12868800,0,2100,182200,0,0,0,,,,none,blockchain-modified_uav_id_0,0,False,238,17,
n10-identities_c1-conc_mech-blockchain-1backend_security-battery_r30_audit-off_20260831T021343Z,obs_f34fdb9bd1214c7387dbd68e4694a6e2,2026-08-31T02:13:55.746059+00:00,blockchain,modified_uav_id,12,1,UAV-0005,INVALID_SIGNATURE,INVALID_SIGNATURE,True,13898300,13.8983,33100,13635000,0,2200,165400,0,0,0,,,,none,blockchain-modified_uav_id_0,0,False,239,17,
n10-identities_c1-conc_mech-blockchain-1backend_security-battery_r30_audit-off_20260831T021343Z,obs_f590bebac5eb484a9f5b5977a6c6ab5d,2026-08-31T02:13:55.788500+00:00,blockchain,modified_uav_id,13,1,UAV-0005,INVALID_SIGNATURE,INVALID_SIGNATURE,True,35133000,35.133,53500,34716600,0,4300,263600,0,0,0,,,,none,blockchain-modified_uav_id_0,0,False,238,17,
n10-identities_c1-conc_mech-blockchain-1backend_security-battery_r30_audit-off_20260831T021343Z,obs_85a3eb43035e4d4ea1a8de7848c46ec9,2026-08-31T02:13:55.824200+00:00,blockchain,modified_uav_id,14,1,UAV-0005,INVALID_SIGNATURE,INVALID_SIGNATURE,True,25234300,25.2343,53200,24890000,0,4100,206100,0,0,0,,,,none,blockchain-modified_uav_id_0,0,False,239,17,
n10-identities_c1-conc_mech-blockchain-1backend_security-battery_r30_audit-off_20260831T021343Z,obs_8dd6108c05ab497cac40621ce11e1a0f,2026-08-31T02:13:55.850148+00:00,blockchain,modified_uav_id,15,1,UAV-0005,INVALID_SIGNATURE,INVALID_SIGNATURE,True,14815100,14.8151,42200,14220600,0,3100,465000,0,0,0,,,,none,blockchain-modified_uav_id_0,0,False,238,17,
n10-identities_c1-conc_mech-blockchain-1backend_security-battery_r30_audit-off_20260831T021343Z,obs_55f3304d728043a391b2dc2ece79e502,2026-08-31T02:13:55.881619+00:00,blockchain,modified_uav_id,16,1,UAV-0005,INVALID_SIGNATURE,INVALID_SIGNATURE,True,20803800,20.8038,49500,20392800,0,3600,274800,0,0,0,,,,none,blockchain-modified_uav_id_0,0,False,237,17,
n10-identities_c1-conc_mech-blockchain-1backend_security-battery_r30_audit-off_20260831T021343Z,obs_eddf218afc624f83bbc34fcabdf305f8,2026-08-31T02:13:55.927648+00:00,blockchain,modified_uav_id,17,1,UAV-0005,INVALID_SIGNATURE,INVALID_SIGNATURE,True,35527800,35.5278,48100,35128300,0,4200,251700,0,0,0,,,,none,blockchain-modified_uav_id_0,0,False,238,17,
n10-identities_c1-conc_mech-blockchain-1backend_security-battery_r30_audit-off_20260831T021343Z,obs_7e8807835f1846498d954bb34da7295b,2026-08-31T02:13:55.990100+00:00,blockchain,modified_uav_id,18,1,UAV-0005,INVALID_SIGNATURE,INVALID_SIGNATURE,True,45662300,45.6623,63200,45241900,0,3400,261600,0,0,0,,,,none,blockchain-modified_uav_id_0,0,False,238,17,
n10-identities_c1-conc_mech-blockchain-1backend_security-battery_r30_audit-off_20260831T021343Z,obs_83155d62471e4e99b41bdcb03e88d7e2,2026-08-31T02:13:56.014161+00:00,blockchain,modified_uav_id,19,1,UAV-0005,INVALID_SIGNATURE,INVALID_SIGNATURE,True,14579300,14.5793,72700,14163800,0,3800,275000,0,0,0,,,,none,blockchain-modified_uav_id_0,0,False,239,17,
n10-identities_c1-conc_mech-blockchain-1backend_security-battery_r30_audit-off_20260831T021343Z,obs_d6078abf6370406989ab0fae7844de02,2026-08-31T02:13:56.037925+00:00,blockchain,modified_uav_id,20,1,UAV-0005,INVALID_SIGNATURE,INVALID_SIGNATURE,True,14962900,14.9629,39700,14583100,0,3800,248900,0,0,0,,,,none,blockchain-modified_uav_id_0,0,False,237,17,
n10-identities_c1-conc_mech-blockchain-1backend_security-battery_r30_audit-off_20260831T021343Z,obs_ac0ad9c5745849ba9133264d98cd605f,2026-08-31T02:13:56.061342+00:00,blockchain,modified_uav_id,21,1,UAV-0005,INVALID_SIGNATURE,INVALID_SIGNATURE,True,15057300,15.0573,37900,14776000,0,2200,158900,0,0,0,,,,none,blockchain-modified_uav_id_0,0,False,239,17,
n10-identities_c1-conc_mech-blockchain-1backend_security-battery_r30_audit-off_20260831T021343Z,obs_52bc29b011ab41cbb2c75873403f58c6,2026-08-31T02:13:56.086622+00:00,blockchain,modified_uav_id,22,1,UAV-0005,INVALID_SIGNATURE,INVALID_SIGNATURE,True,14789200,14.7892,46600,14404400,0,4400,240200,0,0,0,,,,none,blockchain-modified_uav_id_0,0,False,238,17,
n10-identities_c1-conc_mech-blockchain-1backend_security-battery_r30_audit-off_20260831T021343Z,obs_6888bbf63f104435b2380ae6aaa99aaf,2026-08-31T02:13:56.114684+00:00,blockchain,modified_uav_id,23,1,UAV-0005,INVALID_SIGNATURE,INVALID_SIGNATURE,True,20311300,20.3113,35500,19955000,0,3600,240400,0,0,0,,,,none,blockchain-modified_uav_id_0,0,False,237,17,
n10-identities_c1-conc_mech-blockchain-1backend_security-battery_r30_audit-off_20260831T021343Z,obs_8d682c5329a343adb4e290d83cd3633a,2026-08-31T02:13:56.143255+00:00,blockchain,modified_uav_id,24,1,UAV-0005,INVALID_SIGNATURE,INVALID_SIGNATURE,True,17380200,17.3802,51000,17068600,0,2900,186800,0,0,0,,,,none,blockchain-modified_uav_id_0,0,False,237,17,
n10-identities_c1-conc_mech-blockchain-1backend_security-battery_r30_audit-off_20260831T021343Z,obs_ca9036347f6444308763b8e6fd6640a7,2026-08-31T02:13:56.168182+00:00,blockchain,modified_uav_id,25,1,UAV-0005,INVALID_SIGNATURE,INVALID_SIGNATURE,True,14504500,14.5045,54300,14130100,0,2500,210800,0,0,0,,,,none,blockchain-modified_uav_id_0,0,False,239,17,
n10-identities_c1-conc_mech-blockchain-1backend_security-battery_r30_audit-off_20260831T021343Z,obs_4e3d0fafc0b4448ba8ef5e0cf67719f3,2026-08-31T02:13:56.194518+00:00,blockchain,modified_uav_id,26,1,UAV-0005,INVALID_SIGNATURE,INVALID_SIGNATURE,True,14768100,14.7681,44700,14399000,0,3900,236300,0,0,0,,,,none,blockchain-modified_uav_id_0,0,False,238,17,
n10-identities_c1-conc_mech-blockchain-1backend_security-battery_r30_audit-off_20260831T021343Z,obs_e67c169ac66f426ca8f3eb868306e17f,2026-08-31T02:13:56.241777+00:00,blockchain,modified_uav_id,27,1,UAV-0005,INVALID_SIGNATURE,INVALID_SIGNATURE,True,36329400,36.3294,65300,35757000,0,5300,404500,0,0,0,,,,none,blockchain-modified_uav_id_0,0,False,239,17,
n10-identities_c1-conc_mech-blockchain-1backend_security-battery_r30_audit-off_20260831T021343Z,obs_a9f2b74f71c945adab5c43018f0416fd,2026-08-31T02:13:56.282240+00:00,blockchain,modified_uav_id,28,1,UAV-0005,INVALID_SIGNATURE,INVALID_SIGNATURE,True,25039600,25.0396,50900,24370800,0,4700,452800,0,0,0,,,,none,blockchain-modified_uav_id_0,0,False,238,17,
n10-identities_c1-conc_mech-blockchain-1backend_security-battery_r30_audit-off_20260831T021343Z,obs_4dfbced8543f4daabe4a01eb594709f6,2026-08-31T02:13:56.320750+00:00,blockchain,modified_uav_id,29,1,UAV-0005,INVALID_SIGNATURE,INVALID_SIGNATURE,True,25649000,25.649,37500,25224700,0,3800,250600,0,0,0,,,,none,blockchain-modified_uav_id_0,0,False,238,17,
n10-identities_c1-conc_mech-blockchain-1backend_security-battery_r30_audit-off_20260831T021343Z,obs_de08ed56a3f54fe29691a6244e6f4e16,2026-08-31T02:13:56.367729+00:00,blockchain,modified_operation,0,1,UAV-VALID,INVALID_SIGNATURE,INVALID_SIGNATURE,True,17879000,17.879,38400,17537600,0,2500,209500,0,0,0,,,,none,blockchain-modified_operation_0,0,True,240,17,
n10-identities_c1-conc_mech-blockchain-1backend_security-battery_r30_audit-off_20260831T021343Z,obs_bea5fb536f5d4f9d9492a7bd02b542fa,2026-08-31T02:13:56.387985+00:00,blockchain,modified_operation,1,1,UAV-VALID,INVALID_SIGNATURE,INVALID_SIGNATURE,True,13753700,13.7537,34400,13427900,0,3300,228100,0,0,0,,,,none,blockchain-modified_operation_0,0,True,240,17,
n10-identities_c1-conc_mech-blockchain-1backend_security-battery_r30_audit-off_20260831T021343Z,obs_59a983ac72d8499d980213aced31583f,2026-08-31T02:13:56.408078+00:00,blockchain,modified_operation,0,1,UAV-VALID,INVALID_SIGNATURE,INVALID_SIGNATURE,True,14781300,14.7813,32800,14525600,0,2500,163500,0,0,0,,,,none,blockchain-modified_operation_0,0,False,241,17,
n10-identities_c1-conc_mech-blockchain-1backend_security-battery_r30_audit-off_20260831T021343Z,obs_2c0a1f9b5f9a4f20ad84bab0bf711f16,2026-08-31T02:13:56.425903+00:00,blockchain,modified_operation,1,1,UAV-VALID,INVALID_SIGNATURE,INVALID_SIGNATURE,True,13233700,13.2337,29400,12991000,0,2400,158900,0,0,0,,,,none,blockchain-modified_operation_0,0,False,240,17,
n10-identities_c1-conc_mech-blockchain-1backend_security-battery_r30_audit-off_20260831T021343Z,obs_d7f1da90d1944917872eaedd5c2dbdf0,2026-08-31T02:13:56.444975+00:00,blockchain,modified_operation,2,1,UAV-VALID,INVALID_SIGNATURE,INVALID_SIGNATURE,True,13338700,13.3387,32100,13094400,0,2300,162300,0,0,0,,,,none,blockchain-modified_operation_0,0,False,240,17,
n10-identities_c1-conc_mech-blockchain-1backend_security-battery_r30_audit-off_20260831T021343Z,obs_1219723a29854001a57428d970e84969,2026-08-31T02:13:56.465959+00:00,blockchain,modified_operation,3,1,UAV-VALID,INVALID_SIGNATURE,INVALID_SIGNATURE,True,15179400,15.1794,44300,14927300,0,2500,158200,0,0,0,,,,none,blockchain-modified_operation_0,0,False,239,17,
n10-identities_c1-conc_mech-blockchain-1backend_security-battery_r30_audit-off_20260831T021343Z,obs_69ff56c596a1418cb9b0964449de0cce,2026-08-31T02:13:56.500599+00:00,blockchain,modified_operation,4,1,UAV-VALID,INVALID_SIGNATURE,INVALID_SIGNATURE,True,28500800,28.5008,36200,27797100,0,3800,534700,0,0,0,,,,none,blockchain-modified_operation_0,0,False,239,17,
n10-identities_c1-conc_mech-blockchain-1backend_security-battery_r30_audit-off_20260831T021343Z,obs_4bb7c7e271d44041845b3af22fa65592,2026-08-31T02:13:56.519883+00:00,blockchain,modified_operation,5,1,UAV-VALID,INVALID_SIGNATURE,INVALID_SIGNATURE,True,14020300,14.0203,34300,13738700,0,3000,181000,0,0,0,,,,none,blockchain-modified_operation_0,0,False,239,17,
n10-identities_c1-conc_mech-blockchain-1backend_security-battery_r30_audit-off_20260831T021343Z,obs_d1caa9b4b9d04bd3b8c7fff7e9babe88,2026-08-31T02:13:56.540390+00:00,blockchain,modified_operation,6,1,UAV-VALID,INVALID_SIGNATURE,INVALID_SIGNATURE,True,15120600,15.1206,37100,14784700,0,2500,234500,0,0,0,,,,none,blockchain-modified_operation_0,0,False,241,17,
n10-identities_c1-conc_mech-blockchain-1backend_security-battery_r30_audit-off_20260831T021343Z,obs_1bc0686efca94de491b2be7ca7805e85,2026-08-31T02:13:56.561531+00:00,blockchain,modified_operation,7,1,UAV-VALID,INVALID_SIGNATURE,INVALID_SIGNATURE,True,15203600,15.2036,30300,14947200,0,3500,169800,0,0,0,,,,none,blockchain-modified_operation_0,0,False,240,17,
n10-identities_c1-conc_mech-blockchain-1backend_security-battery_r30_audit-off_20260831T021343Z,obs_a2853344deb147aa867908ed54872398,2026-08-31T02:13:56.581281+00:00,blockchain,modified_operation,8,1,UAV-VALID,INVALID_SIGNATURE,INVALID_SIGNATURE,True,14209900,14.2099,55200,13967500,0,2300,155900,0,0,0,,,,none,blockchain-modified_operation_0,0,False,240,17,
n10-identities_c1-conc_mech-blockchain-1backend_security-battery_r30_audit-off_20260831T021343Z,obs_0beccac9efab4093880b27944537ec0a,2026-08-31T02:13:56.604674+00:00,blockchain,modified_operation,9,1,UAV-VALID,INVALID_SIGNATURE,INVALID_SIGNATURE,True,15346100,15.3461,48300,15059300,0,2600,194900,0,0,0,,,,none,blockchain-modified_operation_0,0,False,239,17,
n10-identities_c1-conc_mech-blockchain-1backend_security-battery_r30_audit-off_20260831T021343Z,obs_da0251caee8a45a595718cf32c9e5e17,2026-08-31T02:13:56.624702+00:00,blockchain,modified_operation,10,1,UAV-VALID,INVALID_SIGNATURE,INVALID_SIGNATURE,True,15173600,15.1736,42000,14922900,0,3100,164800,0,0,0,,,,none,blockchain-modified_operation_0,0,False,240,17,
n10-identities_c1-conc_mech-blockchain-1backend_security-battery_r30_audit-off_20260831T021343Z,obs_457660724164454aa46b4bf9069a7fe3,2026-08-31T02:13:56.645373+00:00,blockchain,modified_operation,11,1,UAV-VALID,INVALID_SIGNATURE,INVALID_SIGNATURE,True,15899200,15.8992,39500,15651400,0,2100,156300,0,0,0,,,,none,blockchain-modified_operation_0,0,False,240,17,
n10-identities_c1-conc_mech-blockchain-1backend_security-battery_r30_audit-off_20260831T021343Z,obs_6e8dcf8b6a5746a482bff0a7f43c805b,2026-08-31T02:13:56.668766+00:00,blockchain,modified_operation,12,1,UAV-VALID,INVALID_SIGNATURE,INVALID_SIGNATURE,True,16375700,16.3757,60400,15965100,0,3500,248200,0,0,0,,,,none,blockchain-modified_operation_0,0,False,239,17,
n10-identities_c1-conc_mech-blockchain-1backend_security-battery_r30_audit-off_20260831T021343Z,obs_8e247bac2e38484791c059692006c700,2026-08-31T02:13:56.694708+00:00,blockchain,modified_operation,13,1,UAV-VALID,INVALID_SIGNATURE,INVALID_SIGNATURE,True,18907800,18.9078,39100,18523800,0,2800,265300,0,0,0,,,,none,blockchain-modified_operation_0,0,False,240,17,
n10-identities_c1-conc_mech-blockchain-1backend_security-battery_r30_audit-off_20260831T021343Z,obs_fefdc9ad695247f4b316e8ff1c8b5724,2026-08-31T02:13:56.718792+00:00,blockchain,modified_operation,14,1,UAV-VALID,INVALID_SIGNATURE,INVALID_SIGNATURE,True,16450400,16.4504,47000,16086500,0,3800,242700,0,0,0,,,,none,blockchain-modified_operation_0,0,False,239,17,
n10-identities_c1-conc_mech-blockchain-1backend_security-battery_r30_audit-off_20260831T021343Z,obs_c3c73fe4d17d4785a9eb844aae7971cf,2026-08-31T02:13:56.744230+00:00,blockchain,modified_operation,15,1,UAV-VALID,INVALID_SIGNATURE,INVALID_SIGNATURE,True,17857800,17.8578,51700,17474400,0,3800,257100,0,0,0,,,,none,blockchain-modified_operation_0,0,False,241,17,
n10-identities_c1-conc_mech-blockchain-1backend_security-battery_r30_audit-off_20260831T021343Z,obs_8be70d1abe7e4f5e8e0a287cc0f90010,2026-08-31T02:13:56.776954+00:00,blockchain,modified_operation,16,1,UAV-VALID,INVALID_SIGNATURE,INVALID_SIGNATURE,True,24089600,24.0896,61400,23695100,0,4500,252900,0,0,0,,,,none,blockchain-modified_operation_0,0,False,240,17,
n10-identities_c1-conc_mech-blockchain-1backend_security-battery_r30_audit-off_20260831T021343Z,obs_eb41f06713a44c3fb607473f1813bfd0,2026-08-31T02:13:56.808085+00:00,blockchain,modified_operation,17,1,UAV-VALID,INVALID_SIGNATURE,INVALID_SIGNATURE,True,23239500,23.2395,43200,22717900,0,5100,383800,0,0,0,,,,none,blockchain-modified_operation_0,0,False,240,17,
n10-identities_c1-conc_mech-blockchain-1backend_security-battery_r30_audit-off_20260831T021343Z,obs_b6748be7901b49f5924d55fd344635d3,2026-08-31T02:13:56.834633+00:00,blockchain,modified_operation,18,1,UAV-VALID,INVALID_SIGNATURE,INVALID_SIGNATURE,True,20041000,20.041,39400,19595200,0,4000,294700,0,0,0,,,,none,blockchain-modified_operation_0,0,False,240,17,
n10-identities_c1-conc_mech-blockchain-1backend_security-battery_r30_audit-off_20260831T021343Z,obs_d02585e1141c458c811d75c85910d4fe,2026-08-31T02:13:56.860058+00:00,blockchain,modified_operation,19,1,UAV-VALID,INVALID_SIGNATURE,INVALID_SIGNATURE,True,18366800,18.3668,59700,18031700,0,3500,216700,0,0,0,,,,none,blockchain-modified_operation_0,0,False,240,17,
n10-identities_c1-conc_mech-blockchain-1backend_security-battery_r30_audit-off_20260831T021343Z,obs_f2af7ae1f6964d74bcf8f80214440b26,2026-08-31T02:13:56.881758+00:00,blockchain,modified_operation,20,1,UAV-VALID,INVALID_SIGNATURE,INVALID_SIGNATURE,True,15327000,15.327,61900,15046700,0,3100,158900,0,0,0,,,,none,blockchain-modified_operation_0,0,False,240,17,
n10-identities_c1-conc_mech-blockchain-1backend_security-battery_r30_audit-off_20260831T021343Z,obs_5aa9a56418344da5a9d39972a2358114,2026-08-31T02:13:56.903616+00:00,blockchain,modified_operation,21,1,UAV-VALID,INVALID_SIGNATURE,INVALID_SIGNATURE,True,15074700,15.0747,140900,14726000,0,19500,220600,0,0,0,,,,none,blockchain-modified_operation_0,0,False,240,17,
n10-identities_c1-conc_mech-blockchain-1backend_security-battery_r30_audit-off_20260831T021343Z,obs_1c8a38e8643e4c518da8cb243f419244,2026-08-31T02:13:56.926030+00:00,blockchain,modified_operation,22,1,UAV-VALID,INVALID_SIGNATURE,INVALID_SIGNATURE,True,16225700,16.2257,63300,15969700,0,2300,162600,0,0,0,,,,none,blockchain-modified_operation_0,0,False,240,17,
n10-identities_c1-conc_mech-blockchain-1backend_security-battery_r30_audit-off_20260831T021343Z,obs_04742381f9364445b5cde1f6a4461c8b,2026-08-31T02:13:56.950742+00:00,blockchain,modified_operation,23,1,UAV-VALID,INVALID_SIGNATURE,INVALID_SIGNATURE,True,17112000,17.112,57500,16793200,0,2700,211800,0,0,0,,,,none,blockchain-modified_operation_0,0,False,240,17,
n10-identities_c1-conc_mech-blockchain-1backend_security-battery_r30_audit-off_20260831T021343Z,obs_e2e6bcbbebf64b2cb1001b66fe433120,2026-08-31T02:13:56.976328+00:00,blockchain,modified_operation,24,1,UAV-VALID,INVALID_SIGNATURE,INVALID_SIGNATURE,True,18070200,18.0702,52700,17787200,0,2400,187700,0,0,0,,,,none,blockchain-modified_operation_0,0,False,241,17,
n10-identities_c1-conc_mech-blockchain-1backend_security-battery_r30_audit-off_20260831T021343Z,obs_47395dac371346ba875987f02b5103ad,2026-08-31T02:13:57.041365+00:00,blockchain,modified_operation,25,1,UAV-VALID,INVALID_SIGNATURE,INVALID_SIGNATURE,True,58095400,58.0954,43400,57618400,0,4000,329600,0,0,0,,,,none,blockchain-modified_operation_0,0,False,240,17,
n10-identities_c1-conc_mech-blockchain-1backend_security-battery_r30_audit-off_20260831T021343Z,obs_762f92f689d447868402ab37901eca96,2026-08-31T02:13:57.068614+00:00,blockchain,modified_operation,26,1,UAV-VALID,INVALID_SIGNATURE,INVALID_SIGNATURE,True,18097300,18.0973,98100,17713400,0,3900,253800,0,0,0,,,,none,blockchain-modified_operation_0,0,False,241,17,
n10-identities_c1-conc_mech-blockchain-1backend_security-battery_r30_audit-off_20260831T021343Z,obs_7a6fee40afdd48bdad5dbb6bd3e423e6,2026-08-31T02:13:57.092840+00:00,blockchain,modified_operation,27,1,UAV-VALID,INVALID_SIGNATURE,INVALID_SIGNATURE,True,17262000,17.262,51500,16981000,0,2300,188100,0,0,0,,,,none,blockchain-modified_operation_0,0,False,241,17,
n10-identities_c1-conc_mech-blockchain-1backend_security-battery_r30_audit-off_20260831T021343Z,obs_a230f32039f64db68496401be4cd0d4d,2026-08-31T02:13:57.114902+00:00,blockchain,modified_operation,28,1,UAV-VALID,INVALID_SIGNATURE,INVALID_SIGNATURE,True,15961300,15.9613,46700,15713200,0,2500,158700,0,0,0,,,,none,blockchain-modified_operation_0,0,False,240,17,
n10-identities_c1-conc_mech-blockchain-1backend_security-battery_r30_audit-off_20260831T021343Z,obs_88cc7f250e2f4db0b4a11c89c9e3eb7e,2026-08-31T02:13:57.135591+00:00,blockchain,modified_operation,29,1,UAV-VALID,INVALID_SIGNATURE,INVALID_SIGNATURE,True,14718800,14.7188,39700,14428200,0,2400,203700,0,0,0,,,,none,blockchain-modified_operation_0,0,False,241,17,
n10-identities_c1-conc_mech-blockchain-1backend_security-battery_r30_audit-off_20260831T021343Z,obs_c0f4e7d2f3854cd9a204a041d15f45bf,2026-08-31T02:13:57.274201+00:00,blockchain,expired_challenge,0,1,UAV-VALID,EXPIRED_CHALLENGE,EXPIRED_CHALLENGE,True,37400,0.0374,46100,0,0,0,0,0,0,0,,,,none,blockchain-expired_challenge_0,0,True,238,17,
n10-identities_c1-conc_mech-blockchain-1backend_security-battery_r30_audit-off_20260831T021343Z,obs_de3bfce0c69b4730be23a558aef3eeed,2026-08-31T02:13:57.401744+00:00,blockchain,expired_challenge,1,1,UAV-VALID,EXPIRED_CHALLENGE,EXPIRED_CHALLENGE,True,31400,0.0314,40100,0,0,0,0,0,0,0,,,,none,blockchain-expired_challenge_0,0,True,239,17,
n10-identities_c1-conc_mech-blockchain-1backend_security-battery_r30_audit-off_20260831T021343Z,obs_f9dcadfa4b104ae19736bcabe7af8c12,2026-08-31T02:13:57.528418+00:00,blockchain,expired_challenge,0,1,UAV-VALID,EXPIRED_CHALLENGE,EXPIRED_CHALLENGE,True,130400,0.1304,31800,0,0,0,0,0,0,0,,,,none,blockchain-expired_challenge_0,0,False,239,17,
n10-identities_c1-conc_mech-blockchain-1backend_security-battery_r30_audit-off_20260831T021343Z,obs_129c12cc043442a6bb8d802365f2bcd7,2026-08-31T02:13:57.656094+00:00,blockchain,expired_challenge,1,1,UAV-VALID,EXPIRED_CHALLENGE,EXPIRED_CHALLENGE,True,26900,0.0269,51600,0,0,0,0,0,0,0,,,,none,blockchain-expired_challenge_0,0,False,238,17,
n10-identities_c1-conc_mech-blockchain-1backend_security-battery_r30_audit-off_20260831T021343Z,obs_e049f8e06c0c46519c30688d2d9a7da4,2026-08-31T02:13:57.781071+00:00,blockchain,expired_challenge,2,1,UAV-VALID,EXPIRED_CHALLENGE,EXPIRED_CHALLENGE,True,78600,0.0786,32100,0,0,0,0,0,0,0,,,,none,blockchain-expired_challenge_0,0,False,238,17,
n10-identities_c1-conc_mech-blockchain-1backend_security-battery_r30_audit-off_20260831T021343Z,obs_df51728fbb8741dfa7326daf1b867a68,2026-08-31T02:13:57.909371+00:00,blockchain,expired_challenge,3,1,UAV-VALID,EXPIRED_CHALLENGE,EXPIRED_CHALLENGE,True,38400,0.0384,47900,0,0,0,0,0,0,0,,,,none,blockchain-expired_challenge_0,0,False,239,17,
n10-identities_c1-conc_mech-blockchain-1backend_security-battery_r30_audit-off_20260831T021343Z,obs_d7b919d173ce4f59a0da943a621bbdc9,2026-08-31T02:13:58.036792+00:00,blockchain,expired_challenge,4,1,UAV-VALID,EXPIRED_CHALLENGE,EXPIRED_CHALLENGE,True,25600,0.0256,59800,0,0,0,0,0,0,0,,,,none,blockchain-expired_challenge_0,0,False,238,17,
n10-identities_c1-conc_mech-blockchain-1backend_security-battery_r30_audit-off_20260831T021343Z,obs_e893fb95c99840d7befa509634a5f7dd,2026-08-31T02:13:58.164251+00:00,blockchain,expired_challenge,5,1,UAV-VALID,EXPIRED_CHALLENGE,EXPIRED_CHALLENGE,True,31100,0.0311,49800,0,0,0,0,0,0,0,,,,none,blockchain-expired_challenge_0,0,False,239,17,
n10-identities_c1-conc_mech-blockchain-1backend_security-battery_r30_audit-off_20260831T021343Z,obs_ac4f4fb53ba54f269bc31d558f2b1dbc,2026-08-31T02:13:58.292854+00:00,blockchain,expired_challenge,6,1,UAV-VALID,EXPIRED_CHALLENGE,EXPIRED_CHALLENGE,True,24200,0.0242,51500,0,0,0,0,0,0,0,,,,none,blockchain-expired_challenge_0,0,False,239,17,
n10-identities_c1-conc_mech-blockchain-1backend_security-battery_r30_audit-off_20260831T021343Z,obs_a65ad1d897d64debab82d36e4434e4c3,2026-08-31T02:13:58.419014+00:00,blockchain,expired_challenge,7,1,UAV-VALID,EXPIRED_CHALLENGE,EXPIRED_CHALLENGE,True,23400,0.0234,40600,0,0,0,0,0,0,0,,,,none,blockchain-expired_challenge_0,0,False,239,17,
n10-identities_c1-conc_mech-blockchain-1backend_security-battery_r30_audit-off_20260831T021343Z,obs_98a12a1223e146b2a4301dddf8cd336f,2026-08-31T02:13:58.544025+00:00,blockchain,expired_challenge,8,1,UAV-VALID,EXPIRED_CHALLENGE,EXPIRED_CHALLENGE,True,37600,0.0376,39300,0,0,0,0,0,0,0,,,,none,blockchain-expired_challenge_0,0,False,239,17,
n10-identities_c1-conc_mech-blockchain-1backend_security-battery_r30_audit-off_20260831T021343Z,obs_f843834ac1c2473da86b7f28196eb906,2026-08-31T02:13:58.670248+00:00,blockchain,expired_challenge,9,1,UAV-VALID,EXPIRED_CHALLENGE,EXPIRED_CHALLENGE,True,29200,0.0292,101200,0,0,0,0,0,0,0,,,,none,blockchain-expired_challenge_0,0,False,238,17,
n10-identities_c1-conc_mech-blockchain-1backend_security-battery_r30_audit-off_20260831T021343Z,obs_76751ce9e6c04d2993859797fda606d8,2026-08-31T02:13:58.796862+00:00,blockchain,expired_challenge,10,1,UAV-VALID,EXPIRED_CHALLENGE,EXPIRED_CHALLENGE,True,25200,0.0252,51600,0,0,0,0,0,0,0,,,,none,blockchain-expired_challenge_0,0,False,239,17,
n10-identities_c1-conc_mech-blockchain-1backend_security-battery_r30_audit-off_20260831T021343Z,obs_c98eba1773014f1ab5611beb50df60fa,2026-08-31T02:13:58.925084+00:00,blockchain,expired_challenge,11,1,UAV-VALID,EXPIRED_CHALLENGE,EXPIRED_CHALLENGE,True,41600,0.0416,36900,0,0,0,0,0,0,0,,,,none,blockchain-expired_challenge_0,0,False,238,17,
n10-identities_c1-conc_mech-blockchain-1backend_security-battery_r30_audit-off_20260831T021343Z,obs_7280fe4febfe41dea0a5a0862c01f614,2026-08-31T02:13:59.052365+00:00,blockchain,expired_challenge,12,1,UAV-VALID,EXPIRED_CHALLENGE,EXPIRED_CHALLENGE,True,55400,0.0554,32600,0,0,0,0,0,0,0,,,,none,blockchain-expired_challenge_0,0,False,239,17,
n10-identities_c1-conc_mech-blockchain-1backend_security-battery_r30_audit-off_20260831T021343Z,obs_53d4eca821e0440ba7f0ce6b9db71cfe,2026-08-31T02:13:59.180330+00:00,blockchain,expired_challenge,13,1,UAV-VALID,EXPIRED_CHALLENGE,EXPIRED_CHALLENGE,True,89700,0.0897,49000,0,0,0,0,0,0,0,,,,none,blockchain-expired_challenge_0,0,False,240,17,
n10-identities_c1-conc_mech-blockchain-1backend_security-battery_r30_audit-off_20260831T021343Z,obs_1912d494b28f4a58ad3f1b08815354f8,2026-08-31T02:13:59.313691+00:00,blockchain,expired_challenge,14,1,UAV-VALID,EXPIRED_CHALLENGE,EXPIRED_CHALLENGE,True,25400,0.0254,55000,0,0,0,0,0,0,0,,,,none,blockchain-expired_challenge_0,0,False,238,17,
n10-identities_c1-conc_mech-blockchain-1backend_security-battery_r30_audit-off_20260831T021343Z,obs_0717362aeeda4062a649f3a13e414140,2026-08-31T02:13:59.440445+00:00,blockchain,expired_challenge,15,1,UAV-VALID,EXPIRED_CHALLENGE,EXPIRED_CHALLENGE,True,25100,0.0251,44000,0,0,0,0,0,0,0,,,,none,blockchain-expired_challenge_0,0,False,240,17,
n10-identities_c1-conc_mech-blockchain-1backend_security-battery_r30_audit-off_20260831T021343Z,obs_622c145353944a7e877331b161a67e32,2026-08-31T02:13:59.565399+00:00,blockchain,expired_challenge,16,1,UAV-VALID,EXPIRED_CHALLENGE,EXPIRED_CHALLENGE,True,95400,0.0954,35800,0,0,0,0,0,0,0,,,,none,blockchain-expired_challenge_0,0,False,240,17,
n10-identities_c1-conc_mech-blockchain-1backend_security-battery_r30_audit-off_20260831T021343Z,obs_609558eb0f414243b1f282bc4bf6d48b,2026-08-31T02:13:59.693052+00:00,blockchain,expired_challenge,17,1,UAV-VALID,EXPIRED_CHALLENGE,EXPIRED_CHALLENGE,True,35600,0.0356,43300,0,0,0,0,0,0,0,,,,none,blockchain-expired_challenge_0,0,False,239,17,
n10-identities_c1-conc_mech-blockchain-1backend_security-battery_r30_audit-off_20260831T021343Z,obs_565e135dd4994383b9b6617083d9875f,2026-08-31T02:13:59.819775+00:00,blockchain,expired_challenge,18,1,UAV-VALID,EXPIRED_CHALLENGE,EXPIRED_CHALLENGE,True,299200,0.2992,57600,0,0,0,0,0,0,0,,,,none,blockchain-expired_challenge_0,0,False,240,17,
n10-identities_c1-conc_mech-blockchain-1backend_security-battery_r30_audit-off_20260831T021343Z,obs_4ff1a3cf635c43b3afa4a64ae85bad1f,2026-08-31T02:13:59.944681+00:00,blockchain,expired_challenge,19,1,UAV-VALID,EXPIRED_CHALLENGE,EXPIRED_CHALLENGE,True,25300,0.0253,31100,0,0,0,0,0,0,0,,,,none,blockchain-expired_challenge_0,0,False,239,17,
n10-identities_c1-conc_mech-blockchain-1backend_security-battery_r30_audit-off_20260831T021343Z,obs_47e4091949404642bc3dfa492ef4d60d,2026-08-31T02:14:00.070268+00:00,blockchain,expired_challenge,20,1,UAV-VALID,EXPIRED_CHALLENGE,EXPIRED_CHALLENGE,True,129100,0.1291,52100,0,0,0,0,0,0,0,,,,none,blockchain-expired_challenge_0,0,False,239,17,
n10-identities_c1-conc_mech-blockchain-1backend_security-battery_r30_audit-off_20260831T021343Z,obs_649aaae0744b4d988c03ba21101ce208,2026-08-31T02:14:00.196166+00:00,blockchain,expired_challenge,21,1,UAV-VALID,EXPIRED_CHALLENGE,EXPIRED_CHALLENGE,True,37100,0.0371,44400,0,0,0,0,0,0,0,,,,none,blockchain-expired_challenge_0,0,False,239,17,
n10-identities_c1-conc_mech-blockchain-1backend_security-battery_r30_audit-off_20260831T021343Z,obs_920e089573ce44ea85ba8d119d8ac594,2026-08-31T02:14:00.324128+00:00,blockchain,expired_challenge,22,1,UAV-VALID,EXPIRED_CHALLENGE,EXPIRED_CHALLENGE,True,42800,0.0428,38500,0,0,0,0,0,0,0,,,,none,blockchain-expired_challenge_0,0,False,239,17,
n10-identities_c1-conc_mech-blockchain-1backend_security-battery_r30_audit-off_20260831T021343Z,obs_b30eb07f1f954189b815e7ed429413df,2026-08-31T02:14:00.452459+00:00,blockchain,expired_challenge,23,1,UAV-VALID,EXPIRED_CHALLENGE,EXPIRED_CHALLENGE,True,25700,0.0257,66000,0,0,0,0,0,0,0,,,,none,blockchain-expired_challenge_0,0,False,238,17,
n10-identities_c1-conc_mech-blockchain-1backend_security-battery_r30_audit-off_20260831T021343Z,obs_5c97620776f34849913e6f63d52cf5eb,2026-08-31T02:14:00.577527+00:00,blockchain,expired_challenge,24,1,UAV-VALID,EXPIRED_CHALLENGE,EXPIRED_CHALLENGE,True,36100,0.0361,36000,0,0,0,0,0,0,0,,,,none,blockchain-expired_challenge_0,0,False,239,17,
n10-identities_c1-conc_mech-blockchain-1backend_security-battery_r30_audit-off_20260831T021343Z,obs_788ac3fa53f94a35b80d245c35b2826f,2026-08-31T02:14:00.704015+00:00,blockchain,expired_challenge,25,1,UAV-VALID,EXPIRED_CHALLENGE,EXPIRED_CHALLENGE,True,36200,0.0362,35100,0,0,0,0,0,0,0,,,,none,blockchain-expired_challenge_0,0,False,240,17,
n10-identities_c1-conc_mech-blockchain-1backend_security-battery_r30_audit-off_20260831T021343Z,obs_a57a68cefdcf49b48f7b8c73b8311729,2026-08-31T02:14:00.829371+00:00,blockchain,expired_challenge,26,1,UAV-VALID,EXPIRED_CHALLENGE,EXPIRED_CHALLENGE,True,25800,0.0258,31300,0,0,0,0,0,0,0,,,,none,blockchain-expired_challenge_0,0,False,238,17,
n10-identities_c1-conc_mech-blockchain-1backend_security-battery_r30_audit-off_20260831T021343Z,obs_d7f2ecaf6ebe4425a0e4226d8381051a,2026-08-31T02:14:00.956342+00:00,blockchain,expired_challenge,27,1,UAV-VALID,EXPIRED_CHALLENGE,EXPIRED_CHALLENGE,True,25100,0.0251,50000,0,0,0,0,0,0,0,,,,none,blockchain-expired_challenge_0,0,False,240,17,
n10-identities_c1-conc_mech-blockchain-1backend_security-battery_r30_audit-off_20260831T021343Z,obs_dad4f0676a8b4eadadddf47cb21ce092,2026-08-31T02:14:01.083130+00:00,blockchain,expired_challenge,28,1,UAV-VALID,EXPIRED_CHALLENGE,EXPIRED_CHALLENGE,True,309500,0.3095,41800,0,0,0,0,0,0,0,,,,none,blockchain-expired_challenge_0,0,False,238,17,
n10-identities_c1-conc_mech-blockchain-1backend_security-battery_r30_audit-off_20260831T021343Z,obs_1588f4c1cba347b284893785655c38b8,2026-08-31T02:14:01.211683+00:00,blockchain,expired_challenge,29,1,UAV-VALID,EXPIRED_CHALLENGE,EXPIRED_CHALLENGE,True,25000,0.025,61900,0,0,0,0,0,0,0,,,,none,blockchain-expired_challenge_0,0,False,239,17,
n10-identities_c1-conc_mech-blockchain-1backend_security-battery_r30_audit-off_20260831T021343Z,obs_506a898dce804a8087b9e4ee8644c85c,2026-08-31T02:14:01.265522+00:00,blockchain,revoked_uav,0,1,UAV-REVOKED,REVOKED_IDENTITY,REVOKED_IDENTITY,True,35147200,35.1472,40100,35101400,0,4500,0,0,0,0,,,,none,blockchain-revoked_uav_0,0,True,242,16,
n10-identities_c1-conc_mech-blockchain-1backend_security-battery_r30_audit-off_20260831T021343Z,obs_c179da9b10704b309186a74c3748702c,2026-08-31T02:14:01.288111+00:00,blockchain,revoked_uav,1,1,UAV-REVOKED,REVOKED_IDENTITY,REVOKED_IDENTITY,True,15934900,15.9349,53100,15879200,0,3600,0,0,0,0,,,,none,blockchain-revoked_uav_0,0,True,241,16,
n10-identities_c1-conc_mech-blockchain-1backend_security-battery_r30_audit-off_20260831T021343Z,obs_20c468b4930e4669b8c74a8f953d13bb,2026-08-31T02:14:01.313991+00:00,blockchain,revoked_uav,0,1,UAV-REVOKED,REVOKED_IDENTITY,REVOKED_IDENTITY,True,18740700,18.7407,50700,18685500,0,4000,0,0,0,0,,,,none,blockchain-revoked_uav_0,0,False,241,16,
n10-identities_c1-conc_mech-blockchain-1backend_security-battery_r30_audit-off_20260831T021343Z,obs_03a99b17eb714420bde50de039f6893d,2026-08-31T02:14:01.341175+00:00,blockchain,revoked_uav,1,1,UAV-REVOKED,REVOKED_IDENTITY,REVOKED_IDENTITY,True,18676200,18.6762,46700,18631300,0,3600,0,0,0,0,,,,none,blockchain-revoked_uav_0,0,False,241,16,
n10-identities_c1-conc_mech-blockchain-1backend_security-battery_r30_audit-off_20260831T021343Z,obs_6f6bbfe995454cd18496f069445307f9,2026-08-31T02:14:01.361089+00:00,blockchain,revoked_uav,2,1,UAV-REVOKED,REVOKED_IDENTITY,REVOKED_IDENTITY,True,14268500,14.2685,43500,14222600,0,2900,0,0,0,0,,,,none,blockchain-revoked_uav_0,0,False,240,16,
n10-identities_c1-conc_mech-blockchain-1backend_security-battery_r30_audit-off_20260831T021343Z,obs_7f932aad68064909a3051c18404c16cd,2026-08-31T02:14:01.380139+00:00,blockchain,revoked_uav,3,1,UAV-REVOKED,REVOKED_IDENTITY,REVOKED_IDENTITY,True,12794700,12.7947,43200,12758800,0,2100,0,0,0,0,,,,none,blockchain-revoked_uav_0,0,False,240,16,
n10-identities_c1-conc_mech-blockchain-1backend_security-battery_r30_audit-off_20260831T021343Z,obs_e5d81ad0ee134e389cc03d676dd1c913,2026-08-31T02:14:01.399344+00:00,blockchain,revoked_uav,4,1,UAV-REVOKED,REVOKED_IDENTITY,REVOKED_IDENTITY,True,13261400,13.2614,34600,13225800,0,2400,0,0,0,0,,,,none,blockchain-revoked_uav_0,0,False,241,16,
n10-identities_c1-conc_mech-blockchain-1backend_security-battery_r30_audit-off_20260831T021343Z,obs_2daac68fc132453295e7755f4add9198,2026-08-31T02:14:01.418117+00:00,blockchain,revoked_uav,5,1,UAV-REVOKED,REVOKED_IDENTITY,REVOKED_IDENTITY,True,13661100,13.6611,33600,13630000,0,2100,0,0,0,0,,,,none,blockchain-revoked_uav_0,0,False,241,16,
n10-identities_c1-conc_mech-blockchain-1backend_security-battery_r30_audit-off_20260831T021343Z,obs_a4b84ee92df040399dae43c119e76465,2026-08-31T02:14:01.437975+00:00,blockchain,revoked_uav,6,1,UAV-REVOKED,REVOKED_IDENTITY,REVOKED_IDENTITY,True,15105900,15.1059,51500,15065300,0,2400,0,0,0,0,,,,none,blockchain-revoked_uav_0,0,False,242,16,
n10-identities_c1-conc_mech-blockchain-1backend_security-battery_r30_audit-off_20260831T021343Z,obs_a384c6e81f7b459e86b93d3c1b87792e,2026-08-31T02:14:01.461517+00:00,blockchain,revoked_uav,7,1,UAV-REVOKED,REVOKED_IDENTITY,REVOKED_IDENTITY,True,17115200,17.1152,52100,17074000,0,3800,0,0,0,0,,,,none,blockchain-revoked_uav_0,0,False,240,16,
n10-identities_c1-conc_mech-blockchain-1backend_security-battery_r30_audit-off_20260831T021343Z,obs_ce0b9316f8904a3a924ccff17ec3c3c2,2026-08-31T02:14:01.481505+00:00,blockchain,revoked_uav,8,1,UAV-REVOKED,REVOKED_IDENTITY,REVOKED_IDENTITY,True,13908500,13.9085,51400,13844900,0,4600,0,0,0,0,,,,none,blockchain-revoked_uav_0,0,False,240,16,
n10-identities_c1-conc_mech-blockchain-1backend_security-battery_r30_audit-off_20260831T021343Z,obs_6be8c90421d241c390c7a9135494e932,2026-08-31T02:14:01.505676+00:00,blockchain,revoked_uav,9,1,UAV-REVOKED,REVOKED_IDENTITY,REVOKED_IDENTITY,True,16920100,16.9201,67700,16873400,0,2600,0,0,0,0,,,,none,blockchain-revoked_uav_0,0,False,241,16,
n10-identities_c1-conc_mech-blockchain-1backend_security-battery_r30_audit-off_20260831T021343Z,obs_98374448d7e34638a4a550982c4f9587,2026-08-31T02:14:01.528618+00:00,blockchain,revoked_uav,10,1,UAV-REVOKED,REVOKED_IDENTITY,REVOKED_IDENTITY,True,17215300,17.2153,34500,17180200,0,3500,0,0,0,0,,,,none,blockchain-revoked_uav_0,0,False,241,16,
n10-identities_c1-conc_mech-blockchain-1backend_security-battery_r30_audit-off_20260831T021343Z,obs_9c45b37f1eed4485a43248d9ac4b94af,2026-08-31T02:14:01.552292+00:00,blockchain,revoked_uav,11,1,UAV-REVOKED,REVOKED_IDENTITY,REVOKED_IDENTITY,True,16122800,16.1228,41400,16084300,0,2600,0,0,0,0,,,,none,blockchain-revoked_uav_0,0,False,241,16,
n10-identities_c1-conc_mech-blockchain-1backend_security-battery_r30_audit-off_20260831T021343Z,obs_4463155902d84361b5b2e064a24631ae,2026-08-31T02:14:01.577702+00:00,blockchain,revoked_uav,12,1,UAV-REVOKED,REVOKED_IDENTITY,REVOKED_IDENTITY,True,18901700,18.9017,44600,18859300,0,2900,0,0,0,0,,,,none,blockchain-revoked_uav_0,0,False,241,16,
n10-identities_c1-conc_mech-blockchain-1backend_security-battery_r30_audit-off_20260831T021343Z,obs_c31802dbe2544bd190e676b9139273d5,2026-08-31T02:14:01.600925+00:00,blockchain,revoked_uav,13,1,UAV-REVOKED,REVOKED_IDENTITY,REVOKED_IDENTITY,True,16260200,16.2602,49600,16220400,0,2300,0,0,0,0,,,,none,blockchain-revoked_uav_0,0,False,240,16,
n10-identities_c1-conc_mech-blockchain-1backend_security-battery_r30_audit-off_20260831T021343Z,obs_27c0b37d1dc3434d95520c49ed2e9c4b,2026-08-31T02:14:01.620848+00:00,blockchain,revoked_uav,14,1,UAV-REVOKED,REVOKED_IDENTITY,REVOKED_IDENTITY,True,15193200,15.1932,32200,15148400,0,2300,0,0,0,0,,,,none,blockchain-revoked_uav_0,0,False,240,16,
n10-identities_c1-conc_mech-blockchain-1backend_security-battery_r30_audit-off_20260831T021343Z,obs_d2b8ca8780604e129f1b76f16d647cb0,2026-08-31T02:14:01.646102+00:00,blockchain,revoked_uav,15,1,UAV-REVOKED,REVOKED_IDENTITY,REVOKED_IDENTITY,True,18325400,18.3254,48700,18278500,0,3100,0,0,0,0,,,,none,blockchain-revoked_uav_0,0,False,241,16,
n10-identities_c1-conc_mech-blockchain-1backend_security-battery_r30_audit-off_20260831T021343Z,obs_3b5cd4da7600499d880585c176af013f,2026-08-31T02:14:01.672952+00:00,blockchain,revoked_uav,16,1,UAV-REVOKED,REVOKED_IDENTITY,REVOKED_IDENTITY,True,17233300,17.2333,39900,17196900,0,2400,0,0,0,0,,,,none,blockchain-revoked_uav_0,0,False,240,16,
n10-identities_c1-conc_mech-blockchain-1backend_security-battery_r30_audit-off_20260831T021343Z,obs_3f2e860e94964683a97ec10098fbd837,2026-08-31T02:14:01.721244+00:00,blockchain,revoked_uav,17,1,UAV-REVOKED,REVOKED_IDENTITY,REVOKED_IDENTITY,True,41855400,41.8554,52800,41808000,0,2500,0,0,0,0,,,,none,blockchain-revoked_uav_0,0,False,240,16,
n10-identities_c1-conc_mech-blockchain-1backend_security-battery_r30_audit-off_20260831T021343Z,obs_ab264133e922456ab9e9f598703a63aa,2026-08-31T02:14:01.743454+00:00,blockchain,revoked_uav,18,1,UAV-REVOKED,REVOKED_IDENTITY,REVOKED_IDENTITY,True,16838400,16.8384,33700,16803800,0,2800,0,0,0,0,,,,none,blockchain-revoked_uav_0,0,False,241,16,
n10-identities_c1-conc_mech-blockchain-1backend_security-battery_r30_audit-off_20260831T021343Z,obs_5ae7f27c9f00479bb22814a4a118580e,2026-08-31T02:14:01.765203+00:00,blockchain,revoked_uav,19,1,UAV-REVOKED,REVOKED_IDENTITY,REVOKED_IDENTITY,True,15364900,15.3649,107200,15287100,0,4100,0,0,0,0,,,,none,blockchain-revoked_uav_0,0,False,240,16,
n10-identities_c1-conc_mech-blockchain-1backend_security-battery_r30_audit-off_20260831T021343Z,obs_da304438419447a8a99362248d4cc271,2026-08-31T02:14:01.790538+00:00,blockchain,revoked_uav,20,1,UAV-REVOKED,REVOKED_IDENTITY,REVOKED_IDENTITY,True,19356700,19.3567,36900,19318400,0,2400,0,0,0,0,,,,none,blockchain-revoked_uav_0,0,False,241,16,
n10-identities_c1-conc_mech-blockchain-1backend_security-battery_r30_audit-off_20260831T021343Z,obs_e36b3703fe2941d6aacfd0033d7ba0c2,2026-08-31T02:14:01.819396+00:00,blockchain,revoked_uav,21,1,UAV-REVOKED,REVOKED_IDENTITY,REVOKED_IDENTITY,True,17990500,17.9905,203800,17903900,0,5900,0,0,0,0,,,,none,blockchain-revoked_uav_0,0,False,241,16,
n10-identities_c1-conc_mech-blockchain-1backend_security-battery_r30_audit-off_20260831T021343Z,obs_deeee4fb696e4987b2434c353c1ef5f3,2026-08-31T02:14:01.843187+00:00,blockchain,revoked_uav,22,1,UAV-REVOKED,REVOKED_IDENTITY,REVOKED_IDENTITY,True,16911400,16.9114,40300,16859600,0,5000,0,0,0,0,,,,none,blockchain-revoked_uav_0,0,False,241,16,
n10-identities_c1-conc_mech-blockchain-1backend_security-battery_r30_audit-off_20260831T021343Z,obs_887cde0c582d42d6a0614fd6299d1838,2026-08-31T02:14:01.870135+00:00,blockchain,revoked_uav,23,1,UAV-REVOKED,REVOKED_IDENTITY,REVOKED_IDENTITY,True,19173800,19.1738,46900,19106600,0,3300,0,0,0,0,,,,none,blockchain-revoked_uav_0,0,False,241,16,
n10-identities_c1-conc_mech-blockchain-1backend_security-battery_r30_audit-off_20260831T021343Z,obs_b4c1585e7dbc4936b6de94e7727f24af,2026-08-31T02:14:01.903933+00:00,blockchain,revoked_uav,24,1,UAV-REVOKED,REVOKED_IDENTITY,REVOKED_IDENTITY,True,26874500,26.8745,76100,26817700,0,3700,0,0,0,0,,,,none,blockchain-revoked_uav_0,0,False,241,16,
n10-identities_c1-conc_mech-blockchain-1backend_security-battery_r30_audit-off_20260831T021343Z,obs_b317f3a6b4764cddbc1d6242f5174232,2026-08-31T02:14:01.930724+00:00,blockchain,revoked_uav,25,1,UAV-REVOKED,REVOKED_IDENTITY,REVOKED_IDENTITY,True,19672600,19.6726,54600,19620900,0,3200,0,0,0,0,,,,none,blockchain-revoked_uav_0,0,False,242,16,
n10-identities_c1-conc_mech-blockchain-1backend_security-battery_r30_audit-off_20260831T021343Z,obs_80b12d21848542fe91120213295791bb,2026-08-31T02:14:01.958879+00:00,blockchain,revoked_uav,26,1,UAV-REVOKED,REVOKED_IDENTITY,REVOKED_IDENTITY,True,18899800,18.8998,56600,18833400,0,4500,0,0,0,0,,,,none,blockchain-revoked_uav_0,0,False,240,16,
n10-identities_c1-conc_mech-blockchain-1backend_security-battery_r30_audit-off_20260831T021343Z,obs_0670e5d450a44b82a73d0263d0ce4fa6,2026-08-31T02:14:01.986018+00:00,blockchain,revoked_uav,27,1,UAV-REVOKED,REVOKED_IDENTITY,REVOKED_IDENTITY,True,19867300,19.8673,110100,19796000,0,4200,0,0,0,0,,,,none,blockchain-revoked_uav_0,0,False,241,16,
n10-identities_c1-conc_mech-blockchain-1backend_security-battery_r30_audit-off_20260831T021343Z,obs_f75347fb40a4481b8766c62bca47d3a2,2026-08-31T02:14:02.007062+00:00,blockchain,revoked_uav,28,1,UAV-REVOKED,REVOKED_IDENTITY,REVOKED_IDENTITY,True,14688600,14.6886,55600,14620600,0,3300,0,0,0,0,,,,none,blockchain-revoked_uav_0,0,False,241,16,
n10-identities_c1-conc_mech-blockchain-1backend_security-battery_r30_audit-off_20260831T021343Z,obs_bc70d372df384bbf8e8cbabb7aa80d0b,2026-08-31T02:14:02.038747+00:00,blockchain,revoked_uav,29,1,UAV-REVOKED,REVOKED_IDENTITY,REVOKED_IDENTITY,True,23195500,23.1955,182500,23097700,0,4100,0,0,0,0,,,,none,blockchain-revoked_uav_0,0,False,241,16,
n10-identities_c1-conc_mech-blockchain-1backend_security-battery_r30_audit-off_20260831T021343Z,obs_e6b538c13264423f8f3651af3f183318,2026-08-31T02:14:02.078119+00:00,blockchain,unauthorised_operation,0,1,UAV-LIMITED,UNAUTHORISED_OPERATION,UNAUTHORISED_OPERATION,True,19047100,19.0471,37400,18629500,0,3800,285700,6500,0,0,,,,none,blockchain-unauthorised_operation_0,0,True,243,22,
n10-identities_c1-conc_mech-blockchain-1backend_security-battery_r30_audit-off_20260831T021343Z,obs_30f092ff0f1e476c8a1ddbbe81c97b18,2026-08-31T02:14:02.106771+00:00,blockchain,unauthorised_operation,1,1,UAV-LIMITED,UNAUTHORISED_OPERATION,UNAUTHORISED_OPERATION,True,19083800,19.0838,51700,18721700,0,3600,233400,5500,0,0,,,,none,blockchain-unauthorised_operation_0,0,True,242,22,
n10-identities_c1-conc_mech-blockchain-1backend_security-battery_r30_audit-off_20260831T021343Z,obs_7ec09e2c51314850b22dc8893b65a328,2026-08-31T02:14:02.129802+00:00,blockchain,unauthorised_operation,0,1,UAV-LIMITED,UNAUTHORISED_OPERATION,UNAUTHORISED_OPERATION,True,18187500,18.1875,35600,17890100,0,2700,180300,5900,0,0,,,,none,blockchain-unauthorised_operation_0,0,False,243,22,
n10-identities_c1-conc_mech-blockchain-1backend_security-battery_r30_audit-off_20260831T021343Z,obs_30159cb1b6d044f2b303b58241bcee7e,2026-08-31T02:14:02.165791+00:00,blockchain,unauthorised_operation,1,1,UAV-LIMITED,UNAUTHORISED_OPERATION,UNAUTHORISED_OPERATION,True,25636500,25.6365,49800,25250500,0,4100,239100,6400,0,0,,,,none,blockchain-unauthorised_operation_0,0,False,243,22,
n10-identities_c1-conc_mech-blockchain-1backend_security-battery_r30_audit-off_20260831T021343Z,obs_98eda15f46654f9399ac8d4ec81191ab,2026-08-31T02:14:02.191106+00:00,blockchain,unauthorised_operation,2,1,UAV-LIMITED,UNAUTHORISED_OPERATION,UNAUTHORISED_OPERATION,True,17817000,17.817,50000,17451500,0,4200,222800,6000,0,0,,,,none,blockchain-unauthorised_operation_0,0,False,242,22,
n10-identities_c1-conc_mech-blockchain-1backend_security-battery_r30_audit-off_20260831T021343Z,obs_2598d9b7ef704b44ab4ed17e66c84c03,2026-08-31T02:14:02.215145+00:00,blockchain,unauthorised_operation,3,1,UAV-LIMITED,UNAUTHORISED_OPERATION,UNAUTHORISED_OPERATION,True,15852900,15.8529,41700,15445900,0,3900,240700,5700,0,0,,,,none,blockchain-unauthorised_operation_0,0,False,241,22,
n10-identities_c1-conc_mech-blockchain-1backend_security-battery_r30_audit-off_20260831T021343Z,obs_3f59d2f097d840feb017a0f623db3fb6,2026-08-31T02:14:02.271459+00:00,blockchain,unauthorised_operation,4,1,UAV-LIMITED,UNAUTHORISED_OPERATION,UNAUTHORISED_OPERATION,True,23505000,23.505,58600,23067000,0,4600,250600,5800,0,0,,,,none,blockchain-unauthorised_operation_0,0,False,242,22,
n10-identities_c1-conc_mech-blockchain-1backend_security-battery_r30_audit-off_20260831T021343Z,obs_7dafe07ebcbc4a58827d1c715e51e6f8,2026-08-31T02:14:02.293136+00:00,blockchain,unauthorised_operation,5,1,UAV-LIMITED,UNAUTHORISED_OPERATION,UNAUTHORISED_OPERATION,True,13968500,13.9685,48000,13637300,0,3500,210000,5600,0,0,,,,none,blockchain-unauthorised_operation_0,0,False,242,22,
n10-identities_c1-conc_mech-blockchain-1backend_security-battery_r30_audit-off_20260831T021343Z,obs_21c61a696bd44bd18013bb0be0c486a0,2026-08-31T02:14:02.314771+00:00,blockchain,unauthorised_operation,6,1,UAV-LIMITED,UNAUTHORISED_OPERATION,UNAUTHORISED_OPERATION,True,15721500,15.7215,54100,15180100,0,4000,281400,5000,0,0,,,,none,blockchain-unauthorised_operation_0,0,False,242,22,
n10-identities_c1-conc_mech-blockchain-1backend_security-battery_r30_audit-off_20260831T021343Z,obs_1327685099d149a28a6256edcb82a144,2026-08-31T02:14:02.339184+00:00,blockchain,unauthorised_operation,7,1,UAV-LIMITED,UNAUTHORISED_OPERATION,UNAUTHORISED_OPERATION,True,18173400,18.1734,45500,17796900,0,3800,234000,5400,0,0,,,,none,blockchain-unauthorised_operation_0,0,False,243,22,
n10-identities_c1-conc_mech-blockchain-1backend_security-battery_r30_audit-off_20260831T021343Z,obs_3685244f77f14e0889f48bbfec9959bd,2026-08-31T02:14:02.371125+00:00,blockchain,unauthorised_operation,8,1,UAV-LIMITED,UNAUTHORISED_OPERATION,UNAUTHORISED_OPERATION,True,24502100,24.5021,53400,24055500,0,4900,282900,7600,0,0,,,,none,blockchain-unauthorised_operation_0,0,False,242,22,
n10-identities_c1-conc_mech-blockchain-1backend_security-battery_r30_audit-off_20260831T021343Z,obs_7954dc82543e43c092cae8b20dd9401b,2026-08-31T02:14:02.412480+00:00,blockchain,unauthorised_operation,9,1,UAV-LIMITED,UNAUTHORISED_OPERATION,UNAUTHORISED_OPERATION,True,29030100,29.0301,99600,28661700,0,3700,198100,4200,0,0,,,,none,blockchain-unauthorised_operation_0,0,False,243,22,
n10-identities_c1-conc_mech-blockchain-1backend_security-battery_r30_audit-off_20260831T021343Z,obs_5031d1132f6b4a1680ff9e03e47ad4d2,2026-08-31T02:14:02.438499+00:00,blockchain,unauthorised_operation,10,1,UAV-LIMITED,UNAUTHORISED_OPERATION,UNAUTHORISED_OPERATION,True,18121700,18.1217,58400,17826100,0,2400,172000,3400,0,0,,,,none,blockchain-unauthorised_operation_0,0,False,241,22,
n10-identities_c1-conc_mech-blockchain-1backend_security-battery_r30_audit-off_20260831T021343Z,obs_d393b96d39d84adb8c16eaa2c0125393,2026-08-31T02:14:02.460476+00:00,blockchain,unauthorised_operation,11,1,UAV-LIMITED,UNAUTHORISED_OPERATION,UNAUTHORISED_OPERATION,True,16459000,16.459,38400,16124900,0,3700,197800,6000,0,0,,,,none,blockchain-unauthorised_operation_0,0,False,241,22,
n10-identities_c1-conc_mech-blockchain-1backend_security-battery_r30_audit-off_20260831T021343Z,obs_58c364f69110488b8b939bf74142a1e0,2026-08-31T02:14:02.482221+00:00,blockchain,unauthorised_operation,12,1,UAV-LIMITED,UNAUTHORISED_OPERATION,UNAUTHORISED_OPERATION,True,15557300,15.5573,38400,15229000,0,3500,199500,5600,0,0,,,,none,blockchain-unauthorised_operation_0,0,False,243,22,
n10-identities_c1-conc_mech-blockchain-1backend_security-battery_r30_audit-off_20260831T021343Z,obs_cf574b05f65148e5b36e6e727d99d73b,2026-08-31T02:14:02.501445+00:00,blockchain,unauthorised_operation,13,1,UAV-LIMITED,UNAUTHORISED_OPERATION,UNAUTHORISED_OPERATION,True,13482100,13.4821,35600,13125300,0,4400,225500,6400,0,0,,,,none,blockchain-unauthorised_operation_0,0,False,242,22,
n10-identities_c1-conc_mech-blockchain-1backend_security-battery_r30_audit-off_20260831T021343Z,obs_c88965f45be1496fbe3932975d8a11dd,2026-08-31T02:14:02.520926+00:00,blockchain,unauthorised_operation,14,1,UAV-LIMITED,UNAUTHORISED_OPERATION,UNAUTHORISED_OPERATION,True,13589300,13.5893,37100,13324200,0,3200,162400,3600,0,0,,,,none,blockchain-unauthorised_operation_0,0,False,242,22,
n10-identities_c1-conc_mech-blockchain-1backend_security-battery_r30_audit-off_20260831T021343Z,obs_29159b3f438c412a97f829ec5aeea60e,2026-08-31T02:14:02.541504+00:00,blockchain,unauthorised_operation,15,1,UAV-LIMITED,UNAUTHORISED_OPERATION,UNAUTHORISED_OPERATION,True,15899800,15.8998,50800,15568400,0,3400,208300,4900,0,0,,,,none,blockchain-unauthorised_operation_0,0,False,241,22,
n10-identities_c1-conc_mech-blockchain-1backend_security-battery_r30_audit-off_20260831T021343Z,obs_26d31c7686a24491acb015fa023be6cc,2026-08-31T02:14:02.561713+00:00,blockchain,unauthorised_operation,16,1,UAV-LIMITED,UNAUTHORISED_OPERATION,UNAUTHORISED_OPERATION,True,14314300,14.3143,31300,14056000,0,2600,155800,4200,0,0,,,,none,blockchain-unauthorised_operation_0,0,False,242,22,
n10-identities_c1-conc_mech-blockchain-1backend_security-battery_r30_audit-off_20260831T021343Z,obs_70b45d460a5042ccab6364725bc8c4cb,2026-08-31T02:14:02.582223+00:00,blockchain,unauthorised_operation,17,1,UAV-LIMITED,UNAUTHORISED_OPERATION,UNAUTHORISED_OPERATION,True,15025800,15.0258,54400,14713700,0,2700,190200,4600,0,0,,,,none,blockchain-unauthorised_operation_0,0,False,242,22,
n10-identities_c1-conc_mech-blockchain-1backend_security-battery_r30_audit-off_20260831T021343Z,obs_7958af0afc5644e69149eeb50b9f3f24,2026-08-31T02:14:02.603182+00:00,blockchain,unauthorised_operation,18,1,UAV-LIMITED,UNAUTHORISED_OPERATION,UNAUTHORISED_OPERATION,True,15596300,15.5963,34400,15341700,0,2000,156500,3500,0,0,,,,none,blockchain-unauthorised_operation_0,0,False,242,22,
n10-identities_c1-conc_mech-blockchain-1backend_security-battery_r30_audit-off_20260831T021343Z,obs_df0daecd139443d6aa274f14af6c4ece,2026-08-31T02:14:02.626878+00:00,blockchain,unauthorised_operation,19,1,UAV-LIMITED,UNAUTHORISED_OPERATION,UNAUTHORISED_OPERATION,True,17297600,17.2976,38200,16934100,0,3500,224200,5100,0,0,,,,none,blockchain-unauthorised_operation_0,0,False,241,22,
n10-identities_c1-conc_mech-blockchain-1backend_security-battery_r30_audit-off_20260831T021343Z,obs_56bc75215ffa46308d5dcd6f65ed483d,2026-08-31T02:14:02.649766+00:00,blockchain,unauthorised_operation,20,1,UAV-LIMITED,UNAUTHORISED_OPERATION,UNAUTHORISED_OPERATION,True,15837600,15.8376,52200,15521300,0,2700,188900,4400,0,0,,,,none,blockchain-unauthorised_operation_0,0,False,242,22,
n10-identities_c1-conc_mech-blockchain-1backend_security-battery_r30_audit-off_20260831T021343Z,obs_48293d9079a8447ba3577e58242b5586,2026-08-31T02:14:02.674988+00:00,blockchain,unauthorised_operation,21,1,UAV-LIMITED,UNAUTHORISED_OPERATION,UNAUTHORISED_OPERATION,True,16527200,16.5272,48600,16233800,0,2400,182400,4000,0,0,,,,none,blockchain-unauthorised_operation_0,0,False,243,22,
n10-identities_c1-conc_mech-blockchain-1backend_security-battery_r30_audit-off_20260831T021343Z,obs_fd156859ada64b35a863634ee80e64d7,2026-08-31T02:14:02.696863+00:00,blockchain,unauthorised_operation,22,1,UAV-LIMITED,UNAUTHORISED_OPERATION,UNAUTHORISED_OPERATION,True,16893600,16.8936,42700,16624100,0,2500,164500,4400,0,0,,,,none,blockchain-unauthorised_operation_0,0,False,242,22,
n10-identities_c1-conc_mech-blockchain-1backend_security-battery_r30_audit-off_20260831T021343Z,obs_805dd0aac63e48cb89ca5b4f46219ecc,2026-08-31T02:14:02.720777+00:00,blockchain,unauthorised_operation,23,1,UAV-LIMITED,UNAUTHORISED_OPERATION,UNAUTHORISED_OPERATION,True,16669300,16.6693,42200,16387200,0,2500,181000,4000,0,0,,,,none,blockchain-unauthorised_operation_0,0,False,242,22,
n10-identities_c1-conc_mech-blockchain-1backend_security-battery_r30_audit-off_20260831T021343Z,obs_3f4e647656f3498391befb7eb05aaa9e,2026-08-31T02:14:02.741921+00:00,blockchain,unauthorised_operation,24,1,UAV-LIMITED,UNAUTHORISED_OPERATION,UNAUTHORISED_OPERATION,True,15133300,15.1333,43600,14821600,0,2500,187700,4500,0,0,,,,none,blockchain-unauthorised_operation_0,0,False,243,22,
n10-identities_c1-conc_mech-blockchain-1backend_security-battery_r30_audit-off_20260831T021343Z,obs_3b7a7bc3abb848e58856bdf9a0cc1fa7,2026-08-31T02:14:02.784829+00:00,blockchain,unauthorised_operation,25,1,UAV-LIMITED,UNAUTHORISED_OPERATION,UNAUTHORISED_OPERATION,True,35346000,35.346,62300,34828800,0,9600,307400,8200,0,0,,,,none,blockchain-unauthorised_operation_0,0,False,241,22,
n10-identities_c1-conc_mech-blockchain-1backend_security-battery_r30_audit-off_20260831T021343Z,obs_d484323219b64791adcc7e2650bfcc50,2026-08-31T02:14:02.811961+00:00,blockchain,unauthorised_operation,26,1,UAV-LIMITED,UNAUTHORISED_OPERATION,UNAUTHORISED_OPERATION,True,18588400,18.5884,73800,18252500,0,3900,191500,4900,0,0,,,,none,blockchain-unauthorised_operation_0,0,False,241,22,
n10-identities_c1-conc_mech-blockchain-1backend_security-battery_r30_audit-off_20260831T021343Z,obs_43059099a8c6440b856ff517243428e3,2026-08-31T02:14:02.840209+00:00,blockchain,unauthorised_operation,27,1,UAV-LIMITED,UNAUTHORISED_OPERATION,UNAUTHORISED_OPERATION,True,20111100,20.1111,58100,19711400,0,4500,241500,5900,0,0,,,,none,blockchain-unauthorised_operation_0,0,False,242,22,
n10-identities_c1-conc_mech-blockchain-1backend_security-battery_r30_audit-off_20260831T021343Z,obs_7f846b04a55b4a7f9a386619f9347d95,2026-08-31T02:14:02.869307+00:00,blockchain,unauthorised_operation,28,1,UAV-LIMITED,UNAUTHORISED_OPERATION,UNAUTHORISED_OPERATION,True,21428600,21.4286,57100,19553400,0,4200,245300,9000,0,0,,,,none,blockchain-unauthorised_operation_0,0,False,242,22,
n10-identities_c1-conc_mech-blockchain-1backend_security-battery_r30_audit-off_20260831T021343Z,obs_29228526925b42848d26cdc2e2a47044,2026-08-31T02:14:02.891452+00:00,blockchain,unauthorised_operation,29,1,UAV-LIMITED,UNAUTHORISED_OPERATION,UNAUTHORISED_OPERATION,True,15323900,15.3239,38900,15059400,0,3000,165900,3400,0,0,,,,none,blockchain-unauthorised_operation_0,0,False,242,22,
n10-identities_c1-conc_mech-blockchain-1backend_security-battery_r30_audit-off_20260831T021343Z,obs_2671a80457794a84aeceed2f6c05f02b,2026-08-31T02:14:02.910028+00:00,blockchain,malformed,0,1,UAV-VALID,MALFORMED_REQUEST,MALFORMED_REQUEST,True,8400,0.0084,31200,0,0,0,0,0,0,0,,,,none,blockchain-malformed_0,0,True,26,17,malformed authentication object: missing magic
n10-identities_c1-conc_mech-blockchain-1backend_security-battery_r30_audit-off_20260831T021343Z,obs_51d6c0fcdf4b47baaa88cc1bc9212b4c,2026-08-31T02:14:02.915060+00:00,blockchain,malformed,1,1,UAV-VALID,MALFORMED_REQUEST,MALFORMED_REQUEST,True,12600,0.0126,53600,0,0,0,0,0,0,0,,,,none,blockchain-malformed_0,0,True,26,17,malformed authentication object: missing magic
n10-identities_c1-conc_mech-blockchain-1backend_security-battery_r30_audit-off_20260831T021343Z,obs_c1d1fccdd12a466cb339d0f334d0a09e,2026-08-31T02:14:02.920639+00:00,blockchain,malformed,0,1,UAV-VALID,MALFORMED_REQUEST,MALFORMED_REQUEST,True,8400,0.0084,35500,0,0,0,0,0,0,0,,,,none,blockchain-malformed_0,0,False,26,17,malformed authentication object: missing magic
n10-identities_c1-conc_mech-blockchain-1backend_security-battery_r30_audit-off_20260831T021343Z,obs_0c63bbf170684e4b88da2f39b474c815,2026-08-31T02:14:02.924812+00:00,blockchain,malformed,1,1,UAV-VALID,MALFORMED_REQUEST,MALFORMED_REQUEST,True,7200,0.0072,34400,0,0,0,0,0,0,0,,,,none,blockchain-malformed_0,0,False,26,17,malformed authentication object: missing magic
n10-identities_c1-conc_mech-blockchain-1backend_security-battery_r30_audit-off_20260831T021343Z,obs_9ec28f8fbe164480ba9d84732ba760d5,2026-08-31T02:14:02.930126+00:00,blockchain,malformed,2,1,UAV-VALID,MALFORMED_REQUEST,MALFORMED_REQUEST,True,8500,0.0085,35700,0,0,0,0,0,0,0,,,,none,blockchain-malformed_0,0,False,26,17,malformed authentication object: missing magic
n10-identities_c1-conc_mech-blockchain-1backend_security-battery_r30_audit-off_20260831T021343Z,obs_e6ab65f9d53546f09f715aac1e9545da,2026-08-31T02:14:02.935939+00:00,blockchain,malformed,3,1,UAV-VALID,MALFORMED_REQUEST,MALFORMED_REQUEST,True,12000,0.012,47900,0,0,0,0,0,0,0,,,,none,blockchain-malformed_0,0,False,26,17,malformed authentication object: missing magic
n10-identities_c1-conc_mech-blockchain-1backend_security-battery_r30_audit-off_20260831T021343Z,obs_aa9878d4d8b241bab0e2ff2a909211e5,2026-08-31T02:14:02.940361+00:00,blockchain,malformed,4,1,UAV-VALID,MALFORMED_REQUEST,MALFORMED_REQUEST,True,6700,0.0067,29700,0,0,0,0,0,0,0,,,,none,blockchain-malformed_0,0,False,26,17,malformed authentication object: missing magic
n10-identities_c1-conc_mech-blockchain-1backend_security-battery_r30_audit-off_20260831T021343Z,obs_1ecb9936afbe4f829acd124a005a212e,2026-08-31T02:14:02.945182+00:00,blockchain,malformed,5,1,UAV-VALID,MALFORMED_REQUEST,MALFORMED_REQUEST,True,11800,0.0118,138400,0,0,0,0,0,0,0,,,,none,blockchain-malformed_0,0,False,26,17,malformed authentication object: missing magic
n10-identities_c1-conc_mech-blockchain-1backend_security-battery_r30_audit-off_20260831T021343Z,obs_47b1dd6bc4ca4376a7bdbe5157ed84fb,2026-08-31T02:14:02.950667+00:00,blockchain,malformed,6,1,UAV-VALID,MALFORMED_REQUEST,MALFORMED_REQUEST,True,12200,0.0122,47800,0,0,0,0,0,0,0,,,,none,blockchain-malformed_0,0,False,26,17,malformed authentication object: missing magic
n10-identities_c1-conc_mech-blockchain-1backend_security-battery_r30_audit-off_20260831T021343Z,obs_ea9a73ece69d450abba18d9a81dd65a2,2026-08-31T02:14:02.955372+00:00,blockchain,malformed,7,1,UAV-VALID,MALFORMED_REQUEST,MALFORMED_REQUEST,True,7600,0.0076,32600,0,0,0,0,0,0,0,,,,none,blockchain-malformed_0,0,False,26,17,malformed authentication object: missing magic
n10-identities_c1-conc_mech-blockchain-1backend_security-battery_r30_audit-off_20260831T021343Z,obs_9f7960ea07334535a72cc39d7489771a,2026-08-31T02:14:02.959704+00:00,blockchain,malformed,8,1,UAV-VALID,MALFORMED_REQUEST,MALFORMED_REQUEST,True,6400,0.0064,28300,0,0,0,0,0,0,0,,,,none,blockchain-malformed_0,0,False,26,17,malformed authentication object: missing magic
n10-identities_c1-conc_mech-blockchain-1backend_security-battery_r30_audit-off_20260831T021343Z,obs_d89a8b3f91d34c60a84200d7b5bc5a9f,2026-08-31T02:14:02.966380+00:00,blockchain,malformed,9,1,UAV-VALID,MALFORMED_REQUEST,MALFORMED_REQUEST,True,17700,0.0177,48900,0,0,0,0,0,0,0,,,,none,blockchain-malformed_0,0,False,26,17,malformed authentication object: missing magic
n10-identities_c1-conc_mech-blockchain-1backend_security-battery_r30_audit-off_20260831T021343Z,obs_ed1b334c80f04362a731f4493ddc1e2a,2026-08-31T02:14:02.971415+00:00,blockchain,malformed,10,1,UAV-VALID,MALFORMED_REQUEST,MALFORMED_REQUEST,True,7700,0.0077,31800,0,0,0,0,0,0,0,,,,none,blockchain-malformed_0,0,False,26,17,malformed authentication object: missing magic
n10-identities_c1-conc_mech-blockchain-1backend_security-battery_r30_audit-off_20260831T021343Z,obs_c19dee079e164ba18495de346aa33534,2026-08-31T02:14:02.975514+00:00,blockchain,malformed,11,1,UAV-VALID,MALFORMED_REQUEST,MALFORMED_REQUEST,True,7600,0.0076,47600,0,0,0,0,0,0,0,,,,none,blockchain-malformed_0,0,False,26,17,malformed authentication object: missing magic
n10-identities_c1-conc_mech-blockchain-1backend_security-battery_r30_audit-off_20260831T021343Z,obs_b79a1484fd0e45c6b40d8d89cc8498a9,2026-08-31T02:14:02.981098+00:00,blockchain,malformed,12,1,UAV-VALID,MALFORMED_REQUEST,MALFORMED_REQUEST,True,12800,0.0128,55000,0,0,0,0,0,0,0,,,,none,blockchain-malformed_0,0,False,26,17,malformed authentication object: missing magic
n10-identities_c1-conc_mech-blockchain-1backend_security-battery_r30_audit-off_20260831T021343Z,obs_3e8260aea7b541e79600dd4ddb385462,2026-08-31T02:14:02.986752+00:00,blockchain,malformed,13,1,UAV-VALID,MALFORMED_REQUEST,MALFORMED_REQUEST,True,8500,0.0085,55500,0,0,0,0,0,0,0,,,,none,blockchain-malformed_0,0,False,26,17,malformed authentication object: missing magic
n10-identities_c1-conc_mech-blockchain-1backend_security-battery_r30_audit-off_20260831T021343Z,obs_bc1f40ab03b142b38f3d3700344b373b,2026-08-31T02:14:02.991844+00:00,blockchain,malformed,14,1,UAV-VALID,MALFORMED_REQUEST,MALFORMED_REQUEST,True,37600,0.0376,41800,0,0,0,0,0,0,0,,,,none,blockchain-malformed_0,0,False,26,17,malformed authentication object: missing magic
n10-identities_c1-conc_mech-blockchain-1backend_security-battery_r30_audit-off_20260831T021343Z,obs_610c0fd272ae42d58e2351e732060a39,2026-08-31T02:14:02.997043+00:00,blockchain,malformed,15,1,UAV-VALID,MALFORMED_REQUEST,MALFORMED_REQUEST,True,6800,0.0068,29300,0,0,0,0,0,0,0,,,,none,blockchain-malformed_0,0,False,26,17,malformed authentication object: missing magic
n10-identities_c1-conc_mech-blockchain-1backend_security-battery_r30_audit-off_20260831T021343Z,obs_eb1aa74c45b9428c95308dfc5578edb6,2026-08-31T02:14:03.003420+00:00,blockchain,malformed,16,1,UAV-VALID,MALFORMED_REQUEST,MALFORMED_REQUEST,True,14300,0.0143,65300,0,0,0,0,0,0,0,,,,none,blockchain-malformed_0,0,False,26,17,malformed authentication object: missing magic
n10-identities_c1-conc_mech-blockchain-1backend_security-battery_r30_audit-off_20260831T021343Z,obs_1ca47ea2f03d4647aee2365a9013adcd,2026-08-31T02:14:03.019082+00:00,blockchain,malformed,17,1,UAV-VALID,MALFORMED_REQUEST,MALFORMED_REQUEST,True,11400,0.0114,95800,0,0,0,0,0,0,0,,,,none,blockchain-malformed_0,0,False,26,17,malformed authentication object: missing magic
n10-identities_c1-conc_mech-blockchain-1backend_security-battery_r30_audit-off_20260831T021343Z,obs_ecea96d4147f48e1b0821254e5a84286,2026-08-31T02:14:03.024517+00:00,blockchain,malformed,18,1,UAV-VALID,MALFORMED_REQUEST,MALFORMED_REQUEST,True,16400,0.0164,56600,0,0,0,0,0,0,0,,,,none,blockchain-malformed_0,0,False,26,17,malformed authentication object: missing magic
n10-identities_c1-conc_mech-blockchain-1backend_security-battery_r30_audit-off_20260831T021343Z,obs_0b2a25a79eaa4e2cb8114e34d4e2fa5e,2026-08-31T02:14:03.029192+00:00,blockchain,malformed,19,1,UAV-VALID,MALFORMED_REQUEST,MALFORMED_REQUEST,True,6500,0.0065,30500,0,0,0,0,0,0,0,,,,none,blockchain-malformed_0,0,False,26,17,malformed authentication object: missing magic
n10-identities_c1-conc_mech-blockchain-1backend_security-battery_r30_audit-off_20260831T021343Z,obs_6fe12ddfba1a420ab0d77253238174f7,2026-08-31T02:14:03.035025+00:00,blockchain,malformed,20,1,UAV-VALID,MALFORMED_REQUEST,MALFORMED_REQUEST,True,11700,0.0117,50100,0,0,0,0,0,0,0,,,,none,blockchain-malformed_0,0,False,26,17,malformed authentication object: missing magic
n10-identities_c1-conc_mech-blockchain-1backend_security-battery_r30_audit-off_20260831T021343Z,obs_ec2cc7d215d141828d5362c9a0d84d4c,2026-08-31T02:14:03.041040+00:00,blockchain,malformed,21,1,UAV-VALID,MALFORMED_REQUEST,MALFORMED_REQUEST,True,11200,0.0112,48800,0,0,0,0,0,0,0,,,,none,blockchain-malformed_0,0,False,26,17,malformed authentication object: missing magic
n10-identities_c1-conc_mech-blockchain-1backend_security-battery_r30_audit-off_20260831T021343Z,obs_3f6238b878df42e78018eb91207808b7,2026-08-31T02:14:03.045522+00:00,blockchain,malformed,22,1,UAV-VALID,MALFORMED_REQUEST,MALFORMED_REQUEST,True,7800,0.0078,44100,0,0,0,0,0,0,0,,,,none,blockchain-malformed_0,0,False,26,17,malformed authentication object: missing magic
n10-identities_c1-conc_mech-blockchain-1backend_security-battery_r30_audit-off_20260831T021343Z,obs_8bcde6e65e374c05a38aec629abd92eb,2026-08-31T02:14:03.050917+00:00,blockchain,malformed,23,1,UAV-VALID,MALFORMED_REQUEST,MALFORMED_REQUEST,True,8500,0.0085,41800,0,0,0,0,0,0,0,,,,none,blockchain-malformed_0,0,False,26,17,malformed authentication object: missing magic
n10-identities_c1-conc_mech-blockchain-1backend_security-battery_r30_audit-off_20260831T021343Z,obs_5f618f1bb9884c69988b74d84bcbb737,2026-08-31T02:14:03.057017+00:00,blockchain,malformed,24,1,UAV-VALID,MALFORMED_REQUEST,MALFORMED_REQUEST,True,10700,0.0107,45900,0,0,0,0,0,0,0,,,,none,blockchain-malformed_0,0,False,26,17,malformed authentication object: missing magic
n10-identities_c1-conc_mech-blockchain-1backend_security-battery_r30_audit-off_20260831T021343Z,obs_c7bc0db62c794e99987419c3034776e1,2026-08-31T02:14:03.063162+00:00,blockchain,malformed,25,1,UAV-VALID,MALFORMED_REQUEST,MALFORMED_REQUEST,True,10300,0.0103,42300,0,0,0,0,0,0,0,,,,none,blockchain-malformed_0,0,False,26,17,malformed authentication object: missing magic
n10-identities_c1-conc_mech-blockchain-1backend_security-battery_r30_audit-off_20260831T021343Z,obs_48ba9eabfebb4035a19449338b0f495a,2026-08-31T02:14:03.070633+00:00,blockchain,malformed,26,1,UAV-VALID,MALFORMED_REQUEST,MALFORMED_REQUEST,True,9100,0.0091,37600,0,0,0,0,0,0,0,,,,none,blockchain-malformed_0,0,False,26,17,malformed authentication object: missing magic
n10-identities_c1-conc_mech-blockchain-1backend_security-battery_r30_audit-off_20260831T021343Z,obs_bcf4dc8598764d6382d9b93f8e1b5971,2026-08-31T02:14:03.075175+00:00,blockchain,malformed,27,1,UAV-VALID,MALFORMED_REQUEST,MALFORMED_REQUEST,True,6500,0.0065,30000,0,0,0,0,0,0,0,,,,none,blockchain-malformed_0,0,False,26,17,malformed authentication object: missing magic
n10-identities_c1-conc_mech-blockchain-1backend_security-battery_r30_audit-off_20260831T021343Z,obs_76fa48abe6ed42b68f828d1798ae0cf1,2026-08-31T02:14:03.079785+00:00,blockchain,malformed,28,1,UAV-VALID,MALFORMED_REQUEST,MALFORMED_REQUEST,True,7400,0.0074,30600,0,0,0,0,0,0,0,,,,none,blockchain-malformed_0,0,False,26,17,malformed authentication object: missing magic
n10-identities_c1-conc_mech-blockchain-1backend_security-battery_r30_audit-off_20260831T021343Z,obs_e6fb2a78b7d949d58bbf14e46963969c,2026-08-31T02:14:03.089384+00:00,blockchain,malformed,29,1,UAV-VALID,MALFORMED_REQUEST,MALFORMED_REQUEST,True,10500,0.0105,47700,0,0,0,0,0,0,0,,,,none,blockchain-malformed_0,0,False,26,17,malformed authentication object: missing magic
n10-identities_c1-conc_mech-blockchain-1backend_security-battery_r30_audit-off_20260831T021343Z,obs_4379bb8cf67247f7bc48c4762c4fb375,2026-08-31T02:15:12.532089+00:00,blockchain,rpc_unavailable,0,1,UAV-VALID,IDENTITY_SERVICE_UNAVAILABLE,IDENTITY_SERVICE_UNAVAILABLE,True,69366013800,69366.0138,142200,69365978800,0,69365978800,0,0,0,0,,,,auth_timeout,blockchain-rpc_unavailable_0,0,True,238,28,
n10-identities_c1-conc_mech-blockchain-1backend_security-battery_r30_audit-off_20260831T021343Z,obs_8ee50c7c8c654d44bb513ea2f0409d27,2026-08-31T02:16:21.837836+00:00,blockchain,rpc_unavailable,1,1,UAV-VALID,IDENTITY_SERVICE_UNAVAILABLE,IDENTITY_SERVICE_UNAVAILABLE,True,69296185400,69296.1854,38700,69296155500,0,69296155500,0,0,0,0,,,,auth_timeout,blockchain-rpc_unavailable_0,0,True,238,28,
n10-identities_c1-conc_mech-blockchain-1backend_security-battery_r30_audit-off_20260831T021343Z,obs_998cb5c242b641acac911c88cb76197d,2026-08-31T02:17:31.104324+00:00,blockchain,rpc_unavailable,0,1,UAV-VALID,IDENTITY_SERVICE_UNAVAILABLE,IDENTITY_SERVICE_UNAVAILABLE,True,69262031800,69262.0318,38100,69261978100,0,69261978100,0,0,0,0,,,,auth_timeout,blockchain-rpc_unavailable_0,0,False,239,28,
n10-identities_c1-conc_mech-blockchain-1backend_security-battery_r30_audit-off_20260831T021343Z,obs_a62830bd62c343948f676fd0a67ba8ce,2026-08-31T02:18:40.341945+00:00,blockchain,rpc_unavailable,1,1,UAV-VALID,IDENTITY_SERVICE_UNAVAILABLE,IDENTITY_SERVICE_UNAVAILABLE,True,69229259300,69229.2593,50100,69229216100,0,69229216100,0,0,0,0,,,,auth_timeout,blockchain-rpc_unavailable_0,0,False,240,28,
n10-identities_c1-conc_mech-blockchain-1backend_security-battery_r30_audit-off_20260831T021343Z,obs_e4b57abfe1804a8c86a5b31d13dc173e,2026-08-31T02:19:49.554982+00:00,blockchain,rpc_unavailable,2,1,UAV-VALID,IDENTITY_SERVICE_UNAVAILABLE,IDENTITY_SERVICE_UNAVAILABLE,True,69206390400,69206.3904,54100,69206360800,0,69206360800,0,0,0,0,,,,auth_timeout,blockchain-rpc_unavailable_0,0,False,240,28,
n10-identities_c1-conc_mech-blockchain-1backend_security-battery_r30_audit-off_20260831T021343Z,obs_868e7c34cebd4e9ca5e688c73ddd4a5f,2026-08-31T02:20:58.805536+00:00,blockchain,rpc_unavailable,3,1,UAV-VALID,IDENTITY_SERVICE_UNAVAILABLE,IDENTITY_SERVICE_UNAVAILABLE,True,69244269800,69244.2698,48400,69244230900,0,69244230900,0,0,0,0,,,,auth_timeout,blockchain-rpc_unavailable_0,0,False,239,28,
n10-identities_c1-conc_mech-blockchain-1backend_security-battery_r30_audit-off_20260831T021343Z,obs_2897deebfac14e66b15498bbfcd4d03a,2026-08-31T02:22:08.040950+00:00,blockchain,rpc_unavailable,4,1,UAV-VALID,IDENTITY_SERVICE_UNAVAILABLE,IDENTITY_SERVICE_UNAVAILABLE,True,69230004000,69230.004,31500,69229983600,0,69229983600,0,0,0,0,,,,auth_timeout,blockchain-rpc_unavailable_0,0,False,239,28,
n10-identities_c1-conc_mech-blockchain-1backend_security-battery_r30_audit-off_20260831T021343Z,obs_6d104356ca8a45578a41d30d1016582a,2026-08-31T02:23:17.286992+00:00,blockchain,rpc_unavailable,5,1,UAV-VALID,IDENTITY_SERVICE_UNAVAILABLE,IDENTITY_SERVICE_UNAVAILABLE,True,69241046900,69241.0469,27500,69241014300,0,69241014300,0,0,0,0,,,,auth_timeout,blockchain-rpc_unavailable_0,0,False,238,28,
n10-identities_c1-conc_mech-blockchain-1backend_security-battery_r30_audit-off_20260831T021343Z,obs_b411a09e6fea4475ab47606ad68056e3,2026-08-31T02:24:26.491791+00:00,blockchain,rpc_unavailable,6,1,UAV-VALID,IDENTITY_SERVICE_UNAVAILABLE,IDENTITY_SERVICE_UNAVAILABLE,True,69198924400,69198.9244,30000,69198900000,0,69198900000,0,0,0,0,,,,auth_timeout,blockchain-rpc_unavailable_0,0,False,238,28,
n10-identities_c1-conc_mech-blockchain-1backend_security-battery_r30_audit-off_20260831T021343Z,obs_af2e83f7020e45d6a973ba8e0c68ec93,2026-08-31T02:25:35.706708+00:00,blockchain,rpc_unavailable,7,1,UAV-VALID,IDENTITY_SERVICE_UNAVAILABLE,IDENTITY_SERVICE_UNAVAILABLE,True,69209037500,69209.0375,77100,69208983100,0,69208983100,0,0,0,0,,,,auth_timeout,blockchain-rpc_unavailable_0,0,False,239,28,
n10-identities_c1-conc_mech-blockchain-1backend_security-battery_r30_audit-off_20260831T021343Z,obs_bdc38d8bbc7f4bf2becfbdd86623715d,2026-08-31T02:26:44.925097+00:00,blockchain,rpc_unavailable,8,1,UAV-VALID,IDENTITY_SERVICE_UNAVAILABLE,IDENTITY_SERVICE_UNAVAILABLE,True,69210637400,69210.6374,40300,69210607300,0,69210607300,0,0,0,0,,,,auth_timeout,blockchain-rpc_unavailable_0,0,False,238,28,
n10-identities_c1-conc_mech-blockchain-1backend_security-battery_r30_audit-off_20260831T021343Z,obs_8634448637664c83ad1e7f439b00c482,2026-08-31T02:27:54.183140+00:00,blockchain,rpc_unavailable,9,1,UAV-VALID,IDENTITY_SERVICE_UNAVAILABLE,IDENTITY_SERVICE_UNAVAILABLE,True,69251862300,69251.8623,37900,69251828300,0,69251828300,0,0,0,0,,,,auth_timeout,blockchain-rpc_unavailable_0,0,False,240,28,
n10-identities_c1-conc_mech-blockchain-1backend_security-battery_r30_audit-off_20260831T021343Z,obs_d5b573ce61d14ee28f9fa42f3a538a48,2026-08-31T02:29:03.490289+00:00,blockchain,rpc_unavailable,10,1,UAV-VALID,IDENTITY_SERVICE_UNAVAILABLE,IDENTITY_SERVICE_UNAVAILABLE,True,69301468700,69301.4687,29700,69301442700,0,69301442700,0,0,0,0,,,,auth_timeout,blockchain-rpc_unavailable_0,0,False,240,28,
n10-identities_c1-conc_mech-blockchain-1backend_security-battery_r30_audit-off_20260831T021343Z,obs_3eab80d10be741bbbd6fea493c6d9c33,2026-08-31T02:30:12.707674+00:00,blockchain,rpc_unavailable,11,1,UAV-VALID,IDENTITY_SERVICE_UNAVAILABLE,IDENTITY_SERVICE_UNAVAILABLE,True,69203914900,69203.9149,63000,69203861200,0,69203861200,0,0,0,0,,,,auth_timeout,blockchain-rpc_unavailable_0,0,False,240,28,
n10-identities_c1-conc_mech-blockchain-1backend_security-battery_r30_audit-off_20260831T021343Z,obs_84f7882335d64f77b2b88108b65d953e,2026-08-31T02:31:21.971861+00:00,blockchain,rpc_unavailable,12,1,UAV-VALID,IDENTITY_SERVICE_UNAVAILABLE,IDENTITY_SERVICE_UNAVAILABLE,True,69259488700,69259.4887,34100,69259466500,0,69259466500,0,0,0,0,,,,auth_timeout,blockchain-rpc_unavailable_0,0,False,238,28,
n10-identities_c1-conc_mech-blockchain-1backend_security-battery_r30_audit-off_20260831T021343Z,obs_9d8eeb6c9b4b4bf1a9216ecee3695d87,2026-08-31T02:32:31.237652+00:00,blockchain,rpc_unavailable,13,1,UAV-VALID,IDENTITY_SERVICE_UNAVAILABLE,IDENTITY_SERVICE_UNAVAILABLE,True,69258492300,69258.4923,51300,69258433900,0,69258433900,0,0,0,0,,,,auth_timeout,blockchain-rpc_unavailable_0,0,False,240,28,
n10-identities_c1-conc_mech-blockchain-1backend_security-battery_r30_audit-off_20260831T021343Z,obs_67d9c6e281844be1a371aed61ac28631,2026-08-31T02:33:40.510991+00:00,blockchain,rpc_unavailable,14,1,UAV-VALID,IDENTITY_SERVICE_UNAVAILABLE,IDENTITY_SERVICE_UNAVAILABLE,True,69267913200,69267.9132,34400,69267888500,0,69267888500,0,0,0,0,,,,auth_timeout,blockchain-rpc_unavailable_0,0,False,240,28,
n10-identities_c1-conc_mech-blockchain-1backend_security-battery_r30_audit-off_20260831T021343Z,obs_3e1aaa39c3964157a1492c1819401522,2026-08-31T02:34:49.697686+00:00,blockchain,rpc_unavailable,15,1,UAV-VALID,IDENTITY_SERVICE_UNAVAILABLE,IDENTITY_SERVICE_UNAVAILABLE,True,69180347100,69180.3471,33900,69180321000,0,69180321000,0,0,0,0,,,,auth_timeout,blockchain-rpc_unavailable_0,0,False,239,28,
n10-identities_c1-conc_mech-blockchain-1backend_security-battery_r30_audit-off_20260831T021343Z,obs_71c34eff42444414981d637b68e66ebd,2026-08-31T02:35:58.970187+00:00,blockchain,rpc_unavailable,16,1,UAV-VALID,IDENTITY_SERVICE_UNAVAILABLE,IDENTITY_SERVICE_UNAVAILABLE,True,69268018500,69268.0185,33600,69267993700,0,69267993700,0,0,0,0,,,,auth_timeout,blockchain-rpc_unavailable_0,0,False,238,28,
n10-identities_c1-conc_mech-blockchain-1backend_security-battery_r30_audit-off_20260831T021343Z,obs_93908e8df6c742f2b31e4a32931f0dc6,2026-08-31T02:37:08.359466+00:00,blockchain,rpc_unavailable,17,1,UAV-VALID,IDENTITY_SERVICE_UNAVAILABLE,IDENTITY_SERVICE_UNAVAILABLE,True,69384175200,69384.1752,28700,69384151200,0,69384151200,0,0,0,0,,,,auth_timeout,blockchain-rpc_unavailable_0,0,False,238,28,
n10-identities_c1-conc_mech-blockchain-1backend_security-battery_r30_audit-off_20260831T021343Z,obs_b406f1ab24e146b79b3ed69a65673c36,2026-08-31T02:38:17.630245+00:00,blockchain,rpc_unavailable,18,1,UAV-VALID,IDENTITY_SERVICE_UNAVAILABLE,IDENTITY_SERVICE_UNAVAILABLE,True,69266206700,69266.2067,36000,69266182700,0,69266182700,0,0,0,0,,,,auth_timeout,blockchain-rpc_unavailable_0,0,False,239,28,
n10-identities_c1-conc_mech-blockchain-1backend_security-battery_r30_audit-off_20260831T021343Z,obs_1d65f84587ec494590d055b6b61ef085,2026-08-31T02:39:26.885198+00:00,blockchain,rpc_unavailable,19,1,UAV-VALID,IDENTITY_SERVICE_UNAVAILABLE,IDENTITY_SERVICE_UNAVAILABLE,True,69248790000,69248.79,33300,69248765800,0,69248765800,0,0,0,0,,,,auth_timeout,blockchain-rpc_unavailable_0,0,False,238,28,
n10-identities_c1-conc_mech-blockchain-1backend_security-battery_r30_audit-off_20260831T021343Z,obs_0be0dfa95ffb40a0be4783c4c3afb284,2026-08-31T02:40:36.140609+00:00,blockchain,rpc_unavailable,20,1,UAV-VALID,IDENTITY_SERVICE_UNAVAILABLE,IDENTITY_SERVICE_UNAVAILABLE,True,69250865700,69250.8657,31100,69250842300,0,69250842300,0,0,0,0,,,,auth_timeout,blockchain-rpc_unavailable_0,0,False,240,28,
n10-identities_c1-conc_mech-blockchain-1backend_security-battery_r30_audit-off_20260831T021343Z,obs_8edcd9d7e6be4c1e829dd0335543a730,2026-08-31T02:41:45.385564+00:00,blockchain,rpc_unavailable,21,1,UAV-VALID,IDENTITY_SERVICE_UNAVAILABLE,IDENTITY_SERVICE_UNAVAILABLE,True,69240318900,69240.3189,33600,69240293500,0,69240293500,0,0,0,0,,,,auth_timeout,blockchain-rpc_unavailable_0,0,False,238,28,
n10-identities_c1-conc_mech-blockchain-1backend_security-battery_r30_audit-off_20260831T021343Z,obs_b86aeeec8a7542ab83bb72ec6adf3657,2026-08-31T02:42:54.686135+00:00,blockchain,rpc_unavailable,22,1,UAV-VALID,IDENTITY_SERVICE_UNAVAILABLE,IDENTITY_SERVICE_UNAVAILABLE,True,69294687500,69294.6875,35100,69294661600,0,69294661600,0,0,0,0,,,,auth_timeout,blockchain-rpc_unavailable_0,0,False,239,28,
n10-identities_c1-conc_mech-blockchain-1backend_security-battery_r30_audit-off_20260831T021343Z,obs_0aa492b81e5243668e4c857f05fefc4e,2026-08-31T02:44:03.930810+00:00,blockchain,rpc_unavailable,23,1,UAV-VALID,IDENTITY_SERVICE_UNAVAILABLE,IDENTITY_SERVICE_UNAVAILABLE,True,69238746600,69238.7466,35900,69238724200,0,69238724200,0,0,0,0,,,,auth_timeout,blockchain-rpc_unavailable_0,0,False,238,28,
n10-identities_c1-conc_mech-blockchain-1backend_security-battery_r30_audit-off_20260831T021343Z,obs_a42dc593c60b4bbc80d089e911e5b7ee,2026-08-31T02:45:13.194821+00:00,blockchain,rpc_unavailable,24,1,UAV-VALID,IDENTITY_SERVICE_UNAVAILABLE,IDENTITY_SERVICE_UNAVAILABLE,True,69259731600,69259.7316,30200,69259702200,0,69259702200,0,0,0,0,,,,auth_timeout,blockchain-rpc_unavailable_0,0,False,239,28,
n10-identities_c1-conc_mech-blockchain-1backend_security-battery_r30_audit-off_20260831T021343Z,obs_63b204e922b046b9b47299a13997cba3,2026-08-31T02:46:22.426851+00:00,blockchain,rpc_unavailable,25,1,UAV-VALID,IDENTITY_SERVICE_UNAVAILABLE,IDENTITY_SERVICE_UNAVAILABLE,True,69226015200,69226.0152,31200,69225991400,0,69225991400,0,0,0,0,,,,auth_timeout,blockchain-rpc_unavailable_0,0,False,239,28,
n10-identities_c1-conc_mech-blockchain-1backend_security-battery_r30_audit-off_20260831T021343Z,obs_52a9844514f74b76b882d831db78c20f,2026-08-31T02:47:31.684425+00:00,blockchain,rpc_unavailable,26,1,UAV-VALID,IDENTITY_SERVICE_UNAVAILABLE,IDENTITY_SERVICE_UNAVAILABLE,True,69253132200,69253.1322,46400,69253109200,0,69253109200,0,0,0,0,,,,auth_timeout,blockchain-rpc_unavailable_0,0,False,240,28,
n10-identities_c1-conc_mech-blockchain-1backend_security-battery_r30_audit-off_20260831T021343Z,obs_6787ac56097141318efeebdccd8e0e2d,2026-08-31T02:48:40.893598+00:00,blockchain,rpc_unavailable,27,1,UAV-VALID,IDENTITY_SERVICE_UNAVAILABLE,IDENTITY_SERVICE_UNAVAILABLE,True,69202130000,69202.13,56000,69202085900,0,69202085900,0,0,0,0,,,,auth_timeout,blockchain-rpc_unavailable_0,0,False,238,28,
n10-identities_c1-conc_mech-blockchain-1backend_security-battery_r30_audit-off_20260831T021343Z,obs_b2d3a7b972d24de683e0727d43af86bf,2026-08-31T02:49:50.130279+00:00,blockchain,rpc_unavailable,28,1,UAV-VALID,IDENTITY_SERVICE_UNAVAILABLE,IDENTITY_SERVICE_UNAVAILABLE,True,69231794700,69231.7947,30500,69231772700,0,69231772700,0,0,0,0,,,,auth_timeout,blockchain-rpc_unavailable_0,0,False,239,28,
n10-identities_c1-conc_mech-blockchain-1backend_security-battery_r30_audit-off_20260831T021343Z,obs_929efb396f504fc5a224269369ef7be6,2026-08-31T02:50:59.327464+00:00,blockchain,rpc_unavailable,29,1,UAV-VALID,IDENTITY_SERVICE_UNAVAILABLE,IDENTITY_SERVICE_UNAVAILABLE,True,69192746800,69192.7468,31300,69192721100,0,69192721100,0,0,0,0,,,,auth_timeout,blockchain-rpc_unavailable_0,0,False,240,28,
