run_id,observation_id,utc_timestamp,mechanism,scenario,repetition,concurrency_level,uav_id,expected_outcome,observed_outcome,expectation_met,decision_latency_ns,decision_latency_ms,challenge_generation_ns,identity_lookup_ns,certificate_validation_ns,contract_call_ns,signature_verification_ns,authorisation_check_ns,audit_submission_ns,audit_confirmation_ns,tx_hash,block_number,gas_used,timeout_error_class,worker_id,payload_size,warmup,request_bytes,response_bytes,notes
n10-identities_c1-conc_mech-x509-1backend_valid-active_r30_audit-off_20260831T025100Z,obs_20748f3c1625445ab068aecf62592ade,2026-08-31T02:51:00.542532+00:00,x509,valid_active,0,1,UAV-VALID,ACCEPTED,ACCEPTED,True,2290500,2.2905,50800,157100,1837200,0,181000,5500,0,0,,,,none,x509-valid_active_0,0,True,238,8,
n10-identities_c1-conc_mech-x509-1backend_valid-active_r30_audit-off_20260831T025100Z,obs_7ee57f1bf0964367851db6c82d21bb9d,2026-08-31T02:51:00.551884+00:00,x509,valid_active,1,1,UAV-VALID,ACCEPTED,ACCEPTED,True,1735500,1.7355,52800,87300,1379400,0,157300,4300,0,0,,,,none,x509-valid_active_0,0,True,240,8,
n10-identities_c1-conc_mech-x509-1backend_valid-active_r30_audit-off_20260831T025100Z,obs_a4e16d3f478d46b8a77d2e888b805683,2026-08-31T02:51:00.563536+00:00,x509,valid_active,0,1,UAV-VALID,ACCEPTED,ACCEPTED,True,4450100,4.4501,41300,103600,4020300,0,197000,6300,0,0,,,,none,x509-valid_active_0,0,False,238,8,
n10-identities_c1-conc_mech-x509-1backend_valid-active_r30_audit-off_20260831T025100Z,obs_cda160427e874975a22b233ef1b4aabb,2026-08-31T02:51:00.574013+00:00,x509,valid_active,1,1,UAV-VALID,ACCEPTED,ACCEPTED,True,1824300,1.8243,36300,65800,1422300,0,211500,6900,0,0,,,,none,x509-valid_active_0,0,False,239,8,
n10-identities_c1-conc_mech-x509-1backend_valid-active_r30_audit-off_20260831T025100Z,obs_50c611ea57ea424ba97a6419c8e6e76d,2026-08-31T02:51:00.582969+00:00,x509,valid_active,2,1,UAV-VALID,ACCEPTED,ACCEPTED,True,1848400,1.8484,34300,131100,1478800,0,152700,5500,0,0,,,,none,x509-valid_active_0,0,False,239,8,
n10-identities_c1-conc_mech-x509-1backend_valid-active_r30_audit-off_20260831T025100Z,obs_21bfecf4d79b4076847744cd3cb7c287,2026-08-31T02:51:00.588846+00:00,x509,valid_active,3,1,UAV-VALID,ACCEPTED,ACCEPTED,True,1267300,1.2673,34600,60500,977100,0,150100,4400,0,0,,,,none,x509-valid_active_0,0,False,239,8,
n10-identities_c1-conc_mech-x509-1backend_valid-active_r30_audit-off_20260831T025100Z,obs_d662b83dac274030ba73ca9a812cf8a6,2026-08-31T02:51:00.598020+00:00,x509,valid_active,4,1,UAV-VALID,ACCEPTED,ACCEPTED,True,1461600,1.4616,37300,62000,1200400,0,125700,3800,0,0,,,,none,x509-valid_active_0,0,False,240,8,
n10-identities_c1-conc_mech-x509-1backend_valid-active_r30_audit-off_20260831T025100Z,obs_60da8a4386974cd09de392c81bb82855,2026-08-31T02:51:00.605143+00:00,x509,valid_active,5,1,UAV-VALID,ACCEPTED,ACCEPTED,True,1913200,1.9132,34600,60000,1600400,0,157600,4200,0,0,,,,none,x509-valid_active_0,0,False,238,8,
n10-identities_c1-conc_mech-x509-1backend_valid-active_r30_audit-off_20260831T025100Z,obs_68c881bb5c914276b6acd55a052f0559,2026-08-31T02:51:00.614297+00:00,x509,valid_active,6,1,UAV-VALID,ACCEPTED,ACCEPTED,True,2137300,2.1373,41800,83300,1786500,0,167200,4900,0,0,,,,none,x509-valid_active_0,0,False,238,8,
n10-identities_c1-conc_mech-x509-1backend_valid-active_r30_audit-off_20260831T025100Z,obs_432a4d7ed8cd4f36812b31983bf921a0,2026-08-31T02:51:00.623618+00:00,x509,valid_active,7,1,UAV-VALID,ACCEPTED,ACCEPTED,True,2590200,2.5902,46300,83700,2232900,0,163300,6800,0,0,,,,none,x509-valid_active_0,0,False,240,8,
n10-identities_c1-conc_mech-x509-1backend_valid-active_r30_audit-off_20260831T025100Z,obs_cbf697430aff420bbf8d35b430717456,2026-08-31T02:51:00.631113+00:00,x509,valid_active,8,1,UAV-VALID,ACCEPTED,ACCEPTED,True,1880400,1.8804,50800,92200,1560600,0,134100,4500,0,0,,,,none,x509-valid_active_0,0,False,239,8,
n10-identities_c1-conc_mech-x509-1backend_valid-active_r30_audit-off_20260831T025100Z,obs_bf963f51a1cc4b1192d2da7b2963ad47,2026-08-31T02:51:00.641260+00:00,x509,valid_active,9,1,UAV-VALID,ACCEPTED,ACCEPTED,True,2248900,2.2489,49000,114900,1721200,0,180500,4500,0,0,,,,none,x509-valid_active_0,0,False,240,8,
n10-identities_c1-conc_mech-x509-1backend_valid-active_r30_audit-off_20260831T025100Z,obs_170851f6f1ca406d8c6c978f70201e8a,2026-08-31T02:51:00.648784+00:00,x509,valid_active,10,1,UAV-VALID,ACCEPTED,ACCEPTED,True,1804400,1.8044,62000,66300,1504500,0,141500,3400,0,0,,,,none,x509-valid_active_0,0,False,238,8,
n10-identities_c1-conc_mech-x509-1backend_valid-active_r30_audit-off_20260831T025100Z,obs_dfb192ba250e4481bfd123932b496956,2026-08-31T02:51:00.655901+00:00,x509,valid_active,11,1,UAV-VALID,ACCEPTED,ACCEPTED,True,2496300,2.4963,31400,80200,2172800,0,151700,3600,0,0,,,,none,x509-valid_active_0,0,False,239,8,
n10-identities_c1-conc_mech-x509-1backend_valid-active_r30_audit-off_20260831T025100Z,obs_3519f01dfa9e47aba6354acd9a33be6b,2026-08-31T02:51:00.663634+00:00,x509,valid_active,12,1,UAV-VALID,ACCEPTED,ACCEPTED,True,1336000,1.336,48700,66500,1064200,0,128400,3100,0,0,,,,none,x509-valid_active_0,0,False,239,8,
n10-identities_c1-conc_mech-x509-1backend_valid-active_r30_audit-off_20260831T025100Z,obs_9e28833045014b649443299ca751b719,2026-08-31T02:51:00.671903+00:00,x509,valid_active,13,1,UAV-VALID,ACCEPTED,ACCEPTED,True,3393300,3.3933,54700,66700,3074500,0,147000,4400,0,0,,,,none,x509-valid_active_0,0,False,239,8,
n10-identities_c1-conc_mech-x509-1backend_valid-active_r30_audit-off_20260831T025100Z,obs_30ad62e3ed714917ae21a4f4ad49f436,2026-08-31T02:51:00.679399+00:00,x509,valid_active,14,1,UAV-VALID,ACCEPTED,ACCEPTED,True,1753600,1.7536,51200,94200,1431900,0,131800,3500,0,0,,,,none,x509-valid_active_0,0,False,239,8,
n10-identities_c1-conc_mech-x509-1backend_valid-active_r30_audit-off_20260831T025100Z,obs_8eed8adc4b4b4e4fb15360cd8a3ccafa,2026-08-31T02:51:00.688271+00:00,x509,valid_active,15,1,UAV-VALID,ACCEPTED,ACCEPTED,True,3458000,3.458,46700,80400,3065600,0,195700,5800,0,0,,,,none,x509-valid_active_0,0,False,238,8,
n10-identities_c1-conc_mech-x509-1backend_valid-active_r30_audit-off_20260831T025100Z,obs_d17ecb29c7c5494fad540e57b9e38c7e,2026-08-31T02:51:00.694260+00:00,x509,valid_active,16,1,UAV-VALID,ACCEPTED,ACCEPTED,True,1257800,1.2578,35300,68700,985600,0,128000,3300,0,0,,,,none,x509-valid_active_0,0,False,239,8,
n10-identities_c1-conc_mech-x509-1backend_valid-active_r30_audit-off_20260831T025100Z,obs_4af343d5ab6c4a1d966075c6899afb0f,2026-08-31T02:51:00.701802+00:00,x509,valid_active,17,1,UAV-VALID,ACCEPTED,ACCEPTED,True,2384300,2.3843,49000,87400,1929500,0,209600,6100,0,0,,,,none,x509-valid_active_0,0,False,239,8,
n10-identities_c1-conc_mech-x509-1backend_valid-active_r30_audit-off_20260831T025100Z,obs_3349f178043c4f4d8c4fd01fd0602345,2026-08-31T02:51:00.709325+00:00,x509,valid_active,18,1,UAV-VALID,ACCEPTED,ACCEPTED,True,1407200,1.4072,59900,71200,1117700,0,129300,3500,0,0,,,,none,x509-valid_active_0,0,False,239,8,
n10-identities_c1-conc_mech-x509-1backend_valid-active_r30_audit-off_20260831T025100Z,obs_f819b2d01f814a62b2a2e60b08c080d9,2026-08-31T02:51:00.714794+00:00,x509,valid_active,19,1,UAV-VALID,ACCEPTED,ACCEPTED,True,1182000,1.182,28300,51200,887500,0,173600,5000,0,0,,,,none,x509-valid_active_0,0,False,239,8,
n10-identities_c1-conc_mech-x509-1backend_valid-active_r30_audit-off_20260831T025100Z,obs_d0a73287c7e446fc9bd3feff38541317,2026-08-31T02:51:00.722590+00:00,x509,valid_active,20,1,UAV-VALID,ACCEPTED,ACCEPTED,True,1419300,1.4193,31100,57300,1131200,0,157400,3600,0,0,,,,none,x509-valid_active_0,0,False,240,8,
n10-identities_c1-conc_mech-x509-1backend_valid-active_r30_audit-off_20260831T025100Z,obs_267539de7a8f4c8badf7e3ce10b53f5b,2026-08-31T02:51:00.728517+00:00,x509,valid_active,21,1,UAV-VALID,ACCEPTED,ACCEPTED,True,1507400,1.5074,26000,61000,1203400,0,150300,6700,0,0,,,,none,x509-valid_active_0,0,False,239,8,
n10-identities_c1-conc_mech-x509-1backend_valid-active_r30_audit-off_20260831T025100Z,obs_12e314844ee6468e981a80127ee32eb2,2026-08-31T02:51:00.736286+00:00,x509,valid_active,22,1,UAV-VALID,ACCEPTED,ACCEPTED,True,1770400,1.7704,48600,63400,1404400,0,192300,5300,0,0,,,,none,x509-valid_active_0,0,False,238,8,
n10-identities_c1-conc_mech-x509-1backend_valid-active_r30_audit-off_20260831T025100Z,obs_52ac1b02c35246999399b60079af28b3,2026-08-31T02:51:00.743057+00:00,x509,valid_active,23,1,UAV-VALID,ACCEPTED,ACCEPTED,True,1369000,1.369,38100,67200,1090800,0,128800,3300,0,0,,,,none,x509-valid_active_0,0,False,239,8,
n10-identities_c1-conc_mech-x509-1backend_valid-active_r30_audit-off_20260831T025100Z,obs_71d46f52622549e393066ce00c660a5d,2026-08-31T02:51:00.750668+00:00,x509,valid_active,24,1,UAV-VALID,ACCEPTED,ACCEPTED,True,2670300,2.6703,37300,485600,1778000,0,169500,6000,0,0,,,,none,x509-valid_active_0,0,False,240,8,
n10-identities_c1-conc_mech-x509-1backend_valid-active_r30_audit-off_20260831T025100Z,obs_a9fd711c42c041999e03804068a30292,2026-08-31T02:51:00.757537+00:00,x509,valid_active,25,1,UAV-VALID,ACCEPTED,ACCEPTED,True,1774000,1.774,31400,59100,1455000,0,160200,6200,0,0,,,,none,x509-valid_active_0,0,False,239,8,
n10-identities_c1-conc_mech-x509-1backend_valid-active_r30_audit-off_20260831T025100Z,obs_7a1a25adb3fa49b0b6b3abfe75d77429,2026-08-31T02:51:00.767281+00:00,x509,valid_active,26,1,UAV-VALID,ACCEPTED,ACCEPTED,True,4188000,4.188,49600,192300,3666500,0,201400,4900,0,0,,,,none,x509-valid_active_0,0,False,238,8,
n10-identities_c1-conc_mech-x509-1backend_valid-active_r30_audit-off_20260831T025100Z,obs_ba867d63bdfd41938f9eb71fc0fb9b7b,2026-08-31T02:51:00.776259+00:00,x509,valid_active,27,1,UAV-VALID,ACCEPTED,ACCEPTED,True,1856800,1.8568,39400,62500,1506000,0,183800,5300,0,0,,,,none,x509-valid_active_0,0,False,238,8,
n10-identities_c1-conc_mech-x509-1backend_valid-active_r30_audit-off_20260831T025100Z,obs_54196fd31b7641db88795523cc1c0040,2026-08-31T02:51:00.786947+00:00,x509,valid_active,28,1,UAV-VALID,ACCEPTED,ACCEPTED,True,1875900,1.8759,53800,85900,1500800,0,181100,5100,0,0,,,,none,x509-valid_active_0,0,False,238,8,
n10-identities_c1-conc_mech-x509-1backend_valid-active_r30_audit-off_20260831T025100Z,obs_3c5a880f534b48f39c7071d58fa3b812,2026-08-31T02:51:00.798630+00:00,x509,valid_active,29,1,UAV-VALID,ACCEPTED,ACCEPTED,True,3280400,3.2804,404600,97300,2834000,0,214800,6100,0,0,,,,none,x509-valid_active_0,0,False,239,8,
n10-identities_c1-conc_mech-blockchain-1backend_valid-active_r30_audit-off_20260831T025101Z,obs_f91e4ae863f74103b70019d40716c3a2,2026-08-31T02:51:01.836167+00:00,blockchain,valid_active,0,1,UAV-VALID,ACCEPTED,ACCEPTED,True,37639900,37.6399,48100,37386200,0,2300,152100,3100,0,0,,,,none,blockchain-valid_active_0,0,True,239,8,
n10-identities_c1-conc_mech-blockchain-1backend_valid-active_r30_audit-off_20260831T025101Z,obs_31fc5713137849f3a0bc27f4d695cfbb,2026-08-31T02:51:01.858797+00:00,blockchain,valid_active,1,1,UAV-VALID,ACCEPTED,ACCEPTED,True,18030300,18.0303,32000,17762900,0,2600,161100,4200,0,0,,,,none,blockchain-valid_active_0,0,True,239,8,
n10-identities_c1-conc_mech-blockchain-1backend_valid-active_r30_audit-off_20260831T025101Z,obs_88efe2f41c6b4b709d2b800d6d297865,2026-08-31T02:51:01.875706+00:00,blockchain,valid_active,0,1,UAV-VALID,ACCEPTED,ACCEPTED,True,12595600,12.5956,31200,12348200,0,2600,158300,4100,0,0,,,,none,blockchain-valid_active_0,0,False,240,8,
n10-identities_c1-conc_mech-blockchain-1backend_valid-active_r30_audit-off_20260831T025101Z,obs_d9a03e22febe4896b72084ea2f7d8fe0,2026-08-31T02:51:01.892283+00:00,blockchain,valid_active,1,1,UAV-VALID,ACCEPTED,ACCEPTED,True,12319800,12.3198,32100,12075400,0,2400,153800,3800,0,0,,,,none,blockchain-valid_active_0,0,False,238,8,
n10-identities_c1-conc_mech-blockchain-1backend_valid-active_r30_audit-off_20260831T025101Z,obs_c111553b19224e8eb3fbe350415d0417,2026-08-31T02:51:01.908297+00:00,blockchain,valid_active,2,1,UAV-VALID,ACCEPTED,ACCEPTED,True,11881000,11.881,32900,11638000,0,2300,157300,3500,0,0,,,,none,blockchain-valid_active_0,0,False,238,8,
n10-identities_c1-conc_mech-blockchain-1backend_valid-active_r30_audit-off_20260831T025101Z,obs_e0ebb156bb9741c8afda61a98aa9120f,2026-08-31T02:51:01.923929+00:00,blockchain,valid_active,3,1,UAV-VALID,ACCEPTED,ACCEPTED,True,11538200,11.5382,27400,11302500,0,2100,152600,3900,0,0,,,,none,blockchain-valid_active_0,0,False,239,8,
n10-identities_c1-conc_mech-blockchain-1backend_valid-active_r30_audit-off_20260831T025101Z,obs_2a34645bedfa4176aa2c5bcdcab6d22c,2026-08-31T02:51:01.941452+00:00,blockchain,valid_active,4,1,UAV-VALID,ACCEPTED,ACCEPTED,True,13451100,13.4511,29300,13196200,0,2200,165500,4100,0,0,,,,none,blockchain-valid_active_0,0,False,240,8,
n10-identities_c1-conc_mech-blockchain-1backend_valid-active_r30_audit-off_20260831T025101Z,obs_9a90b846a7d545b6831b3beaf89fbafc,2026-08-31T02:51:01.960135+00:00,blockchain,valid_active,5,1,UAV-VALID,ACCEPTED,ACCEPTED,True,14264300,14.2643,31200,14025800,0,2100,153100,3900,0,0,,,,none,blockchain-valid_active_0,0,False,239,8,
n10-identities_c1-conc_mech-blockchain-1backend_valid-active_r30_audit-off_20260831T025101Z,obs_c7a8385deea443f5b63f1a0083638314,2026-08-31T02:51:01.981935+00:00,blockchain,valid_active,6,1,UAV-VALID,ACCEPTED,ACCEPTED,True,15766300,15.7663,65200,15389100,0,4900,222100,9900,0,0,,,,none,blockchain-valid_active_0,0,False,239,8,
n10-identities_c1-conc_mech-blockchain-1backend_valid-active_r30_audit-off_20260831T025101Z,obs_b390adf9414e48368b6eba9e540d37dd,2026-08-31T02:51:02.008174+00:00,blockchain,valid_active,7,1,UAV-VALID,ACCEPTED,ACCEPTED,True,18363900,18.3639,93800,17956900,0,3300,234400,9600,0,0,,,,none,blockchain-valid_active_0,0,False,240,8,
n10-identities_c1-conc_mech-blockchain-1backend_valid-active_r30_audit-off_20260831T025101Z,obs_86832c4d8a4e4e0cb3b8cddfe8cb8122,2026-08-31T02:51:02.030628+00:00,blockchain,valid_active,8,1,UAV-VALID,ACCEPTED,ACCEPTED,True,15257800,15.2578,56500,15000200,0,2400,159900,3600,0,0,,,,none,blockchain-valid_active_0,0,False,238,8,
n10-identities_c1-conc_mech-blockchain-1backend_valid-active_r30_audit-off_20260831T025101Z,obs_ef08dd218c97466f81dffcd75f0134f1,2026-08-31T02:51:02.050075+00:00,blockchain,valid_active,9,1,UAV-VALID,ACCEPTED,ACCEPTED,True,15080000,15.08,35300,14805200,0,2100,176000,5300,0,0,,,,none,blockchain-valid_active_0,0,False,240,8,
n10-identities_c1-conc_mech-blockchain-1backend_valid-active_r30_audit-off_20260831T025101Z,obs_48cc6314203e40779423fec85f87f293,2026-08-31T02:51:02.068652+00:00,blockchain,valid_active,10,1,UAV-VALID,ACCEPTED,ACCEPTED,True,13592500,13.5925,55700,13329600,0,2700,156800,4300,0,0,,,,none,blockchain-valid_active_0,0,False,238,8,
n10-identities_c1-conc_mech-blockchain-1backend_valid-active_r30_audit-off_20260831T025101Z,obs_19eed59cf2a047fdb83e673e3da701b9,2026-08-31T02:51:02.092720+00:00,blockchain,valid_active,11,1,UAV-VALID,ACCEPTED,ACCEPTED,True,17556200,17.5562,49600,17170600,0,3300,234700,9100,0,0,,,,none,blockchain-valid_active_0,0,False,239,8,
n10-identities_c1-conc_mech-blockchain-1backend_valid-active_r30_audit-off_20260831T025101Z,obs_861dbf49a4364eceaf0a337ca8aade32,2026-08-31T02:51:02.114464+00:00,blockchain,valid_active,12,1,UAV-VALID,ACCEPTED,ACCEPTED,True,14826400,14.8264,39000,14491700,0,2400,214600,4700,0,0,,,,none,blockchain-valid_active_0,0,False,238,8,
n10-identities_c1-conc_mech-blockchain-1backend_valid-active_r30_audit-off_20260831T025101Z,obs_16333e70f9864675b76c25c4a1840d12,2026-08-31T02:51:02.139038+00:00,blockchain,valid_active,13,1,UAV-VALID,ACCEPTED,ACCEPTED,True,17146200,17.1462,55400,16762400,0,3300,226500,5600,0,0,,,,none,blockchain-valid_active_0,0,False,239,8,
n10-identities_c1-conc_mech-blockchain-1backend_valid-active_r30_audit-off_20260831T025101Z,obs_5c4459e45f25448d9201f83da9e6e23b,2026-08-31T02:51:02.162385+00:00,blockchain,valid_active,14,1,UAV-VALID,ACCEPTED,ACCEPTED,True,17329800,17.3298,40100,16697900,0,4600,404800,8000,0,0,,,,none,blockchain-valid_active_0,0,False,239,8,
n10-identities_c1-conc_mech-blockchain-1backend_valid-active_r30_audit-off_20260831T025101Z,obs_850e1ad4b52244cb9ec540c094f77525,2026-08-31T02:51:02.188718+00:00,blockchain,valid_active,15,1,UAV-VALID,ACCEPTED,ACCEPTED,True,19386100,19.3861,51300,19015700,0,4000,234100,5100,0,0,,,,none,blockchain-valid_active_0,0,False,239,8,
n10-identities_c1-conc_mech-blockchain-1backend_valid-active_r30_audit-off_20260831T025101Z,obs_8a5d3726d034429bb034b4a716826939,2026-08-31T02:51:02.221091+00:00,blockchain,valid_active,16,1,UAV-VALID,ACCEPTED,ACCEPTED,True,24827700,24.8277,54000,24421000,0,3500,249200,7100,0,0,,,,none,blockchain-valid_active_0,0,False,239,8,
n10-identities_c1-conc_mech-blockchain-1backend_valid-active_r30_audit-off_20260831T025101Z,obs_4981c5730ed743f5821477b2c89643d0,2026-08-31T02:51:02.254927+00:00,blockchain,valid_active,17,1,UAV-VALID,ACCEPTED,ACCEPTED,True,26157700,26.1577,51100,25584100,0,4100,393400,20700,0,0,,,,none,blockchain-valid_active_0,0,False,240,8,
n10-identities_c1-conc_mech-blockchain-1backend_valid-active_r30_audit-off_20260831T025101Z,obs_6c888b02fd8149f7a3a9d057b9e19c56,2026-08-31T02:51:02.281836+00:00,blockchain,valid_active,18,1,UAV-VALID,ACCEPTED,ACCEPTED,True,17873500,17.8735,46200,17580200,0,3000,178800,4400,0,0,,,,none,blockchain-valid_active_0,0,False,239,8,
n10-identities_c1-conc_mech-blockchain-1backend_valid-active_r30_audit-off_20260831T025101Z,obs_0e034135245e437d8e845ee2c4eafb77,2026-08-31T02:51:02.319875+00:00,blockchain,valid_active,19,1,UAV-VALID,ACCEPTED,ACCEPTED,True,30998700,30.9987,49800,30690000,0,3700,176300,3600,0,0,,,,none,blockchain-valid_active_0,0,False,238,8,
n10-identities_c1-conc_mech-blockchain-1backend_valid-active_r30_audit-off_20260831T025101Z,obs_1d243f47fc1a4ff09e69cafc44a01fed,2026-08-31T02:51:02.340279+00:00,blockchain,valid_active,20,1,UAV-VALID,ACCEPTED,ACCEPTED,True,15912500,15.9125,42500,15602700,0,4500,188300,4200,0,0,,,,none,blockchain-valid_active_0,0,False,239,8,
n10-identities_c1-conc_mech-blockchain-1backend_valid-active_r30_audit-off_20260831T025101Z,obs_a412851fc430469eb9b5d92ad167e846,2026-08-31T02:51:02.360336+00:00,blockchain,valid_active,21,1,UAV-VALID,ACCEPTED,ACCEPTED,True,13750200,13.7502,55200,13486000,0,2800,157900,3600,0,0,,,,none,blockchain-valid_active_0,0,False,239,8,
n10-identities_c1-conc_mech-blockchain-1backend_valid-active_r30_audit-off_20260831T025101Z,obs_d61902aad5c749a6b780df9d05e8cc2b,2026-08-31T02:51:02.387107+00:00,blockchain,valid_active,22,1,UAV-VALID,ACCEPTED,ACCEPTED,True,20777200,20.7772,43200,20387700,0,3600,228300,6500,0,0,,,,none,blockchain-valid_active_0,0,False,239,8,
n10-identities_c1-conc_mech-blockchain-1backend_valid-active_r30_audit-off_20260831T025101Z,obs_83f9a9aa2f254a22b77ac6fa26dbc715,2026-08-31T02:51:02.413741+00:00,blockchain,valid_active,23,1,UAV-VALID,ACCEPTED,ACCEPTED,True,18045900,18.0459,58100,17719800,0,2500,187300,4700,0,0,,,,none,blockchain-valid_active_0,0,False,240,8,
n10-identities_c1-conc_mech-blockchain-1backend_valid-active_r30_audit-off_20260831T025101Z,obs_4fe15474b94c40ed9845883abe492245,2026-08-31T02:51:02.436337+00:00,blockchain,valid_active,24,1,UAV-VALID,ACCEPTED,ACCEPTED,True,15288600,15.2886,49000,14856500,0,4500,279500,6500,0,0,,,,none,blockchain-valid_active_0,0,False,240,8,
n10-identities_c1-conc_mech-blockchain-1backend_valid-active_r30_audit-off_20260831T025101Z,obs_b8d979c66e0b419a8d31e8bfa0fa56d6,2026-08-31T02:51:02.458384+00:00,blockchain,valid_active,25,1,UAV-VALID,ACCEPTED,ACCEPTED,True,12320600,12.3206,38700,11989600,0,3800,208900,5700,0,0,,,,none,blockchain-valid_active_0,0,False,239,8,
n10-identities_c1-conc_mech-blockchain-1backend_valid-active_r30_audit-off_20260831T025101Z,obs_6c4457567cee4114ac7c79fa7c6056c2,2026-08-31T02:51:02.479872+00:00,blockchain,valid_active,26,1,UAV-VALID,ACCEPTED,ACCEPTED,True,15458800,15.4588,50500,15168700,0,2300,178900,4900,0,0,,,,none,blockchain-valid_active_0,0,False,239,8,
n10-identities_c1-conc_mech-blockchain-1backend_valid-active_r30_audit-off_20260831T025101Z,obs_90eb4f1084cb44d5a4b82be133c79366,2026-08-31T02:51:02.502935+00:00,blockchain,valid_active,27,1,UAV-VALID,ACCEPTED,ACCEPTED,True,16020500,16.0205,54300,15606200,0,3600,253000,6500,0,0,,,,none,blockchain-valid_active_0,0,False,238,8,
n10-identities_c1-conc_mech-blockchain-1backend_valid-active_r30_audit-off_20260831T025101Z,obs_b63bf612b386495e82afef863066ff91,2026-08-31T02:51:02.528460+00:00,blockchain,valid_active,28,1,UAV-VALID,ACCEPTED,ACCEPTED,True,18233800,18.2338,40200,17966900,0,2800,166700,3800,0,0,,,,none,blockchain-valid_active_0,0,False,238,8,
n10-identities_c1-conc_mech-blockchain-1backend_valid-active_r30_audit-off_20260831T025101Z,obs_9575b63e66784c1eba41ac7375332b42,2026-08-31T02:51:02.553462+00:00,blockchain,valid_active,29,1,UAV-VALID,ACCEPTED,ACCEPTED,True,18541900,18.5419,155100,18210900,0,3800,189400,5200,0,0,,,,none,blockchain-valid_active_0,0,False,239,8,
n10-identities_c5-conc_mech-x509-1backend_valid-active_r30_audit-off_20260831T025103Z,obs_b5fdefd9b006438498bc8c7cbdfa703e,2026-08-31T02:51:03.463822+00:00,x509,valid_active,0,5,UAV-VALID,ACCEPTED,ACCEPTED,True,5570100,5.5701,39300,75800,5271500,0,136800,6300,0,0,,,,none,x509-valid_active_0,0,True,238,8,
n10-identities_c5-conc_mech-x509-1backend_valid-active_r30_audit-off_20260831T025103Z,obs_e6f2546b46e249d8b7f6d21064b48d8f,2026-08-31T02:51:03.464683+00:00,x509,valid_active,0,5,UAV-VALID,ACCEPTED,ACCEPTED,True,6017400,6.0174,36200,62600,5770600,0,118600,3400,0,0,,,,none,x509-valid_active_2,0,False,238,8,
n10-identities_c5-conc_mech-x509-1backend_valid-active_r30_audit-off_20260831T025103Z,obs_1c8f5fbaa671457d875fdb0df1a0e1b4,2026-08-31T02:51:03.465190+00:00,x509,valid_active,1,5,UAV-VALID,ACCEPTED,ACCEPTED,True,6014500,6.0145,31800,58000,5779500,0,114500,2900,0,0,,,,none,x509-valid_active_3,0,False,239,8,
n10-identities_c5-conc_mech-x509-1backend_valid-active_r30_audit-off_20260831T025103Z,obs_32f5da229e774b64807b92185bbdc192,2026-08-31T02:51:03.468113+00:00,x509,valid_active,1,5,UAV-VALID,ACCEPTED,ACCEPTED,True,8623000,8.623,35700,54800,8317400,0,157600,3500,0,0,,,,none,x509-valid_active_1,0,True,239,8,
n10-identities_c5-conc_mech-x509-1backend_valid-active_r30_audit-off_20260831T025103Z,obs_67f775925d3a4e868cee22453317e6ac,2026-08-31T02:51:03.486279+00:00,x509,valid_active,2,5,UAV-VALID,ACCEPTED,ACCEPTED,True,20727900,20.7279,30100,63800,20373900,0,193100,4100,0,0,,,,none,x509-valid_active_4,0,False,238,8,
n10-identities_c5-conc_mech-x509-1backend_valid-active_r30_audit-off_20260831T025103Z,obs_00d74c1956b04f05b19701943da47f8b,2026-08-31T02:51:03.492128+00:00,x509,valid_active,4,5,UAV-VALID,ACCEPTED,ACCEPTED,True,7893800,7.8938,43000,95200,7613900,0,105000,3400,0,0,,,,none,x509-valid_active_2,0,False,240,8,
n10-identities_c5-conc_mech-x509-1backend_valid-active_r30_audit-off_20260831T025103Z,obs_fc45cd57fc0c4547b35d17ea201dcba3,2026-08-31T02:51:03.492498+00:00,x509,valid_active,5,5,UAV-VALID,ACCEPTED,ACCEPTED,True,5822200,5.8222,31500,55400,5587400,0,114200,2500,0,0,,,,none,x509-valid_active_3,0,False,240,8,
n10-identities_c5-conc_mech-x509-1backend_valid-active_r30_audit-off_20260831T025103Z,obs_9d5e1d2e4d1547458682bbefe8ca7d15,2026-08-31T02:51:03.496384+00:00,x509,valid_active,6,5,UAV-VALID,ACCEPTED,ACCEPTED,True,6238600,6.2386,36100,42500,5978300,0,139800,3600,0,0,,,,none,x509-valid_active_1,0,False,239,8,
n10-identities_c5-conc_mech-x509-1backend_valid-active_r30_audit-off_20260831T025103Z,obs_7b6666523a504864992f94073712973a,2026-08-31T02:51:03.509271+00:00,x509,valid_active,3,5,UAV-VALID,ACCEPTED,ACCEPTED,True,18653700,18.6537,27300,40900,18389900,0,152300,3100,0,0,,,,none,x509-valid_active_0,0,False,238,8,
n10-identities_c5-conc_mech-x509-1backend_valid-active_r30_audit-off_20260831T025103Z,obs_b7dbfe1d97604d7ebd71b2aa98c1177e,2026-08-31T02:51:03.513107+00:00,x509,valid_active,8,5,UAV-VALID,ACCEPTED,ACCEPTED,True,7386200,7.3862,38300,59500,7115600,0,134700,3700,0,0,,,,none,x509-valid_active_2,0,False,240,8,
n10-identities_c5-conc_mech-x509-1backend_valid-active_r30_audit-off_20260831T025103Z,obs_94f8951df6f44beaa5f5942a02b27f16,2026-08-31T02:51:03.515632+00:00,x509,valid_active,7,5,UAV-VALID,ACCEPTED,ACCEPTED,True,9448900,9.4489,27900,43500,9090600,0,203700,5700,0,0,,,,none,x509-valid_active_4,0,False,239,8,
n10-identities_c5-conc_mech-x509-1backend_valid-active_r30_audit-off_20260831T025103Z,obs_88d7d86f5e444a79b623dd460ed0281a,2026-08-31T02:51:03.516836+00:00,x509,valid_active,9,5,UAV-VALID,ACCEPTED,ACCEPTED,True,6874800,6.8748,26400,41200,6504000,0,218700,4800,0,0,,,,none,x509-valid_active_3,0,False,238,8,
n10-identities_c5-conc_mech-x509-1backend_valid-active_r30_audit-off_20260831T025103Z,obs_e8f412b92dc84dcf87e57962858d9138,2026-08-31T02:51:03.522659+00:00,x509,valid_active,10,5,UAV-VALID,ACCEPTED,ACCEPTED,True,10597400,10.5974,23800,56300,10301700,0,132400,3600,0,0,,,,none,x509-valid_active_1,0,False,239,8,
n10-identities_c5-conc_mech-x509-1backend_valid-active_r30_audit-off_20260831T025103Z,obs_9f4cd6058c4449309890a3b44be33251,2026-08-31T02:51:03.542094+00:00,x509,valid_active,11,5,UAV-VALID,ACCEPTED,ACCEPTED,True,8367800,8.3678,26900,56500,8060900,0,139300,3400,0,0,,,,none,x509-valid_active_0,0,False,238,8,
n10-identities_c5-conc_mech-x509-1backend_valid-active_r30_audit-off_20260831T025103Z,obs_70082fd18177430f9f2e5f6f518066ff,2026-08-31T02:51:03.544077+00:00,x509,valid_active,14,5,UAV-VALID,ACCEPTED,ACCEPTED,True,9433700,9.4337,47000,70800,9175400,0,109400,3500,0,0,,,,none,x509-valid_active_3,0,False,238,8,
n10-identities_c5-conc_mech-x509-1backend_valid-active_r30_audit-off_20260831T025103Z,obs_e55197ecd86548759b19628efda3b55a,2026-08-31T02:51:03.555411+00:00,x509,valid_active,15,5,UAV-VALID,ACCEPTED,ACCEPTED,True,11848500,11.8485,27600,53600,11449500,0,204500,6900,0,0,,,,none,x509-valid_active_1,0,False,238,8,
n10-identities_c5-conc_mech-x509-1backend_valid-active_r30_audit-off_20260831T025103Z,obs_ca89ef9a39ff47e99638f5883e981556,2026-08-31T02:51:03.558287+00:00,x509,valid_active,13,5,UAV-VALID,ACCEPTED,ACCEPTED,True,15306200,15.3062,28600,44300,15002100,0,165300,4400,0,0,,,,none,x509-valid_active_4,0,False,239,8,
n10-identities_c5-conc_mech-x509-1backend_valid-active_r30_audit-off_20260831T025103Z,obs_02926c597cb64fb193e5e81308e26b5e,2026-08-31T02:51:03.559086+00:00,x509,valid_active,12,5,UAV-VALID,ACCEPTED,ACCEPTED,True,19455600,19.4556,57000,65200,19124600,0,166900,3600,0,0,,,,none,x509-valid_active_2,0,False,240,8,
n10-identities_c5-conc_mech-x509-1backend_valid-active_r30_audit-off_20260831T025103Z,obs_ef2c6cf0945d41e2a8d448faaae903a5,2026-08-31T02:51:03.580376+00:00,x509,valid_active,17,5,UAV-VALID,ACCEPTED,ACCEPTED,True,9859900,9.8599,53500,100000,9511700,0,146000,4800,0,0,,,,none,x509-valid_active_3,0,False,240,8,
n10-identities_c5-conc_mech-x509-1backend_valid-active_r30_audit-off_20260831T025103Z,obs_d396ee82304a4dc3a660d190c7c7fb13,2026-08-31T02:51:03.581560+00:00,x509,valid_active,16,5,UAV-VALID,ACCEPTED,ACCEPTED,True,18467800,18.4678,35100,316400,17203200,0,276900,5100,0,0,,,,none,x509-valid_active_0,0,False,239,8,
n10-identities_c5-conc_mech-x509-1backend_valid-active_r30_audit-off_20260831T025103Z,obs_b6bb6a780d3c4457981e280be4233b20,2026-08-31T02:51:03.585561+00:00,x509,valid_active,18,5,UAV-VALID,ACCEPTED,ACCEPTED,True,9125500,9.1255,43400,85000,8730600,0,135000,3500,0,0,,,,none,x509-valid_active_1,0,False,240,8,
n10-identities_c5-conc_mech-x509-1backend_valid-active_r30_audit-off_20260831T025103Z,obs_69420e70e2b64b91b77553dbcaa44cb7,2026-08-31T02:51:03.590985+00:00,x509,valid_active,19,5,UAV-VALID,ACCEPTED,ACCEPTED,True,11224000,11.224,46100,65200,10878200,0,177800,4800,0,0,,,,none,x509-valid_active_4,0,False,239,8,
n10-identities_c5-conc_mech-x509-1backend_valid-active_r30_audit-off_20260831T025103Z,obs_192da0c534c04653ab6adef68e425cc5,2026-08-31T02:51:03.606824+00:00,x509,valid_active,20,5,UAV-VALID,ACCEPTED,ACCEPTED,True,22610000,22.61,56700,71600,22320200,0,137500,3100,0,0,,,,none,x509-valid_active_2,0,False,238,8,
n10-identities_c5-conc_mech-x509-1backend_valid-active_r30_audit-off_20260831T025103Z,obs_70731b1218ef48a8b032fd4f19ac7723,2026-08-31T02:51:03.612229+00:00,x509,valid_active,21,5,UAV-VALID,ACCEPTED,ACCEPTED,True,8934600,8.9346,58600,70100,8594300,0,157900,3900,0,0,,,,none,x509-valid_active_3,0,False,240,8,
n10-identities_c5-conc_mech-x509-1backend_valid-active_r30_audit-off_20260831T025103Z,obs_b697f7daf20f427195b293951a2836a0,2026-08-31T02:51:03.616003+00:00,x509,valid_active,23,5,UAV-VALID,ACCEPTED,ACCEPTED,True,8912500,8.9125,32400,57600,8657000,0,116700,3300,0,0,,,,none,x509-valid_active_1,0,False,239,8,
n10-identities_c5-conc_mech-x509-1backend_valid-active_r30_audit-off_20260831T025103Z,obs_2754f1684c3d44429d97aa8cf2ff2d80,2026-08-31T02:51:03.618606+00:00,x509,valid_active,22,5,UAV-VALID,ACCEPTED,ACCEPTED,True,12358500,12.3585,38700,55100,12099400,0,123000,2800,0,0,,,,none,x509-valid_active_0,0,False,238,8,
n10-identities_c5-conc_mech-x509-1backend_valid-active_r30_audit-off_20260831T025103Z,obs_b1029edf091f41219a4b942cdd37c2b7,2026-08-31T02:51:03.631511+00:00,x509,valid_active,25,5,UAV-VALID,ACCEPTED,ACCEPTED,True,9330100,9.3301,26200,52000,9086600,0,122800,2900,0,0,,,,none,x509-valid_active_2,0,False,240,8,
n10-identities_c5-conc_mech-x509-1backend_valid-active_r30_audit-off_20260831T025103Z,obs_93c0c530ec394f85871dd0624cd67fb3,2026-08-31T02:51:03.633160+00:00,x509,valid_active,24,5,UAV-VALID,ACCEPTED,ACCEPTED,True,18295400,18.2954,47900,51400,18019500,0,145500,3100,0,0,,,,none,x509-valid_active_4,0,False,239,8,
n10-identities_c5-conc_mech-x509-1backend_valid-active_r30_audit-off_20260831T025103Z,obs_3f9551206d40432eb3a98939f8a58c88,2026-08-31T02:51:03.640078+00:00,x509,valid_active,26,5,UAV-VALID,ACCEPTED,ACCEPTED,True,8248800,8.2488,24100,44700,7919200,0,185200,6500,0,0,,,,none,x509-valid_active_3,0,False,238,8,
n10-identities_c5-conc_mech-x509-1backend_valid-active_r30_audit-off_20260831T025103Z,obs_48cf23cf41d24f94a9ddc0e9347ba465,2026-08-31T02:51:03.640533+00:00,x509,valid_active,27,5,UAV-VALID,ACCEPTED,ACCEPTED,True,8332800,8.3328,29200,45400,8058100,0,142400,3900,0,0,,,,none,x509-valid_active_1,0,False,238,8,
n10-identities_c5-conc_mech-x509-1backend_valid-active_r30_audit-off_20260831T025103Z,obs_143162a5e84247348a1fb80eaf0f27e5,2026-08-31T02:51:03.641656+00:00,x509,valid_active,28,5,UAV-VALID,ACCEPTED,ACCEPTED,True,5952200,5.9522,27500,53000,5675200,0,133000,3300,0,0,,,,none,x509-valid_active_0,0,False,240,8,
n10-identities_c5-conc_mech-x509-1backend_valid-active_r30_audit-off_20260831T025103Z,obs_6c44cef5119240148f3d622944c98569,2026-08-31T02:51:03.642842+00:00,x509,valid_active,29,5,UAV-VALID,ACCEPTED,ACCEPTED,True,1969500,1.9695,31600,143500,1624700,0,120100,2900,0,0,,,,none,x509-valid_active_2,0,False,238,8,
n10-identities_c5-conc_mech-blockchain-1backend_valid-active_r30_audit-off_20260831T025104Z,obs_1bb074b3f7b54bf79431e0f48a228890,2026-08-31T02:51:04.676179+00:00,blockchain,valid_active,0,5,UAV-VALID,ACCEPTED,ACCEPTED,True,123766400,123.7664,30100,123436000,0,3700,191300,20900,0,0,,,,none,blockchain-valid_active_0,0,True,240,8,
n10-identities_c5-conc_mech-blockchain-1backend_valid-active_r30_audit-off_20260831T025104Z,obs_0713f1e0706c4f639f48bd51d1ebbc72,2026-08-31T02:51:04.699709+00:00,blockchain,valid_active,0,5,UAV-VALID,ACCEPTED,ACCEPTED,True,49908900,49.9089,40200,49630300,0,3300,170700,5300,0,0,,,,none,blockchain-valid_active_2,0,False,239,8,
n10-identities_c5-conc_mech-blockchain-1backend_valid-active_r30_audit-off_20260831T025104Z,obs_edc1b1ca2f2d40a7a440660fc532e8b3,2026-08-31T02:51:04.703222+00:00,blockchain,valid_active,1,5,UAV-VALID,ACCEPTED,ACCEPTED,True,50904800,50.9048,45400,50555400,0,4500,213600,6700,0,0,,,,none,blockchain-valid_active_1,0,True,240,8,
n10-identities_c5-conc_mech-blockchain-1backend_valid-active_r30_audit-off_20260831T025104Z,obs_aa584b4cadbb468bad51f65dd1b146c8,2026-08-31T02:51:04.705194+00:00,blockchain,valid_active,1,5,UAV-VALID,ACCEPTED,ACCEPTED,True,54520500,54.5205,34900,54171900,0,3800,222300,6900,0,0,,,,none,blockchain-valid_active_3,0,False,239,8,
n10-identities_c5-conc_mech-blockchain-1backend_valid-active_r30_audit-off_20260831T025104Z,obs_f486d1f878f943928827bb7a0b711167,2026-08-31T02:51:04.707245+00:00,blockchain,valid_active,2,5,UAV-VALID,ACCEPTED,ACCEPTED,True,53427900,53.4279,39000,53164500,0,3500,158600,4000,0,0,,,,none,blockchain-valid_active_4,0,False,240,8,
n10-identities_c5-conc_mech-blockchain-1backend_valid-active_r30_audit-off_20260831T025104Z,obs_c273d6b461384dd4a1c1b298db6d87e1,2026-08-31T02:51:04.756659+00:00,blockchain,valid_active,3,5,UAV-VALID,ACCEPTED,ACCEPTED,True,60289700,60.2897,63600,59927000,0,5700,186400,4300,0,0,,,,none,blockchain-valid_active_0,0,False,238,8,
n10-identities_c5-conc_mech-blockchain-1backend_valid-active_r30_audit-off_20260831T025104Z,obs_e5a3441727d54ecc869ec4a29295682a,2026-08-31T02:51:04.786509+00:00,blockchain,valid_active,4,5,UAV-VALID,ACCEPTED,ACCEPTED,True,49891600,49.8916,30300,49639900,0,3200,157000,3900,0,0,,,,none,blockchain-valid_active_2,0,False,239,8,
n10-identities_c5-conc_mech-blockchain-1backend_valid-active_r30_audit-off_20260831T025104Z,obs_0e3b83cd3ad44aeebe9fa5abfeaee6f5,2026-08-31T02:51:04.787603+00:00,blockchain,valid_active,6,5,UAV-VALID,ACCEPTED,ACCEPTED,True,48294100,48.2941,39300,48064600,0,2700,143900,4000,0,0,,,,none,blockchain-valid_active_3,0,False,240,8,
n10-identities_c5-conc_mech-blockchain-1backend_valid-active_r30_audit-off_20260831T025104Z,obs_df646bb7c0a449a787704e3e020c99d2,2026-08-31T02:51:04.789689+00:00,blockchain,valid_active,5,5,UAV-VALID,ACCEPTED,ACCEPTED,True,55021600,55.0216,50500,54782500,0,2400,148400,3500,0,0,,,,none,blockchain-valid_active_1,0,False,239,8,
n10-identities_c5-conc_mech-blockchain-1backend_valid-active_r30_audit-off_20260831T025104Z,obs_7d0514d733484d6ea7a183bf6fa2ab10,2026-08-31T02:51:04.791856+00:00,blockchain,valid_active,7,5,UAV-VALID,ACCEPTED,ACCEPTED,True,56200200,56.2002,34500,55858600,0,4100,216900,6400,0,0,,,,none,blockchain-valid_active_4,0,False,239,8,
n10-identities_c5-conc_mech-blockchain-1backend_valid-active_r30_audit-off_20260831T025104Z,obs_d607f734c51142429a3a48e5adf50d99,2026-08-31T02:51:04.822056+00:00,blockchain,valid_active,8,5,UAV-VALID,ACCEPTED,ACCEPTED,True,43409600,43.4096,59700,43096500,0,4100,181400,5700,0,0,,,,none,blockchain-valid_active_0,0,False,239,8,
n10-identities_c5-conc_mech-blockchain-1backend_valid-active_r30_audit-off_20260831T025104Z,obs_bc7d5bc93fa8415586a3625979532966,2026-08-31T02:51:04.856416+00:00,blockchain,valid_active,9,5,UAV-VALID,ACCEPTED,ACCEPTED,True,40837000,40.837,22100,40578000,0,4000,158900,3500,0,0,,,,none,blockchain-valid_active_2,0,False,239,8,
n10-identities_c5-conc_mech-blockchain-1backend_valid-active_r30_audit-off_20260831T025104Z,obs_f62a75604b9a4dd58876c0701a3bb630,2026-08-31T02:51:04.862134+00:00,blockchain,valid_active,12,5,UAV-VALID,ACCEPTED,ACCEPTED,True,47722500,47.7225,27600,47471400,0,2500,153900,3300,0,0,,,,none,blockchain-valid_active_4,0,False,239,8,
n10-identities_c5-conc_mech-blockchain-1backend_valid-active_r30_audit-off_20260831T025104Z,obs_ce8ea06109474c02b2ec551ffdb23e51,2026-08-31T02:51:04.863044+00:00,blockchain,valid_active,10,5,UAV-VALID,ACCEPTED,ACCEPTED,True,46831000,46.831,23300,46609800,0,2400,139000,2800,0,0,,,,none,blockchain-valid_active_3,0,False,239,8,
n10-identities_c5-conc_mech-blockchain-1backend_valid-active_r30_audit-off_20260831T025104Z,obs_2b2387b0600c465dae425d87838db28b,2026-08-31T02:51:04.863946+00:00,blockchain,valid_active,11,5,UAV-VALID,ACCEPTED,ACCEPTED,True,50151100,50.1511,34100,49922300,0,2400,141400,3500,0,0,,,,none,blockchain-valid_active_1,0,False,240,8,
n10-identities_c5-conc_mech-blockchain-1backend_valid-active_r30_audit-off_20260831T025104Z,obs_7014b47cc409410aa988dfb233cfa48b,2026-08-31T02:51:04.886410+00:00,blockchain,valid_active,13,5,UAV-VALID,ACCEPTED,ACCEPTED,True,41832900,41.8329,37200,41583200,0,2700,158500,3800,0,0,,,,none,blockchain-valid_active_0,0,False,239,8,
n10-identities_c5-conc_mech-blockchain-1backend_valid-active_r30_audit-off_20260831T025104Z,obs_ce964d38d97a4b5785523d42dbe06e0c,2026-08-31T02:51:04.918092+00:00,blockchain,valid_active,14,5,UAV-VALID,ACCEPTED,ACCEPTED,True,43052400,43.0524,35300,42689700,0,5100,227100,6300,0,0,,,,none,blockchain-valid_active_2,0,False,239,8,
n10-identities_c5-conc_mech-blockchain-1backend_valid-active_r30_audit-off_20260831T025104Z,obs_8ebcb0f12db5414eb8e899f75151424c,2026-08-31T02:51:04.929818+00:00,blockchain,valid_active,16,5,UAV-VALID,ACCEPTED,ACCEPTED,True,48167100,48.1671,42400,47897000,0,3100,163800,4700,0,0,,,,none,blockchain-valid_active_3,0,False,239,8,
n10-identities_c5-conc_mech-blockchain-1backend_valid-active_r30_audit-off_20260831T025104Z,obs_ee15a84e0f5d477cb9feecc17f774e7c,2026-08-31T02:51:04.932141+00:00,blockchain,valid_active,15,5,UAV-VALID,ACCEPTED,ACCEPTED,True,44156500,44.1565,28100,43730400,0,4200,272900,7100,0,0,,,,none,blockchain-valid_active_4,0,False,240,8,
n10-identities_c5-conc_mech-blockchain-1backend_valid-active_r30_audit-off_20260831T025104Z,obs_da2425c6720c49a5a62bf448cb020e08,2026-08-31T02:51:04.933641+00:00,blockchain,valid_active,17,5,UAV-VALID,ACCEPTED,ACCEPTED,True,43685600,43.6856,27700,43442800,0,3200,154500,3700,0,0,,,,none,blockchain-valid_active_1,0,False,238,8,
n10-identities_c5-conc_mech-blockchain-1backend_valid-active_r30_audit-off_20260831T025104Z,obs_83cbcdfb3740435898b983d798c5cf22,2026-08-31T02:51:04.941190+00:00,blockchain,valid_active,18,5,UAV-VALID,ACCEPTED,ACCEPTED,True,43612500,43.6125,31200,43358600,0,2600,151900,3300,0,0,,,,none,blockchain-valid_active_0,0,False,240,8,
n10-identities_c5-conc_mech-blockchain-1backend_valid-active_r30_audit-off_20260831T025104Z,obs_a240d13f59034cdea509c8429ec2853b,2026-08-31T02:51:04.982847+00:00,blockchain,valid_active,19,5,UAV-VALID,ACCEPTED,ACCEPTED,True,48377400,48.3774,28700,48109900,0,3700,169700,4800,0,0,,,,none,blockchain-valid_active_2,0,False,239,8,
n10-identities_c5-conc_mech-blockchain-1backend_valid-active_r30_audit-off_20260831T025104Z,obs_77489deb5fee4248aa4a0b9cc996818d,2026-08-31T02:51:04.999411+00:00,blockchain,valid_active,23,5,UAV-VALID,ACCEPTED,ACCEPTED,True,39303500,39.3035,49600,38988000,0,4800,184600,4500,0,0,,,,none,blockchain-valid_active_0,0,False,239,8,
n10-identities_c5-conc_mech-blockchain-1backend_valid-active_r30_audit-off_20260831T025104Z,obs_2a9d880e88fa41c2aa579d12d002784a,2026-08-31T02:51:05.001367+00:00,blockchain,valid_active,20,5,UAV-VALID,ACCEPTED,ACCEPTED,True,49018200,49.0182,32400,48717700,0,2800,200900,5200,0,0,,,,none,blockchain-valid_active_3,0,False,239,8,
n10-identities_c5-conc_mech-blockchain-1backend_valid-active_r30_audit-off_20260831T025104Z,obs_72690c85835742c7beea3af652a360cd,2026-08-31T02:51:05.002645+00:00,blockchain,valid_active,22,5,UAV-VALID,ACCEPTED,ACCEPTED,True,47591800,47.5918,29700,47317500,0,2300,186000,7000,0,0,,,,none,blockchain-valid_active_1,0,False,239,8,
n10-identities_c5-conc_mech-blockchain-1backend_valid-active_r30_audit-off_20260831T025104Z,obs_1688f518777843978dfb69c38fdbb0bf,2026-08-31T02:51:05.011028+00:00,blockchain,valid_active,21,5,UAV-VALID,ACCEPTED,ACCEPTED,True,55040300,55.0403,23900,54644300,0,4500,254500,7100,0,0,,,,none,blockchain-valid_active_4,0,False,238,8,
n10-identities_c5-conc_mech-blockchain-1backend_valid-active_r30_audit-off_20260831T025104Z,obs_99d4d968335e498885b67c1a92c7b3b8,2026-08-31T02:51:05.081463+00:00,blockchain,valid_active,24,5,UAV-VALID,ACCEPTED,ACCEPTED,True,76556200,76.5562,62300,76186200,0,3600,242700,6100,0,0,,,,none,blockchain-valid_active_2,0,False,239,8,
n10-identities_c5-conc_mech-blockchain-1backend_valid-active_r30_audit-off_20260831T025104Z,obs_518704667b774c0abc426d58d8c8ee2a,2026-08-31T02:51:05.092500+00:00,blockchain,valid_active,25,5,UAV-VALID,ACCEPTED,ACCEPTED,True,54193900,54.1939,35900,53955900,0,2400,152000,3400,0,0,,,,none,blockchain-valid_active_0,0,False,239,8,
n10-identities_c5-conc_mech-blockchain-1backend_valid-active_r30_audit-off_20260831T025104Z,obs_6df8126a033e4f128efd3756949b3dc6,2026-08-31T02:51:05.101897+00:00,blockchain,valid_active,26,5,UAV-VALID,ACCEPTED,ACCEPTED,True,40774200,40.7742,36000,40438700,0,2900,212500,5500,0,0,,,,none,blockchain-valid_active_3,0,False,238,8,
n10-identities_c5-conc_mech-blockchain-1backend_valid-active_r30_audit-off_20260831T025104Z,obs_4841a04c4a2e43dd8d92d6f8f41ef242,2026-08-31T02:51:05.103236+00:00,blockchain,valid_active,28,5,UAV-VALID,ACCEPTED,ACCEPTED,True,61959200,61.9592,66200,61721200,0,3000,143700,3400,0,0,,,,none,blockchain-valid_active_4,0,False,238,8,
n10-identities_c5-conc_mech-blockchain-1backend_valid-active_r30_audit-off_20260831T025104Z,obs_db577e5139974602b25d2fd5a61c3984,2026-08-31T02:51:05.104632+00:00,blockchain,valid_active,27,5,UAV-VALID,ACCEPTED,ACCEPTED,True,65590900,65.5909,24400,65394600,0,2200,130000,3200,0,0,,,,none,blockchain-valid_active_1,0,False,239,8,
n10-identities_c5-conc_mech-blockchain-1backend_valid-active_r30_audit-off_20260831T025104Z,obs_6df162806df7430db3a0def122900315,2026-08-31T02:51:05.120200+00:00,blockchain,valid_active,29,5,UAV-VALID,ACCEPTED,ACCEPTED,True,20627800,20.6278,51300,20354600,0,2600,160600,4300,0,0,,,,none,blockchain-valid_active_2,0,False,239,8,
n10-identities_c10-conc_mech-x509-1backend_valid-active_r30_audit-off_20260831T025106Z,obs_ec89ef4ca3f84a44b24420af9a11e613,2026-08-31T02:51:06.471719+00:00,x509,valid_active,0,10,UAV-VALID,ACCEPTED,ACCEPTED,True,16091800,16.0918,42900,72200,15814200,0,124800,3300,0,0,,,,none,x509-valid_active_2,0,False,238,8,
n10-identities_c10-conc_mech-x509-1backend_valid-active_r30_audit-off_20260831T025106Z,obs_b1d223a8faad408484a4d671262d3197,2026-08-31T02:51:06.477426+00:00,x509,valid_active,1,10,UAV-VALID,ACCEPTED,ACCEPTED,True,14986400,14.9864,44900,80600,14625400,0,164400,4000,0,0,,,,none,x509-valid_active_3,0,False,239,8,
n10-identities_c10-conc_mech-x509-1backend_valid-active_r30_audit-off_20260831T025106Z,obs_b7ee9b8b381f4612ad9726dea5fac284,2026-08-31T02:51:06.481023+00:00,x509,valid_active,0,10,UAV-VALID,ACCEPTED,ACCEPTED,True,30030100,30.0301,35400,81000,29736300,0,130900,3100,0,0,,,,none,x509-valid_active_0,0,True,240,8,
n10-identities_c10-conc_mech-x509-1backend_valid-active_r30_audit-off_20260831T025106Z,obs_91ef7b091b1c4899ae3bc01de55f044f,2026-08-31T02:51:06.488865+00:00,x509,valid_active,2,10,UAV-VALID,ACCEPTED,ACCEPTED,True,22188300,22.1883,27900,53400,21933200,0,131300,3100,0,0,,,,none,x509-valid_active_4,0,False,239,8,
n10-identities_c10-conc_mech-x509-1backend_valid-active_r30_audit-off_20260831T025106Z,obs_7d05ad356b334ce5aad6ec17acb88198,2026-08-31T02:51:06.496827+00:00,x509,valid_active,7,10,UAV-VALID,ACCEPTED,ACCEPTED,True,22225900,22.2259,30200,63200,21738700,0,286500,7100,0,0,,,,none,x509-valid_active_9,0,False,238,8,
n10-identities_c10-conc_mech-x509-1backend_valid-active_r30_audit-off_20260831T025106Z,obs_ff29b5f341eb4351b8b3ee8b98ec87b0,2026-08-31T02:51:06.499293+00:00,x509,valid_active,4,10,UAV-VALID,ACCEPTED,ACCEPTED,True,23287500,23.2875,31500,110900,22883200,0,182100,3700,0,0,,,,none,x509-valid_active_6,0,False,238,8,
n10-identities_c10-conc_mech-x509-1backend_valid-active_r30_audit-off_20260831T025106Z,obs_065621555c7949f49d56993f1aa064c3,2026-08-31T02:51:06.502705+00:00,x509,valid_active,1,10,UAV-VALID,ACCEPTED,ACCEPTED,True,39701300,39.7013,36300,69600,39300500,0,201700,5000,0,0,,,,none,x509-valid_active_1,0,True,238,8,
n10-identities_c10-conc_mech-x509-1backend_valid-active_r30_audit-off_20260831T025106Z,obs_5765b1bd43944bc991dbdf9a95716361,2026-08-31T02:51:06.503512+00:00,x509,valid_active,6,10,UAV-VALID,ACCEPTED,ACCEPTED,True,19991300,19.9913,51300,64900,19701000,0,144500,2800,0,0,,,,none,x509-valid_active_8,0,False,239,8,
n10-identities_c10-conc_mech-x509-1backend_valid-active_r30_audit-off_20260831T025106Z,obs_204e182ae3d64bb4bbfed0e50b8d1af8,2026-08-31T02:51:06.505621+00:00,x509,valid_active,3,10,UAV-VALID,ACCEPTED,ACCEPTED,True,39372300,39.3723,29500,58600,39039400,0,186000,3800,0,0,,,,none,x509-valid_active_5,0,False,238,8,
n10-identities_c10-conc_mech-x509-1backend_valid-active_r30_audit-off_20260831T025106Z,obs_34715ad392104a7e9e62705a9cbc3126,2026-08-31T02:51:06.506958+00:00,x509,valid_active,5,10,UAV-VALID,ACCEPTED,ACCEPTED,True,27226200,27.2262,24900,91500,26856400,0,176100,4100,0,0,,,,none,x509-valid_active_7,0,False,239,8,
n10-identities_c10-conc_mech-x509-1backend_valid-active_r30_audit-off_20260831T025106Z,obs_87e491ab91ed43f79c4251814df7d2d5,2026-08-31T02:51:06.528263+00:00,x509,valid_active,9,10,UAV-VALID,ACCEPTED,ACCEPTED,True,22246100,22.2461,54700,53000,21893700,0,194300,4100,0,0,,,,none,x509-valid_active_3,0,False,239,8,
n10-identities_c10-conc_mech-x509-1backend_valid-active_r30_audit-off_20260831T025106Z,obs_0b6e1b3177ac480c98cbc537cfcceb19,2026-08-31T02:51:06.532567+00:00,x509,valid_active,8,10,UAV-VALID,ACCEPTED,ACCEPTED,True,28772200,28.7722,32700,66500,28426500,0,175500,3200,0,0,,,,none,x509-valid_active_2,0,False,240,8,
n10-identities_c10-conc_mech-x509-1backend_valid-active_r30_audit-off_20260831T025106Z,obs_b652ff3ebc2743d79334e2239c16bc1c,2026-08-31T02:51:06.547301+00:00,x509,valid_active,10,10,UAV-VALID,ACCEPTED,ACCEPTED,True,37318400,37.3184,24000,57400,36970800,0,184300,4800,0,0,,,,none,x509-valid_active_0,0,False,240,8,
n10-identities_c10-conc_mech-x509-1backend_valid-active_r30_audit-off_20260831T025106Z,obs_716c385ac29f4577961ce5559835a9d1,2026-08-31T02:51:06.557896+00:00,x509,valid_active,11,10,UAV-VALID,ACCEPTED,ACCEPTED,True,29233500,29.2335,70900,53200,28973000,0,133800,3200,0,0,,,,none,x509-valid_active_4,0,False,239,8,
n10-identities_c10-conc_mech-x509-1backend_valid-active_r30_audit-off_20260831T025106Z,obs_dc124d96e31b434d9654c86ecdce449d,2026-08-31T02:51:06.566225+00:00,x509,valid_active,13,10,UAV-VALID,ACCEPTED,ACCEPTED,True,21099200,21.0992,31400,70300,20656300,0,234400,5900,0,0,,,,none,x509-valid_active_6,0,False,238,8,
n10-identities_c10-conc_mech-x509-1backend_valid-active_r30_audit-off_20260831T025106Z,obs_756ec49448c64b05b6ee7172faf5d72f,2026-08-31T02:51:06.567103+00:00,x509,valid_active,12,10,UAV-VALID,ACCEPTED,ACCEPTED,True,28156900,28.1569,36700,480200,27341000,0,180100,3900,0,0,,,,none,x509-valid_active_9,0,False,239,8,
n10-identities_c10-conc_mech-x509-1backend_valid-active_r30_audit-off_20260831T025106Z,obs_3b7d3eec459547c6b161756acb556237,2026-08-31T02:51:06.569285+00:00,x509,valid_active,17,10,UAV-VALID,ACCEPTED,ACCEPTED,True,14244800,14.2448,52700,81600,13851500,0,197600,5400,0,0,,,,none,x509-valid_active_7,0,False,238,8,
n10-identities_c10-conc_mech-x509-1backend_valid-active_r30_audit-off_20260831T025106Z,obs_afb945c9201c4edfad330dea28ef9b69,2026-08-31T02:51:06.572264+00:00,x509,valid_active,16,10,UAV-VALID,ACCEPTED,ACCEPTED,True,20768100,20.7681,35300,90200,20429100,0,150600,3500,0,0,,,,none,x509-valid_active_5,0,False,240,8,
n10-identities_c10-conc_mech-x509-1backend_valid-active_r30_audit-off_20260831T025106Z,obs_1737ecdda67840419ec88a041a72f6cf,2026-08-31T02:51:06.579937+00:00,x509,valid_active,14,10,UAV-VALID,ACCEPTED,ACCEPTED,True,23356400,23.3564,31700,40500,23040300,0,180000,4300,0,0,,,,none,x509-valid_active_1,0,False,239,8,
n10-identities_c10-conc_mech-x509-1backend_valid-active_r30_audit-off_20260831T025106Z,obs_16ee6fcfe0a149d485ebeba6c039da80,2026-08-31T02:51:06.583147+00:00,x509,valid_active,15,10,UAV-VALID,ACCEPTED,ACCEPTED,True,27580500,27.5805,29300,47800,27306200,0,141600,3200,0,0,,,,none,x509-valid_active_8,0,False,239,8,
n10-identities_c10-conc_mech-x509-1backend_valid-active_r30_audit-off_20260831T025106Z,obs_e50e32eca88d482a81272fea26410928,2026-08-31T02:51:06.599734+00:00,x509,valid_active,18,10,UAV-VALID,ACCEPTED,ACCEPTED,True,41440300,41.4403,24400,47600,41060100,0,205400,6200,0,0,,,,none,x509-valid_active_3,0,False,240,8,
n10-identities_c10-conc_mech-x509-1backend_valid-active_r30_audit-off_20260831T025106Z,obs_59fed84432b24b79b5cb4276dd409edb,2026-08-31T02:51:06.600280+00:00,x509,valid_active,19,10,UAV-VALID,ACCEPTED,ACCEPTED,True,40398600,40.3986,22300,73600,40047900,0,172600,4600,0,0,,,,none,x509-valid_active_2,0,False,239,8,
n10-identities_c10-conc_mech-x509-1backend_valid-active_r30_audit-off_20260831T025106Z,obs_641ecb60f7e24da382cf50578bd6e6cc,2026-08-31T02:51:06.620714+00:00,x509,valid_active,21,10,UAV-VALID,ACCEPTED,ACCEPTED,True,19222700,19.2227,22600,61200,18979000,0,113600,3300,0,0,,,,none,x509-valid_active_4,0,False,240,8,
n10-identities_c10-conc_mech-x509-1backend_valid-active_r30_audit-off_20260831T025106Z,obs_f8a99d8e76a94d83b67ffc051d8620e0,2026-08-31T02:51:06.625274+00:00,x509,valid_active,20,10,UAV-VALID,ACCEPTED,ACCEPTED,True,28028000,28.028,32300,113300,27708900,0,113800,3100,0,0,,,,none,x509-valid_active_0,0,False,239,8,
n10-identities_c10-conc_mech-x509-1backend_valid-active_r30_audit-off_20260831T025106Z,obs_685532cc164140378297a8e4f6b70fc2,2026-08-31T02:51:06.626253+00:00,x509,valid_active,23,10,UAV-VALID,ACCEPTED,ACCEPTED,True,15299300,15.2993,39600,69500,15047200,0,107600,2600,0,0,,,,none,x509-valid_active_9,0,False,239,8,
n10-identities_c10-conc_mech-x509-1backend_valid-active_r30_audit-off_20260831T025106Z,obs_7f4f4b7fea9b47979a9610256497107f,2026-08-31T02:51:06.627156+00:00,x509,valid_active,22,10,UAV-VALID,ACCEPTED,ACCEPTED,True,17196700,17.1967,31200,67600,16864000,0,170000,4000,0,0,,,,none,x509-valid_active_6,0,False,238,8,
n10-identities_c10-conc_mech-x509-1backend_valid-active_r30_audit-off_20260831T025106Z,obs_1cd50b9bb4ba46009e0661c9dc991b0d,2026-08-31T02:51:06.628083+00:00,x509,valid_active,26,10,UAV-VALID,ACCEPTED,ACCEPTED,True,6494600,6.4946,47600,65300,6237800,0,115200,2900,0,0,,,,none,x509-valid_active_1,0,False,239,8,
n10-identities_c10-conc_mech-x509-1backend_valid-active_r30_audit-off_20260831T025106Z,obs_d7c93e121900468598614fe32e3c4d50,2026-08-31T02:51:06.628603+00:00,x509,valid_active,24,10,UAV-VALID,ACCEPTED,ACCEPTED,True,17102100,17.1021,44600,66100,16850700,0,115700,2600,0,0,,,,none,x509-valid_active_7,0,False,240,8,
n10-identities_c10-conc_mech-x509-1backend_valid-active_r30_audit-off_20260831T025106Z,obs_9c0f932e95054eb2ad72f9ad0bdd3a9a,2026-08-31T02:51:06.629365+00:00,x509,valid_active,25,10,UAV-VALID,ACCEPTED,ACCEPTED,True,12744300,12.7443,29700,76600,12463900,0,115700,2500,0,0,,,,none,x509-valid_active_5,0,False,238,8,
n10-identities_c10-conc_mech-x509-1backend_valid-active_r30_audit-off_20260831T025106Z,obs_defb8e1e614b49e5b0eb14ddf8d917ce,2026-08-31T02:51:06.629955+00:00,x509,valid_active,28,10,UAV-VALID,ACCEPTED,ACCEPTED,True,6175200,6.1752,25000,40100,5845400,0,201000,6300,0,0,,,,none,x509-valid_active_3,0,False,239,8,
n10-identities_c10-conc_mech-x509-1backend_valid-active_r30_audit-off_20260831T025106Z,obs_affb94676a904bc69d774b9f08199cd6,2026-08-31T02:51:06.631922+00:00,x509,valid_active,27,10,UAV-VALID,ACCEPTED,ACCEPTED,True,11884900,11.8849,40600,52900,11546600,0,169400,3900,0,0,,,,none,x509-valid_active_8,0,False,240,8,
n10-identities_c10-conc_mech-x509-1backend_valid-active_r30_audit-off_20260831T025106Z,obs_e2b2c4055a284cd491a866951b076028,2026-08-31T02:51:06.632312+00:00,x509,valid_active,29,10,UAV-VALID,ACCEPTED,ACCEPTED,True,6676600,6.6766,20900,43800,6449000,0,121100,2800,0,0,,,,none,x509-valid_active_2,0,False,239,8,
n10-identities_c10-conc_mech-blockchain-1backend_valid-active_r30_audit-off_20260831T025107Z,obs_2ea5923fbb824e679d1b1f8223b61523,2026-08-31T02:51:07.646829+00:00,blockchain,valid_active,0,10,UAV-VALID,ACCEPTED,ACCEPTED,True,61454700,61.4547,31400,61170400,0,3100,184600,5000,0,0,,,,none,blockchain-valid_active_0,0,True,238,8,
n10-identities_c10-conc_mech-blockchain-1backend_valid-active_r30_audit-off_20260831T025107Z,obs_eb72d69309594d23af9cd157c1788ead,2026-08-31T02:51:07.673350+00:00,blockchain,valid_active,1,10,UAV-VALID,ACCEPTED,ACCEPTED,True,84364600,84.3646,29000,84035600,0,2300,210500,4800,0,0,,,,none,blockchain-valid_active_1,0,True,239,8,
n10-identities_c10-conc_mech-blockchain-1backend_valid-active_r30_audit-off_20260831T025107Z,obs_6ac5434461304e9a88b0fdda8523b0c6,2026-08-31T02:51:07.693311+00:00,blockchain,valid_active,2,10,UAV-VALID,ACCEPTED,ACCEPTED,True,79235400,79.2354,30800,78969000,0,3000,165700,5600,0,0,,,,none,blockchain-valid_active_4,0,False,239,8,
n10-identities_c10-conc_mech-blockchain-1backend_valid-active_r30_audit-off_20260831T025107Z,obs_0dedbda42510473598aefbc5e86eb737,2026-08-31T02:51:07.696148+00:00,blockchain,valid_active,0,10,UAV-VALID,ACCEPTED,ACCEPTED,True,90136900,90.1369,40800,89774900,0,4800,212000,5900,0,0,,,,none,blockchain-valid_active_2,0,False,238,8,
n10-identities_c10-conc_mech-blockchain-1backend_valid-active_r30_audit-off_20260831T025107Z,obs_3220550035874ceb85a1a1ef9ac6a30d,2026-08-31T02:51:07.713964+00:00,blockchain,valid_active,4,10,UAV-VALID,ACCEPTED,ACCEPTED,True,90968300,90.9683,28100,90709000,0,2900,165100,4900,0,0,,,,none,blockchain-valid_active_6,0,False,239,8,
n10-identities_c10-conc_mech-blockchain-1backend_valid-active_r30_audit-off_20260831T025107Z,obs_d22c89a3173e42d184eff1500b1f483e,2026-08-31T02:51:07.717048+00:00,blockchain,valid_active,5,10,UAV-VALID,ACCEPTED,ACCEPTED,True,84826200,84.8262,32900,84548700,0,2300,153900,3400,0,0,,,,none,blockchain-valid_active_7,0,False,240,8,
n10-identities_c10-conc_mech-blockchain-1backend_valid-active_r30_audit-off_20260831T025107Z,obs_d8cd62d41248430d8c86374549a0517e,2026-08-31T02:51:07.718125+00:00,blockchain,valid_active,7,10,UAV-VALID,ACCEPTED,ACCEPTED,True,76960100,76.9601,37900,76740600,0,2300,135600,2700,0,0,,,,none,blockchain-valid_active_9,0,False,240,8,
n10-identities_c10-conc_mech-blockchain-1backend_valid-active_r30_audit-off_20260831T025107Z,obs_0baaaab05da64509a367498a25eb1209,2026-08-31T02:51:07.719950+00:00,blockchain,valid_active,3,10,UAV-VALID,ACCEPTED,ACCEPTED,True,94746800,94.7468,29900,94533500,0,2600,138000,3400,0,0,,,,none,blockchain-valid_active_5,0,False,240,8,
n10-identities_c10-conc_mech-blockchain-1backend_valid-active_r30_audit-off_20260831T025107Z,obs_9f0537d519904ae2a937390a77840512,2026-08-31T02:51:07.722785+00:00,blockchain,valid_active,1,10,UAV-VALID,ACCEPTED,ACCEPTED,True,103797500,103.7975,36100,103538900,0,2700,162400,3600,0,0,,,,none,blockchain-valid_active_3,0,False,238,8,
n10-identities_c10-conc_mech-blockchain-1backend_valid-active_r30_audit-off_20260831T025107Z,obs_8828e0f6981241219face602fa95ba6d,2026-08-31T02:51:07.732424+00:00,blockchain,valid_active,6,10,UAV-VALID,ACCEPTED,ACCEPTED,True,102109900,102.1099,50800,101862000,0,2400,156500,3100,0,0,,,,none,blockchain-valid_active_8,0,False,239,8,
n10-identities_c10-conc_mech-blockchain-1backend_valid-active_r30_audit-off_20260831T025107Z,obs_e5854fe5b42140769d1f4ac93c6d1dd0,2026-08-31T02:51:07.764311+00:00,blockchain,valid_active,8,10,UAV-VALID,ACCEPTED,ACCEPTED,True,88356200,88.3562,34800,88054800,0,2500,160500,3700,0,0,,,,none,blockchain-valid_active_0,0,False,239,8,
n10-identities_c10-conc_mech-blockchain-1backend_valid-active_r30_audit-off_20260831T025107Z,obs_45e028fc093948339b51533e9067aa0a,2026-08-31T02:51:07.809047+00:00,blockchain,valid_active,11,10,UAV-VALID,ACCEPTED,ACCEPTED,True,69646600,69.6466,35400,69353200,0,2500,192800,4800,0,0,,,,none,blockchain-valid_active_2,0,False,240,8,
n10-identities_c10-conc_mech-blockchain-1backend_valid-active_r30_audit-off_20260831T025107Z,obs_9c0788bc30cb4562b4d81f3b233eac62,2026-08-31T02:51:07.810210+00:00,blockchain,valid_active,9,10,UAV-VALID,ACCEPTED,ACCEPTED,True,101625500,101.6255,61600,101392600,0,2500,142200,3100,0,0,,,,none,blockchain-valid_active_1,0,False,239,8,
n10-identities_c10-conc_mech-blockchain-1backend_valid-active_r30_audit-off_20260831T025107Z,obs_03574471c2df4235a5dec4dafe7c3194,2026-08-31T02:51:07.833171+00:00,blockchain,valid_active,12,10,UAV-VALID,ACCEPTED,ACCEPTED,True,78286800,78.2868,36000,77902000,0,3900,248800,5600,0,0,,,,none,blockchain-valid_active_6,0,False,238,8,
n10-identities_c10-conc_mech-blockchain-1backend_valid-active_r30_audit-off_20260831T025107Z,obs_5182928d02294f5288c10e51328fae14,2026-08-31T02:51:07.834881+00:00,blockchain,valid_active,10,10,UAV-VALID,ACCEPTED,ACCEPTED,True,109037600,109.0376,36600,108799700,0,2700,149800,3000,0,0,,,,none,blockchain-valid_active_4,0,False,239,8,
n10-identities_c10-conc_mech-blockchain-1backend_valid-active_r30_audit-off_20260831T025107Z,obs_43456b42704f450799557a42be649cc0,2026-08-31T02:51:07.852655+00:00,blockchain,valid_active,15,10,UAV-VALID,ACCEPTED,ACCEPTED,True,87093300,87.0933,28200,86722400,0,4800,226000,6500,0,0,,,,none,blockchain-valid_active_5,0,False,239,8,
n10-identities_c10-conc_mech-blockchain-1backend_valid-active_r30_audit-off_20260831T025107Z,obs_7b59ac8183df4848876b1d0dea5173eb,2026-08-31T02:51:07.856591+00:00,blockchain,valid_active,13,10,UAV-VALID,ACCEPTED,ACCEPTED,True,101040600,101.0406,25400,100770500,0,3000,171500,5500,0,0,,,,none,blockchain-valid_active_7,0,False,239,8,
n10-identities_c10-conc_mech-blockchain-1backend_valid-active_r30_audit-off_20260831T025107Z,obs_ec6f3c50abc14950af65dc2476c3bd0c,2026-08-31T02:51:07.866455+00:00,blockchain,valid_active,14,10,UAV-VALID,ACCEPTED,ACCEPTED,True,96670500,96.6705,30100,96418600,0,3400,156800,4100,0,0,,,,none,blockchain-valid_active_9,0,False,239,8,
n10-identities_c10-conc_mech-blockchain-1backend_valid-active_r30_audit-off_20260831T025107Z,obs_92aa497e7dc642e6b5e3f078c0dac3f7,2026-08-31T02:51:07.874590+00:00,blockchain,valid_active,17,10,UAV-VALID,ACCEPTED,ACCEPTED,True,89401500,89.4015,50000,89020300,0,5100,232400,6800,0,0,,,,none,blockchain-valid_active_8,0,False,239,8,
n10-identities_c10-conc_mech-blockchain-1backend_valid-active_r30_audit-off_20260831T025107Z,obs_ed5dd521d17a402eacd90fc2bfb5a6de,2026-08-31T02:51:07.894336+00:00,blockchain,valid_active,16,10,UAV-VALID,ACCEPTED,ACCEPTED,True,121517800,121.5178,29000,121279800,0,2400,152300,4300,0,0,,,,none,blockchain-valid_active_3,0,False,239,8,
n10-identities_c10-conc_mech-blockchain-1backend_valid-active_r30_audit-off_20260831T025107Z,obs_ae6123f4f21b4d7bae7a7c8147a95e98,2026-08-31T02:51:07.910621+00:00,blockchain,valid_active,18,10,UAV-VALID,ACCEPTED,ACCEPTED,True,106261600,106.2616,41300,105999500,0,3200,164500,4900,0,0,,,,none,blockchain-valid_active_0,0,False,239,8,
n10-identities_c10-conc_mech-blockchain-1backend_valid-active_r30_audit-off_20260831T025107Z,obs_350caaae6f4b49b08f1e811dc223f6b1,2026-08-31T02:51:07.955329+00:00,blockchain,valid_active,21,10,UAV-VALID,ACCEPTED,ACCEPTED,True,84124900,84.1249,34800,83873500,0,2300,158700,3900,0,0,,,,none,blockchain-valid_active_6,0,False,239,8,
n10-identities_c10-conc_mech-blockchain-1backend_valid-active_r30_audit-off_20260831T025107Z,obs_51ed79ce23704e0fabeb296fb91adec3,2026-08-31T02:51:07.961282+00:00,blockchain,valid_active,24,10,UAV-VALID,ACCEPTED,ACCEPTED,True,69251000,69.251,50400,68948900,0,4200,173000,5100,0,0,,,,none,blockchain-valid_active_7,0,False,239,8,
n10-identities_c10-conc_mech-blockchain-1backend_valid-active_r30_audit-off_20260831T025107Z,obs_6cad8d142b3549e2a103c2a56ec392ec,2026-08-31T02:51:07.962759+00:00,blockchain,valid_active,19,10,UAV-VALID,ACCEPTED,ACCEPTED,True,97821000,97.821,33300,97555700,0,2500,164300,5700,0,0,,,,none,blockchain-valid_active_2,0,False,239,8,
n10-identities_c10-conc_mech-blockchain-1backend_valid-active_r30_audit-off_20260831T025107Z,obs_6e5923876b6346d181e1809b6cd8cd10,2026-08-31T02:51:07.976235+00:00,blockchain,valid_active,20,10,UAV-VALID,ACCEPTED,ACCEPTED,True,98951000,98.951,31500,98649300,0,3600,195500,5100,0,0,,,,none,blockchain-valid_active_1,0,False,239,8,
n10-identities_c10-conc_mech-blockchain-1backend_valid-active_r30_audit-off_20260831T025107Z,obs_8ff421bc02134c78a5376457dd69c0e6,2026-08-31T02:51:07.983106+00:00,blockchain,valid_active,26,10,UAV-VALID,ACCEPTED,ACCEPTED,True,70960400,70.9604,25700,70609500,0,4800,218800,5900,0,0,,,,none,blockchain-valid_active_8,0,False,239,8,
n10-identities_c10-conc_mech-blockchain-1backend_valid-active_r30_audit-off_20260831T025107Z,obs_2932f81b45854109baa4afbdf1e0c8d0,2026-08-31T02:51:07.985162+00:00,blockchain,valid_active,23,10,UAV-VALID,ACCEPTED,ACCEPTED,True,78807000,78.807,125100,78534700,0,3100,160100,4100,0,0,,,,none,blockchain-valid_active_5,0,False,239,8,
n10-identities_c10-conc_mech-blockchain-1backend_valid-active_r30_audit-off_20260831T025107Z,obs_19926cdbd0ab45c0aebc2c2e5950dd06,2026-08-31T02:51:07.991664+00:00,blockchain,valid_active,22,10,UAV-VALID,ACCEPTED,ACCEPTED,True,106595500,106.5955,45500,106369300,0,2100,139400,3800,0,0,,,,none,blockchain-valid_active_4,0,False,238,8,
n10-identities_c10-conc_mech-blockchain-1backend_valid-active_r30_audit-off_20260831T025107Z,obs_cc8b8835e1354633a5baf35d6dd7a718,2026-08-31T02:51:07.993643+00:00,blockchain,valid_active,25,10,UAV-VALID,ACCEPTED,ACCEPTED,True,90059100,90.0591,30200,89837100,0,2000,145200,3500,0,0,,,,none,blockchain-valid_active_9,0,False,238,8,
n10-identities_c10-conc_mech-blockchain-1backend_valid-active_r30_audit-off_20260831T025107Z,obs_7924adcb74cb49d48bb95560f7ffa4dd,2026-08-31T02:51:07.997349+00:00,blockchain,valid_active,28,10,UAV-VALID,ACCEPTED,ACCEPTED,True,52383900,52.3839,35600,52021400,0,3300,235900,6900,0,0,,,,none,blockchain-valid_active_0,0,False,238,8,
n10-identities_c10-conc_mech-blockchain-1backend_valid-active_r30_audit-off_20260831T025107Z,obs_ccbb792309da44618951b2ebd36f7f16,2026-08-31T02:51:07.999650+00:00,blockchain,valid_active,27,10,UAV-VALID,ACCEPTED,ACCEPTED,True,71564700,71.5647,34800,71334800,0,2400,146900,3100,0,0,,,,none,blockchain-valid_active_3,0,False,240,8,
n10-identities_c10-conc_mech-blockchain-1backend_valid-active_r30_audit-off_20260831T025107Z,obs_95a4f2e906494c6b9cb57a40d2148c47,2026-08-31T02:51:08.010093+00:00,blockchain,valid_active,29,10,UAV-VALID,ACCEPTED,ACCEPTED,True,19816400,19.8164,34800,19576900,0,2300,154500,3700,0,0,,,,none,blockchain-valid_active_6,0,False,238,8,
n10-identities_c25-conc_mech-x509-1backend_valid-active_r30_audit-off_20260831T025108Z,obs_854f042a171f419fa7729823449b06fe,2026-08-31T02:51:08.792586+00:00,x509,valid_active,2,25,UAV-VALID,ACCEPTED,ACCEPTED,True,54021000,54.021,37300,81000,53679100,0,161500,3800,0,0,,,,none,x509-valid_active_4,0,False,239,8,
n10-identities_c25-conc_mech-x509-1backend_valid-active_r30_audit-off_20260831T025108Z,obs_f738a7cbb8304138a884864af16b7d7d,2026-08-31T02:51:08.833222+00:00,x509,valid_active,5,25,UAV-VALID,ACCEPTED,ACCEPTED,True,46732400,46.7324,32200,74200,46396500,0,162200,4100,0,0,,,,none,x509-valid_active_7,0,False,238,8,
n10-identities_c25-conc_mech-x509-1backend_valid-active_r30_audit-off_20260831T025108Z,obs_099c07159b224a7d8913835b944616da,2026-08-31T02:51:08.804929+00:00,x509,valid_active,0,25,UAV-VALID,ACCEPTED,ACCEPTED,True,55977700,55.9777,27900,94900,55557500,0,197800,6000,0,0,,,,none,x509-valid_active_2,0,False,239,8,
n10-identities_c25-conc_mech-x509-1backend_valid-active_r30_audit-off_20260831T025108Z,obs_bc200621e8a1400687a4cb2f9e2b18e9,2026-08-31T02:51:08.793058+00:00,x509,valid_active,1,25,UAV-VALID,ACCEPTED,ACCEPTED,True,35387800,35.3878,29700,70600,35100300,0,133400,3400,0,0,,,,none,x509-valid_active_3,0,False,239,8,
n10-identities_c25-conc_mech-x509-1backend_valid-active_r30_audit-off_20260831T025108Z,obs_351c503c8bbb4319bf587be376488578,2026-08-31T02:51:08.803895+00:00,x509,valid_active,6,25,UAV-VALID,ACCEPTED,ACCEPTED,True,37111700,37.1117,36200,74200,36800900,0,149900,3600,0,0,,,,none,x509-valid_active_8,0,False,238,8,
n10-identities_c25-conc_mech-x509-1backend_valid-active_r30_audit-off_20260831T025108Z,obs_31046e159de745e6816006adaf8dcaea,2026-08-31T02:51:08.826791+00:00,x509,valid_active,3,25,UAV-VALID,ACCEPTED,ACCEPTED,True,62836000,62.836,27300,99200,62500700,0,147500,3700,0,0,,,,none,x509-valid_active_5,0,False,239,8,
n10-identities_c25-conc_mech-x509-1backend_valid-active_r30_audit-off_20260831T025108Z,obs_d1caad3fc8be44f4826db27cac5186bf,2026-08-31T02:51:08.742846+00:00,x509,valid_active,0,25,UAV-VALID,ACCEPTED,ACCEPTED,True,29525300,29.5253,64800,121600,29050900,0,229200,6200,0,0,,,,none,x509-valid_active_0,0,True,240,8,
n10-identities_c25-conc_mech-x509-1backend_valid-active_r30_audit-off_20260831T025108Z,obs_964b88918b5c4a90b4dade03046b8629,2026-08-31T02:51:08.756822+00:00,x509,valid_active,1,25,UAV-VALID,ACCEPTED,ACCEPTED,True,22670500,22.6705,29800,77600,22343000,0,155600,3800,0,0,,,,none,x509-valid_active_1,0,True,239,8,
n10-identities_c25-conc_mech-x509-1backend_valid-active_r30_audit-off_20260831T025108Z,obs_7b568aa197fd4a7e8ec69eecfe03f261,2026-08-31T02:51:08.845106+00:00,x509,valid_active,7,25,UAV-VALID,ACCEPTED,ACCEPTED,True,49776700,49.7767,29500,93800,49400500,0,180200,4400,0,0,,,,none,x509-valid_active_9,0,False,239,8,
n10-identities_c25-conc_mech-x509-1backend_valid-active_r30_audit-off_20260831T025108Z,obs_c665865755e54d3a87c1f2b29c91787d,2026-08-31T02:51:08.845504+00:00,x509,valid_active,11,25,UAV-VALID,ACCEPTED,ACCEPTED,True,33802500,33.8025,29200,76700,33507000,0,141400,4300,0,0,,,,none,x509-valid_active_12,0,False,239,8,
n10-identities_c25-conc_mech-x509-1backend_valid-active_r30_audit-off_20260831T025108Z,obs_ff90a8a7ce7d4b11815e7357fe7dbc3a,2026-08-31T02:51:08.873060+00:00,x509,valid_active,8,25,UAV-VALID,ACCEPTED,ACCEPTED,True,76371500,76.3715,50800,61800,75960200,0,221800,5600,0,0,,,,none,x509-valid_active_10,0,False,239,8,
n10-identities_c25-conc_mech-x509-1backend_valid-active_r30_audit-off_20260831T025108Z,obs_1d1f5115ac25470e8e11c79a5387bd4e,2026-08-31T02:51:08.874441+00:00,x509,valid_active,13,25,UAV-VALID,ACCEPTED,ACCEPTED,True,42896400,42.8964,33100,64300,42552800,0,176700,5200,0,0,,,,none,x509-valid_active_13,0,False,239,8,
n10-identities_c25-conc_mech-x509-1backend_valid-active_r30_audit-off_20260831T025108Z,obs_bc666762b0814339923ccde648faad20,2026-08-31T02:51:08.878650+00:00,x509,valid_active,4,25,UAV-VALID,ACCEPTED,ACCEPTED,True,80176000,80.176,28500,66900,79826200,0,188100,4500,0,0,,,,none,x509-valid_active_6,0,False,239,8,
n10-identities_c25-conc_mech-x509-1backend_valid-active_r30_audit-off_20260831T025108Z,obs_81561704944c4f089f57b56c6efb6b8a,2026-08-31T02:51:08.883302+00:00,x509,valid_active,18,25,UAV-VALID,ACCEPTED,ACCEPTED,True,45468300,45.4683,40500,113800,45050200,0,186200,4900,0,0,,,,none,x509-valid_active_4,0,False,239,8,
n10-identities_c25-conc_mech-x509-1backend_valid-active_r30_audit-off_20260831T025108Z,obs_ff32d42f11b04b23945ff6b6a91e3148,2026-08-31T02:51:08.884039+00:00,x509,valid_active,16,25,UAV-VALID,ACCEPTED,ACCEPTED,True,45394900,45.3949,49300,147500,44803000,0,301400,7700,0,0,,,,none,x509-valid_active_16,0,False,238,8,
n10-identities_c25-conc_mech-x509-1backend_valid-active_r30_audit-off_20260831T025108Z,obs_7b671b941b1347299da2054ceb89fe62,2026-08-31T02:51:08.887561+00:00,x509,valid_active,12,25,UAV-VALID,ACCEPTED,ACCEPTED,True,55558200,55.5582,43400,64300,55249700,0,157900,3400,0,0,,,,none,x509-valid_active_1,0,False,239,8,
n10-identities_c25-conc_mech-x509-1backend_valid-active_r30_audit-off_20260831T025108Z,obs_bdc4ad487d4149399df9f3ba9ca6b1ca,2026-08-31T02:51:08.891411+00:00,x509,valid_active,9,25,UAV-VALID,ACCEPTED,ACCEPTED,True,83462100,83.4621,27400,74600,83060000,0,208200,6600,0,0,,,,none,x509-valid_active_11,0,False,238,8,
n10-identities_c25-conc_mech-x509-1backend_valid-active_r30_audit-off_20260831T025108Z,obs_9fd4ab07642a446d92858ade0f1f27c4,2026-08-31T02:51:08.891926+00:00,x509,valid_active,14,25,UAV-VALID,ACCEPTED,ACCEPTED,True,38853800,38.8538,28800,66300,38507700,0,180500,5000,0,0,,,,none,x509-valid_active_14,0,False,238,8,
n10-identities_c25-conc_mech-x509-1backend_valid-active_r30_audit-off_20260831T025108Z,obs_baf0feb74a994110b57b1d0cc8aba833,2026-08-31T02:51:08.892403+00:00,x509,valid_active,10,25,UAV-VALID,ACCEPTED,ACCEPTED,True,68340400,68.3404,28700,66200,68010500,0,174400,3700,0,0,,,,none,x509-valid_active_0,0,False,239,8,
n10-identities_c25-conc_mech-x509-1backend_valid-active_r30_audit-off_20260831T025108Z,obs_0096622b1c064c0aa46284bb2823d7d7,2026-08-31T02:51:08.899939+00:00,x509,valid_active,17,25,UAV-VALID,ACCEPTED,ACCEPTED,True,70127200,70.1272,31500,81400,69700400,0,223000,6300,0,0,,,,none,x509-valid_active_17,0,False,238,8,
n10-identities_c25-conc_mech-x509-1backend_valid-active_r30_audit-off_20260831T025108Z,obs_19990318f62541c2ba1ff453cd9bbd7f,2026-08-31T02:51:08.902136+00:00,x509,valid_active,23,25,UAV-VALID,ACCEPTED,ACCEPTED,True,44611000,44.611,31500,58200,44230600,0,197300,6500,0,0,,,,none,x509-valid_active_8,0,False,240,8,
n10-identities_c25-conc_mech-x509-1backend_valid-active_r30_audit-off_20260831T025108Z,obs_29e35b2a940144edad58c20ebf7d5f9a,2026-08-31T02:51:08.906412+00:00,x509,valid_active,22,25,UAV-VALID,ACCEPTED,ACCEPTED,True,23844200,23.8442,30900,81800,23508400,0,147300,4000,0,0,,,,none,x509-valid_active_20,0,False,239,8,
n10-identities_c25-conc_mech-x509-1backend_valid-active_r30_audit-off_20260831T025108Z,obs_b4380fd91cf046da8fc02e3d18c634be,2026-08-31T02:51:08.906870+00:00,x509,valid_active,21,25,UAV-VALID,ACCEPTED,ACCEPTED,True,25521300,25.5213,28300,60100,25259400,0,125700,2500,0,0,,,,none,x509-valid_active_19,0,False,240,8,
n10-identities_c25-conc_mech-x509-1backend_valid-active_r30_audit-off_20260831T025108Z,obs_3750c62e9e1d4efc9152a39d3e18f82b,2026-08-31T02:51:08.908367+00:00,x509,valid_active,15,25,UAV-VALID,ACCEPTED,ACCEPTED,True,23670200,23.6702,33500,106200,23296600,0,153300,4900,0,0,,,,none,x509-valid_active_15,0,False,239,8,
n10-identities_c25-conc_mech-x509-1backend_valid-active_r30_audit-off_20260831T025108Z,obs_78ede1809bc34dc797b99dc888f036e7,2026-08-31T02:51:08.911298+00:00,x509,valid_active,19,25,UAV-VALID,ACCEPTED,ACCEPTED,True,17094100,17.0941,36300,89500,16710200,0,181600,5300,0,0,,,,none,x509-valid_active_3,0,False,240,8,
n10-identities_c25-conc_mech-x509-1backend_valid-active_r30_audit-off_20260831T025108Z,obs_d6cc5874a2d44599a6d290e507ed89ec,2026-08-31T02:51:08.912011+00:00,x509,valid_active,20,25,UAV-VALID,ACCEPTED,ACCEPTED,True,26711500,26.7115,43500,93600,26325700,0,173300,5700,0,0,,,,none,x509-valid_active_18,0,False,240,8,
n10-identities_c25-conc_mech-x509-1backend_valid-active_r30_audit-off_20260831T025108Z,obs_ea58ff2ebd72405684c620db8847c746,2026-08-31T02:51:08.913152+00:00,x509,valid_active,26,25,UAV-VALID,ACCEPTED,ACCEPTED,True,16018100,16.0181,50800,106900,15651300,0,155500,5500,0,0,,,,none,x509-valid_active_22,0,False,239,8,
n10-identities_c25-conc_mech-x509-1backend_valid-active_r30_audit-off_20260831T025108Z,obs_2c6b33cb9ed746f280eb462c93d6a88c,2026-08-31T02:51:08.913608+00:00,x509,valid_active,25,25,UAV-VALID,ACCEPTED,ACCEPTED,True,13285700,13.2857,43400,116400,12952200,0,125300,3400,0,0,,,,none,x509-valid_active_21,0,False,239,8,
n10-identities_c25-conc_mech-x509-1backend_valid-active_r30_audit-off_20260831T025108Z,obs_04d3c7dc6a644a12b0866b81d1b3367e,2026-08-31T02:51:08.913987+00:00,x509,valid_active,27,25,UAV-VALID,ACCEPTED,ACCEPTED,True,15947200,15.9472,31300,94100,15577900,0,169900,3800,0,0,,,,none,x509-valid_active_5,0,False,239,8,
n10-identities_c25-conc_mech-x509-1backend_valid-active_r30_audit-off_20260831T025108Z,obs_68903360949248049db8886b7dbcbdf7,2026-08-31T02:51:08.917685+00:00,x509,valid_active,29,25,UAV-VALID,ACCEPTED,ACCEPTED,True,14082800,14.0828,35800,53400,13796800,0,144000,3600,0,0,,,,none,x509-valid_active_7,0,False,239,8,
n10-identities_c25-conc_mech-x509-1backend_valid-active_r30_audit-off_20260831T025108Z,obs_3d5a0618b77a454c941c3a63b5134eca,2026-08-31T02:51:08.918256+00:00,x509,valid_active,24,25,UAV-VALID,ACCEPTED,ACCEPTED,True,15764900,15.7649,32900,83300,15407900,0,157500,4500,0,0,,,,none,x509-valid_active_2,0,False,238,8,
n10-identities_c25-conc_mech-x509-1backend_valid-active_r30_audit-off_20260831T025108Z,obs_3254ea311366482abf1874ec8ed300ff,2026-08-31T02:51:08.918896+00:00,x509,valid_active,28,25,UAV-VALID,ACCEPTED,ACCEPTED,True,8328000,8.328,49400,92500,7931300,0,164700,4100,0,0,,,,none,x509-valid_active_23,0,False,239,8,
n10-identities_c25-conc_mech-blockchain-1backend_valid-active_r30_audit-off_20260831T025109Z,obs_06dec964c792446fb803c121a6a0c0e9,2026-08-31T02:51:09.984069+00:00,blockchain,valid_active,0,25,UAV-VALID,ACCEPTED,ACCEPTED,True,95513600,95.5136,41700,95236800,0,2900,173700,5500,0,0,,,,none,blockchain-valid_active_0,0,True,238,8,
n10-identities_c25-conc_mech-blockchain-1backend_valid-active_r30_audit-off_20260831T025109Z,obs_50a74d6721ae4f31a53fa73e528a7bc5,2026-08-31T02:51:10.056509+00:00,blockchain,valid_active,2,25,UAV-VALID,ACCEPTED,ACCEPTED,True,141555800,141.5558,43400,141274600,0,2600,170300,6400,0,0,,,,none,blockchain-valid_active_4,0,False,239,8,
n10-identities_c25-conc_mech-blockchain-1backend_valid-active_r30_audit-off_20260831T025109Z,obs_9d7eac06b42b491a966cdbae57a4a47c,2026-08-31T02:51:10.140532+00:00,blockchain,valid_active,10,25,UAV-VALID,ACCEPTED,ACCEPTED,True,164217300,164.2173,85900,163936700,0,2600,148000,3400,0,0,,,,none,blockchain-valid_active_12,0,False,239,8,
n10-identities_c25-conc_mech-blockchain-1backend_valid-active_r30_audit-off_20260831T025109Z,obs_ad4d71dfecdb4523af1e58aef8660b83,2026-08-31T02:51:10.141730+00:00,blockchain,valid_active,4,25,UAV-VALID,ACCEPTED,ACCEPTED,True,219086700,219.0867,27300,218886400,0,1800,136600,2800,0,0,,,,none,blockchain-valid_active_6,0,False,240,8,
n10-identities_c25-conc_mech-blockchain-1backend_valid-active_r30_audit-off_20260831T025109Z,obs_257841f00efc497e9eea7cd8c7bdb606,2026-08-31T02:51:10.145994+00:00,blockchain,valid_active,1,25,UAV-VALID,ACCEPTED,ACCEPTED,True,210489700,210.4897,25900,210242600,0,3000,158000,3700,0,0,,,,none,blockchain-valid_active_3,0,False,239,8,
n10-identities_c25-conc_mech-blockchain-1backend_valid-active_r30_audit-off_20260831T025109Z,obs_eb87ceefaf3d40b99b2047dcd13f3745,2026-08-31T02:51:10.148260+00:00,blockchain,valid_active,3,25,UAV-VALID,ACCEPTED,ACCEPTED,True,213874000,213.874,38000,213627600,0,2100,166800,3500,0,0,,,,none,blockchain-valid_active_5,0,False,238,8,
n10-identities_c25-conc_mech-blockchain-1backend_valid-active_r30_audit-off_20260831T025109Z,obs_582f2c5bf867481bb1698b7a840b4e08,2026-08-31T02:51:10.151830+00:00,blockchain,valid_active,5,25,UAV-VALID,ACCEPTED,ACCEPTED,True,200685100,200.6851,30700,200440000,0,2200,157200,4100,0,0,,,,none,blockchain-valid_active_7,0,False,238,8,
n10-identities_c25-conc_mech-blockchain-1backend_valid-active_r30_audit-off_20260831T025109Z,obs_cd61a2b1965e4044b65fbc9754e46dc5,2026-08-31T02:51:10.154014+00:00,blockchain,valid_active,1,25,UAV-VALID,ACCEPTED,ACCEPTED,True,238063900,238.0639,52200,237763900,0,3400,186400,4700,0,0,,,,none,blockchain-valid_active_1,0,True,239,8,
n10-identities_c25-conc_mech-blockchain-1backend_valid-active_r30_audit-off_20260831T025109Z,obs_5a76b092dfa64a6d8caa73755b599739,2026-08-31T02:51:10.158189+00:00,blockchain,valid_active,6,25,UAV-VALID,ACCEPTED,ACCEPTED,True,201384800,201.3848,28000,201077600,0,3700,187500,5000,0,0,,,,none,blockchain-valid_active_8,0,False,238,8,
n10-identities_c25-conc_mech-blockchain-1backend_valid-active_r30_audit-off_20260831T025109Z,obs_710178f1699f4aaab68402225a0a303d,2026-08-31T02:51:10.166569+00:00,blockchain,valid_active,0,25,UAV-VALID,ACCEPTED,ACCEPTED,True,257882000,257.882,28900,257587500,0,4200,162200,3800,0,0,,,,none,blockchain-valid_active_2,0,False,238,8,
n10-identities_c25-conc_mech-blockchain-1backend_valid-active_r30_audit-off_20260831T025109Z,obs_509879f6ac494e25bc28d2ecd9831699,2026-08-31T02:51:10.191458+00:00,blockchain,valid_active,9,25,UAV-VALID,ACCEPTED,ACCEPTED,True,175497100,175.4971,60700,175220000,0,2600,161300,3500,0,0,,,,none,blockchain-valid_active_11,0,False,239,8,
n10-identities_c25-conc_mech-blockchain-1backend_valid-active_r30_audit-off_20260831T025109Z,obs_a28c7e0db8dc4a29acb71e1c977a2f8c,2026-08-31T02:51:10.213647+00:00,blockchain,valid_active,8,25,UAV-VALID,ACCEPTED,ACCEPTED,True,228425000,228.425,36800,228163100,0,3300,159500,4200,0,0,,,,none,blockchain-valid_active_10,0,False,238,8,
n10-identities_c25-conc_mech-blockchain-1backend_valid-active_r30_audit-off_20260831T025109Z,obs_8a8a90387c134d968beeef9d3c390ef1,2026-08-31T02:51:10.230242+00:00,blockchain,valid_active,14,25,UAV-VALID,ACCEPTED,ACCEPTED,True,182663900,182.6639,34700,182382600,0,3200,168800,5100,0,0,,,,none,blockchain-valid_active_16,0,False,239,8,
n10-identities_c25-conc_mech-blockchain-1backend_valid-active_r30_audit-off_20260831T025109Z,obs_bf5b5f3d48c8412f92f241d57e115de0,2026-08-31T02:51:10.238793+00:00,blockchain,valid_active,13,25,UAV-VALID,ACCEPTED,ACCEPTED,True,215509700,215.5097,34900,215277700,0,2400,145800,3800,0,0,,,,none,blockchain-valid_active_15,0,False,238,8,
n10-identities_c25-conc_mech-blockchain-1backend_valid-active_r30_audit-off_20260831T025109Z,obs_67e32b0338d644d8a1ff748e6af8fa00,2026-08-31T02:51:10.251771+00:00,blockchain,valid_active,11,25,UAV-VALID,ACCEPTED,ACCEPTED,True,209965700,209.9657,45700,209615500,0,3800,222700,5700,0,0,,,,none,blockchain-valid_active_13,0,False,239,8,
n10-identities_c25-conc_mech-blockchain-1backend_valid-active_r30_audit-off_20260831T025109Z,obs_d817bc697b2e40069e0e5d1f188189dc,2026-08-31T02:51:10.257820+00:00,blockchain,valid_active,12,25,UAV-VALID,ACCEPTED,ACCEPTED,True,215315800,215.3158,23900,215072100,0,2200,158100,3500,0,0,,,,none,blockchain-valid_active_14,0,False,240,8,
n10-identities_c25-conc_mech-blockchain-1backend_valid-active_r30_audit-off_20260831T025109Z,obs_9dd3493a29ee42fe93d541129675d91d,2026-08-31T02:51:10.259640+00:00,blockchain,valid_active,15,25,UAV-VALID,ACCEPTED,ACCEPTED,True,199750200,199.7502,28200,199529300,0,2300,142900,2800,0,0,,,,none,blockchain-valid_active_17,0,False,238,8,
n10-identities_c25-conc_mech-blockchain-1backend_valid-active_r30_audit-off_20260831T025109Z,obs_c747b6a39e2f4e2fbcba7611ffe63c08,2026-08-31T02:51:10.262698+00:00,blockchain,valid_active,20,25,UAV-VALID,ACCEPTED,ACCEPTED,True,154057900,154.0579,35600,153803700,0,2500,161200,4400,0,0,,,,none,blockchain-valid_active_21,0,False,239,8,
n10-identities_c25-conc_mech-blockchain-1backend_valid-active_r30_audit-off_20260831T025109Z,obs_372cd7dad052407a9a3a03151a89138b,2026-08-31T02:51:10.268227+00:00,blockchain,valid_active,17,25,UAV-VALID,ACCEPTED,ACCEPTED,True,202293200,202.2932,42900,201908200,0,4600,241400,6600,0,0,,,,none,blockchain-valid_active_19,0,False,240,8,
n10-identities_c25-conc_mech-blockchain-1backend_valid-active_r30_audit-off_20260831T025109Z,obs_05ab4f80c69f41d38d4253347b303455,2026-08-31T02:51:10.271739+00:00,blockchain,valid_active,19,25,UAV-VALID,ACCEPTED,ACCEPTED,True,193105300,193.1053,42000,192851400,0,2700,157500,3700,0,0,,,,none,blockchain-valid_active_20,0,False,239,8,
n10-identities_c25-conc_mech-blockchain-1backend_valid-active_r30_audit-off_20260831T025109Z,obs_baa6aa666c8e4a65894cb398b5720aca,2026-08-31T02:51:10.274587+00:00,blockchain,valid_active,7,25,UAV-VALID,ACCEPTED,ACCEPTED,True,270587600,270.5876,60700,270303900,0,2800,163500,4300,0,0,,,,none,blockchain-valid_active_9,0,False,240,8,
n10-identities_c25-conc_mech-blockchain-1backend_valid-active_r30_audit-off_20260831T025109Z,obs_b99640aec57343028108b0b00b0fd22e,2026-08-31T02:51:10.288938+00:00,blockchain,valid_active,22,25,UAV-VALID,ACCEPTED,ACCEPTED,True,156675400,156.6754,35900,156430700,0,2500,147900,4100,0,0,,,,none,blockchain-valid_active_23,0,False,239,8,
n10-identities_c25-conc_mech-blockchain-1backend_valid-active_r30_audit-off_20260831T025109Z,obs_27bf3b1d64c14e77bbda684c805de0e7,2026-08-31T02:51:10.295895+00:00,blockchain,valid_active,18,25,UAV-VALID,ACCEPTED,ACCEPTED,True,220195600,220.1956,36600,219808700,0,4200,253400,5900,0,0,,,,none,blockchain-valid_active_0,0,False,239,8,
n10-identities_c25-conc_mech-blockchain-1backend_valid-active_r30_audit-off_20260831T025109Z,obs_6255cfffcb5c4982b5ab70786ba9d3a5,2026-08-31T02:51:10.298787+00:00,blockchain,valid_active,21,25,UAV-VALID,ACCEPTED,ACCEPTED,True,174356400,174.3564,33400,173981900,0,3700,227600,6800,0,0,,,,none,blockchain-valid_active_22,0,False,240,8,
n10-identities_c25-conc_mech-blockchain-1backend_valid-active_r30_audit-off_20260831T025109Z,obs_11fc60c8822f49f48f53469e5e8325c9,2026-08-31T02:51:10.302920+00:00,blockchain,valid_active,24,25,UAV-VALID,ACCEPTED,ACCEPTED,True,163788900,163.7889,34500,163498600,0,2900,179500,5600,0,0,,,,none,blockchain-valid_active_4,0,False,238,8,
n10-identities_c25-conc_mech-blockchain-1backend_valid-active_r30_audit-off_20260831T025109Z,obs_baad2ed8e4c446698e5bfc45b0971e53,2026-08-31T02:51:10.311145+00:00,blockchain,valid_active,16,25,UAV-VALID,ACCEPTED,ACCEPTED,True,190050500,190.0505,35300,189778000,0,2500,158300,4700,0,0,,,,none,blockchain-valid_active_18,0,False,240,8,
n10-identities_c25-conc_mech-blockchain-1backend_valid-active_r30_audit-off_20260831T025109Z,obs_f1dc6051c4d4410fb043974eed5ca2b0,2026-08-31T02:51:10.314109+00:00,blockchain,valid_active,28,25,UAV-VALID,ACCEPTED,ACCEPTED,True,94036900,94.0369,25400,93612900,0,4300,289500,7200,0,0,,,,none,blockchain-valid_active_5,0,False,239,8,
n10-identities_c25-conc_mech-blockchain-1backend_valid-active_r30_audit-off_20260831T025109Z,obs_40e33faecfb44881819195f6d40a9289,2026-08-31T02:51:10.316578+00:00,blockchain,valid_active,27,25,UAV-VALID,ACCEPTED,ACCEPTED,True,98308900,98.3089,46300,98030200,0,3300,171000,5000,0,0,,,,none,blockchain-valid_active_3,0,False,238,8,
n10-identities_c25-conc_mech-blockchain-1backend_valid-active_r30_audit-off_20260831T025109Z,obs_1487cc04b5834b36a1d2a8d406c6004e,2026-08-31T02:51:10.320116+00:00,blockchain,valid_active,26,25,UAV-VALID,ACCEPTED,ACCEPTED,True,111022900,111.0229,32300,110777000,0,2500,155400,3500,0,0,,,,none,blockchain-valid_active_6,0,False,238,8,
n10-identities_c25-conc_mech-blockchain-1backend_valid-active_r30_audit-off_20260831T025109Z,obs_06ed8870630f4154ba2ddb86b4e8f47f,2026-08-31T02:51:10.321850+00:00,blockchain,valid_active,25,25,UAV-VALID,ACCEPTED,ACCEPTED,True,97856200,97.8562,37400,97642600,0,2600,136100,3400,0,0,,,,none,blockchain-valid_active_12,0,False,239,8,
n10-identities_c25-conc_mech-blockchain-1backend_valid-active_r30_audit-off_20260831T025109Z,obs_3181c765804d4ca7b7c2ac4d4f5e4c27,2026-08-31T02:51:10.322791+00:00,blockchain,valid_active,23,25,UAV-VALID,ACCEPTED,ACCEPTED,True,144945600,144.9456,38300,144743300,0,2000,129800,3100,0,0,,,,none,blockchain-valid_active_24,0,False,239,8,
n10-identities_c25-conc_mech-blockchain-1backend_valid-active_r30_audit-off_20260831T025109Z,obs_a38d28e207fb44e4add9970d42fb4cbd,2026-08-31T02:51:10.325564+00:00,blockchain,valid_active,29,25,UAV-VALID,ACCEPTED,ACCEPTED,True,88344000,88.344,57900,88088900,0,2200,151900,3300,0,0,,,,none,blockchain-valid_active_7,0,False,238,8,
n10-identities_c50-conc_mech-x509-1backend_valid-active_r30_audit-off_20260831T025111Z,obs_0ebc4a77230b4901a9dd28784fe750e1,2026-08-31T02:51:11.864540+00:00,x509,valid_active,5,50,UAV-VALID,ACCEPTED,ACCEPTED,True,44078100,44.0781,37800,69800,43820400,0,115500,3600,0,0,,,,none,x509-valid_active_7,0,False,240,8,
n10-identities_c50-conc_mech-x509-1backend_valid-active_r30_audit-off_20260831T025111Z,obs_718295f050444df7af55d11593f23024,2026-08-31T02:51:11.827598+00:00,x509,valid_active,3,50,UAV-VALID,ACCEPTED,ACCEPTED,True,44698500,44.6985,22600,65400,44416200,0,121400,20200,0,0,,,,none,x509-valid_active_5,0,False,239,8,
n10-identities_c50-conc_mech-x509-1backend_valid-active_r30_audit-off_20260831T025111Z,obs_5c72f9b2820246319bd5a4ebaaed1989,2026-08-31T02:51:11.792048+00:00,x509,valid_active,0,50,UAV-VALID,ACCEPTED,ACCEPTED,True,34152800,34.1528,30600,166700,33724500,0,145400,3200,0,0,,,,none,x509-valid_active_2,0,False,239,8,
n10-identities_c50-conc_mech-x509-1backend_valid-active_r30_audit-off_20260831T025111Z,obs_66b36c82b47a43a2a19be1fd57170a07,2026-08-31T02:51:11.865472+00:00,x509,valid_active,9,50,UAV-VALID,ACCEPTED,ACCEPTED,True,56780700,56.7807,27600,66700,56441000,0,174500,4900,0,0,,,,none,x509-valid_active_11,0,False,239,8,
n10-identities_c50-conc_mech-x509-1backend_valid-active_r30_audit-off_20260831T025111Z,obs_4f0c5664d0ea4ead8d105fd0414d0292,2026-08-31T02:51:11.863082+00:00,x509,valid_active,7,50,UAV-VALID,ACCEPTED,ACCEPTED,True,36114600,36.1146,24200,71500,35803700,0,130700,3300,0,0,,,,none,x509-valid_active_9,0,False,238,8,
n10-identities_c50-conc_mech-x509-1backend_valid-active_r30_audit-off_20260831T025111Z,obs_182b4ee9f7464d1e94515c07c2f71ad3,2026-08-31T02:51:11.767941+00:00,x509,valid_active,1,50,UAV-VALID,ACCEPTED,ACCEPTED,True,19911300,19.9113,32900,67800,19621700,0,136100,4000,0,0,,,,none,x509-valid_active_1,0,True,239,8,
n10-identities_c50-conc_mech-x509-1backend_valid-active_r30_audit-off_20260831T025111Z,obs_217d31d0b8354f06b66eadd1213f72fc,2026-08-31T02:51:11.796252+00:00,x509,valid_active,1,50,UAV-VALID,ACCEPTED,ACCEPTED,True,41537300,41.5373,25700,70400,41243600,0,140600,3700,0,0,,,,none,x509-valid_active_3,0,False,240,8,
n10-identities_c50-conc_mech-x509-1backend_valid-active_r30_audit-off_20260831T025111Z,obs_0fe98bc130e94eefaf4d9cfae84f0370,2026-08-31T02:51:11.839813+00:00,x509,valid_active,2,50,UAV-VALID,ACCEPTED,ACCEPTED,True,72445900,72.4459,33100,80200,72126500,0,145000,3000,0,0,,,,none,x509-valid_active_4,0,False,238,8,
n10-identities_c50-conc_mech-x509-1backend_valid-active_r30_audit-off_20260831T025111Z,obs_331beb8f75c347e494fad950756c96fe,2026-08-31T02:51:11.852105+00:00,x509,valid_active,4,50,UAV-VALID,ACCEPTED,ACCEPTED,True,73952500,73.9525,27900,108100,73555900,0,172000,4600,0,0,,,,none,x509-valid_active_6,0,False,238,8,
n10-identities_c50-conc_mech-x509-1backend_valid-active_r30_audit-off_20260831T025111Z,obs_50771641260e4341998d8e01de7ab6d1,2026-08-31T02:51:11.778834+00:00,x509,valid_active,0,50,UAV-VALID,ACCEPTED,ACCEPTED,True,32543000,32.543,33300,106800,32208800,0,134300,3200,0,0,,,,none,x509-valid_active_0,0,True,239,8,
n10-identities_c50-conc_mech-x509-1backend_valid-active_r30_audit-off_20260831T025111Z,obs_bd293cc1513b4a6c9cec3fbe607e952b,2026-08-31T02:51:11.880459+00:00,x509,valid_active,6,50,UAV-VALID,ACCEPTED,ACCEPTED,True,49837400,49.8374,31700,57800,49479100,0,207600,4200,0,0,,,,none,x509-valid_active_8,0,False,238,8,
n10-identities_c50-conc_mech-x509-1backend_valid-active_r30_audit-off_20260831T025111Z,obs_123c296f237e4b70a6fb5f536089c9b4,2026-08-31T02:51:11.886619+00:00,x509,valid_active,14,50,UAV-VALID,ACCEPTED,ACCEPTED,True,50716000,50.716,29000,118500,50375200,0,118500,3500,0,0,,,,none,x509-valid_active_14,0,False,239,8,
n10-identities_c50-conc_mech-x509-1backend_valid-active_r30_audit-off_20260831T025111Z,obs_f1f45aee64be44d69c82ea8ce94085ba,2026-08-31T02:51:11.887892+00:00,x509,valid_active,8,50,UAV-VALID,ACCEPTED,ACCEPTED,True,68467900,68.4679,26300,84400,68101500,0,165700,4400,0,0,,,,none,x509-valid_active_10,0,False,239,8,
n10-identities_c50-conc_mech-x509-1backend_valid-active_r30_audit-off_20260831T025111Z,obs_001c83980b4e4387a83d2b4c7a0aac13,2026-08-31T02:51:11.889073+00:00,x509,valid_active,13,50,UAV-VALID,ACCEPTED,ACCEPTED,True,58923200,58.9232,29400,59600,58669800,0,121600,3000,0,0,,,,none,x509-valid_active_0,0,False,238,8,
n10-identities_c50-conc_mech-x509-1backend_valid-active_r30_audit-off_20260831T025111Z,obs_a1d501c57e404e1a9754a82a770b2fc8,2026-08-31T02:51:11.889858+00:00,x509,valid_active,15,50,UAV-VALID,ACCEPTED,ACCEPTED,True,38706300,38.7063,21600,168600,38315500,0,113300,2400,0,0,,,,none,x509-valid_active_15,0,False,239,8,
n10-identities_c50-conc_mech-x509-1backend_valid-active_r30_audit-off_20260831T025111Z,obs_e2db658a5cd240bbb2b5c02c3376997e,2026-08-31T02:51:11.899463+00:00,x509,valid_active,17,50,UAV-VALID,ACCEPTED,ACCEPTED,True,40019900,40.0199,32200,51600,39702400,0,158200,3800,0,0,,,,none,x509-valid_active_2,0,False,238,8,
n10-identities_c50-conc_mech-x509-1backend_valid-active_r30_audit-off_20260831T025111Z,obs_490a9ff472244cc7b25496b0945c9b08,2026-08-31T02:51:11.899823+00:00,x509,valid_active,11,50,UAV-VALID,ACCEPTED,ACCEPTED,True,78339400,78.3394,23500,48300,78108200,0,119700,3100,0,0,,,,none,x509-valid_active_1,0,False,239,8,
n10-identities_c50-conc_mech-x509-1backend_valid-active_r30_audit-off_20260831T025111Z,obs_43c875d21e034826852433d43db77b5d,2026-08-31T02:51:11.900319+00:00,x509,valid_active,10,50,UAV-VALID,ACCEPTED,ACCEPTED,True,59589000,59.589,53600,63200,59345800,0,108900,2400,0,0,,,,none,x509-valid_active_12,0,False,240,8,
n10-identities_c50-conc_mech-x509-1backend_valid-active_r30_audit-off_20260831T025111Z,obs_d73922c23bcc480fbb81257956a32b8d,2026-08-31T02:51:11.903708+00:00,x509,valid_active,21,50,UAV-VALID,ACCEPTED,ACCEPTED,True,30381500,30.3815,22600,83300,30110100,0,108300,2400,0,0,,,,none,x509-valid_active_19,0,False,240,8,
n10-identities_c50-conc_mech-x509-1backend_valid-active_r30_audit-off_20260831T025111Z,obs_7b568a65a70546a28bf95bdf60dbe65d,2026-08-31T02:51:11.915622+00:00,x509,valid_active,22,50,UAV-VALID,ACCEPTED,ACCEPTED,True,22135800,22.1358,50500,58700,21866300,0,135900,3600,0,0,,,,none,x509-valid_active_20,0,False,239,8,
n10-identities_c50-conc_mech-x509-1backend_valid-active_r30_audit-off_20260831T025111Z,obs_be593467e5464892b83762079f8de0c3,2026-08-31T02:51:11.916031+00:00,x509,valid_active,12,50,UAV-VALID,ACCEPTED,ACCEPTED,True,52198500,52.1985,24400,60500,51943800,0,122000,3000,0,0,,,,none,x509-valid_active_13,0,False,239,8,
n10-identities_c50-conc_mech-x509-1backend_valid-active_r30_audit-off_20260831T025111Z,obs_a280ad7d40b747ada83a93f2a6e9811e,2026-08-31T02:51:11.916985+00:00,x509,valid_active,18,50,UAV-VALID,ACCEPTED,ACCEPTED,True,42800700,42.8007,23900,68900,42547300,0,106100,2800,0,0,,,,none,x509-valid_active_17,0,False,238,8,
n10-identities_c50-conc_mech-x509-1backend_valid-active_r30_audit-off_20260831T025111Z,obs_6f894142795a425f9dbd5383d315233a,2026-08-31T02:51:11.917728+00:00,x509,valid_active,24,50,UAV-VALID,ACCEPTED,ACCEPTED,True,21104100,21.1041,29200,95100,20763100,0,151100,3300,0,0,,,,none,x509-valid_active_5,0,False,239,8,
n10-identities_c50-conc_mech-x509-1backend_valid-active_r30_audit-off_20260831T025111Z,obs_c8b544f8c39c4d4890a3e4310bda8324,2026-08-31T02:51:11.918783+00:00,x509,valid_active,16,50,UAV-VALID,ACCEPTED,ACCEPTED,True,27952400,27.9524,39900,56500,27675800,0,152800,2900,0,0,,,,none,x509-valid_active_16,0,False,238,8,
n10-identities_c50-conc_mech-x509-1backend_valid-active_r30_audit-off_20260831T025111Z,obs_a2eecbfb14114da6a3be5c399e506922,2026-08-31T02:51:11.919010+00:00,x509,valid_active,19,50,UAV-VALID,ACCEPTED,ACCEPTED,True,28547100,28.5471,68400,41500,28356700,0,97700,2300,0,0,,,,none,x509-valid_active_3,0,False,240,8,
n10-identities_c50-conc_mech-x509-1backend_valid-active_r30_audit-off_20260831T025111Z,obs_f0633a9a52a5453bb59d5db4d44e0082,2026-08-31T02:51:11.920965+00:00,x509,valid_active,25,50,UAV-VALID,ACCEPTED,ACCEPTED,True,12951300,12.9513,18300,61400,12661000,0,133100,3600,0,0,,,,none,x509-valid_active_22,0,False,238,8,
n10-identities_c50-conc_mech-x509-1backend_valid-active_r30_audit-off_20260831T025111Z,obs_b247fbcbd266435b8a72051a3735947e,2026-08-31T02:51:11.921557+00:00,x509,valid_active,23,50,UAV-VALID,ACCEPTED,ACCEPTED,True,28931300,28.9313,31000,55300,28620400,0,170700,4400,0,0,,,,none,x509-valid_active_21,0,False,240,8,
n10-identities_c50-conc_mech-x509-1backend_valid-active_r30_audit-off_20260831T025111Z,obs_dd2d572e84534596a4799371e1d77f9e,2026-08-31T02:51:11.923169+00:00,x509,valid_active,28,50,UAV-VALID,ACCEPTED,ACCEPTED,True,5978000,5.978,24000,38700,5758300,0,116600,3200,0,0,,,,none,x509-valid_active_6,0,False,239,8,
n10-identities_c50-conc_mech-x509-1backend_valid-active_r30_audit-off_20260831T025111Z,obs_54f693548e7745a98a25bfd44ebf4cb1,2026-08-31T02:51:11.924543+00:00,x509,valid_active,20,50,UAV-VALID,ACCEPTED,ACCEPTED,True,15988000,15.988,45100,59500,15749700,0,107600,2700,0,0,,,,none,x509-valid_active_18,0,False,239,8,
n10-identities_c50-conc_mech-x509-1backend_valid-active_r30_audit-off_20260831T025111Z,obs_4a6626efae334373bdd0125352105155,2026-08-31T02:51:11.924961+00:00,x509,valid_active,29,50,UAV-VALID,ACCEPTED,ACCEPTED,True,11234300,11.2343,21700,106300,10863600,0,144700,3200,0,0,,,,none,x509-valid_active_24,0,False,238,8,
n10-identities_c50-conc_mech-x509-1backend_valid-active_r30_audit-off_20260831T025111Z,obs_04e7d7a5febc494fabbde5e0c3798fbe,2026-08-31T02:51:11.925281+00:00,x509,valid_active,27,50,UAV-VALID,ACCEPTED,ACCEPTED,True,7253400,7.2534,49800,73300,7016300,0,99500,2700,0,0,,,,none,x509-valid_active_23,0,False,240,8,
n10-identities_c50-conc_mech-x509-1backend_valid-active_r30_audit-off_20260831T025111Z,obs_fce04fe0b75448d986b68caa97f6f405,2026-08-31T02:51:11.925547+00:00,x509,valid_active,26,50,UAV-VALID,ACCEPTED,ACCEPTED,True,10558800,10.5588,21100,88000,10288600,0,98100,3000,0,0,,,,none,x509-valid_active_4,0,False,238,8,
n10-identities_c50-conc_mech-blockchain-1backend_valid-active_r30_audit-off_20260831T025112Z,obs_3891ebbda13d41cd8d7d01b13d59db07,2026-08-31T02:51:13.100977+00:00,blockchain,valid_active,0,50,UAV-VALID,ACCEPTED,ACCEPTED,True,128254400,128.2544,36600,127877100,0,6000,235400,6300,0,0,,,,none,blockchain-valid_active_0,0,True,239,8,
n10-identities_c50-conc_mech-blockchain-1backend_valid-active_r30_audit-off_20260831T025112Z,obs_9c797575d84a4de8a59a3e6d49d7dd9b,2026-08-31T02:51:13.235857+00:00,blockchain,valid_active,1,50,UAV-VALID,ACCEPTED,ACCEPTED,True,246952500,246.9525,54800,246678200,0,2300,157600,3400,0,0,,,,none,blockchain-valid_active_3,0,False,240,8,
n10-identities_c50-conc_mech-blockchain-1backend_valid-active_r30_audit-off_20260831T025112Z,obs_125b9aff6cbb41bdbbbb911c1fc6ec60,2026-08-31T02:51:13.252607+00:00,blockchain,valid_active,5,50,UAV-VALID,ACCEPTED,ACCEPTED,True,224068200,224.0682,58900,223725800,0,2500,152000,3500,0,0,,,,none,blockchain-valid_active_7,0,False,238,8,
n10-identities_c50-conc_mech-blockchain-1backend_valid-active_r30_audit-off_20260831T025112Z,obs_3143fe11c9564745b0730a7d36d861f7,2026-08-31T02:51:13.254233+00:00,blockchain,valid_active,0,50,UAV-VALID,ACCEPTED,ACCEPTED,True,252895700,252.8957,33300,252679800,0,2800,138300,4500,0,0,,,,none,blockchain-valid_active_2,0,False,239,8,
n10-identities_c50-conc_mech-blockchain-1backend_valid-active_r30_audit-off_20260831T025112Z,obs_3d57fe123ba44218ab875e95c2111b76,2026-08-31T02:51:13.281820+00:00,blockchain,valid_active,6,50,UAV-VALID,ACCEPTED,ACCEPTED,True,251450100,251.4501,33900,251158600,0,2700,166200,4600,0,0,,,,none,blockchain-valid_active_8,0,False,238,8,
n10-identities_c50-conc_mech-blockchain-1backend_valid-active_r30_audit-off_20260831T025112Z,obs_2fa336ce81ee45d6b1e4fad081aff2b0,2026-08-31T02:51:13.285059+00:00,blockchain,valid_active,3,50,UAV-VALID,ACCEPTED,ACCEPTED,True,265735400,265.7354,35700,265524700,0,2100,133700,2900,0,0,,,,none,blockchain-valid_active_5,0,False,238,8,
n10-identities_c50-conc_mech-blockchain-1backend_valid-active_r30_audit-off_20260831T025112Z,obs_753ae4acdc2745eaa38c8297b906bea8,2026-08-31T02:51:13.289091+00:00,blockchain,valid_active,1,50,UAV-VALID,ACCEPTED,ACCEPTED,True,289319700,289.3197,37200,289008200,0,2500,211000,4500,0,0,,,,none,blockchain-valid_active_1,0,True,238,8,
n10-identities_c50-conc_mech-blockchain-1backend_valid-active_r30_audit-off_20260831T025112Z,obs_b8f78ad716754ba6b53b635f069fc61f,2026-08-31T02:51:13.303673+00:00,blockchain,valid_active,2,50,UAV-VALID,ACCEPTED,ACCEPTED,True,277562000,277.562,39500,277184200,0,2400,201000,3500,0,0,,,,none,blockchain-valid_active_4,0,False,238,8,
n10-identities_c50-conc_mech-blockchain-1backend_valid-active_r30_audit-off_20260831T025112Z,obs_2bc3ff055eab4651b05be8a089c8457e,2026-08-31T02:51:13.312192+00:00,blockchain,valid_active,4,50,UAV-VALID,ACCEPTED,ACCEPTED,True,279976400,279.9764,46800,279715100,0,3000,157100,4200,0,0,,,,none,blockchain-valid_active_6,0,False,240,8,
n10-identities_c50-conc_mech-blockchain-1backend_valid-active_r30_audit-off_20260831T025112Z,obs_9464e41480914d5f8f293312ca720f83,2026-08-31T02:51:13.345798+00:00,blockchain,valid_active,8,50,UAV-VALID,ACCEPTED,ACCEPTED,True,279500700,279.5007,34300,279249700,0,3300,158000,3500,0,0,,,,none,blockchain-valid_active_10,0,False,239,8,
n10-identities_c50-conc_mech-blockchain-1backend_valid-active_r30_audit-off_20260831T025112Z,obs_9adf53b3ff6f4aa0b7be2185738ce400,2026-08-31T02:51:13.349383+00:00,blockchain,valid_active,9,50,UAV-VALID,ACCEPTED,ACCEPTED,True,288743600,288.7436,50500,288473300,0,3400,155600,3700,0,0,,,,none,blockchain-valid_active_11,0,False,238,8,
n10-identities_c50-conc_mech-blockchain-1backend_valid-active_r30_audit-off_20260831T025112Z,obs_6705bffcd16f49ccbdf3e8e2c5df61d0,2026-08-31T02:51:13.352611+00:00,blockchain,valid_active,10,50,UAV-VALID,ACCEPTED,ACCEPTED,True,245891500,245.8915,49200,245582500,0,4100,174400,4300,0,0,,,,none,blockchain-valid_active_12,0,False,239,8,
n10-identities_c50-conc_mech-blockchain-1backend_valid-active_r30_audit-off_20260831T025112Z,obs_b32f2c1384904ee4a4e0133a35918828,2026-08-31T02:51:13.365625+00:00,blockchain,valid_active,13,50,UAV-VALID,ACCEPTED,ACCEPTED,True,273616500,273.6165,55100,273319800,0,2400,173000,4800,0,0,,,,none,blockchain-valid_active_15,0,False,239,8,
n10-identities_c50-conc_mech-blockchain-1backend_valid-active_r30_audit-off_20260831T025112Z,obs_4c4c172948b9479bbac07856c976ad0c,2026-08-31T02:51:13.392118+00:00,blockchain,valid_active,7,50,UAV-VALID,ACCEPTED,ACCEPTED,True,318150100,318.1501,42300,317797400,0,4400,218700,6200,0,0,,,,none,blockchain-valid_active_9,0,False,239,8,
n10-identities_c50-conc_mech-blockchain-1backend_valid-active_r30_audit-off_20260831T025112Z,obs_9ecaf4eb16a44886839fdcf7903525f5,2026-08-31T02:51:13.399949+00:00,blockchain,valid_active,12,50,UAV-VALID,ACCEPTED,ACCEPTED,True,268894100,268.8941,99300,268504900,0,4500,217800,5800,0,0,,,,none,blockchain-valid_active_14,0,False,239,8,
n10-identities_c50-conc_mech-blockchain-1backend_valid-active_r30_audit-off_20260831T025112Z,obs_fcb0c5612cbd497797a4ea1fc3d58a0c,2026-08-31T02:51:13.417506+00:00,blockchain,valid_active,19,50,UAV-VALID,ACCEPTED,ACCEPTED,True,228842900,228.8429,35500,228444000,0,3800,255700,5800,0,0,,,,none,blockchain-valid_active_0,0,False,238,8,
n10-identities_c50-conc_mech-blockchain-1backend_valid-active_r30_audit-off_20260831T025112Z,obs_d3469bb832ed444880fbf7feb8800021,2026-08-31T02:51:13.419599+00:00,blockchain,valid_active,20,50,UAV-VALID,ACCEPTED,ACCEPTED,True,178268300,178.2683,39300,177928300,0,4600,221900,4700,0,0,,,,none,blockchain-valid_active_21,0,False,239,8,
n10-identities_c50-conc_mech-blockchain-1backend_valid-active_r30_audit-off_20260831T025112Z,obs_08448c6c994c4cdaa61782de38390f8f,2026-08-31T02:51:13.439748+00:00,blockchain,valid_active,18,50,UAV-VALID,ACCEPTED,ACCEPTED,True,214845000,214.845,50100,214462200,0,4300,247500,5100,0,0,,,,none,blockchain-valid_active_20,0,False,238,8,
n10-identities_c50-conc_mech-blockchain-1backend_valid-active_r30_audit-off_20260831T025112Z,obs_7dce817692424582ae0d630e6c3d1593,2026-08-31T02:51:13.441583+00:00,blockchain,valid_active,17,50,UAV-VALID,ACCEPTED,ACCEPTED,True,244602500,244.6025,53500,244247500,0,3600,218400,3900,0,0,,,,none,blockchain-valid_active_19,0,False,239,8,
n10-identities_c50-conc_mech-blockchain-1backend_valid-active_r30_audit-off_20260831T025112Z,obs_a379b40329184ab7854ab262fb8711a4,2026-08-31T02:51:13.445817+00:00,blockchain,valid_active,15,50,UAV-VALID,ACCEPTED,ACCEPTED,True,243787900,243.7879,67600,243393700,0,4800,229500,5600,0,0,,,,none,blockchain-valid_active_17,0,False,238,8,
n10-identities_c50-conc_mech-blockchain-1backend_valid-active_r30_audit-off_20260831T025112Z,obs_ffefd7d4159e4641ae446b18af4c59aa,2026-08-31T02:51:13.449964+00:00,blockchain,valid_active,24,50,UAV-VALID,ACCEPTED,ACCEPTED,True,167182900,167.1829,29200,166797500,0,4300,244800,6800,0,0,,,,none,blockchain-valid_active_25,0,False,238,8,
n10-identities_c50-conc_mech-blockchain-1backend_valid-active_r30_audit-off_20260831T025112Z,obs_69d8a4d9e18542118a24969a625364a3,2026-08-31T02:51:13.452262+00:00,blockchain,valid_active,22,50,UAV-VALID,ACCEPTED,ACCEPTED,True,197377100,197.3771,34700,197005400,0,5000,245700,5400,0,0,,,,none,blockchain-valid_active_23,0,False,240,8,
n10-identities_c50-conc_mech-blockchain-1backend_valid-active_r30_audit-off_20260831T025112Z,obs_87f5255197064ee189dead423306eb32,2026-08-31T02:51:13.454253+00:00,blockchain,valid_active,14,50,UAV-VALID,ACCEPTED,ACCEPTED,True,286404000,286.404,72000,285974300,0,4500,259700,7000,0,0,,,,none,blockchain-valid_active_16,0,False,239,8,
n10-identities_c50-conc_mech-blockchain-1backend_valid-active_r30_audit-off_20260831T025112Z,obs_4b53e7020e514e81b84395bc26b309cd,2026-08-31T02:51:13.456111+00:00,blockchain,valid_active,16,50,UAV-VALID,ACCEPTED,ACCEPTED,True,248974600,248.9746,51700,248552400,0,4700,265600,8100,0,0,,,,none,blockchain-valid_active_18,0,False,239,8,
n10-identities_c50-conc_mech-blockchain-1backend_valid-active_r30_audit-off_20260831T025112Z,obs_640eb7a3e53e48e29c0f5818eb1c6aaa,2026-08-31T02:51:13.487863+00:00,blockchain,valid_active,23,50,UAV-VALID,ACCEPTED,ACCEPTED,True,214046000,214.046,38100,213665900,0,4300,232700,5300,0,0,,,,none,blockchain-valid_active_24,0,False,238,8,
n10-identities_c50-conc_mech-blockchain-1backend_valid-active_r30_audit-off_20260831T025112Z,obs_42aa8823e08c4a178928b6e4e087bbe4,2026-08-31T02:51:13.493900+00:00,blockchain,valid_active,27,50,UAV-VALID,ACCEPTED,ACCEPTED,True,192756300,192.7563,33000,192354100,0,5100,258100,6800,0,0,,,,none,blockchain-valid_active_28,0,False,239,8,
n10-identities_c50-conc_mech-blockchain-1backend_valid-active_r30_audit-off_20260831T025112Z,obs_e585751612a34ce587d75fcbdcc552d9,2026-08-31T02:51:13.498629+00:00,blockchain,valid_active,11,50,UAV-VALID,ACCEPTED,ACCEPTED,True,370415900,370.4159,141800,369483600,0,4100,749700,8300,0,0,,,,none,blockchain-valid_active_13,0,False,238,8,
n10-identities_c50-conc_mech-blockchain-1backend_valid-active_r30_audit-off_20260831T025112Z,obs_c387d89bf3c547a08d46fe8183858a75,2026-08-31T02:51:13.502391+00:00,blockchain,valid_active,26,50,UAV-VALID,ACCEPTED,ACCEPTED,True,211865300,211.8653,92000,211568200,0,3200,165600,3600,0,0,,,,none,blockchain-valid_active_27,0,False,238,8,
n10-identities_c50-conc_mech-blockchain-1backend_valid-active_r30_audit-off_20260831T025112Z,obs_c88407a40ff34459ae37d9f166f714c0,2026-08-31T02:51:13.504862+00:00,blockchain,valid_active,21,50,UAV-VALID,ACCEPTED,ACCEPTED,True,231788800,231.7888,26900,230782000,0,117800,668400,8200,0,0,,,,none,blockchain-valid_active_22,0,False,239,8,
n10-identities_c50-conc_mech-blockchain-1backend_valid-active_r30_audit-off_20260831T025112Z,obs_e20f1c9b710e4b08a4a7b87edec02532,2026-08-31T02:51:13.511125+00:00,blockchain,valid_active,29,50,UAV-VALID,ACCEPTED,ACCEPTED,True,196209100,196.2091,43800,195817600,0,5600,244400,7200,0,0,,,,none,blockchain-valid_active_30,0,False,238,8,
n10-identities_c50-conc_mech-blockchain-1backend_valid-active_r30_audit-off_20260831T025112Z,obs_eaba101ccb594e90a76d7027409a89e8,2026-08-31T02:51:13.513007+00:00,blockchain,valid_active,25,50,UAV-VALID,ACCEPTED,ACCEPTED,True,243288800,243.2888,38500,242902700,0,5000,244200,7400,0,0,,,,none,blockchain-valid_active_26,0,False,239,8,
n10-identities_c50-conc_mech-blockchain-1backend_valid-active_r30_audit-off_20260831T025112Z,obs_05305ee2c3d44ecdbd1a93961dd67d78,2026-08-31T02:51:13.515194+00:00,blockchain,valid_active,28,50,UAV-VALID,ACCEPTED,ACCEPTED,True,212977500,212.9775,36700,212614000,0,3700,239300,5700,0,0,,,,none,blockchain-valid_active_29,0,False,239,8,
n50-identities_c1-conc_mech-x509-1backend_valid-active_r30_audit-off_20260831T025114Z,obs_d3954cce9eb34330ac87e4b3f49130c6,2026-08-31T02:51:14.802077+00:00,x509,valid_active,0,1,UAV-VALID,ACCEPTED,ACCEPTED,True,1240900,1.2409,38500,76200,961500,0,125800,3700,0,0,,,,none,x509-valid_active_0,0,True,240,8,
n50-identities_c1-conc_mech-x509-1backend_valid-active_r30_audit-off_20260831T025114Z,obs_8af855eebdef40668b490b65fe5c4746,2026-08-31T02:51:14.808288+00:00,x509,valid_active,1,1,UAV-VALID,ACCEPTED,ACCEPTED,True,1404100,1.4041,33900,67400,1107800,0,151900,3500,0,0,,,,none,x509-valid_active_0,0,True,239,8,
n50-identities_c1-conc_mech-x509-1backend_valid-active_r30_audit-off_20260831T025114Z,obs_a76c218d5f0d4e7eadb6976f88e63ec3,2026-08-31T02:51:14.815953+00:00,x509,valid_active,0,1,UAV-VALID,ACCEPTED,ACCEPTED,True,1521300,1.5213,55700,77400,1203700,0,144600,4500,0,0,,,,none,x509-valid_active_0,0,False,239,8,
n50-identities_c1-conc_mech-x509-1backend_valid-active_r30_audit-off_20260831T025114Z,obs_45ef3d1f34a64dfbb3edf90384fe9bf4,2026-08-31T02:51:14.822516+00:00,x509,valid_active,1,1,UAV-VALID,ACCEPTED,ACCEPTED,True,1542900,1.5429,33300,88000,1236200,0,128300,5200,0,0,,,,none,x509-valid_active_0,0,False,239,8,
n50-identities_c1-conc_mech-x509-1backend_valid-active_r30_audit-off_20260831T025114Z,obs_79d4a3dfd0454eab965a9b3f1fa6cffc,2026-08-31T02:51:14.830903+00:00,x509,valid_active,2,1,UAV-VALID,ACCEPTED,ACCEPTED,True,2729400,2.7294,56900,110900,2266300,0,211000,6200,0,0,,,,none,x509-valid_active_0,0,False,240,8,
n50-identities_c1-conc_mech-x509-1backend_valid-active_r30_audit-off_20260831T025114Z,obs_2d3baf35fda24a18ada6c56f31b82eb4,2026-08-31T02:51:14.837233+00:00,x509,valid_active,3,1,UAV-VALID,ACCEPTED,ACCEPTED,True,1485700,1.4857,33800,58000,1217700,0,132800,4800,0,0,,,,none,x509-valid_active_0,0,False,238,8,
n50-identities_c1-conc_mech-x509-1backend_valid-active_r30_audit-off_20260831T025114Z,obs_11423032201c401a9c40add206682a6b,2026-08-31T02:51:14.845764+00:00,x509,valid_active,4,1,UAV-VALID,ACCEPTED,ACCEPTED,True,3765400,3.7654,35900,61100,2204400,0,299800,7300,0,0,,,,none,x509-valid_active_0,0,False,238,8,
n50-identities_c1-conc_mech-x509-1backend_valid-active_r30_audit-off_20260831T025114Z,obs_07de1ae0650b495d8e61319408b99593,2026-08-31T02:51:14.853745+00:00,x509,valid_active,5,1,UAV-VALID,ACCEPTED,ACCEPTED,True,1929700,1.9297,63800,104700,1582600,0,138300,3600,0,0,,,,none,x509-valid_active_0,0,False,238,8,
n50-identities_c1-conc_mech-x509-1backend_valid-active_r30_audit-off_20260831T025114Z,obs_3239102168474608adc4bfec6f465886,2026-08-31T02:51:14.860800+00:00,x509,valid_active,6,1,UAV-VALID,ACCEPTED,ACCEPTED,True,2194600,2.1946,33100,55700,1813200,0,211000,6800,0,0,,,,none,x509-valid_active_0,0,False,239,8,
n50-identities_c1-conc_mech-x509-1backend_valid-active_r30_audit-off_20260831T025114Z,obs_b105737b603c4496807b97e12265cc3f,2026-08-31T02:51:14.870291+00:00,x509,valid_active,7,1,UAV-VALID,ACCEPTED,ACCEPTED,True,2052900,2.0529,52600,102900,1604400,0,208300,6000,0,0,,,,none,x509-valid_active_0,0,False,240,8,
n50-identities_c1-conc_mech-x509-1backend_valid-active_r30_audit-off_20260831T025114Z,obs_d41009edaf8e4948b104a83e121d47e8,2026-08-31T02:51:14.880112+00:00,x509,valid_active,8,1,UAV-VALID,ACCEPTED,ACCEPTED,True,1723200,1.7232,40100,71000,1356800,0,187900,6700,0,0,,,,none,x509-valid_active_0,0,False,240,8,
n50-identities_c1-conc_mech-x509-1backend_valid-active_r30_audit-off_20260831T025114Z,obs_1b4b468de1cf4c42aa16555bcc1ea994,2026-08-31T02:51:14.886811+00:00,x509,valid_active,9,1,UAV-VALID,ACCEPTED,ACCEPTED,True,1495400,1.4954,37800,63400,1203900,0,143200,4700,0,0,,,,none,x509-valid_active_0,0,False,240,8,
n50-identities_c1-conc_mech-x509-1backend_valid-active_r30_audit-off_20260831T025114Z,obs_62d6e88801c94006b5e75e573d0f6530,2026-08-31T02:51:14.894943+00:00,x509,valid_active,10,1,UAV-VALID,ACCEPTED,ACCEPTED,True,1822000,1.822,48100,63900,1534200,0,136800,4300,0,0,,,,none,x509-valid_active_0,0,False,239,8,
n50-identities_c1-conc_mech-x509-1backend_valid-active_r30_audit-off_20260831T025114Z,obs_02193a17160f44c7b2145bf93537317f,2026-08-31T02:51:14.900861+00:00,x509,valid_active,11,1,UAV-VALID,ACCEPTED,ACCEPTED,True,1253000,1.253,35400,59400,997300,0,127600,3300,0,0,,,,none,x509-valid_active_0,0,False,240,8,
n50-identities_c1-conc_mech-x509-1backend_valid-active_r30_audit-off_20260831T025114Z,obs_b8439cc209ba47938ba4e1e19036caf0,2026-08-31T02:51:14.907392+00:00,x509,valid_active,12,1,UAV-VALID,ACCEPTED,ACCEPTED,True,1945800,1.9458,31400,92400,1439600,0,250300,5800,0,0,,,,none,x509-valid_active_0,0,False,238,8,
n50-identities_c1-conc_mech-x509-1backend_valid-active_r30_audit-off_20260831T025114Z,obs_f9707aee13714e64afe2cab0fb0544de,2026-08-31T02:51:14.914418+00:00,x509,valid_active,13,1,UAV-VALID,ACCEPTED,ACCEPTED,True,1415500,1.4155,37400,69000,1122400,0,138500,3600,0,0,,,,none,x509-valid_active_0,0,False,239,8,
n50-identities_c1-conc_mech-x509-1backend_valid-active_r30_audit-off_20260831T025114Z,obs_48cb33d86f7549a3a7f85a1e875a7492,2026-08-31T02:51:14.920418+00:00,x509,valid_active,14,1,UAV-VALID,ACCEPTED,ACCEPTED,True,1197900,1.1979,32700,63100,934100,0,127100,3900,0,0,,,,none,x509-valid_active_0,0,False,238,8,
n50-identities_c1-conc_mech-x509-1backend_valid-active_r30_audit-off_20260831T025114Z,obs_32c52c4cfdef4bf5a7d3157f653f8cfa,2026-08-31T02:51:14.928515+00:00,x509,valid_active,15,1,UAV-VALID,ACCEPTED,ACCEPTED,True,1653600,1.6536,34500,89700,1341600,0,133000,3600,0,0,,,,none,x509-valid_active_0,0,False,239,8,
n50-identities_c1-conc_mech-x509-1backend_valid-active_r30_audit-off_20260831T025114Z,obs_559a56e2a09d4a3b8168f9a849c9eaf6,2026-08-31T02:51:14.934648+00:00,x509,valid_active,16,1,UAV-VALID,ACCEPTED,ACCEPTED,True,1401600,1.4016,32100,60100,1135600,0,132500,4000,0,0,,,,none,x509-valid_active_0,0,False,238,8,
n50-identities_c1-conc_mech-x509-1backend_valid-active_r30_audit-off_20260831T025114Z,obs_8f02845d3d4c419ea4025a75f9338f67,2026-08-31T02:51:14.941813+00:00,x509,valid_active,17,1,UAV-VALID,ACCEPTED,ACCEPTED,True,1463700,1.4637,41000,64300,1189600,0,130400,3400,0,0,,,,none,x509-valid_active_0,0,False,239,8,
n50-identities_c1-conc_mech-x509-1backend_valid-active_r30_audit-off_20260831T025114Z,obs_1ae81832faf247b7958b8a49eb906c3f,2026-08-31T02:51:14.948391+00:00,x509,valid_active,18,1,UAV-VALID,ACCEPTED,ACCEPTED,True,1459500,1.4595,35500,63100,1188700,0,135800,4100,0,0,,,,none,x509-valid_active_0,0,False,239,8,
n50-identities_c1-conc_mech-x509-1backend_valid-active_r30_audit-off_20260831T025114Z,obs_31b05ae567764d9985c5fa2e1becba36,2026-08-31T02:51:14.955387+00:00,x509,valid_active,19,1,UAV-VALID,ACCEPTED,ACCEPTED,True,1508500,1.5085,54800,94200,1180100,0,138000,3000,0,0,,,,none,x509-valid_active_0,0,False,240,8,
n50-identities_c1-conc_mech-x509-1backend_valid-active_r30_audit-off_20260831T025114Z,obs_34650075dcbd4c9b9142ec681ef4f48b,2026-08-31T02:51:14.961697+00:00,x509,valid_active,20,1,UAV-VALID,ACCEPTED,ACCEPTED,True,1632300,1.6323,41600,103600,1299000,0,138800,3600,0,0,,,,none,x509-valid_active_0,0,False,239,8,
n50-identities_c1-conc_mech-x509-1backend_valid-active_r30_audit-off_20260831T025114Z,obs_ae909f9f78dc49c7be45c57ef809bc96,2026-08-31T02:51:14.968201+00:00,x509,valid_active,21,1,UAV-VALID,ACCEPTED,ACCEPTED,True,1872100,1.8721,34300,58600,1417200,0,270500,9100,0,0,,,,none,x509-valid_active_0,0,False,240,8,
n50-identities_c1-conc_mech-x509-1backend_valid-active_r30_audit-off_20260831T025114Z,obs_747fc391800b4735ab82e184d9a9f01b,2026-08-31T02:51:14.975508+00:00,x509,valid_active,22,1,UAV-VALID,ACCEPTED,ACCEPTED,True,1574600,1.5746,35800,64200,1284200,0,142400,3800,0,0,,,,none,x509-valid_active_0,0,False,239,8,
n50-identities_c1-conc_mech-x509-1backend_valid-active_r30_audit-off_20260831T025114Z,obs_a3840567b90941768e86fc718173adb9,2026-08-31T02:51:14.982215+00:00,x509,valid_active,23,1,UAV-VALID,ACCEPTED,ACCEPTED,True,1463100,1.4631,36900,60100,1186500,0,136700,4200,0,0,,,,none,x509-valid_active_0,0,False,238,8,
n50-identities_c1-conc_mech-x509-1backend_valid-active_r30_audit-off_20260831T025114Z,obs_95be09cb9a2140c5b91789cbf45c7a57,2026-08-31T02:51:14.990190+00:00,x509,valid_active,24,1,UAV-VALID,ACCEPTED,ACCEPTED,True,1445400,1.4454,49100,68200,1136900,0,147200,3600,0,0,,,,none,x509-valid_active_0,0,False,240,8,
n50-identities_c1-conc_mech-x509-1backend_valid-active_r30_audit-off_20260831T025114Z,obs_1e13919e65084bc085d40d915f973051,2026-08-31T02:51:14.996877+00:00,x509,valid_active,25,1,UAV-VALID,ACCEPTED,ACCEPTED,True,1354000,1.354,36700,63700,1073000,0,132100,3300,0,0,,,,none,x509-valid_active_0,0,False,240,8,
n50-identities_c1-conc_mech-x509-1backend_valid-active_r30_audit-off_20260831T025114Z,obs_5d60893b71324e569966e5b7563f648d,2026-08-31T02:51:15.005432+00:00,x509,valid_active,26,1,UAV-VALID,ACCEPTED,ACCEPTED,True,1867800,1.8678,44600,86800,1467200,0,206600,6000,0,0,,,,none,x509-valid_active_0,0,False,239,8,
n50-identities_c1-conc_mech-x509-1backend_valid-active_r30_audit-off_20260831T025114Z,obs_c5e1362e023f419895db27256355b2ac,2026-08-31T02:51:15.022030+00:00,x509,valid_active,27,1,UAV-VALID,ACCEPTED,ACCEPTED,True,2370600,2.3706,61300,115500,1920400,0,200000,5600,0,0,,,,none,x509-valid_active_0,0,False,240,8,
n50-identities_c1-conc_mech-x509-1backend_valid-active_r30_audit-off_20260831T025114Z,obs_d21b31bc27544611945d8b3c7d7d4b2d,2026-08-31T02:51:15.033545+00:00,x509,valid_active,28,1,UAV-VALID,ACCEPTED,ACCEPTED,True,3804200,3.8042,53700,107000,3360600,0,194400,5200,0,0,,,,none,x509-valid_active_0,0,False,239,8,
n50-identities_c1-conc_mech-x509-1backend_valid-active_r30_audit-off_20260831T025114Z,obs_68ead6bda806466c998a646eaae2216c,2026-08-31T02:51:15.041241+00:00,x509,valid_active,29,1,UAV-VALID,ACCEPTED,ACCEPTED,True,1753500,1.7535,45400,88600,1433600,0,140900,3700,0,0,,,,none,x509-valid_active_0,0,False,240,8,
n50-identities_c1-conc_mech-blockchain-1backend_valid-active_r30_audit-off_20260831T033155Z,obs_41fd61cb843a4f98abac87b3941af147,2026-08-31T03:32:11.078014+00:00,blockchain,valid_active,0,1,UAV-VALID,ACCEPTED,ACCEPTED,True,17641500,17.6415,106400,17308500,0,4300,174500,4900,0,0,,,,none,blockchain-valid_active_0,0,True,238,8,
n50-identities_c1-conc_mech-blockchain-1backend_valid-active_r30_audit-off_20260831T033155Z,obs_7e1e073a3e944a619868f84239a5ec78,2026-08-31T03:32:11.107084+00:00,blockchain,valid_active,1,1,UAV-VALID,ACCEPTED,ACCEPTED,True,19194600,19.1946,67500,18905900,0,4300,165000,5800,0,0,,,,none,blockchain-valid_active_0,0,True,239,8,
n50-identities_c1-conc_mech-blockchain-1backend_valid-active_r30_audit-off_20260831T033155Z,obs_6f20e32fcf9e4836b060bd30a0747345,2026-08-31T03:32:11.135901+00:00,blockchain,valid_active,0,1,UAV-VALID,ACCEPTED,ACCEPTED,True,24528300,24.5283,30800,24244800,0,2900,186100,3900,0,0,,,,none,blockchain-valid_active_0,0,False,239,8,
n50-identities_c1-conc_mech-blockchain-1backend_valid-active_r30_audit-off_20260831T033155Z,obs_09de6c44f26446a0afd161c3b2ff4806,2026-08-31T03:32:11.160040+00:00,blockchain,valid_active,1,1,UAV-VALID,ACCEPTED,ACCEPTED,True,18709600,18.7096,33400,18405100,0,2300,196900,6600,0,0,,,,none,blockchain-valid_active_0,0,False,239,8,
n50-identities_c1-conc_mech-blockchain-1backend_valid-active_r30_audit-off_20260831T033155Z,obs_1478181fe3eb4a40a42ab44dc255ef55,2026-08-31T03:32:11.192675+00:00,blockchain,valid_active,2,1,UAV-VALID,ACCEPTED,ACCEPTED,True,24510000,24.51,146300,24090500,0,3600,258000,6900,0,0,,,,none,blockchain-valid_active_0,0,False,239,8,
n50-identities_c1-conc_mech-blockchain-1backend_valid-active_r30_audit-off_20260831T033155Z,obs_4e8b4f84386e42cbb42dccfd7c98638d,2026-08-31T03:32:11.273865+00:00,blockchain,valid_active,3,1,UAV-VALID,ACCEPTED,ACCEPTED,True,73015400,73.0154,57100,72584400,0,4000,267000,7100,0,0,,,,none,blockchain-valid_active_0,0,False,238,8,
n50-identities_c1-conc_mech-blockchain-1backend_valid-active_r30_audit-off_20260831T033155Z,obs_3fd4c84a233d44089df48aa33af9b150,2026-08-31T03:32:11.369099+00:00,blockchain,valid_active,4,1,UAV-VALID,ACCEPTED,ACCEPTED,True,59965200,59.9652,65600,59527400,0,5000,260500,7300,0,0,,,,none,blockchain-valid_active_0,0,False,240,8,
n50-identities_c1-conc_mech-blockchain-1backend_valid-active_r30_audit-off_20260831T033155Z,obs_964120bf7e4e4207810e1dde976350db,2026-08-31T03:32:11.428863+00:00,blockchain,valid_active,5,1,UAV-VALID,ACCEPTED,ACCEPTED,True,46632200,46.6322,72900,46142500,0,5300,276800,9400,0,0,,,,none,blockchain-valid_active_0,0,False,239,8,
n50-identities_c1-conc_mech-blockchain-1backend_valid-active_r30_audit-off_20260831T033155Z,obs_d950bffe15f1490eb29982b461662bb5,2026-08-31T03:32:11.568189+00:00,blockchain,valid_active,6,1,UAV-VALID,ACCEPTED,ACCEPTED,True,95077200,95.0772,10908000,94291300,0,4300,414500,8900,0,0,,,,none,blockchain-valid_active_0,0,False,239,8,
n50-identities_c1-conc_mech-blockchain-1backend_valid-active_r30_audit-off_20260831T033155Z,obs_d48d244d680e4370b1e5dfa539c362fe,2026-08-31T03:32:11.612849+00:00,blockchain,valid_active,7,1,UAV-VALID,ACCEPTED,ACCEPTED,True,28636600,28.6366,46300,28284300,0,3500,219000,5100,0,0,,,,none,blockchain-valid_active_0,0,False,239,8,
n50-identities_c1-conc_mech-blockchain-1backend_valid-active_r30_audit-off_20260831T033155Z,obs_c505f985f4fb428db03339ef620d327a,2026-08-31T03:32:11.656992+00:00,blockchain,valid_active,8,1,UAV-VALID,ACCEPTED,ACCEPTED,True,31087200,31.0872,56300,30761800,0,2700,184800,5000,0,0,,,,none,blockchain-valid_active_0,0,False,239,8,
n50-identities_c1-conc_mech-blockchain-1backend_valid-active_r30_audit-off_20260831T033155Z,obs_1ba61e26bbf142e688bf0cedcfe24fc1,2026-08-31T03:32:11.706467+00:00,blockchain,valid_active,9,1,UAV-VALID,ACCEPTED,ACCEPTED,True,40714200,40.7142,65900,40224600,0,4100,294300,8300,0,0,,,,none,blockchain-valid_active_0,0,False,239,8,
n50-identities_c1-conc_mech-blockchain-1backend_valid-active_r30_audit-off_20260831T033155Z,obs_7705e9ffe67b458e89696b79c29d8853,2026-08-31T03:32:11.756166+00:00,blockchain,valid_active,10,1,UAV-VALID,ACCEPTED,ACCEPTED,True,31806100,31.8061,71000,31330000,0,3700,260800,7100,0,0,,,,none,blockchain-valid_active_0,0,False,240,8,
n50-identities_c1-conc_mech-blockchain-1backend_valid-active_r30_audit-off_20260831T033155Z,obs_c05fd1fbf8464f5bbed0e50c7d948430,2026-08-31T03:32:11.794997+00:00,blockchain,valid_active,11,1,UAV-VALID,ACCEPTED,ACCEPTED,True,27748600,27.7486,59900,27420100,0,3200,197600,5100,0,0,,,,none,blockchain-valid_active_0,0,False,239,8,
n50-identities_c1-conc_mech-blockchain-1backend_valid-active_r30_audit-off_20260831T033155Z,obs_eda02d396ef14832a7d0d616d9af800d,2026-08-31T03:32:11.832066+00:00,blockchain,valid_active,12,1,UAV-VALID,ACCEPTED,ACCEPTED,True,27542200,27.5422,77000,27087200,0,4100,233200,6000,0,0,,,,none,blockchain-valid_active_0,0,False,238,8,
n50-identities_c1-conc_mech-blockchain-1backend_valid-active_r30_audit-off_20260831T033155Z,obs_5991328a91b540239c8724b9c71786b9,2026-08-31T03:32:11.874634+00:00,blockchain,valid_active,13,1,UAV-VALID,ACCEPTED,ACCEPTED,True,31413500,31.4135,57800,31047600,0,2800,220900,5400,0,0,,,,none,blockchain-valid_active_0,0,False,240,8,
n50-identities_c1-conc_mech-blockchain-1backend_valid-active_r30_audit-off_20260831T033155Z,obs_077beafabfc84c72a777e81feca32094,2026-08-31T03:32:11.918371+00:00,blockchain,valid_active,14,1,UAV-VALID,ACCEPTED,ACCEPTED,True,31990000,31.99,66600,31430800,0,3600,209500,4800,0,0,,,,none,blockchain-valid_active_0,0,False,238,8,
n50-identities_c1-conc_mech-blockchain-1backend_valid-active_r30_audit-off_20260831T033155Z,obs_a06353cfbf5c4d88ab64beb3dea744a2,2026-08-31T03:32:11.951004+00:00,blockchain,valid_active,15,1,UAV-VALID,ACCEPTED,ACCEPTED,True,25695500,25.6955,48600,25405700,0,2900,174900,4300,0,0,,,,none,blockchain-valid_active_0,0,False,239,8,
n50-identities_c1-conc_mech-blockchain-1backend_valid-active_r30_audit-off_20260831T033155Z,obs_d8fd4b09ae45419ebe31c17472403d8f,2026-08-31T03:32:11.978909+00:00,blockchain,valid_active,16,1,UAV-VALID,ACCEPTED,ACCEPTED,True,19430800,19.4308,57300,19081600,0,2600,163600,4400,0,0,,,,none,blockchain-valid_active_0,0,False,239,8,
n50-identities_c1-conc_mech-blockchain-1backend_valid-active_r30_audit-off_20260831T033155Z,obs_ff28ef10af454826b3b7db49006a7698,2026-08-31T03:32:12.015913+00:00,blockchain,valid_active,17,1,UAV-VALID,ACCEPTED,ACCEPTED,True,30416100,30.4161,41800,29881100,0,3700,371500,8300,0,0,,,,none,blockchain-valid_active_0,0,False,239,8,
n50-identities_c1-conc_mech-blockchain-1backend_valid-active_r30_audit-off_20260831T033155Z,obs_adb1f9c453d1418390a07a71139248f6,2026-08-31T03:32:12.073508+00:00,blockchain,valid_active,18,1,UAV-VALID,ACCEPTED,ACCEPTED,True,51328700,51.3287,50700,51002000,0,2700,202300,5100,0,0,,,,none,blockchain-valid_active_0,0,False,238,8,
n50-identities_c1-conc_mech-blockchain-1backend_valid-active_r30_audit-off_20260831T033155Z,obs_9ee041fbf73f442886501088c88931da,2026-08-31T03:32:12.112292+00:00,blockchain,valid_active,19,1,UAV-VALID,ACCEPTED,ACCEPTED,True,28992700,28.9927,68600,28417100,0,5000,280200,7900,0,0,,,,none,blockchain-valid_active_0,0,False,240,8,
n50-identities_c1-conc_mech-blockchain-1backend_valid-active_r30_audit-off_20260831T033155Z,obs_d480198274284f65a85221cd71ad506f,2026-08-31T03:32:12.146517+00:00,blockchain,valid_active,20,1,UAV-VALID,ACCEPTED,ACCEPTED,True,25144500,25.1445,56800,24840700,0,2300,180400,4200,0,0,,,,none,blockchain-valid_active_0,0,False,239,8,
n50-identities_c1-conc_mech-blockchain-1backend_valid-active_r30_audit-off_20260831T033155Z,obs_3ab3521b541e4dc0b9260bc3e31f0498,2026-08-31T03:32:12.181501+00:00,blockchain,valid_active,21,1,UAV-VALID,ACCEPTED,ACCEPTED,True,26214600,26.2146,48500,25241700,0,4600,642300,11900,0,0,,,,none,blockchain-valid_active_0,0,False,240,8,
n50-identities_c1-conc_mech-blockchain-1backend_valid-active_r30_audit-off_20260831T033155Z,obs_c64b0ab8923d48429dbdf7d5d8255c58,2026-08-31T03:32:12.226975+00:00,blockchain,valid_active,22,1,UAV-VALID,ACCEPTED,ACCEPTED,True,34041000,34.041,54000,33642600,0,3000,247800,7200,0,0,,,,none,blockchain-valid_active_0,0,False,239,8,
n50-identities_c1-conc_mech-blockchain-1backend_valid-active_r30_audit-off_20260831T033155Z,obs_c35c88d54e40442fa065529d9a52119f,2026-08-31T03:32:12.265780+00:00,blockchain,valid_active,23,1,UAV-VALID,ACCEPTED,ACCEPTED,True,26511500,26.5115,61700,25422900,0,4600,489200,132500,0,0,,,,none,blockchain-valid_active_0,0,False,239,8,
n50-identities_c1-conc_mech-blockchain-1backend_valid-active_r30_audit-off_20260831T033155Z,obs_47e7669b46ad4a35af107e9a226c8018,2026-08-31T03:32:12.298724+00:00,blockchain,valid_active,24,1,UAV-VALID,ACCEPTED,ACCEPTED,True,25632600,25.6326,37900,25129200,0,5300,264800,37500,0,0,,,,none,blockchain-valid_active_0,0,False,238,8,
n50-identities_c1-conc_mech-blockchain-1backend_valid-active_r30_audit-off_20260831T033155Z,obs_3e1385e9c7924c639d8ba329f10db0d8,2026-08-31T03:32:12.344375+00:00,blockchain,valid_active,25,1,UAV-VALID,ACCEPTED,ACCEPTED,True,35228100,35.2281,68500,34720500,0,5300,307200,8400,0,0,,,,none,blockchain-valid_active_0,0,False,238,8,
n50-identities_c1-conc_mech-blockchain-1backend_valid-active_r30_audit-off_20260831T033155Z,obs_13dda526d27c4f8dbe93c040b2ceded0,2026-08-31T03:32:12.372721+00:00,blockchain,valid_active,26,1,UAV-VALID,ACCEPTED,ACCEPTED,True,21383100,21.3831,38300,20981800,0,2500,257400,7600,0,0,,,,none,blockchain-valid_active_0,0,False,238,8,
n50-identities_c1-conc_mech-blockchain-1backend_valid-active_r30_audit-off_20260831T033155Z,obs_1348679e743a424d969597e1e2beab37,2026-08-31T03:32:12.402000+00:00,blockchain,valid_active,27,1,UAV-VALID,ACCEPTED,ACCEPTED,True,22452300,22.4523,50900,22185100,0,2400,168200,3600,0,0,,,,none,blockchain-valid_active_0,0,False,239,8,
n50-identities_c1-conc_mech-blockchain-1backend_valid-active_r30_audit-off_20260831T033155Z,obs_27ef2ea76ec441e39ad987d98bed970d,2026-08-31T03:32:12.446562+00:00,blockchain,valid_active,28,1,UAV-VALID,ACCEPTED,ACCEPTED,True,36422100,36.4221,48600,36006800,0,3200,263800,7100,0,0,,,,none,blockchain-valid_active_0,0,False,238,8,
n50-identities_c1-conc_mech-blockchain-1backend_valid-active_r30_audit-off_20260831T033155Z,obs_b861e14723e64b379cb37cfe7283271d,2026-08-31T03:32:12.493834+00:00,blockchain,valid_active,29,1,UAV-VALID,ACCEPTED,ACCEPTED,True,38761700,38.7617,36200,38509400,0,3400,155700,4000,0,0,,,,none,blockchain-valid_active_0,0,False,239,8,
n50-identities_c5-conc_mech-x509-1backend_valid-active_r30_audit-off_20260831T025841Z,obs_1cc24f47276f42279a87f547611721b1,2026-08-31T02:58:41.874919+00:00,x509,valid_active,0,5,UAV-VALID,ACCEPTED,ACCEPTED,True,90709900,90.7099,37800,165100,90198500,0,158900,4500,0,0,,,,none,x509-valid_active_0,0,True,239,8,
n50-identities_c5-conc_mech-x509-1backend_valid-active_r30_audit-off_20260831T025841Z,obs_4af3dfa5a6364ca295996c6be5031126,2026-08-31T02:58:41.881975+00:00,x509,valid_active,1,5,UAV-VALID,ACCEPTED,ACCEPTED,True,9967200,9.9672,36400,86900,9605700,0,168200,5000,0,0,,,,none,x509-valid_active_1,0,True,238,8,
n50-identities_c5-conc_mech-x509-1backend_valid-active_r30_audit-off_20260831T025841Z,obs_800bfac8321845f180414953d883c39e,2026-08-31T02:58:41.884118+00:00,x509,valid_active,1,5,UAV-VALID,ACCEPTED,ACCEPTED,True,9956800,9.9568,40900,99000,9519200,0,202000,5600,0,0,,,,none,x509-valid_active_3,0,False,238,8,
n50-identities_c5-conc_mech-x509-1backend_valid-active_r30_audit-off_20260831T025841Z,obs_064134ee95484511b4d67ce57b165bde,2026-08-31T02:58:41.887589+00:00,x509,valid_active,0,5,UAV-VALID,ACCEPTED,ACCEPTED,True,14075200,14.0752,52300,80600,13641300,0,209500,6200,0,0,,,,none,x509-valid_active_2,0,False,239,8,
n50-identities_c5-conc_mech-x509-1backend_valid-active_r30_audit-off_20260831T025841Z,obs_9f7148fbb98a4fa5a99c6ed07868169d,2026-08-31T02:58:41.909917+00:00,x509,valid_active,3,5,UAV-VALID,ACCEPTED,ACCEPTED,True,15057600,15.0576,46600,112500,14539100,0,236000,7400,0,0,,,,none,x509-valid_active_0,0,False,239,8,
n50-identities_c5-conc_mech-x509-1backend_valid-active_r30_audit-off_20260831T025841Z,obs_3ade778380714223b354e885dd557c6a,2026-08-31T02:58:41.921080+00:00,x509,valid_active,5,5,UAV-VALID,ACCEPTED,ACCEPTED,True,12258200,12.2582,46400,118300,11797000,0,192100,4900,0,0,,,,none,x509-valid_active_3,0,False,239,8,
n50-identities_c5-conc_mech-x509-1backend_valid-active_r30_audit-off_20260831T025841Z,obs_9ec8c77ff33f46578860e34765e7c993,2026-08-31T02:58:41.926357+00:00,x509,valid_active,6,5,UAV-VALID,ACCEPTED,ACCEPTED,True,14600900,14.6009,51200,112100,14028000,0,262200,7900,0,0,,,,none,x509-valid_active_2,0,False,239,8,
n50-identities_c5-conc_mech-x509-1backend_valid-active_r30_audit-off_20260831T025841Z,obs_78ebaa209ae34d29bf077448f9dbe9e3,2026-08-31T02:58:41.930603+00:00,x509,valid_active,4,5,UAV-VALID,ACCEPTED,ACCEPTED,True,14529000,14.529,41100,161200,13961400,0,211900,5400,0,0,,,,none,x509-valid_active_1,0,False,239,8,
n50-identities_c5-conc_mech-x509-1backend_valid-active_r30_audit-off_20260831T025841Z,obs_8573ae920bb640a1b749b5016a8231d6,2026-08-31T02:58:41.944755+00:00,x509,valid_active,7,5,UAV-VALID,ACCEPTED,ACCEPTED,True,14932200,14.9322,53900,111900,14471700,0,201100,4600,0,0,,,,none,x509-valid_active_0,0,False,239,8,
n50-identities_c5-conc_mech-x509-1backend_valid-active_r30_audit-off_20260831T025841Z,obs_e6f4cbd074ef4b4895c7afbcff5ffaa8,2026-08-31T02:58:41.961052+00:00,x509,valid_active,9,5,UAV-VALID,ACCEPTED,ACCEPTED,True,11075200,11.0752,52700,55700,10743200,0,169900,4600,0,0,,,,none,x509-valid_active_2,0,False,238,8,
n50-identities_c5-conc_mech-x509-1backend_valid-active_r30_audit-off_20260831T025841Z,obs_a31cf56afafb4b9b8a4b803d5520055c,2026-08-31T02:58:41.963180+00:00,x509,valid_active,8,5,UAV-VALID,ACCEPTED,ACCEPTED,True,13762400,13.7624,39400,145700,13261800,0,199400,6300,0,0,,,,none,x509-valid_active_3,0,False,239,8,
n50-identities_c5-conc_mech-x509-1backend_valid-active_r30_audit-off_20260831T025841Z,obs_2a356d32534b4728b3c0aeb18f20a1e8,2026-08-31T02:58:41.981944+00:00,x509,valid_active,10,5,UAV-VALID,ACCEPTED,ACCEPTED,True,24530600,24.5306,34700,98600,24160800,0,161100,4400,0,0,,,,none,x509-valid_active_1,0,False,238,8,
n50-identities_c5-conc_mech-x509-1backend_valid-active_r30_audit-off_20260831T025841Z,obs_4d670de46a68486cb90196c2f9e36c01,2026-08-31T02:58:41.983971+00:00,x509,valid_active,11,5,UAV-VALID,ACCEPTED,ACCEPTED,True,22670300,22.6703,47700,70300,22256300,0,221900,5100,0,0,,,,none,x509-valid_active_0,0,False,239,8,
n50-identities_c5-conc_mech-x509-1backend_valid-active_r30_audit-off_20260831T025841Z,obs_1c844d03149447ce9894106a714aa226,2026-08-31T02:58:42.001861+00:00,x509,valid_active,2,5,UAV-VALID,ACCEPTED,ACCEPTED,True,11388400,11.3884,31500,89600,11022000,0,173600,4000,0,0,,,,none,x509-valid_active_4,0,False,240,8,
n50-identities_c5-conc_mech-x509-1backend_valid-active_r30_audit-off_20260831T025841Z,obs_b834b3626ebf45178ad001d1fd510784,2026-08-31T02:58:42.003227+00:00,x509,valid_active,13,5,UAV-VALID,ACCEPTED,ACCEPTED,True,7204300,7.2043,26700,58500,6948600,0,122700,3300,0,0,,,,none,x509-valid_active_3,0,False,239,8,
n50-identities_c5-conc_mech-x509-1backend_valid-active_r30_audit-off_20260831T025841Z,obs_efc7fb22d38343679e9255d8bb4846c8,2026-08-31T02:58:42.003647+00:00,x509,valid_active,12,5,UAV-VALID,ACCEPTED,ACCEPTED,True,7235600,7.2356,37100,52600,6998200,0,115800,2400,0,0,,,,none,x509-valid_active_2,0,False,238,8,
n50-identities_c5-conc_mech-x509-1backend_valid-active_r30_audit-off_20260831T025841Z,obs_5c533a26ac16462c86dbc002f6279609,2026-08-31T02:58:42.008121+00:00,x509,valid_active,14,5,UAV-VALID,ACCEPTED,ACCEPTED,True,10053100,10.0531,28900,54000,9795500,0,131600,3400,0,0,,,,none,x509-valid_active_1,0,False,239,8,
n50-identities_c5-conc_mech-x509-1backend_valid-active_r30_audit-off_20260831T025841Z,obs_febbe2249a1847bbb34cfd842b18b6a0,2026-08-31T02:58:42.011072+00:00,x509,valid_active,15,5,UAV-VALID,ACCEPTED,ACCEPTED,True,8762000,8.762,47100,50600,8470400,0,149000,3700,0,0,,,,none,x509-valid_active_0,0,False,240,8,
n50-identities_c5-conc_mech-x509-1backend_valid-active_r30_audit-off_20260831T025841Z,obs_8356727f31c4429bac72dd3ac26d3710,2026-08-31T02:58:42.032808+00:00,x509,valid_active,17,5,UAV-VALID,ACCEPTED,ACCEPTED,True,5756700,5.7567,27000,46500,5514800,0,125600,3200,0,0,,,,none,x509-valid_active_3,0,False,240,8,
n50-identities_c5-conc_mech-x509-1backend_valid-active_r30_audit-off_20260831T025841Z,obs_df61acbabcd748578d754f7eb62dd7a7,2026-08-31T02:58:42.033197+00:00,x509,valid_active,18,5,UAV-VALID,ACCEPTED,ACCEPTED,True,6867500,6.8675,29200,62900,6611000,0,122800,3800,0,0,,,,none,x509-valid_active_2,0,False,238,8,
n50-identities_c5-conc_mech-x509-1backend_valid-active_r30_audit-off_20260831T025841Z,obs_fc6dfae3e9d54d81927991347f0fb17d,2026-08-31T02:58:42.033791+00:00,x509,valid_active,20,5,UAV-VALID,ACCEPTED,ACCEPTED,True,4301400,4.3014,36400,82700,4007200,0,123200,3600,0,0,,,,none,x509-valid_active_0,0,False,238,8,
n50-identities_c5-conc_mech-x509-1backend_valid-active_r30_audit-off_20260831T025841Z,obs_ee985fc39d1e4987bff759385c9e1d8f,2026-08-31T02:58:42.034123+00:00,x509,valid_active,19,5,UAV-VALID,ACCEPTED,ACCEPTED,True,6497100,6.4971,24200,69200,6232100,0,117500,3500,0,0,,,,none,x509-valid_active_1,0,False,239,8,
n50-identities_c5-conc_mech-x509-1backend_valid-active_r30_audit-off_20260831T025841Z,obs_000f1fdcd3ea4728a305a66610a0e3c1,2026-08-31T02:58:42.034822+00:00,x509,valid_active,16,5,UAV-VALID,ACCEPTED,ACCEPTED,True,8125000,8.125,34500,50100,7898800,0,113400,2300,0,0,,,,none,x509-valid_active_4,0,False,239,8,
n50-identities_c5-conc_mech-x509-1backend_valid-active_r30_audit-off_20260831T025841Z,obs_67e26157cce0456aa616e79d6d475c54,2026-08-31T02:58:42.063482+00:00,x509,valid_active,22,5,UAV-VALID,ACCEPTED,ACCEPTED,True,10297700,10.2977,41500,59500,9991500,0,158300,4200,0,0,,,,none,x509-valid_active_2,0,False,240,8,
n50-identities_c5-conc_mech-x509-1backend_valid-active_r30_audit-off_20260831T025841Z,obs_ba7c652563c347b5b7c8bf59d7e85d8d,2026-08-31T02:58:42.063895+00:00,x509,valid_active,21,5,UAV-VALID,ACCEPTED,ACCEPTED,True,12170900,12.1709,44300,74400,11873500,0,133100,3300,0,0,,,,none,x509-valid_active_3,0,False,240,8,
n50-identities_c5-conc_mech-x509-1backend_valid-active_r30_audit-off_20260831T025841Z,obs_65bcab20b3304256a91505ba7424e713,2026-08-31T02:58:42.064305+00:00,x509,valid_active,23,5,UAV-VALID,ACCEPTED,ACCEPTED,True,6265100,6.2651,36600,59400,6014600,0,116300,3100,0,0,,,,none,x509-valid_active_0,0,False,239,8,
n50-identities_c5-conc_mech-x509-1backend_valid-active_r30_audit-off_20260831T025841Z,obs_6e8c12d0a8b24bf2baf2bd9c36bcbbaa,2026-08-31T02:58:42.072497+00:00,x509,valid_active,25,5,UAV-VALID,ACCEPTED,ACCEPTED,True,10144100,10.1441,53300,53100,9835300,0,158800,3500,0,0,,,,none,x509-valid_active_4,0,False,240,8,
n50-identities_c5-conc_mech-x509-1backend_valid-active_r30_audit-off_20260831T025841Z,obs_b7699c8ac4364d80ab5e2ae1c5b26a8f,2026-08-31T02:58:42.084366+00:00,x509,valid_active,24,5,UAV-VALID,ACCEPTED,ACCEPTED,True,21437500,21.4375,30600,47300,21187200,0,128800,3300,0,0,,,,none,x509-valid_active_1,0,False,239,8,
n50-identities_c5-conc_mech-x509-1backend_valid-active_r30_audit-off_20260831T025841Z,obs_ff3cf88d73e447a28eeb80aa6f44cb00,2026-08-31T02:58:42.085335+00:00,x509,valid_active,28,5,UAV-VALID,ACCEPTED,ACCEPTED,True,7512300,7.5123,50400,90700,7206700,0,125000,3000,0,0,,,,none,x509-valid_active_0,0,False,239,8,
n50-identities_c5-conc_mech-x509-1backend_valid-active_r30_audit-off_20260831T025841Z,obs_e926360e84664d719e4e9789925516ec,2026-08-31T02:58:42.087174+00:00,x509,valid_active,27,5,UAV-VALID,ACCEPTED,ACCEPTED,True,5895000,5.895,52400,62800,5639900,0,117600,3100,0,0,,,,none,x509-valid_active_3,0,False,240,8,
n50-identities_c5-conc_mech-x509-1backend_valid-active_r30_audit-off_20260831T025841Z,obs_5c0fe796dc4c48f69aad62590fbe4844,2026-08-31T02:58:42.087527+00:00,x509,valid_active,26,5,UAV-VALID,ACCEPTED,ACCEPTED,True,5862900,5.8629,29900,45200,5626700,0,117300,3400,0,0,,,,none,x509-valid_active_2,0,False,239,8,
n50-identities_c5-conc_mech-x509-1backend_valid-active_r30_audit-off_20260831T025841Z,obs_cb936e0692f24570b1d1f50255f6fc9a,2026-08-31T02:58:42.088517+00:00,x509,valid_active,29,5,UAV-VALID,ACCEPTED,ACCEPTED,True,1766500,1.7665,23800,46200,1536200,0,118100,2800,0,0,,,,none,x509-valid_active_4,0,False,239,8,
n50-identities_c5-conc_mech-blockchain-1backend_valid-active_r30_audit-off_20260831T025842Z,obs_ef4c7a464d3e4ae89e5d8dcdf51f3002,2026-08-31T02:58:42.991917+00:00,blockchain,valid_active,0,5,UAV-VALID,ACCEPTED,ACCEPTED,True,58172300,58.1723,36400,57797900,0,5400,241100,7200,0,0,,,,none,blockchain-valid_active_0,0,True,238,8,
n50-identities_c5-conc_mech-blockchain-1backend_valid-active_r30_audit-off_20260831T025842Z,obs_bd31ae725a544a4dbe6ad06fda231254,2026-08-31T02:58:43.005095+00:00,blockchain,valid_active,1,5,UAV-VALID,ACCEPTED,ACCEPTED,True,51273000,51.273,54200,50236000,0,5000,854300,10600,0,0,,,,none,blockchain-valid_active_1,0,True,239,8,
n50-identities_c5-conc_mech-blockchain-1backend_valid-active_r30_audit-off_20260831T025842Z,obs_2e0e70cb2d894a86b5bc327bd0a35016,2026-08-31T02:58:43.012131+00:00,blockchain,valid_active,2,5,UAV-VALID,ACCEPTED,ACCEPTED,True,53648100,53.6481,39900,53192000,0,4700,280400,9800,0,0,,,,none,blockchain-valid_active_4,0,False,238,8,
n50-identities_c5-conc_mech-blockchain-1backend_valid-active_r30_audit-off_20260831T025842Z,obs_f324e9ce16c641759a1e7079dcf6d04f,2026-08-31T02:58:43.015002+00:00,blockchain,valid_active,1,5,UAV-VALID,ACCEPTED,ACCEPTED,True,57707800,57.7078,46800,57288200,0,5100,247700,8900,0,0,,,,none,blockchain-valid_active_3,0,False,240,8,
n50-identities_c5-conc_mech-blockchain-1backend_valid-active_r30_audit-off_20260831T025842Z,obs_6eab78a1793a4ddfb1cf693af033fa57,2026-08-31T02:58:43.019645+00:00,blockchain,valid_active,0,5,UAV-VALID,ACCEPTED,ACCEPTED,True,75353000,75.353,35100,74965300,0,4700,233200,7700,0,0,,,,none,blockchain-valid_active_2,0,False,239,8,
n50-identities_c5-conc_mech-blockchain-1backend_valid-active_r30_audit-off_20260831T025842Z,obs_36b8cf92fc7e4edbadebe41ebfafda3d,2026-08-31T02:58:43.115800+00:00,blockchain,valid_active,5,5,UAV-VALID,ACCEPTED,ACCEPTED,True,69834000,69.834,51000,69463800,0,4600,223200,6900,0,0,,,,none,blockchain-valid_active_4,0,False,239,8,
n50-identities_c5-conc_mech-blockchain-1backend_valid-active_r30_audit-off_20260831T025842Z,obs_8982b89b90c949eb8cbe7d0aa4820198,2026-08-31T02:58:43.119415+00:00,blockchain,valid_active,6,5,UAV-VALID,ACCEPTED,ACCEPTED,True,57318800,57.3188,56700,56927300,0,3900,236700,6900,0,0,,,,none,blockchain-valid_active_3,0,False,239,8,
n50-identities_c5-conc_mech-blockchain-1backend_valid-active_r30_audit-off_20260831T025842Z,obs_9255d33691f942898e93e6f829830243,2026-08-31T02:58:43.121075+00:00,blockchain,valid_active,3,5,UAV-VALID,ACCEPTED,ACCEPTED,True,78178700,78.1787,39000,77843500,0,4600,210400,5400,0,0,,,,none,blockchain-valid_active_0,0,False,238,8,
n50-identities_c5-conc_mech-blockchain-1backend_valid-active_r30_audit-off_20260831T025842Z,obs_6d03a22a8e1649d2924c595ba5c7c449,2026-08-31T02:58:43.123316+00:00,blockchain,valid_active,7,5,UAV-VALID,ACCEPTED,ACCEPTED,True,71916200,71.9162,53600,71551400,0,4400,220000,5900,0,0,,,,none,blockchain-valid_active_2,0,False,239,8,
n50-identities_c5-conc_mech-blockchain-1backend_valid-active_r30_audit-off_20260831T025842Z,obs_4607ca643b624c8a97c63e81f19cd744,2026-08-31T02:58:43.125372+00:00,blockchain,valid_active,4,5,UAV-VALID,ACCEPTED,ACCEPTED,True,75371700,75.3717,75300,74983400,0,3900,236600,8700,0,0,,,,none,blockchain-valid_active_1,0,False,238,8,
n50-identities_c5-conc_mech-blockchain-1backend_valid-active_r30_audit-off_20260831T025842Z,obs_d950158749c0403bb6202a736b9a86ad,2026-08-31T02:58:43.203133+00:00,blockchain,valid_active,10,5,UAV-VALID,ACCEPTED,ACCEPTED,True,44694600,44.6946,34700,44309800,0,4100,246600,6200,0,0,,,,none,blockchain-valid_active_0,0,False,239,8,
n50-identities_c5-conc_mech-blockchain-1backend_valid-active_r30_audit-off_20260831T025842Z,obs_35fe632607224ab1b8fadb5fe3b3546d,2026-08-31T02:58:43.205608+00:00,blockchain,valid_active,9,5,UAV-VALID,ACCEPTED,ACCEPTED,True,61187800,61.1878,53000,60824700,0,3700,232600,5400,0,0,,,,none,blockchain-valid_active_3,0,False,239,8,
n50-identities_c5-conc_mech-blockchain-1backend_valid-active_r30_audit-off_20260831T025842Z,obs_72a9e23d1b0a422c953c46678a1111af,2026-08-31T02:58:43.230841+00:00,blockchain,valid_active,8,5,UAV-VALID,ACCEPTED,ACCEPTED,True,69797200,69.7972,30600,69398300,0,4300,240600,7200,0,0,,,,none,blockchain-valid_active_4,0,False,239,8,
n50-identities_c5-conc_mech-blockchain-1backend_valid-active_r30_audit-off_20260831T025842Z,obs_b210484196084596aa75ca4c7284ec19,2026-08-31T02:58:43.232645+00:00,blockchain,valid_active,12,5,UAV-VALID,ACCEPTED,ACCEPTED,True,75073600,75.0736,48000,74656000,0,4800,271800,6400,0,0,,,,none,blockchain-valid_active_1,0,False,240,8,
n50-identities_c5-conc_mech-blockchain-1backend_valid-active_r30_audit-off_20260831T025842Z,obs_9bf82050f6e74a669da6e7c678518102,2026-08-31T02:58:43.236634+00:00,blockchain,valid_active,11,5,UAV-VALID,ACCEPTED,ACCEPTED,True,76820100,76.8201,30200,76517000,0,3200,196600,5600,0,0,,,,none,blockchain-valid_active_2,0,False,238,8,
n50-identities_c5-conc_mech-blockchain-1backend_valid-active_r30_audit-off_20260831T025842Z,obs_053c6f8617c34060881445eace43094b,2026-08-31T02:58:43.325830+00:00,blockchain,valid_active,14,5,UAV-VALID,ACCEPTED,ACCEPTED,True,91609700,91.6097,39100,91172200,0,4700,275700,8100,0,0,,,,none,blockchain-valid_active_3,0,False,238,8,
n50-identities_c5-conc_mech-blockchain-1backend_valid-active_r30_audit-off_20260831T025842Z,obs_f5f82e0d08c348aeb4b297a8e53d1a06,2026-08-31T02:58:43.329071+00:00,blockchain,valid_active,15,5,UAV-VALID,ACCEPTED,ACCEPTED,True,67056700,67.0567,53300,66644300,0,5900,245800,8200,0,0,,,,none,blockchain-valid_active_4,0,False,238,8,
n50-identities_c5-conc_mech-blockchain-1backend_valid-active_r30_audit-off_20260831T025842Z,obs_2cf3fa91a6cb4eb2821584768cc7fd12,2026-08-31T02:58:43.331372+00:00,blockchain,valid_active,16,5,UAV-VALID,ACCEPTED,ACCEPTED,True,67675000,67.675,53600,67256400,0,5300,259900,7700,0,0,,,,none,blockchain-valid_active_1,0,False,239,8,
n50-identities_c5-conc_mech-blockchain-1backend_valid-active_r30_audit-off_20260831T025842Z,obs_b81f4e48f59a4cea92cebd335e5c391a,2026-08-31T02:58:43.340348+00:00,blockchain,valid_active,13,5,UAV-VALID,ACCEPTED,ACCEPTED,True,95774800,95.7748,49200,95342400,0,5200,264400,6600,0,0,,,,none,blockchain-valid_active_0,0,False,239,8,
n50-identities_c5-conc_mech-blockchain-1backend_valid-active_r30_audit-off_20260831T025842Z,obs_a37d3bcdb947439e8c67bb006e1303b9,2026-08-31T02:58:43.478408+00:00,blockchain,valid_active,17,5,UAV-VALID,ACCEPTED,ACCEPTED,True,212329000,212.329,39800,211943700,0,4300,240800,7700,0,0,,,,none,blockchain-valid_active_2,0,False,239,8,
n50-identities_c5-conc_mech-blockchain-1backend_valid-active_r30_audit-off_20260831T025842Z,obs_d73cc133aeea4e4692d4e9516a8af273,2026-08-31T02:58:43.509040+00:00,blockchain,valid_active,20,5,UAV-VALID,ACCEPTED,ACCEPTED,True,158257000,158.257,55700,157847500,0,5700,244500,7800,0,0,,,,none,blockchain-valid_active_1,0,False,240,8,
n50-identities_c5-conc_mech-blockchain-1backend_valid-active_r30_audit-off_20260831T025842Z,obs_2190f2588a4f49e293eb45849e2be09b,2026-08-31T02:58:43.511091+00:00,blockchain,valid_active,18,5,UAV-VALID,ACCEPTED,ACCEPTED,True,141801500,141.8015,48300,141416200,0,4300,238500,7400,0,0,,,,none,blockchain-valid_active_3,0,False,240,8,
n50-identities_c5-conc_mech-blockchain-1backend_valid-active_r30_audit-off_20260831T025842Z,obs_6ec279349e1743a2a5c22505fe604220,2026-08-31T02:58:43.526120+00:00,blockchain,valid_active,19,5,UAV-VALID,ACCEPTED,ACCEPTED,True,158197700,158.1977,59100,157800000,0,4200,242900,7100,0,0,,,,none,blockchain-valid_active_4,0,False,240,8,
n50-identities_c5-conc_mech-blockchain-1backend_valid-active_r30_audit-off_20260831T025842Z,obs_784027df5d924c71b922ede27d35e459,2026-08-31T02:58:43.528034+00:00,blockchain,valid_active,21,5,UAV-VALID,ACCEPTED,ACCEPTED,True,146802000,146.802,116200,146378900,0,4800,241900,6700,0,0,,,,none,blockchain-valid_active_0,0,False,238,8,
n50-identities_c5-conc_mech-blockchain-1backend_valid-active_r30_audit-off_20260831T025842Z,obs_078ced9fd4da42079a98016cccd31b6f,2026-08-31T02:58:43.583761+00:00,blockchain,valid_active,22,5,UAV-VALID,ACCEPTED,ACCEPTED,True,92251000,92.251,55100,91845600,0,4400,242100,6000,0,0,,,,none,blockchain-valid_active_2,0,False,240,8,
n50-identities_c5-conc_mech-blockchain-1backend_valid-active_r30_audit-off_20260831T025842Z,obs_2d9713a3eef44cabb102e04a0aa7c57d,2026-08-31T02:58:43.644773+00:00,blockchain,valid_active,24,5,UAV-VALID,ACCEPTED,ACCEPTED,True,102420000,102.42,67000,102025500,0,4300,230000,7000,0,0,,,,none,blockchain-valid_active_3,0,False,239,8,
n50-identities_c5-conc_mech-blockchain-1backend_valid-active_r30_audit-off_20260831T025842Z,obs_77d062d68369415eabab55bb4ecea7e9,2026-08-31T02:58:43.669044+00:00,blockchain,valid_active,27,5,UAV-VALID,ACCEPTED,ACCEPTED,True,73139700,73.1397,73400,72660500,0,4400,280800,17900,0,0,,,,none,blockchain-valid_active_2,0,False,239,8,
n50-identities_c5-conc_mech-blockchain-1backend_valid-active_r30_audit-off_20260831T025842Z,obs_ac668854c7e747059e4cf5c8af74071f,2026-08-31T02:58:43.671221+00:00,blockchain,valid_active,23,5,UAV-VALID,ACCEPTED,ACCEPTED,True,140968600,140.9686,49000,140602700,0,4000,225700,5700,0,0,,,,none,blockchain-valid_active_1,0,False,240,8,
n50-identities_c5-conc_mech-blockchain-1backend_valid-active_r30_audit-off_20260831T025842Z,obs_051c81e7d1914510a29062ea16b09a69,2026-08-31T02:58:43.675483+00:00,blockchain,valid_active,25,5,UAV-VALID,ACCEPTED,ACCEPTED,True,123255300,123.2553,72800,122713600,0,18200,343800,7500,0,0,,,,none,blockchain-valid_active_4,0,False,239,8,
n50-identities_c5-conc_mech-blockchain-1backend_valid-active_r30_audit-off_20260831T025842Z,obs_82988cf4ef864c7192129d0c7927b477,2026-08-31T02:58:43.678160+00:00,blockchain,valid_active,26,5,UAV-VALID,ACCEPTED,ACCEPTED,True,118532300,118.5323,61100,118164300,0,3700,228100,5800,0,0,,,,none,blockchain-valid_active_0,0,False,239,8,
n50-identities_c5-conc_mech-blockchain-1backend_valid-active_r30_audit-off_20260831T025842Z,obs_23206d6ce0db4be19c1160bda2a73788,2026-08-31T02:58:43.738767+00:00,blockchain,valid_active,28,5,UAV-VALID,ACCEPTED,ACCEPTED,True,84362200,84.3622,53900,83956400,0,3900,246800,8000,0,0,,,,none,blockchain-valid_active_3,0,False,239,8,
n50-identities_c5-conc_mech-blockchain-1backend_valid-active_r30_audit-off_20260831T025842Z,obs_2aad7912161746ccaba30cf915606f62,2026-08-31T02:58:43.760450+00:00,blockchain,valid_active,29,5,UAV-VALID,ACCEPTED,ACCEPTED,True,73271500,73.2715,55300,72885400,0,3700,235700,6400,0,0,,,,none,blockchain-valid_active_2,0,False,239,8,
n50-identities_c10-conc_mech-x509-1backend_valid-active_r30_audit-off_20260831T025844Z,obs_582f42a2086941f39212150043dbe8e5,2026-08-31T02:58:45.129861+00:00,x509,valid_active,1,10,UAV-VALID,ACCEPTED,ACCEPTED,True,20955800,20.9558,39000,76700,20672500,0,123800,4200,0,0,,,,none,x509-valid_active_3,0,False,238,8,
n50-identities_c10-conc_mech-x509-1backend_valid-active_r30_audit-off_20260831T025844Z,obs_5a3bb408e3b7461eb57e25bad6d76841,2026-08-31T02:58:45.132541+00:00,x509,valid_active,0,10,UAV-VALID,ACCEPTED,ACCEPTED,True,29851100,29.8511,40700,89700,29446600,0,204100,4800,0,0,,,,none,x509-valid_active_0,0,True,239,8,
n50-identities_c10-conc_mech-x509-1backend_valid-active_r30_audit-off_20260831T025844Z,obs_8cd0e57a2c77438bbfe3f9dc368e8088,2026-08-31T02:58:45.134568+00:00,x509,valid_active,0,10,UAV-VALID,ACCEPTED,ACCEPTED,True,15315500,15.3155,50900,70600,15040500,0,128500,3300,0,0,,,,none,x509-valid_active_2,0,False,240,8,
n50-identities_c10-conc_mech-x509-1backend_valid-active_r30_audit-off_20260831T025844Z,obs_32895c72530746c48d14310a0fe44ea9,2026-08-31T02:58:45.138093+00:00,x509,valid_active,1,10,UAV-VALID,ACCEPTED,ACCEPTED,True,26321300,26.3213,29200,74000,25961600,0,175700,5100,0,0,,,,none,x509-valid_active_1,0,True,239,8,
n50-identities_c10-conc_mech-x509-1backend_valid-active_r30_audit-off_20260831T025844Z,obs_eb05da45791e4102885736d0acbc1a02,2026-08-31T02:58:45.142199+00:00,x509,valid_active,4,10,UAV-VALID,ACCEPTED,ACCEPTED,True,14214200,14.2142,50900,58900,13917200,0,157500,3400,0,0,,,,none,x509-valid_active_6,0,False,238,8,
n50-identities_c10-conc_mech-x509-1backend_valid-active_r30_audit-off_20260831T025844Z,obs_9e2c2d8e246541a381ed184069ba755b,2026-08-31T02:58:45.143376+00:00,x509,valid_active,5,10,UAV-VALID,ACCEPTED,ACCEPTED,True,15802700,15.8027,48400,97400,15485500,0,131100,3000,0,0,,,,none,x509-valid_active_7,0,False,239,8,
n50-identities_c10-conc_mech-x509-1backend_valid-active_r30_audit-off_20260831T025844Z,obs_3dd006a0d9024beba91e28277542e888,2026-08-31T02:58:45.151844+00:00,x509,valid_active,2,10,UAV-VALID,ACCEPTED,ACCEPTED,True,25211000,25.211,31700,65500,24808900,0,201100,6500,0,0,,,,none,x509-valid_active_4,0,False,238,8,
n50-identities_c10-conc_mech-x509-1backend_valid-active_r30_audit-off_20260831T025844Z,obs_c5c6451cb2974063bad789945551358e,2026-08-31T02:58:45.154606+00:00,x509,valid_active,6,10,UAV-VALID,ACCEPTED,ACCEPTED,True,24216400,24.2164,31400,62900,23899100,0,160300,4100,0,0,,,,none,x509-valid_active_8,0,False,238,8,
n50-identities_c10-conc_mech-x509-1backend_valid-active_r30_audit-off_20260831T025844Z,obs_cfb269482a034312945f1b7ef72b95f4,2026-08-31T02:58:45.176853+00:00,x509,valid_active,3,10,UAV-VALID,ACCEPTED,ACCEPTED,True,43860400,43.8604,27500,70100,43589800,0,125200,3200,0,0,,,,none,x509-valid_active_5,0,False,239,8,
n50-identities_c10-conc_mech-x509-1backend_valid-active_r30_audit-off_20260831T025844Z,obs_888f3a45936549948bd61f4334c69611,2026-08-31T02:58:45.189002+00:00,x509,valid_active,8,10,UAV-VALID,ACCEPTED,ACCEPTED,True,13517600,13.5176,36200,62000,13232700,0,139500,3100,0,0,,,,none,x509-valid_active_3,0,False,238,8,
n50-identities_c10-conc_mech-x509-1backend_valid-active_r30_audit-off_20260831T025844Z,obs_9d60293586794a618e6d71f104ef7b5e,2026-08-31T02:58:45.190249+00:00,x509,valid_active,7,10,UAV-VALID,ACCEPTED,ACCEPTED,True,30940200,30.9402,52600,85300,30649400,0,125900,3200,0,0,,,,none,x509-valid_active_9,0,False,239,8,
n50-identities_c10-conc_mech-x509-1backend_valid-active_r30_audit-off_20260831T025844Z,obs_3594e72a6e0940f19758a220a9af98f4,2026-08-31T02:58:45.192306+00:00,x509,valid_active,9,10,UAV-VALID,ACCEPTED,ACCEPTED,True,16497600,16.4976,25600,50100,16227900,0,137400,3400,0,0,,,,none,x509-valid_active_0,0,False,240,8,
n50-identities_c10-conc_mech-x509-1backend_valid-active_r30_audit-off_20260831T025844Z,obs_62cf1a4cc66a4a3db3983f925dd339e5,2026-08-31T02:58:45.193958+00:00,x509,valid_active,10,10,UAV-VALID,ACCEPTED,ACCEPTED,True,12879100,12.8791,37100,44800,12573300,0,177800,4100,0,0,,,,none,x509-valid_active_2,0,False,238,8,
n50-identities_c10-conc_mech-x509-1backend_valid-active_r30_audit-off_20260831T025844Z,obs_4a6889b554524481ab05b856da67948e,2026-08-31T02:58:45.195983+00:00,x509,valid_active,13,10,UAV-VALID,ACCEPTED,ACCEPTED,True,15287600,15.2876,23000,50300,15051600,0,116700,2700,0,0,,,,none,x509-valid_active_7,0,False,239,8,
n50-identities_c10-conc_mech-x509-1backend_valid-active_r30_audit-off_20260831T025844Z,obs_4a232e7207e14818aff029e5aae617bf,2026-08-31T02:58:45.197168+00:00,x509,valid_active,14,10,UAV-VALID,ACCEPTED,ACCEPTED,True,15784600,15.7846,23400,46200,15518100,0,142600,3400,0,0,,,,none,x509-valid_active_4,0,False,239,8,
n50-identities_c10-conc_mech-x509-1backend_valid-active_r30_audit-off_20260831T025844Z,obs_8ada8225075248d59ef2d236409f5ae7,2026-08-31T02:58:45.205822+00:00,x509,valid_active,11,10,UAV-VALID,ACCEPTED,ACCEPTED,True,23140700,23.1407,26700,61300,22813200,0,167100,4200,0,0,,,,none,x509-valid_active_1,0,False,238,8,
n50-identities_c10-conc_mech-x509-1backend_valid-active_r30_audit-off_20260831T025844Z,obs_d90fdf2f0e6c435a9e192211c8168fa2,2026-08-31T02:58:45.209500+00:00,x509,valid_active,12,10,UAV-VALID,ACCEPTED,ACCEPTED,True,22909200,22.9092,18500,49000,22510100,0,223500,5700,0,0,,,,none,x509-valid_active_6,0,False,238,8,
n50-identities_c10-conc_mech-x509-1backend_valid-active_r30_audit-off_20260831T025844Z,obs_f1eedaddeb3145ab883ec2054ebddcd7,2026-08-31T02:58:45.235038+00:00,x509,valid_active,15,10,UAV-VALID,ACCEPTED,ACCEPTED,True,43676700,43.6767,43300,57000,43385800,0,140600,4400,0,0,,,,none,x509-valid_active_8,0,False,238,8,
n50-identities_c10-conc_mech-x509-1backend_valid-active_r30_audit-off_20260831T025844Z,obs_743322ef7ede4f79b1c5393185c46038,2026-08-31T02:58:45.244158+00:00,x509,valid_active,16,10,UAV-VALID,ACCEPTED,ACCEPTED,True,42208200,42.2082,24400,72700,41837500,0,188100,6700,0,0,,,,none,x509-valid_active_5,0,False,239,8,
n50-identities_c10-conc_mech-x509-1backend_valid-active_r30_audit-off_20260831T025844Z,obs_3ebf501ebab84dacbc3cdd899c74e835,2026-08-31T02:58:45.254877+00:00,x509,valid_active,17,10,UAV-VALID,ACCEPTED,ACCEPTED,True,19559800,19.5598,52300,50800,19268100,0,151100,3300,0,0,,,,none,x509-valid_active_3,0,False,240,8,
n50-identities_c10-conc_mech-x509-1backend_valid-active_r30_audit-off_20260831T025844Z,obs_2bb25e709d8940ba85609199390a3117,2026-08-31T02:58:45.263976+00:00,x509,valid_active,19,10,UAV-VALID,ACCEPTED,ACCEPTED,True,26619100,26.6191,51000,59100,26247400,0,161100,3600,0,0,,,,none,x509-valid_active_0,0,False,240,8,
n50-identities_c10-conc_mech-x509-1backend_valid-active_r30_audit-off_20260831T025844Z,obs_219557387cc84cf2a423c89814b8e87e,2026-08-31T02:58:45.264332+00:00,x509,valid_active,18,10,UAV-VALID,ACCEPTED,ACCEPTED,True,17377700,17.3777,49300,99900,17050800,0,132200,2900,0,0,,,,none,x509-valid_active_9,0,False,239,8,
n50-identities_c10-conc_mech-x509-1backend_valid-active_r30_audit-off_20260831T025844Z,obs_139b3b50049a4b9d91ff9f5c5716a8ee,2026-08-31T02:58:45.265872+00:00,x509,valid_active,21,10,UAV-VALID,ACCEPTED,ACCEPTED,True,23930800,23.9308,48300,66600,23601600,0,165300,4400,0,0,,,,none,x509-valid_active_7,0,False,240,8,
n50-identities_c10-conc_mech-x509-1backend_valid-active_r30_audit-off_20260831T025844Z,obs_a300b419af024d70b124511f901672b2,2026-08-31T02:58:45.266888+00:00,x509,valid_active,20,10,UAV-VALID,ACCEPTED,ACCEPTED,True,24239200,24.2392,31700,73800,23943500,0,133800,3100,0,0,,,,none,x509-valid_active_2,0,False,239,8,
n50-identities_c10-conc_mech-x509-1backend_valid-active_r30_audit-off_20260831T025844Z,obs_9e3c78c531f64a30aa18167d6ecec74e,2026-08-31T02:58:45.274199+00:00,x509,valid_active,22,10,UAV-VALID,ACCEPTED,ACCEPTED,True,26688100,26.6881,26900,58600,26298900,0,205800,4600,0,0,,,,none,x509-valid_active_4,0,False,239,8,
n50-identities_c10-conc_mech-x509-1backend_valid-active_r30_audit-off_20260831T025844Z,obs_1726b19487aa44f9a288e8d72ebca6e9,2026-08-31T02:58:45.283036+00:00,x509,valid_active,23,10,UAV-VALID,ACCEPTED,ACCEPTED,True,33378600,33.3786,29300,70100,32981600,0,198200,5000,0,0,,,,none,x509-valid_active_1,0,False,239,8,
n50-identities_c10-conc_mech-x509-1backend_valid-active_r30_audit-off_20260831T025844Z,obs_0a15325741724927b6d6e3d96c076dac,2026-08-31T02:58:45.283901+00:00,x509,valid_active,25,10,UAV-VALID,ACCEPTED,ACCEPTED,True,19208100,19.2081,30800,54100,18841700,0,199600,4500,0,0,,,,none,x509-valid_active_8,0,False,239,8,
n50-identities_c10-conc_mech-x509-1backend_valid-active_r30_audit-off_20260831T025844Z,obs_e9a489f0d83349e284819eb6695766c6,2026-08-31T02:58:45.284337+00:00,x509,valid_active,24,10,UAV-VALID,ACCEPTED,ACCEPTED,True,28610300,28.6103,39800,50900,28312900,0,160600,3800,0,0,,,,none,x509-valid_active_6,0,False,240,8,
n50-identities_c10-conc_mech-x509-1backend_valid-active_r30_audit-off_20260831T025844Z,obs_551212bd1fbf4e31aa19cbd50fedd69c,2026-08-31T02:58:45.287396+00:00,x509,valid_active,26,10,UAV-VALID,ACCEPTED,ACCEPTED,True,9123000,9.123,28900,57200,8860700,0,123400,3000,0,0,,,,none,x509-valid_active_5,0,False,239,8,
n50-identities_c10-conc_mech-x509-1backend_valid-active_r30_audit-off_20260831T025844Z,obs_3d87cd0a74384a87acc212e0f4df7ee9,2026-08-31T02:58:45.287803+00:00,x509,valid_active,27,10,UAV-VALID,ACCEPTED,ACCEPTED,True,10089300,10.0893,80600,74500,9752300,0,164300,4100,0,0,,,,none,x509-valid_active_3,0,False,238,8,
n50-identities_c10-conc_mech-x509-1backend_valid-active_r30_audit-off_20260831T025844Z,obs_be25c33530a84e0f883e8752bce6b480,2026-08-31T02:58:45.290139+00:00,x509,valid_active,29,10,UAV-VALID,ACCEPTED,ACCEPTED,True,3302400,3.3024,41600,63800,2965400,0,171300,4600,0,0,,,,none,x509-valid_active_9,0,False,239,8,
n50-identities_c10-conc_mech-x509-1backend_valid-active_r30_audit-off_20260831T025844Z,obs_0ff5a20346864619aebcc1e9e3f5bcb1,2026-08-31T02:58:45.290909+00:00,x509,valid_active,28,10,UAV-VALID,ACCEPTED,ACCEPTED,True,2642200,2.6422,20500,68800,2298300,0,172500,4500,0,0,,,,none,x509-valid_active_0,0,False,238,8,
n50-identities_c10-conc_mech-blockchain-1backend_valid-active_r30_audit-off_20260831T025846Z,obs_2d85e42272c849e786d3ebd75be8f8be,2026-08-31T02:58:46.707092+00:00,blockchain,valid_active,0,10,UAV-VALID,ACCEPTED,ACCEPTED,True,126265700,126.2657,46400,125911400,0,4500,171300,4600,0,0,,,,none,blockchain-valid_active_0,0,True,239,8,
n50-identities_c10-conc_mech-blockchain-1backend_valid-active_r30_audit-off_20260831T025846Z,obs_a582c969adca4f37954efcf092058702,2026-08-31T02:58:46.716877+00:00,blockchain,valid_active,0,10,UAV-VALID,ACCEPTED,ACCEPTED,True,121891000,121.891,43100,121568700,0,2800,170600,4400,0,0,,,,none,blockchain-valid_active_2,0,False,240,8,
n50-identities_c10-conc_mech-blockchain-1backend_valid-active_r30_audit-off_20260831T025846Z,obs_9a965c0a9f6a4367b3ef0eb55c851b7f,2026-08-31T02:58:46.720729+00:00,blockchain,valid_active,1,10,UAV-VALID,ACCEPTED,ACCEPTED,True,130167200,130.1672,55900,129824700,0,2900,227000,5400,0,0,,,,none,blockchain-valid_active_1,0,True,238,8,
n50-identities_c10-conc_mech-blockchain-1backend_valid-active_r30_audit-off_20260831T025846Z,obs_99e73f43838341528e3f5ffefd4d7783,2026-08-31T02:58:46.739431+00:00,blockchain,valid_active,2,10,UAV-VALID,ACCEPTED,ACCEPTED,True,116601800,116.6018,56300,116104200,0,4000,279500,6000,0,0,,,,none,blockchain-valid_active_4,0,False,239,8,
n50-identities_c10-conc_mech-blockchain-1backend_valid-active_r30_audit-off_20260831T025846Z,obs_26dc4ac67bc648eabc6456bd64cfb905,2026-08-31T02:58:46.744920+00:00,blockchain,valid_active,1,10,UAV-VALID,ACCEPTED,ACCEPTED,True,130558400,130.5584,39100,130204700,0,2300,251400,5600,0,0,,,,none,blockchain-valid_active_3,0,False,240,8,
n50-identities_c10-conc_mech-blockchain-1backend_valid-active_r30_audit-off_20260831T025846Z,obs_69a13be714f8455b9eea441dfea55a68,2026-08-31T02:58:46.753915+00:00,blockchain,valid_active,4,10,UAV-VALID,ACCEPTED,ACCEPTED,True,119016300,119.0163,58100,118574300,0,4200,219200,5800,0,0,,,,none,blockchain-valid_active_6,0,False,239,8,
n50-identities_c10-conc_mech-blockchain-1backend_valid-active_r30_audit-off_20260831T025846Z,obs_d03eb155a5134ccebb7f5358aace5712,2026-08-31T02:58:46.762521+00:00,blockchain,valid_active,3,10,UAV-VALID,ACCEPTED,ACCEPTED,True,119155000,119.155,44300,118774400,0,3200,234400,4900,0,0,,,,none,blockchain-valid_active_5,0,False,240,8,
n50-identities_c10-conc_mech-blockchain-1backend_valid-active_r30_audit-off_20260831T025846Z,obs_0b6274e25c074712bef8c154ac20376f,2026-08-31T02:58:46.764279+00:00,blockchain,valid_active,7,10,UAV-VALID,ACCEPTED,ACCEPTED,True,111156900,111.1569,35000,110825600,0,3800,233900,6400,0,0,,,,none,blockchain-valid_active_9,0,False,239,8,
n50-identities_c10-conc_mech-blockchain-1backend_valid-active_r30_audit-off_20260831T025846Z,obs_0c909fb4bf66481fb7e27287bcdbc63d,2026-08-31T02:58:46.774480+00:00,blockchain,valid_active,6,10,UAV-VALID,ACCEPTED,ACCEPTED,True,128601200,128.6012,30700,128151500,0,5200,289700,7100,0,0,,,,none,blockchain-valid_active_8,0,False,239,8,
n50-identities_c10-conc_mech-blockchain-1backend_valid-active_r30_audit-off_20260831T025846Z,obs_e9883ffaacda4c6483643f46f8c7c6a2,2026-08-31T02:58:46.783800+00:00,blockchain,valid_active,5,10,UAV-VALID,ACCEPTED,ACCEPTED,True,138986400,138.9864,36000,138570700,0,3900,180800,4100,0,0,,,,none,blockchain-valid_active_7,0,False,238,8,
n50-identities_c10-conc_mech-blockchain-1backend_valid-active_r30_audit-off_20260831T025846Z,obs_9927bb5668044d68bb07ddd72a7ce25a,2026-08-31T02:58:46.888358+00:00,blockchain,valid_active,8,10,UAV-VALID,ACCEPTED,ACCEPTED,True,137670700,137.6707,116400,137234700,0,4000,286300,8900,0,0,,,,none,blockchain-valid_active_0,0,False,239,8,
n50-identities_c10-conc_mech-blockchain-1backend_valid-active_r30_audit-off_20260831T025846Z,obs_4ce0a32e19f84ce48989cf9abf346431,2026-08-31T02:58:46.903681+00:00,blockchain,valid_active,14,10,UAV-VALID,ACCEPTED,ACCEPTED,True,89402800,89.4028,33300,89115600,0,2400,184500,4700,0,0,,,,none,blockchain-valid_active_5,0,False,238,8,
n50-identities_c10-conc_mech-blockchain-1backend_valid-active_r30_audit-off_20260831T025846Z,obs_f51c0047ac74470ab9d96fffa49fa2a0,2026-08-31T02:58:46.907027+00:00,blockchain,valid_active,10,10,UAV-VALID,ACCEPTED,ACCEPTED,True,120552800,120.5528,93300,120180100,0,3500,230800,6600,0,0,,,,none,blockchain-valid_active_1,0,False,240,8,
n50-identities_c10-conc_mech-blockchain-1backend_valid-active_r30_audit-off_20260831T025846Z,obs_bfdf5fb3049e4766975b1918cd7d1c89,2026-08-31T02:58:46.908577+00:00,blockchain,valid_active,12,10,UAV-VALID,ACCEPTED,ACCEPTED,True,111714300,111.7143,53200,111435400,0,2700,173800,4000,0,0,,,,none,blockchain-valid_active_3,0,False,239,8,
n50-identities_c10-conc_mech-blockchain-1backend_valid-active_r30_audit-off_20260831T025846Z,obs_f2ad9ffd87bc4466b1cecb10c3f23bdf,2026-08-31T02:58:46.913164+00:00,blockchain,valid_active,11,10,UAV-VALID,ACCEPTED,ACCEPTED,True,102375100,102.3751,41400,101989300,0,3500,240700,6500,0,0,,,,none,blockchain-valid_active_4,0,False,239,8,
n50-identities_c10-conc_mech-blockchain-1backend_valid-active_r30_audit-off_20260831T025846Z,obs_0b3d7f527182401198079357eef03942,2026-08-31T02:58:46.915403+00:00,blockchain,valid_active,13,10,UAV-VALID,ACCEPTED,ACCEPTED,True,107817100,107.8171,59100,107479000,0,3900,190200,4000,0,0,,,,none,blockchain-valid_active_6,0,False,238,8,
n50-identities_c10-conc_mech-blockchain-1backend_valid-active_r30_audit-off_20260831T025846Z,obs_416d7960d4de4f568fb907c9c0039fae,2026-08-31T02:58:46.922834+00:00,blockchain,valid_active,15,10,UAV-VALID,ACCEPTED,ACCEPTED,True,99589700,99.5897,45100,99244600,0,2900,161200,3900,0,0,,,,none,blockchain-valid_active_9,0,False,240,8,
n50-identities_c10-conc_mech-blockchain-1backend_valid-active_r30_audit-off_20260831T025846Z,obs_0e98c74ba5214669a9171b0e35fb2b21,2026-08-31T02:58:46.925872+00:00,blockchain,valid_active,9,10,UAV-VALID,ACCEPTED,ACCEPTED,True,149182300,149.1823,33200,148854500,0,3500,218300,5000,0,0,,,,none,blockchain-valid_active_2,0,False,239,8,
n50-identities_c10-conc_mech-blockchain-1backend_valid-active_r30_audit-off_20260831T025846Z,obs_be1ac5fde421431d8ebd59f62dd1e19f,2026-08-31T02:58:46.952295+00:00,blockchain,valid_active,17,10,UAV-VALID,ACCEPTED,ACCEPTED,True,124864300,124.8643,41400,124526000,0,3200,205600,7300,0,0,,,,none,blockchain-valid_active_7,0,False,239,8,
n50-identities_c10-conc_mech-blockchain-1backend_valid-active_r30_audit-off_20260831T025846Z,obs_0bb9b9ecd78a40e690c678642aa37051,2026-08-31T02:58:46.960310+00:00,blockchain,valid_active,16,10,UAV-VALID,ACCEPTED,ACCEPTED,True,133845800,133.8458,125600,133385400,0,4700,294200,8700,0,0,,,,none,blockchain-valid_active_8,0,False,239,8,
n50-identities_c10-conc_mech-blockchain-1backend_valid-active_r30_audit-off_20260831T025846Z,obs_03e00466dddd43a890f3da319ff2423b,2026-08-31T02:58:47.084230+00:00,blockchain,valid_active,18,10,UAV-VALID,ACCEPTED,ACCEPTED,True,152819700,152.8197,46400,152428600,0,5100,245000,7400,0,0,,,,none,blockchain-valid_active_0,0,False,238,8,
n50-identities_c10-conc_mech-blockchain-1backend_valid-active_r30_audit-off_20260831T025846Z,obs_e74224680340450eb935cd7abd6a3d4b,2026-08-31T02:58:47.108605+00:00,blockchain,valid_active,27,10,UAV-VALID,ACCEPTED,ACCEPTED,True,89211800,89.2118,57000,88908100,0,2700,173900,6100,0,0,,,,none,blockchain-valid_active_8,0,False,239,8,
n50-identities_c10-conc_mech-blockchain-1backend_valid-active_r30_audit-off_20260831T025846Z,obs_cea832f24f9145d4bc2d43cef5fc9e72,2026-08-31T02:58:47.110291+00:00,blockchain,valid_active,24,10,UAV-VALID,ACCEPTED,ACCEPTED,True,132735500,132.7355,40600,132410500,0,3600,202800,5100,0,0,,,,none,blockchain-valid_active_9,0,False,239,8,
n50-identities_c10-conc_mech-blockchain-1backend_valid-active_r30_audit-off_20260831T025846Z,obs_68d4b487de4244ab8104cf05221393b1,2026-08-31T02:58:47.114284+00:00,blockchain,valid_active,21,10,UAV-VALID,ACCEPTED,ACCEPTED,True,149229900,149.2299,46900,148715200,0,4400,328300,7200,0,0,,,,none,blockchain-valid_active_3,0,False,240,8,
n50-identities_c10-conc_mech-blockchain-1backend_valid-active_r30_audit-off_20260831T025846Z,obs_66191cc8a6e44ade9aacbe59d6fcbbc6,2026-08-31T02:58:47.120034+00:00,blockchain,valid_active,19,10,UAV-VALID,ACCEPTED,ACCEPTED,True,153884400,153.8844,40700,153623400,0,2200,162800,4200,0,0,,,,none,blockchain-valid_active_5,0,False,239,8,
n50-identities_c10-conc_mech-blockchain-1backend_valid-active_r30_audit-off_20260831T025846Z,obs_7fcbb920cccd4ff78ea8caaa81fbdc4f,2026-08-31T02:58:47.121486+00:00,blockchain,valid_active,22,10,UAV-VALID,ACCEPTED,ACCEPTED,True,159666800,159.6668,49800,159420800,0,2200,148600,4300,0,0,,,,none,blockchain-valid_active_4,0,False,238,8,
n50-identities_c10-conc_mech-blockchain-1backend_valid-active_r30_audit-off_20260831T025846Z,obs_7f910c0e840a4381a45cc9178b421d84,2026-08-31T02:58:47.123608+00:00,blockchain,valid_active,20,10,UAV-VALID,ACCEPTED,ACCEPTED,True,177695900,177.6959,53200,177446800,0,2200,158900,3800,0,0,,,,none,blockchain-valid_active_1,0,False,239,8,
n50-identities_c10-conc_mech-blockchain-1backend_valid-active_r30_audit-off_20260831T025846Z,obs_83c1a695a40f46ac827e465261bf9829,2026-08-31T02:58:47.126411+00:00,blockchain,valid_active,23,10,UAV-VALID,ACCEPTED,ACCEPTED,True,163613100,163.6131,46900,163280700,0,3800,207700,5500,0,0,,,,none,blockchain-valid_active_6,0,False,239,8,
n50-identities_c10-conc_mech-blockchain-1backend_valid-active_r30_audit-off_20260831T025846Z,obs_a6d35e94513a494bb301b659549fa2cd,2026-08-31T02:58:47.135424+00:00,blockchain,valid_active,26,10,UAV-VALID,ACCEPTED,ACCEPTED,True,109658300,109.6583,63600,109343000,0,3000,185200,5900,0,0,,,,none,blockchain-valid_active_7,0,False,238,8,
n50-identities_c10-conc_mech-blockchain-1backend_valid-active_r30_audit-off_20260831T025846Z,obs_46d052ecd91d4cc2b62a3e45903f1bf8,2026-08-31T02:58:47.138479+00:00,blockchain,valid_active,25,10,UAV-VALID,ACCEPTED,ACCEPTED,True,145844300,145.8443,53000,145582500,0,2500,152200,3500,0,0,,,,none,blockchain-valid_active_2,0,False,239,8,
n50-identities_c10-conc_mech-blockchain-1backend_valid-active_r30_audit-off_20260831T025846Z,obs_87641be8b1ab4668bbf1c1d5d4ba6e1f,2026-08-31T02:58:47.152444+00:00,blockchain,valid_active,28,10,UAV-VALID,ACCEPTED,ACCEPTED,True,40611800,40.6118,59500,40236000,0,3700,238200,6700,0,0,,,,none,blockchain-valid_active_0,0,False,239,8,
n50-identities_c10-conc_mech-blockchain-1backend_valid-active_r30_audit-off_20260831T025846Z,obs_721b9801f8ea4a4792f0b8feba4afcf3,2026-08-31T02:58:47.157759+00:00,blockchain,valid_active,29,10,UAV-VALID,ACCEPTED,ACCEPTED,True,21125000,21.125,49700,20810500,0,2500,194200,4000,0,0,,,,none,blockchain-valid_active_8,0,False,239,8,
n50-identities_c25-conc_mech-x509-1backend_valid-active_r30_audit-off_20260831T025848Z,obs_a57237d107754a2283e86cd35d0bf59f,2026-08-31T02:58:48.421670+00:00,x509,valid_active,0,25,UAV-VALID,ACCEPTED,ACCEPTED,True,52667600,52.6676,32800,74500,52127100,0,264200,7400,0,0,,,,none,x509-valid_active_0,0,True,239,8,
n50-identities_c25-conc_mech-x509-1backend_valid-active_r30_audit-off_20260831T025848Z,obs_89648ffba58545568c08b31798601b1d,2026-08-31T02:58:48.463729+00:00,x509,valid_active,0,25,UAV-VALID,ACCEPTED,ACCEPTED,True,59202300,59.2023,29700,68300,58889100,0,149500,4000,0,0,,,,none,x509-valid_active_2,0,False,240,8,
n50-identities_c25-conc_mech-x509-1backend_valid-active_r30_audit-off_20260831T025848Z,obs_8320edd83edd4a0482a70298cfcbf578,2026-08-31T02:58:48.508819+00:00,x509,valid_active,8,25,UAV-VALID,ACCEPTED,ACCEPTED,True,52412400,52.4124,54900,197200,51814900,0,276700,5500,0,0,,,,none,x509-valid_active_10,0,False,239,8,
n50-identities_c25-conc_mech-x509-1backend_valid-active_r30_audit-off_20260831T025848Z,obs_2522f68ca00142b097b1b064b719f6cf,2026-08-31T02:58:48.424688+00:00,x509,valid_active,1,25,UAV-VALID,ACCEPTED,ACCEPTED,True,36732400,36.7324,34900,80300,36380600,0,163500,3500,0,0,,,,none,x509-valid_active_1,0,True,239,8,
n50-identities_c25-conc_mech-x509-1backend_valid-active_r30_audit-off_20260831T025848Z,obs_15e28cb76ccc427b9052395e4224bda0,2026-08-31T02:58:48.511662+00:00,x509,valid_active,7,25,UAV-VALID,ACCEPTED,ACCEPTED,True,59943300,59.9433,31800,103600,59570700,0,148400,3300,0,0,,,,none,x509-valid_active_9,0,False,239,8,
n50-identities_c25-conc_mech-x509-1backend_valid-active_r30_audit-off_20260831T025848Z,obs_d3bf48a683364280bf72bdd980375276,2026-08-31T02:58:48.445803+00:00,x509,valid_active,1,25,UAV-VALID,ACCEPTED,ACCEPTED,True,49506800,49.5068,56400,71300,49095800,0,203500,4800,0,0,,,,none,x509-valid_active_3,0,False,238,8,
n50-identities_c25-conc_mech-x509-1backend_valid-active_r30_audit-off_20260831T025848Z,obs_01a8ca233bb24010912e0a8a6401e86d,2026-08-31T02:58:48.512687+00:00,x509,valid_active,5,25,UAV-VALID,ACCEPTED,ACCEPTED,True,59799300,59.7993,34500,107500,59379800,0,201200,6200,0,0,,,,none,x509-valid_active_7,0,False,239,8,
n50-identities_c25-conc_mech-x509-1backend_valid-active_r30_audit-off_20260831T025848Z,obs_2b02129fa0604876ad481d3df511b199,2026-08-31T02:58:48.448671+00:00,x509,valid_active,3,25,UAV-VALID,ACCEPTED,ACCEPTED,True,56647400,56.6474,47400,120200,56186400,0,198000,19600,0,0,,,,none,x509-valid_active_5,0,False,240,8,
n50-identities_c25-conc_mech-x509-1backend_valid-active_r30_audit-off_20260831T025848Z,obs_96251ad780474beea9fc6a98c089f417,2026-08-31T02:58:48.493618+00:00,x509,valid_active,4,25,UAV-VALID,ACCEPTED,ACCEPTED,True,60404600,60.4046,76200,71700,60085300,0,154200,3600,0,0,,,,none,x509-valid_active_6,0,False,240,8,
n50-identities_c25-conc_mech-x509-1backend_valid-active_r30_audit-off_20260831T025848Z,obs_38177b0ab39d4a32bb9f755085f3b837,2026-08-31T02:58:48.529271+00:00,x509,valid_active,6,25,UAV-VALID,ACCEPTED,ACCEPTED,True,61649200,61.6492,48400,70300,61337400,0,149700,3300,0,0,,,,none,x509-valid_active_8,0,False,238,8,
n50-identities_c25-conc_mech-x509-1backend_valid-active_r30_audit-off_20260831T025848Z,obs_03fba8bad0fa435ca175bf6e9ae5a40a,2026-08-31T02:58:48.533591+00:00,x509,valid_active,2,25,UAV-VALID,ACCEPTED,ACCEPTED,True,94327000,94.327,33700,83900,93973100,0,161300,4000,0,0,,,,none,x509-valid_active_4,0,False,240,8,
n50-identities_c25-conc_mech-x509-1backend_valid-active_r30_audit-off_20260831T025848Z,obs_94fd090374024f8f9f1a4eb2f4a73078,2026-08-31T02:58:48.549268+00:00,x509,valid_active,9,25,UAV-VALID,ACCEPTED,ACCEPTED,True,68112300,68.1123,35100,95400,67785600,0,144100,3900,0,0,,,,none,x509-valid_active_11,0,False,238,8,
n50-identities_c25-conc_mech-x509-1backend_valid-active_r30_audit-off_20260831T025848Z,obs_0eb714947d374a6eacb1e37a20f18195,2026-08-31T02:58:48.554622+00:00,x509,valid_active,11,25,UAV-VALID,ACCEPTED,ACCEPTED,True,72768700,72.7687,35000,91300,72411000,0,162400,3800,0,0,,,,none,x509-valid_active_13,0,False,239,8,
n50-identities_c25-conc_mech-x509-1backend_valid-active_r30_audit-off_20260831T025848Z,obs_12380d911aab4c759a34b8dc099180f8,2026-08-31T02:58:48.564022+00:00,x509,valid_active,10,25,UAV-VALID,ACCEPTED,ACCEPTED,True,60271900,60.2719,26300,93600,59957700,0,128700,3400,0,0,,,,none,x509-valid_active_12,0,False,239,8,
n50-identities_c25-conc_mech-x509-1backend_valid-active_r30_audit-off_20260831T025848Z,obs_058a9493362d40fdae34a7249fe999b1,2026-08-31T02:58:48.564594+00:00,x509,valid_active,12,25,UAV-VALID,ACCEPTED,ACCEPTED,True,60167000,60.167,38200,137000,59812400,0,127700,3700,0,0,,,,none,x509-valid_active_14,0,False,238,8,
n50-identities_c25-conc_mech-x509-1backend_valid-active_r30_audit-off_20260831T025848Z,obs_a6268b7f3f0f44d8acb4a631d49b194f,2026-08-31T02:58:48.565438+00:00,x509,valid_active,15,25,UAV-VALID,ACCEPTED,ACCEPTED,True,39210400,39.2104,54400,68800,38950400,0,119200,2900,0,0,,,,none,x509-valid_active_1,0,False,239,8,
n50-identities_c25-conc_mech-x509-1backend_valid-active_r30_audit-off_20260831T025848Z,obs_777542a9f1694f8ea34e0d11326a6181,2026-08-31T02:58:48.566300+00:00,x509,valid_active,14,25,UAV-VALID,ACCEPTED,ACCEPTED,True,26528800,26.5288,52000,81000,26183400,0,169100,4500,0,0,,,,none,x509-valid_active_0,0,False,238,8,
n50-identities_c25-conc_mech-x509-1backend_valid-active_r30_audit-off_20260831T025848Z,obs_4302c3ff838144a8ab0fe39e0f8d85da,2026-08-31T02:58:48.568937+00:00,x509,valid_active,13,25,UAV-VALID,ACCEPTED,ACCEPTED,True,64041700,64.0417,45000,66500,63763800,0,130000,3500,0,0,,,,none,x509-valid_active_15,0,False,240,8,
n50-identities_c25-conc_mech-x509-1backend_valid-active_r30_audit-off_20260831T025848Z,obs_f2c70dfd921442ffb5b39f1999d98795,2026-08-31T02:58:48.570508+00:00,x509,valid_active,23,25,UAV-VALID,ACCEPTED,ACCEPTED,True,29647500,29.6475,45400,72000,29376700,0,125700,3100,0,0,,,,none,x509-valid_active_20,0,False,239,8,
n50-identities_c25-conc_mech-x509-1backend_valid-active_r30_audit-off_20260831T025848Z,obs_6f23822ad3554a8d99b54230ead8da2c,2026-08-31T02:58:48.572099+00:00,x509,valid_active,17,25,UAV-VALID,ACCEPTED,ACCEPTED,True,26973900,26.9739,50400,67400,26723800,0,114600,3300,0,0,,,,none,x509-valid_active_17,0,False,239,8,
n50-identities_c25-conc_mech-x509-1backend_valid-active_r30_audit-off_20260831T025848Z,obs_a0c54c7a513d4bf487a3b7619fbde1a1,2026-08-31T02:58:48.573785+00:00,x509,valid_active,22,25,UAV-VALID,ACCEPTED,ACCEPTED,True,18931800,18.9318,25600,57000,18621000,0,163600,4600,0,0,,,,none,x509-valid_active_2,0,False,238,8,
n50-identities_c25-conc_mech-x509-1backend_valid-active_r30_audit-off_20260831T025848Z,obs_c99f7e36ddd3469da78d0e4b2b886d54,2026-08-31T02:58:48.575936+00:00,x509,valid_active,19,25,UAV-VALID,ACCEPTED,ACCEPTED,True,23901600,23.9016,40300,57800,23643100,0,123800,3600,0,0,,,,none,x509-valid_active_5,0,False,238,8,
n50-identities_c25-conc_mech-x509-1backend_valid-active_r30_audit-off_20260831T025848Z,obs_2a94e1eff9b94ee0a4e657cb0d52d611,2026-08-31T02:58:48.576449+00:00,x509,valid_active,20,25,UAV-VALID,ACCEPTED,ACCEPTED,True,20586400,20.5864,24800,111700,20258300,0,130200,4600,0,0,,,,none,x509-valid_active_18,0,False,239,8,
n50-identities_c25-conc_mech-x509-1backend_valid-active_r30_audit-off_20260831T025848Z,obs_f8daf5b48acf4f099a0ec812a667b1ab,2026-08-31T02:58:48.577021+00:00,x509,valid_active,16,25,UAV-VALID,ACCEPTED,ACCEPTED,True,11391100,11.3911,30000,59800,11085200,0,163600,4300,0,0,,,,none,x509-valid_active_16,0,False,239,8,
n50-identities_c25-conc_mech-x509-1backend_valid-active_r30_audit-off_20260831T025848Z,obs_e6978686751241648e1d5a0ade8badd3,2026-08-31T02:58:48.577730+00:00,x509,valid_active,18,25,UAV-VALID,ACCEPTED,ACCEPTED,True,20832500,20.8325,27300,74900,20269900,0,385600,5300,0,0,,,,none,x509-valid_active_3,0,False,240,8,
n50-identities_c25-conc_mech-x509-1backend_valid-active_r30_audit-off_20260831T025848Z,obs_1f1c9286b61b4a70b4b59c208c4219d9,2026-08-31T02:58:48.580881+00:00,x509,valid_active,25,25,UAV-VALID,ACCEPTED,ACCEPTED,True,18006700,18.0067,32800,87200,17691900,0,127400,4000,0,0,,,,none,x509-valid_active_6,0,False,239,8,
n50-identities_c25-conc_mech-x509-1backend_valid-active_r30_audit-off_20260831T025848Z,obs_b60b942df4a14297be6a7103496c257d,2026-08-31T02:58:48.581620+00:00,x509,valid_active,28,25,UAV-VALID,ACCEPTED,ACCEPTED,True,13349600,13.3496,40900,48700,12971000,0,240200,4500,0,0,,,,none,x509-valid_active_10,0,False,239,8,
n50-identities_c25-conc_mech-x509-1backend_valid-active_r30_audit-off_20260831T025848Z,obs_e372a1e10b3647c885c4c8b80db17717,2026-08-31T02:58:48.581955+00:00,x509,valid_active,26,25,UAV-VALID,ACCEPTED,ACCEPTED,True,10771800,10.7718,24200,87500,10487800,0,119000,2500,0,0,,,,none,x509-valid_active_22,0,False,239,8,
n50-identities_c25-conc_mech-x509-1backend_valid-active_r30_audit-off_20260831T025848Z,obs_271ec2c28052480f9833329f25cf5129,2026-08-31T02:58:48.582452+00:00,x509,valid_active,24,25,UAV-VALID,ACCEPTED,ACCEPTED,True,10784800,10.7848,33100,53000,10483500,0,165900,3500,0,0,,,,none,x509-valid_active_21,0,False,239,8,
n50-identities_c25-conc_mech-x509-1backend_valid-active_r30_audit-off_20260831T025848Z,obs_73afdebf2c364dbfb7d6158d5f53b921,2026-08-31T02:58:48.582859+00:00,x509,valid_active,27,25,UAV-VALID,ACCEPTED,ACCEPTED,True,14937100,14.9371,59700,65600,14614400,0,174700,3500,0,0,,,,none,x509-valid_active_23,0,False,238,8,
n50-identities_c25-conc_mech-x509-1backend_valid-active_r30_audit-off_20260831T025848Z,obs_8dfcb17295b342bb9ab7d9f5987c983a,2026-08-31T02:58:48.583284+00:00,x509,valid_active,21,25,UAV-VALID,ACCEPTED,ACCEPTED,True,18358000,18.358,23400,92600,18018000,0,153900,4300,0,0,,,,none,x509-valid_active_19,0,False,239,8,
n50-identities_c25-conc_mech-x509-1backend_valid-active_r30_audit-off_20260831T025848Z,obs_d8ffd14678194fdc8b311ff90e0899de,2026-08-31T02:58:48.584361+00:00,x509,valid_active,29,25,UAV-VALID,ACCEPTED,ACCEPTED,True,8932500,8.9325,26500,65300,8621600,0,156400,5100,0,0,,,,none,x509-valid_active_24,0,False,238,8,
n50-identities_c25-conc_mech-blockchain-1backend_valid-active_r30_audit-off_20260831T025849Z,obs_d8d1c489c2634bc9ba165c3f3e865616,2026-08-31T02:58:49.785226+00:00,blockchain,valid_active,0,25,UAV-VALID,ACCEPTED,ACCEPTED,True,224628000,224.628,52400,224222000,0,5700,250400,7400,0,0,,,,none,blockchain-valid_active_0,0,True,238,8,
n50-identities_c25-conc_mech-blockchain-1backend_valid-active_r30_audit-off_20260831T025849Z,obs_3f89ad16a8b14355be39eed9da934753,2026-08-31T02:58:49.825770+00:00,blockchain,valid_active,1,25,UAV-VALID,ACCEPTED,ACCEPTED,True,233137700,233.1377,111200,232766600,0,3300,239600,6000,0,0,,,,none,blockchain-valid_active_3,0,False,240,8,
n50-identities_c25-conc_mech-blockchain-1backend_valid-active_r30_audit-off_20260831T025849Z,obs_4dad59d1e7614132a7ba5732bd89a2a6,2026-08-31T02:58:49.847795+00:00,blockchain,valid_active,0,25,UAV-VALID,ACCEPTED,ACCEPTED,True,272452300,272.4523,44000,272134600,0,3000,187000,6000,0,0,,,,none,blockchain-valid_active_2,0,False,240,8,
n50-identities_c25-conc_mech-blockchain-1backend_valid-active_r30_audit-off_20260831T025849Z,obs_f661f4168e4e4e60bfe03bb56694b5ef,2026-08-31T02:58:49.863583+00:00,blockchain,valid_active,2,25,UAV-VALID,ACCEPTED,ACCEPTED,True,279493600,279.4936,40200,279111000,0,5100,248300,6700,0,0,,,,none,blockchain-valid_active_4,0,False,238,8,
n50-identities_c25-conc_mech-blockchain-1backend_valid-active_r30_audit-off_20260831T025849Z,obs_e9b69818721a4013a06d0852e8c77330,2026-08-31T02:58:49.869228+00:00,blockchain,valid_active,5,25,UAV-VALID,ACCEPTED,ACCEPTED,True,241387300,241.3873,45600,240928600,0,5900,304500,6900,0,0,,,,none,blockchain-valid_active_7,0,False,240,8,
n50-identities_c25-conc_mech-blockchain-1backend_valid-active_r30_audit-off_20260831T025849Z,obs_6922decc5e184b0eac524bd5e15ec6ed,2026-08-31T02:58:49.909027+00:00,blockchain,valid_active,8,25,UAV-VALID,ACCEPTED,ACCEPTED,True,259256300,259.2563,36100,258986400,0,3300,167800,5000,0,0,,,,none,blockchain-valid_active_10,0,False,239,8,
n50-identities_c25-conc_mech-blockchain-1backend_valid-active_r30_audit-off_20260831T025849Z,obs_3ad4ba41082f472c9b1d88ffd8f14caf,2026-08-31T02:58:49.912752+00:00,blockchain,valid_active,9,25,UAV-VALID,ACCEPTED,ACCEPTED,True,253819900,253.8199,41900,253509900,0,3200,196900,6200,0,0,,,,none,blockchain-valid_active_11,0,False,239,8,
n50-identities_c25-conc_mech-blockchain-1backend_valid-active_r30_audit-off_20260831T025849Z,obs_3ca01885eb29436abd313a139aee663f,2026-08-31T02:58:49.915186+00:00,blockchain,valid_active,1,25,UAV-VALID,ACCEPTED,ACCEPTED,True,324282100,324.2821,50600,323887800,0,5500,242800,7000,0,0,,,,none,blockchain-valid_active_1,0,True,239,8,
n50-identities_c25-conc_mech-blockchain-1backend_valid-active_r30_audit-off_20260831T025849Z,obs_d58c4b980e324901a1d00db3ff7c0d92,2026-08-31T02:58:49.944572+00:00,blockchain,valid_active,11,25,UAV-VALID,ACCEPTED,ACCEPTED,True,276501400,276.5014,35200,276074400,0,4800,268700,9700,0,0,,,,none,blockchain-valid_active_13,0,False,239,8,
n50-identities_c25-conc_mech-blockchain-1backend_valid-active_r30_audit-off_20260831T025849Z,obs_b89dd8223f854155b882eb67cba744a0,2026-08-31T02:58:49.997105+00:00,blockchain,valid_active,6,25,UAV-VALID,ACCEPTED,ACCEPTED,True,336745600,336.7456,27300,336333800,0,4900,250000,9200,0,0,,,,none,blockchain-valid_active_8,0,False,239,8,
n50-identities_c25-conc_mech-blockchain-1backend_valid-active_r30_audit-off_20260831T025849Z,obs_25c564b3ce2c4d7fb086ce9e3823bdb1,2026-08-31T02:58:50.006729+00:00,blockchain,valid_active,3,25,UAV-VALID,ACCEPTED,ACCEPTED,True,378204500,378.2045,25700,377666100,0,5400,293600,20000,0,0,,,,none,blockchain-valid_active_5,0,False,239,8,
n50-identities_c25-conc_mech-blockchain-1backend_valid-active_r30_audit-off_20260831T025849Z,obs_0839ae63265848b7b497ae94c3cb1d10,2026-08-31T02:58:50.018304+00:00,blockchain,valid_active,17,25,UAV-VALID,ACCEPTED,ACCEPTED,True,292967000,292.967,55800,292543400,0,5700,253600,8700,0,0,,,,none,blockchain-valid_active_19,0,False,239,8,
n50-identities_c25-conc_mech-blockchain-1backend_valid-active_r30_audit-off_20260831T025849Z,obs_6474300efb5745b89b343d9f8e74e7f4,2026-08-31T02:58:50.037852+00:00,blockchain,valid_active,4,25,UAV-VALID,ACCEPTED,ACCEPTED,True,380495900,380.4959,49500,379826700,0,8300,249400,7500,0,0,,,,none,blockchain-valid_active_6,0,False,239,8,
n50-identities_c25-conc_mech-blockchain-1backend_valid-active_r30_audit-off_20260831T025849Z,obs_5081375202fe40868230bf1aa7f54ab1,2026-08-31T02:58:50.044745+00:00,blockchain,valid_active,7,25,UAV-VALID,ACCEPTED,ACCEPTED,True,389597100,389.5971,56400,389245800,0,4200,229400,5400,0,0,,,,none,blockchain-valid_active_9,0,False,239,8,
n50-identities_c25-conc_mech-blockchain-1backend_valid-active_r30_audit-off_20260831T025849Z,obs_2b9ec413865648e695174e6da2fbb689,2026-08-31T02:58:50.078664+00:00,blockchain,valid_active,14,25,UAV-VALID,ACCEPTED,ACCEPTED,True,380523900,380.5239,39800,380088800,0,6000,281200,7800,0,0,,,,none,blockchain-valid_active_16,0,False,239,8,
n50-identities_c25-conc_mech-blockchain-1backend_valid-active_r30_audit-off_20260831T025849Z,obs_251d0c87f59d4d84ac304d88a9df66ba,2026-08-31T02:58:50.086359+00:00,blockchain,valid_active,18,25,UAV-VALID,ACCEPTED,ACCEPTED,True,367109500,367.1095,54300,366689200,0,13600,248900,7700,0,0,,,,none,blockchain-valid_active_20,0,False,240,8,
n50-identities_c25-conc_mech-blockchain-1backend_valid-active_r30_audit-off_20260831T025849Z,obs_96fbce9b540f471490bca163cfe9cbfe,2026-08-31T02:58:50.091876+00:00,blockchain,valid_active,10,25,UAV-VALID,ACCEPTED,ACCEPTED,True,388807800,388.8078,52000,388418600,0,4900,234600,7500,0,0,,,,none,blockchain-valid_active_12,0,False,239,8,
n50-identities_c25-conc_mech-blockchain-1backend_valid-active_r30_audit-off_20260831T025849Z,obs_96cf3b7a726840a9b85921bd2b9c2f14,2026-08-31T02:58:50.094611+00:00,blockchain,valid_active,22,25,UAV-VALID,ACCEPTED,ACCEPTED,True,292132300,292.1323,52000,291711200,0,5200,259700,7700,0,0,,,,none,blockchain-valid_active_24,0,False,239,8,
n50-identities_c25-conc_mech-blockchain-1backend_valid-active_r30_audit-off_20260831T025849Z,obs_76101d3fe7f24093965abc0500b58e80,2026-08-31T02:58:50.103063+00:00,blockchain,valid_active,21,25,UAV-VALID,ACCEPTED,ACCEPTED,True,296648500,296.6485,52900,296241800,0,4400,245200,6500,0,0,,,,none,blockchain-valid_active_23,0,False,238,8,
n50-identities_c25-conc_mech-blockchain-1backend_valid-active_r30_audit-off_20260831T025849Z,obs_708e99803a004274939d28d490ba5e5c,2026-08-31T02:58:50.105428+00:00,blockchain,valid_active,12,25,UAV-VALID,ACCEPTED,ACCEPTED,True,371443900,371.4439,32700,371069500,0,4400,234900,7600,0,0,,,,none,blockchain-valid_active_14,0,False,239,8,
n50-identities_c25-conc_mech-blockchain-1backend_valid-active_r30_audit-off_20260831T025849Z,obs_8872e039610e44b8af50953dd3383e0e,2026-08-31T02:58:50.119533+00:00,blockchain,valid_active,13,25,UAV-VALID,ACCEPTED,ACCEPTED,True,391850800,391.8508,33600,391425800,0,4800,271600,9000,0,0,,,,none,blockchain-valid_active_15,0,False,240,8,
n50-identities_c25-conc_mech-blockchain-1backend_valid-active_r30_audit-off_20260831T025849Z,obs_a58f99c3547b4637964b78d5ae286a98,2026-08-31T02:58:50.125358+00:00,blockchain,valid_active,23,25,UAV-VALID,ACCEPTED,ACCEPTED,True,273020200,273.0202,81000,272624400,0,4700,239200,7700,0,0,,,,none,blockchain-valid_active_0,0,False,239,8,
n50-identities_c25-conc_mech-blockchain-1backend_valid-active_r30_audit-off_20260831T025849Z,obs_aa1cd961b1c042fab5eb4299e744ad2f,2026-08-31T02:58:50.139906+00:00,blockchain,valid_active,19,25,UAV-VALID,ACCEPTED,ACCEPTED,True,328409000,328.409,41100,327924000,0,6300,276600,8300,0,0,,,,none,blockchain-valid_active_21,0,False,238,8,
n50-identities_c25-conc_mech-blockchain-1backend_valid-active_r30_audit-off_20260831T025849Z,obs_550e3f3f5c90402b8e928fde3fd0b0c3,2026-08-31T02:58:50.142154+00:00,blockchain,valid_active,16,25,UAV-VALID,ACCEPTED,ACCEPTED,True,366164900,366.1649,47600,365786000,0,4800,232400,6900,0,0,,,,none,blockchain-valid_active_18,0,False,239,8,
n50-identities_c25-conc_mech-blockchain-1backend_valid-active_r30_audit-off_20260831T025849Z,obs_6ec22eca615647eaa5eb2aca2993dd1a,2026-08-31T02:58:50.144133+00:00,blockchain,valid_active,24,25,UAV-VALID,ACCEPTED,ACCEPTED,True,242164000,242.164,59100,241758100,0,4600,250300,8100,0,0,,,,none,blockchain-valid_active_3,0,False,239,8,
n50-identities_c25-conc_mech-blockchain-1backend_valid-active_r30_audit-off_20260831T025849Z,obs_013bd47a8cec476a98d9cdf80915e4d9,2026-08-31T02:58:50.146754+00:00,blockchain,valid_active,15,25,UAV-VALID,ACCEPTED,ACCEPTED,True,411734000,411.734,33800,411315100,0,4700,260800,16600,0,0,,,,none,blockchain-valid_active_17,0,False,240,8,
n50-identities_c25-conc_mech-blockchain-1backend_valid-active_r30_audit-off_20260831T025849Z,obs_fb6ce4a01b1e4541975426c7a254bdab,2026-08-31T02:58:50.158377+00:00,blockchain,valid_active,20,25,UAV-VALID,ACCEPTED,ACCEPTED,True,339698000,339.698,59100,339296100,0,5000,249900,6000,0,0,,,,none,blockchain-valid_active_22,0,False,238,8,
n50-identities_c25-conc_mech-blockchain-1backend_valid-active_r30_audit-off_20260831T025849Z,obs_ea824cac464d43ca831a86202440e4fa,2026-08-31T02:58:50.165160+00:00,blockchain,valid_active,26,25,UAV-VALID,ACCEPTED,ACCEPTED,True,242156200,242.1562,75400,241679500,0,4700,251600,6700,0,0,,,,none,blockchain-valid_active_4,0,False,239,8,
n50-identities_c25-conc_mech-blockchain-1backend_valid-active_r30_audit-off_20260831T025849Z,obs_07eeb1ae5b634fb096e0256e7c4026d3,2026-08-31T02:58:50.167701+00:00,blockchain,valid_active,27,25,UAV-VALID,ACCEPTED,ACCEPTED,True,176585700,176.5857,57300,176177900,0,4500,255400,6500,0,0,,,,none,blockchain-valid_active_7,0,False,239,8,
n50-identities_c25-conc_mech-blockchain-1backend_valid-active_r30_audit-off_20260831T025849Z,obs_6963bc45a05a41f1ba71865ab3deb346,2026-08-31T02:58:50.171329+00:00,blockchain,valid_active,29,25,UAV-VALID,ACCEPTED,ACCEPTED,True,128421200,128.4212,48000,128064600,0,3900,228100,4600,0,0,,,,none,blockchain-valid_active_11,0,False,239,8,
n50-identities_c25-conc_mech-blockchain-1backend_valid-active_r30_audit-off_20260831T025849Z,obs_dd560de747314eada383cdf5ff96561a,2026-08-31T02:58:50.176449+00:00,blockchain,valid_active,28,25,UAV-VALID,ACCEPTED,ACCEPTED,True,200837900,200.8379,56700,200466600,0,4600,210500,7500,0,0,,,,none,blockchain-valid_active_10,0,False,238,8,
n50-identities_c25-conc_mech-blockchain-1backend_valid-active_r30_audit-off_20260831T025849Z,obs_8e30096e39704b09886be074941a92cb,2026-08-31T02:58:50.188410+00:00,blockchain,valid_active,25,25,UAV-VALID,ACCEPTED,ACCEPTED,True,60291900,60.2919,61200,59908500,0,4700,225700,5500,0,0,,,,none,blockchain-valid_active_2,0,False,239,8,
n50-identities_c50-conc_mech-x509-1backend_valid-active_r30_audit-off_20260831T025851Z,obs_756a1dc892604976a1b9709686f95994,2026-08-31T02:58:51.626110+00:00,x509,valid_active,13,50,UAV-VALID,ACCEPTED,ACCEPTED,True,2204000,2.204,55600,132800,1720300,0,202700,5400,0,0,,,,none,x509-valid_active_14,0,False,238,8,
n50-identities_c50-conc_mech-x509-1backend_valid-active_r30_audit-off_20260831T025851Z,obs_75519234971a4bb090de7a0b57498c44,2026-08-31T02:58:51.630413+00:00,x509,valid_active,11,50,UAV-VALID,ACCEPTED,ACCEPTED,True,2863800,2.8638,41300,108200,2428800,0,199200,5200,0,0,,,,none,x509-valid_active_13,0,False,238,8,
n50-identities_c50-conc_mech-x509-1backend_valid-active_r30_audit-off_20260831T025851Z,obs_edf18a13c41f40c6bf9b36fcafa9d788,2026-08-31T02:58:51.537277+00:00,x509,valid_active,7,50,UAV-VALID,ACCEPTED,ACCEPTED,True,100856500,100.8565,32200,154200,100279300,0,253300,6100,0,0,,,,none,x509-valid_active_9,0,False,239,8,
n50-identities_c50-conc_mech-x509-1backend_valid-active_r30_audit-off_20260831T025851Z,obs_f446932635964a53bd5118056096f55c,2026-08-31T02:58:51.471537+00:00,x509,valid_active,1,50,UAV-VALID,ACCEPTED,ACCEPTED,True,68193000,68.193,42600,74300,67734000,0,246500,7500,0,0,,,,none,x509-valid_active_1,0,True,240,8,
n50-identities_c50-conc_mech-x509-1backend_valid-active_r30_audit-off_20260831T025851Z,obs_0eb1183e883e46ada9672a397117db3c,2026-08-31T02:58:51.427338+00:00,x509,valid_active,0,50,UAV-VALID,ACCEPTED,ACCEPTED,True,40312600,40.3126,36400,83400,39975700,0,155800,3500,0,0,,,,none,x509-valid_active_0,0,True,238,8,
n50-identities_c50-conc_mech-x509-1backend_valid-active_r30_audit-off_20260831T025851Z,obs_d9a85bbd73324aeea0d6dedfe454c426,2026-08-31T02:58:51.673320+00:00,x509,valid_active,2,50,UAV-VALID,ACCEPTED,ACCEPTED,True,257663400,257.6634,27400,94300,257077900,0,281100,8300,0,0,,,,none,x509-valid_active_4,0,False,240,8,
n50-identities_c50-conc_mech-x509-1backend_valid-active_r30_audit-off_20260831T025851Z,obs_d229fd88e1904967a2f76a3062da9028,2026-08-31T02:58:51.474615+00:00,x509,valid_active,4,50,UAV-VALID,ACCEPTED,ACCEPTED,True,7638600,7.6386,68100,114300,7204200,0,194900,5800,0,0,,,,none,x509-valid_active_6,0,False,239,8,
n50-identities_c50-conc_mech-x509-1backend_valid-active_r30_audit-off_20260831T025851Z,obs_e12c04b1c8484e6ba56552fa1d2fccd7,2026-08-31T02:58:51.466656+00:00,x509,valid_active,0,50,UAV-VALID,ACCEPTED,ACCEPTED,True,65759200,65.7592,52700,90500,65295600,0,235900,5900,0,0,,,,none,x509-valid_active_2,0,False,240,8,
n50-identities_c50-conc_mech-x509-1backend_valid-active_r30_audit-off_20260831T025851Z,obs_4a53f8c6220f4078a693a4c205c4d172,2026-08-31T02:58:51.656585+00:00,x509,valid_active,8,50,UAV-VALID,ACCEPTED,ACCEPTED,True,183519500,183.5195,56400,133600,182957600,0,268400,7000,0,0,,,,none,x509-valid_active_10,0,False,239,8,
n50-identities_c50-conc_mech-x509-1backend_valid-active_r30_audit-off_20260831T025851Z,obs_e1d24cfadef24063aa1906f5caa2ee19,2026-08-31T02:58:51.450377+00:00,x509,valid_active,15,50,UAV-VALID,ACCEPTED,ACCEPTED,True,1781700,1.7817,78800,96300,1387100,0,185000,5300,0,0,,,,none,x509-valid_active_5,0,False,238,8,
n50-identities_c50-conc_mech-x509-1backend_valid-active_r30_audit-off_20260831T025851Z,obs_a88d9e1713e642e6852ea78a3e3d3731,2026-08-31T02:58:51.439918+00:00,x509,valid_active,3,50,UAV-VALID,ACCEPTED,ACCEPTED,True,14984600,14.9846,41700,128600,14475300,0,232700,7000,0,0,,,,none,x509-valid_active_5,0,False,238,8,
n50-identities_c50-conc_mech-x509-1backend_valid-active_r30_audit-off_20260831T025851Z,obs_be8095aedf524666a85323526756d9cb,2026-08-31T02:58:51.544332+00:00,x509,valid_active,1,50,UAV-VALID,ACCEPTED,ACCEPTED,True,129775300,129.7753,33400,111000,129246900,0,252400,7100,0,0,,,,none,x509-valid_active_3,0,False,239,8,
n50-identities_c50-conc_mech-x509-1backend_valid-active_r30_audit-off_20260831T025851Z,obs_a9d1b969c5d24633808ae8a122eed2b2,2026-08-31T02:58:51.662692+00:00,x509,valid_active,9,50,UAV-VALID,ACCEPTED,ACCEPTED,True,4157700,4.1577,53800,136100,3670300,0,213500,5700,0,0,,,,none,x509-valid_active_11,0,False,239,8,
n50-identities_c50-conc_mech-x509-1backend_valid-active_r30_audit-off_20260831T025851Z,obs_2b428e79e927415a8b837646a0fc3a8d,2026-08-31T02:58:51.714508+00:00,x509,valid_active,5,50,UAV-VALID,ACCEPTED,ACCEPTED,True,234725600,234.7256,30000,131400,234214900,0,233200,5000,0,0,,,,none,x509-valid_active_7,0,False,238,8,
n50-identities_c50-conc_mech-x509-1backend_valid-active_r30_audit-off_20260831T025851Z,obs_e368930d80e8459bb1d7829348793379,2026-08-31T02:58:51.752851+00:00,x509,valid_active,6,50,UAV-VALID,ACCEPTED,ACCEPTED,True,86122800,86.1228,51300,136700,85712800,0,162600,4200,0,0,,,,none,x509-valid_active_8,0,False,239,8,
n50-identities_c50-conc_mech-x509-1backend_valid-active_r30_audit-off_20260831T025851Z,obs_d8be7ec26e5448ebb298bbdfb7841647,2026-08-31T02:58:51.756741+00:00,x509,valid_active,18,50,UAV-VALID,ACCEPTED,ACCEPTED,True,49589100,49.5891,59300,89800,49045600,0,262000,25900,0,0,,,,none,x509-valid_active_1,0,False,238,8,
n50-identities_c50-conc_mech-x509-1backend_valid-active_r30_audit-off_20260831T025851Z,obs_6c5779f5b62d4602bd9e6860a60fb461,2026-08-31T02:58:51.759144+00:00,x509,valid_active,19,50,UAV-VALID,ACCEPTED,ACCEPTED,True,52704200,52.7042,61400,125000,52234200,0,203800,5800,0,0,,,,none,x509-valid_active_6,0,False,239,8,
n50-identities_c50-conc_mech-x509-1backend_valid-active_r30_audit-off_20260831T025851Z,obs_1d941ba485244a40b66fc5fb6fa3cea8,2026-08-31T02:58:51.764144+00:00,x509,valid_active,12,50,UAV-VALID,ACCEPTED,ACCEPTED,True,33515200,33.5152,40100,91800,33117400,0,201900,5700,0,0,,,,none,x509-valid_active_0,0,False,240,8,
n50-identities_c50-conc_mech-x509-1backend_valid-active_r30_audit-off_20260831T025851Z,obs_dce61b35ae4e4431800868e08047b43b,2026-08-31T02:58:51.768133+00:00,x509,valid_active,21,50,UAV-VALID,ACCEPTED,ACCEPTED,True,34611800,34.6118,53900,129900,34206300,0,148200,3800,0,0,,,,none,x509-valid_active_17,0,False,239,8,
n50-identities_c50-conc_mech-x509-1backend_valid-active_r30_audit-off_20260831T025851Z,obs_742b32b253b9464f9d5eba139b4e2167,2026-08-31T02:58:51.769392+00:00,x509,valid_active,10,50,UAV-VALID,ACCEPTED,ACCEPTED,True,84676300,84.6763,49700,165400,84194000,0,180300,5800,0,0,,,,none,x509-valid_active_12,0,False,238,8,
n50-identities_c50-conc_mech-x509-1backend_valid-active_r30_audit-off_20260831T025851Z,obs_8178ca1d8c994700adee5fe3c4f2962e,2026-08-31T02:58:51.771115+00:00,x509,valid_active,23,50,UAV-VALID,ACCEPTED,ACCEPTED,True,28318500,28.3185,50500,133200,27829600,0,207400,7100,0,0,,,,none,x509-valid_active_3,0,False,239,8,
n50-identities_c50-conc_mech-x509-1backend_valid-active_r30_audit-off_20260831T025851Z,obs_6a00f31d3e454099a0258d6d74321a54,2026-08-31T02:58:51.772872+00:00,x509,valid_active,22,50,UAV-VALID,ACCEPTED,ACCEPTED,True,34080300,34.0803,51300,297500,33314600,0,206700,5500,0,0,,,,none,x509-valid_active_9,0,False,238,8,
n50-identities_c50-conc_mech-x509-1backend_valid-active_r30_audit-off_20260831T025851Z,obs_4b17fd2fd2384f2cbea457c58c194916,2026-08-31T02:58:51.773429+00:00,x509,valid_active,27,50,UAV-VALID,ACCEPTED,ACCEPTED,True,46254800,46.2548,37400,113800,45803600,0,198200,5800,0,0,,,,none,x509-valid_active_10,0,False,238,8,
n50-identities_c50-conc_mech-x509-1backend_valid-active_r30_audit-off_20260831T025851Z,obs_1e946371893e4e2e918667c53e5c1345,2026-08-31T02:58:51.774655+00:00,x509,valid_active,14,50,UAV-VALID,ACCEPTED,ACCEPTED,True,38647700,38.6477,25500,119900,38275600,0,143500,7600,0,0,,,,none,x509-valid_active_15,0,False,240,8,
n50-identities_c50-conc_mech-x509-1backend_valid-active_r30_audit-off_20260831T025851Z,obs_0400c5ddcd784145862d252a203436fa,2026-08-31T02:58:51.775583+00:00,x509,valid_active,17,50,UAV-VALID,ACCEPTED,ACCEPTED,True,54389200,54.3892,52000,98700,53975100,0,190300,5100,0,0,,,,none,x509-valid_active_2,0,False,240,8,
n50-identities_c50-conc_mech-x509-1backend_valid-active_r30_audit-off_20260831T025851Z,obs_4277a5d4e8a54e9e82ae073de8b9df2c,2026-08-31T02:58:51.776554+00:00,x509,valid_active,24,50,UAV-VALID,ACCEPTED,ACCEPTED,True,11306400,11.3064,49300,103000,10986400,0,130100,3100,0,0,,,,none,x509-valid_active_18,0,False,239,8,
n50-identities_c50-conc_mech-x509-1backend_valid-active_r30_audit-off_20260831T025851Z,obs_88a9aafd20564c4d9d880599efbda531,2026-08-31T02:58:51.777863+00:00,x509,valid_active,26,50,UAV-VALID,ACCEPTED,ACCEPTED,True,16800300,16.8003,51400,77400,16462700,0,154000,3300,0,0,,,,none,x509-valid_active_13,0,False,239,8,
n50-identities_c50-conc_mech-x509-1backend_valid-active_r30_audit-off_20260831T025851Z,obs_262767eea2ea4a9bbf7b3e76c12d18e2,2026-08-31T02:58:51.779085+00:00,x509,valid_active,16,50,UAV-VALID,ACCEPTED,ACCEPTED,True,21900300,21.9003,72200,89800,21605500,0,123400,2500,0,0,,,,none,x509-valid_active_5,0,False,238,8,
n50-identities_c50-conc_mech-x509-1backend_valid-active_r30_audit-off_20260831T025851Z,obs_f5679766dd1644f48584fc27374af670,2026-08-31T02:58:51.779401+00:00,x509,valid_active,20,50,UAV-VALID,ACCEPTED,ACCEPTED,True,26094400,26.0944,53800,79400,25823800,0,119000,2300,0,0,,,,none,x509-valid_active_16,0,False,240,8,
n50-identities_c50-conc_mech-x509-1backend_valid-active_r30_audit-off_20260831T025851Z,obs_091b2339a7c6447f803419d4284fc644,2026-08-31T02:58:51.779913+00:00,x509,valid_active,28,50,UAV-VALID,ACCEPTED,ACCEPTED,True,17803800,17.8038,34600,67700,17530500,0,127800,2700,0,0,,,,none,x509-valid_active_11,0,False,238,8,
n50-identities_c50-conc_mech-x509-1backend_valid-active_r30_audit-off_20260831T025851Z,obs_9eb2104bdd034592a42bdeb8f47a5d13,2026-08-31T02:58:51.780266+00:00,x509,valid_active,25,50,UAV-VALID,ACCEPTED,ACCEPTED,True,14395600,14.3956,39400,58100,14141100,0,122900,2500,0,0,,,,none,x509-valid_active_14,0,False,239,8,
n50-identities_c50-conc_mech-x509-1backend_valid-active_r30_audit-off_20260831T025851Z,obs_08a36856423242f39d3f4ebcd1c26100,2026-08-31T02:58:51.780605+00:00,x509,valid_active,29,50,UAV-VALID,ACCEPTED,ACCEPTED,True,13108300,13.1083,33200,77800,12822400,0,121200,2600,0,0,,,,none,x509-valid_active_4,0,False,240,8,
n50-identities_c50-conc_mech-blockchain-1backend_valid-active_r30_audit-off_20260831T025853Z,obs_7faf7cc020e84b87a2f02b06ea067bde,2026-08-31T02:58:53.332554+00:00,blockchain,valid_active,0,50,UAV-VALID,ACCEPTED,ACCEPTED,True,155769700,155.7697,57200,155518800,0,3200,154600,3200,0,0,,,,none,blockchain-valid_active_0,0,True,238,8,
n50-identities_c50-conc_mech-blockchain-1backend_valid-active_r30_audit-off_20260831T025853Z,obs_3fc4485a86044e4ea0534e593ba6e841,2026-08-31T02:58:53.341548+00:00,blockchain,valid_active,1,50,UAV-VALID,ACCEPTED,ACCEPTED,True,157153600,157.1536,38800,156892000,0,2700,162200,4500,0,0,,,,none,blockchain-valid_active_1,0,True,239,8,
n50-identities_c50-conc_mech-blockchain-1backend_valid-active_r30_audit-off_20260831T025853Z,obs_15e46ca4aa024dc9b57639ffd9c37174,2026-08-31T02:58:53.433880+00:00,blockchain,valid_active,0,50,UAV-VALID,ACCEPTED,ACCEPTED,True,243156400,243.1564,37300,242842700,0,3400,194200,4400,0,0,,,,none,blockchain-valid_active_2,0,False,240,8,
n50-identities_c50-conc_mech-blockchain-1backend_valid-active_r30_audit-off_20260831T025853Z,obs_1c0cbf49f0cd41cb9a8fbec66c7fc712,2026-08-31T02:58:53.498198+00:00,blockchain,valid_active,9,50,UAV-VALID,ACCEPTED,ACCEPTED,True,209670000,209.67,51300,209228100,0,4600,269100,8400,0,0,,,,none,blockchain-valid_active_11,0,False,240,8,
n50-identities_c50-conc_mech-blockchain-1backend_valid-active_r30_audit-off_20260831T025853Z,obs_d10a04701fab492f9f980669488893f8,2026-08-31T02:58:53.511153+00:00,blockchain,valid_active,2,50,UAV-VALID,ACCEPTED,ACCEPTED,True,307637900,307.6379,35200,306779100,0,7000,598500,9700,0,0,,,,none,blockchain-valid_active_4,0,False,238,8,
n50-identities_c50-conc_mech-blockchain-1backend_valid-active_r30_audit-off_20260831T025853Z,obs_d56b002e4ff64ce6b46e8cf2b8dfb1a3,2026-08-31T02:58:53.518049+00:00,blockchain,valid_active,3,50,UAV-VALID,ACCEPTED,ACCEPTED,True,288817000,288.817,53400,288384300,0,5800,258200,7300,0,0,,,,none,blockchain-valid_active_5,0,False,240,8,
n50-identities_c50-conc_mech-blockchain-1backend_valid-active_r30_audit-off_20260831T025853Z,obs_7ba69218ddf448fca878bcc6f098813b,2026-08-31T02:58:53.520568+00:00,blockchain,valid_active,4,50,UAV-VALID,ACCEPTED,ACCEPTED,True,289354600,289.3546,55100,288952800,0,4600,232500,5200,0,0,,,,none,blockchain-valid_active_6,0,False,239,8,
n50-identities_c50-conc_mech-blockchain-1backend_valid-active_r30_audit-off_20260831T025853Z,obs_900d59429f90404fbf263e58df73df07,2026-08-31T02:58:53.530815+00:00,blockchain,valid_active,1,50,UAV-VALID,ACCEPTED,ACCEPTED,True,322695500,322.6955,31000,322267800,0,4300,283200,7900,0,0,,,,none,blockchain-valid_active_3,0,False,239,8,
n50-identities_c50-conc_mech-blockchain-1backend_valid-active_r30_audit-off_20260831T025853Z,obs_21e72f97ac714db18fc15bf182935534,2026-08-31T02:58:53.537857+00:00,blockchain,valid_active,5,50,UAV-VALID,ACCEPTED,ACCEPTED,True,298821200,298.8212,37000,298420400,0,20500,241300,7300,0,0,,,,none,blockchain-valid_active_7,0,False,240,8,
n50-identities_c50-conc_mech-blockchain-1backend_valid-active_r30_audit-off_20260831T025853Z,obs_5a0e21ffd75b4024ae5e26f162bec1f7,2026-08-31T02:58:53.548550+00:00,blockchain,valid_active,6,50,UAV-VALID,ACCEPTED,ACCEPTED,True,321685100,321.6851,44800,321314100,0,2800,211400,5700,0,0,,,,none,blockchain-valid_active_8,0,False,239,8,
n50-identities_c50-conc_mech-blockchain-1backend_valid-active_r30_audit-off_20260831T025853Z,obs_80a1f46181a44f8f8d5d7343666b8f53,2026-08-31T02:58:53.579795+00:00,blockchain,valid_active,7,50,UAV-VALID,ACCEPTED,ACCEPTED,True,316205200,316.2052,46600,315826400,0,4300,234300,7300,0,0,,,,none,blockchain-valid_active_9,0,False,240,8,
n50-identities_c50-conc_mech-blockchain-1backend_valid-active_r30_audit-off_20260831T025853Z,obs_065e1b50b1754138a2cbf4c16e91e3fe,2026-08-31T02:58:53.617216+00:00,blockchain,valid_active,8,50,UAV-VALID,ACCEPTED,ACCEPTED,True,329970500,329.9705,37000,329464800,0,4800,321800,9000,0,0,,,,none,blockchain-valid_active_10,0,False,239,8,
n50-identities_c50-conc_mech-blockchain-1backend_valid-active_r30_audit-off_20260831T025853Z,obs_c344cd91d4ec4f8b8d4c89532f79461a,2026-08-31T02:58:53.626277+00:00,blockchain,valid_active,10,50,UAV-VALID,ACCEPTED,ACCEPTED,True,298741600,298.7416,54900,298418200,0,4000,178400,5300,0,0,,,,none,blockchain-valid_active_12,0,False,240,8,
n50-identities_c50-conc_mech-blockchain-1backend_valid-active_r30_audit-off_20260831T025853Z,obs_28a245a1bee14782a659663779e7ba84,2026-08-31T02:58:53.630399+00:00,blockchain,valid_active,14,50,UAV-VALID,ACCEPTED,ACCEPTED,True,273397600,273.3976,54300,272981000,0,5700,243000,7100,0,0,,,,none,blockchain-valid_active_16,0,False,240,8,
n50-identities_c50-conc_mech-blockchain-1backend_valid-active_r30_audit-off_20260831T025853Z,obs_18726a0afde9448bbac62e8e64e45ac3,2026-08-31T02:58:53.645889+00:00,blockchain,valid_active,19,50,UAV-VALID,ACCEPTED,ACCEPTED,True,256550000,256.55,59700,256254500,0,3100,171800,4000,0,0,,,,none,blockchain-valid_active_21,0,False,238,8,
n50-identities_c50-conc_mech-blockchain-1backend_valid-active_r30_audit-off_20260831T025853Z,obs_4b07d287319a42b9be333c0d08a64fb6,2026-08-31T02:58:53.653135+00:00,blockchain,valid_active,22,50,UAV-VALID,ACCEPTED,ACCEPTED,True,227026300,227.0263,32200,226747900,0,2600,175600,4000,0,0,,,,none,blockchain-valid_active_24,0,False,240,8,
n50-identities_c50-conc_mech-blockchain-1backend_valid-active_r30_audit-off_20260831T025853Z,obs_683891b81744439d9a3a2e3e4e6dce16,2026-08-31T02:58:53.655717+00:00,blockchain,valid_active,17,50,UAV-VALID,ACCEPTED,ACCEPTED,True,282691600,282.6916,59500,282251200,0,4500,282400,7200,0,0,,,,none,blockchain-valid_active_19,0,False,239,8,
n50-identities_c50-conc_mech-blockchain-1backend_valid-active_r30_audit-off_20260831T025853Z,obs_8dfaed5e2a9941edae221dac8f7e7f6d,2026-08-31T02:58:53.659854+00:00,blockchain,valid_active,11,50,UAV-VALID,ACCEPTED,ACCEPTED,True,358822700,358.8227,36100,358473200,0,3200,226700,7400,0,0,,,,none,blockchain-valid_active_13,0,False,239,8,
n50-identities_c50-conc_mech-blockchain-1backend_valid-active_r30_audit-off_20260831T025853Z,obs_63dadbc0173e4454a2c282ce06e6c3fb,2026-08-31T02:58:53.685855+00:00,blockchain,valid_active,16,50,UAV-VALID,ACCEPTED,ACCEPTED,True,332662100,332.6621,47900,332218700,0,5000,272700,8900,0,0,,,,none,blockchain-valid_active_18,0,False,238,8,
n50-identities_c50-conc_mech-blockchain-1backend_valid-active_r30_audit-off_20260831T025853Z,obs_d8844eb69b3640abb1192a6567a3e7cd,2026-08-31T02:58:53.690730+00:00,blockchain,valid_active,13,50,UAV-VALID,ACCEPTED,ACCEPTED,True,381079200,381.0792,45500,380606700,0,3300,323200,9200,0,0,,,,none,blockchain-valid_active_15,0,False,238,8,
n50-identities_c50-conc_mech-blockchain-1backend_valid-active_r30_audit-off_20260831T025853Z,obs_f0eeb6e351244adaaa4d2eab08dfc210,2026-08-31T02:58:53.693462+00:00,blockchain,valid_active,20,50,UAV-VALID,ACCEPTED,ACCEPTED,True,285706700,285.7067,36600,285334700,0,5900,220700,7500,0,0,,,,none,blockchain-valid_active_22,0,False,238,8,
n50-identities_c50-conc_mech-blockchain-1backend_valid-active_r30_audit-off_20260831T025853Z,obs_8c25b37a1d9b46e98782c8d26624f137,2026-08-31T02:58:53.698558+00:00,blockchain,valid_active,12,50,UAV-VALID,ACCEPTED,ACCEPTED,True,350588900,350.5889,36700,350223200,0,4500,227200,6400,0,0,,,,none,blockchain-valid_active_14,0,False,238,8,
n50-identities_c50-conc_mech-blockchain-1backend_valid-active_r30_audit-off_20260831T025853Z,obs_bdf9550f5f8948ab8710fe3640926f86,2026-08-31T02:58:53.705273+00:00,blockchain,valid_active,28,50,UAV-VALID,ACCEPTED,ACCEPTED,True,223261500,223.2615,69800,222744300,0,4300,358900,7600,0,0,,,,none,blockchain-valid_active_28,0,False,239,8,
n50-identities_c50-conc_mech-blockchain-1backend_valid-active_r30_audit-off_20260831T025853Z,obs_6f47c10a9589494c856404dc277d9a9f,2026-08-31T02:58:53.707806+00:00,blockchain,valid_active,15,50,UAV-VALID,ACCEPTED,ACCEPTED,True,325926700,325.9267,28900,325415800,0,4300,369600,8400,0,0,,,,none,blockchain-valid_active_17,0,False,239,8,
n50-identities_c50-conc_mech-blockchain-1backend_valid-active_r30_audit-off_20260831T025853Z,obs_d1597e6d8e6847e3b2cc3876caa23821,2026-08-31T02:58:53.710100+00:00,blockchain,valid_active,25,50,UAV-VALID,ACCEPTED,ACCEPTED,True,258084600,258.0846,46100,257698500,0,4100,238900,6900,0,0,,,,none,blockchain-valid_active_25,0,False,238,8,
n50-identities_c50-conc_mech-blockchain-1backend_valid-active_r30_audit-off_20260831T025853Z,obs_cdc8a8fb512c4bdfa308e6eef529e6d1,2026-08-31T02:58:53.714843+00:00,blockchain,valid_active,18,50,UAV-VALID,ACCEPTED,ACCEPTED,True,304476800,304.4768,39600,304099400,0,12600,233000,6900,0,0,,,,none,blockchain-valid_active_20,0,False,238,8,
n50-identities_c50-conc_mech-blockchain-1backend_valid-active_r30_audit-off_20260831T025853Z,obs_18cb0a6cb80f4dc4a69c05ac909d4726,2026-08-31T02:58:53.716073+00:00,blockchain,valid_active,24,50,UAV-VALID,ACCEPTED,ACCEPTED,True,269676400,269.6764,37900,269378400,0,2700,180200,5300,0,0,,,,none,blockchain-valid_active_1,0,False,238,8,
n50-identities_c50-conc_mech-blockchain-1backend_valid-active_r30_audit-off_20260831T025853Z,obs_d057fc617f674b0fa8064f5bb5fdc057,2026-08-31T02:58:53.719009+00:00,blockchain,valid_active,27,50,UAV-VALID,ACCEPTED,ACCEPTED,True,255680700,255.6807,58000,255249200,0,7500,255800,8300,0,0,,,,none,blockchain-valid_active_27,0,False,240,8,
n50-identities_c50-conc_mech-blockchain-1backend_valid-active_r30_audit-off_20260831T025853Z,obs_8443a80dc0684795b1f767c7d104ef25,2026-08-31T02:58:53.722080+00:00,blockchain,valid_active,23,50,UAV-VALID,ACCEPTED,ACCEPTED,True,300823400,300.8234,36400,300363400,0,6600,272300,8400,0,0,,,,none,blockchain-valid_active_0,0,False,238,8,
n50-identities_c50-conc_mech-blockchain-1backend_valid-active_r30_audit-off_20260831T025853Z,obs_e8cc8197840340eb89e8145efe9b9c85,2026-08-31T02:58:53.724450+00:00,blockchain,valid_active,21,50,UAV-VALID,ACCEPTED,ACCEPTED,True,269535600,269.5356,56000,269082400,0,4200,287000,8300,0,0,,,,none,blockchain-valid_active_23,0,False,239,8,
n50-identities_c50-conc_mech-blockchain-1backend_valid-active_r30_audit-off_20260831T025853Z,obs_c5cc4222d376418387b39dc21d4cce86,2026-08-31T02:58:53.726643+00:00,blockchain,valid_active,29,50,UAV-VALID,ACCEPTED,ACCEPTED,True,205221200,205.2212,29800,204874000,0,3500,218600,5800,0,0,,,,none,blockchain-valid_active_29,0,False,239,8,
n50-identities_c50-conc_mech-blockchain-1backend_valid-active_r30_audit-off_20260831T025853Z,obs_fad4e6c25db04c76873a9305cd83b1c4,2026-08-31T02:58:53.733044+00:00,blockchain,valid_active,26,50,UAV-VALID,ACCEPTED,ACCEPTED,True,261686200,261.6862,41800,261384300,0,2900,184500,5200,0,0,,,,none,blockchain-valid_active_26,0,False,239,8,
n100-identities_c1-conc_mech-x509-1backend_valid-active_r30_audit-off_20260831T025854Z,obs_af8e68d42bd14786a256c7aa5869d452,2026-08-31T02:58:54.915203+00:00,x509,valid_active,0,1,UAV-VALID,ACCEPTED,ACCEPTED,True,1093600,1.0936,31100,90200,833500,0,106300,2900,0,0,,,,none,x509-valid_active_0,0,True,240,8,
n100-identities_c1-conc_mech-x509-1backend_valid-active_r30_audit-off_20260831T025854Z,obs_e38f449ef53a43a780491ce07d56b88c,2026-08-31T02:58:54.922511+00:00,x509,valid_active,1,1,UAV-VALID,ACCEPTED,ACCEPTED,True,1512400,1.5124,50700,76300,1219500,0,129900,3200,0,0,,,,none,x509-valid_active_0,0,True,239,8,
n100-identities_c1-conc_mech-x509-1backend_valid-active_r30_audit-off_20260831T025854Z,obs_d7e42473155a4f7a82706c4758d37797,2026-08-31T02:58:54.928110+00:00,x509,valid_active,0,1,UAV-VALID,ACCEPTED,ACCEPTED,True,1175200,1.1752,28800,55000,924000,0,126200,3100,0,0,,,,none,x509-valid_active_0,0,False,240,8,
n100-identities_c1-conc_mech-x509-1backend_valid-active_r30_audit-off_20260831T025854Z,obs_34187c3782f7410ab6afc438a66b4bdb,2026-08-31T02:58:54.933258+00:00,x509,valid_active,1,1,UAV-VALID,ACCEPTED,ACCEPTED,True,1133400,1.1334,25400,53300,894400,0,123100,3400,0,0,,,,none,x509-valid_active_0,0,False,240,8,
n100-identities_c1-conc_mech-x509-1backend_valid-active_r30_audit-off_20260831T025854Z,obs_50cd84697c8f40aa8b885c8d2219327c,2026-08-31T02:58:54.940592+00:00,x509,valid_active,2,1,UAV-VALID,ACCEPTED,ACCEPTED,True,1364000,1.364,31200,57800,1103600,0,133900,3500,0,0,,,,none,x509-valid_active_0,0,False,239,8,
n100-identities_c1-conc_mech-x509-1backend_valid-active_r30_audit-off_20260831T025854Z,obs_7d19a1ec5f12483f8da94f1334cbf9a8,2026-08-31T02:58:54.945961+00:00,x509,valid_active,3,1,UAV-VALID,ACCEPTED,ACCEPTED,True,1337800,1.3378,26500,47200,1095300,0,124200,3200,0,0,,,,none,x509-valid_active_0,0,False,239,8,
n100-identities_c1-conc_mech-x509-1backend_valid-active_r30_audit-off_20260831T025854Z,obs_63c336b8a8e14fd4b64892b2f89b5dd8,2026-08-31T02:58:54.952731+00:00,x509,valid_active,4,1,UAV-VALID,ACCEPTED,ACCEPTED,True,1550900,1.5509,46200,81200,1237100,0,138000,2900,0,0,,,,none,x509-valid_active_0,0,False,239,8,
n100-identities_c1-conc_mech-x509-1backend_valid-active_r30_audit-off_20260831T025854Z,obs_f44207fd5dc64bb19d3820c25681e0d5,2026-08-31T02:58:54.958797+00:00,x509,valid_active,5,1,UAV-VALID,ACCEPTED,ACCEPTED,True,1339400,1.3394,27600,59500,1082100,0,128000,3800,0,0,,,,none,x509-valid_active_0,0,False,239,8,
n100-identities_c1-conc_mech-x509-1backend_valid-active_r30_audit-off_20260831T025854Z,obs_9b9e2959d7f84ebdacd23cabb12d0690,2026-08-31T02:58:54.965434+00:00,x509,valid_active,6,1,UAV-VALID,ACCEPTED,ACCEPTED,True,1669000,1.669,27800,87000,1231600,0,224200,7000,0,0,,,,none,x509-valid_active_0,0,False,240,8,
n100-identities_c1-conc_mech-x509-1backend_valid-active_r30_audit-off_20260831T025854Z,obs_4f1e24412fb140098cab6e05cbba009a,2026-08-31T02:58:54.972742+00:00,x509,valid_active,7,1,UAV-VALID,ACCEPTED,ACCEPTED,True,1186900,1.1869,30100,66800,936600,0,117100,3500,0,0,,,,none,x509-valid_active_0,0,False,239,8,
n100-identities_c1-conc_mech-x509-1backend_valid-active_r30_audit-off_20260831T025854Z,obs_41561f8c4704430bb028ea5e6a108fbb,2026-08-31T02:58:54.979043+00:00,x509,valid_active,8,1,UAV-VALID,ACCEPTED,ACCEPTED,True,1525300,1.5253,34200,63700,1271800,0,119400,3600,0,0,,,,none,x509-valid_active_0,0,False,240,8,
n100-identities_c1-conc_mech-x509-1backend_valid-active_r30_audit-off_20260831T025854Z,obs_2b863139a88b4e23a6b73397c391c50a,2026-08-31T02:58:54.985702+00:00,x509,valid_active,9,1,UAV-VALID,ACCEPTED,ACCEPTED,True,1315500,1.3155,33400,53300,1075200,0,113900,3400,0,0,,,,none,x509-valid_active_0,0,False,240,8,
n100-identities_c1-conc_mech-x509-1backend_valid-active_r30_audit-off_20260831T025854Z,obs_5d861fadb7ac4860ba650937e1efdaf5,2026-08-31T02:58:54.990866+00:00,x509,valid_active,10,1,UAV-VALID,ACCEPTED,ACCEPTED,True,1089500,1.0895,29300,55300,868800,0,105200,3200,0,0,,,,none,x509-valid_active_0,0,False,240,8,
n100-identities_c1-conc_mech-x509-1backend_valid-active_r30_audit-off_20260831T025854Z,obs_ccc7a6afbb504103a4554c087ae310fc,2026-08-31T02:58:54.996272+00:00,x509,valid_active,11,1,UAV-VALID,ACCEPTED,ACCEPTED,True,1232600,1.2326,27400,53700,983800,0,124500,3200,0,0,,,,none,x509-valid_active_0,0,False,239,8,
n100-identities_c1-conc_mech-x509-1backend_valid-active_r30_audit-off_20260831T025854Z,obs_f956ae0e0bfc4a8b8c57f1acc86d7386,2026-08-31T02:58:55.006499+00:00,x509,valid_active,12,1,UAV-VALID,ACCEPTED,ACCEPTED,True,2785300,2.7853,35600,98000,2353600,0,209900,5300,0,0,,,,none,x509-valid_active_0,0,False,239,8,
n100-identities_c1-conc_mech-x509-1backend_valid-active_r30_audit-off_20260831T025854Z,obs_358c9b9122554722b60231c85aa3f3c3,2026-08-31T02:58:55.018843+00:00,x509,valid_active,13,1,UAV-VALID,ACCEPTED,ACCEPTED,True,1440000,1.44,35300,62300,1153500,0,152100,2900,0,0,,,,none,x509-valid_active_0,0,False,239,8,
n100-identities_c1-conc_mech-x509-1backend_valid-active_r30_audit-off_20260831T025854Z,obs_46d98922396449e4a773b692c0f355a9,2026-08-31T02:58:55.024716+00:00,x509,valid_active,14,1,UAV-VALID,ACCEPTED,ACCEPTED,True,1465100,1.4651,28600,54600,1217200,0,125300,3400,0,0,,,,none,x509-valid_active_0,0,False,239,8,
n100-identities_c1-conc_mech-x509-1backend_valid-active_r30_audit-off_20260831T025854Z,obs_386e9239dbcd4e43b36c84e4de82658e,2026-08-31T02:58:55.031404+00:00,x509,valid_active,15,1,UAV-VALID,ACCEPTED,ACCEPTED,True,1412100,1.4121,37800,56300,1140100,0,142600,3500,0,0,,,,none,x509-valid_active_0,0,False,239,8,
n100-identities_c1-conc_mech-x509-1backend_valid-active_r30_audit-off_20260831T025854Z,obs_0eebd596036641c693233c6f405db839,2026-08-31T02:58:55.036669+00:00,x509,valid_active,16,1,UAV-VALID,ACCEPTED,ACCEPTED,True,1227700,1.2277,30300,53400,966200,0,120700,2800,0,0,,,,none,x509-valid_active_0,0,False,240,8,
n100-identities_c1-conc_mech-x509-1backend_valid-active_r30_audit-off_20260831T025854Z,obs_bff91c220c754070b6830c26857a6c7a,2026-08-31T02:58:55.042446+00:00,x509,valid_active,17,1,UAV-VALID,ACCEPTED,ACCEPTED,True,1174200,1.1742,28000,67300,933900,0,109600,2800,0,0,,,,none,x509-valid_active_0,0,False,240,8,
n100-identities_c1-conc_mech-x509-1backend_valid-active_r30_audit-off_20260831T025854Z,obs_51537fc8195c425b8003fda9b8b593f9,2026-08-31T02:58:55.049342+00:00,x509,valid_active,18,1,UAV-VALID,ACCEPTED,ACCEPTED,True,1413400,1.4134,36400,68000,1133700,0,133500,3600,0,0,,,,none,x509-valid_active_0,0,False,239,8,
n100-identities_c1-conc_mech-x509-1backend_valid-active_r30_audit-off_20260831T025854Z,obs_986f552e494e45d6b21a0f4b8c921824,2026-08-31T02:58:55.054714+00:00,x509,valid_active,19,1,UAV-VALID,ACCEPTED,ACCEPTED,True,1113300,1.1133,36200,54700,857000,0,128100,3200,0,0,,,,none,x509-valid_active_0,0,False,240,8,
n100-identities_c1-conc_mech-x509-1backend_valid-active_r30_audit-off_20260831T025854Z,obs_2f422ede0f3547d2a807965684ed63fa,2026-08-31T02:58:55.061370+00:00,x509,valid_active,20,1,UAV-VALID,ACCEPTED,ACCEPTED,True,1843700,1.8437,50900,98300,1474500,0,169300,3600,0,0,,,,none,x509-valid_active_0,0,False,238,8,
n100-identities_c1-conc_mech-x509-1backend_valid-active_r30_audit-off_20260831T025854Z,obs_c82c0adc69284ce99f02743383fe05ee,2026-08-31T02:58:55.067121+00:00,x509,valid_active,21,1,UAV-VALID,ACCEPTED,ACCEPTED,True,1389000,1.389,26700,55200,1129200,0,133300,2600,0,0,,,,none,x509-valid_active_0,0,False,238,8,
n100-identities_c1-conc_mech-x509-1backend_valid-active_r30_audit-off_20260831T025854Z,obs_b167f482a62e4a87a7c9882585ef0f33,2026-08-31T02:58:55.072825+00:00,x509,valid_active,22,1,UAV-VALID,ACCEPTED,ACCEPTED,True,1444400,1.4444,28300,59400,1188400,0,125800,3300,0,0,,,,none,x509-valid_active_0,0,False,238,8,
n100-identities_c1-conc_mech-x509-1backend_valid-active_r30_audit-off_20260831T025854Z,obs_e9d9ba10ae20489999f143ef75dcd993,2026-08-31T02:58:55.080167+00:00,x509,valid_active,23,1,UAV-VALID,ACCEPTED,ACCEPTED,True,1478800,1.4788,33000,56500,1187700,0,143900,3500,0,0,,,,none,x509-valid_active_0,0,False,240,8,
n100-identities_c1-conc_mech-x509-1backend_valid-active_r30_audit-off_20260831T025854Z,obs_95a8e93330c8494da85a0a5a1240e097,2026-08-31T02:58:55.086339+00:00,x509,valid_active,24,1,UAV-VALID,ACCEPTED,ACCEPTED,True,1635900,1.6359,30000,65300,1348700,0,142700,4700,0,0,,,,none,x509-valid_active_0,0,False,240,8,
n100-identities_c1-conc_mech-x509-1backend_valid-active_r30_audit-off_20260831T025854Z,obs_f8d07015a30349e78bc4966b0adf1e97,2026-08-31T02:58:55.093528+00:00,x509,valid_active,25,1,UAV-VALID,ACCEPTED,ACCEPTED,True,1548500,1.5485,49000,66500,1265300,0,134000,3100,0,0,,,,none,x509-valid_active_0,0,False,238,8,
n100-identities_c1-conc_mech-x509-1backend_valid-active_r30_audit-off_20260831T025854Z,obs_342ee05c2be34127bde0e6598838e982,2026-08-31T02:58:55.099344+00:00,x509,valid_active,26,1,UAV-VALID,ACCEPTED,ACCEPTED,True,1473200,1.4732,29800,61600,1212200,0,128600,3600,0,0,,,,none,x509-valid_active_0,0,False,239,8,
n100-identities_c1-conc_mech-x509-1backend_valid-active_r30_audit-off_20260831T025854Z,obs_ee3fde98046244c5afd95b8e92dc0199,2026-08-31T02:58:55.105058+00:00,x509,valid_active,27,1,UAV-VALID,ACCEPTED,ACCEPTED,True,1407200,1.4072,26500,56000,1144200,0,130900,5500,0,0,,,,none,x509-valid_active_0,0,False,238,8,
n100-identities_c1-conc_mech-x509-1backend_valid-active_r30_audit-off_20260831T025854Z,obs_81c397500b274ea79a8933224c7c6362,2026-08-31T02:58:55.112970+00:00,x509,valid_active,28,1,UAV-VALID,ACCEPTED,ACCEPTED,True,1412800,1.4128,37000,61100,1149100,0,130100,3200,0,0,,,,none,x509-valid_active_0,0,False,240,8,
n100-identities_c1-conc_mech-x509-1backend_valid-active_r30_audit-off_20260831T025854Z,obs_c1344d72966c4caca00aca8fbddbb1e8,2026-08-31T02:58:55.118854+00:00,x509,valid_active,29,1,UAV-VALID,ACCEPTED,ACCEPTED,True,1617400,1.6174,28300,55600,1365600,0,125800,3600,0,0,,,,none,x509-valid_active_0,0,False,239,8,
n100-identities_c1-conc_mech-blockchain-1backend_valid-active_r30_audit-off_20260831T025855Z,obs_d516403d58254b03b9e6638d8288ee03,2026-08-31T02:58:56.069799+00:00,blockchain,valid_active,0,1,UAV-VALID,ACCEPTED,ACCEPTED,True,14329600,14.3296,51100,14064200,0,2300,150200,3300,0,0,,,,none,blockchain-valid_active_0,0,True,240,8,
n100-identities_c1-conc_mech-blockchain-1backend_valid-active_r30_audit-off_20260831T025855Z,obs_9d40faaa8d0e4a4188eea7c3d7b9be4f,2026-08-31T02:58:56.089151+00:00,blockchain,valid_active,1,1,UAV-VALID,ACCEPTED,ACCEPTED,True,12717200,12.7172,29500,12463400,0,2600,163200,3900,0,0,,,,none,blockchain-valid_active_0,0,True,238,8,
n100-identities_c1-conc_mech-blockchain-1backend_valid-active_r30_audit-off_20260831T025855Z,obs_a77abc83d13741e497a95f40f7d7c4b8,2026-08-31T02:58:56.106121+00:00,blockchain,valid_active,0,1,UAV-VALID,ACCEPTED,ACCEPTED,True,12371400,12.3714,32200,12134500,0,2200,150900,3300,0,0,,,,none,blockchain-valid_active_0,0,False,238,8,
n100-identities_c1-conc_mech-blockchain-1backend_valid-active_r30_audit-off_20260831T025855Z,obs_d5367e75ee6b411e9d09c056239d7462,2026-08-31T02:58:56.122971+00:00,blockchain,valid_active,1,1,UAV-VALID,ACCEPTED,ACCEPTED,True,12270600,12.2706,30000,12033300,0,2100,152800,3100,0,0,,,,none,blockchain-valid_active_0,0,False,239,8,
n100-identities_c1-conc_mech-blockchain-1backend_valid-active_r30_audit-off_20260831T025855Z,obs_bffa2fa00f794e04aca5d1eb7b4d6a04,2026-08-31T02:58:56.141156+00:00,blockchain,valid_active,2,1,UAV-VALID,ACCEPTED,ACCEPTED,True,13770200,13.7702,29500,13525300,0,2600,156100,5000,0,0,,,,none,blockchain-valid_active_0,0,False,240,8,
n100-identities_c1-conc_mech-blockchain-1backend_valid-active_r30_audit-off_20260831T025855Z,obs_29891a6fd9cc4c66828d9e8ca1b04e79,2026-08-31T02:58:56.158044+00:00,blockchain,valid_active,3,1,UAV-VALID,ACCEPTED,ACCEPTED,True,12112100,12.1121,31700,11825600,0,2600,156600,3500,0,0,,,,none,blockchain-valid_active_0,0,False,239,8,
n100-identities_c1-conc_mech-blockchain-1backend_valid-active_r30_audit-off_20260831T025855Z,obs_9f0182361aaf40e2a6fd175b2783e2c8,2026-08-31T02:58:56.175315+00:00,blockchain,valid_active,4,1,UAV-VALID,ACCEPTED,ACCEPTED,True,12811400,12.8114,30100,12569800,0,2200,155100,3700,0,0,,,,none,blockchain-valid_active_0,0,False,238,8,
n100-identities_c1-conc_mech-blockchain-1backend_valid-active_r30_audit-off_20260831T025855Z,obs_19081f5171bf42a9b2dbfef2989a3bd5,2026-08-31T02:58:56.193132+00:00,blockchain,valid_active,5,1,UAV-VALID,ACCEPTED,ACCEPTED,True,12705200,12.7052,51700,12455700,0,2200,153600,3700,0,0,,,,none,blockchain-valid_active_0,0,False,240,8,
n100-identities_c1-conc_mech-blockchain-1backend_valid-active_r30_audit-off_20260831T025855Z,obs_f1a26738f9dc49d1a4a1d114c0a1e567,2026-08-31T02:58:56.215036+00:00,blockchain,valid_active,6,1,UAV-VALID,ACCEPTED,ACCEPTED,True,14966600,14.9666,38900,14705200,0,2600,143400,3500,0,0,,,,none,blockchain-valid_active_0,0,False,239,8,
n100-identities_c1-conc_mech-blockchain-1backend_valid-active_r30_audit-off_20260831T025855Z,obs_3c3172a3ec33420894bb2de33489ab44,2026-08-31T02:58:56.234038+00:00,blockchain,valid_active,7,1,UAV-VALID,ACCEPTED,ACCEPTED,True,14150200,14.1502,32700,13882500,0,2400,177400,4200,0,0,,,,none,blockchain-valid_active_0,0,False,239,8,
n100-identities_c1-conc_mech-blockchain-1backend_valid-active_r30_audit-off_20260831T025855Z,obs_4b2484f8e57d4ec6956b05dc1c766bc3,2026-08-31T02:58:56.254066+00:00,blockchain,valid_active,8,1,UAV-VALID,ACCEPTED,ACCEPTED,True,12477600,12.4776,54900,12181200,0,2100,173300,3600,0,0,,,,none,blockchain-valid_active_0,0,False,239,8,
n100-identities_c1-conc_mech-blockchain-1backend_valid-active_r30_audit-off_20260831T025855Z,obs_f8fc248d6d47495cb99e2f0312838e7d,2026-08-31T02:58:56.274628+00:00,blockchain,valid_active,9,1,UAV-VALID,ACCEPTED,ACCEPTED,True,13421500,13.4215,43100,13156900,0,2400,161200,3900,0,0,,,,none,blockchain-valid_active_0,0,False,239,8,
n100-identities_c1-conc_mech-blockchain-1backend_valid-active_r30_audit-off_20260831T025855Z,obs_25d404eb4a304090bc6fadd9a2af487e,2026-08-31T02:58:56.295636+00:00,blockchain,valid_active,10,1,UAV-VALID,ACCEPTED,ACCEPTED,True,15515600,15.5156,54200,15259600,0,2800,158500,3200,0,0,,,,none,blockchain-valid_active_0,0,False,239,8,
n100-identities_c1-conc_mech-blockchain-1backend_valid-active_r30_audit-off_20260831T025855Z,obs_d3df9c97a53e48268277bd71230904cd,2026-08-31T02:58:56.321728+00:00,blockchain,valid_active,11,1,UAV-VALID,ACCEPTED,ACCEPTED,True,18569600,18.5696,53500,18075700,0,3600,318800,6600,0,0,,,,none,blockchain-valid_active_0,0,False,240,8,
n100-identities_c1-conc_mech-blockchain-1backend_valid-active_r30_audit-off_20260831T025855Z,obs_4aff6c66e01b4e7399441527ab3eb440,2026-08-31T02:58:56.343478+00:00,blockchain,valid_active,12,1,UAV-VALID,ACCEPTED,ACCEPTED,True,13616400,13.6164,42400,13350900,0,2100,166500,3900,0,0,,,,none,blockchain-valid_active_0,0,False,238,8,
n100-identities_c1-conc_mech-blockchain-1backend_valid-active_r30_audit-off_20260831T025855Z,obs_77d3393bb3d449b289df9747a77ea4e5,2026-08-31T02:58:56.367875+00:00,blockchain,valid_active,13,1,UAV-VALID,ACCEPTED,ACCEPTED,True,17397500,17.3975,75300,16991900,0,4200,259300,6000,0,0,,,,none,blockchain-valid_active_0,0,False,239,8,
n100-identities_c1-conc_mech-blockchain-1backend_valid-active_r30_audit-off_20260831T025855Z,obs_a27c40229746493e89930b9a2baadc40,2026-08-31T02:58:56.401609+00:00,blockchain,valid_active,14,1,UAV-VALID,ACCEPTED,ACCEPTED,True,24315400,24.3154,49900,23922900,0,3200,253000,5600,0,0,,,,none,blockchain-valid_active_0,0,False,240,8,
n100-identities_c1-conc_mech-blockchain-1backend_valid-active_r30_audit-off_20260831T025855Z,obs_104c3f40aefd40bfae4dd201550d357c,2026-08-31T02:58:56.430650+00:00,blockchain,valid_active,15,1,UAV-VALID,ACCEPTED,ACCEPTED,True,21107100,21.1071,61800,20652700,0,3600,290200,9200,0,0,,,,none,blockchain-valid_active_0,0,False,238,8,
n100-identities_c1-conc_mech-blockchain-1backend_valid-active_r30_audit-off_20260831T025855Z,obs_f71b8d22f6c04813a417c0f47b7fb9ab,2026-08-31T02:58:56.470883+00:00,blockchain,valid_active,16,1,UAV-VALID,ACCEPTED,ACCEPTED,True,30922400,30.9224,69900,30500000,0,4400,257200,7400,0,0,,,,none,blockchain-valid_active_0,0,False,239,8,
n100-identities_c1-conc_mech-blockchain-1backend_valid-active_r30_audit-off_20260831T025855Z,obs_78004776d5d940868b4831b3bb2feddf,2026-08-31T02:58:56.511791+00:00,blockchain,valid_active,17,1,UAV-VALID,ACCEPTED,ACCEPTED,True,32041000,32.041,56700,31631800,0,4000,257900,7300,0,0,,,,none,blockchain-valid_active_0,0,False,240,8,
n100-identities_c1-conc_mech-blockchain-1backend_valid-active_r30_audit-off_20260831T025855Z,obs_873a6dad00f741a4ba6117aa55957eb3,2026-08-31T02:58:56.580253+00:00,blockchain,valid_active,18,1,UAV-VALID,ACCEPTED,ACCEPTED,True,59391300,59.3913,53300,59000100,0,5000,231800,6600,0,0,,,,none,blockchain-valid_active_0,0,False,238,8,
n100-identities_c1-conc_mech-blockchain-1backend_valid-active_r30_audit-off_20260831T025855Z,obs_d93544259c004b32b80adc30666c7cdf,2026-08-31T02:58:56.607397+00:00,blockchain,valid_active,19,1,UAV-VALID,ACCEPTED,ACCEPTED,True,19290200,19.2902,58100,18910700,0,3400,236200,5900,0,0,,,,none,blockchain-valid_active_0,0,False,238,8,
n100-identities_c1-conc_mech-blockchain-1backend_valid-active_r30_audit-off_20260831T025855Z,obs_7c50f5af3d4f4b879368b09eaeba462a,2026-08-31T02:58:56.634045+00:00,blockchain,valid_active,20,1,UAV-VALID,ACCEPTED,ACCEPTED,True,17982400,17.9824,57300,17679400,0,3000,187500,4500,0,0,,,,none,blockchain-valid_active_0,0,False,239,8,
n100-identities_c1-conc_mech-blockchain-1backend_valid-active_r30_audit-off_20260831T025855Z,obs_d0424335bba14df2977a67528c2ed537,2026-08-31T02:58:56.676767+00:00,blockchain,valid_active,21,1,UAV-VALID,ACCEPTED,ACCEPTED,True,33477100,33.4771,94600,33078400,0,3900,244700,7500,0,0,,,,none,blockchain-valid_active_0,0,False,239,8,
n100-identities_c1-conc_mech-blockchain-1backend_valid-active_r30_audit-off_20260831T025855Z,obs_1d2afb6666714b8bb2621f08ac3da99b,2026-08-31T02:58:56.707924+00:00,blockchain,valid_active,22,1,UAV-VALID,ACCEPTED,ACCEPTED,True,22888600,22.8886,58100,22135700,0,8300,404100,9900,0,0,,,,none,blockchain-valid_active_0,0,False,238,8,
n100-identities_c1-conc_mech-blockchain-1backend_valid-active_r30_audit-off_20260831T025855Z,obs_db077249c44f440ab876ce8febd1668b,2026-08-31T02:58:56.749945+00:00,blockchain,valid_active,23,1,UAV-VALID,ACCEPTED,ACCEPTED,True,32993400,32.9934,60900,31661800,0,4600,1155900,8600,0,0,,,,none,blockchain-valid_active_0,0,False,239,8,
n100-identities_c1-conc_mech-blockchain-1backend_valid-active_r30_audit-off_20260831T025855Z,obs_1156656dd0d3463cb6b47dc6599767a3,2026-08-31T02:58:56.780445+00:00,blockchain,valid_active,24,1,UAV-VALID,ACCEPTED,ACCEPTED,True,22012600,22.0126,58200,21587400,0,3900,256000,7200,0,0,,,,none,blockchain-valid_active_0,0,False,239,8,
n100-identities_c1-conc_mech-blockchain-1backend_valid-active_r30_audit-off_20260831T025855Z,obs_b9cd88caf5994686a1e16aab14b755ff,2026-08-31T02:58:56.812449+00:00,blockchain,valid_active,25,1,UAV-VALID,ACCEPTED,ACCEPTED,True,23821600,23.8216,64600,23381500,0,4500,288500,8100,0,0,,,,none,blockchain-valid_active_0,0,False,239,8,
n100-identities_c1-conc_mech-blockchain-1backend_valid-active_r30_audit-off_20260831T025855Z,obs_38496ac8cc9f42fdaaaf293cab7eab96,2026-08-31T02:58:56.839447+00:00,blockchain,valid_active,26,1,UAV-VALID,ACCEPTED,ACCEPTED,True,20817000,20.817,40600,20414300,0,4200,255300,7600,0,0,,,,none,blockchain-valid_active_0,0,False,239,8,
n100-identities_c1-conc_mech-blockchain-1backend_valid-active_r30_audit-off_20260831T025855Z,obs_a2dd42b553164411b68c63d06fb5c98f,2026-08-31T02:58:56.872599+00:00,blockchain,valid_active,27,1,UAV-VALID,ACCEPTED,ACCEPTED,True,24505700,24.5057,64900,23982700,0,4700,350700,8400,0,0,,,,none,blockchain-valid_active_0,0,False,238,8,
n100-identities_c1-conc_mech-blockchain-1backend_valid-active_r30_audit-off_20260831T025855Z,obs_c98d24125bbb4fdfb674b2b14f6c0207,2026-08-31T02:58:56.913495+00:00,blockchain,valid_active,28,1,UAV-VALID,ACCEPTED,ACCEPTED,True,31541900,31.5419,49300,31140500,0,4500,243500,6600,0,0,,,,none,blockchain-valid_active_0,0,False,239,8,
n100-identities_c1-conc_mech-blockchain-1backend_valid-active_r30_audit-off_20260831T025855Z,obs_20c4bba5629c44e497035bcd0cd7d9e5,2026-08-31T02:58:56.956258+00:00,blockchain,valid_active,29,1,UAV-VALID,ACCEPTED,ACCEPTED,True,34521600,34.5216,49900,34154800,0,3400,227300,6800,0,0,,,,none,blockchain-valid_active_0,0,False,240,8,
n100-identities_c5-conc_mech-x509-1backend_valid-active_r30_audit-off_20260831T025857Z,obs_cef8ae34167441fb9a798558c0521cb5,2026-08-31T02:58:57.813946+00:00,x509,valid_active,0,5,UAV-VALID,ACCEPTED,ACCEPTED,True,13304500,13.3045,32800,70700,13020700,0,135500,3300,0,0,,,,none,x509-valid_active_0,0,True,238,8,
n100-identities_c5-conc_mech-x509-1backend_valid-active_r30_audit-off_20260831T025857Z,obs_f50eb8288ac04168af53ae8e64dd0ba5,2026-08-31T02:58:57.826900+00:00,x509,valid_active,0,5,UAV-VALID,ACCEPTED,ACCEPTED,True,10336400,10.3364,31100,71000,10056400,0,136200,3900,0,0,,,,none,x509-valid_active_2,0,False,239,8,
n100-identities_c5-conc_mech-x509-1backend_valid-active_r30_audit-off_20260831T025857Z,obs_c1982250000e4d4299de6d36f04e7a57,2026-08-31T02:58:57.827880+00:00,x509,valid_active,1,5,UAV-VALID,ACCEPTED,ACCEPTED,True,8086100,8.0861,35500,122900,7735900,0,125700,3700,0,0,,,,none,x509-valid_active_1,0,True,240,8,
n100-identities_c5-conc_mech-x509-1backend_valid-active_r30_audit-off_20260831T025857Z,obs_be4e0971171d4c08bae47bd402192bad,2026-08-31T02:58:57.830768+00:00,x509,valid_active,2,5,UAV-VALID,ACCEPTED,ACCEPTED,True,8205600,8.2056,51000,66800,7938300,0,128500,3600,0,0,,,,none,x509-valid_active_4,0,False,239,8,
n100-identities_c5-conc_mech-x509-1backend_valid-active_r30_audit-off_20260831T025857Z,obs_9c3553b4f939439ba526f676e44b3f32,2026-08-31T02:58:57.841310+00:00,x509,valid_active,1,5,UAV-VALID,ACCEPTED,ACCEPTED,True,19439900,19.4399,27300,74200,19101700,0,164300,4200,0,0,,,,none,x509-valid_active_3,0,False,239,8,
n100-identities_c5-conc_mech-x509-1backend_valid-active_r30_audit-off_20260831T025857Z,obs_8e5a9f74d6bb4cafa25bcbe8749c02ce,2026-08-31T02:58:57.850261+00:00,x509,valid_active,3,5,UAV-VALID,ACCEPTED,ACCEPTED,True,21740700,21.7407,31100,50900,21190800,0,282600,6800,0,0,,,,none,x509-valid_active_0,0,False,239,8,
n100-identities_c5-conc_mech-x509-1backend_valid-active_r30_audit-off_20260831T025857Z,obs_2c964c22bb454a44a29088e1af189123,2026-08-31T02:58:57.865976+00:00,x509,valid_active,5,5,UAV-VALID,ACCEPTED,ACCEPTED,True,10319400,10.3194,51700,100300,9876600,0,208900,6700,0,0,,,,none,x509-valid_active_1,0,False,240,8,
n100-identities_c5-conc_mech-x509-1backend_valid-active_r30_audit-off_20260831T025857Z,obs_210a09f9ffb74bfdaaa5f414da7c1c45,2026-08-31T02:58:57.866759+00:00,x509,valid_active,4,5,UAV-VALID,ACCEPTED,ACCEPTED,True,10071500,10.0715,35100,53500,9712900,0,193300,5000,0,0,,,,none,x509-valid_active_2,0,False,240,8,
n100-identities_c5-conc_mech-x509-1backend_valid-active_r30_audit-off_20260831T025857Z,obs_d40ed682959d4290b22f966bc43a9897,2026-08-31T02:58:57.867956+00:00,x509,valid_active,6,5,UAV-VALID,ACCEPTED,ACCEPTED,True,11725700,11.7257,34000,59700,11407700,0,165700,4000,0,0,,,,none,x509-valid_active_4,0,False,239,8,
n100-identities_c5-conc_mech-x509-1backend_valid-active_r30_audit-off_20260831T025857Z,obs_710a8c1a4ef1406a88c72bf5d6234eb6,2026-08-31T02:58:57.884455+00:00,x509,valid_active,7,5,UAV-VALID,ACCEPTED,ACCEPTED,True,17312900,17.3129,24800,57500,17024600,0,144800,4100,0,0,,,,none,x509-valid_active_3,0,False,239,8,
n100-identities_c5-conc_mech-x509-1backend_valid-active_r30_audit-off_20260831T025857Z,obs_b050f60d32b34914ba174c84ca859244,2026-08-31T02:58:57.886324+00:00,x509,valid_active,8,5,UAV-VALID,ACCEPTED,ACCEPTED,True,13661400,13.6614,41200,71600,13392300,0,120400,3800,0,0,,,,none,x509-valid_active_0,0,False,239,8,
n100-identities_c5-conc_mech-x509-1backend_valid-active_r30_audit-off_20260831T025857Z,obs_7124a1c529a947179d293b0b5224be75,2026-08-31T02:58:57.898343+00:00,x509,valid_active,11,5,UAV-VALID,ACCEPTED,ACCEPTED,True,12596000,12.596,46400,55300,12285600,0,158200,3600,0,0,,,,none,x509-valid_active_4,0,False,239,8,
n100-identities_c5-conc_mech-x509-1backend_valid-active_r30_audit-off_20260831T025857Z,obs_27f79f8f6cb34bc3b10fd836306b8ed9,2026-08-31T02:58:57.903682+00:00,x509,valid_active,9,5,UAV-VALID,ACCEPTED,ACCEPTED,True,16463300,16.4633,25000,78700,16115200,0,170800,4000,0,0,,,,none,x509-valid_active_1,0,False,240,8,
n100-identities_c5-conc_mech-x509-1backend_valid-active_r30_audit-off_20260831T025857Z,obs_e31cc0a81a1a4cd1936987715ef4b238,2026-08-31T02:58:57.904333+00:00,x509,valid_active,10,5,UAV-VALID,ACCEPTED,ACCEPTED,True,16092900,16.0929,25100,63500,15818500,0,133300,3200,0,0,,,,none,x509-valid_active_2,0,False,239,8,
n100-identities_c5-conc_mech-x509-1backend_valid-active_r30_audit-off_20260831T025857Z,obs_b34808f6ba514c6c8afd4b4d0f3bac80,2026-08-31T02:58:57.914512+00:00,x509,valid_active,12,5,UAV-VALID,ACCEPTED,ACCEPTED,True,14217900,14.2179,29600,44600,13938000,0,146900,3700,0,0,,,,none,x509-valid_active_3,0,False,240,8,
n100-identities_c5-conc_mech-x509-1backend_valid-active_r30_audit-off_20260831T025857Z,obs_350f6db33b5a494fa8e304b6efd935a2,2026-08-31T02:58:57.918506+00:00,x509,valid_active,13,5,UAV-VALID,ACCEPTED,ACCEPTED,True,11892700,11.8927,34000,50600,11629100,0,134500,3400,0,0,,,,none,x509-valid_active_0,0,False,239,8,
n100-identities_c5-conc_mech-x509-1backend_valid-active_r30_audit-off_20260831T025857Z,obs_e4e0836e7b304dd289c0609b9960fc82,2026-08-31T02:58:57.928545+00:00,x509,valid_active,14,5,UAV-VALID,ACCEPTED,ACCEPTED,True,8535300,8.5353,48800,50700,8197600,0,187600,6300,0,0,,,,none,x509-valid_active_4,0,False,240,8,
n100-identities_c5-conc_mech-x509-1backend_valid-active_r30_audit-off_20260831T025857Z,obs_d8a3bac103c94b40ab5e5b1e1c31c1e3,2026-08-31T02:58:57.938159+00:00,x509,valid_active,15,5,UAV-VALID,ACCEPTED,ACCEPTED,True,11386700,11.3867,40300,85600,11068000,0,121400,3400,0,0,,,,none,x509-valid_active_1,0,False,238,8,
n100-identities_c5-conc_mech-x509-1backend_valid-active_r30_audit-off_20260831T025857Z,obs_c8f2226dec984acab8f85dc33e1232b8,2026-08-31T02:58:57.938701+00:00,x509,valid_active,17,5,UAV-VALID,ACCEPTED,ACCEPTED,True,7982000,7.982,21800,73000,7698100,0,128000,3200,0,0,,,,none,x509-valid_active_3,0,False,240,8,
n100-identities_c5-conc_mech-x509-1backend_valid-active_r30_audit-off_20260831T025857Z,obs_3b75cbf610324bdcb6c3c6a93b34d5a1,2026-08-31T02:58:57.939175+00:00,x509,valid_active,16,5,UAV-VALID,ACCEPTED,ACCEPTED,True,12870500,12.8705,31500,52900,12623800,0,121800,2800,0,0,,,,none,x509-valid_active_2,0,False,239,8,
n100-identities_c5-conc_mech-x509-1backend_valid-active_r30_audit-off_20260831T025857Z,obs_e5c3f773806e41b98364eefac0674ba3,2026-08-31T02:58:57.940131+00:00,x509,valid_active,18,5,UAV-VALID,ACCEPTED,ACCEPTED,True,5151500,5.1515,28300,41600,4923800,0,119900,2500,0,0,,,,none,x509-valid_active_0,0,False,239,8,
n100-identities_c5-conc_mech-x509-1backend_valid-active_r30_audit-off_20260831T025857Z,obs_5ba9e48bae74426a8ba4ced4c61e9170,2026-08-31T02:58:57.961732+00:00,x509,valid_active,19,5,UAV-VALID,ACCEPTED,ACCEPTED,True,20562500,20.5625,21200,65300,20239100,0,164700,4200,0,0,,,,none,x509-valid_active_4,0,False,239,8,
n100-identities_c5-conc_mech-x509-1backend_valid-active_r30_audit-off_20260831T025857Z,obs_0bee472a5f0a46c8a68cff274fd113e7,2026-08-31T02:58:57.963125+00:00,x509,valid_active,23,5,UAV-VALID,ACCEPTED,ACCEPTED,True,10482000,10.482,30600,53400,10206800,0,138900,3200,0,0,,,,none,x509-valid_active_0,0,False,238,8,
n100-identities_c5-conc_mech-x509-1backend_valid-active_r30_audit-off_20260831T025857Z,obs_e7749a7f129040208bbcf889f2833101,2026-08-31T02:58:57.972177+00:00,x509,valid_active,20,5,UAV-VALID,ACCEPTED,ACCEPTED,True,12643300,12.6433,30500,97400,12324700,0,118800,3100,0,0,,,,none,x509-valid_active_1,0,False,240,8,
n100-identities_c5-conc_mech-x509-1backend_valid-active_r30_audit-off_20260831T025857Z,obs_a7618a18da0d4ea088c70db70bed0f94,2026-08-31T02:58:57.978153+00:00,x509,valid_active,21,5,UAV-VALID,ACCEPTED,ACCEPTED,True,16004600,16.0046,23700,53500,15686300,0,164500,4500,0,0,,,,none,x509-valid_active_3,0,False,239,8,
n100-identities_c5-conc_mech-x509-1backend_valid-active_r30_audit-off_20260831T025857Z,obs_d07cec425c554a91827be151aa89f264,2026-08-31T02:58:57.978684+00:00,x509,valid_active,22,5,UAV-VALID,ACCEPTED,ACCEPTED,True,17743200,17.7432,30500,82000,17417700,0,144000,3100,0,0,,,,none,x509-valid_active_2,0,False,238,8,
n100-identities_c5-conc_mech-x509-1backend_valid-active_r30_audit-off_20260831T025857Z,obs_58bb6daf45c649e4a49f4e933dff130a,2026-08-31T02:58:57.982833+00:00,x509,valid_active,24,5,UAV-VALID,ACCEPTED,ACCEPTED,True,3880100,3.8801,33200,55300,3654000,0,108800,3200,0,0,,,,none,x509-valid_active_4,0,False,240,8,
n100-identities_c5-conc_mech-x509-1backend_valid-active_r30_audit-off_20260831T025857Z,obs_481e57e0894f45e1be34bd8acfbc965b,2026-08-31T02:58:57.993110+00:00,x509,valid_active,25,5,UAV-VALID,ACCEPTED,ACCEPTED,True,11373500,11.3735,22900,56700,11060200,0,156500,4200,0,0,,,,none,x509-valid_active_0,0,False,239,8,
n100-identities_c5-conc_mech-x509-1backend_valid-active_r30_audit-off_20260831T025857Z,obs_b81657948f72444c855456ef979ffd61,2026-08-31T02:58:57.999378+00:00,x509,valid_active,26,5,UAV-VALID,ACCEPTED,ACCEPTED,True,11674100,11.6741,27200,57900,11357700,0,169100,3600,0,0,,,,none,x509-valid_active_1,0,False,238,8,
n100-identities_c5-conc_mech-x509-1backend_valid-active_r30_audit-off_20260831T025857Z,obs_75fb7b09a0714c4a99dbca24570ee97e,2026-08-31T02:58:58.003040+00:00,x509,valid_active,29,5,UAV-VALID,ACCEPTED,ACCEPTED,True,2940700,2.9407,21800,44700,2710200,0,119800,4100,0,0,,,,none,x509-valid_active_4,0,False,239,8,
n100-identities_c5-conc_mech-x509-1backend_valid-active_r30_audit-off_20260831T025857Z,obs_ece1f2aabba142a08848ec3530ac9dcf,2026-08-31T02:58:58.003370+00:00,x509,valid_active,28,5,UAV-VALID,ACCEPTED,ACCEPTED,True,3738300,3.7383,57800,51600,3513500,0,111300,3000,0,0,,,,none,x509-valid_active_2,0,False,238,8,
n100-identities_c5-conc_mech-x509-1backend_valid-active_r30_audit-off_20260831T025857Z,obs_18cf61dc183f4383aa48c102033e3036,2026-08-31T02:58:58.003813+00:00,x509,valid_active,27,5,UAV-VALID,ACCEPTED,ACCEPTED,True,3397900,3.3979,32400,45600,3157700,0,127600,2800,0,0,,,,none,x509-valid_active_3,0,False,239,8,
n100-identities_c5-conc_mech-blockchain-1backend_valid-active_r30_audit-off_20260831T033213Z,obs_96ef5cb444fe4a20ba8e3f63d89567ce,2026-08-31T03:32:13.594851+00:00,blockchain,valid_active,0,5,UAV-VALID,ACCEPTED,ACCEPTED,True,82168200,82.1682,49500,81758800,0,3800,247300,8300,0,0,,,,none,blockchain-valid_active_0,0,True,239,8,
n100-identities_c5-conc_mech-blockchain-1backend_valid-active_r30_audit-off_20260831T033213Z,obs_4950b24c970a412bb236f6257896b0e3,2026-08-31T03:32:13.606109+00:00,blockchain,valid_active,2,5,UAV-VALID,ACCEPTED,ACCEPTED,True,65125900,65.1259,32400,64753800,0,4200,235900,5600,0,0,,,,none,blockchain-valid_active_4,0,False,239,8,
n100-identities_c5-conc_mech-blockchain-1backend_valid-active_r30_audit-off_20260831T033213Z,obs_f8809ce77a304b6ea16fe2709ecbe9d6,2026-08-31T03:32:13.615636+00:00,blockchain,valid_active,1,5,UAV-VALID,ACCEPTED,ACCEPTED,True,87660700,87.6607,44400,87322100,0,4200,192400,6500,0,0,,,,none,blockchain-valid_active_1,0,True,239,8,
n100-identities_c5-conc_mech-blockchain-1backend_valid-active_r30_audit-off_20260831T033213Z,obs_ecd73860904f4ea3bc37a85b55d48255,2026-08-31T03:32:13.620444+00:00,blockchain,valid_active,1,5,UAV-VALID,ACCEPTED,ACCEPTED,True,83924600,83.9246,52700,83635500,0,2300,178700,3900,0,0,,,,none,blockchain-valid_active_3,0,False,238,8,
n100-identities_c5-conc_mech-blockchain-1backend_valid-active_r30_audit-off_20260831T033213Z,obs_85b50ff5d2924d50bbbc158e89e074cb,2026-08-31T03:32:13.621778+00:00,blockchain,valid_active,0,5,UAV-VALID,ACCEPTED,ACCEPTED,True,83320500,83.3205,50000,83079200,0,2200,150100,3100,0,0,,,,none,blockchain-valid_active_2,0,False,239,8,
n100-identities_c5-conc_mech-blockchain-1backend_valid-active_r30_audit-off_20260831T033213Z,obs_e0364ee647d9474bb5c8e7c9cf2886eb,2026-08-31T03:32:13.690877+00:00,blockchain,valid_active,3,5,UAV-VALID,ACCEPTED,ACCEPTED,True,78977900,78.9779,38600,78718100,0,2200,163800,3400,0,0,,,,none,blockchain-valid_active_0,0,False,238,8,
n100-identities_c5-conc_mech-blockchain-1backend_valid-active_r30_audit-off_20260831T033213Z,obs_da1d5b4fb4e847e0b5ddc689c621caa2,2026-08-31T03:32:13.705982+00:00,blockchain,valid_active,4,5,UAV-VALID,ACCEPTED,ACCEPTED,True,65291000,65.291,46700,65042200,0,2800,154300,3300,0,0,,,,none,blockchain-valid_active_4,0,False,238,8,
n100-identities_c5-conc_mech-blockchain-1backend_valid-active_r30_audit-off_20260831T033213Z,obs_4fa1dd2e5da245f7b7759d0057cbe2f9,2026-08-31T03:32:13.707906+00:00,blockchain,valid_active,6,5,UAV-VALID,ACCEPTED,ACCEPTED,True,59190400,59.1904,35000,58944500,0,2200,151900,4000,0,0,,,,none,blockchain-valid_active_3,0,False,239,8,
n100-identities_c5-conc_mech-blockchain-1backend_valid-active_r30_audit-off_20260831T033213Z,obs_183ad8ff1dd14a628a82addc2d1c3849,2026-08-31T03:32:13.720488+00:00,blockchain,valid_active,5,5,UAV-VALID,ACCEPTED,ACCEPTED,True,76417100,76.4171,30800,76149100,0,2700,167700,3800,0,0,,,,none,blockchain-valid_active_1,0,False,240,8,
n100-identities_c5-conc_mech-blockchain-1backend_valid-active_r30_audit-off_20260831T033213Z,obs_3fba88ab3e3742e69d49da2fa259e6cb,2026-08-31T03:32:13.723589+00:00,blockchain,valid_active,7,5,UAV-VALID,ACCEPTED,ACCEPTED,True,70599300,70.5993,30800,70363000,0,2200,151200,3300,0,0,,,,none,blockchain-valid_active_2,0,False,238,8,
n100-identities_c5-conc_mech-blockchain-1backend_valid-active_r30_audit-off_20260831T033213Z,obs_446bd8cc9e9d412bb47446072fe5cb96,2026-08-31T03:32:13.796147+00:00,blockchain,valid_active,8,5,UAV-VALID,ACCEPTED,ACCEPTED,True,87284600,87.2846,29100,86914600,0,3500,212200,16000,0,0,,,,none,blockchain-valid_active_0,0,False,240,8,
n100-identities_c5-conc_mech-blockchain-1backend_valid-active_r30_audit-off_20260831T033213Z,obs_925f484044ac4d19a8ee88fcc73e08a0,2026-08-31T03:32:13.805742+00:00,blockchain,valid_active,10,5,UAV-VALID,ACCEPTED,ACCEPTED,True,74775300,74.7753,59000,74409900,0,3900,226100,6600,0,0,,,,none,blockchain-valid_active_3,0,False,239,8,
n100-identities_c5-conc_mech-blockchain-1backend_valid-active_r30_audit-off_20260831T033213Z,obs_169785d01cdf4677bd0d443a27c04083,2026-08-31T03:32:13.807196+00:00,blockchain,valid_active,9,5,UAV-VALID,ACCEPTED,ACCEPTED,True,83033900,83.0339,23100,82765400,0,2700,178800,4600,0,0,,,,none,blockchain-valid_active_4,0,False,239,8,
n100-identities_c5-conc_mech-blockchain-1backend_valid-active_r30_audit-off_20260831T033213Z,obs_4d96ef506aab4a659ecef91f443d5e9a,2026-08-31T03:32:13.831167+00:00,blockchain,valid_active,11,5,UAV-VALID,ACCEPTED,ACCEPTED,True,86542900,86.5429,31900,86215800,0,2700,218000,6500,0,0,,,,none,blockchain-valid_active_1,0,False,238,8,
n100-identities_c5-conc_mech-blockchain-1backend_valid-active_r30_audit-off_20260831T033213Z,obs_a138eb9adbe64376abe4c48ef290fb25,2026-08-31T03:32:13.848365+00:00,blockchain,valid_active,12,5,UAV-VALID,ACCEPTED,ACCEPTED,True,94997000,94.997,45400,94621000,0,4400,227400,6300,0,0,,,,none,blockchain-valid_active_2,0,False,239,8,
n100-identities_c5-conc_mech-blockchain-1backend_valid-active_r30_audit-off_20260831T033213Z,obs_2bfb2f4e0ca046849f39f6b38802738a,2026-08-31T03:32:13.919809+00:00,blockchain,valid_active,13,5,UAV-VALID,ACCEPTED,ACCEPTED,True,99154500,99.1545,58700,98730500,0,4200,251100,8000,0,0,,,,none,blockchain-valid_active_0,0,False,239,8,
n100-identities_c5-conc_mech-blockchain-1backend_valid-active_r30_audit-off_20260831T033213Z,obs_7664eae71e7f40e895a873409ee18917,2026-08-31T03:32:13.923378+00:00,blockchain,valid_active,15,5,UAV-VALID,ACCEPTED,ACCEPTED,True,89570600,89.5706,58300,89146100,0,3500,266500,7700,0,0,,,,none,blockchain-valid_active_4,0,False,238,8,
n100-identities_c5-conc_mech-blockchain-1backend_valid-active_r30_audit-off_20260831T033213Z,obs_a9fddab36cfe46c086714844c25dd111,2026-08-31T03:32:13.925086+00:00,blockchain,valid_active,14,5,UAV-VALID,ACCEPTED,ACCEPTED,True,89550800,89.5508,41700,89259000,0,2800,177300,6400,0,0,,,,none,blockchain-valid_active_3,0,False,239,8,
n100-identities_c5-conc_mech-blockchain-1backend_valid-active_r30_audit-off_20260831T033213Z,obs_f6fb651069cc4c789092d23feb550182,2026-08-31T03:32:14.038458+00:00,blockchain,valid_active,16,5,UAV-VALID,ACCEPTED,ACCEPTED,True,179373200,179.3732,50000,178790300,0,4700,389500,10400,0,0,,,,none,blockchain-valid_active_1,0,False,239,8,
n100-identities_c5-conc_mech-blockchain-1backend_valid-active_r30_audit-off_20260831T033213Z,obs_49cf2983f10e43caa045a843ba529e19,2026-08-31T03:32:14.081730+00:00,blockchain,valid_active,17,5,UAV-VALID,ACCEPTED,ACCEPTED,True,191566300,191.5663,74000,191172100,0,2400,226800,7500,0,0,,,,none,blockchain-valid_active_2,0,False,238,8,
n100-identities_c5-conc_mech-blockchain-1backend_valid-active_r30_audit-off_20260831T033213Z,obs_9b416e0e5dd34952ab9442bf7ce219b7,2026-08-31T03:32:14.110625+00:00,blockchain,valid_active,19,5,UAV-VALID,ACCEPTED,ACCEPTED,True,153126700,153.1267,89400,152636400,0,3800,281700,6200,0,0,,,,none,blockchain-valid_active_4,0,False,239,8,
n100-identities_c5-conc_mech-blockchain-1backend_valid-active_r30_audit-off_20260831T033213Z,obs_99916c3f86d944b68e6537b8b8876170,2026-08-31T03:32:14.114985+00:00,blockchain,valid_active,20,5,UAV-VALID,ACCEPTED,ACCEPTED,True,145810000,145.81,71700,145442800,0,4200,209300,5600,0,0,,,,none,blockchain-valid_active_3,0,False,240,8,
n100-identities_c5-conc_mech-blockchain-1backend_valid-active_r30_audit-off_20260831T033213Z,obs_0999af3268174d14a4eb8b398e81151e,2026-08-31T03:32:14.143952+00:00,blockchain,valid_active,18,5,UAV-VALID,ACCEPTED,ACCEPTED,True,80269300,80.2693,54700,79961600,0,3700,184900,5300,0,0,,,,none,blockchain-valid_active_0,0,False,240,8,
n100-identities_c5-conc_mech-blockchain-1backend_valid-active_r30_audit-off_20260831T033213Z,obs_a94a1ca1a34b4416a51e89e93f7bcb12,2026-08-31T03:32:14.173230+00:00,blockchain,valid_active,21,5,UAV-VALID,ACCEPTED,ACCEPTED,True,98058500,98.0585,50300,97698100,0,3400,212500,6200,0,0,,,,none,blockchain-valid_active_1,0,False,239,8,
n100-identities_c5-conc_mech-blockchain-1backend_valid-active_r30_audit-off_20260831T033213Z,obs_0495a6067d0643539e782284476e08dc,2026-08-31T03:32:14.214248+00:00,blockchain,valid_active,22,5,UAV-VALID,ACCEPTED,ACCEPTED,True,91634700,91.6347,57700,91222300,0,5300,246800,5500,0,0,,,,none,blockchain-valid_active_2,0,False,240,8,
n100-identities_c5-conc_mech-blockchain-1backend_valid-active_r30_audit-off_20260831T033213Z,obs_11e81523e6b4424ba57284ddecd78f17,2026-08-31T03:32:14.216699+00:00,blockchain,valid_active,23,5,UAV-VALID,ACCEPTED,ACCEPTED,True,71601100,71.6011,33200,71198100,0,6000,241000,7700,0,0,,,,none,blockchain-valid_active_4,0,False,239,8,
n100-identities_c5-conc_mech-blockchain-1backend_valid-active_r30_audit-off_20260831T033213Z,obs_ba56377777a944cabc043bff66dd50b4,2026-08-31T03:32:14.240278+00:00,blockchain,valid_active,24,5,UAV-VALID,ACCEPTED,ACCEPTED,True,99377400,99.3774,48200,98842900,0,4300,323900,15000,0,0,,,,none,blockchain-valid_active_3,0,False,240,8,
n100-identities_c5-conc_mech-blockchain-1backend_valid-active_r30_audit-off_20260831T033213Z,obs_714977f79a2c4fac9ef8597299f8abc7,2026-08-31T03:32:14.280814+00:00,blockchain,valid_active,25,5,UAV-VALID,ACCEPTED,ACCEPTED,True,117465400,117.4654,108900,117030400,0,3900,248400,6000,0,0,,,,none,blockchain-valid_active_0,0,False,239,8,
n100-identities_c5-conc_mech-blockchain-1backend_valid-active_r30_audit-off_20260831T033213Z,obs_3364db499f58434bbea61c9fdeea4cb1,2026-08-31T03:32:14.312222+00:00,blockchain,valid_active,26,5,UAV-VALID,ACCEPTED,ACCEPTED,True,113243100,113.2431,81200,112891800,0,2700,228000,4900,0,0,,,,none,blockchain-valid_active_1,0,False,240,8,
n100-identities_c5-conc_mech-blockchain-1backend_valid-active_r30_audit-off_20260831T033213Z,obs_3a0a99218403453f9c4fc2c6532878f4,2026-08-31T03:32:14.323672+00:00,blockchain,valid_active,28,5,UAV-VALID,ACCEPTED,ACCEPTED,True,75849800,75.8498,56300,75456600,0,3500,232000,7000,0,0,,,,none,blockchain-valid_active_4,0,False,238,8,
n100-identities_c5-conc_mech-blockchain-1backend_valid-active_r30_audit-off_20260831T033213Z,obs_477e6012e25842059c9eb3f211d77851,2026-08-31T03:32:14.333476+00:00,blockchain,valid_active,27,5,UAV-VALID,ACCEPTED,ACCEPTED,True,82517700,82.5177,57600,82127600,0,3700,218600,5900,0,0,,,,none,blockchain-valid_active_2,0,False,239,8,
n100-identities_c5-conc_mech-blockchain-1backend_valid-active_r30_audit-off_20260831T033213Z,obs_3bedcc0fedde46d79593da216d6c7e9f,2026-08-31T03:32:14.340479+00:00,blockchain,valid_active,29,5,UAV-VALID,ACCEPTED,ACCEPTED,True,68590700,68.5907,529800,68083500,0,5900,331500,6200,0,0,,,,none,blockchain-valid_active_3,0,False,239,8,
n100-identities_c10-conc_mech-x509-1backend_valid-active_r30_audit-off_20260831T030036Z,obs_18fcd172b2f349cb94398f73337c90e2,2026-08-31T03:00:37.087069+00:00,x509,valid_active,0,10,UAV-VALID,ACCEPTED,ACCEPTED,True,22111100,22.1111,34400,76000,21824500,0,131400,3700,0,0,,,,none,x509-valid_active_0,0,True,239,8,
n100-identities_c10-conc_mech-x509-1backend_valid-active_r30_audit-off_20260831T030036Z,obs_0d179b992d8345a0984624745720ab03,2026-08-31T03:00:37.098806+00:00,x509,valid_active,1,10,UAV-VALID,ACCEPTED,ACCEPTED,True,18110300,18.1103,33000,66200,17818500,0,144900,3200,0,0,,,,none,x509-valid_active_1,0,True,240,8,
n100-identities_c10-conc_mech-x509-1backend_valid-active_r30_audit-off_20260831T030036Z,obs_d79a7a4455914d8fa6ab9c4c9b87e074,2026-08-31T03:00:37.109697+00:00,x509,valid_active,1,10,UAV-VALID,ACCEPTED,ACCEPTED,True,14367300,14.3673,26700,66100,14069500,0,148900,3200,0,0,,,,none,x509-valid_active_3,0,False,238,8,
n100-identities_c10-conc_mech-x509-1backend_valid-active_r30_audit-off_20260831T030036Z,obs_b3ac266b40e246b9851a79b9898c3715,2026-08-31T03:00:37.113783+00:00,x509,valid_active,2,10,UAV-VALID,ACCEPTED,ACCEPTED,True,27279500,27.2795,33800,72700,27002300,0,125900,3900,0,0,,,,none,x509-valid_active_4,0,False,238,8,
n100-identities_c10-conc_mech-x509-1backend_valid-active_r30_audit-off_20260831T030036Z,obs_c0eb7a392aac4e1fa65eb212df1caffd,2026-08-31T03:00:37.117756+00:00,x509,valid_active,0,10,UAV-VALID,ACCEPTED,ACCEPTED,True,25439100,25.4391,33500,84200,25148200,0,128100,3400,0,0,,,,none,x509-valid_active_2,0,False,239,8,
n100-identities_c10-conc_mech-x509-1backend_valid-active_r30_audit-off_20260831T030036Z,obs_9c0576c918a24424bcd3c9bd6c1d0692,2026-08-31T03:00:37.125021+00:00,x509,valid_active,3,10,UAV-VALID,ACCEPTED,ACCEPTED,True,23958500,23.9585,28800,59000,23666400,0,151800,3600,0,0,,,,none,x509-valid_active_5,0,False,238,8,
n100-identities_c10-conc_mech-x509-1backend_valid-active_r30_audit-off_20260831T030036Z,obs_ee300ea72c67441fb890d4a9053fe479,2026-08-31T03:00:37.125387+00:00,x509,valid_active,5,10,UAV-VALID,ACCEPTED,ACCEPTED,True,23092100,23.0921,21300,61800,22833800,0,117700,2700,0,0,,,,none,x509-valid_active_7,0,False,239,8,
n100-identities_c10-conc_mech-x509-1backend_valid-active_r30_audit-off_20260831T030036Z,obs_974c113bf37647dcbdac755053117b84,2026-08-31T03:00:37.125795+00:00,x509,valid_active,4,10,UAV-VALID,ACCEPTED,ACCEPTED,True,26699900,26.6999,30900,64700,26410700,0,151600,2800,0,0,,,,none,x509-valid_active_6,0,False,238,8,
n100-identities_c10-conc_mech-x509-1backend_valid-active_r30_audit-off_20260831T030036Z,obs_24a05badf92e44be8541c65d5ee2bf86,2026-08-31T03:00:37.140962+00:00,x509,valid_active,6,10,UAV-VALID,ACCEPTED,ACCEPTED,True,30171100,30.1711,25200,62700,29890100,0,136200,3100,0,0,,,,none,x509-valid_active_8,0,False,238,8,
n100-identities_c10-conc_mech-x509-1backend_valid-active_r30_audit-off_20260831T030036Z,obs_9fccc120ad3846339843f7a85db80c87,2026-08-31T03:00:37.142569+00:00,x509,valid_active,8,10,UAV-VALID,ACCEPTED,ACCEPTED,True,26008100,26.0081,24600,85500,25658800,0,155800,5000,0,0,,,,none,x509-valid_active_0,0,False,238,8,
n100-identities_c10-conc_mech-x509-1backend_valid-active_r30_audit-off_20260831T030036Z,obs_0b5df23bacf542c68c852651b5b6f894,2026-08-31T03:00:37.155117+00:00,x509,valid_active,9,10,UAV-VALID,ACCEPTED,ACCEPTED,True,36480000,36.48,23600,67100,36187600,0,133000,4000,0,0,,,,none,x509-valid_active_1,0,False,239,8,
n100-identities_c10-conc_mech-x509-1backend_valid-active_r30_audit-off_20260831T030036Z,obs_3457cd29cb96433fa54223c449b30995,2026-08-31T03:00:37.162671+00:00,x509,valid_active,7,10,UAV-VALID,ACCEPTED,ACCEPTED,True,21286500,21.2865,34900,72400,21012300,0,121700,3300,0,0,,,,none,x509-valid_active_9,0,False,238,8,
n100-identities_c10-conc_mech-x509-1backend_valid-active_r30_audit-off_20260831T030036Z,obs_4749d7daecd04a41a5e7d0cfaaad297a,2026-08-31T03:00:37.164275+00:00,x509,valid_active,10,10,UAV-VALID,ACCEPTED,ACCEPTED,True,22412800,22.4128,34300,52100,22113000,0,161400,4000,0,0,,,,none,x509-valid_active_3,0,False,239,8,
n100-identities_c10-conc_mech-x509-1backend_valid-active_r30_audit-off_20260831T030036Z,obs_cc44553b74464a6f87bb02475da7e973,2026-08-31T03:00:37.166297+00:00,x509,valid_active,12,10,UAV-VALID,ACCEPTED,ACCEPTED,True,22903600,22.9036,23400,53600,22638100,0,134600,3100,0,0,,,,none,x509-valid_active_2,0,False,238,8,
n100-identities_c10-conc_mech-x509-1backend_valid-active_r30_audit-off_20260831T030036Z,obs_ffabcadde01e453d94d61d8b550f7cdd,2026-08-31T03:00:37.167690+00:00,x509,valid_active,11,10,UAV-VALID,ACCEPTED,ACCEPTED,True,24846400,24.8464,29500,58700,24484500,0,198300,5400,0,0,,,,none,x509-valid_active_4,0,False,239,8,
n100-identities_c10-conc_mech-x509-1backend_valid-active_r30_audit-off_20260831T030036Z,obs_3a463ae7827b4622a6d6d49b4ae729a2,2026-08-31T03:00:37.187335+00:00,x509,valid_active,14,10,UAV-VALID,ACCEPTED,ACCEPTED,True,23648100,23.6481,29700,45100,23349000,0,164800,4200,0,0,,,,none,x509-valid_active_7,0,False,238,8,
n100-identities_c10-conc_mech-x509-1backend_valid-active_r30_audit-off_20260831T030036Z,obs_549c3a23f0e34e698afe8b025ebc73b3,2026-08-31T03:00:37.188928+00:00,x509,valid_active,13,10,UAV-VALID,ACCEPTED,ACCEPTED,True,26776400,26.7764,28700,48900,26510800,0,138500,3300,0,0,,,,none,x509-valid_active_5,0,False,238,8,
n100-identities_c10-conc_mech-x509-1backend_valid-active_r30_audit-off_20260831T030036Z,obs_396928f70a93419e86ed53f8bfe0fd33,2026-08-31T03:00:37.192077+00:00,x509,valid_active,17,10,UAV-VALID,ACCEPTED,ACCEPTED,True,15483000,15.483,21300,64400,15208500,0,132600,3100,0,0,,,,none,x509-valid_active_0,0,False,240,8,
n100-identities_c10-conc_mech-x509-1backend_valid-active_r30_audit-off_20260831T030036Z,obs_1cb7574632794bfb89efd58e19a6cca9,2026-08-31T03:00:37.199044+00:00,x509,valid_active,15,10,UAV-VALID,ACCEPTED,ACCEPTED,True,30614400,30.6144,38600,97000,30140800,0,231400,5900,0,0,,,,none,x509-valid_active_6,0,False,238,8,
n100-identities_c10-conc_mech-x509-1backend_valid-active_r30_audit-off_20260831T030036Z,obs_fb416e9eb0ee42caa58055922ad739ac,2026-08-31T03:00:37.211834+00:00,x509,valid_active,16,10,UAV-VALID,ACCEPTED,ACCEPTED,True,34821800,34.8218,40600,53600,34525300,0,154500,3500,0,0,,,,none,x509-valid_active_8,0,False,238,8,
n100-identities_c10-conc_mech-x509-1backend_valid-active_r30_audit-off_20260831T030036Z,obs_c1137f297a6448d3b5c45246ade953e9,2026-08-31T03:00:37.217947+00:00,x509,valid_active,21,10,UAV-VALID,ACCEPTED,ACCEPTED,True,24931000,24.931,28400,46300,24662900,0,142600,3900,0,0,,,,none,x509-valid_active_2,0,False,238,8,
n100-identities_c10-conc_mech-x509-1backend_valid-active_r30_audit-off_20260831T030036Z,obs_1026d2cee2ec469bbf54f811f2bb9f1d,2026-08-31T03:00:37.219115+00:00,x509,valid_active,22,10,UAV-VALID,ACCEPTED,ACCEPTED,True,23843700,23.8437,21400,58100,23552400,0,146200,4400,0,0,,,,none,x509-valid_active_4,0,False,239,8,
n100-identities_c10-conc_mech-x509-1backend_valid-active_r30_audit-off_20260831T030036Z,obs_d0f7dd08b91c492baba27b05706ba99d,2026-08-31T03:00:37.226738+00:00,x509,valid_active,20,10,UAV-VALID,ACCEPTED,ACCEPTED,True,34130400,34.1304,23900,53200,33831800,0,157200,3900,0,0,,,,none,x509-valid_active_3,0,False,238,8,
n100-identities_c10-conc_mech-x509-1backend_valid-active_r30_audit-off_20260831T030036Z,obs_e3a13137b0744a7390f1b139ec1c92f5,2026-08-31T03:00:37.228578+00:00,x509,valid_active,18,10,UAV-VALID,ACCEPTED,ACCEPTED,True,33704300,33.7043,27500,50300,33338400,0,190600,5300,0,0,,,,none,x509-valid_active_1,0,False,239,8,
n100-identities_c10-conc_mech-x509-1backend_valid-active_r30_audit-off_20260831T030036Z,obs_28cc2bfb1f2c420995e3a67f3f6a946e,2026-08-31T03:00:37.234137+00:00,x509,valid_active,19,10,UAV-VALID,ACCEPTED,ACCEPTED,True,34668200,34.6682,20300,87800,34339300,0,146800,3800,0,0,,,,none,x509-valid_active_9,0,False,239,8,
n100-identities_c10-conc_mech-x509-1backend_valid-active_r30_audit-off_20260831T030036Z,obs_d969e4091cdc43c68d4556ca80d65bb1,2026-08-31T03:00:37.234836+00:00,x509,valid_active,23,10,UAV-VALID,ACCEPTED,ACCEPTED,True,22737400,22.7374,34300,50400,22450800,0,155300,4100,0,0,,,,none,x509-valid_active_7,0,False,240,8,
n100-identities_c10-conc_mech-x509-1backend_valid-active_r30_audit-off_20260831T030036Z,obs_4e101f649a5b4312b701234ce74af054,2026-08-31T03:00:37.241881+00:00,x509,valid_active,25,10,UAV-VALID,ACCEPTED,ACCEPTED,True,19629900,19.6299,35200,66500,19341900,0,135100,3600,0,0,,,,none,x509-valid_active_0,0,False,239,8,
n100-identities_c10-conc_mech-x509-1backend_valid-active_r30_audit-off_20260831T030036Z,obs_0a3e0131c12a4571a431348d49055ffb,2026-08-31T03:00:37.243468+00:00,x509,valid_active,24,10,UAV-VALID,ACCEPTED,ACCEPTED,True,20719100,20.7191,43400,48400,20414000,0,178000,3800,0,0,,,,none,x509-valid_active_5,0,False,238,8,
n100-identities_c10-conc_mech-x509-1backend_valid-active_r30_audit-off_20260831T030036Z,obs_3402c10122db46ffb40e1cb0a7ddfeee,2026-08-31T03:00:37.245939+00:00,x509,valid_active,27,10,UAV-VALID,ACCEPTED,ACCEPTED,True,6441600,6.4416,28700,64600,5974600,0,286900,5400,0,0,,,,none,x509-valid_active_8,0,False,239,8,
n100-identities_c10-conc_mech-x509-1backend_valid-active_r30_audit-off_20260831T030036Z,obs_15b1aa7bb1ca4e1eb429a14e4f629411,2026-08-31T03:00:37.246552+00:00,x509,valid_active,26,10,UAV-VALID,ACCEPTED,ACCEPTED,True,10053400,10.0534,30100,57800,9745700,0,171900,3300,0,0,,,,none,x509-valid_active_6,0,False,238,8,
n100-identities_c10-conc_mech-x509-1backend_valid-active_r30_audit-off_20260831T030036Z,obs_02f723c6f42c44c39c88fc98ff69f893,2026-08-31T03:00:37.248366+00:00,x509,valid_active,29,10,UAV-VALID,ACCEPTED,ACCEPTED,True,3770500,3.7705,24700,81800,3433300,0,152700,3600,0,0,,,,none,x509-valid_active_4,0,False,239,8,
n100-identities_c10-conc_mech-x509-1backend_valid-active_r30_audit-off_20260831T030036Z,obs_8649d6fa394d4262b8f2a37369d63b05,2026-08-31T03:00:37.248723+00:00,x509,valid_active,28,10,UAV-VALID,ACCEPTED,ACCEPTED,True,6624100,6.6241,28900,46500,6387800,0,119900,2900,0,0,,,,none,x509-valid_active_2,0,False,240,8,
n100-identities_c10-conc_mech-blockchain-1backend_valid-active_r30_audit-off_20260831T030038Z,obs_72d5c2874f024772b684fa0f6d3219f6,2026-08-31T03:00:38.384250+00:00,blockchain,valid_active,0,10,UAV-VALID,ACCEPTED,ACCEPTED,True,126492600,126.4926,38000,125966500,0,9100,246100,7600,0,0,,,,none,blockchain-valid_active_0,0,True,240,8,
n100-identities_c10-conc_mech-blockchain-1backend_valid-active_r30_audit-off_20260831T030038Z,obs_719960f0f48d450e82b349d4230abb5b,2026-08-31T03:00:38.400526+00:00,blockchain,valid_active,0,10,UAV-VALID,ACCEPTED,ACCEPTED,True,122506100,122.5061,64900,121888200,0,5400,439400,9600,0,0,,,,none,blockchain-valid_active_2,0,False,239,8,
n100-identities_c10-conc_mech-blockchain-1backend_valid-active_r30_audit-off_20260831T030038Z,obs_2644cf4a847a4ae4b1ffba8baf893053,2026-08-31T03:00:38.404680+00:00,blockchain,valid_active,7,10,UAV-VALID,ACCEPTED,ACCEPTED,True,85370700,85.3707,42000,85053100,0,5200,181100,4300,0,0,,,,none,blockchain-valid_active_9,0,False,240,8,
n100-identities_c10-conc_mech-blockchain-1backend_valid-active_r30_audit-off_20260831T030038Z,obs_34537d60a55549eaa921fd84120749e2,2026-08-31T03:00:38.406508+00:00,blockchain,valid_active,1,10,UAV-VALID,ACCEPTED,ACCEPTED,True,109321400,109.3214,46900,108957100,0,4700,226500,5400,0,0,,,,none,blockchain-valid_active_3,0,False,238,8,
n100-identities_c10-conc_mech-blockchain-1backend_valid-active_r30_audit-off_20260831T030038Z,obs_15186bf2c5944a9c89c0394353e81caf,2026-08-31T03:00:38.412936+00:00,blockchain,valid_active,1,10,UAV-VALID,ACCEPTED,ACCEPTED,True,146773700,146.7737,55200,146429900,0,3100,204000,5000,0,0,,,,none,blockchain-valid_active_1,0,True,238,8,
n100-identities_c10-conc_mech-blockchain-1backend_valid-active_r30_audit-off_20260831T030038Z,obs_0f3995d45c6c49a2a68406bc406594b3,2026-08-31T03:00:38.415140+00:00,blockchain,valid_active,3,10,UAV-VALID,ACCEPTED,ACCEPTED,True,116298000,116.298,26100,115896900,0,4300,244200,7200,0,0,,,,none,blockchain-valid_active_5,0,False,238,8,
n100-identities_c10-conc_mech-blockchain-1backend_valid-active_r30_audit-off_20260831T030038Z,obs_031d619c3fe745c78f1f4264f30db592,2026-08-31T03:00:38.437507+00:00,blockchain,valid_active,5,10,UAV-VALID,ACCEPTED,ACCEPTED,True,121914200,121.9142,43800,121544100,0,4300,211300,6100,0,0,,,,none,blockchain-valid_active_7,0,False,240,8,
n100-identities_c10-conc_mech-blockchain-1backend_valid-active_r30_audit-off_20260831T030038Z,obs_a6925e8c9b194490a93c789f70eebf50,2026-08-31T03:00:38.448061+00:00,blockchain,valid_active,2,10,UAV-VALID,ACCEPTED,ACCEPTED,True,135030500,135.0305,54800,134690600,0,3900,205500,6700,0,0,,,,none,blockchain-valid_active_4,0,False,238,8,
n100-identities_c10-conc_mech-blockchain-1backend_valid-active_r30_audit-off_20260831T030038Z,obs_11319024d8434e4b813e339c73fcdccf,2026-08-31T03:00:38.449628+00:00,blockchain,valid_active,4,10,UAV-VALID,ACCEPTED,ACCEPTED,True,151631700,151.6317,30500,151323200,0,2900,200800,6900,0,0,,,,none,blockchain-valid_active_6,0,False,239,8,
n100-identities_c10-conc_mech-blockchain-1backend_valid-active_r30_audit-off_20260831T030038Z,obs_f44bc11bab5d472c873121ffc36c0f42,2026-08-31T03:00:38.470611+00:00,blockchain,valid_active,6,10,UAV-VALID,ACCEPTED,ACCEPTED,True,153271400,153.2714,49200,152874600,0,4400,242100,7100,0,0,,,,none,blockchain-valid_active_8,0,False,239,8,
n100-identities_c10-conc_mech-blockchain-1backend_valid-active_r30_audit-off_20260831T030038Z,obs_d31ad497d54d4b1a94c61e8514afe3bb,2026-08-31T03:00:38.570391+00:00,blockchain,valid_active,8,10,UAV-VALID,ACCEPTED,ACCEPTED,True,136227100,136.2271,49900,135807900,0,5200,249300,6700,0,0,,,,none,blockchain-valid_active_0,0,False,238,8,
n100-identities_c10-conc_mech-blockchain-1backend_valid-active_r30_audit-off_20260831T030038Z,obs_553eb111747d462083b9e0a3a140b9b5,2026-08-31T03:00:38.599096+00:00,blockchain,valid_active,9,10,UAV-VALID,ACCEPTED,ACCEPTED,True,144919500,144.9195,44300,144489000,0,4600,253900,32500,0,0,,,,none,blockchain-valid_active_2,0,False,239,8,
n100-identities_c10-conc_mech-blockchain-1backend_valid-active_r30_audit-off_20260831T030038Z,obs_7a4e0dc7be8e4e9cb6a274adf815bb1c,2026-08-31T03:00:38.610803+00:00,blockchain,valid_active,10,10,UAV-VALID,ACCEPTED,ACCEPTED,True,130029300,130.0293,43000,129622500,0,5200,248000,6700,0,0,,,,none,blockchain-valid_active_9,0,False,239,8,
n100-identities_c10-conc_mech-blockchain-1backend_valid-active_r30_audit-off_20260831T030038Z,obs_15c9d04de5084a1dac8430d71b655c9f,2026-08-31T03:00:38.617026+00:00,blockchain,valid_active,13,10,UAV-VALID,ACCEPTED,ACCEPTED,True,138734300,138.7343,60400,138326100,0,4100,244000,7400,0,0,,,,none,blockchain-valid_active_5,0,False,239,8,
n100-identities_c10-conc_mech-blockchain-1backend_valid-active_r30_audit-off_20260831T030038Z,obs_4a8d656bc8cd41d3a72f03bb853ede92,2026-08-31T03:00:38.620232+00:00,blockchain,valid_active,11,10,UAV-VALID,ACCEPTED,ACCEPTED,True,140509100,140.5091,47800,140066000,0,5000,281000,7700,0,0,,,,none,blockchain-valid_active_3,0,False,238,8,
n100-identities_c10-conc_mech-blockchain-1backend_valid-active_r30_audit-off_20260831T030038Z,obs_1eaedc7bc705461da4e0d6a8cfc2524e,2026-08-31T03:00:38.623697+00:00,blockchain,valid_active,14,10,UAV-VALID,ACCEPTED,ACCEPTED,True,127932000,127.932,80300,127556100,0,4500,225200,6500,0,0,,,,none,blockchain-valid_active_7,0,False,240,8,
n100-identities_c10-conc_mech-blockchain-1backend_valid-active_r30_audit-off_20260831T030038Z,obs_93d3c871bcb5490899cfbfd9b69757e2,2026-08-31T03:00:38.626561+00:00,blockchain,valid_active,12,10,UAV-VALID,ACCEPTED,ACCEPTED,True,154144100,154.1441,48900,153712400,0,5900,272500,5900,0,0,,,,none,blockchain-valid_active_1,0,False,239,8,
n100-identities_c10-conc_mech-blockchain-1backend_valid-active_r30_audit-off_20260831T030038Z,obs_e8770e7decfa48f1aea1cf09e55baaa7,2026-08-31T03:00:38.643134+00:00,blockchain,valid_active,15,10,UAV-VALID,ACCEPTED,ACCEPTED,True,145840300,145.8403,44300,145458600,0,3900,235500,6600,0,0,,,,none,blockchain-valid_active_4,0,False,238,8,
n100-identities_c10-conc_mech-blockchain-1backend_valid-active_r30_audit-off_20260831T030038Z,obs_b9b2ca5bfa5945d69be342bb77ba38c7,2026-08-31T03:00:38.657206+00:00,blockchain,valid_active,16,10,UAV-VALID,ACCEPTED,ACCEPTED,True,132075200,132.0752,63200,131741000,0,2800,203700,5400,0,0,,,,none,blockchain-valid_active_6,0,False,239,8,
n100-identities_c10-conc_mech-blockchain-1backend_valid-active_r30_audit-off_20260831T030038Z,obs_047bf962331540f394172e0dbcc19f8e,2026-08-31T03:00:38.678409+00:00,blockchain,valid_active,17,10,UAV-VALID,ACCEPTED,ACCEPTED,True,146313200,146.3132,57100,145935900,0,4700,210300,7600,0,0,,,,none,blockchain-valid_active_8,0,False,239,8,
n100-identities_c10-conc_mech-blockchain-1backend_valid-active_r30_audit-off_20260831T030038Z,obs_55dab59921364517b929f2f33de02463,2026-08-31T03:00:38.685892+00:00,blockchain,valid_active,18,10,UAV-VALID,ACCEPTED,ACCEPTED,True,101447600,101.4476,45000,101234700,0,2400,131100,3000,0,0,,,,none,blockchain-valid_active_0,0,False,238,8,
n100-identities_c10-conc_mech-blockchain-1backend_valid-active_r30_audit-off_20260831T030038Z,obs_03cb8a1ef18d472a97c3d083039b929e,2026-08-31T03:00:38.732838+00:00,blockchain,valid_active,19,10,UAV-VALID,ACCEPTED,ACCEPTED,True,77788900,77.7889,71900,77510500,0,3300,157700,3400,0,0,,,,none,blockchain-valid_active_2,0,False,238,8,
n100-identities_c10-conc_mech-blockchain-1backend_valid-active_r30_audit-off_20260831T030038Z,obs_95d75915049f41a7b13017e6b87bbc67,2026-08-31T03:00:38.734246+00:00,blockchain,valid_active,20,10,UAV-VALID,ACCEPTED,ACCEPTED,True,66599300,66.5993,37300,66346700,0,3300,141700,3000,0,0,,,,none,blockchain-valid_active_9,0,False,238,8,
n100-identities_c10-conc_mech-blockchain-1backend_valid-active_r30_audit-off_20260831T030038Z,obs_66fa7eaca60442d38cce32536f2a881a,2026-08-31T03:00:38.767322+00:00,blockchain,valid_active,24,10,UAV-VALID,ACCEPTED,ACCEPTED,True,85278700,85.2787,35700,85013700,0,2600,166800,4800,0,0,,,,none,blockchain-valid_active_1,0,False,240,8,
n100-identities_c10-conc_mech-blockchain-1backend_valid-active_r30_audit-off_20260831T030038Z,obs_fa42b60fc3eb4ab3b294cde159c7f251,2026-08-31T03:00:38.770877+00:00,blockchain,valid_active,23,10,UAV-VALID,ACCEPTED,ACCEPTED,True,81524200,81.5242,23800,81160800,0,4600,240100,7900,0,0,,,,none,blockchain-valid_active_7,0,False,240,8,
n100-identities_c10-conc_mech-blockchain-1backend_valid-active_r30_audit-off_20260831T030038Z,obs_0e87b813280c4d5082418bfc73af5073,2026-08-31T03:00:38.774300+00:00,blockchain,valid_active,22,10,UAV-VALID,ACCEPTED,ACCEPTED,True,97733400,97.7334,47700,97478300,0,3300,155800,4200,0,0,,,,none,blockchain-valid_active_3,0,False,239,8,
n100-identities_c10-conc_mech-blockchain-1backend_valid-active_r30_audit-off_20260831T030038Z,obs_a4b02220c59d435abef764bc19f3d2ec,2026-08-31T03:00:38.775506+00:00,blockchain,valid_active,26,10,UAV-VALID,ACCEPTED,ACCEPTED,True,88456700,88.4567,24400,88194300,0,2500,173400,3500,0,0,,,,none,blockchain-valid_active_6,0,False,240,8,
n100-identities_c10-conc_mech-blockchain-1backend_valid-active_r30_audit-off_20260831T030038Z,obs_14762ca6cd4b4e6eabc8e1f92fb6446d,2026-08-31T03:00:38.778498+00:00,blockchain,valid_active,25,10,UAV-VALID,ACCEPTED,ACCEPTED,True,90797300,90.7973,25600,90562900,0,3400,145900,3900,0,0,,,,none,blockchain-valid_active_4,0,False,240,8,
n100-identities_c10-conc_mech-blockchain-1backend_valid-active_r30_audit-off_20260831T030038Z,obs_c31bdae535db44d4a874c58d0f20cad1,2026-08-31T03:00:38.784524+00:00,blockchain,valid_active,28,10,UAV-VALID,ACCEPTED,ACCEPTED,True,77739500,77.7395,32600,77477400,0,2700,163800,4500,0,0,,,,none,blockchain-valid_active_0,0,False,240,8,
n100-identities_c10-conc_mech-blockchain-1backend_valid-active_r30_audit-off_20260831T030038Z,obs_6ec3e6b92893477c8df7185958b5b858,2026-08-31T03:00:38.786275+00:00,blockchain,valid_active,21,10,UAV-VALID,ACCEPTED,ACCEPTED,True,101997600,101.9976,28300,101697100,0,3100,197100,6700,0,0,,,,none,blockchain-valid_active_5,0,False,239,8,
n100-identities_c10-conc_mech-blockchain-1backend_valid-active_r30_audit-off_20260831T030038Z,obs_bb5b622f04df474fa25110597dd96cd0,2026-08-31T03:00:38.787868+00:00,blockchain,valid_active,27,10,UAV-VALID,ACCEPTED,ACCEPTED,True,75284500,75.2845,29200,75047900,0,3000,150800,4100,0,0,,,,none,blockchain-valid_active_8,0,False,238,8,
n100-identities_c10-conc_mech-blockchain-1backend_valid-active_r30_audit-off_20260831T030038Z,obs_d5b805de254e47eab8f89f722eb57443,2026-08-31T03:00:38.795799+00:00,blockchain,valid_active,29,10,UAV-VALID,ACCEPTED,ACCEPTED,True,27104100,27.1041,32300,26866800,0,2700,153800,2900,0,0,,,,none,blockchain-valid_active_2,0,False,240,8,
n100-identities_c25-conc_mech-x509-1backend_valid-active_r30_audit-off_20260831T030039Z,obs_ba845fbc73c64a46b103f5e153a0db90,2026-08-31T03:00:40.028283+00:00,x509,valid_active,5,25,UAV-VALID,ACCEPTED,ACCEPTED,True,40442500,40.4425,42300,95900,40113300,0,144000,3200,0,0,,,,none,x509-valid_active_7,0,False,240,8,
n100-identities_c25-conc_mech-x509-1backend_valid-active_r30_audit-off_20260831T030039Z,obs_04cc26119a11472da5c4e9d552834857,2026-08-31T03:00:39.984786+00:00,x509,valid_active,2,25,UAV-VALID,ACCEPTED,ACCEPTED,True,37473700,37.4737,34800,96700,37044800,0,197200,5200,0,0,,,,none,x509-valid_active_4,0,False,239,8,
n100-identities_c25-conc_mech-x509-1backend_valid-active_r30_audit-off_20260831T030039Z,obs_ddf190a390554a6aac4a0f313fdeafa4,2026-08-31T03:00:40.026320+00:00,x509,valid_active,7,25,UAV-VALID,ACCEPTED,ACCEPTED,True,36694900,36.6949,38200,69500,36384200,0,155100,4500,0,0,,,,none,x509-valid_active_9,0,False,238,8,
n100-identities_c25-conc_mech-x509-1backend_valid-active_r30_audit-off_20260831T030039Z,obs_960b57ef337f47f18ee4e472ff661cce,2026-08-31T03:00:39.983388+00:00,x509,valid_active,1,25,UAV-VALID,ACCEPTED,ACCEPTED,True,39801600,39.8016,35500,83300,39501600,0,126400,2800,0,0,,,,none,x509-valid_active_1,0,True,239,8,
n100-identities_c25-conc_mech-x509-1backend_valid-active_r30_audit-off_20260831T030039Z,obs_1a7616a5846f40a49c5dbcd6ac8c88e3,2026-08-31T03:00:39.985385+00:00,x509,valid_active,1,25,UAV-VALID,ACCEPTED,ACCEPTED,True,35801100,35.8011,38300,83900,35471100,0,145000,3700,0,0,,,,none,x509-valid_active_3,0,False,240,8,
n100-identities_c25-conc_mech-x509-1backend_valid-active_r30_audit-off_20260831T030039Z,obs_ba88f31ceb3443809d360d247365399f,2026-08-31T03:00:40.042537+00:00,x509,valid_active,4,25,UAV-VALID,ACCEPTED,ACCEPTED,True,50796100,50.7961,34900,64300,50504600,0,144200,4100,0,0,,,,none,x509-valid_active_6,0,False,239,8,
n100-identities_c25-conc_mech-x509-1backend_valid-active_r30_audit-off_20260831T030039Z,obs_7af3e536594f4132bb3e1f2e7cb712ee,2026-08-31T03:00:39.954304+00:00,x509,valid_active,0,25,UAV-VALID,ACCEPTED,ACCEPTED,True,15813100,15.8131,23200,97900,15411200,0,189900,5900,0,0,,,,none,x509-valid_active_0,0,True,238,8,
n100-identities_c25-conc_mech-x509-1backend_valid-active_r30_audit-off_20260831T030039Z,obs_225df314694f47b9af219e21edf91321,2026-08-31T03:00:40.037663+00:00,x509,valid_active,3,25,UAV-VALID,ACCEPTED,ACCEPTED,True,76936800,76.9368,31300,98000,76600800,0,148100,4000,0,0,,,,none,x509-valid_active_5,0,False,239,8,
n100-identities_c25-conc_mech-x509-1backend_valid-active_r30_audit-off_20260831T030039Z,obs_30cdea873ded49d4be4d12b5ff8f8b85,2026-08-31T03:00:39.981366+00:00,x509,valid_active,0,25,UAV-VALID,ACCEPTED,ACCEPTED,True,37375200,37.3752,32900,61200,37087500,0,146400,3700,0,0,,,,none,x509-valid_active_2,0,False,238,8,
n100-identities_c25-conc_mech-x509-1backend_valid-active_r30_audit-off_20260831T030039Z,obs_68c2c715605d4dd88c6e139fb9195ff3,2026-08-31T03:00:40.054746+00:00,x509,valid_active,8,25,UAV-VALID,ACCEPTED,ACCEPTED,True,57275400,57.2754,23300,76400,56966600,0,147900,3900,0,0,,,,none,x509-valid_active_10,0,False,238,8,
n100-identities_c25-conc_mech-x509-1backend_valid-active_r30_audit-off_20260831T030039Z,obs_a64edbfc12dd4c3187e4446edac717c1,2026-08-31T03:00:40.068076+00:00,x509,valid_active,9,25,UAV-VALID,ACCEPTED,ACCEPTED,True,61921500,61.9215,30200,78300,61602400,0,153900,3300,0,0,,,,none,x509-valid_active_11,0,False,240,8,
n100-identities_c25-conc_mech-x509-1backend_valid-active_r30_audit-off_20260831T030039Z,obs_889b02b7782a4280910dbab3b926b76b,2026-08-31T03:00:40.086044+00:00,x509,valid_active,6,25,UAV-VALID,ACCEPTED,ACCEPTED,True,102127000,102.127,27200,96700,101769000,0,151200,3800,0,0,,,,none,x509-valid_active_8,0,False,239,8,
n100-identities_c25-conc_mech-x509-1backend_valid-active_r30_audit-off_20260831T030039Z,obs_4ee9f13016304eb9b304339a8e63fcf1,2026-08-31T03:00:40.094339+00:00,x509,valid_active,11,25,UAV-VALID,ACCEPTED,ACCEPTED,True,96127500,96.1275,44300,66500,95679900,0,191000,5300,0,0,,,,none,x509-valid_active_12,0,False,239,8,
n100-identities_c25-conc_mech-x509-1backend_valid-active_r30_audit-off_20260831T030039Z,obs_70324c6d166a4c2ba2e37401657d70df,2026-08-31T03:00:40.094802+00:00,x509,valid_active,12,25,UAV-VALID,ACCEPTED,ACCEPTED,True,56934500,56.9345,28900,66900,56686200,0,111900,2500,0,0,,,,none,x509-valid_active_13,0,False,240,8,
n100-identities_c25-conc_mech-x509-1backend_valid-active_r30_audit-off_20260831T030039Z,obs_9c36e807a90c46b98c14bdf25fb6715b,2026-08-31T03:00:40.100950+00:00,x509,valid_active,20,25,UAV-VALID,ACCEPTED,ACCEPTED,True,32148800,32.1488,26400,54800,31914600,0,113700,2900,0,0,,,,none,x509-valid_active_17,0,False,239,8,
n100-identities_c25-conc_mech-x509-1backend_valid-active_r30_audit-off_20260831T030039Z,obs_17280699e25d40678bfe33fb23ebad92,2026-08-31T03:00:40.103116+00:00,x509,valid_active,10,25,UAV-VALID,ACCEPTED,ACCEPTED,True,52919600,52.9196,31800,87000,52637800,0,109400,2800,0,0,,,,none,x509-valid_active_0,0,False,239,8,
n100-identities_c25-conc_mech-x509-1backend_valid-active_r30_audit-off_20260831T030039Z,obs_3f62b0a51ae74606aa6d8bbaf417d53d,2026-08-31T03:00:40.104050+00:00,x509,valid_active,13,25,UAV-VALID,ACCEPTED,ACCEPTED,True,43802700,43.8027,31400,70000,43551000,0,111100,2800,0,0,,,,none,x509-valid_active_14,0,False,240,8,
n100-identities_c25-conc_mech-x509-1backend_valid-active_r30_audit-off_20260831T030039Z,obs_6350c7318ce1492dad8aa0263da7a157,2026-08-31T03:00:40.107725+00:00,x509,valid_active,14,25,UAV-VALID,ACCEPTED,ACCEPTED,True,31494600,31.4946,31200,72200,31237600,0,106700,2800,0,0,,,,none,x509-valid_active_2,0,False,239,8,
n100-identities_c25-conc_mech-x509-1backend_valid-active_r30_audit-off_20260831T030039Z,obs_02b4d9bc99b34da0a8e0926322e3d9ed,2026-08-31T03:00:40.110570+00:00,x509,valid_active,16,25,UAV-VALID,ACCEPTED,ACCEPTED,True,42186200,42.1862,40000,62700,41923500,0,123100,3100,0,0,,,,none,x509-valid_active_15,0,False,239,8,
n100-identities_c25-conc_mech-x509-1backend_valid-active_r30_audit-off_20260831T030039Z,obs_9c9721154d714a8d912617b36b63dd54,2026-08-31T03:00:40.111792+00:00,x509,valid_active,17,25,UAV-VALID,ACCEPTED,ACCEPTED,True,27796500,27.7965,29200,63200,27529100,0,127400,3800,0,0,,,,none,x509-valid_active_4,0,False,240,8,
n100-identities_c25-conc_mech-x509-1backend_valid-active_r30_audit-off_20260831T030039Z,obs_3c3b01eb476b46b6b23b5f4dfe7e1587,2026-08-31T03:00:40.112118+00:00,x509,valid_active,15,25,UAV-VALID,ACCEPTED,ACCEPTED,True,29234200,29.2342,28300,91900,28953800,0,109400,2700,0,0,,,,none,x509-valid_active_1,0,False,238,8,
n100-identities_c25-conc_mech-x509-1backend_valid-active_r30_audit-off_20260831T030039Z,obs_813927efd5664b8dac0b0458eca15027,2026-08-31T03:00:40.113238+00:00,x509,valid_active,18,25,UAV-VALID,ACCEPTED,ACCEPTED,True,25093300,25.0933,43800,52800,24833100,0,116000,2300,0,0,,,,none,x509-valid_active_3,0,False,240,8,
n100-identities_c25-conc_mech-x509-1backend_valid-active_r30_audit-off_20260831T030039Z,obs_cbec4399c097485cb072bc2f2dd8abf0,2026-08-31T03:00:40.113575+00:00,x509,valid_active,26,25,UAV-VALID,ACCEPTED,ACCEPTED,True,14111200,14.1112,35600,52300,13883400,0,115100,2200,0,0,,,,none,x509-valid_active_21,0,False,238,8,
n100-identities_c25-conc_mech-x509-1backend_valid-active_r30_audit-off_20260831T030039Z,obs_21e4681910ab459c91412cd728c44425,2026-08-31T03:00:40.113918+00:00,x509,valid_active,21,25,UAV-VALID,ACCEPTED,ACCEPTED,True,27583100,27.5831,33200,79300,27319000,0,105700,2400,0,0,,,,none,x509-valid_active_18,0,False,239,8,
n100-identities_c25-conc_mech-x509-1backend_valid-active_r30_audit-off_20260831T030039Z,obs_911d8e4189b04ad9b7eb4a1299fd09c1,2026-08-31T03:00:40.116420+00:00,x509,valid_active,25,25,UAV-VALID,ACCEPTED,ACCEPTED,True,22863300,22.8633,34200,58200,22612900,0,118600,3000,0,0,,,,none,x509-valid_active_7,0,False,238,8,
n100-identities_c25-conc_mech-x509-1backend_valid-active_r30_audit-off_20260831T030039Z,obs_b2f49f81d6d64cc4a9077856851c5127,2026-08-31T03:00:40.116818+00:00,x509,valid_active,19,25,UAV-VALID,ACCEPTED,ACCEPTED,True,16767200,16.7672,30100,48000,16541100,0,116600,3200,0,0,,,,none,x509-valid_active_16,0,False,240,8,
n100-identities_c25-conc_mech-x509-1backend_valid-active_r30_audit-off_20260831T030039Z,obs_b37ae1efb02e419f9ad93a4e33118ffb,2026-08-31T03:00:40.117134+00:00,x509,valid_active,23,25,UAV-VALID,ACCEPTED,ACCEPTED,True,14575500,14.5755,46900,80800,14322100,0,106700,2200,0,0,,,,none,x509-valid_active_20,0,False,239,8,
n100-identities_c25-conc_mech-x509-1backend_valid-active_r30_audit-off_20260831T030039Z,obs_0ff0dc30eb1c40b4af48f573dc9afbb1,2026-08-31T03:00:40.117499+00:00,x509,valid_active,27,25,UAV-VALID,ACCEPTED,ACCEPTED,True,12788200,12.7882,25700,40400,12568000,0,116100,2900,0,0,,,,none,x509-valid_active_5,0,False,238,8,
n100-identities_c25-conc_mech-x509-1backend_valid-active_r30_audit-off_20260831T030039Z,obs_ce9ab699bb1e48f8955e0f74dd6b03a3,2026-08-31T03:00:40.117753+00:00,x509,valid_active,22,25,UAV-VALID,ACCEPTED,ACCEPTED,True,29186100,29.1861,58600,62000,28953000,0,109800,2100,0,0,,,,none,x509-valid_active_19,0,False,239,8,
n100-identities_c25-conc_mech-x509-1backend_valid-active_r30_audit-off_20260831T030039Z,obs_8dbcecd63f0e47f7b1eae30596abc996,2026-08-31T03:00:40.118759+00:00,x509,valid_active,24,25,UAV-VALID,ACCEPTED,ACCEPTED,True,16725400,16.7254,34600,43500,16465900,0,140600,3400,0,0,,,,none,x509-valid_active_9,0,False,238,8,
n100-identities_c25-conc_mech-x509-1backend_valid-active_r30_audit-off_20260831T030039Z,obs_aa703f4f3b204896a805c015cc6aef92,2026-08-31T03:00:40.120011+00:00,x509,valid_active,28,25,UAV-VALID,ACCEPTED,ACCEPTED,True,8965200,8.9652,21900,66900,8715100,0,113400,3000,0,0,,,,none,x509-valid_active_22,0,False,240,8,
n100-identities_c25-conc_mech-x509-1backend_valid-active_r30_audit-off_20260831T030039Z,obs_96c9597e6e744cd985be24c0eadd3ce5,2026-08-31T03:00:40.121086+00:00,x509,valid_active,29,25,UAV-VALID,ACCEPTED,ACCEPTED,True,3096100,3.0961,39900,48200,2864800,0,115100,2800,0,0,,,,none,x509-valid_active_6,0,False,240,8,
n100-identities_c25-conc_mech-blockchain-1backend_valid-active_r30_audit-off_20260831T030040Z,obs_b622ffee08d3476b8654a59b0bacf39c,2026-08-31T03:00:41.204427+00:00,blockchain,valid_active,1,25,UAV-VALID,ACCEPTED,ACCEPTED,True,141858300,141.8583,46200,141585300,0,3500,164800,3500,0,0,,,,none,blockchain-valid_active_1,0,True,240,8,
n100-identities_c25-conc_mech-blockchain-1backend_valid-active_r30_audit-off_20260831T030040Z,obs_44a5d25a32ce432dace7cb5fa34d01d2,2026-08-31T03:00:41.211394+00:00,blockchain,valid_active,3,25,UAV-VALID,ACCEPTED,ACCEPTED,True,120701100,120.7011,29700,120372400,0,5200,207400,4900,0,0,,,,none,blockchain-valid_active_5,0,False,240,8,
n100-identities_c25-conc_mech-blockchain-1backend_valid-active_r30_audit-off_20260831T030040Z,obs_954eddbf16c1454a92827344c47e4635,2026-08-31T03:00:41.130707+00:00,blockchain,valid_active,0,25,UAV-VALID,ACCEPTED,ACCEPTED,True,94098800,94.0988,35100,93855000,0,2500,139700,3800,0,0,,,,none,blockchain-valid_active_0,0,True,239,8,
n100-identities_c25-conc_mech-blockchain-1backend_valid-active_r30_audit-off_20260831T030040Z,obs_2925cc2750ce4b748ba0c4e663cb4f82,2026-08-31T03:00:41.265878+00:00,blockchain,valid_active,5,25,UAV-VALID,ACCEPTED,ACCEPTED,True,169937200,169.9372,27200,169656500,0,3000,183900,5100,0,0,,,,none,blockchain-valid_active_7,0,False,238,8,
n100-identities_c25-conc_mech-blockchain-1backend_valid-active_r30_audit-off_20260831T030040Z,obs_55c91e244c3f400f857c54f33dc05159,2026-08-31T03:00:41.273143+00:00,blockchain,valid_active,2,25,UAV-VALID,ACCEPTED,ACCEPTED,True,186977100,186.9771,40100,186694200,0,3600,175100,5500,0,0,,,,none,blockchain-valid_active_4,0,False,239,8,
n100-identities_c25-conc_mech-blockchain-1backend_valid-active_r30_audit-off_20260831T030040Z,obs_80741631f47341ff96a72239fddbe8d1,2026-08-31T03:00:41.306405+00:00,blockchain,valid_active,4,25,UAV-VALID,ACCEPTED,ACCEPTED,True,216553900,216.5539,32500,216308600,0,2700,153600,3500,0,0,,,,none,blockchain-valid_active_6,0,False,240,8,
n100-identities_c25-conc_mech-blockchain-1backend_valid-active_r30_audit-off_20260831T030040Z,obs_5230104bb08548ed9940487098c0ba72,2026-08-31T03:00:41.319094+00:00,blockchain,valid_active,0,25,UAV-VALID,ACCEPTED,ACCEPTED,True,227594900,227.5949,25500,227168900,0,6300,236600,6400,0,0,,,,none,blockchain-valid_active_2,0,False,238,8,
n100-identities_c25-conc_mech-blockchain-1backend_valid-active_r30_audit-off_20260831T030040Z,obs_1945cef682694bfbab981a32d04518f2,2026-08-31T03:00:41.370720+00:00,blockchain,valid_active,1,25,UAV-VALID,ACCEPTED,ACCEPTED,True,276993600,276.9936,28000,276741900,0,2700,157000,3400,0,0,,,,none,blockchain-valid_active_3,0,False,240,8,
n100-identities_c25-conc_mech-blockchain-1backend_valid-active_r30_audit-off_20260831T030040Z,obs_fee2e21974254eaebd31fcb0891a7e2b,2026-08-31T03:00:41.373754+00:00,blockchain,valid_active,7,25,UAV-VALID,ACCEPTED,ACCEPTED,True,235650600,235.6506,28700,235408800,0,2500,145100,3300,0,0,,,,none,blockchain-valid_active_9,0,False,238,8,
n100-identities_c25-conc_mech-blockchain-1backend_valid-active_r30_audit-off_20260831T030040Z,obs_fa32fc6317324a70949eb5a1ea409d2a,2026-08-31T03:00:41.382995+00:00,blockchain,valid_active,12,25,UAV-VALID,ACCEPTED,ACCEPTED,True,186360900,186.3609,61000,186088300,0,2400,166800,4300,0,0,,,,none,blockchain-valid_active_14,0,False,239,8,
n100-identities_c25-conc_mech-blockchain-1backend_valid-active_r30_audit-off_20260831T030040Z,obs_5e3e3985053e4b07bf39e7e6d801f8b5,2026-08-31T03:00:41.388721+00:00,blockchain,valid_active,6,25,UAV-VALID,ACCEPTED,ACCEPTED,True,281307700,281.3077,32900,281037100,0,3200,170800,4200,0,0,,,,none,blockchain-valid_active_8,0,False,240,8,
n100-identities_c25-conc_mech-blockchain-1backend_valid-active_r30_audit-off_20260831T030040Z,obs_593706fb19f749ad80989d7a4d6ecbd8,2026-08-31T03:00:41.402726+00:00,blockchain,valid_active,10,25,UAV-VALID,ACCEPTED,ACCEPTED,True,247763400,247.7634,35500,247500300,0,3300,163100,4700,0,0,,,,none,blockchain-valid_active_12,0,False,240,8,
n100-identities_c25-conc_mech-blockchain-1backend_valid-active_r30_audit-off_20260831T030040Z,obs_c5d5ebb0c066454e8cc3effb5e8bad8d,2026-08-31T03:00:41.414551+00:00,blockchain,valid_active,8,25,UAV-VALID,ACCEPTED,ACCEPTED,True,241505000,241.505,28300,241235600,0,3500,166300,3800,0,0,,,,none,blockchain-valid_active_10,0,False,240,8,
n100-identities_c25-conc_mech-blockchain-1backend_valid-active_r30_audit-off_20260831T030040Z,obs_7c57ad69d547484eb1aeb3895a340bb3,2026-08-31T03:00:41.420488+00:00,blockchain,valid_active,14,25,UAV-VALID,ACCEPTED,ACCEPTED,True,203053000,203.053,35200,202806700,0,2700,154200,3600,0,0,,,,none,blockchain-valid_active_0,0,False,240,8,
n100-identities_c25-conc_mech-blockchain-1backend_valid-active_r30_audit-off_20260831T030040Z,obs_de3b58c5685a4a9daff2b7ae27fc9395,2026-08-31T03:00:41.423320+00:00,blockchain,valid_active,18,25,UAV-VALID,ACCEPTED,ACCEPTED,True,170440900,170.4409,62400,170181400,0,2800,152200,3400,0,0,,,,none,blockchain-valid_active_19,0,False,240,8,
n100-identities_c25-conc_mech-blockchain-1backend_valid-active_r30_audit-off_20260831T030040Z,obs_2e03947e00bd4e99bf23c27bbd79d175,2026-08-31T03:00:41.433004+00:00,blockchain,valid_active,9,25,UAV-VALID,ACCEPTED,ACCEPTED,True,260832400,260.8324,39500,260580000,0,2600,154700,3900,0,0,,,,none,blockchain-valid_active_11,0,False,239,8,
n100-identities_c25-conc_mech-blockchain-1backend_valid-active_r30_audit-off_20260831T030040Z,obs_04d525451ffc4bb7b95c5ea1f270bbef,2026-08-31T03:00:41.435825+00:00,blockchain,valid_active,13,25,UAV-VALID,ACCEPTED,ACCEPTED,True,208112900,208.1129,37900,207770500,0,3400,222900,7500,0,0,,,,none,blockchain-valid_active_15,0,False,239,8,
n100-identities_c25-conc_mech-blockchain-1backend_valid-active_r30_audit-off_20260831T030040Z,obs_b7b351430f7f458cab0b1f67ed00d18c,2026-08-31T03:00:41.451099+00:00,blockchain,valid_active,17,25,UAV-VALID,ACCEPTED,ACCEPTED,True,219576400,219.5764,24800,219299400,0,4000,168300,4500,0,0,,,,none,blockchain-valid_active_18,0,False,239,8,
n100-identities_c25-conc_mech-blockchain-1backend_valid-active_r30_audit-off_20260831T030040Z,obs_dcbd4bd5f24b4257992370eceffe8f4a,2026-08-31T03:00:41.460216+00:00,blockchain,valid_active,16,25,UAV-VALID,ACCEPTED,ACCEPTED,True,229526500,229.5265,35800,229266100,0,3500,158400,4500,0,0,,,,none,blockchain-valid_active_17,0,False,239,8,
n100-identities_c25-conc_mech-blockchain-1backend_valid-active_r30_audit-off_20260831T030040Z,obs_549e4337ea74476e8d9c333ae6880efb,2026-08-31T03:00:41.464482+00:00,blockchain,valid_active,22,25,UAV-VALID,ACCEPTED,ACCEPTED,True,176911500,176.9115,62100,176635100,0,2500,154000,3700,0,0,,,,none,blockchain-valid_active_1,0,False,238,8,
n100-identities_c25-conc_mech-blockchain-1backend_valid-active_r30_audit-off_20260831T030040Z,obs_f422d4a98f86449c84c974d1e3b23806,2026-08-31T03:00:41.466705+00:00,blockchain,valid_active,15,25,UAV-VALID,ACCEPTED,ACCEPTED,True,215644600,215.6446,49100,215314300,0,5600,181500,6200,0,0,,,,none,blockchain-valid_active_16,0,False,239,8,
n100-identities_c25-conc_mech-blockchain-1backend_valid-active_r30_audit-off_20260831T030040Z,obs_ec7c6306c06841cfb1a61a3a1f3761bc,2026-08-31T03:00:41.471219+00:00,blockchain,valid_active,19,25,UAV-VALID,ACCEPTED,ACCEPTED,True,188488700,188.4887,43600,188200400,0,3000,177000,6100,0,0,,,,none,blockchain-valid_active_20,0,False,238,8,
n100-identities_c25-conc_mech-blockchain-1backend_valid-active_r30_audit-off_20260831T030040Z,obs_2cfe0b718d8f4f8285248eb1acef49c2,2026-08-31T03:00:41.476852+00:00,blockchain,valid_active,11,25,UAV-VALID,ACCEPTED,ACCEPTED,True,292327600,292.3276,27200,292084000,0,2300,154400,3000,0,0,,,,none,blockchain-valid_active_13,0,False,238,8,
n100-identities_c25-conc_mech-blockchain-1backend_valid-active_r30_audit-off_20260831T030040Z,obs_bb616bfaa177492b99afe2a9eafaa6f1,2026-08-31T03:00:41.478534+00:00,blockchain,valid_active,20,25,UAV-VALID,ACCEPTED,ACCEPTED,True,208702700,208.7027,51200,208464400,0,2700,143900,3300,0,0,,,,none,blockchain-valid_active_21,0,False,238,8,
n100-identities_c25-conc_mech-blockchain-1backend_valid-active_r30_audit-off_20260831T030040Z,obs_50bd5a0b7e7c49a487bb54daf8d53365,2026-08-31T03:00:41.481239+00:00,blockchain,valid_active,25,25,UAV-VALID,ACCEPTED,ACCEPTED,True,171666400,171.6664,34000,171389000,0,3100,166900,4500,0,0,,,,none,blockchain-valid_active_5,0,False,239,8,
n100-identities_c25-conc_mech-blockchain-1backend_valid-active_r30_audit-off_20260831T030040Z,obs_898840000aac4c49a9ec969627dfaf4d,2026-08-31T03:00:41.484277+00:00,blockchain,valid_active,21,25,UAV-VALID,ACCEPTED,ACCEPTED,True,158736800,158.7368,31100,158482900,0,3000,159700,3700,0,0,,,,none,blockchain-valid_active_22,0,False,238,8,
n100-identities_c25-conc_mech-blockchain-1backend_valid-active_r30_audit-off_20260831T030040Z,obs_6e8ffa7e4fde4a128ec6a641201d9d6b,2026-08-31T03:00:41.492061+00:00,blockchain,valid_active,26,25,UAV-VALID,ACCEPTED,ACCEPTED,True,125312700,125.3127,40600,125063400,0,2400,151400,3600,0,0,,,,none,blockchain-valid_active_7,0,False,240,8,
n100-identities_c25-conc_mech-blockchain-1backend_valid-active_r30_audit-off_20260831T030040Z,obs_92c438e2e8d2425f90f2b073edb4a96e,2026-08-31T03:00:41.493362+00:00,blockchain,valid_active,27,25,UAV-VALID,ACCEPTED,ACCEPTED,True,124898200,124.8982,29700,124670500,0,2600,148500,4200,0,0,,,,none,blockchain-valid_active_4,0,False,239,8,
n100-identities_c25-conc_mech-blockchain-1backend_valid-active_r30_audit-off_20260831T030040Z,obs_410b3afbced64c18a91e97d3f9234278,2026-08-31T03:00:41.496197+00:00,blockchain,valid_active,24,25,UAV-VALID,ACCEPTED,ACCEPTED,True,165627200,165.6272,41400,165360100,0,2800,167300,5700,0,0,,,,none,blockchain-valid_active_24,0,False,240,8,
n100-identities_c25-conc_mech-blockchain-1backend_valid-active_r30_audit-off_20260831T030040Z,obs_b5fecd297a6347b4a8d6a00246a0a80b,2026-08-31T03:00:41.497121+00:00,blockchain,valid_active,28,25,UAV-VALID,ACCEPTED,ACCEPTED,True,115471900,115.4719,28800,115268100,0,2100,132000,3200,0,0,,,,none,blockchain-valid_active_6,0,False,240,8,
n100-identities_c25-conc_mech-blockchain-1backend_valid-active_r30_audit-off_20260831T030040Z,obs_d30cc18bf0f64abda8b8717d2ac6f2c3,2026-08-31T03:00:41.498058+00:00,blockchain,valid_active,23,25,UAV-VALID,ACCEPTED,ACCEPTED,True,118226700,118.2267,32300,118032500,0,1900,124700,3100,0,0,,,,none,blockchain-valid_active_23,0,False,240,8,
n100-identities_c25-conc_mech-blockchain-1backend_valid-active_r30_audit-off_20260831T030040Z,obs_79f387b92d9643bf8fd89267276079fd,2026-08-31T03:00:41.499174+00:00,blockchain,valid_active,29,25,UAV-VALID,ACCEPTED,ACCEPTED,True,106060700,106.0607,49300,105870000,0,1700,121800,2600,0,0,,,,none,blockchain-valid_active_2,0,False,240,8,
n100-identities_c50-conc_mech-x509-1backend_valid-active_r30_audit-off_20260831T030042Z,obs_7f3920738b824a0f82c6dba8c761facc,2026-08-31T03:00:42.748346+00:00,x509,valid_active,2,50,UAV-VALID,ACCEPTED,ACCEPTED,True,29821100,29.8211,32600,81900,29501300,0,147900,3400,0,0,,,,none,x509-valid_active_4,0,False,238,8,
n100-identities_c50-conc_mech-x509-1backend_valid-active_r30_audit-off_20260831T030042Z,obs_87874667fc7c497c88960c29d6c183f7,2026-08-31T03:00:42.734999+00:00,x509,valid_active,1,50,UAV-VALID,ACCEPTED,ACCEPTED,True,36524500,36.5245,31100,76600,36171200,0,172400,4200,0,0,,,,none,x509-valid_active_1,0,True,240,8,
n100-identities_c50-conc_mech-x509-1backend_valid-active_r30_audit-off_20260831T030042Z,obs_78cb64eb73cc4c2bb9d87dd44c33832c,2026-08-31T03:00:42.811960+00:00,x509,valid_active,8,50,UAV-VALID,ACCEPTED,ACCEPTED,True,61475800,61.4758,18800,66900,61069200,0,212500,5700,0,0,,,,none,x509-valid_active_9,0,False,240,8,
n100-identities_c50-conc_mech-x509-1backend_valid-active_r30_audit-off_20260831T030042Z,obs_50b1d0fececb4895899505407cf78e9c,2026-08-31T03:00:42.769404+00:00,x509,valid_active,3,50,UAV-VALID,ACCEPTED,ACCEPTED,True,43704400,43.7044,44900,58400,43393900,0,166400,3300,0,0,,,,none,x509-valid_active_5,0,False,239,8,
n100-identities_c50-conc_mech-x509-1backend_valid-active_r30_audit-off_20260831T030042Z,obs_3855b16de4b9444c9a49827b353fc80d,2026-08-31T03:00:42.737017+00:00,x509,valid_active,1,50,UAV-VALID,ACCEPTED,ACCEPTED,True,27818600,27.8186,46600,61600,27538400,0,138300,3900,0,0,,,,none,x509-valid_active_3,0,False,238,8,
n100-identities_c50-conc_mech-x509-1backend_valid-active_r30_audit-off_20260831T030042Z,obs_5be6f87f38034c9da0a383141e545042,2026-08-31T03:00:42.705463+00:00,x509,valid_active,0,50,UAV-VALID,ACCEPTED,ACCEPTED,True,25408800,25.4088,34300,74500,25049000,0,180000,4000,0,0,,,,none,x509-valid_active_0,0,True,238,8,
n100-identities_c50-conc_mech-x509-1backend_valid-active_r30_audit-off_20260831T030042Z,obs_a08ffcccdea64262932945abca730ab0,2026-08-31T03:00:42.738731+00:00,x509,valid_active,0,50,UAV-VALID,ACCEPTED,ACCEPTED,True,31970600,31.9706,27500,95800,31651900,0,135700,3700,0,0,,,,none,x509-valid_active_2,0,False,239,8,
n100-identities_c50-conc_mech-x509-1backend_valid-active_r30_audit-off_20260831T030042Z,obs_419d0e761dc4477e80d9177de8f941bd,2026-08-31T03:00:42.820754+00:00,x509,valid_active,7,50,UAV-VALID,ACCEPTED,ACCEPTED,True,40088500,40.0885,48400,100300,39752100,0,139800,3300,0,0,,,,none,x509-valid_active_0,0,False,239,8,
n100-identities_c50-conc_mech-x509-1backend_valid-active_r30_audit-off_20260831T030042Z,obs_81a474d05be740b39c9b00204fe3eb74,2026-08-31T03:00:42.761608+00:00,x509,valid_active,4,50,UAV-VALID,ACCEPTED,ACCEPTED,True,36706000,36.706,66500,127700,36184000,0,243400,7000,0,0,,,,none,x509-valid_active_6,0,False,239,8,
n100-identities_c50-conc_mech-x509-1backend_valid-active_r30_audit-off_20260831T030042Z,obs_ad84e69346fb49c8b4174249e40a5d4e,2026-08-31T03:00:42.821699+00:00,x509,valid_active,6,50,UAV-VALID,ACCEPTED,ACCEPTED,True,55228300,55.2283,27900,86500,54905100,0,140000,4000,0,0,,,,none,x509-valid_active_8,0,False,240,8,
n100-identities_c50-conc_mech-x509-1backend_valid-active_r30_audit-off_20260831T030042Z,obs_fb9224999c0d48898e1885258777daf5,2026-08-31T03:00:42.829655+00:00,x509,valid_active,5,50,UAV-VALID,ACCEPTED,ACCEPTED,True,82343100,82.3431,22800,100800,82019200,0,126600,3400,0,0,,,,none,x509-valid_active_7,0,False,238,8,
n100-identities_c50-conc_mech-x509-1backend_valid-active_r30_audit-off_20260831T030042Z,obs_2203c3913390435683305ac25b86b5cf,2026-08-31T03:00:42.849413+00:00,x509,valid_active,9,50,UAV-VALID,ACCEPTED,ACCEPTED,True,68132700,68.1327,32100,64500,67750800,0,198100,4400,0,0,,,,none,x509-valid_active_10,0,False,240,8,
n100-identities_c50-conc_mech-x509-1backend_valid-active_r30_audit-off_20260831T030042Z,obs_910a40ae643e467487cd2b4b809d74b1,2026-08-31T03:00:42.849888+00:00,x509,valid_active,10,50,UAV-VALID,ACCEPTED,ACCEPTED,True,74094900,74.0949,34300,79800,73749600,0,170700,4200,0,0,,,,none,x509-valid_active_11,0,False,239,8,
n100-identities_c50-conc_mech-x509-1backend_valid-active_r30_audit-off_20260831T030042Z,obs_5420850034f54ddcaf6d980a46812ac7,2026-08-31T03:00:42.861781+00:00,x509,valid_active,12,50,UAV-VALID,ACCEPTED,ACCEPTED,True,33325700,33.3257,28600,85400,32995700,0,137100,3700,0,0,,,,none,x509-valid_active_13,0,False,239,8,
n100-identities_c50-conc_mech-x509-1backend_valid-active_r30_audit-off_20260831T030042Z,obs_9411090ed31143b59bb3800afdf41a91,2026-08-31T03:00:42.863753+00:00,x509,valid_active,13,50,UAV-VALID,ACCEPTED,ACCEPTED,True,56410300,56.4103,24800,112700,56086800,0,110900,2900,0,0,,,,none,x509-valid_active_1,0,False,239,8,
n100-identities_c50-conc_mech-x509-1backend_valid-active_r30_audit-off_20260831T030042Z,obs_7c4f7faa8ab942c891ee20f9d652ae5e,2026-08-31T03:00:42.865201+00:00,x509,valid_active,25,50,UAV-VALID,ACCEPTED,ACCEPTED,True,30216800,30.2168,29100,82400,29943400,0,114800,2500,0,0,,,,none,x509-valid_active_20,0,False,239,8,
n100-identities_c50-conc_mech-x509-1backend_valid-active_r30_audit-off_20260831T030042Z,obs_5ec99e4933d34aec9540c7a1e7d2ea02,2026-08-31T03:00:42.865660+00:00,x509,valid_active,19,50,UAV-VALID,ACCEPTED,ACCEPTED,True,33782900,33.7829,32600,58300,33542100,0,111100,2900,0,0,,,,none,x509-valid_active_4,0,False,239,8,
n100-identities_c50-conc_mech-x509-1backend_valid-active_r30_audit-off_20260831T030042Z,obs_81f5fd7250d246aa9139c1bff5c03617,2026-08-31T03:00:42.865952+00:00,x509,valid_active,15,50,UAV-VALID,ACCEPTED,ACCEPTED,True,43252800,43.2528,27800,91400,42965300,0,115500,2400,0,0,,,,none,x509-valid_active_3,0,False,239,8,
n100-identities_c50-conc_mech-x509-1backend_valid-active_r30_audit-off_20260831T030042Z,obs_fcc587d448724f5ea8066ba3e4cd6d96,2026-08-31T03:00:42.866167+00:00,x509,valid_active,11,50,UAV-VALID,ACCEPTED,ACCEPTED,True,50763800,50.7638,31800,92400,50512300,0,97100,2300,0,0,,,,none,x509-valid_active_12,0,False,239,8,
n100-identities_c50-conc_mech-x509-1backend_valid-active_r30_audit-off_20260831T030042Z,obs_2bd50d0de15d4f5e998b996e342235c2,2026-08-31T03:00:42.866951+00:00,x509,valid_active,16,50,UAV-VALID,ACCEPTED,ACCEPTED,True,33069300,33.0693,38700,64000,32831100,0,110500,2500,0,0,,,,none,x509-valid_active_15,0,False,239,8,
n100-identities_c50-conc_mech-x509-1backend_valid-active_r30_audit-off_20260831T030042Z,obs_2a8f4e93255c484eabd28b81479d45ad,2026-08-31T03:00:42.867245+00:00,x509,valid_active,17,50,UAV-VALID,ACCEPTED,ACCEPTED,True,29193400,29.1934,29100,85900,28919800,0,100100,1900,0,0,,,,none,x509-valid_active_2,0,False,239,8,
n100-identities_c50-conc_mech-x509-1backend_valid-active_r30_audit-off_20260831T030042Z,obs_afb0be7ca0b342ffafa898760c091564,2026-08-31T03:00:42.867940+00:00,x509,valid_active,18,50,UAV-VALID,ACCEPTED,ACCEPTED,True,33494600,33.4946,42800,71200,33250900,0,108700,2600,0,0,,,,none,x509-valid_active_16,0,False,238,8,
n100-identities_c50-conc_mech-x509-1backend_valid-active_r30_audit-off_20260831T030042Z,obs_bda6476d4b8a497990e2e21a0e23074d,2026-08-31T03:00:42.869632+00:00,x509,valid_active,14,50,UAV-VALID,ACCEPTED,ACCEPTED,True,53161000,53.161,31600,72700,52751800,0,183700,6400,0,0,,,,none,x509-valid_active_14,0,False,239,8,
n100-identities_c50-conc_mech-x509-1backend_valid-active_r30_audit-off_20260831T030042Z,obs_ee1ec17aabb1464287d04449cb2c1ac2,2026-08-31T03:00:42.873157+00:00,x509,valid_active,21,50,UAV-VALID,ACCEPTED,ACCEPTED,True,11124600,11.1246,32400,63000,10877000,0,115300,3000,0,0,,,,none,x509-valid_active_18,0,False,238,8,
n100-identities_c50-conc_mech-x509-1backend_valid-active_r30_audit-off_20260831T030042Z,obs_a157c725bb8347788ad25a4fa92d3007,2026-08-31T03:00:42.874532+00:00,x509,valid_active,23,50,UAV-VALID,ACCEPTED,ACCEPTED,True,41537000,41.537,29200,60500,41300400,0,108800,2700,0,0,,,,none,x509-valid_active_19,0,False,239,8,
n100-identities_c50-conc_mech-x509-1backend_valid-active_r30_audit-off_20260831T030042Z,obs_5862cf7eaf7948b6bfc6ceb4848075be,2026-08-31T03:00:42.875159+00:00,x509,valid_active,20,50,UAV-VALID,ACCEPTED,ACCEPTED,True,24299500,24.2995,54900,66900,24032100,0,121600,2600,0,0,,,,none,x509-valid_active_17,0,False,239,8,
n100-identities_c50-conc_mech-x509-1backend_valid-active_r30_audit-off_20260831T030042Z,obs_12c59d5717e347a39fb8754c884c1cc5,2026-08-31T03:00:42.875438+00:00,x509,valid_active,26,50,UAV-VALID,ACCEPTED,ACCEPTED,True,7954000,7.954,23700,56600,7735600,0,104600,2100,0,0,,,,none,x509-valid_active_21,0,False,240,8,
n100-identities_c50-conc_mech-x509-1backend_valid-active_r30_audit-off_20260831T030042Z,obs_aa0fde379b3c4b3b83b36cf8207f1707,2026-08-31T03:00:42.875689+00:00,x509,valid_active,24,50,UAV-VALID,ACCEPTED,ACCEPTED,True,22610500,22.6105,26200,65800,22380800,0,95900,1700,0,0,,,,none,x509-valid_active_5,0,False,240,8,
n100-identities_c50-conc_mech-x509-1backend_valid-active_r30_audit-off_20260831T030042Z,obs_bc068bb387604872b8cd67d398c14ffe,2026-08-31T03:00:42.877642+00:00,x509,valid_active,27,50,UAV-VALID,ACCEPTED,ACCEPTED,True,11315300,11.3153,17100,45400,11070500,0,126100,4300,0,0,,,,none,x509-valid_active_9,0,False,239,8,
n100-identities_c50-conc_mech-x509-1backend_valid-active_r30_audit-off_20260831T030042Z,obs_451fbc6e3a2a4ce3937004a1b4fd7bf0,2026-08-31T03:00:42.879012+00:00,x509,valid_active,29,50,UAV-VALID,ACCEPTED,ACCEPTED,True,2661900,2.6619,25100,59400,2424300,0,109800,2800,0,0,,,,none,x509-valid_active_23,0,False,240,8,
n100-identities_c50-conc_mech-x509-1backend_valid-active_r30_audit-off_20260831T030042Z,obs_b0359c343c9d4efe808019149dcf4b5f,2026-08-31T03:00:42.879329+00:00,x509,valid_active,28,50,UAV-VALID,ACCEPTED,ACCEPTED,True,6714800,6.7148,19900,66100,6477900,0,101500,2500,0,0,,,,none,x509-valid_active_22,0,False,240,8,
n100-identities_c50-conc_mech-x509-1backend_valid-active_r30_audit-off_20260831T030042Z,obs_eec24026fe3d49389f3f550ab64d0b6b,2026-08-31T03:00:42.879563+00:00,x509,valid_active,22,50,UAV-VALID,ACCEPTED,ACCEPTED,True,9661300,9.6613,40400,70700,9428300,0,96700,2300,0,0,,,,none,x509-valid_active_6,0,False,239,8,
n100-identities_c50-conc_mech-blockchain-1backend_valid-active_r30_audit-off_20260831T030043Z,obs_c04c38f7348146be8b4095043b9f6dfc,2026-08-31T03:00:44.202622+00:00,blockchain,valid_active,0,50,UAV-VALID,ACCEPTED,ACCEPTED,True,160646500,160.6465,42300,160386700,0,2100,156400,3300,0,0,,,,none,blockchain-valid_active_0,0,True,240,8,
n100-identities_c50-conc_mech-blockchain-1backend_valid-active_r30_audit-off_20260831T030043Z,obs_8b329907b04a44f4a92f347466184dec,2026-08-31T03:00:44.208316+00:00,blockchain,valid_active,1,50,UAV-VALID,ACCEPTED,ACCEPTED,True,154030300,154.0303,31900,153782900,0,2400,154900,3800,0,0,,,,none,blockchain-valid_active_1,0,True,239,8,
n100-identities_c50-conc_mech-blockchain-1backend_valid-active_r30_audit-off_20260831T030043Z,obs_545be16595824e9687a828add002a6a4,2026-08-31T03:00:44.228903+00:00,blockchain,valid_active,0,50,UAV-VALID,ACCEPTED,ACCEPTED,True,172081600,172.0816,29100,171813800,0,2900,161000,3500,0,0,,,,none,blockchain-valid_active_2,0,False,239,8,
n100-identities_c50-conc_mech-blockchain-1backend_valid-active_r30_audit-off_20260831T030043Z,obs_10ac3750854d43e7a259cdfa6c1d3230,2026-08-31T03:00:44.232419+00:00,blockchain,valid_active,2,50,UAV-VALID,ACCEPTED,ACCEPTED,True,157397200,157.3972,25300,157174500,0,2200,143000,3700,0,0,,,,none,blockchain-valid_active_4,0,False,239,8,
n100-identities_c50-conc_mech-blockchain-1backend_valid-active_r30_audit-off_20260831T030043Z,obs_88bfb590560f43f9bce0c6c5247f5e5e,2026-08-31T03:00:44.253184+00:00,blockchain,valid_active,1,50,UAV-VALID,ACCEPTED,ACCEPTED,True,180099300,180.0993,30800,179619500,0,3800,340800,7000,0,0,,,,none,blockchain-valid_active_3,0,False,239,8,
n100-identities_c50-conc_mech-blockchain-1backend_valid-active_r30_audit-off_20260831T030043Z,obs_df67a1308200499c9df1e872db5cfa30,2026-08-31T03:00:44.286538+00:00,blockchain,valid_active,3,50,UAV-VALID,ACCEPTED,ACCEPTED,True,206146800,206.1468,29400,205891400,0,2400,158000,3900,0,0,,,,none,blockchain-valid_active_5,0,False,238,8,
n100-identities_c50-conc_mech-blockchain-1backend_valid-active_r30_audit-off_20260831T030043Z,obs_4e2ec380addb4abb9d5f2e0ffa7b1d98,2026-08-31T03:00:44.310997+00:00,blockchain,valid_active,5,50,UAV-VALID,ACCEPTED,ACCEPTED,True,206362200,206.3622,38400,206102900,0,2400,162000,3300,0,0,,,,none,blockchain-valid_active_7,0,False,239,8,
n100-identities_c50-conc_mech-blockchain-1backend_valid-active_r30_audit-off_20260831T030043Z,obs_d2d9a197ed6a43f0ba460463c84ca306,2026-08-31T03:00:44.326924+00:00,blockchain,valid_active,4,50,UAV-VALID,ACCEPTED,ACCEPTED,True,237803900,237.8039,50200,237537400,0,2300,162500,3800,0,0,,,,none,blockchain-valid_active_6,0,False,238,8,
n100-identities_c50-conc_mech-blockchain-1backend_valid-active_r30_audit-off_20260831T030043Z,obs_4346d51fbd014d1bbb2aa7cf9e6a8565,2026-08-31T03:00:44.347070+00:00,blockchain,valid_active,7,50,UAV-VALID,ACCEPTED,ACCEPTED,True,206205000,206.205,32900,205966600,0,2400,151100,3500,0,0,,,,none,blockchain-valid_active_9,0,False,240,8,
n100-identities_c50-conc_mech-blockchain-1backend_valid-active_r30_audit-off_20260831T030043Z,obs_0233cd1775824df2a46eb16ded5fb5be,2026-08-31T03:00:44.352464+00:00,blockchain,valid_active,13,50,UAV-VALID,ACCEPTED,ACCEPTED,True,205186700,205.1867,30700,204927300,0,3700,157000,4300,0,0,,,,none,blockchain-valid_active_15,0,False,239,8,
n100-identities_c50-conc_mech-blockchain-1backend_valid-active_r30_audit-off_20260831T030043Z,obs_b933d1bf9d7e422394f477dc2e78aaf5,2026-08-31T03:00:44.362802+00:00,blockchain,valid_active,6,50,UAV-VALID,ACCEPTED,ACCEPTED,True,250932500,250.9325,27500,250694000,0,2400,151700,3900,0,0,,,,none,blockchain-valid_active_8,0,False,239,8,
n100-identities_c50-conc_mech-blockchain-1backend_valid-active_r30_audit-off_20260831T030043Z,obs_0353a6be988b4054b5eab5a447618c55,2026-08-31T03:00:44.365070+00:00,blockchain,valid_active,16,50,UAV-VALID,ACCEPTED,ACCEPTED,True,202819900,202.8199,31300,202597900,0,2200,143900,2700,0,0,,,,none,blockchain-valid_active_18,0,False,238,8,
n100-identities_c50-conc_mech-blockchain-1backend_valid-active_r30_audit-off_20260831T030043Z,obs_8dc0b8e73bfd432eaf7065db228d57bd,2026-08-31T03:00:44.377315+00:00,blockchain,valid_active,12,50,UAV-VALID,ACCEPTED,ACCEPTED,True,228158400,228.1584,30900,227886100,0,2400,156900,3600,0,0,,,,none,blockchain-valid_active_14,0,False,240,8,
n100-identities_c50-conc_mech-blockchain-1backend_valid-active_r30_audit-off_20260831T030043Z,obs_77b9b6f539434021aea04182721424b1,2026-08-31T03:00:44.387987+00:00,blockchain,valid_active,8,50,UAV-VALID,ACCEPTED,ACCEPTED,True,252765400,252.7654,41500,252469400,0,2700,185200,4700,0,0,,,,none,blockchain-valid_active_10,0,False,240,8,
n100-identities_c50-conc_mech-blockchain-1backend_valid-active_r30_audit-off_20260831T030043Z,obs_b465e1c303be48189fcfd2231f846651,2026-08-31T03:00:44.392384+00:00,blockchain,valid_active,10,50,UAV-VALID,ACCEPTED,ACCEPTED,True,258568400,258.5684,36300,258190500,0,4200,232500,5200,0,0,,,,none,blockchain-valid_active_12,0,False,240,8,
n100-identities_c50-conc_mech-blockchain-1backend_valid-active_r30_audit-off_20260831T030043Z,obs_ac18d8b7d3d545d58c6b4fa8c22f6fcb,2026-08-31T03:00:44.396415+00:00,blockchain,valid_active,11,50,UAV-VALID,ACCEPTED,ACCEPTED,True,257782500,257.7825,38400,257509900,0,3200,169800,3900,0,0,,,,none,blockchain-valid_active_13,0,False,240,8,
n100-identities_c50-conc_mech-blockchain-1backend_valid-active_r30_audit-off_20260831T030043Z,obs_67d2bf41735b48459cf74a388e3155d0,2026-08-31T03:00:44.409069+00:00,blockchain,valid_active,17,50,UAV-VALID,ACCEPTED,ACCEPTED,True,224043500,224.0435,48300,223769100,0,2600,168800,4900,0,0,,,,none,blockchain-valid_active_19,0,False,238,8,
n100-identities_c50-conc_mech-blockchain-1backend_valid-active_r30_audit-off_20260831T030043Z,obs_107282177bc64efb98b8e1e904094862,2026-08-31T03:00:44.411582+00:00,blockchain,valid_active,9,50,UAV-VALID,ACCEPTED,ACCEPTED,True,301548700,301.5487,31100,301223600,0,4000,208300,6000,0,0,,,,none,blockchain-valid_active_11,0,False,239,8,
n100-identities_c50-conc_mech-blockchain-1backend_valid-active_r30_audit-off_20260831T030043Z,obs_a686cbeb69cf4d1092e1676e1d1bd020,2026-08-31T03:00:44.419207+00:00,blockchain,valid_active,14,50,UAV-VALID,ACCEPTED,ACCEPTED,True,256362600,256.3626,25500,256059900,0,5000,174600,4200,0,0,,,,none,blockchain-valid_active_16,0,False,239,8,
n100-identities_c50-conc_mech-blockchain-1backend_valid-active_r30_audit-off_20260831T030043Z,obs_ed61383e5a5e44ce9cc07fad2c8261f6,2026-08-31T03:00:44.422442+00:00,blockchain,valid_active,21,50,UAV-VALID,ACCEPTED,ACCEPTED,True,195054800,195.0548,55500,194715100,0,3500,197300,5900,0,0,,,,none,blockchain-valid_active_23,0,False,239,8,
n100-identities_c50-conc_mech-blockchain-1backend_valid-active_r30_audit-off_20260831T030043Z,obs_6748fde9964b4f1598b3dcac2384fdaa,2026-08-31T03:00:44.425417+00:00,blockchain,valid_active,15,50,UAV-VALID,ACCEPTED,ACCEPTED,True,258064700,258.0647,29900,257809000,0,2600,160300,3800,0,0,,,,none,blockchain-valid_active_17,0,False,239,8,
n100-identities_c50-conc_mech-blockchain-1backend_valid-active_r30_audit-off_20260831T030043Z,obs_0dcd1f0c80b2468a91210f106b5f1937,2026-08-31T03:00:44.427588+00:00,blockchain,valid_active,18,50,UAV-VALID,ACCEPTED,ACCEPTED,True,177377300,177.3773,28700,177154000,0,2200,145800,3900,0,0,,,,none,blockchain-valid_active_20,0,False,239,8,
n100-identities_c50-conc_mech-blockchain-1backend_valid-active_r30_audit-off_20260831T030043Z,obs_28d9107cbece4698a51474eaf5247175,2026-08-31T03:00:44.440575+00:00,blockchain,valid_active,28,50,UAV-VALID,ACCEPTED,ACCEPTED,True,136247400,136.2474,32800,135877600,0,4400,237300,6000,0,0,,,,none,blockchain-valid_active_0,0,False,240,8,
n100-identities_c50-conc_mech-blockchain-1backend_valid-active_r30_audit-off_20260831T030043Z,obs_57a7f576dee149ae915749502f201c75,2026-08-31T03:00:44.441902+00:00,blockchain,valid_active,23,50,UAV-VALID,ACCEPTED,ACCEPTED,True,152586700,152.5867,36000,152355700,0,2300,147100,4000,0,0,,,,none,blockchain-valid_active_25,0,False,239,8,
n100-identities_c50-conc_mech-blockchain-1backend_valid-active_r30_audit-off_20260831T030043Z,obs_e75aa1edf18b40dcbbe7b49ca7e65a5e,2026-08-31T03:00:44.447975+00:00,blockchain,valid_active,20,50,UAV-VALID,ACCEPTED,ACCEPTED,True,185038800,185.0388,44900,184730000,0,2900,191200,4100,0,0,,,,none,blockchain-valid_active_22,0,False,238,8,
n100-identities_c50-conc_mech-blockchain-1backend_valid-active_r30_audit-off_20260831T030043Z,obs_0f3fc8ff75d448af847d39192b3a826b,2026-08-31T03:00:44.450089+00:00,blockchain,valid_active,25,50,UAV-VALID,ACCEPTED,ACCEPTED,True,171425800,171.4258,49500,171155300,0,2100,173900,3700,0,0,,,,none,blockchain-valid_active_27,0,False,240,8,
n100-identities_c50-conc_mech-blockchain-1backend_valid-active_r30_audit-off_20260831T030043Z,obs_64311f635ba749d5ad3e2247f6699278,2026-08-31T03:00:44.454363+00:00,blockchain,valid_active,29,50,UAV-VALID,ACCEPTED,ACCEPTED,True,135028300,135.0283,42400,134705900,0,3600,198600,4300,0,0,,,,none,blockchain-valid_active_1,0,False,239,8,
n100-identities_c50-conc_mech-blockchain-1backend_valid-active_r30_audit-off_20260831T030043Z,obs_5460d8ecdfe246c5b35255b3121d91e5,2026-08-31T03:00:44.456027+00:00,blockchain,valid_active,19,50,UAV-VALID,ACCEPTED,ACCEPTED,True,212716100,212.7161,33700,212344200,0,4400,233900,7400,0,0,,,,none,blockchain-valid_active_21,0,False,238,8,
n100-identities_c50-conc_mech-blockchain-1backend_valid-active_r30_audit-off_20260831T030043Z,obs_a275c849e26746199a14162d07b64982,2026-08-31T03:00:44.461468+00:00,blockchain,valid_active,22,50,UAV-VALID,ACCEPTED,ACCEPTED,True,168333800,168.3338,57000,167941800,0,4000,233000,5300,0,0,,,,none,blockchain-valid_active_24,0,False,240,8,
n100-identities_c50-conc_mech-blockchain-1backend_valid-active_r30_audit-off_20260831T030043Z,obs_fa0f9eed3844421aaf6aa274d3a205cf,2026-08-31T03:00:44.463572+00:00,blockchain,valid_active,27,50,UAV-VALID,ACCEPTED,ACCEPTED,True,159902500,159.9025,27700,159609200,0,3600,183600,5200,0,0,,,,none,blockchain-valid_active_29,0,False,240,8,
n100-identities_c50-conc_mech-blockchain-1backend_valid-active_r30_audit-off_20260831T030043Z,obs_0953261c3dfa4befbbd4e79501f4e837,2026-08-31T03:00:44.465525+00:00,blockchain,valid_active,24,50,UAV-VALID,ACCEPTED,ACCEPTED,True,159431600,159.4316,30300,159106800,0,3200,203800,6400,0,0,,,,none,blockchain-valid_active_26,0,False,239,8,
n100-identities_c50-conc_mech-blockchain-1backend_valid-active_r30_audit-off_20260831T030043Z,obs_de51b9e6b825470f92cbd6cfcc10175e,2026-08-31T03:00:44.467223+00:00,blockchain,valid_active,26,50,UAV-VALID,ACCEPTED,ACCEPTED,True,164350000,164.35,36300,163996800,0,3700,221700,5900,0,0,,,,none,blockchain-valid_active_28,0,False,238,8,
n250-identities_c1-conc_mech-x509-1backend_valid-active_r30_audit-off_20260831T030045Z,obs_258d31e852664c0c9e658de31a941ca6,2026-08-31T03:00:45.705321+00:00,x509,valid_active,0,1,UAV-VALID,ACCEPTED,ACCEPTED,True,1100100,1.1001,38200,71900,845700,0,116600,3000,0,0,,,,none,x509-valid_active_0,0,True,240,8,
n250-identities_c1-conc_mech-x509-1backend_valid-active_r30_audit-off_20260831T030045Z,obs_8d9ed7faaf49416382a32e9a745beed9,2026-08-31T03:00:45.711212+00:00,x509,valid_active,1,1,UAV-VALID,ACCEPTED,ACCEPTED,True,1330400,1.3304,32300,55800,1034200,0,150200,4500,0,0,,,,none,x509-valid_active_0,0,True,239,8,
n250-identities_c1-conc_mech-x509-1backend_valid-active_r30_audit-off_20260831T030045Z,obs_fa6f253d455e4f8d9416202cb7b79099,2026-08-31T03:00:45.717734+00:00,x509,valid_active,0,1,UAV-VALID,ACCEPTED,ACCEPTED,True,1338900,1.3389,30000,57100,1052600,0,148800,4000,0,0,,,,none,x509-valid_active_0,0,False,238,8,
n250-identities_c1-conc_mech-x509-1backend_valid-active_r30_audit-off_20260831T030045Z,obs_3b145a9a2ef84473a5304fad33c7b519,2026-08-31T03:00:45.723365+00:00,x509,valid_active,1,1,UAV-VALID,ACCEPTED,ACCEPTED,True,1383200,1.3832,25800,59700,1116000,0,129600,3100,0,0,,,,none,x509-valid_active_0,0,False,238,8,
n250-identities_c1-conc_mech-x509-1backend_valid-active_r30_audit-off_20260831T030045Z,obs_2c26bbdc35c947e7a41589fc2707afd5,2026-08-31T03:00:45.729868+00:00,x509,valid_active,2,1,UAV-VALID,ACCEPTED,ACCEPTED,True,1704000,1.704,46700,96900,1379300,0,135600,3400,0,0,,,,none,x509-valid_active_0,0,False,238,8,
n250-identities_c1-conc_mech-x509-1backend_valid-active_r30_audit-off_20260831T030045Z,obs_f59fb3387bf343c9944ca1f4ffb04d6d,2026-08-31T03:00:45.736136+00:00,x509,valid_active,3,1,UAV-VALID,ACCEPTED,ACCEPTED,True,1708100,1.7081,31700,56100,1445700,0,133300,3800,0,0,,,,none,x509-valid_active_0,0,False,240,8,
n250-identities_c1-conc_mech-x509-1backend_valid-active_r30_audit-off_20260831T030045Z,obs_b12ab75aac494d15aa68633a24cfb081,2026-08-31T03:00:45.741762+00:00,x509,valid_active,4,1,UAV-VALID,ACCEPTED,ACCEPTED,True,1324900,1.3249,29200,57800,1070700,0,124700,2900,0,0,,,,none,x509-valid_active_0,0,False,239,8,
n250-identities_c1-conc_mech-x509-1backend_valid-active_r30_audit-off_20260831T030045Z,obs_41cfd85e67f24c21865d53572787f79c,2026-08-31T03:00:45.748761+00:00,x509,valid_active,5,1,UAV-VALID,ACCEPTED,ACCEPTED,True,1471300,1.4713,39100,61900,1204300,0,133700,3400,0,0,,,,none,x509-valid_active_0,0,False,239,8,
n250-identities_c1-conc_mech-x509-1backend_valid-active_r30_audit-off_20260831T030045Z,obs_bbbb250d06a84272ba56d0ad3c3e0ef8,2026-08-31T03:00:45.754918+00:00,x509,valid_active,6,1,UAV-VALID,ACCEPTED,ACCEPTED,True,1449400,1.4494,33400,58700,1188800,0,117600,3000,0,0,,,,none,x509-valid_active_0,0,False,238,8,
n250-identities_c1-conc_mech-x509-1backend_valid-active_r30_audit-off_20260831T030045Z,obs_8f54080585f04a5db2f80d80ca26590c,2026-08-31T03:00:45.761823+00:00,x509,valid_active,7,1,UAV-VALID,ACCEPTED,ACCEPTED,True,1570500,1.5705,79900,98500,1240500,0,142600,2700,0,0,,,,none,x509-valid_active_0,0,False,239,8,
n250-identities_c1-conc_mech-x509-1backend_valid-active_r30_audit-off_20260831T030045Z,obs_feb4ebfc3c0d43f19265a2e3f1bb1e91,2026-08-31T03:00:45.767455+00:00,x509,valid_active,8,1,UAV-VALID,ACCEPTED,ACCEPTED,True,1261900,1.2619,31300,79100,951000,0,144300,3800,0,0,,,,none,x509-valid_active_0,0,False,239,8,
n250-identities_c1-conc_mech-x509-1backend_valid-active_r30_audit-off_20260831T030045Z,obs_ba93c6c20d4d437a9a46450133628861,2026-08-31T03:00:45.773647+00:00,x509,valid_active,9,1,UAV-VALID,ACCEPTED,ACCEPTED,True,1870700,1.8707,37200,55300,1504400,0,194900,6000,0,0,,,,none,x509-valid_active_0,0,False,238,8,
n250-identities_c1-conc_mech-x509-1backend_valid-active_r30_audit-off_20260831T030045Z,obs_e20b53df2dd44fedac779d1abd761a05,2026-08-31T03:00:45.780607+00:00,x509,valid_active,10,1,UAV-VALID,ACCEPTED,ACCEPTED,True,1402000,1.402,29000,59100,1141000,0,121600,3200,0,0,,,,none,x509-valid_active_0,0,False,238,8,
n250-identities_c1-conc_mech-x509-1backend_valid-active_r30_audit-off_20260831T030045Z,obs_754f5019d39d4e88ac913b0d23efe5de,2026-08-31T03:00:45.786590+00:00,x509,valid_active,11,1,UAV-VALID,ACCEPTED,ACCEPTED,True,1437900,1.4379,28900,52700,1190800,0,124300,3800,0,0,,,,none,x509-valid_active_0,0,False,239,8,
n250-identities_c1-conc_mech-x509-1backend_valid-active_r30_audit-off_20260831T030045Z,obs_8a6cf55e36574d9e87e8c73e82ffc3f4,2026-08-31T03:00:45.793667+00:00,x509,valid_active,12,1,UAV-VALID,ACCEPTED,ACCEPTED,True,1532000,1.532,34000,70400,1269300,0,121800,2900,0,0,,,,none,x509-valid_active_0,0,False,239,8,
n250-identities_c1-conc_mech-x509-1backend_valid-active_r30_audit-off_20260831T030045Z,obs_0c245f79684540d0a989f73cd3ece703,2026-08-31T03:00:45.799058+00:00,x509,valid_active,13,1,UAV-VALID,ACCEPTED,ACCEPTED,True,1304000,1.304,26100,66000,1044000,0,116100,2700,0,0,,,,none,x509-valid_active_0,0,False,239,8,
n250-identities_c1-conc_mech-x509-1backend_valid-active_r30_audit-off_20260831T030045Z,obs_2b2abf45a201483893720964dca2e7d2,2026-08-31T03:00:45.805220+00:00,x509,valid_active,14,1,UAV-VALID,ACCEPTED,ACCEPTED,True,1578200,1.5782,27700,55600,1268400,0,160800,5200,0,0,,,,none,x509-valid_active_0,0,False,238,8,
n250-identities_c1-conc_mech-x509-1backend_valid-active_r30_audit-off_20260831T030045Z,obs_76bf5e44b51b403eae6ff15a69a5cf5f,2026-08-31T03:00:45.811964+00:00,x509,valid_active,15,1,UAV-VALID,ACCEPTED,ACCEPTED,True,1217600,1.2176,36000,64400,953400,0,128800,3000,0,0,,,,none,x509-valid_active_0,0,False,240,8,
n250-identities_c1-conc_mech-x509-1backend_valid-active_r30_audit-off_20260831T030045Z,obs_4313c5de6c734dfc99b94db558299c7b,2026-08-31T03:00:45.818123+00:00,x509,valid_active,16,1,UAV-VALID,ACCEPTED,ACCEPTED,True,1595100,1.5951,29200,67900,1330700,0,127100,2900,0,0,,,,none,x509-valid_active_0,0,False,238,8,
n250-identities_c1-conc_mech-x509-1backend_valid-active_r30_audit-off_20260831T030045Z,obs_1edafeebf80141bc8bda7f931c5e6bf6,2026-08-31T03:00:45.825414+00:00,x509,valid_active,17,1,UAV-VALID,ACCEPTED,ACCEPTED,True,1529100,1.5291,32400,59800,1247300,0,142700,3500,0,0,,,,none,x509-valid_active_0,0,False,239,8,
n250-identities_c1-conc_mech-x509-1backend_valid-active_r30_audit-off_20260831T030045Z,obs_7ad607cc443c426ebf2ec8e6752ee27d,2026-08-31T03:00:45.831806+00:00,x509,valid_active,18,1,UAV-VALID,ACCEPTED,ACCEPTED,True,1644700,1.6447,29900,65100,1356500,0,136100,3200,0,0,,,,none,x509-valid_active_0,0,False,240,8,
n250-identities_c1-conc_mech-x509-1backend_valid-active_r30_audit-off_20260831T030045Z,obs_85e4d42b78ea4908a556c68cd21770b7,2026-08-31T03:00:45.840019+00:00,x509,valid_active,19,1,UAV-VALID,ACCEPTED,ACCEPTED,True,1852500,1.8525,41200,92800,1528700,0,129400,3300,0,0,,,,none,x509-valid_active_0,0,False,239,8,
n250-identities_c1-conc_mech-x509-1backend_valid-active_r30_audit-off_20260831T030045Z,obs_2d329695b2554778b7979cbe4b0f2c2d,2026-08-31T03:00:45.845455+00:00,x509,valid_active,20,1,UAV-VALID,ACCEPTED,ACCEPTED,True,1177600,1.1776,30000,74100,922000,0,119500,2900,0,0,,,,none,x509-valid_active_0,0,False,238,8,
n250-identities_c1-conc_mech-x509-1backend_valid-active_r30_audit-off_20260831T030045Z,obs_4e00c38661474b0fb924fdd34f4405c1,2026-08-31T03:00:45.851644+00:00,x509,valid_active,21,1,UAV-VALID,ACCEPTED,ACCEPTED,True,1727800,1.7278,28700,78700,1322000,0,207600,7000,0,0,,,,none,x509-valid_active_0,0,False,240,8,
n250-identities_c1-conc_mech-x509-1backend_valid-active_r30_audit-off_20260831T030045Z,obs_057929bfbe9c4bfaa18153214fd8e36e,2026-08-31T03:00:45.858327+00:00,x509,valid_active,22,1,UAV-VALID,ACCEPTED,ACCEPTED,True,1466300,1.4663,29800,54100,1189000,0,154300,3300,0,0,,,,none,x509-valid_active_0,0,False,239,8,
n250-identities_c1-conc_mech-x509-1backend_valid-active_r30_audit-off_20260831T030045Z,obs_e2ca5d187cda43848ee570a611fa9a7c,2026-08-31T03:00:45.863309+00:00,x509,valid_active,23,1,UAV-VALID,ACCEPTED,ACCEPTED,True,1222900,1.2229,26500,65600,970500,0,122300,3300,0,0,,,,none,x509-valid_active_0,0,False,240,8,
n250-identities_c1-conc_mech-x509-1backend_valid-active_r30_audit-off_20260831T030045Z,obs_b549574e88b142b189a6f4ce513b6ce9,2026-08-31T03:00:45.870794+00:00,x509,valid_active,24,1,UAV-VALID,ACCEPTED,ACCEPTED,True,1398800,1.3988,81000,59300,1145600,0,123900,3600,0,0,,,,none,x509-valid_active_0,0,False,240,8,
n250-identities_c1-conc_mech-x509-1backend_valid-active_r30_audit-off_20260831T030045Z,obs_8828e6cd25b045c896547036c0f927d2,2026-08-31T03:00:45.875986+00:00,x509,valid_active,25,1,UAV-VALID,ACCEPTED,ACCEPTED,True,1112300,1.1123,26100,53900,889000,0,109800,3100,0,0,,,,none,x509-valid_active_0,0,False,240,8,
n250-identities_c1-conc_mech-x509-1backend_valid-active_r30_audit-off_20260831T030045Z,obs_2202562304904c32b7f39057bba08b61,2026-08-31T03:00:45.881235+00:00,x509,valid_active,26,1,UAV-VALID,ACCEPTED,ACCEPTED,True,1224600,1.2246,27400,52000,999700,0,113500,3000,0,0,,,,none,x509-valid_active_0,0,False,238,8,
n250-identities_c1-conc_mech-x509-1backend_valid-active_r30_audit-off_20260831T030045Z,obs_6f47122ff8fd4ad49bd9a418b204fa9a,2026-08-31T03:00:45.887949+00:00,x509,valid_active,27,1,UAV-VALID,ACCEPTED,ACCEPTED,True,1281100,1.2811,33100,65900,1022600,0,123000,3400,0,0,,,,none,x509-valid_active_0,0,False,240,8,
n250-identities_c1-conc_mech-x509-1backend_valid-active_r30_audit-off_20260831T030045Z,obs_7356d1ab94b0490085306e6c8a1a6460,2026-08-31T03:00:45.893103+00:00,x509,valid_active,28,1,UAV-VALID,ACCEPTED,ACCEPTED,True,1313200,1.3132,23700,72100,1030800,0,132200,3400,0,0,,,,none,x509-valid_active_0,0,False,239,8,
n250-identities_c1-conc_mech-x509-1backend_valid-active_r30_audit-off_20260831T030045Z,obs_51c6827d74a548f480b80fc5e3e76288,2026-08-31T03:00:45.898265+00:00,x509,valid_active,29,1,UAV-VALID,ACCEPTED,ACCEPTED,True,1123800,1.1238,27700,57300,896000,0,111400,2900,0,0,,,,none,x509-valid_active_0,0,False,239,8,
n250-identities_c1-conc_mech-blockchain-1backend_valid-active_r30_audit-off_20260831T030046Z,obs_f9fd541c835e482eb81fbdd44669d3a6,2026-08-31T03:00:46.941926+00:00,blockchain,valid_active,0,1,UAV-VALID,ACCEPTED,ACCEPTED,True,32607500,32.6075,44500,32370400,0,2800,150100,3200,0,0,,,,none,blockchain-valid_active_0,0,True,238,8,
n250-identities_c1-conc_mech-blockchain-1backend_valid-active_r30_audit-off_20260831T030046Z,obs_4560849d17ec420fa3770007fe55680f,2026-08-31T03:00:46.964160+00:00,blockchain,valid_active,1,1,UAV-VALID,ACCEPTED,ACCEPTED,True,15906000,15.906,669600,15542600,0,4300,226700,4700,0,0,,,,none,blockchain-valid_active_0,0,True,238,8,
n250-identities_c1-conc_mech-blockchain-1backend_valid-active_r30_audit-off_20260831T030046Z,obs_2f0124ece76c43b89a29a1932b6d62f3,2026-08-31T03:00:46.982241+00:00,blockchain,valid_active,0,1,UAV-VALID,ACCEPTED,ACCEPTED,True,12845900,12.8459,31700,12599000,0,2500,155500,3800,0,0,,,,none,blockchain-valid_active_0,0,False,239,8,
n250-identities_c1-conc_mech-blockchain-1backend_valid-active_r30_audit-off_20260831T030046Z,obs_264d46ea93ec453fb338679950b291c2,2026-08-31T03:00:47.000142+00:00,blockchain,valid_active,1,1,UAV-VALID,ACCEPTED,ACCEPTED,True,13270400,13.2704,33100,12999900,0,2400,183900,4800,0,0,,,,none,blockchain-valid_active_0,0,False,240,8,
n250-identities_c1-conc_mech-blockchain-1backend_valid-active_r30_audit-off_20260831T030046Z,obs_4dc7c525320940bf9074018120838d49,2026-08-31T03:00:47.025157+00:00,blockchain,valid_active,2,1,UAV-VALID,ACCEPTED,ACCEPTED,True,14984600,14.9846,108300,14686100,0,2800,165900,4400,0,0,,,,none,blockchain-valid_active_0,0,False,240,8,
n250-identities_c1-conc_mech-blockchain-1backend_valid-active_r30_audit-off_20260831T030046Z,obs_b2b59d9ce5284dda99ce154bfdfeae8f,2026-08-31T03:00:47.043279+00:00,blockchain,valid_active,3,1,UAV-VALID,ACCEPTED,ACCEPTED,True,13612500,13.6125,33600,13365500,0,2800,159100,3400,0,0,,,,none,blockchain-valid_active_0,0,False,239,8,
n250-identities_c1-conc_mech-blockchain-1backend_valid-active_r30_audit-off_20260831T030046Z,obs_d06e129b82ea4f28bc0ba5ea26ff193b,2026-08-31T03:00:47.061744+00:00,blockchain,valid_active,4,1,UAV-VALID,ACCEPTED,ACCEPTED,True,14027300,14.0273,31300,13764700,0,3100,169200,4300,0,0,,,,none,blockchain-valid_active_0,0,False,239,8,
n250-identities_c1-conc_mech-blockchain-1backend_valid-active_r30_audit-off_20260831T030046Z,obs_d46083178aa741ee87d08600def4dd28,2026-08-31T03:00:47.079289+00:00,blockchain,valid_active,5,1,UAV-VALID,ACCEPTED,ACCEPTED,True,12849600,12.8496,31200,12606400,0,3200,154500,3500,0,0,,,,none,blockchain-valid_active_0,0,False,239,8,
n250-identities_c1-conc_mech-blockchain-1backend_valid-active_r30_audit-off_20260831T030046Z,obs_8ee66c2883c6469d8b882a87ec10f535,2026-08-31T03:00:47.097180+00:00,blockchain,valid_active,6,1,UAV-VALID,ACCEPTED,ACCEPTED,True,12837400,12.8374,41600,12587600,0,2500,154000,3000,0,0,,,,none,blockchain-valid_active_0,0,False,238,8,
n250-identities_c1-conc_mech-blockchain-1backend_valid-active_r30_audit-off_20260831T030046Z,obs_18009fd40e05449e97fa594189820316,2026-08-31T03:00:47.114428+00:00,blockchain,valid_active,7,1,UAV-VALID,ACCEPTED,ACCEPTED,True,11508900,11.5089,38600,11266600,0,2600,153200,3000,0,0,,,,none,blockchain-valid_active_0,0,False,238,8,
n250-identities_c1-conc_mech-blockchain-1backend_valid-active_r30_audit-off_20260831T030046Z,obs_190ee442bf3a4791910a2b85bf9a0bba,2026-08-31T03:00:47.134827+00:00,blockchain,valid_active,8,1,UAV-VALID,ACCEPTED,ACCEPTED,True,13653500,13.6535,46300,13377600,0,2600,171200,4200,0,0,,,,none,blockchain-valid_active_0,0,False,239,8,
n250-identities_c1-conc_mech-blockchain-1backend_valid-active_r30_audit-off_20260831T030046Z,obs_81705d8df944404fb8209379ce03847f,2026-08-31T03:00:47.152259+00:00,blockchain,valid_active,9,1,UAV-VALID,ACCEPTED,ACCEPTED,True,12873800,12.8738,31900,12630200,0,2500,155000,3300,0,0,,,,none,blockchain-valid_active_0,0,False,239,8,
n250-identities_c1-conc_mech-blockchain-1backend_valid-active_r30_audit-off_20260831T030046Z,obs_b25b63c18de84ddf83976b9e45fc696d,2026-08-31T03:00:47.169446+00:00,blockchain,valid_active,10,1,UAV-VALID,ACCEPTED,ACCEPTED,True,12933300,12.9333,31200,12672100,0,3000,168100,4300,0,0,,,,none,blockchain-valid_active_0,0,False,239,8,
n250-identities_c1-conc_mech-blockchain-1backend_valid-active_r30_audit-off_20260831T030046Z,obs_2098a345507c40378cd048fe0b3873b3,2026-08-31T03:00:47.189380+00:00,blockchain,valid_active,11,1,UAV-VALID,ACCEPTED,ACCEPTED,True,15591300,15.5913,28200,15347500,0,2400,157600,3300,0,0,,,,none,blockchain-valid_active_0,0,False,239,8,
n250-identities_c1-conc_mech-blockchain-1backend_valid-active_r30_audit-off_20260831T030046Z,obs_2af26f16751a4b1e809267f267eee780,2026-08-31T03:00:47.207745+00:00,blockchain,valid_active,12,1,UAV-VALID,ACCEPTED,ACCEPTED,True,13505000,13.505,45100,13222300,0,2800,169700,4700,0,0,,,,none,blockchain-valid_active_0,0,False,239,8,
n250-identities_c1-conc_mech-blockchain-1backend_valid-active_r30_audit-off_20260831T030046Z,obs_c9edfbfdebaf46838b5b53243554f88c,2026-08-31T03:00:47.226533+00:00,blockchain,valid_active,13,1,UAV-VALID,ACCEPTED,ACCEPTED,True,13231900,13.2319,34000,12874600,0,4100,217100,6600,0,0,,,,none,blockchain-valid_active_0,0,False,238,8,
n250-identities_c1-conc_mech-blockchain-1backend_valid-active_r30_audit-off_20260831T030046Z,obs_820bedac6c35426a9a58446cc86c2b92,2026-08-31T03:00:47.246787+00:00,blockchain,valid_active,14,1,UAV-VALID,ACCEPTED,ACCEPTED,True,14977500,14.9775,50900,14713100,0,3200,163200,4600,0,0,,,,none,blockchain-valid_active_0,0,False,239,8,
n250-identities_c1-conc_mech-blockchain-1backend_valid-active_r30_audit-off_20260831T030046Z,obs_605490e2bf0944eea63722d402d159d8,2026-08-31T03:00:47.265160+00:00,blockchain,valid_active,15,1,UAV-VALID,ACCEPTED,ACCEPTED,True,13127200,13.1272,35600,12886000,0,2700,154300,3300,0,0,,,,none,blockchain-valid_active_0,0,False,239,8,
n250-identities_c1-conc_mech-blockchain-1backend_valid-active_r30_audit-off_20260831T030046Z,obs_2252353b92894bb197fa6d1af97f320d,2026-08-31T03:00:47.281786+00:00,blockchain,valid_active,16,1,UAV-VALID,ACCEPTED,ACCEPTED,True,11745900,11.7459,63400,11482500,0,2500,158900,4100,0,0,,,,none,blockchain-valid_active_0,0,False,240,8,
n250-identities_c1-conc_mech-blockchain-1backend_valid-active_r30_audit-off_20260831T030046Z,obs_d751f4f7a4df4df68dcc2d1eab4444ba,2026-08-31T03:00:47.298213+00:00,blockchain,valid_active,17,1,UAV-VALID,ACCEPTED,ACCEPTED,True,11637600,11.6376,35900,11383500,0,2900,150500,3800,0,0,,,,none,blockchain-valid_active_0,0,False,240,8,
n250-identities_c1-conc_mech-blockchain-1backend_valid-active_r30_audit-off_20260831T030046Z,obs_bc259421f9af40889805bf1bc7a9de65,2026-08-31T03:00:47.316821+00:00,blockchain,valid_active,18,1,UAV-VALID,ACCEPTED,ACCEPTED,True,12774600,12.7746,34000,12209400,0,3700,428100,8000,0,0,,,,none,blockchain-valid_active_0,0,False,239,8,
n250-identities_c1-conc_mech-blockchain-1backend_valid-active_r30_audit-off_20260831T030046Z,obs_e898f4e048aa46f7a35dc255cb4f25fc,2026-08-31T03:00:47.333336+00:00,blockchain,valid_active,19,1,UAV-VALID,ACCEPTED,ACCEPTED,True,11901900,11.9019,33900,11636400,0,2700,172800,5200,0,0,,,,none,blockchain-valid_active_0,0,False,239,8,
n250-identities_c1-conc_mech-blockchain-1backend_valid-active_r30_audit-off_20260831T030046Z,obs_d23f83821d00455cb527be1669f1afee,2026-08-31T03:00:47.349235+00:00,blockchain,valid_active,20,1,UAV-VALID,ACCEPTED,ACCEPTED,True,11572500,11.5725,29600,11285500,0,2800,189600,4000,0,0,,,,none,blockchain-valid_active_0,0,False,240,8,
n250-identities_c1-conc_mech-blockchain-1backend_valid-active_r30_audit-off_20260831T030046Z,obs_6498afaa6002472b98f4ab19f43b59b3,2026-08-31T03:00:47.365201+00:00,blockchain,valid_active,21,1,UAV-VALID,ACCEPTED,ACCEPTED,True,11351600,11.3516,28800,11107100,0,3100,155600,3600,0,0,,,,none,blockchain-valid_active_0,0,False,240,8,
n250-identities_c1-conc_mech-blockchain-1backend_valid-active_r30_audit-off_20260831T030046Z,obs_4cf568fc2c34493eae6424730ba7e9a9,2026-08-31T03:00:47.381314+00:00,blockchain,valid_active,22,1,UAV-VALID,ACCEPTED,ACCEPTED,True,11559300,11.5593,30600,11319800,0,2600,154400,3500,0,0,,,,none,blockchain-valid_active_0,0,False,240,8,
n250-identities_c1-conc_mech-blockchain-1backend_valid-active_r30_audit-off_20260831T030046Z,obs_d1b96344493f4c28b9ad3dc44a28b252,2026-08-31T03:00:47.397316+00:00,blockchain,valid_active,23,1,UAV-VALID,ACCEPTED,ACCEPTED,True,11682300,11.6823,28500,11449100,0,3000,151800,3700,0,0,,,,none,blockchain-valid_active_0,0,False,240,8,
n250-identities_c1-conc_mech-blockchain-1backend_valid-active_r30_audit-off_20260831T030046Z,obs_20e900d2e4a64b248f76bfa1aac2171c,2026-08-31T03:00:47.431995+00:00,blockchain,valid_active,24,1,UAV-VALID,ACCEPTED,ACCEPTED,True,14850900,14.8509,42600,14613800,0,2400,150500,3100,0,0,,,,none,blockchain-valid_active_0,0,False,239,8,
n250-identities_c1-conc_mech-blockchain-1backend_valid-active_r30_audit-off_20260831T030046Z,obs_39834faaec334b82a48e5f608ad325bd,2026-08-31T03:00:47.448936+00:00,blockchain,valid_active,25,1,UAV-VALID,ACCEPTED,ACCEPTED,True,12330300,12.3303,31200,12094400,0,2400,152500,3000,0,0,,,,none,blockchain-valid_active_0,0,False,238,8,
n250-identities_c1-conc_mech-blockchain-1backend_valid-active_r30_audit-off_20260831T030046Z,obs_396dad716fa44d3b9f67af1fafb1877c,2026-08-31T03:00:47.466037+00:00,blockchain,valid_active,26,1,UAV-VALID,ACCEPTED,ACCEPTED,True,12627000,12.627,29000,12387300,0,2700,153400,3200,0,0,,,,none,blockchain-valid_active_0,0,False,240,8,
n250-identities_c1-conc_mech-blockchain-1backend_valid-active_r30_audit-off_20260831T030046Z,obs_ee9bf06f6097483abc74c9c03d642be1,2026-08-31T03:00:47.482742+00:00,blockchain,valid_active,27,1,UAV-VALID,ACCEPTED,ACCEPTED,True,12115400,12.1154,33200,11875500,0,2500,151400,3400,0,0,,,,none,blockchain-valid_active_0,0,False,239,8,
n250-identities_c1-conc_mech-blockchain-1backend_valid-active_r30_audit-off_20260831T030046Z,obs_62a896db93dc4e53a68f21400fdbb048,2026-08-31T03:00:47.500002+00:00,blockchain,valid_active,28,1,UAV-VALID,ACCEPTED,ACCEPTED,True,11836700,11.8367,50600,11523600,0,2500,184900,3600,0,0,,,,none,blockchain-valid_active_0,0,False,239,8,
n250-identities_c1-conc_mech-blockchain-1backend_valid-active_r30_audit-off_20260831T030046Z,obs_82d8d48a434040eab9c23d140f37ad18,2026-08-31T03:00:47.517130+00:00,blockchain,valid_active,29,1,UAV-VALID,ACCEPTED,ACCEPTED,True,11571100,11.5711,32400,11304400,0,2600,161600,3800,0,0,,,,none,blockchain-valid_active_0,0,False,238,8,
n250-identities_c5-conc_mech-x509-1backend_valid-active_r30_audit-off_20260831T030048Z,obs_776f3761032249c39853c0f77ccebcf2,2026-08-31T03:00:48.585751+00:00,x509,valid_active,1,5,UAV-VALID,ACCEPTED,ACCEPTED,True,12027100,12.0271,43900,156000,11551000,0,192800,5400,0,0,,,,none,x509-valid_active_1,0,True,239,8,
n250-identities_c5-conc_mech-x509-1backend_valid-active_r30_audit-off_20260831T030048Z,obs_59223ce7f61a4659ae731068f767dfba,2026-08-31T03:00:48.587135+00:00,x509,valid_active,0,5,UAV-VALID,ACCEPTED,ACCEPTED,True,9994400,9.9944,42500,83900,9594400,0,206800,4500,0,0,,,,none,x509-valid_active_0,0,True,238,8,
n250-identities_c5-conc_mech-x509-1backend_valid-active_r30_audit-off_20260831T030048Z,obs_13e8b2eb67ad48dab251848fb370877f,2026-08-31T03:00:48.588759+00:00,x509,valid_active,0,5,UAV-VALID,ACCEPTED,ACCEPTED,True,6372100,6.3721,84700,105000,5972100,0,185800,4400,0,0,,,,none,x509-valid_active_2,0,False,239,8,
n250-identities_c5-conc_mech-x509-1backend_valid-active_r30_audit-off_20260831T030048Z,obs_2134162cc196423bb6ffd3a13afc03d3,2026-08-31T03:00:48.592110+00:00,x509,valid_active,1,5,UAV-VALID,ACCEPTED,ACCEPTED,True,8447500,8.4475,48200,109600,8017800,0,202100,4400,0,0,,,,none,x509-valid_active_3,0,False,239,8,
n250-identities_c5-conc_mech-x509-1backend_valid-active_r30_audit-off_20260831T030048Z,obs_0035b188ba76486cbf557386618c92fc,2026-08-31T03:00:48.604357+00:00,x509,valid_active,2,5,UAV-VALID,ACCEPTED,ACCEPTED,True,19294300,19.2943,37300,92500,18848400,0,216700,6100,0,0,,,,none,x509-valid_active_4,0,False,240,8,
n250-identities_c5-conc_mech-x509-1backend_valid-active_r30_audit-off_20260831T030048Z,obs_024f62ee74eb4295ac82bf8c98cb43cd,2026-08-31T03:00:48.625665+00:00,x509,valid_active,4,5,UAV-VALID,ACCEPTED,ACCEPTED,True,5386300,5.3863,35600,96200,4974200,0,190300,6200,0,0,,,,none,x509-valid_active_0,0,False,240,8,
n250-identities_c5-conc_mech-x509-1backend_valid-active_r30_audit-off_20260831T030048Z,obs_33e364ca125e4d479a4f4542ed70d0c5,2026-08-31T03:00:48.627632+00:00,x509,valid_active,3,5,UAV-VALID,ACCEPTED,ACCEPTED,True,11355300,11.3553,46900,107600,10933900,0,183800,5800,0,0,,,,none,x509-valid_active_1,0,False,239,8,
n250-identities_c5-conc_mech-x509-1backend_valid-active_r30_audit-off_20260831T030048Z,obs_3fe640936bce4a3ebe039dd95deac52f,2026-08-31T03:00:48.628191+00:00,x509,valid_active,6,5,UAV-VALID,ACCEPTED,ACCEPTED,True,5704300,5.7043,41400,51900,5449100,0,127800,3000,0,0,,,,none,x509-valid_active_3,0,False,240,8,
n250-identities_c5-conc_mech-x509-1backend_valid-active_r30_audit-off_20260831T030048Z,obs_12f43415f8f24760a091e76ae500388b,2026-08-31T03:00:48.632144+00:00,x509,valid_active,7,5,UAV-VALID,ACCEPTED,ACCEPTED,True,7645100,7.6451,35000,76400,7320300,0,144100,4700,0,0,,,,none,x509-valid_active_4,0,False,239,8,
n250-identities_c5-conc_mech-x509-1backend_valid-active_r30_audit-off_20260831T030048Z,obs_2897420c3dba4ab7ba48d5dc795c5a91,2026-08-31T03:00:48.642142+00:00,x509,valid_active,5,5,UAV-VALID,ACCEPTED,ACCEPTED,True,19240500,19.2405,38300,55000,18854000,0,202300,5400,0,0,,,,none,x509-valid_active_2,0,False,239,8,
n250-identities_c5-conc_mech-x509-1backend_valid-active_r30_audit-off_20260831T030048Z,obs_2b6118520b1b4ac88ace890902e9971c,2026-08-31T03:00:48.661800+00:00,x509,valid_active,8,5,UAV-VALID,ACCEPTED,ACCEPTED,True,12081000,12.081,47900,100200,11670300,0,189000,4900,0,0,,,,none,x509-valid_active_0,0,False,239,8,
n250-identities_c5-conc_mech-x509-1backend_valid-active_r30_audit-off_20260831T030048Z,obs_2c924c8f003147cea85cdc984b266d49,2026-08-31T03:00:48.662246+00:00,x509,valid_active,9,5,UAV-VALID,ACCEPTED,ACCEPTED,True,8335600,8.3356,35400,73100,8044700,0,133900,4000,0,0,,,,none,x509-valid_active_1,0,False,239,8,
n250-identities_c5-conc_mech-x509-1backend_valid-active_r30_audit-off_20260831T030048Z,obs_9f9a8b7b498d468199ff1c11fc9e14c1,2026-08-31T03:00:48.662844+00:00,x509,valid_active,10,5,UAV-VALID,ACCEPTED,ACCEPTED,True,14303300,14.3033,39900,67600,13966900,0,175000,4500,0,0,,,,none,x509-valid_active_3,0,False,238,8,
n250-identities_c5-conc_mech-x509-1backend_valid-active_r30_audit-off_20260831T030048Z,obs_f3465a3409ba4284831959d516d27c2d,2026-08-31T03:00:48.669062+00:00,x509,valid_active,11,5,UAV-VALID,ACCEPTED,ACCEPTED,True,9901600,9.9016,31800,57600,9560700,0,173500,4000,0,0,,,,none,x509-valid_active_4,0,False,238,8,
n250-identities_c5-conc_mech-x509-1backend_valid-active_r30_audit-off_20260831T030048Z,obs_15aafca4a83b494e870b2b2ac0ea8d3f,2026-08-31T03:00:48.691766+00:00,x509,valid_active,12,5,UAV-VALID,ACCEPTED,ACCEPTED,True,27744700,27.7447,44900,74100,27446500,0,142500,3300,0,0,,,,none,x509-valid_active_2,0,False,239,8,
n250-identities_c5-conc_mech-x509-1backend_valid-active_r30_audit-off_20260831T030048Z,obs_220018eb0c734964b442fc3eb4f47dee,2026-08-31T03:00:48.704042+00:00,x509,valid_active,15,5,UAV-VALID,ACCEPTED,ACCEPTED,True,11246300,11.2463,50200,88400,10831000,0,212600,4600,0,0,,,,none,x509-valid_active_3,0,False,239,8,
n250-identities_c5-conc_mech-x509-1backend_valid-active_r30_audit-off_20260831T030048Z,obs_737728ae7605407eadec93ad3ac0e50b,2026-08-31T03:00:48.706785+00:00,x509,valid_active,13,5,UAV-VALID,ACCEPTED,ACCEPTED,True,11004800,11.0048,42500,70400,10706100,0,141800,3900,0,0,,,,none,x509-valid_active_0,0,False,240,8,
n250-identities_c5-conc_mech-x509-1backend_valid-active_r30_audit-off_20260831T030048Z,obs_182853484ec0482299bb2af2ec4e4c63,2026-08-31T03:00:48.707174+00:00,x509,valid_active,14,5,UAV-VALID,ACCEPTED,ACCEPTED,True,11780400,11.7804,32300,53000,11527200,0,128200,3300,0,0,,,,none,x509-valid_active_1,0,False,239,8,
n250-identities_c5-conc_mech-x509-1backend_valid-active_r30_audit-off_20260831T030048Z,obs_c00573c8d872424f82650fd5236313b2,2026-08-31T03:00:48.719735+00:00,x509,valid_active,16,5,UAV-VALID,ACCEPTED,ACCEPTED,True,16731000,16.731,43800,85700,16248200,0,234100,7500,0,0,,,,none,x509-valid_active_4,0,False,240,8,
n250-identities_c5-conc_mech-x509-1backend_valid-active_r30_audit-off_20260831T030048Z,obs_f823806519b14aa19b9e4a476941856f,2026-08-31T03:00:48.735731+00:00,x509,valid_active,18,5,UAV-VALID,ACCEPTED,ACCEPTED,True,7754900,7.7549,52900,91200,7294800,0,219400,6800,0,0,,,,none,x509-valid_active_3,0,False,239,8,
n250-identities_c5-conc_mech-x509-1backend_valid-active_r30_audit-off_20260831T030048Z,obs_a9b1c416c475453fad2012a97fd5cdad,2026-08-31T03:00:48.737062+00:00,x509,valid_active,17,5,UAV-VALID,ACCEPTED,ACCEPTED,True,23045700,23.0457,33300,110700,22604800,0,194900,6100,0,0,,,,none,x509-valid_active_2,0,False,239,8,
n250-identities_c5-conc_mech-x509-1backend_valid-active_r30_audit-off_20260831T030048Z,obs_a536a06375af414899d1afdf5255ad26,2026-08-31T03:00:48.753325+00:00,x509,valid_active,19,5,UAV-VALID,ACCEPTED,ACCEPTED,True,20308100,20.3081,34500,79800,19838200,0,244200,5500,0,0,,,,none,x509-valid_active_0,0,False,240,8,
n250-identities_c5-conc_mech-x509-1backend_valid-active_r30_audit-off_20260831T030048Z,obs_dd7173eb68b34dacbafb87d6fcda69c6,2026-08-31T03:00:48.754724+00:00,x509,valid_active,21,5,UAV-VALID,ACCEPTED,ACCEPTED,True,18493800,18.4938,49500,94700,18014500,0,225800,6000,0,0,,,,none,x509-valid_active_4,0,False,239,8,
n250-identities_c5-conc_mech-x509-1backend_valid-active_r30_audit-off_20260831T030048Z,obs_3a7a636d71ff4a08ba5c10403aa1c99c,2026-08-31T03:00:48.761258+00:00,x509,valid_active,20,5,UAV-VALID,ACCEPTED,ACCEPTED,True,23831200,23.8312,29800,90700,23331600,0,243200,8200,0,0,,,,none,x509-valid_active_1,0,False,238,8,
n250-identities_c5-conc_mech-x509-1backend_valid-active_r30_audit-off_20260831T030048Z,obs_2356eb01dd164a669bccee1216e62b3e,2026-08-31T03:00:48.779211+00:00,x509,valid_active,22,5,UAV-VALID,ACCEPTED,ACCEPTED,True,24153400,24.1534,57400,90500,23691100,0,222100,7000,0,0,,,,none,x509-valid_active_3,0,False,237,8,
n250-identities_c5-conc_mech-x509-1backend_valid-active_r30_audit-off_20260831T030048Z,obs_c7454d74a6794a43ab0009393eb65e5a,2026-08-31T03:00:48.787572+00:00,x509,valid_active,23,5,UAV-VALID,ACCEPTED,ACCEPTED,True,13487300,13.4873,53700,90700,13004900,0,237900,6700,0,0,,,,none,x509-valid_active_2,0,False,239,8,
n250-identities_c5-conc_mech-x509-1backend_valid-active_r30_audit-off_20260831T030048Z,obs_aad41b3ecba14d358ac68ff786f34c8f,2026-08-31T03:00:48.795323+00:00,x509,valid_active,25,5,UAV-VALID,ACCEPTED,ACCEPTED,True,10709500,10.7095,62600,64800,10395600,0,145400,3800,0,0,,,,none,x509-valid_active_4,0,False,238,8,
n250-identities_c5-conc_mech-x509-1backend_valid-active_r30_audit-off_20260831T030048Z,obs_894356a973d04f2c947ab3d7eb143538,2026-08-31T03:00:48.799177+00:00,x509,valid_active,24,5,UAV-VALID,ACCEPTED,ACCEPTED,True,15295300,15.2953,46000,74300,14873000,0,198100,4600,0,0,,,,none,x509-valid_active_0,0,False,238,8,
n250-identities_c5-conc_mech-x509-1backend_valid-active_r30_audit-off_20260831T030048Z,obs_33590a19c89e4ad19cd1b92126cf3f84,2026-08-31T03:00:48.807104+00:00,x509,valid_active,26,5,UAV-VALID,ACCEPTED,ACCEPTED,True,11313300,11.3133,47000,57100,11008300,0,153500,4100,0,0,,,,none,x509-valid_active_1,0,False,240,8,
n250-identities_c5-conc_mech-x509-1backend_valid-active_r30_audit-off_20260831T030048Z,obs_9768e257553b4c9faf0912bdff97fb3b,2026-08-31T03:00:48.809568+00:00,x509,valid_active,27,5,UAV-VALID,ACCEPTED,ACCEPTED,True,6309800,6.3098,33200,73700,6023600,0,123800,3300,0,0,,,,none,x509-valid_active_3,0,False,239,8,
n250-identities_c5-conc_mech-x509-1backend_valid-active_r30_audit-off_20260831T030048Z,obs_0e29939359a5499bbf78ce1cdb31bbdd,2026-08-31T03:00:48.809926+00:00,x509,valid_active,28,5,UAV-VALID,ACCEPTED,ACCEPTED,True,5203000,5.203,39000,76100,4922500,0,121100,3500,0,0,,,,none,x509-valid_active_2,0,False,239,8,
n250-identities_c5-conc_mech-x509-1backend_valid-active_r30_audit-off_20260831T030048Z,obs_4c29199e4e1a45b4a5161a532fed65bb,2026-08-31T03:00:48.811243+00:00,x509,valid_active,29,5,UAV-VALID,ACCEPTED,ACCEPTED,True,2080100,2.0801,31000,46400,1762300,0,179900,4800,0,0,,,,none,x509-valid_active_4,0,False,240,8,
n250-identities_c5-conc_mech-blockchain-1backend_valid-active_r30_audit-off_20260831T030049Z,obs_06893b86a97b4ab3bdf75be0f8c6e611,2026-08-31T03:00:49.902150+00:00,blockchain,valid_active,1,5,UAV-VALID,ACCEPTED,ACCEPTED,True,42728700,42.7287,59300,42450600,0,3700,158300,3500,0,0,,,,none,blockchain-valid_active_1,0,True,240,8,
n250-identities_c5-conc_mech-blockchain-1backend_valid-active_r30_audit-off_20260831T030049Z,obs_ffebc1aa5ba341f69e443ea0a1e62f5b,2026-08-31T03:00:49.906779+00:00,blockchain,valid_active,0,5,UAV-VALID,ACCEPTED,ACCEPTED,True,46151700,46.1517,40300,45884700,0,3000,163100,4300,0,0,,,,none,blockchain-valid_active_0,0,True,239,8,
n250-identities_c5-conc_mech-blockchain-1backend_valid-active_r30_audit-off_20260831T030049Z,obs_91f00a4300c04029a6b4029914367e96,2026-08-31T03:00:49.908507+00:00,blockchain,valid_active,1,5,UAV-VALID,ACCEPTED,ACCEPTED,True,32605400,32.6054,33600,32351600,0,2300,147000,3500,0,0,,,,none,blockchain-valid_active_3,0,False,240,8,
n250-identities_c5-conc_mech-blockchain-1backend_valid-active_r30_audit-off_20260831T030049Z,obs_bc69a11dbc9b4bd48be9c653300b55eb,2026-08-31T03:00:49.919187+00:00,blockchain,valid_active,0,5,UAV-VALID,ACCEPTED,ACCEPTED,True,49233200,49.2332,31000,48991000,0,2400,157100,3600,0,0,,,,none,blockchain-valid_active_2,0,False,238,8,
n250-identities_c5-conc_mech-blockchain-1backend_valid-active_r30_audit-off_20260831T030049Z,obs_364ec672c3a9419daaa120f057b1e9d0,2026-08-31T03:00:49.921058+00:00,blockchain,valid_active,2,5,UAV-VALID,ACCEPTED,ACCEPTED,True,40120900,40.1209,49400,39630400,0,2900,366500,7700,0,0,,,,none,blockchain-valid_active_4,0,False,240,8,
n250-identities_c5-conc_mech-blockchain-1backend_valid-active_r30_audit-off_20260831T030049Z,obs_9a104e9ac15f41bbaa317924dfcb92a0,2026-08-31T03:00:49.959076+00:00,blockchain,valid_active,3,5,UAV-VALID,ACCEPTED,ACCEPTED,True,37000700,37.0007,27600,36731400,0,3100,162100,3900,0,0,,,,none,blockchain-valid_active_1,0,False,238,8,
n250-identities_c5-conc_mech-blockchain-1backend_valid-active_r30_audit-off_20260831T030049Z,obs_f2f876393a8f4bcf8c359151b2d3a4dc,2026-08-31T03:00:49.960754+00:00,blockchain,valid_active,5,5,UAV-VALID,ACCEPTED,ACCEPTED,True,37432000,37.432,25700,37186600,0,2300,156600,3500,0,0,,,,none,blockchain-valid_active_3,0,False,238,8,
n250-identities_c5-conc_mech-blockchain-1backend_valid-active_r30_audit-off_20260831T030049Z,obs_16c042d2f9e841d1899f8e4947e83e35,2026-08-31T03:00:49.971685+00:00,blockchain,valid_active,4,5,UAV-VALID,ACCEPTED,ACCEPTED,True,42915900,42.9159,27400,42592100,0,3500,201100,7700,0,0,,,,none,blockchain-valid_active_0,0,False,239,8,
n250-identities_c5-conc_mech-blockchain-1backend_valid-active_r30_audit-off_20260831T030049Z,obs_7ae58f2ca78f45d3a5a5152efd81c432,2026-08-31T03:00:49.974392+00:00,blockchain,valid_active,7,5,UAV-VALID,ACCEPTED,ACCEPTED,True,39692700,39.6927,24000,39342000,0,3900,213600,5700,0,0,,,,none,blockchain-valid_active_4,0,False,240,8,
n250-identities_c5-conc_mech-blockchain-1backend_valid-active_r30_audit-off_20260831T030049Z,obs_755ce347efa84ba8a01a8fd25c2f52e7,2026-08-31T03:00:49.984102+00:00,blockchain,valid_active,6,5,UAV-VALID,ACCEPTED,ACCEPTED,True,50185600,50.1856,34000,49802500,0,4200,259400,6500,0,0,,,,none,blockchain-valid_active_2,0,False,239,8,
n250-identities_c5-conc_mech-blockchain-1backend_valid-active_r30_audit-off_20260831T030049Z,obs_d90e4b60fb1e4b348e0a2d16f34ba2ae,2026-08-31T03:00:50.025514+00:00,blockchain,valid_active,8,5,UAV-VALID,ACCEPTED,ACCEPTED,True,48135100,48.1351,51300,47862800,0,2600,167700,4400,0,0,,,,none,blockchain-valid_active_1,0,False,240,8,
n250-identities_c5-conc_mech-blockchain-1backend_valid-active_r30_audit-off_20260831T030049Z,obs_d4306a82e4984498a959dcf08d89f54c,2026-08-31T03:00:50.039605+00:00,blockchain,valid_active,9,5,UAV-VALID,ACCEPTED,ACCEPTED,True,49374500,49.3745,34700,49130100,0,2600,157600,3400,0,0,,,,none,blockchain-valid_active_3,0,False,239,8,
n250-identities_c5-conc_mech-blockchain-1backend_valid-active_r30_audit-off_20260831T030049Z,obs_f5613b4d5e4b4077a4db305f1df38392,2026-08-31T03:00:50.049758+00:00,blockchain,valid_active,12,5,UAV-VALID,ACCEPTED,ACCEPTED,True,41629100,41.6291,38400,41277300,0,4000,224000,5000,0,0,,,,none,blockchain-valid_active_2,0,False,239,8,
n250-identities_c5-conc_mech-blockchain-1backend_valid-active_r30_audit-off_20260831T030049Z,obs_7e89f3d522864816ab5debc0eeb87fb4,2026-08-31T03:00:50.050906+00:00,blockchain,valid_active,10,5,UAV-VALID,ACCEPTED,ACCEPTED,True,49816500,49.8165,28000,49608100,0,2700,136300,3100,0,0,,,,none,blockchain-valid_active_0,0,False,239,8,
n250-identities_c5-conc_mech-blockchain-1backend_valid-active_r30_audit-off_20260831T030049Z,obs_b80e31cb317f49faad5f14012d441418,2026-08-31T03:00:50.060044+00:00,blockchain,valid_active,11,5,UAV-VALID,ACCEPTED,ACCEPTED,True,59830300,59.8303,39500,59100400,0,3800,238800,7100,0,0,,,,none,blockchain-valid_active_4,0,False,240,8,
n250-identities_c5-conc_mech-blockchain-1backend_valid-active_r30_audit-off_20260831T030049Z,obs_2ed15eff9e174f66ab290a987e1f1c4c,2026-08-31T03:00:50.082221+00:00,blockchain,valid_active,13,5,UAV-VALID,ACCEPTED,ACCEPTED,True,41311500,41.3115,26500,41051000,0,2900,167500,3800,0,0,,,,none,blockchain-valid_active_1,0,False,239,8,
n250-identities_c5-conc_mech-blockchain-1backend_valid-active_r30_audit-off_20260831T030049Z,obs_8fa0399f02cb474e82eee56df6b844bc,2026-08-31T03:00:50.110514+00:00,blockchain,valid_active,14,5,UAV-VALID,ACCEPTED,ACCEPTED,True,46142500,46.1425,35500,45884100,0,2200,164300,4100,0,0,,,,none,blockchain-valid_active_3,0,False,239,8,
n250-identities_c5-conc_mech-blockchain-1backend_valid-active_r30_audit-off_20260831T030049Z,obs_e162aa51c87d4a53a38b9e50993b14cc,2026-08-31T03:00:50.111682+00:00,blockchain,valid_active,16,5,UAV-VALID,ACCEPTED,ACCEPTED,True,35843800,35.8438,34500,35617600,0,2500,141300,3300,0,0,,,,none,blockchain-valid_active_0,0,False,238,8,
n250-identities_c5-conc_mech-blockchain-1backend_valid-active_r30_audit-off_20260831T030049Z,obs_ab9279b8b72649dc80c998a2cb552b69,2026-08-31T03:00:50.127098+00:00,blockchain,valid_active,17,5,UAV-VALID,ACCEPTED,ACCEPTED,True,49851300,49.8513,29500,49575400,0,2800,176200,6100,0,0,,,,none,blockchain-valid_active_4,0,False,238,8,
n250-identities_c5-conc_mech-blockchain-1backend_valid-active_r30_audit-off_20260831T030049Z,obs_a42416b9220d49eaab592370ca5fbe20,2026-08-31T03:00:50.129079+00:00,blockchain,valid_active,15,5,UAV-VALID,ACCEPTED,ACCEPTED,True,56381000,56.381,32800,56130100,0,3100,157600,3700,0,0,,,,none,blockchain-valid_active_2,0,False,238,8,
n250-identities_c5-conc_mech-blockchain-1backend_valid-active_r30_audit-off_20260831T030049Z,obs_fc09ba7992fc4842b0c717f0ba91a744,2026-08-31T03:00:50.151417+00:00,blockchain,valid_active,18,5,UAV-VALID,ACCEPTED,ACCEPTED,True,49246200,49.2462,34500,48951000,0,3500,187000,5900,0,0,,,,none,blockchain-valid_active_1,0,False,238,8,
n250-identities_c5-conc_mech-blockchain-1backend_valid-active_r30_audit-off_20260831T030049Z,obs_bae93855555448aabe112ce8344edd10,2026-08-31T03:00:50.180142+00:00,blockchain,valid_active,19,5,UAV-VALID,ACCEPTED,ACCEPTED,True,47307900,47.3079,57000,46966100,0,4200,205700,6600,0,0,,,,none,blockchain-valid_active_3,0,False,239,8,
n250-identities_c5-conc_mech-blockchain-1backend_valid-active_r30_audit-off_20260831T030049Z,obs_109d2f95f4914919977c70cd42a62e64,2026-08-31T03:00:50.192877+00:00,blockchain,valid_active,20,5,UAV-VALID,ACCEPTED,ACCEPTED,True,58298700,58.2987,46500,58039000,0,2600,154900,3900,0,0,,,,none,blockchain-valid_active_0,0,False,240,8,
n250-identities_c5-conc_mech-blockchain-1backend_valid-active_r30_audit-off_20260831T030049Z,obs_1a63ab0afa15481cbc9d2a8c9b5ff948,2026-08-31T03:00:50.198310+00:00,blockchain,valid_active,21,5,UAV-VALID,ACCEPTED,ACCEPTED,True,45026700,45.0267,47200,44675800,0,4600,193300,5400,0,0,,,,none,blockchain-valid_active_4,0,False,240,8,
n250-identities_c5-conc_mech-blockchain-1backend_valid-active_r30_audit-off_20260831T030049Z,obs_2eb60e103c9f4c318e2096cd8e378be5,2026-08-31T03:00:50.204094+00:00,blockchain,valid_active,22,5,UAV-VALID,ACCEPTED,ACCEPTED,True,54076000,54.076,35100,53807000,0,3100,165200,3900,0,0,,,,none,blockchain-valid_active_2,0,False,240,8,
n250-identities_c5-conc_mech-blockchain-1backend_valid-active_r30_audit-off_20260831T030049Z,obs_75457d3a75c046f19cd4bfbcf265c155,2026-08-31T03:00:50.217430+00:00,blockchain,valid_active,23,5,UAV-VALID,ACCEPTED,ACCEPTED,True,47801800,47.8018,57100,47536300,0,2300,158500,3800,0,0,,,,none,blockchain-valid_active_1,0,False,239,8,
n250-identities_c5-conc_mech-blockchain-1backend_valid-active_r30_audit-off_20260831T030049Z,obs_4b7e91e6a7164b79ba7c3d6b6dd53cde,2026-08-31T03:00:50.252958+00:00,blockchain,valid_active,24,5,UAV-VALID,ACCEPTED,ACCEPTED,True,52720400,52.7204,49000,52365100,0,3800,228100,5500,0,0,,,,none,blockchain-valid_active_3,0,False,238,8,
n250-identities_c5-conc_mech-blockchain-1backend_valid-active_r30_audit-off_20260831T030049Z,obs_f252e8009a5149a0b54d791fc73f5379,2026-08-31T03:00:50.264665+00:00,blockchain,valid_active,25,5,UAV-VALID,ACCEPTED,ACCEPTED,True,46062000,46.062,26700,45829900,0,2500,149600,3600,0,0,,,,none,blockchain-valid_active_0,0,False,238,8,
n250-identities_c5-conc_mech-blockchain-1backend_valid-active_r30_audit-off_20260831T030049Z,obs_d4f2c776e1af4682ab95d4a12d94cc21,2026-08-31T03:00:50.266526+00:00,blockchain,valid_active,26,5,UAV-VALID,ACCEPTED,ACCEPTED,True,46605300,46.6053,25500,46386500,0,1900,142700,3100,0,0,,,,none,blockchain-valid_active_4,0,False,238,8,
n250-identities_c5-conc_mech-blockchain-1backend_valid-active_r30_audit-off_20260831T030049Z,obs_5680e7411e76480d8c27af576a4f45f3,2026-08-31T03:00:50.272122+00:00,blockchain,valid_active,27,5,UAV-VALID,ACCEPTED,ACCEPTED,True,45547800,45.5478,37100,45300900,0,3500,152700,3600,0,0,,,,none,blockchain-valid_active_2,0,False,240,8,
n250-identities_c5-conc_mech-blockchain-1backend_valid-active_r30_audit-off_20260831T030049Z,obs_4ba9a762b1e44f8b9d36b50e28a21266,2026-08-31T03:00:50.273832+00:00,blockchain,valid_active,28,5,UAV-VALID,ACCEPTED,ACCEPTED,True,40676100,40.6761,37600,40328000,0,3500,219800,5900,0,0,,,,none,blockchain-valid_active_1,0,False,240,8,
n250-identities_c5-conc_mech-blockchain-1backend_valid-active_r30_audit-off_20260831T030049Z,obs_5fb84ac453e847ccb992507f53209c04,2026-08-31T03:00:50.285775+00:00,blockchain,valid_active,29,5,UAV-VALID,ACCEPTED,ACCEPTED,True,17977800,17.9778,36100,17719800,0,2500,157700,3800,0,0,,,,none,blockchain-valid_active_3,0,False,240,8,
n250-identities_c10-conc_mech-x509-1backend_valid-active_r30_audit-off_20260831T030050Z,obs_6b985cc1bdbc47ffa50b6ab10229dbdd,2026-08-31T03:00:50.993043+00:00,x509,valid_active,0,10,UAV-VALID,ACCEPTED,ACCEPTED,True,28121400,28.1214,34200,85000,27821400,0,130100,3300,0,0,,,,none,x509-valid_active_0,0,True,240,8,
n250-identities_c10-conc_mech-x509-1backend_valid-active_r30_audit-off_20260831T030050Z,obs_c9d8569498cc40eb98b7321244a5dc4f,2026-08-31T03:00:51.019720+00:00,x509,valid_active,1,10,UAV-VALID,ACCEPTED,ACCEPTED,True,42472800,42.4728,32800,75300,42161600,0,146300,3400,0,0,,,,none,x509-valid_active_1,0,True,239,8,
n250-identities_c10-conc_mech-x509-1backend_valid-active_r30_audit-off_20260831T030050Z,obs_1faa4f514a9146f1badb8a49f7058044,2026-08-31T03:00:51.024022+00:00,x509,valid_active,0,10,UAV-VALID,ACCEPTED,ACCEPTED,True,37436800,37.4368,34200,82300,37016400,0,209900,5200,0,0,,,,none,x509-valid_active_2,0,False,240,8,
n250-identities_c10-conc_mech-x509-1backend_valid-active_r30_audit-off_20260831T030050Z,obs_02fa4b301b1f499c827046a63d5819f1,2026-08-31T03:00:51.030464+00:00,x509,valid_active,2,10,UAV-VALID,ACCEPTED,ACCEPTED,True,38402700,38.4027,54000,112400,38071000,0,120000,2900,0,0,,,,none,x509-valid_active_4,0,False,239,8,
n250-identities_c10-conc_mech-x509-1backend_valid-active_r30_audit-off_20260831T030050Z,obs_b5bc3dca95ed4c8198abed49246073db,2026-08-31T03:00:51.040812+00:00,x509,valid_active,1,10,UAV-VALID,ACCEPTED,ACCEPTED,True,48267100,48.2671,32000,66600,47990900,0,133500,3000,0,0,,,,none,x509-valid_active_3,0,False,238,8,
n250-identities_c10-conc_mech-x509-1backend_valid-active_r30_audit-off_20260831T030050Z,obs_0d415b5621c14203b837a99cf87582f9,2026-08-31T03:00:51.044735+00:00,x509,valid_active,5,10,UAV-VALID,ACCEPTED,ACCEPTED,True,20086700,20.0867,21800,77900,19789100,0,137600,3500,0,0,,,,none,x509-valid_active_7,0,False,238,8,
n250-identities_c10-conc_mech-x509-1backend_valid-active_r30_audit-off_20260831T030050Z,obs_721117e71a1f465a9c1eebff9e8d15b4,2026-08-31T03:00:51.048080+00:00,x509,valid_active,4,10,UAV-VALID,ACCEPTED,ACCEPTED,True,15572600,15.5726,35200,103600,15220200,0,144500,3800,0,0,,,,none,x509-valid_active_6,0,False,240,8,
n250-identities_c10-conc_mech-x509-1backend_valid-active_r30_audit-off_20260831T030050Z,obs_09bed7c33de54b2da36b1ef67329e67c,2026-08-31T03:00:51.055310+00:00,x509,valid_active,6,10,UAV-VALID,ACCEPTED,ACCEPTED,True,27795500,27.7955,24500,68500,27271100,0,338300,8700,0,0,,,,none,x509-valid_active_8,0,False,239,8,
n250-identities_c10-conc_mech-x509-1backend_valid-active_r30_audit-off_20260831T030050Z,obs_b01d23699f9146979c1526f565598350,2026-08-31T03:00:51.055759+00:00,x509,valid_active,8,10,UAV-VALID,ACCEPTED,ACCEPTED,True,22616300,22.6163,37300,73100,22322600,0,132700,4100,0,0,,,,none,x509-valid_active_0,0,False,240,8,
n250-identities_c10-conc_mech-x509-1backend_valid-active_r30_audit-off_20260831T030050Z,obs_30690ad066e548228cf59a782c0d4521,2026-08-31T03:00:51.065157+00:00,x509,valid_active,3,10,UAV-VALID,ACCEPTED,ACCEPTED,True,35590500,35.5905,40600,104000,35259000,0,145200,3900,0,0,,,,none,x509-valid_active_5,0,False,239,8,
n250-identities_c10-conc_mech-x509-1backend_valid-active_r30_audit-off_20260831T030050Z,obs_657d34dc4f604fab825a08ec5fe9ef6e,2026-08-31T03:00:51.081058+00:00,x509,valid_active,10,10,UAV-VALID,ACCEPTED,ACCEPTED,True,19310800,19.3108,27600,49200,19073500,0,122000,3300,0,0,,,,none,x509-valid_active_2,0,False,239,8,
n250-identities_c10-conc_mech-x509-1backend_valid-active_r30_audit-off_20260831T030050Z,obs_19d0b2c6f193457d94b9c117ca009690,2026-08-31T03:00:51.082514+00:00,x509,valid_active,7,10,UAV-VALID,ACCEPTED,ACCEPTED,True,21326100,21.3261,37100,73700,21045500,0,125700,3300,0,0,,,,none,x509-valid_active_9,0,False,240,8,
n250-identities_c10-conc_mech-x509-1backend_valid-active_r30_audit-off_20260831T030050Z,obs_8372c8b4a75046bb91237e6a9808357f,2026-08-31T03:00:51.084987+00:00,x509,valid_active,12,10,UAV-VALID,ACCEPTED,ACCEPTED,True,16136800,16.1368,26200,103000,15657300,0,232700,7300,0,0,,,,none,x509-valid_active_3,0,False,239,8,
n250-identities_c10-conc_mech-x509-1backend_valid-active_r30_audit-off_20260831T030050Z,obs_dd38d37cccb640a385f3ce63e345bc24,2026-08-31T03:00:51.085975+00:00,x509,valid_active,9,10,UAV-VALID,ACCEPTED,ACCEPTED,True,37131200,37.1312,31400,48000,36683200,0,246600,6500,0,0,,,,none,x509-valid_active_1,0,False,240,8,
n250-identities_c10-conc_mech-x509-1backend_valid-active_r30_audit-off_20260831T030050Z,obs_f406e9ea6644481e881f4bef5ca494d5,2026-08-31T03:00:51.086738+00:00,x509,valid_active,11,10,UAV-VALID,ACCEPTED,ACCEPTED,True,14340300,14.3403,26300,59900,13952000,0,220400,4900,0,0,,,,none,x509-valid_active_4,0,False,239,8,
n250-identities_c10-conc_mech-x509-1backend_valid-active_r30_audit-off_20260831T030050Z,obs_cc92ba725ba248d6ba6c2074b219ecce,2026-08-31T03:00:51.097132+00:00,x509,valid_active,13,10,UAV-VALID,ACCEPTED,ACCEPTED,True,17504900,17.5049,35600,50400,17234600,0,138100,3200,0,0,,,,none,x509-valid_active_7,0,False,238,8,
n250-identities_c10-conc_mech-x509-1backend_valid-active_r30_audit-off_20260831T030050Z,obs_c634b862fb734ce1a94f0ad31f3d67aa,2026-08-31T03:00:51.098403+00:00,x509,valid_active,16,10,UAV-VALID,ACCEPTED,ACCEPTED,True,16847300,16.8473,30600,48600,16595600,0,130200,3300,0,0,,,,none,x509-valid_active_0,0,False,240,8,
n250-identities_c10-conc_mech-x509-1backend_valid-active_r30_audit-off_20260831T030050Z,obs_d0f2b8c65c30427e91075cec8a71924a,2026-08-31T03:00:51.104296+00:00,x509,valid_active,14,10,UAV-VALID,ACCEPTED,ACCEPTED,True,24274600,24.2746,30700,46100,23992000,0,140400,4800,0,0,,,,none,x509-valid_active_6,0,False,239,8,
n250-identities_c10-conc_mech-x509-1backend_valid-active_r30_audit-off_20260831T030050Z,obs_52f2759d840748779bc5528dff6fd9d6,2026-08-31T03:00:51.118381+00:00,x509,valid_active,15,10,UAV-VALID,ACCEPTED,ACCEPTED,True,31213700,31.2137,29400,62500,30815100,0,210500,5100,0,0,,,,none,x509-valid_active_8,0,False,240,8,
n250-identities_c10-conc_mech-x509-1backend_valid-active_r30_audit-off_20260831T030050Z,obs_068d2df2f81c4f9eaad0528a656bc3d5,2026-08-31T03:00:51.139910+00:00,x509,valid_active,18,10,UAV-VALID,ACCEPTED,ACCEPTED,True,30959700,30.9597,32300,56100,30667100,0,150300,3100,0,0,,,,none,x509-valid_active_2,0,False,238,8,
n250-identities_c10-conc_mech-x509-1backend_valid-active_r30_audit-off_20260831T030050Z,obs_9c01b5df8567479a936ad1c83f165a90,2026-08-31T03:00:51.142523+00:00,x509,valid_active,22,10,UAV-VALID,ACCEPTED,ACCEPTED,True,18740100,18.7401,67900,61500,18390600,0,188700,5100,0,0,,,,none,x509-valid_active_4,0,False,239,8,
n250-identities_c10-conc_mech-x509-1backend_valid-active_r30_audit-off_20260831T030050Z,obs_b549b8cf70e24c09a015fde1adbc4601,2026-08-31T03:00:51.143608+00:00,x509,valid_active,24,10,UAV-VALID,ACCEPTED,ACCEPTED,True,13525700,13.5257,49500,60300,13276300,0,117800,2800,0,0,,,,none,x509-valid_active_0,0,False,238,8,
n250-identities_c10-conc_mech-x509-1backend_valid-active_r30_audit-off_20260831T030050Z,obs_3605f3a01cd0412e9ec264f4bfbcdd81,2026-08-31T03:00:51.144007+00:00,x509,valid_active,17,10,UAV-VALID,ACCEPTED,ACCEPTED,True,24079600,24.0796,38600,84400,23806300,0,114100,2400,0,0,,,,none,x509-valid_active_5,0,False,240,8,
n250-identities_c10-conc_mech-x509-1backend_valid-active_r30_audit-off_20260831T030050Z,obs_9f60fa5a18c445988f7efcad0a25e843,2026-08-31T03:00:51.150418+00:00,x509,valid_active,21,10,UAV-VALID,ACCEPTED,ACCEPTED,True,15646000,15.646,40400,49300,15217800,0,251500,5400,0,0,,,,none,x509-valid_active_1,0,False,239,8,
n250-identities_c10-conc_mech-x509-1backend_valid-active_r30_audit-off_20260831T030050Z,obs_1249521c6be243389a994e4852268a7b,2026-08-31T03:00:51.156826+00:00,x509,valid_active,25,10,UAV-VALID,ACCEPTED,ACCEPTED,True,16223100,16.2231,38400,68900,15910600,0,134700,3300,0,0,,,,none,x509-valid_active_6,0,False,239,8,
n250-identities_c10-conc_mech-x509-1backend_valid-active_r30_audit-off_20260831T030050Z,obs_5c7900c336a44887be2f46199ee7e960,2026-08-31T03:00:51.157640+00:00,x509,valid_active,19,10,UAV-VALID,ACCEPTED,ACCEPTED,True,22515600,22.5156,39400,62400,22254400,0,119900,8600,0,0,,,,none,x509-valid_active_9,0,False,238,8,
n250-identities_c10-conc_mech-x509-1backend_valid-active_r30_audit-off_20260831T030050Z,obs_4db0f406d96f4a5caab827ecb1a88b27,2026-08-31T03:00:51.162641+00:00,x509,valid_active,20,10,UAV-VALID,ACCEPTED,ACCEPTED,True,26699200,26.6992,26300,46800,26427700,0,149500,3400,0,0,,,,none,x509-valid_active_3,0,False,240,8,
n250-identities_c10-conc_mech-x509-1backend_valid-active_r30_audit-off_20260831T030050Z,obs_05d36f9c27614de59fb47ddf321d97bb,2026-08-31T03:00:51.166919+00:00,x509,valid_active,26,10,UAV-VALID,ACCEPTED,ACCEPTED,True,10652700,10.6527,51200,59600,10332100,0,157800,4000,0,0,,,,none,x509-valid_active_8,0,False,239,8,
n250-identities_c10-conc_mech-x509-1backend_valid-active_r30_audit-off_20260831T030050Z,obs_10f21ac45bad4743a9ebaf7e703487fb,2026-08-31T03:00:51.167689+00:00,x509,valid_active,23,10,UAV-VALID,ACCEPTED,ACCEPTED,True,24545600,24.5456,28700,48100,24286400,0,131000,3800,0,0,,,,none,x509-valid_active_7,0,False,239,8,
n250-identities_c10-conc_mech-x509-1backend_valid-active_r30_audit-off_20260831T030050Z,obs_68b872f2c8a045deadfa7b50d9b5dbbc,2026-08-31T03:00:51.169616+00:00,x509,valid_active,28,10,UAV-VALID,ACCEPTED,ACCEPTED,True,6457400,6.4574,28900,80600,6134300,0,144800,3900,0,0,,,,none,x509-valid_active_4,0,False,239,8,
n250-identities_c10-conc_mech-x509-1backend_valid-active_r30_audit-off_20260831T030050Z,obs_14aa52543d9a407ea85e2c1d77f3d871,2026-08-31T03:00:51.170467+00:00,x509,valid_active,29,10,UAV-VALID,ACCEPTED,ACCEPTED,True,4889700,4.8897,25800,80300,4608100,0,123800,3000,0,0,,,,none,x509-valid_active_0,0,False,239,8,
n250-identities_c10-conc_mech-x509-1backend_valid-active_r30_audit-off_20260831T030050Z,obs_b4f24fb663a74eaeaf8daa10804161e8,2026-08-31T03:00:51.170841+00:00,x509,valid_active,27,10,UAV-VALID,ACCEPTED,ACCEPTED,True,3690100,3.6901,41100,52700,3443800,0,121600,2900,0,0,,,,none,x509-valid_active_2,0,False,239,8,
n250-identities_c10-conc_mech-blockchain-1backend_valid-active_r30_audit-off_20260831T030051Z,obs_cefc88c7fbbe48829b7dae5036ef5803,2026-08-31T03:00:56.081464+00:00,blockchain,valid_active,0,10,UAV-VALID,ACCEPTED,ACCEPTED,True,3970726500,3970.7265,40500,3970441800,0,2700,176100,5900,0,0,,,,none,blockchain-valid_active_0,0,True,239,8,
n250-identities_c10-conc_mech-blockchain-1backend_valid-active_r30_audit-off_20260831T030051Z,obs_fc9a4ec24b7c4417a40bf8400295c782,2026-08-31T03:00:56.087521+00:00,blockchain,valid_active,7,10,UAV-VALID,ACCEPTED,ACCEPTED,True,3929453200,3929.4532,30200,3929112500,0,4000,222300,6000,0,0,,,,none,blockchain-valid_active_9,0,False,238,8,
n250-identities_c10-conc_mech-blockchain-1backend_valid-active_r30_audit-off_20260831T030051Z,obs_8c1ba8c94ee346d7bf089431ada44c4f,2026-08-31T03:00:56.089107+00:00,blockchain,valid_active,4,10,UAV-VALID,ACCEPTED,ACCEPTED,True,3934429600,3934.4296,25800,3934200500,0,3400,149300,3600,0,0,,,,none,blockchain-valid_active_6,0,False,240,8,
n250-identities_c10-conc_mech-blockchain-1backend_valid-active_r30_audit-off_20260831T030051Z,obs_211142058787473ba12030ca5beb683f,2026-08-31T03:00:56.090623+00:00,blockchain,valid_active,6,10,UAV-VALID,ACCEPTED,ACCEPTED,True,3928983800,3928.9838,50100,3928749500,0,2900,136800,3300,0,0,,,,none,blockchain-valid_active_8,0,False,238,8,
n250-identities_c10-conc_mech-blockchain-1backend_valid-active_r30_audit-off_20260831T030051Z,obs_723c49d2716f41d38ad718a3aefe723e,2026-08-31T03:00:56.103131+00:00,blockchain,valid_active,5,10,UAV-VALID,ACCEPTED,ACCEPTED,True,3954480300,3954.4803,66900,3954143000,0,4700,206100,5400,0,0,,,,none,blockchain-valid_active_7,0,False,238,8,
n250-identities_c10-conc_mech-blockchain-1backend_valid-active_r30_audit-off_20260831T030051Z,obs_e3bd7a03f3fd4d839e554249349e3a61,2026-08-31T03:00:56.104584+00:00,blockchain,valid_active,1,10,UAV-VALID,ACCEPTED,ACCEPTED,True,3965093800,3965.0938,33400,3964812200,0,2500,180500,5800,0,0,,,,none,blockchain-valid_active_3,0,False,239,8,
n250-identities_c10-conc_mech-blockchain-1backend_valid-active_r30_audit-off_20260831T030051Z,obs_3054fa574b5e4bd892b8987a3675e37d,2026-08-31T03:00:56.106647+00:00,blockchain,valid_active,2,10,UAV-VALID,ACCEPTED,ACCEPTED,True,3954120600,3954.1206,30600,3953892600,0,2700,146100,3500,0,0,,,,none,blockchain-valid_active_4,0,False,239,8,
n250-identities_c10-conc_mech-blockchain-1backend_valid-active_r30_audit-off_20260831T030051Z,obs_8f39b3c6920843f789d474739f35b7f3,2026-08-31T03:00:56.107721+00:00,blockchain,valid_active,1,10,UAV-VALID,ACCEPTED,ACCEPTED,True,3998157800,3998.1578,37400,3997966400,0,2100,127700,2700,0,0,,,,none,blockchain-valid_active_1,0,True,240,8,
n250-identities_c10-conc_mech-blockchain-1backend_valid-active_r30_audit-off_20260831T030051Z,obs_73f3c1e1de544ce7af3d6666f75abe87,2026-08-31T03:00:56.111223+00:00,blockchain,valid_active,3,10,UAV-VALID,ACCEPTED,ACCEPTED,True,3970997800,3970.9978,24800,3970798100,0,2100,131700,2900,0,0,,,,none,blockchain-valid_active_5,0,False,238,8,
n250-identities_c10-conc_mech-blockchain-1backend_valid-active_r30_audit-off_20260831T030051Z,obs_95fe014f6301418faa77593df736b9bc,2026-08-31T03:00:56.206233+00:00,blockchain,valid_active,9,10,UAV-VALID,ACCEPTED,ACCEPTED,True,82546400,82.5464,42100,82288200,0,3200,157500,4000,0,0,,,,none,blockchain-valid_active_9,0,False,239,8,
n250-identities_c10-conc_mech-blockchain-1backend_valid-active_r30_audit-off_20260831T030051Z,obs_d08fc324a7bf4aaf80a9ad810594dd70,2026-08-31T03:00:56.209192+00:00,blockchain,valid_active,8,10,UAV-VALID,ACCEPTED,ACCEPTED,True,83965400,83.9654,31600,83605200,0,4500,220900,7800,0,0,,,,none,blockchain-valid_active_0,0,False,238,8,
n250-identities_c10-conc_mech-blockchain-1backend_valid-active_r30_audit-off_20260831T030051Z,obs_a1c659bc8f3b43a889e3201b8ff64178,2026-08-31T03:00:56.221114+00:00,blockchain,valid_active,10,10,UAV-VALID,ACCEPTED,ACCEPTED,True,88020300,88.0203,29100,87780700,0,2200,153000,3700,0,0,,,,none,blockchain-valid_active_6,0,False,240,8,
n250-identities_c10-conc_mech-blockchain-1backend_valid-active_r30_audit-off_20260831T030051Z,obs_db97d5c3eb984807bf108958fd87ff0a,2026-08-31T03:00:56.237280+00:00,blockchain,valid_active,11,10,UAV-VALID,ACCEPTED,ACCEPTED,True,104822000,104.822,43700,104565900,0,2200,158200,3200,0,0,,,,none,blockchain-valid_active_8,0,False,239,8,
n250-identities_c10-conc_mech-blockchain-1backend_valid-active_r30_audit-off_20260831T030051Z,obs_7576158bb9d94a509b6fced6c92003b0,2026-08-31T03:00:56.252597+00:00,blockchain,valid_active,14,10,UAV-VALID,ACCEPTED,ACCEPTED,True,102440200,102.4402,39600,102195100,0,2100,154100,3900,0,0,,,,none,blockchain-valid_active_4,0,False,239,8,
n250-identities_c10-conc_mech-blockchain-1backend_valid-active_r30_audit-off_20260831T030051Z,obs_4fbcaad300f54832a92c30fceb3285b0,2026-08-31T03:00:56.260399+00:00,blockchain,valid_active,12,10,UAV-VALID,ACCEPTED,ACCEPTED,True,116005400,116.0054,45600,115698600,0,5000,176800,4600,0,0,,,,none,blockchain-valid_active_7,0,False,238,8,
n250-identities_c10-conc_mech-blockchain-1backend_valid-active_r30_audit-off_20260831T030051Z,obs_8df2523fe00041f9a748dc045cebf7bd,2026-08-31T03:00:56.262907+00:00,blockchain,valid_active,0,10,UAV-VALID,ACCEPTED,ACCEPTED,True,4142960800,4142.9608,31200,4142725600,0,3500,155800,3400,0,0,,,,none,blockchain-valid_active_2,0,False,239,8,
n250-identities_c10-conc_mech-blockchain-1backend_valid-active_r30_audit-off_20260831T030051Z,obs_85deb331ae77474692049e2a0ae5ab5e,2026-08-31T03:00:56.277977+00:00,blockchain,valid_active,15,10,UAV-VALID,ACCEPTED,ACCEPTED,True,131182500,131.1825,71800,130820500,0,3000,229100,8100,0,0,,,,none,blockchain-valid_active_1,0,False,238,8,
n250-identities_c10-conc_mech-blockchain-1backend_valid-active_r30_audit-off_20260831T030051Z,obs_7f95b790de764ad4bc06a688f5abc944,2026-08-31T03:00:56.283314+00:00,blockchain,valid_active,16,10,UAV-VALID,ACCEPTED,ACCEPTED,True,116272100,116.2721,30500,116011100,0,2400,166200,4400,0,0,,,,none,blockchain-valid_active_5,0,False,238,8,
n250-identities_c10-conc_mech-blockchain-1backend_valid-active_r30_audit-off_20260831T030051Z,obs_766baab136c640b38ffc7c9e1cece664,2026-08-31T03:00:56.292477+00:00,blockchain,valid_active,13,10,UAV-VALID,ACCEPTED,ACCEPTED,True,123555300,123.5553,28100,123324100,0,2300,147500,4400,0,0,,,,none,blockchain-valid_active_3,0,False,238,8,
n250-identities_c10-conc_mech-blockchain-1backend_valid-active_r30_audit-off_20260831T030051Z,obs_597bf81a97eb4ca8a5a228ba338be1e0,2026-08-31T03:00:56.355659+00:00,blockchain,valid_active,18,10,UAV-VALID,ACCEPTED,ACCEPTED,True,86512400,86.5124,52100,86241300,0,2500,153000,5100,0,0,,,,none,blockchain-valid_active_0,0,False,238,8,
n250-identities_c10-conc_mech-blockchain-1backend_valid-active_r30_audit-off_20260831T030051Z,obs_350a92a6b5a44cdb8b899408fa222717,2026-08-31T03:00:56.371429+00:00,blockchain,valid_active,17,10,UAV-VALID,ACCEPTED,ACCEPTED,True,80894700,80.8947,37400,80461400,0,4100,289500,6600,0,0,,,,none,blockchain-valid_active_9,0,False,239,8,
n250-identities_c10-conc_mech-blockchain-1backend_valid-active_r30_audit-off_20260831T030051Z,obs_220bc97214894bca818f4da7e759e3d5,2026-08-31T03:00:56.374448+00:00,blockchain,valid_active,21,10,UAV-VALID,ACCEPTED,ACCEPTED,True,79488400,79.4884,34300,79136700,0,3900,226600,5600,0,0,,,,none,blockchain-valid_active_4,0,False,240,8,
n250-identities_c10-conc_mech-blockchain-1backend_valid-active_r30_audit-off_20260831T030051Z,obs_be33790191de45dca0b8ce1f01705343,2026-08-31T03:00:56.386801+00:00,blockchain,valid_active,22,10,UAV-VALID,ACCEPTED,ACCEPTED,True,93533100,93.5331,29200,93304400,0,2300,144700,3100,0,0,,,,none,blockchain-valid_active_7,0,False,239,8,
n250-identities_c10-conc_mech-blockchain-1backend_valid-active_r30_audit-off_20260831T030051Z,obs_ca822d9dd01d40958caa6b14ec4cfebc,2026-08-31T03:00:56.388771+00:00,blockchain,valid_active,20,10,UAV-VALID,ACCEPTED,ACCEPTED,True,115364200,115.3642,53500,115131400,0,2600,139700,2600,0,0,,,,none,blockchain-valid_active_8,0,False,240,8,
n250-identities_c10-conc_mech-blockchain-1backend_valid-active_r30_audit-off_20260831T030051Z,obs_6e3cbd5f491145658944390b74307b8f,2026-08-31T03:00:56.404179+00:00,blockchain,valid_active,19,10,UAV-VALID,ACCEPTED,ACCEPTED,True,112897200,112.8972,33100,112682600,0,2400,133300,2900,0,0,,,,none,blockchain-valid_active_6,0,False,239,8,
n250-identities_c10-conc_mech-blockchain-1backend_valid-active_r30_audit-off_20260831T030051Z,obs_68b8a171b14c4166806396f19a98751e,2026-08-31T03:00:56.405248+00:00,blockchain,valid_active,23,10,UAV-VALID,ACCEPTED,ACCEPTED,True,87460200,87.4602,41700,87263000,0,2500,120600,3000,0,0,,,,none,blockchain-valid_active_2,0,False,238,8,
n250-identities_c10-conc_mech-blockchain-1backend_valid-active_r30_audit-off_20260831T030051Z,obs_2a66717ca2c5447f9300690571410f81,2026-08-31T03:00:56.414176+00:00,blockchain,valid_active,24,10,UAV-VALID,ACCEPTED,ACCEPTED,True,78950300,78.9503,47500,78689700,0,3000,157300,3300,0,0,,,,none,blockchain-valid_active_1,0,False,238,8,
n250-identities_c10-conc_mech-blockchain-1backend_valid-active_r30_audit-off_20260831T030051Z,obs_92c2347cda634b47b33840916f303629,2026-08-31T03:00:56.416020+00:00,blockchain,valid_active,25,10,UAV-VALID,ACCEPTED,ACCEPTED,True,86190700,86.1907,30600,85975700,0,2500,138700,4100,0,0,,,,none,blockchain-valid_active_5,0,False,239,8,
n250-identities_c10-conc_mech-blockchain-1backend_valid-active_r30_audit-off_20260831T030051Z,obs_cfacf59d737447d9ae6353a6ac802bc5,2026-08-31T03:00:56.423378+00:00,blockchain,valid_active,26,10,UAV-VALID,ACCEPTED,ACCEPTED,True,83330300,83.3303,30700,82987800,0,3500,216900,6700,0,0,,,,none,blockchain-valid_active_3,0,False,240,8,
n250-identities_c10-conc_mech-blockchain-1backend_valid-active_r30_audit-off_20260831T030051Z,obs_3773b56a4bd6467e8077635c78d3a8b2,2026-08-31T03:00:56.430044+00:00,blockchain,valid_active,27,10,UAV-VALID,ACCEPTED,ACCEPTED,True,37504800,37.5048,46700,37231500,0,2400,166400,5100,0,0,,,,none,blockchain-valid_active_0,0,False,238,8,
n250-identities_c10-conc_mech-blockchain-1backend_valid-active_r30_audit-off_20260831T030051Z,obs_52219c1e9e0147fd8b5348d62da4ebea,2026-08-31T03:00:56.435686+00:00,blockchain,valid_active,29,10,UAV-VALID,ACCEPTED,ACCEPTED,True,32796700,32.7967,29700,32553000,0,2400,155800,3200,0,0,,,,none,blockchain-valid_active_4,0,False,239,8,
n250-identities_c10-conc_mech-blockchain-1backend_valid-active_r30_audit-off_20260831T030051Z,obs_efe5a38dc4214ae8b6b3fee0cb605e87,2026-08-31T03:00:56.436890+00:00,blockchain,valid_active,28,10,UAV-VALID,ACCEPTED,ACCEPTED,True,34669300,34.6693,29100,34435000,0,2300,149200,3200,0,0,,,,none,blockchain-valid_active_9,0,False,240,8,
n250-identities_c25-conc_mech-x509-1backend_valid-active_r30_audit-off_20260831T030057Z,obs_f10cb3e48c0d471cadcb5cadd5e70356,2026-08-31T03:00:57.671101+00:00,x509,valid_active,11,25,UAV-VALID,ACCEPTED,ACCEPTED,True,36616500,36.6165,24500,47300,36366500,0,129100,3400,0,0,,,,none,x509-valid_active_0,0,False,240,8,
n250-identities_c25-conc_mech-x509-1backend_valid-active_r30_audit-off_20260831T030057Z,obs_3a1b791444054c20871b3a2694396355,2026-08-31T03:00:57.636690+00:00,x509,valid_active,6,25,UAV-VALID,ACCEPTED,ACCEPTED,True,35479100,35.4791,26800,53100,35256200,0,108100,2600,0,0,,,,none,x509-valid_active_8,0,False,239,8,
n250-identities_c25-conc_mech-x509-1backend_valid-active_r30_audit-off_20260831T030057Z,obs_dfe3d9d892904fae9931d21ea56856d3,2026-08-31T03:00:57.626726+00:00,x509,valid_active,3,25,UAV-VALID,ACCEPTED,ACCEPTED,True,43871500,43.8715,36200,64500,43602000,0,128300,3300,0,0,,,,none,x509-valid_active_5,0,False,239,8,
n250-identities_c25-conc_mech-x509-1backend_valid-active_r30_audit-off_20260831T030057Z,obs_1b6b971229e04c5883c816f5ccd29960,2026-08-31T03:00:57.644414+00:00,x509,valid_active,10,25,UAV-VALID,ACCEPTED,ACCEPTED,True,24581400,24.5814,25000,58100,24319600,0,120000,3600,0,0,,,,none,x509-valid_active_12,0,False,239,8,
n250-identities_c25-conc_mech-x509-1backend_valid-active_r30_audit-off_20260831T030057Z,obs_fb0d3bd510ed41ab8dcc8e129900863f,2026-08-31T03:00:57.587238+00:00,x509,valid_active,1,25,UAV-VALID,ACCEPTED,ACCEPTED,True,37469300,37.4693,30300,83600,37166900,0,128600,2800,0,0,,,,none,x509-valid_active_1,0,True,240,8,
n250-identities_c25-conc_mech-x509-1backend_valid-active_r30_audit-off_20260831T030057Z,obs_134ac33c7ff3470c9acd74e44a37f109,2026-08-31T03:00:57.670704+00:00,x509,valid_active,1,25,UAV-VALID,ACCEPTED,ACCEPTED,True,66587300,66.5873,27300,93000,66144000,0,208800,6500,0,0,,,,none,x509-valid_active_3,0,False,238,8,
n250-identities_c25-conc_mech-x509-1backend_valid-active_r30_audit-off_20260831T030057Z,obs_02ad3f3ba81547998b981c988a14ad3b,2026-08-31T03:00:57.639813+00:00,x509,valid_active,7,25,UAV-VALID,ACCEPTED,ACCEPTED,True,40384400,40.3844,26100,67400,40053800,0,163800,5800,0,0,,,,none,x509-valid_active_9,0,False,238,8,
n250-identities_c25-conc_mech-x509-1backend_valid-active_r30_audit-off_20260831T030057Z,obs_8927411b556f44cda04046997ed03542,2026-08-31T03:00:57.633632+00:00,x509,valid_active,0,25,UAV-VALID,ACCEPTED,ACCEPTED,True,63626100,63.6261,40700,113500,63300800,0,121300,3400,0,0,,,,none,x509-valid_active_2,0,False,239,8,
n250-identities_c25-conc_mech-x509-1backend_valid-active_r30_audit-off_20260831T030057Z,obs_8b904b374f9b4c34927ebe8564d0788c,2026-08-31T03:00:57.615833+00:00,x509,valid_active,2,25,UAV-VALID,ACCEPTED,ACCEPTED,True,61639300,61.6393,68400,67400,61340200,0,144900,3100,0,0,,,,none,x509-valid_active_4,0,False,239,8,
n250-identities_c25-conc_mech-x509-1backend_valid-active_r30_audit-off_20260831T030057Z,obs_1e77a4d4e27b4ede925683d6de6c57f8,2026-08-31T03:00:57.572849+00:00,x509,valid_active,0,25,UAV-VALID,ACCEPTED,ACCEPTED,True,39922200,39.9222,44500,80200,39599900,0,147200,3800,0,0,,,,none,x509-valid_active_0,0,True,240,8,
n250-identities_c25-conc_mech-x509-1backend_valid-active_r30_audit-off_20260831T030057Z,obs_c99cba6f493c40a787e70bdaa99bec36,2026-08-31T03:00:57.674705+00:00,x509,valid_active,4,25,UAV-VALID,ACCEPTED,ACCEPTED,True,93786300,93.7863,29200,81400,93502100,0,124700,3100,0,0,,,,none,x509-valid_active_6,0,False,239,8,
n250-identities_c25-conc_mech-x509-1backend_valid-active_r30_audit-off_20260831T030057Z,obs_af6d76461bed4d7cae740854a4acaaf8,2026-08-31T03:00:57.677120+00:00,x509,valid_active,5,25,UAV-VALID,ACCEPTED,ACCEPTED,True,51351100,51.3511,32700,85600,51067700,0,127900,3100,0,0,,,,none,x509-valid_active_7,0,False,240,8,
n250-identities_c25-conc_mech-x509-1backend_valid-active_r30_audit-off_20260831T030057Z,obs_1ab50f2d36d742d59835e4084b5f843b,2026-08-31T03:00:57.680195+00:00,x509,valid_active,12,25,UAV-VALID,ACCEPTED,ACCEPTED,True,49094000,49.094,26000,69900,48780900,0,146600,4100,0,0,,,,none,x509-valid_active_13,0,False,240,8,
n250-identities_c25-conc_mech-x509-1backend_valid-active_r30_audit-off_20260831T030057Z,obs_3aa1720796e14d79bc08b672a17473cb,2026-08-31T03:00:57.682695+00:00,x509,valid_active,8,25,UAV-VALID,ACCEPTED,ACCEPTED,True,65912000,65.912,32500,128300,65527200,0,167500,4000,0,0,,,,none,x509-valid_active_10,0,False,238,8,
n250-identities_c25-conc_mech-x509-1backend_valid-active_r30_audit-off_20260831T030057Z,obs_a38fbc99ac394375a61cbeb0b295b799,2026-08-31T03:00:57.691918+00:00,x509,valid_active,17,25,UAV-VALID,ACCEPTED,ACCEPTED,True,37760200,37.7602,32400,91700,37431200,0,135300,3800,0,0,,,,none,x509-valid_active_17,0,False,239,8,
n250-identities_c25-conc_mech-x509-1backend_valid-active_r30_audit-off_20260831T030057Z,obs_4a32da1ed9e346688e603576a6b8d686,2026-08-31T03:00:57.694017+00:00,x509,valid_active,9,25,UAV-VALID,ACCEPTED,ACCEPTED,True,65769800,65.7698,24500,70500,65479600,0,138000,3400,0,0,,,,none,x509-valid_active_11,0,False,238,8,
n250-identities_c25-conc_mech-x509-1backend_valid-active_r30_audit-off_20260831T030057Z,obs_63169cae4df44961935430e25552e279,2026-08-31T03:00:57.695753+00:00,x509,valid_active,20,25,UAV-VALID,ACCEPTED,ACCEPTED,True,51825500,51.8255,19800,50700,51580500,0,122300,3000,0,0,,,,none,x509-valid_active_4,0,False,239,8,
n250-identities_c25-conc_mech-x509-1backend_valid-active_r30_audit-off_20260831T030057Z,obs_fe0411595d214ebd95cfe94d0bdbb3f4,2026-08-31T03:00:57.696622+00:00,x509,valid_active,15,25,UAV-VALID,ACCEPTED,ACCEPTED,True,46603300,46.6033,23300,64700,46329100,0,133900,3100,0,0,,,,none,x509-valid_active_16,0,False,239,8,
n250-identities_c25-conc_mech-x509-1backend_valid-active_r30_audit-off_20260831T030057Z,obs_09e2e0c2caa2417b8fdbbbdfddfae34d,2026-08-31T03:00:57.698753+00:00,x509,valid_active,14,25,UAV-VALID,ACCEPTED,ACCEPTED,True,46606400,46.6064,25700,63500,46345300,0,121400,3100,0,0,,,,none,x509-valid_active_15,0,False,239,8,
n250-identities_c25-conc_mech-x509-1backend_valid-active_r30_audit-off_20260831T030057Z,obs_fd81dc1fd73f4060aa9c16a214727c34,2026-08-31T03:00:57.706179+00:00,x509,valid_active,19,25,UAV-VALID,ACCEPTED,ACCEPTED,True,39114900,39.1149,27400,58200,38794800,0,171000,4900,0,0,,,,none,x509-valid_active_19,0,False,238,8,
n250-identities_c25-conc_mech-x509-1backend_valid-active_r30_audit-off_20260831T030057Z,obs_1f99829f8c294960ba64ea441f2b34d3,2026-08-31T03:00:57.706731+00:00,x509,valid_active,13,25,UAV-VALID,ACCEPTED,ACCEPTED,True,40858000,40.858,23700,67500,40480300,0,200700,5100,0,0,,,,none,x509-valid_active_14,0,False,239,8,
n250-identities_c25-conc_mech-x509-1backend_valid-active_r30_audit-off_20260831T030057Z,obs_d82a0508610342be90516bad23c20f2f,2026-08-31T03:00:57.711338+00:00,x509,valid_active,16,25,UAV-VALID,ACCEPTED,ACCEPTED,True,44643800,44.6438,27900,52400,44371200,0,140400,3800,0,0,,,,none,x509-valid_active_1,0,False,239,8,
n250-identities_c25-conc_mech-x509-1backend_valid-active_r30_audit-off_20260831T030057Z,obs_dbb1e71543ae4c35bb5ddb968e34e2b9,2026-08-31T03:00:57.716151+00:00,x509,valid_active,21,25,UAV-VALID,ACCEPTED,ACCEPTED,True,20926500,20.9265,19900,86400,20523700,0,194400,5200,0,0,,,,none,x509-valid_active_20,0,False,239,8,
n250-identities_c25-conc_mech-x509-1backend_valid-active_r30_audit-off_20260831T030057Z,obs_a43b4994ee454446b692e3946284e1f4,2026-08-31T03:00:57.717798+00:00,x509,valid_active,26,25,UAV-VALID,ACCEPTED,ACCEPTED,True,19666600,19.6666,32900,44800,19357400,0,173800,4300,0,0,,,,none,x509-valid_active_9,0,False,240,8,
n250-identities_c25-conc_mech-x509-1backend_valid-active_r30_audit-off_20260831T030057Z,obs_e025a7b38abe41079be1e9d21f7335e1,2026-08-31T03:00:57.719011+00:00,x509,valid_active,18,25,UAV-VALID,ACCEPTED,ACCEPTED,True,10708800,10.7088,23700,67800,10380300,0,170200,3800,0,0,,,,none,x509-valid_active_18,0,False,239,8,
n250-identities_c25-conc_mech-x509-1backend_valid-active_r30_audit-off_20260831T030057Z,obs_9c9dcc176f0f42e8bf486ec52d33c236,2026-08-31T03:00:57.719906+00:00,x509,valid_active,22,25,UAV-VALID,ACCEPTED,ACCEPTED,True,14636100,14.6361,22400,74400,14366600,0,117100,2400,0,0,,,,none,x509-valid_active_5,0,False,239,8,
n250-identities_c25-conc_mech-x509-1backend_valid-active_r30_audit-off_20260831T030057Z,obs_f94bf3cdff6d472191df674b21d79ec3,2026-08-31T03:00:57.720945+00:00,x509,valid_active,24,25,UAV-VALID,ACCEPTED,ACCEPTED,True,21967100,21.9671,50900,53000,21736000,0,116500,2900,0,0,,,,none,x509-valid_active_21,0,False,239,8,
n250-identities_c25-conc_mech-x509-1backend_valid-active_r30_audit-off_20260831T030057Z,obs_53965d2cfe0a47429795c1d9abc90ff2,2026-08-31T03:00:57.721387+00:00,x509,valid_active,25,25,UAV-VALID,ACCEPTED,ACCEPTED,True,13609600,13.6096,75700,93800,13249300,0,164700,3900,0,0,,,,none,x509-valid_active_8,0,False,239,8,
n250-identities_c25-conc_mech-x509-1backend_valid-active_r30_audit-off_20260831T030057Z,obs_fd5718265ddc49a1a80c29085d61bff8,2026-08-31T03:00:57.722480+00:00,x509,valid_active,27,25,UAV-VALID,ACCEPTED,ACCEPTED,True,8961600,8.9616,28200,48200,8745700,0,103600,2200,0,0,,,,none,x509-valid_active_12,0,False,240,8,
n250-identities_c25-conc_mech-x509-1backend_valid-active_r30_audit-off_20260831T030057Z,obs_61cd3571f3124debb28657a99fa03305,2026-08-31T03:00:57.723468+00:00,x509,valid_active,23,25,UAV-VALID,ACCEPTED,ACCEPTED,True,26155100,26.1551,21700,53600,25913600,0,117800,2600,0,0,,,,none,x509-valid_active_2,0,False,239,8,
n250-identities_c25-conc_mech-x509-1backend_valid-active_r30_audit-off_20260831T030057Z,obs_fa7a59a6f70346d4ae7a71888a7a15ff,2026-08-31T03:00:57.723832+00:00,x509,valid_active,28,25,UAV-VALID,ACCEPTED,ACCEPTED,True,7377300,7.3773,23500,131500,7049000,0,115800,2300,0,0,,,,none,x509-valid_active_22,0,False,239,8,
n250-identities_c25-conc_mech-x509-1backend_valid-active_r30_audit-off_20260831T030057Z,obs_acf9b43ff1cf4332bfb31f5cae51a25d,2026-08-31T03:00:57.724066+00:00,x509,valid_active,29,25,UAV-VALID,ACCEPTED,ACCEPTED,True,2472400,2.4724,26100,45800,2273900,0,98500,1900,0,0,,,,none,x509-valid_active_3,0,False,238,8,
n250-identities_c25-conc_mech-blockchain-1backend_valid-active_r30_audit-off_20260831T030058Z,obs_8ee4fd7261024703974ccc76a876f9ab,2026-08-31T03:00:58.697250+00:00,blockchain,valid_active,0,25,UAV-VALID,ACCEPTED,ACCEPTED,True,64078100,64.0781,29900,63765400,0,5500,180900,4500,0,0,,,,none,blockchain-valid_active_0,0,True,238,8,
n250-identities_c25-conc_mech-blockchain-1backend_valid-active_r30_audit-off_20260831T030058Z,obs_de5893d6b7744d07a412b911099bc35c,2026-08-31T03:00:58.802218+00:00,blockchain,valid_active,1,25,UAV-VALID,ACCEPTED,ACCEPTED,True,140057100,140.0571,42600,139707900,0,3600,210200,4100,0,0,,,,none,blockchain-valid_active_3,0,False,240,8,
n250-identities_c25-conc_mech-blockchain-1backend_valid-active_r30_audit-off_20260831T030058Z,obs_3539c35337ab4649baf95d633ba848ea,2026-08-31T03:00:58.826410+00:00,blockchain,valid_active,1,25,UAV-VALID,ACCEPTED,ACCEPTED,True,167414400,167.4144,30600,167104200,0,4800,182600,4400,0,0,,,,none,blockchain-valid_active_1,0,True,240,8,
n250-identities_c25-conc_mech-blockchain-1backend_valid-active_r30_audit-off_20260831T030058Z,obs_871dbf0589854678bd72954a7cc83a19,2026-08-31T03:00:58.908613+00:00,blockchain,valid_active,3,25,UAV-VALID,ACCEPTED,ACCEPTED,True,229418700,229.4187,41700,229132200,0,3800,174400,4400,0,0,,,,none,blockchain-valid_active_5,0,False,240,8,
n250-identities_c25-conc_mech-blockchain-1backend_valid-active_r30_audit-off_20260831T030058Z,obs_8cb44f1303b94053b54e2ae0ec393a51,2026-08-31T03:00:58.920824+00:00,blockchain,valid_active,4,25,UAV-VALID,ACCEPTED,ACCEPTED,True,217006200,217.0062,28200,216740000,0,3400,172200,3900,0,0,,,,none,blockchain-valid_active_6,0,False,240,8,
n250-identities_c25-conc_mech-blockchain-1backend_valid-active_r30_audit-off_20260831T030058Z,obs_04da4ff2b39c4d5c8ee312834c7f4ad0,2026-08-31T03:00:58.925012+00:00,blockchain,valid_active,0,25,UAV-VALID,ACCEPTED,ACCEPTED,True,271463800,271.4638,38800,271208800,0,2900,157000,3400,0,0,,,,none,blockchain-valid_active_2,0,False,239,8,
n250-identities_c25-conc_mech-blockchain-1backend_valid-active_r30_audit-off_20260831T030058Z,obs_1126b1018308488a99c5ff993fbe072e,2026-08-31T03:00:58.937055+00:00,blockchain,valid_active,5,25,UAV-VALID,ACCEPTED,ACCEPTED,True,247976800,247.9768,32700,247694200,0,3000,181800,4500,0,0,,,,none,blockchain-valid_active_7,0,False,239,8,
n250-identities_c25-conc_mech-blockchain-1backend_valid-active_r30_audit-off_20260831T030058Z,obs_88fd997299694f7b9bb5fed73d73084a,2026-08-31T03:00:58.940841+00:00,blockchain,valid_active,8,25,UAV-VALID,ACCEPTED,ACCEPTED,True,230905800,230.9058,32100,230638400,0,2700,157300,3600,0,0,,,,none,blockchain-valid_active_10,0,False,240,8,
n250-identities_c25-conc_mech-blockchain-1backend_valid-active_r30_audit-off_20260831T030058Z,obs_25088b5aade349cba3e584457e5d26d0,2026-08-31T03:00:58.970320+00:00,blockchain,valid_active,9,25,UAV-VALID,ACCEPTED,ACCEPTED,True,247613900,247.6139,38200,247355300,0,3200,159300,4300,0,0,,,,none,blockchain-valid_active_11,0,False,240,8,
n250-identities_c25-conc_mech-blockchain-1backend_valid-active_r30_audit-off_20260831T030058Z,obs_176d70090cd4419eb457411658eafbd2,2026-08-31T03:00:58.971498+00:00,blockchain,valid_active,11,25,UAV-VALID,ACCEPTED,ACCEPTED,True,213122700,213.1227,58600,212888900,0,2300,135700,3100,0,0,,,,none,blockchain-valid_active_13,0,False,240,8,
n250-identities_c25-conc_mech-blockchain-1backend_valid-active_r30_audit-off_20260831T030058Z,obs_79ffb70da32f44e985b376cdb4a4fb30,2026-08-31T03:00:58.974927+00:00,blockchain,valid_active,10,25,UAV-VALID,ACCEPTED,ACCEPTED,True,234270900,234.2709,32400,234008700,0,2700,163300,4300,0,0,,,,none,blockchain-valid_active_12,0,False,238,8,
n250-identities_c25-conc_mech-blockchain-1backend_valid-active_r30_audit-off_20260831T030058Z,obs_2eb38610e11b4e0ca2d97dbcd26a9403,2026-08-31T03:00:58.993045+00:00,blockchain,valid_active,2,25,UAV-VALID,ACCEPTED,ACCEPTED,True,321064600,321.0646,38600,320808600,0,3700,156100,3600,0,0,,,,none,blockchain-valid_active_4,0,False,240,8,
n250-identities_c25-conc_mech-blockchain-1backend_valid-active_r30_audit-off_20260831T030058Z,obs_551485bc962e47e79226754b80bf2852,2026-08-31T03:00:58.994686+00:00,blockchain,valid_active,6,25,UAV-VALID,ACCEPTED,ACCEPTED,True,281117900,281.1179,67100,280846500,0,3000,156000,4500,0,0,,,,none,blockchain-valid_active_8,0,False,240,8,
n250-identities_c25-conc_mech-blockchain-1backend_valid-active_r30_audit-off_20260831T030058Z,obs_ff21048c31ce49239f630ae387486f9b,2026-08-31T03:00:58.997347+00:00,blockchain,valid_active,12,25,UAV-VALID,ACCEPTED,ACCEPTED,True,218148700,218.1487,39900,217858300,0,4000,181100,4900,0,0,,,,none,blockchain-valid_active_0,0,False,240,8,
n250-identities_c25-conc_mech-blockchain-1backend_valid-active_r30_audit-off_20260831T030058Z,obs_3686c1ba64ac4f6bba1e9275474ed29a,2026-08-31T03:00:59.039937+00:00,blockchain,valid_active,7,25,UAV-VALID,ACCEPTED,ACCEPTED,True,315051000,315.051,32600,314800600,0,3200,157000,3700,0,0,,,,none,blockchain-valid_active_9,0,False,239,8,
n250-identities_c25-conc_mech-blockchain-1backend_valid-active_r30_audit-off_20260831T030058Z,obs_56d0a268427e4d1bb0d3b0467e7a4a4a,2026-08-31T03:00:59.045867+00:00,blockchain,valid_active,14,25,UAV-VALID,ACCEPTED,ACCEPTED,True,273846600,273.8466,34800,273499500,0,4100,188600,4800,0,0,,,,none,blockchain-valid_active_15,0,False,238,8,
n250-identities_c25-conc_mech-blockchain-1backend_valid-active_r30_audit-off_20260831T030058Z,obs_f7cb1622c7b94acf9dd70baac4c28ba5,2026-08-31T03:00:59.054861+00:00,blockchain,valid_active,13,25,UAV-VALID,ACCEPTED,ACCEPTED,True,236850300,236.8503,32700,236579900,0,2900,170900,3700,0,0,,,,none,blockchain-valid_active_14,0,False,239,8,
n250-identities_c25-conc_mech-blockchain-1backend_valid-active_r30_audit-off_20260831T030058Z,obs_7a0f167ee5d64d0c90982103916b88dc,2026-08-31T03:00:59.061050+00:00,blockchain,valid_active,19,25,UAV-VALID,ACCEPTED,ACCEPTED,True,232269200,232.2692,42100,231885000,0,5200,235500,7300,0,0,,,,none,blockchain-valid_active_20,0,False,239,8,
n250-identities_c25-conc_mech-blockchain-1backend_valid-active_r30_audit-off_20260831T030058Z,obs_2533e69e3ba2491cb7fa732a4875e3c3,2026-08-31T03:00:59.063438+00:00,blockchain,valid_active,16,25,UAV-VALID,ACCEPTED,ACCEPTED,True,250832400,250.8324,46500,250471200,0,4800,221400,6100,0,0,,,,none,blockchain-valid_active_17,0,False,240,8,
n250-identities_c25-conc_mech-blockchain-1backend_valid-active_r30_audit-off_20260831T030058Z,obs_0b2280610be74c6b83a94ff1a1f2b2a1,2026-08-31T03:00:59.068371+00:00,blockchain,valid_active,18,25,UAV-VALID,ACCEPTED,ACCEPTED,True,200515700,200.5157,67400,200129400,0,4200,222600,6800,0,0,,,,none,blockchain-valid_active_19,0,False,239,8,
n250-identities_c25-conc_mech-blockchain-1backend_valid-active_r30_audit-off_20260831T030058Z,obs_521b6406e6964041aed4d1706ae7a681,2026-08-31T03:00:59.071858+00:00,blockchain,valid_active,15,25,UAV-VALID,ACCEPTED,ACCEPTED,True,250186700,250.1867,52700,249790400,0,5700,243400,7200,0,0,,,,none,blockchain-valid_active_16,0,False,240,8,
n250-identities_c25-conc_mech-blockchain-1backend_valid-active_r30_audit-off_20260831T030058Z,obs_211526255326498e96ec823af0339e0a,2026-08-31T03:00:59.078123+00:00,blockchain,valid_active,23,25,UAV-VALID,ACCEPTED,ACCEPTED,True,194803000,194.803,49800,194365500,0,5200,246600,7100,0,0,,,,none,blockchain-valid_active_24,0,False,238,8,
n250-identities_c25-conc_mech-blockchain-1backend_valid-active_r30_audit-off_20260831T030058Z,obs_b2bfa511c2e346da8f6849652182ea1f,2026-08-31T03:00:59.082934+00:00,blockchain,valid_active,20,25,UAV-VALID,ACCEPTED,ACCEPTED,True,240159200,240.1592,40600,239802700,0,5600,220600,5700,0,0,,,,none,blockchain-valid_active_21,0,False,240,8,
n250-identities_c25-conc_mech-blockchain-1backend_valid-active_r30_audit-off_20260831T030058Z,obs_b68be7e6d01947639411831cef052919,2026-08-31T03:00:59.091976+00:00,blockchain,valid_active,21,25,UAV-VALID,ACCEPTED,ACCEPTED,True,216966100,216.9661,41800,216627200,0,4900,201500,6400,0,0,,,,none,blockchain-valid_active_22,0,False,239,8,
n250-identities_c25-conc_mech-blockchain-1backend_valid-active_r30_audit-off_20260831T030058Z,obs_d09e65c3e072496abce11d4247a00f92,2026-08-31T03:00:59.103310+00:00,blockchain,valid_active,22,25,UAV-VALID,ACCEPTED,ACCEPTED,True,210852600,210.8526,50800,210533200,0,3400,195700,5200,0,0,,,,none,blockchain-valid_active_23,0,False,240,8,
n250-identities_c25-conc_mech-blockchain-1backend_valid-active_r30_audit-off_20260831T030058Z,obs_1ef6ca77a8284c6bb29f975ad3fe2490,2026-08-31T03:00:59.105169+00:00,blockchain,valid_active,24,25,UAV-VALID,ACCEPTED,ACCEPTED,True,195478900,195.4789,25500,195190700,0,3800,190700,4300,0,0,,,,none,blockchain-valid_active_3,0,False,239,8,
n250-identities_c25-conc_mech-blockchain-1backend_valid-active_r30_audit-off_20260831T030058Z,obs_ffa094f8fe0d44878a05eedce829e8e8,2026-08-31T03:00:59.114765+00:00,blockchain,valid_active,29,25,UAV-VALID,ACCEPTED,ACCEPTED,True,109819500,109.8195,63700,109383700,0,4800,241000,7800,0,0,,,,none,blockchain-valid_active_7,0,False,239,8,
n250-identities_c25-conc_mech-blockchain-1backend_valid-active_r30_audit-off_20260831T030058Z,obs_be89d62d38af4b2e9218199bbf62d590,2026-08-31T03:00:59.121789+00:00,blockchain,valid_active,17,25,UAV-VALID,ACCEPTED,ACCEPTED,True,218492600,218.4926,34700,218177000,0,4400,188100,5800,0,0,,,,none,blockchain-valid_active_18,0,False,238,8,
n250-identities_c25-conc_mech-blockchain-1backend_valid-active_r30_audit-off_20260831T030058Z,obs_ca7b966656584c33addd5b6dd5b9d62b,2026-08-31T03:00:59.123261+00:00,blockchain,valid_active,25,25,UAV-VALID,ACCEPTED,ACCEPTED,True,192022500,192.0225,32600,191740300,0,4500,171300,5300,0,0,,,,none,blockchain-valid_active_1,0,False,238,8,
n250-identities_c25-conc_mech-blockchain-1backend_valid-active_r30_audit-off_20260831T030058Z,obs_c94d6c388c25425c8febc311757ca35d,2026-08-31T03:00:59.151215+00:00,blockchain,valid_active,26,25,UAV-VALID,ACCEPTED,ACCEPTED,True,174593000,174.593,51700,174227200,0,3900,226700,5900,0,0,,,,none,blockchain-valid_active_5,0,False,239,8,
n250-identities_c25-conc_mech-blockchain-1backend_valid-active_r30_audit-off_20260831T030058Z,obs_4cbec1e211b8458e805fb53f21d401ea,2026-08-31T03:00:59.163463+00:00,blockchain,valid_active,27,25,UAV-VALID,ACCEPTED,ACCEPTED,True,148885300,148.8853,60800,148361200,0,5100,257600,8400,0,0,,,,none,blockchain-valid_active_6,0,False,240,8,
n250-identities_c25-conc_mech-blockchain-1backend_valid-active_r30_audit-off_20260831T030058Z,obs_f836879c84ef4cf2b2d6b308175427f0,2026-08-31T03:00:59.165188+00:00,blockchain,valid_active,28,25,UAV-VALID,ACCEPTED,ACCEPTED,True,132201400,132.2014,35200,131838900,0,3900,225500,5800,0,0,,,,none,blockchain-valid_active_2,0,False,240,8,
n250-identities_c50-conc_mech-x509-1backend_valid-active_r30_audit-off_20260831T030100Z,obs_417b2d6ec50b451b81d3f0831e59e762,2026-08-31T03:01:00.388878+00:00,x509,valid_active,0,50,UAV-VALID,ACCEPTED,ACCEPTED,True,33403400,33.4034,51000,120300,33008000,0,157700,3600,0,0,,,,none,x509-valid_active_2,0,False,239,8,
n250-identities_c50-conc_mech-x509-1backend_valid-active_r30_audit-off_20260831T030100Z,obs_9244ebeb058a48d299cb1853b5c55f81,2026-08-31T03:01:00.405517+00:00,x509,valid_active,0,50,UAV-VALID,ACCEPTED,ACCEPTED,True,56684400,56.6844,36200,85600,56382900,0,132600,3800,0,0,,,,none,x509-valid_active_0,0,True,239,8,
n250-identities_c50-conc_mech-x509-1backend_valid-active_r30_audit-off_20260831T030100Z,obs_b0f2e5cda80e42708a855343ed611249,2026-08-31T03:01:00.454691+00:00,x509,valid_active,1,50,UAV-VALID,ACCEPTED,ACCEPTED,True,75013300,75.0133,32900,62500,74774900,0,106100,2900,0,0,,,,none,x509-valid_active_3,0,False,239,8,
n250-identities_c50-conc_mech-x509-1backend_valid-active_r30_audit-off_20260831T030100Z,obs_e71b3132662647e58f5c54e6c853768d,2026-08-31T03:01:00.417247+00:00,x509,valid_active,2,50,UAV-VALID,ACCEPTED,ACCEPTED,True,44477800,44.4778,30000,67000,43980800,0,269100,7400,0,0,,,,none,x509-valid_active_4,0,False,240,8,
n250-identities_c50-conc_mech-x509-1backend_valid-active_r30_audit-off_20260831T030100Z,obs_13fb3b32579748a2bf000ee071683e51,2026-08-31T03:01:00.378136+00:00,x509,valid_active,1,50,UAV-VALID,ACCEPTED,ACCEPTED,True,25397400,25.3974,27900,74000,25119000,0,126000,3300,0,0,,,,none,x509-valid_active_1,0,True,240,8,
n250-identities_c50-conc_mech-x509-1backend_valid-active_r30_audit-off_20260831T030100Z,obs_cae9116d0ffe49fdb66e422d9e89d196,2026-08-31T03:01:00.437584+00:00,x509,valid_active,3,50,UAV-VALID,ACCEPTED,ACCEPTED,True,58847400,58.8474,18600,66400,58543400,0,155400,4000,0,0,,,,none,x509-valid_active_5,0,False,240,8,
n250-identities_c50-conc_mech-x509-1backend_valid-active_r30_audit-off_20260831T030100Z,obs_6279e5fc97d74d958cbaa5310d354155,2026-08-31T03:01:00.404593+00:00,x509,valid_active,4,50,UAV-VALID,ACCEPTED,ACCEPTED,True,27637000,27.637,28000,74500,27310000,0,158300,3900,0,0,,,,none,x509-valid_active_6,0,False,239,8,
n250-identities_c50-conc_mech-x509-1backend_valid-active_r30_audit-off_20260831T030100Z,obs_3e98b17010364a8e9313343141f72fce,2026-08-31T03:01:00.455670+00:00,x509,valid_active,5,50,UAV-VALID,ACCEPTED,ACCEPTED,True,49501900,49.5019,24400,68200,49255300,0,105800,2800,0,0,,,,none,x509-valid_active_7,0,False,239,8,
n250-identities_c50-conc_mech-x509-1backend_valid-active_r30_audit-off_20260831T030100Z,obs_a78fd673bdc8430d9fc9c8d5395452bc,2026-08-31T03:01:00.469343+00:00,x509,valid_active,8,50,UAV-VALID,ACCEPTED,ACCEPTED,True,40403600,40.4036,25000,70600,40032800,0,190300,4100,0,0,,,,none,x509-valid_active_10,0,False,238,8,
n250-identities_c50-conc_mech-x509-1backend_valid-active_r30_audit-off_20260831T030100Z,obs_b21f74d5fa3a4311a87f0e037e43bbda,2026-08-31T03:01:00.477039+00:00,x509,valid_active,7,50,UAV-VALID,ACCEPTED,ACCEPTED,True,65636200,65.6362,32200,82100,65301800,0,153700,3900,0,0,,,,none,x509-valid_active_9,0,False,239,8,
n250-identities_c50-conc_mech-x509-1backend_valid-active_r30_audit-off_20260831T030100Z,obs_84437cdf88134eb5b152f8c648dd34ce,2026-08-31T03:01:00.488618+00:00,x509,valid_active,6,50,UAV-VALID,ACCEPTED,ACCEPTED,True,76096700,76.0967,26100,65700,75814800,0,126800,3100,0,0,,,,none,x509-valid_active_8,0,False,238,8,
n250-identities_c50-conc_mech-x509-1backend_valid-active_r30_audit-off_20260831T030100Z,obs_1a4897abd27f4e2d8e971a7ba3f98dcd,2026-08-31T03:01:00.492212+00:00,x509,valid_active,11,50,UAV-VALID,ACCEPTED,ACCEPTED,True,89897000,89.897,30200,77400,89596800,0,134300,3700,0,0,,,,none,x509-valid_active_13,0,False,239,8,
n250-identities_c50-conc_mech-x509-1backend_valid-active_r30_audit-off_20260831T030100Z,obs_d77b2d2353bf43f9a66456120a4bff18,2026-08-31T03:01:00.498134+00:00,x509,valid_active,14,50,UAV-VALID,ACCEPTED,ACCEPTED,True,44244700,44.2447,21800,60300,43950200,0,139800,3100,0,0,,,,none,x509-valid_active_2,0,False,238,8,
n250-identities_c50-conc_mech-x509-1backend_valid-active_r30_audit-off_20260831T030100Z,obs_db60d3b3e5004f96b2dc532731925acd,2026-08-31T03:01:00.501000+00:00,x509,valid_active,9,50,UAV-VALID,ACCEPTED,ACCEPTED,True,79445300,79.4453,30700,79500,79178500,0,117200,3200,0,0,,,,none,x509-valid_active_11,0,False,240,8,
n250-identities_c50-conc_mech-x509-1backend_valid-active_r30_audit-off_20260831T030100Z,obs_e5abadbae883413faa94f22362327759,2026-08-31T03:01:00.503572+00:00,x509,valid_active,10,50,UAV-VALID,ACCEPTED,ACCEPTED,True,64278600,64.2786,30700,62300,64016400,0,123600,2600,0,0,,,,none,x509-valid_active_12,0,False,240,8,
n250-identities_c50-conc_mech-x509-1backend_valid-active_r30_audit-off_20260831T030100Z,obs_9f3962afe987428ea2cc06b043780fa7,2026-08-31T03:01:00.504695+00:00,x509,valid_active,13,50,UAV-VALID,ACCEPTED,ACCEPTED,True,72326900,72.3269,30900,119100,71968000,0,128300,3000,0,0,,,,none,x509-valid_active_14,0,False,238,8,
n250-identities_c50-conc_mech-x509-1backend_valid-active_r30_audit-off_20260831T030100Z,obs_ece3657a4dd64ae5a74c4ca7553e183b,2026-08-31T03:01:00.507135+00:00,x509,valid_active,15,50,UAV-VALID,ACCEPTED,ACCEPTED,True,55733600,55.7336,25900,60700,55481800,0,113300,2900,0,0,,,,none,x509-valid_active_15,0,False,240,8,
n250-identities_c50-conc_mech-x509-1backend_valid-active_r30_audit-off_20260831T030100Z,obs_edf0b7bc768e4e239dfdcf3affb8bcfe,2026-08-31T03:01:00.507511+00:00,x509,valid_active,18,50,UAV-VALID,ACCEPTED,ACCEPTED,True,36884300,36.8843,25400,50400,36651200,0,105800,2400,0,0,,,,none,x509-valid_active_0,0,False,239,8,
n250-identities_c50-conc_mech-x509-1backend_valid-active_r30_audit-off_20260831T030100Z,obs_211c4e9d075d4585885172760559e828,2026-08-31T03:01:00.507987+00:00,x509,valid_active,17,50,UAV-VALID,ACCEPTED,ACCEPTED,True,48180000,48.18,34000,61600,47933700,0,116400,2900,0,0,,,,none,x509-valid_active_6,0,False,239,8,
n250-identities_c50-conc_mech-x509-1backend_valid-active_r30_audit-off_20260831T030100Z,obs_27203bf1d51e4db7909977a185c428f5,2026-08-31T03:01:00.508711+00:00,x509,valid_active,19,50,UAV-VALID,ACCEPTED,ACCEPTED,True,20860500,20.8605,27600,106600,20542400,0,109200,2400,0,0,,,,none,x509-valid_active_17,0,False,239,8,
n250-identities_c50-conc_mech-x509-1backend_valid-active_r30_audit-off_20260831T030100Z,obs_0804269300624b2d9c7364dc6e91c8bc,2026-08-31T03:01:00.508999+00:00,x509,valid_active,16,50,UAV-VALID,ACCEPTED,ACCEPTED,True,48667500,48.6675,21800,57100,48444800,0,108600,2000,0,0,,,,none,x509-valid_active_16,0,False,239,8,
n250-identities_c50-conc_mech-x509-1backend_valid-active_r30_audit-off_20260831T030100Z,obs_2d2f47440fcc4e358181881f3ff558fd,2026-08-31T03:01:00.514082+00:00,x509,valid_active,12,50,UAV-VALID,ACCEPTED,ACCEPTED,True,59870300,59.8703,27900,40300,59599200,0,149200,4100,0,0,,,,none,x509-valid_active_1,0,False,239,8,
n250-identities_c50-conc_mech-x509-1backend_valid-active_r30_audit-off_20260831T030100Z,obs_c8f0947a3ccc4801ad6d1852c399c627,2026-08-31T03:01:00.520468+00:00,x509,valid_active,21,50,UAV-VALID,ACCEPTED,ACCEPTED,True,15039600,15.0396,29400,72600,14764400,0,121400,3700,0,0,,,,none,x509-valid_active_18,0,False,239,8,
n250-identities_c50-conc_mech-x509-1backend_valid-active_r30_audit-off_20260831T030100Z,obs_1adeff1c3f1c4a5fbe8bd621c7164ada,2026-08-31T03:01:00.521216+00:00,x509,valid_active,23,50,UAV-VALID,ACCEPTED,ACCEPTED,True,11670300,11.6703,40000,55100,11409200,0,129400,3500,0,0,,,,none,x509-valid_active_20,0,False,239,8,
n250-identities_c50-conc_mech-x509-1backend_valid-active_r30_audit-off_20260831T030100Z,obs_025fbcd4a8064d6e802c798ce55d9ab9,2026-08-31T03:01:00.521593+00:00,x509,valid_active,20,50,UAV-VALID,ACCEPTED,ACCEPTED,True,8628200,8.6282,37100,69200,8350100,0,133400,3400,0,0,,,,none,x509-valid_active_4,0,False,239,8,
n250-identities_c50-conc_mech-x509-1backend_valid-active_r30_audit-off_20260831T030100Z,obs_15e3d155bd0c4cf69692a7281ca979f9,2026-08-31T03:01:00.522753+00:00,x509,valid_active,24,50,UAV-VALID,ACCEPTED,ACCEPTED,True,14552900,14.5529,55600,43000,14321400,0,120600,3500,0,0,,,,none,x509-valid_active_5,0,False,239,8,
n250-identities_c50-conc_mech-x509-1backend_valid-active_r30_audit-off_20260831T030100Z,obs_29801b577c0f4a1cb8fb83c85a4ac2bd,2026-08-31T03:01:00.524178+00:00,x509,valid_active,26,50,UAV-VALID,ACCEPTED,ACCEPTED,True,21123100,21.1231,21400,60600,20860200,0,123400,3500,0,0,,,,none,x509-valid_active_22,0,False,239,8,
n250-identities_c50-conc_mech-x509-1backend_valid-active_r30_audit-off_20260831T030100Z,obs_cab9a01069274155a9c855fef041e4b1,2026-08-31T03:01:00.524521+00:00,x509,valid_active,22,50,UAV-VALID,ACCEPTED,ACCEPTED,True,9918200,9.9182,48000,75600,9664600,0,110200,2200,0,0,,,,none,x509-valid_active_19,0,False,239,8,
n250-identities_c50-conc_mech-x509-1backend_valid-active_r30_audit-off_20260831T030100Z,obs_62e35afcf779434a9645444c44f9b895,2026-08-31T03:01:00.525000+00:00,x509,valid_active,27,50,UAV-VALID,ACCEPTED,ACCEPTED,True,11571100,11.5711,20200,67500,11324500,0,114400,2400,0,0,,,,none,x509-valid_active_3,0,False,238,8,
n250-identities_c50-conc_mech-x509-1backend_valid-active_r30_audit-off_20260831T030100Z,obs_d1c7d5a800484a3193297e578cc01ae6,2026-08-31T03:01:00.525335+00:00,x509,valid_active,25,50,UAV-VALID,ACCEPTED,ACCEPTED,True,10271800,10.2718,21800,59700,10042900,0,102500,2200,0,0,,,,none,x509-valid_active_21,0,False,240,8,
n250-identities_c50-conc_mech-x509-1backend_valid-active_r30_audit-off_20260831T030100Z,obs_5fe6b9d5f5a440098979bffcf1ddb2ba,2026-08-31T03:01:00.527180+00:00,x509,valid_active,28,50,UAV-VALID,ACCEPTED,ACCEPTED,True,5353800,5.3538,32500,53200,5010200,0,191100,4800,0,0,,,,none,x509-valid_active_7,0,False,239,8,
n250-identities_c50-conc_mech-x509-1backend_valid-active_r30_audit-off_20260831T030100Z,obs_0058426448064f8bbb3429fcecf38a48,2026-08-31T03:01:00.527689+00:00,x509,valid_active,29,50,UAV-VALID,ACCEPTED,ACCEPTED,True,11142300,11.1423,22600,75200,10767600,0,203800,7800,0,0,,,,none,x509-valid_active_23,0,False,239,8,
n250-identities_c50-conc_mech-blockchain-1backend_valid-active_r30_audit-off_20260831T030101Z,obs_9854c087dfcd4aaa8013450d2f8dd9a4,2026-08-31T03:01:01.657099+00:00,blockchain,valid_active,3,50,UAV-VALID,ACCEPTED,ACCEPTED,True,171266500,171.2665,24400,170881900,0,3900,242400,7800,0,0,,,,none,blockchain-valid_active_5,0,False,239,8,
n250-identities_c50-conc_mech-blockchain-1backend_valid-active_r30_audit-off_20260831T030101Z,obs_362e774f90f04589b94736ab5bbefb91,2026-08-31T03:01:01.616328+00:00,blockchain,valid_active,1,50,UAV-VALID,ACCEPTED,ACCEPTED,True,140535600,140.5356,55700,140199800,0,3300,163400,4800,0,0,,,,none,blockchain-valid_active_1,0,True,238,8,
n250-identities_c50-conc_mech-blockchain-1backend_valid-active_r30_audit-off_20260831T030101Z,obs_698c268050824c7aa39c5e4eb2349d87,2026-08-31T03:01:01.610611+00:00,blockchain,valid_active,0,50,UAV-VALID,ACCEPTED,ACCEPTED,True,153768000,153.768,29000,153510800,0,3700,170000,3800,0,0,,,,none,blockchain-valid_active_0,0,True,239,8,
n250-identities_c50-conc_mech-blockchain-1backend_valid-active_r30_audit-off_20260831T030101Z,obs_4fed47b0f1bf476a8a89af46508134fa,2026-08-31T03:01:01.702738+00:00,blockchain,valid_active,2,50,UAV-VALID,ACCEPTED,ACCEPTED,True,172315900,172.3159,31900,172064400,0,2700,156800,3700,0,0,,,,none,blockchain-valid_active_4,0,False,240,8,
n250-identities_c50-conc_mech-blockchain-1backend_valid-active_r30_audit-off_20260831T030101Z,obs_66891dd8457845d985cb4a868c269469,2026-08-31T03:01:01.721607+00:00,blockchain,valid_active,1,50,UAV-VALID,ACCEPTED,ACCEPTED,True,223678200,223.6782,33800,223317700,0,4200,223200,6800,0,0,,,,none,blockchain-valid_active_3,0,False,239,8,
n250-identities_c50-conc_mech-blockchain-1backend_valid-active_r30_audit-off_20260831T030101Z,obs_11e8d6821fe745948e0e923992b3a06d,2026-08-31T03:01:01.748786+00:00,blockchain,valid_active,5,50,UAV-VALID,ACCEPTED,ACCEPTED,True,229170400,229.1704,37000,228845300,0,5100,185600,4800,0,0,,,,none,blockchain-valid_active_7,0,False,239,8,
n250-identities_c50-conc_mech-blockchain-1backend_valid-active_r30_audit-off_20260831T030101Z,obs_70511173c5134d39807908d480e0a50d,2026-08-31T03:01:01.764159+00:00,blockchain,valid_active,4,50,UAV-VALID,ACCEPTED,ACCEPTED,True,263714100,263.7141,27500,263473800,0,2800,153000,4300,0,0,,,,none,blockchain-valid_active_6,0,False,240,8,
n250-identities_c50-conc_mech-blockchain-1backend_valid-active_r30_audit-off_20260831T030101Z,obs_de9ae308188d45d9b9011fa885098de9,2026-08-31T03:01:01.787526+00:00,blockchain,valid_active,0,50,UAV-VALID,ACCEPTED,ACCEPTED,True,302517400,302.5174,29900,302268200,0,3100,157000,3300,0,0,,,,none,blockchain-valid_active_2,0,False,240,8,
n250-identities_c50-conc_mech-blockchain-1backend_valid-active_r30_audit-off_20260831T030101Z,obs_11ce17a83a754a769e2c1666e7a5afc0,2026-08-31T03:01:01.800972+00:00,blockchain,valid_active,6,50,UAV-VALID,ACCEPTED,ACCEPTED,True,267364300,267.3643,27600,267110600,0,2800,158900,3900,0,0,,,,none,blockchain-valid_active_8,0,False,240,8,
n250-identities_c50-conc_mech-blockchain-1backend_valid-active_r30_audit-off_20260831T030101Z,obs_401e95ace1434432ae06853095a30635,2026-08-31T03:01:01.808592+00:00,blockchain,valid_active,7,50,UAV-VALID,ACCEPTED,ACCEPTED,True,249049000,249.049,35800,248818700,0,2500,145800,3300,0,0,,,,none,blockchain-valid_active_9,0,False,238,8,
n250-identities_c50-conc_mech-blockchain-1backend_valid-active_r30_audit-off_20260831T030101Z,obs_818dd231ee884b448dbd1df2ab7b2a3b,2026-08-31T03:01:01.826487+00:00,blockchain,valid_active,8,50,UAV-VALID,ACCEPTED,ACCEPTED,True,269606900,269.6069,35500,269341800,0,3300,164100,4800,0,0,,,,none,blockchain-valid_active_10,0,False,239,8,
n250-identities_c50-conc_mech-blockchain-1backend_valid-active_r30_audit-off_20260831T030101Z,obs_5351060eda6749979d8abe6ac6a0c998,2026-08-31T03:01:01.836122+00:00,blockchain,valid_active,9,50,UAV-VALID,ACCEPTED,ACCEPTED,True,284240700,284.2407,53000,283935100,0,4200,174600,5600,0,0,,,,none,blockchain-valid_active_11,0,False,239,8,
n250-identities_c50-conc_mech-blockchain-1backend_valid-active_r30_audit-off_20260831T030101Z,obs_0863c43cc6274ff383e56b3343b4853b,2026-08-31T03:01:01.845994+00:00,blockchain,valid_active,12,50,UAV-VALID,ACCEPTED,ACCEPTED,True,250626900,250.6269,40300,250353000,0,3100,166900,5000,0,0,,,,none,blockchain-valid_active_14,0,False,239,8,
n250-identities_c50-conc_mech-blockchain-1backend_valid-active_r30_audit-off_20260831T030101Z,obs_1c99693145d94f1293da15775e41b93d,2026-08-31T03:01:01.848915+00:00,blockchain,valid_active,13,50,UAV-VALID,ACCEPTED,ACCEPTED,True,210638800,210.6388,37400,210378100,0,2800,166900,5200,0,0,,,,none,blockchain-valid_active_15,0,False,239,8,
n250-identities_c50-conc_mech-blockchain-1backend_valid-active_r30_audit-off_20260831T030101Z,obs_5a30a5777fb947faab0471ad7ff5c751,2026-08-31T03:01:01.850659+00:00,blockchain,valid_active,17,50,UAV-VALID,ACCEPTED,ACCEPTED,True,214227400,214.2274,44200,213964200,0,3800,162600,4100,0,0,,,,none,blockchain-valid_active_19,0,False,239,8,
n250-identities_c50-conc_mech-blockchain-1backend_valid-active_r30_audit-off_20260831T030101Z,obs_4c8601267bc64955b4c673e29104551e,2026-08-31T03:01:01.860903+00:00,blockchain,valid_active,20,50,UAV-VALID,ACCEPTED,ACCEPTED,True,177271900,177.2719,33000,176982100,0,4100,179200,4500,0,0,,,,none,blockchain-valid_active_22,0,False,239,8,
n250-identities_c50-conc_mech-blockchain-1backend_valid-active_r30_audit-off_20260831T030101Z,obs_583ccf34f10f486d933765d25e70467c,2026-08-31T03:01:01.870905+00:00,blockchain,valid_active,15,50,UAV-VALID,ACCEPTED,ACCEPTED,True,250947200,250.9472,56800,250704300,0,2400,149500,2900,0,0,,,,none,blockchain-valid_active_17,0,False,238,8,
n250-identities_c50-conc_mech-blockchain-1backend_valid-active_r30_audit-off_20260831T030101Z,obs_854dd4b437784dd0ad67b1c1e568617c,2026-08-31T03:01:01.876740+00:00,blockchain,valid_active,18,50,UAV-VALID,ACCEPTED,ACCEPTED,True,173375300,173.3753,23500,173127900,0,3000,156700,3400,0,0,,,,none,blockchain-valid_active_20,0,False,238,8,
n250-identities_c50-conc_mech-blockchain-1backend_valid-active_r30_audit-off_20260831T030101Z,obs_9026486033174af0b99c96f48f29f0ab,2026-08-31T03:01:01.881776+00:00,blockchain,valid_active,10,50,UAV-VALID,ACCEPTED,ACCEPTED,True,275776200,275.7762,92300,275511600,0,4000,151900,3400,0,0,,,,none,blockchain-valid_active_12,0,False,239,8,
n250-identities_c50-conc_mech-blockchain-1backend_valid-active_r30_audit-off_20260831T030101Z,obs_62f16ff6078e49d6ad203d391f5a305e,2026-08-31T03:01:01.884779+00:00,blockchain,valid_active,11,50,UAV-VALID,ACCEPTED,ACCEPTED,True,250616300,250.6163,34400,250346100,0,2300,166900,4700,0,0,,,,none,blockchain-valid_active_13,0,False,239,8,
n250-identities_c50-conc_mech-blockchain-1backend_valid-active_r30_audit-off_20260831T030101Z,obs_efcf735617be4ec281503dfdc2356994,2026-08-31T03:01:01.890376+00:00,blockchain,valid_active,14,50,UAV-VALID,ACCEPTED,ACCEPTED,True,257963300,257.9633,39100,257628100,0,5000,191600,4300,0,0,,,,none,blockchain-valid_active_16,0,False,240,8,
n250-identities_c50-conc_mech-blockchain-1backend_valid-active_r30_audit-off_20260831T030101Z,obs_fd01b272dbb24893a6a79131e8422ac1,2026-08-31T03:01:01.899646+00:00,blockchain,valid_active,21,50,UAV-VALID,ACCEPTED,ACCEPTED,True,194493600,194.4936,29900,194249500,0,2500,153300,3500,0,0,,,,none,blockchain-valid_active_23,0,False,239,8,
n250-identities_c50-conc_mech-blockchain-1backend_valid-active_r30_audit-off_20260831T030101Z,obs_fc1ea4e45fc644f683007c12ead3846b,2026-08-31T03:01:01.904029+00:00,blockchain,valid_active,19,50,UAV-VALID,ACCEPTED,ACCEPTED,True,167696800,167.6968,57700,167341200,0,4900,218100,5900,0,0,,,,none,blockchain-valid_active_21,0,False,240,8,
n250-identities_c50-conc_mech-blockchain-1backend_valid-active_r30_audit-off_20260831T030101Z,obs_43d98cbc8e5a43609904728253bc040f,2026-08-31T03:01:01.906575+00:00,blockchain,valid_active,22,50,UAV-VALID,ACCEPTED,ACCEPTED,True,190607700,190.6077,31300,190317400,0,3200,185100,4400,0,0,,,,none,blockchain-valid_active_0,0,False,239,8,
n250-identities_c50-conc_mech-blockchain-1backend_valid-active_r30_audit-off_20260831T030101Z,obs_2064efae94f242bebc9d75a849e7de8b,2026-08-31T03:01:01.909798+00:00,blockchain,valid_active,26,50,UAV-VALID,ACCEPTED,ACCEPTED,True,147896400,147.8964,92400,147653800,0,2300,150200,3200,0,0,,,,none,blockchain-valid_active_5,0,False,239,8,
n250-identities_c50-conc_mech-blockchain-1backend_valid-active_r30_audit-off_20260831T030101Z,obs_09048c09fef449a5952b0a18a4c14fe4,2026-08-31T03:01:01.911567+00:00,blockchain,valid_active,16,50,UAV-VALID,ACCEPTED,ACCEPTED,True,202536400,202.5364,33100,202247300,0,3000,162400,3800,0,0,,,,none,blockchain-valid_active_18,0,False,238,8,
n250-identities_c50-conc_mech-blockchain-1backend_valid-active_r30_audit-off_20260831T030101Z,obs_f96a0688fc6249c6a8d6e7194772c6ca,2026-08-31T03:01:01.914553+00:00,blockchain,valid_active,23,50,UAV-VALID,ACCEPTED,ACCEPTED,True,130025800,130.0258,58800,129770200,0,2200,150700,3300,0,0,,,,none,blockchain-valid_active_1,0,False,240,8,
n250-identities_c50-conc_mech-blockchain-1backend_valid-active_r30_audit-off_20260831T030101Z,obs_20be6468326049cdae8ae40757d6a5c0,2026-08-31T03:01:01.917448+00:00,blockchain,valid_active,28,50,UAV-VALID,ACCEPTED,ACCEPTED,True,140305000,140.305,37400,140046100,0,2300,158100,4500,0,0,,,,none,blockchain-valid_active_27,0,False,240,8,
n250-identities_c50-conc_mech-blockchain-1backend_valid-active_r30_audit-off_20260831T030101Z,obs_0e173537ac7e45d7bd12eab99295f9d8,2026-08-31T03:01:01.919019+00:00,blockchain,valid_active,25,50,UAV-VALID,ACCEPTED,ACCEPTED,True,146131200,146.1312,37100,145882900,0,2400,159900,4700,0,0,,,,none,blockchain-valid_active_25,0,False,238,8,
n250-identities_c50-conc_mech-blockchain-1backend_valid-active_r30_audit-off_20260831T030101Z,obs_4a53ea14d6f142e885167dc7621c15e5,2026-08-31T03:01:01.921280+00:00,blockchain,valid_active,24,50,UAV-VALID,ACCEPTED,ACCEPTED,True,128710300,128.7103,33300,128399600,0,3500,165800,3700,0,0,,,,none,blockchain-valid_active_24,0,False,239,8,
n250-identities_c50-conc_mech-blockchain-1backend_valid-active_r30_audit-off_20260831T030101Z,obs_e95f2870a3ba4d028fb3d40cbb565722,2026-08-31T03:01:01.922293+00:00,blockchain,valid_active,29,50,UAV-VALID,ACCEPTED,ACCEPTED,True,116296500,116.2965,31000,116063800,0,2500,149600,4200,0,0,,,,none,blockchain-valid_active_28,0,False,240,8,
n250-identities_c50-conc_mech-blockchain-1backend_valid-active_r30_audit-off_20260831T030101Z,obs_2a779a047abe4433bd41dbda67eef217,2026-08-31T03:01:01.923882+00:00,blockchain,valid_active,27,50,UAV-VALID,ACCEPTED,ACCEPTED,True,126257300,126.2573,50900,126020800,0,2100,143900,3700,0,0,,,,none,blockchain-valid_active_26,0,False,239,8,
n500-identities_c1-conc_mech-x509-1backend_valid-active_r30_audit-off_20260831T030103Z,obs_aef7959f039a4c2db4072a022d25ad2f,2026-08-31T03:01:03.134496+00:00,x509,valid_active,0,1,UAV-VALID,ACCEPTED,ACCEPTED,True,1061900,1.0619,33600,62800,828000,0,108000,3300,0,0,,,,none,x509-valid_active_0,0,True,239,8,
n500-identities_c1-conc_mech-x509-1backend_valid-active_r30_audit-off_20260831T030103Z,obs_fd34d9738f0c45308fbc82dab5e2f105,2026-08-31T03:01:03.142277+00:00,x509,valid_active,1,1,UAV-VALID,ACCEPTED,ACCEPTED,True,1276200,1.2762,41100,77600,996200,0,124600,3800,0,0,,,,none,x509-valid_active_0,0,True,239,8,
n500-identities_c1-conc_mech-x509-1backend_valid-active_r30_audit-off_20260831T030103Z,obs_01edb4499065430ca8de6486bde1b2c0,2026-08-31T03:01:03.149882+00:00,x509,valid_active,0,1,UAV-VALID,ACCEPTED,ACCEPTED,True,1649500,1.6495,39400,58600,1324000,0,169300,4200,0,0,,,,none,x509-valid_active_0,0,False,239,8,
n500-identities_c1-conc_mech-x509-1backend_valid-active_r30_audit-off_20260831T030103Z,obs_929d24b75cbb42c9865bba17da6d3e89,2026-08-31T03:01:03.157475+00:00,x509,valid_active,1,1,UAV-VALID,ACCEPTED,ACCEPTED,True,1655300,1.6553,47000,97400,1292000,0,170700,3200,0,0,,,,none,x509-valid_active_0,0,False,238,8,
n500-identities_c1-conc_mech-x509-1backend_valid-active_r30_audit-off_20260831T030103Z,obs_7d44b38279d5484bad5c89016d408475,2026-08-31T03:01:03.165905+00:00,x509,valid_active,2,1,UAV-VALID,ACCEPTED,ACCEPTED,True,1523900,1.5239,40300,61400,1258400,0,131400,2900,0,0,,,,none,x509-valid_active_0,0,False,239,8,
n500-identities_c1-conc_mech-x509-1backend_valid-active_r30_audit-off_20260831T030103Z,obs_91146350c75b447fb4ed0899e8859ea5,2026-08-31T03:01:03.173705+00:00,x509,valid_active,3,1,UAV-VALID,ACCEPTED,ACCEPTED,True,1674400,1.6744,39800,79700,1324900,0,162800,4000,0,0,,,,none,x509-valid_active_0,0,False,238,8,
n500-identities_c1-conc_mech-x509-1backend_valid-active_r30_audit-off_20260831T030103Z,obs_084656fb4d3e4e3d954d72108f2f6877,2026-08-31T03:01:03.179567+00:00,x509,valid_active,4,1,UAV-VALID,ACCEPTED,ACCEPTED,True,1196600,1.1966,47600,64500,941200,0,121700,3100,0,0,,,,none,x509-valid_active_0,0,False,239,8,
n500-identities_c1-conc_mech-x509-1backend_valid-active_r30_audit-off_20260831T030103Z,obs_f2ddbc80f1344659aca05f6e5e7a5e03,2026-08-31T03:01:03.186785+00:00,x509,valid_active,5,1,UAV-VALID,ACCEPTED,ACCEPTED,True,1351800,1.3518,51500,65700,1080700,0,125500,3500,0,0,,,,none,x509-valid_active_0,0,False,239,8,
n500-identities_c1-conc_mech-x509-1backend_valid-active_r30_audit-off_20260831T030103Z,obs_325051da444848c998f4d8cee40fb96d,2026-08-31T03:01:03.192924+00:00,x509,valid_active,6,1,UAV-VALID,ACCEPTED,ACCEPTED,True,1435100,1.4351,29300,61400,1183100,0,117900,2700,0,0,,,,none,x509-valid_active_0,0,False,239,8,
n500-identities_c1-conc_mech-x509-1backend_valid-active_r30_audit-off_20260831T030103Z,obs_0d8a3e4e338142e296dded15a010e3d2,2026-08-31T03:01:03.200354+00:00,x509,valid_active,7,1,UAV-VALID,ACCEPTED,ACCEPTED,True,2484600,2.4846,27400,103000,2154000,0,136700,4200,0,0,,,,none,x509-valid_active_0,0,False,238,8,
n500-identities_c1-conc_mech-x509-1backend_valid-active_r30_audit-off_20260831T030103Z,obs_bb844e73cf9c4c50bdbf9251747cc8bf,2026-08-31T03:01:03.206891+00:00,x509,valid_active,8,1,UAV-VALID,ACCEPTED,ACCEPTED,True,1580800,1.5808,33900,60300,1319300,0,129800,2900,0,0,,,,none,x509-valid_active_0,0,False,239,8,
n500-identities_c1-conc_mech-x509-1backend_valid-active_r30_audit-off_20260831T030103Z,obs_900c940f305c4ad39af0c1f4712f62c0,2026-08-31T03:01:03.213545+00:00,x509,valid_active,9,1,UAV-VALID,ACCEPTED,ACCEPTED,True,1903600,1.9036,38100,65500,1509900,0,205800,6200,0,0,,,,none,x509-valid_active_0,0,False,238,8,
n500-identities_c1-conc_mech-x509-1backend_valid-active_r30_audit-off_20260831T030103Z,obs_f3dc3059fe6548608af4d84ff4859d6a,2026-08-31T03:01:03.220626+00:00,x509,valid_active,10,1,UAV-VALID,ACCEPTED,ACCEPTED,True,1662300,1.6623,30600,61900,1342600,0,169300,4900,0,0,,,,none,x509-valid_active_0,0,False,239,8,
n500-identities_c1-conc_mech-x509-1backend_valid-active_r30_audit-off_20260831T030103Z,obs_79620f0c627748879a517894b247802b,2026-08-31T03:01:03.226981+00:00,x509,valid_active,11,1,UAV-VALID,ACCEPTED,ACCEPTED,True,1424900,1.4249,29600,62400,1168300,0,126000,3100,0,0,,,,none,x509-valid_active_0,0,False,238,8,
n500-identities_c1-conc_mech-x509-1backend_valid-active_r30_audit-off_20260831T030103Z,obs_06b6041d41ea448db8a1a3302d9a0064,2026-08-31T03:01:03.233882+00:00,x509,valid_active,12,1,UAV-VALID,ACCEPTED,ACCEPTED,True,1439600,1.4396,32100,53200,1196300,0,124400,3100,0,0,,,,none,x509-valid_active_0,0,False,238,8,
n500-identities_c1-conc_mech-x509-1backend_valid-active_r30_audit-off_20260831T030103Z,obs_66ba05316bbf403ba9e06fcd76ff221b,2026-08-31T03:01:03.241063+00:00,x509,valid_active,13,1,UAV-VALID,ACCEPTED,ACCEPTED,True,2383600,2.3836,43400,127200,1938000,0,192700,6400,0,0,,,,none,x509-valid_active_0,0,False,238,8,
n500-identities_c1-conc_mech-x509-1backend_valid-active_r30_audit-off_20260831T030103Z,obs_d8c5961a5d9d452d95268c2ed90d687a,2026-08-31T03:01:03.251409+00:00,x509,valid_active,14,1,UAV-VALID,ACCEPTED,ACCEPTED,True,1743700,1.7437,51100,98900,1339300,0,184500,5600,0,0,,,,none,x509-valid_active_0,0,False,239,8,
n500-identities_c1-conc_mech-x509-1backend_valid-active_r30_audit-off_20260831T030103Z,obs_66d7c0808c6848e8a2b3125663007026,2026-08-31T03:01:03.259170+00:00,x509,valid_active,15,1,UAV-VALID,ACCEPTED,ACCEPTED,True,1370600,1.3706,34800,63000,1105600,0,124100,3700,0,0,,,,none,x509-valid_active_0,0,False,239,8,
n500-identities_c1-conc_mech-x509-1backend_valid-active_r30_audit-off_20260831T030103Z,obs_82b91b73728942cab25641ecb769b8fc,2026-08-31T03:01:03.266170+00:00,x509,valid_active,16,1,UAV-VALID,ACCEPTED,ACCEPTED,True,1323700,1.3237,31700,57800,1068600,0,123200,3100,0,0,,,,none,x509-valid_active_0,0,False,239,8,
n500-identities_c1-conc_mech-x509-1backend_valid-active_r30_audit-off_20260831T030103Z,obs_d8a32db0479c4e82835971fab94fbf68,2026-08-31T03:01:03.272178+00:00,x509,valid_active,17,1,UAV-VALID,ACCEPTED,ACCEPTED,True,1458800,1.4588,32900,70300,1203800,0,114600,3400,0,0,,,,none,x509-valid_active_0,0,False,238,8,
n500-identities_c1-conc_mech-x509-1backend_valid-active_r30_audit-off_20260831T030103Z,obs_ca6b09b1202341dcb52c25b34eb8b52e,2026-08-31T03:01:03.279521+00:00,x509,valid_active,18,1,UAV-VALID,ACCEPTED,ACCEPTED,True,1473800,1.4738,55200,89100,1153000,0,135800,3300,0,0,,,,none,x509-valid_active_0,0,False,239,8,
n500-identities_c1-conc_mech-x509-1backend_valid-active_r30_audit-off_20260831T030103Z,obs_2aebd857b11f4db3b3a5579da4ef2e9d,2026-08-31T03:01:03.285296+00:00,x509,valid_active,19,1,UAV-VALID,ACCEPTED,ACCEPTED,True,1362200,1.3622,27700,59300,1096000,0,122200,3700,0,0,,,,none,x509-valid_active_0,0,False,238,8,
n500-identities_c1-conc_mech-x509-1backend_valid-active_r30_audit-off_20260831T030103Z,obs_fc8c377dd28e4e169c92b39bef251899,2026-08-31T03:01:03.290649+00:00,x509,valid_active,20,1,UAV-VALID,ACCEPTED,ACCEPTED,True,1157100,1.1571,27000,54500,907000,0,118800,2900,0,0,,,,none,x509-valid_active_0,0,False,238,8,
n500-identities_c1-conc_mech-x509-1backend_valid-active_r30_audit-off_20260831T030103Z,obs_cb6457ab116d4f8f958b2e46c96e06f8,2026-08-31T03:01:03.297994+00:00,x509,valid_active,21,1,UAV-VALID,ACCEPTED,ACCEPTED,True,1548700,1.5487,33300,60500,1188100,0,198300,5300,0,0,,,,none,x509-valid_active_0,0,False,239,8,
n500-identities_c1-conc_mech-x509-1backend_valid-active_r30_audit-off_20260831T030103Z,obs_796b606c68b144b9b9a1d01e615e0ca3,2026-08-31T03:01:03.303579+00:00,x509,valid_active,22,1,UAV-VALID,ACCEPTED,ACCEPTED,True,1151600,1.1516,31400,55000,913700,0,116700,3100,0,0,,,,none,x509-valid_active_0,0,False,239,8,
n500-identities_c1-conc_mech-x509-1backend_valid-active_r30_audit-off_20260831T030103Z,obs_adeee1852e4b4451ae65334024d82571,2026-08-31T03:01:03.310765+00:00,x509,valid_active,23,1,UAV-VALID,ACCEPTED,ACCEPTED,True,1951800,1.9518,47600,98600,1543500,0,183400,5800,0,0,,,,none,x509-valid_active_0,0,False,239,8,
n500-identities_c1-conc_mech-x509-1backend_valid-active_r30_audit-off_20260831T030103Z,obs_b0fa12f923504bb7ac9787f172b72ccc,2026-08-31T03:01:03.319653+00:00,x509,valid_active,24,1,UAV-VALID,ACCEPTED,ACCEPTED,True,1791100,1.7911,36700,91500,1380900,0,192600,5800,0,0,,,,none,x509-valid_active_0,0,False,240,8,
n500-identities_c1-conc_mech-x509-1backend_valid-active_r30_audit-off_20260831T030103Z,obs_3dfdc6148c0e4e9f96d2d0a880b7efb9,2026-08-31T03:01:03.328495+00:00,x509,valid_active,25,1,UAV-VALID,ACCEPTED,ACCEPTED,True,1862200,1.8622,50400,62300,1551000,0,150800,3800,0,0,,,,none,x509-valid_active_0,0,False,240,8,
n500-identities_c1-conc_mech-x509-1backend_valid-active_r30_audit-off_20260831T030103Z,obs_14e623d409554909974e2703319a545b,2026-08-31T03:01:03.334589+00:00,x509,valid_active,26,1,UAV-VALID,ACCEPTED,ACCEPTED,True,1311300,1.3113,29000,59500,1049700,0,131200,3500,0,0,,,,none,x509-valid_active_0,0,False,239,8,
n500-identities_c1-conc_mech-x509-1backend_valid-active_r30_audit-off_20260831T030103Z,obs_c9acce16a8ec45c9832eb15da71ff3fe,2026-08-31T03:01:03.341879+00:00,x509,valid_active,27,1,UAV-VALID,ACCEPTED,ACCEPTED,True,1726700,1.7267,51700,89200,1395600,0,141500,3800,0,0,,,,none,x509-valid_active_0,0,False,238,8,
n500-identities_c1-conc_mech-x509-1backend_valid-active_r30_audit-off_20260831T030103Z,obs_12c602dd19a94d5e9306a0a803252e33,2026-08-31T03:01:03.348203+00:00,x509,valid_active,28,1,UAV-VALID,ACCEPTED,ACCEPTED,True,1355900,1.3559,33800,63200,1057000,0,153100,4000,0,0,,,,none,x509-valid_active_0,0,False,238,8,
n500-identities_c1-conc_mech-x509-1backend_valid-active_r30_audit-off_20260831T030103Z,obs_d9f3ed9d60814de092c08601c263b4e0,2026-08-31T03:01:03.354614+00:00,x509,valid_active,29,1,UAV-VALID,ACCEPTED,ACCEPTED,True,2000400,2.0004,38100,52000,1568500,0,267900,7100,0,0,,,,none,x509-valid_active_0,0,False,240,8,
n500-identities_c1-conc_mech-blockchain-1backend_valid-active_r30_audit-off_20260831T030104Z,obs_c1af81f761e04bd686a839ff77b59c6a,2026-08-31T03:01:04.345912+00:00,blockchain,valid_active,0,1,UAV-VALID,ACCEPTED,ACCEPTED,True,25610700,25.6107,38000,25358100,0,2300,153700,3700,0,0,,,,none,blockchain-valid_active_0,0,True,239,8,
n500-identities_c1-conc_mech-blockchain-1backend_valid-active_r30_audit-off_20260831T030104Z,obs_4ebfe4792a1348d4926d582d52c3d2ac,2026-08-31T03:01:04.365302+00:00,blockchain,valid_active,1,1,UAV-VALID,ACCEPTED,ACCEPTED,True,13600200,13.6002,92200,13331700,0,2900,153400,3800,0,0,,,,none,blockchain-valid_active_0,0,True,239,8,
n500-identities_c1-conc_mech-blockchain-1backend_valid-active_r30_audit-off_20260831T030104Z,obs_47a1ab7178f8437fa3d5826f7201e818,2026-08-31T03:01:04.383531+00:00,blockchain,valid_active,0,1,UAV-VALID,ACCEPTED,ACCEPTED,True,12250200,12.2502,32100,11903900,0,3800,223200,6300,0,0,,,,none,blockchain-valid_active_0,0,False,239,8,
n500-identities_c1-conc_mech-blockchain-1backend_valid-active_r30_audit-off_20260831T030104Z,obs_286a6ac005c24323bd530c09a848bd7c,2026-08-31T03:01:04.411069+00:00,blockchain,valid_active,1,1,UAV-VALID,ACCEPTED,ACCEPTED,True,22910800,22.9108,32600,22625000,0,2600,175700,3800,0,0,,,,none,blockchain-valid_active_0,0,False,240,8,
n500-identities_c1-conc_mech-blockchain-1backend_valid-active_r30_audit-off_20260831T030104Z,obs_5cde10e46bb147aea11a38509375eb53,2026-08-31T03:01:04.428996+00:00,blockchain,valid_active,2,1,UAV-VALID,ACCEPTED,ACCEPTED,True,12346700,12.3467,31100,12071800,0,2700,177000,3800,0,0,,,,none,blockchain-valid_active_0,0,False,239,8,
n500-identities_c1-conc_mech-blockchain-1backend_valid-active_r30_audit-off_20260831T030104Z,obs_4fe53fcbcf3e4c3394547da43cbc913c,2026-08-31T03:01:04.446795+00:00,blockchain,valid_active,3,1,UAV-VALID,ACCEPTED,ACCEPTED,True,12520700,12.5207,34900,12277100,0,2900,154400,3400,0,0,,,,none,blockchain-valid_active_0,0,False,239,8,
n500-identities_c1-conc_mech-blockchain-1backend_valid-active_r30_audit-off_20260831T030104Z,obs_0cad8a92669d4bc4b3ca48cceaf9c4fb,2026-08-31T03:01:04.464346+00:00,blockchain,valid_active,4,1,UAV-VALID,ACCEPTED,ACCEPTED,True,12883400,12.8834,28800,12648400,0,2200,152900,3200,0,0,,,,none,blockchain-valid_active_0,0,False,239,8,
n500-identities_c1-conc_mech-blockchain-1backend_valid-active_r30_audit-off_20260831T030104Z,obs_e70effa297e7470f937f5504a546813a,2026-08-31T03:01:04.481386+00:00,blockchain,valid_active,5,1,UAV-VALID,ACCEPTED,ACCEPTED,True,12530700,12.5307,30600,12281300,0,2700,162100,3800,0,0,,,,none,blockchain-valid_active_0,0,False,240,8,
n500-identities_c1-conc_mech-blockchain-1backend_valid-active_r30_audit-off_20260831T030104Z,obs_41e5cabf591e47a0b5a3bb17e7fa3b47,2026-08-31T03:01:04.498391+00:00,blockchain,valid_active,6,1,UAV-VALID,ACCEPTED,ACCEPTED,True,12337600,12.3376,31100,12097500,0,2300,156200,3000,0,0,,,,none,blockchain-valid_active_0,0,False,239,8,
n500-identities_c1-conc_mech-blockchain-1backend_valid-active_r30_audit-off_20260831T030104Z,obs_75eb1f9ac51d441ca9089eda06d4bd95,2026-08-31T03:01:04.514948+00:00,blockchain,valid_active,7,1,UAV-VALID,ACCEPTED,ACCEPTED,True,12216000,12.216,30000,11965800,0,3300,156000,3600,0,0,,,,none,blockchain-valid_active_0,0,False,239,8,
n500-identities_c1-conc_mech-blockchain-1backend_valid-active_r30_audit-off_20260831T030104Z,obs_2698bc6e0212434ea0016ea9b1c09e1f,2026-08-31T03:01:04.535108+00:00,blockchain,valid_active,8,1,UAV-VALID,ACCEPTED,ACCEPTED,True,15370800,15.3708,32400,14984700,0,4100,260400,5900,0,0,,,,none,blockchain-valid_active_0,0,False,239,8,
n500-identities_c1-conc_mech-blockchain-1backend_valid-active_r30_audit-off_20260831T030104Z,obs_dde7241ad6524322b4cea3c6e0148e8b,2026-08-31T03:01:04.557709+00:00,blockchain,valid_active,9,1,UAV-VALID,ACCEPTED,ACCEPTED,True,16178600,16.1786,43200,15823400,0,2900,232700,5700,0,0,,,,none,blockchain-valid_active_0,0,False,239,8,
n500-identities_c1-conc_mech-blockchain-1backend_valid-active_r30_audit-off_20260831T030104Z,obs_144dd9bca7774d60a70a19c951f2f297,2026-08-31T03:01:04.582136+00:00,blockchain,valid_active,10,1,UAV-VALID,ACCEPTED,ACCEPTED,True,16801300,16.8013,86500,16358600,0,2100,296600,7900,0,0,,,,none,blockchain-valid_active_0,0,False,239,8,
n500-identities_c1-conc_mech-blockchain-1backend_valid-active_r30_audit-off_20260831T030104Z,obs_c6ca456c0d774c2abf38fed232651418,2026-08-31T03:01:04.605181+00:00,blockchain,valid_active,11,1,UAV-VALID,ACCEPTED,ACCEPTED,True,15600800,15.6008,39800,15309500,0,3200,169500,4000,0,0,,,,none,blockchain-valid_active_0,0,False,238,8,
n500-identities_c1-conc_mech-blockchain-1backend_valid-active_r30_audit-off_20260831T030104Z,obs_afa8ac4902994305bd29c70fa4614145,2026-08-31T03:01:04.626800+00:00,blockchain,valid_active,12,1,UAV-VALID,ACCEPTED,ACCEPTED,True,15558000,15.558,61900,15196700,0,3800,223700,5900,0,0,,,,none,blockchain-valid_active_0,0,False,239,8,
n500-identities_c1-conc_mech-blockchain-1backend_valid-active_r30_audit-off_20260831T030104Z,obs_c3624ba8e36144febaf7396bff7666d8,2026-08-31T03:01:04.648828+00:00,blockchain,valid_active,13,1,UAV-VALID,ACCEPTED,ACCEPTED,True,15132800,15.1328,38100,14746500,0,3200,247400,6700,0,0,,,,none,blockchain-valid_active_0,0,False,239,8,
n500-identities_c1-conc_mech-blockchain-1backend_valid-active_r30_audit-off_20260831T030104Z,obs_f4447c3272f94690af81a91afe5499f1,2026-08-31T03:01:04.670345+00:00,blockchain,valid_active,14,1,UAV-VALID,ACCEPTED,ACCEPTED,True,15251100,15.2511,91600,14993000,0,2200,163500,3600,0,0,,,,none,blockchain-valid_active_0,0,False,238,8,
n500-identities_c1-conc_mech-blockchain-1backend_valid-active_r30_audit-off_20260831T030104Z,obs_4d799370b5974e379b2d823bab9c35b9,2026-08-31T03:01:04.693594+00:00,blockchain,valid_active,15,1,UAV-VALID,ACCEPTED,ACCEPTED,True,16166200,16.1662,42200,15900600,0,2200,156700,3300,0,0,,,,none,blockchain-valid_active_0,0,False,239,8,
n500-identities_c1-conc_mech-blockchain-1backend_valid-active_r30_audit-off_20260831T030104Z,obs_39af627292ba45c99534604b2d1e8972,2026-08-31T03:01:04.717799+00:00,blockchain,valid_active,16,1,UAV-VALID,ACCEPTED,ACCEPTED,True,16935900,16.9359,42100,16432500,0,4500,291200,7500,0,0,,,,none,blockchain-valid_active_0,0,False,238,8,
n500-identities_c1-conc_mech-blockchain-1backend_valid-active_r30_audit-off_20260831T030104Z,obs_9c7ef28185094645aca10f84efb4268a,2026-08-31T03:01:04.743529+00:00,blockchain,valid_active,17,1,UAV-VALID,ACCEPTED,ACCEPTED,True,18000700,18.0007,53900,17693600,0,2800,185900,4300,0,0,,,,none,blockchain-valid_active_0,0,False,238,8,
n500-identities_c1-conc_mech-blockchain-1backend_valid-active_r30_audit-off_20260831T030104Z,obs_476747a1eebc4b359856104d2f9c8513,2026-08-31T03:01:04.770564+00:00,blockchain,valid_active,18,1,UAV-VALID,ACCEPTED,ACCEPTED,True,19366500,19.3665,55600,18987000,0,3700,231100,5600,0,0,,,,none,blockchain-valid_active_0,0,False,238,8,
n500-identities_c1-conc_mech-blockchain-1backend_valid-active_r30_audit-off_20260831T030104Z,obs_d539a862df024e7bb6c43a6a818a7f0b,2026-08-31T03:01:04.793539+00:00,blockchain,valid_active,19,1,UAV-VALID,ACCEPTED,ACCEPTED,True,15859500,15.8595,119800,15605100,0,2600,156700,3900,0,0,,,,none,blockchain-valid_active_0,0,False,239,8,
n500-identities_c1-conc_mech-blockchain-1backend_valid-active_r30_audit-off_20260831T030104Z,obs_341dd1176e3a4ccab430eed572aaebf6,2026-08-31T03:01:04.835262+00:00,blockchain,valid_active,20,1,UAV-VALID,ACCEPTED,ACCEPTED,True,34576400,34.5764,50900,34186000,0,3600,234700,7600,0,0,,,,none,blockchain-valid_active_0,0,False,238,8,
n500-identities_c1-conc_mech-blockchain-1backend_valid-active_r30_audit-off_20260831T030104Z,obs_293a59c9d212415c8649fe81d780e3c3,2026-08-31T03:01:04.867576+00:00,blockchain,valid_active,21,1,UAV-VALID,ACCEPTED,ACCEPTED,True,23704800,23.7048,68000,23208900,0,3800,321400,7600,0,0,,,,none,blockchain-valid_active_0,0,False,238,8,
n500-identities_c1-conc_mech-blockchain-1backend_valid-active_r30_audit-off_20260831T030104Z,obs_553bacf095b14250865eea8fed071947,2026-08-31T03:01:04.901722+00:00,blockchain,valid_active,22,1,UAV-VALID,ACCEPTED,ACCEPTED,True,24998400,24.9984,59900,24606600,0,3600,240200,6400,0,0,,,,none,blockchain-valid_active_0,0,False,239,8,
n500-identities_c1-conc_mech-blockchain-1backend_valid-active_r30_audit-off_20260831T030104Z,obs_aa0727bc78894273a87de1e585295afc,2026-08-31T03:01:04.928095+00:00,blockchain,valid_active,23,1,UAV-VALID,ACCEPTED,ACCEPTED,True,17801300,17.8013,62500,17423300,0,4900,211200,4900,0,0,,,,none,blockchain-valid_active_0,0,False,239,8,
n500-identities_c1-conc_mech-blockchain-1backend_valid-active_r30_audit-off_20260831T030104Z,obs_94bc3a96e3f6439596c0198f043f8bcf,2026-08-31T03:01:04.960964+00:00,blockchain,valid_active,24,1,UAV-VALID,ACCEPTED,ACCEPTED,True,20797300,20.7973,68000,20239100,0,3900,320600,9500,0,0,,,,none,blockchain-valid_active_0,0,False,239,8,
n500-identities_c1-conc_mech-blockchain-1backend_valid-active_r30_audit-off_20260831T030104Z,obs_a24ac3594ae146a2b6fd39bd9d33e864,2026-08-31T03:01:04.982630+00:00,blockchain,valid_active,25,1,UAV-VALID,ACCEPTED,ACCEPTED,True,15928700,15.9287,53400,15562600,0,3400,217600,5400,0,0,,,,none,blockchain-valid_active_0,0,False,238,8,
n500-identities_c1-conc_mech-blockchain-1backend_valid-active_r30_audit-off_20260831T030104Z,obs_8cb9fbe72d2a4f7e86c83e4f6525f9e2,2026-08-31T03:01:05.014262+00:00,blockchain,valid_active,26,1,UAV-VALID,ACCEPTED,ACCEPTED,True,24599300,24.5993,35000,24061100,0,7600,350300,9000,0,0,,,,none,blockchain-valid_active_0,0,False,239,8,
n500-identities_c1-conc_mech-blockchain-1backend_valid-active_r30_audit-off_20260831T030104Z,obs_d145de321585464e8d7a8c807bc63462,2026-08-31T03:01:05.064695+00:00,blockchain,valid_active,27,1,UAV-VALID,ACCEPTED,ACCEPTED,True,40793000,40.793,61600,40340800,0,3900,297900,6300,0,0,,,,none,blockchain-valid_active_0,0,False,239,8,
n500-identities_c1-conc_mech-blockchain-1backend_valid-active_r30_audit-off_20260831T030104Z,obs_fd4a103d89104e938853714f5ec5d8de,2026-08-31T03:01:05.099451+00:00,blockchain,valid_active,28,1,UAV-VALID,ACCEPTED,ACCEPTED,True,26030200,26.0302,55600,25652000,0,4500,234700,6800,0,0,,,,none,blockchain-valid_active_0,0,False,239,8,
n500-identities_c1-conc_mech-blockchain-1backend_valid-active_r30_audit-off_20260831T030104Z,obs_2e9e05a547a049c39b36b694adecce4a,2026-08-31T03:01:05.135700+00:00,blockchain,valid_active,29,1,UAV-VALID,ACCEPTED,ACCEPTED,True,27920200,27.9202,51300,27524000,0,4000,239900,5500,0,0,,,,none,blockchain-valid_active_0,0,False,238,8,
n500-identities_c5-conc_mech-x509-1backend_valid-active_r30_audit-off_20260831T030105Z,obs_7185ba7cef4e4febaa18ad52a598eb31,2026-08-31T03:01:05.991002+00:00,x509,valid_active,0,5,UAV-VALID,ACCEPTED,ACCEPTED,True,5817500,5.8175,47500,83700,5498400,0,147100,4000,0,0,,,,none,x509-valid_active_0,0,True,240,8,
n500-identities_c5-conc_mech-x509-1backend_valid-active_r30_audit-off_20260831T030105Z,obs_28bb3be98e37488f917d72c56d9edf0f,2026-08-31T03:01:05.999197+00:00,x509,valid_active,0,5,UAV-VALID,ACCEPTED,ACCEPTED,True,12666900,12.6669,27700,71200,12270400,0,205400,5600,0,0,,,,none,x509-valid_active_2,0,False,238,8,
n500-identities_c5-conc_mech-x509-1backend_valid-active_r30_audit-off_20260831T030105Z,obs_f16db2ddfc7b44139d29bad5029994ca,2026-08-31T03:01:06.005906+00:00,x509,valid_active,1,5,UAV-VALID,ACCEPTED,ACCEPTED,True,13896400,13.8964,23200,62700,13602800,0,146100,3300,0,0,,,,none,x509-valid_active_1,0,True,238,8,
n500-identities_c5-conc_mech-x509-1backend_valid-active_r30_audit-off_20260831T030105Z,obs_3e6ac195f44b4dea870c72fdd56a090a,2026-08-31T03:01:06.010653+00:00,x509,valid_active,1,5,UAV-VALID,ACCEPTED,ACCEPTED,True,14918400,14.9184,24200,138500,14320600,0,285100,7100,0,0,,,,none,x509-valid_active_3,0,False,239,8,
n500-identities_c5-conc_mech-x509-1backend_valid-active_r30_audit-off_20260831T030105Z,obs_a328ecca93ca45acb5985077a01c07cc,2026-08-31T03:01:06.011093+00:00,x509,valid_active,2,5,UAV-VALID,ACCEPTED,ACCEPTED,True,13280400,13.2804,21200,108300,12882500,0,178100,4700,0,0,,,,none,x509-valid_active_4,0,False,239,8,
n500-identities_c5-conc_mech-x509-1backend_valid-active_r30_audit-off_20260831T030105Z,obs_fd55680ccacf48e3968c61f3cd76402c,2026-08-31T03:01:06.016331+00:00,x509,valid_active,3,5,UAV-VALID,ACCEPTED,ACCEPTED,True,7381900,7.3819,32300,55600,7087900,0,148000,3500,0,0,,,,none,x509-valid_active_0,0,False,239,8,
n500-identities_c5-conc_mech-x509-1backend_valid-active_r30_audit-off_20260831T030105Z,obs_fd3e77fbb16e47e293a5dd3c548c7a09,2026-08-31T03:01:06.028769+00:00,x509,valid_active,4,5,UAV-VALID,ACCEPTED,ACCEPTED,True,10427600,10.4276,43300,61200,10126300,0,155900,4100,0,0,,,,none,x509-valid_active_2,0,False,240,8,
n500-identities_c5-conc_mech-x509-1backend_valid-active_r30_audit-off_20260831T030105Z,obs_8b0e9f76d5164e2b8f3de83d487109dd,2026-08-31T03:01:06.040163+00:00,x509,valid_active,7,5,UAV-VALID,ACCEPTED,ACCEPTED,True,9960300,9.9603,39300,54600,9719700,0,114500,3300,0,0,,,,none,x509-valid_active_4,0,False,239,8,
n500-identities_c5-conc_mech-x509-1backend_valid-active_r30_audit-off_20260831T030105Z,obs_e1a19b4ff96742be8e06c3c4a7e5dcbf,2026-08-31T03:01:06.042627+00:00,x509,valid_active,6,5,UAV-VALID,ACCEPTED,ACCEPTED,True,8618400,8.6184,21500,101900,8211800,0,176300,5100,0,0,,,,none,x509-valid_active_3,0,False,238,8,
n500-identities_c5-conc_mech-x509-1backend_valid-active_r30_audit-off_20260831T030105Z,obs_046d22b1a6bd476dbfd1c37d6e32102a,2026-08-31T03:01:06.045518+00:00,x509,valid_active,5,5,UAV-VALID,ACCEPTED,ACCEPTED,True,8279900,8.2799,27300,62000,7882800,0,210300,5100,0,0,,,,none,x509-valid_active_1,0,False,238,8,
n500-identities_c5-conc_mech-x509-1backend_valid-active_r30_audit-off_20260831T030105Z,obs_27c9c0ef9f994d5891de9ac4e3c87c12,2026-08-31T03:01:06.055133+00:00,x509,valid_active,8,5,UAV-VALID,ACCEPTED,ACCEPTED,True,16913600,16.9136,38100,47700,16650700,0,135900,3300,0,0,,,,none,x509-valid_active_0,0,False,240,8,
n500-identities_c5-conc_mech-x509-1backend_valid-active_r30_audit-off_20260831T030105Z,obs_fbb4fa7b73db4afcba3485b8d59322d6,2026-08-31T03:01:06.062210+00:00,x509,valid_active,9,5,UAV-VALID,ACCEPTED,ACCEPTED,True,22522200,22.5222,26000,64000,22152100,0,191600,4500,0,0,,,,none,x509-valid_active_2,0,False,239,8,
n500-identities_c5-conc_mech-x509-1backend_valid-active_r30_audit-off_20260831T030105Z,obs_72d205582f4b4993a429e2d34e47d0d2,2026-08-31T03:01:06.071549+00:00,x509,valid_active,10,5,UAV-VALID,ACCEPTED,ACCEPTED,True,12410000,12.41,32600,101300,12061000,0,147800,3800,0,0,,,,none,x509-valid_active_4,0,False,239,8,
n500-identities_c5-conc_mech-x509-1backend_valid-active_r30_audit-off_20260831T030105Z,obs_2df54b2662a64079b65aff19da10a2cc,2026-08-31T03:01:06.072243+00:00,x509,valid_active,12,5,UAV-VALID,ACCEPTED,ACCEPTED,True,10967500,10.9675,24600,91100,10673800,0,110900,2800,0,0,,,,none,x509-valid_active_1,0,False,239,8,
n500-identities_c5-conc_mech-x509-1backend_valid-active_r30_audit-off_20260831T030105Z,obs_ad318e3bc6184b4f9b78e9bc7324c7f5,2026-08-31T03:01:06.082956+00:00,x509,valid_active,11,5,UAV-VALID,ACCEPTED,ACCEPTED,True,16685400,16.6854,31000,53400,16332800,0,192700,4600,0,0,,,,none,x509-valid_active_3,0,False,240,8,
n500-identities_c5-conc_mech-x509-1backend_valid-active_r30_audit-off_20260831T030105Z,obs_135b7a30346d4a208b665c1466876bee,2026-08-31T03:01:06.084028+00:00,x509,valid_active,13,5,UAV-VALID,ACCEPTED,ACCEPTED,True,12220300,12.2203,30000,51300,11964900,0,130200,3200,0,0,,,,none,x509-valid_active_0,0,False,240,8,
n500-identities_c5-conc_mech-x509-1backend_valid-active_r30_audit-off_20260831T030105Z,obs_c955dd1f63184e3397ab781f343c43c0,2026-08-31T03:01:06.097824+00:00,x509,valid_active,14,5,UAV-VALID,ACCEPTED,ACCEPTED,True,23586900,23.5869,28700,92300,23145100,0,211800,5200,0,0,,,,none,x509-valid_active_2,0,False,238,8,
n500-identities_c5-conc_mech-x509-1backend_valid-active_r30_audit-off_20260831T030105Z,obs_240cb3032b1044c69579e79bef017127,2026-08-31T03:01:06.102916+00:00,x509,valid_active,16,5,UAV-VALID,ACCEPTED,ACCEPTED,True,8447300,8.4473,26900,62500,8152400,0,138400,3400,0,0,,,,none,x509-valid_active_1,0,False,240,8,
n500-identities_c5-conc_mech-x509-1backend_valid-active_r30_audit-off_20260831T030105Z,obs_75f38711faf442c0be359ef7d81eb741,2026-08-31T03:01:06.104181+00:00,x509,valid_active,15,5,UAV-VALID,ACCEPTED,ACCEPTED,True,15342900,15.3429,37700,122000,14956800,0,140400,3300,0,0,,,,none,x509-valid_active_4,0,False,239,8,
n500-identities_c5-conc_mech-x509-1backend_valid-active_r30_audit-off_20260831T030105Z,obs_409c2f80091a4aefa2a90f78fae16394,2026-08-31T03:01:06.109328+00:00,x509,valid_active,18,5,UAV-VALID,ACCEPTED,ACCEPTED,True,9265900,9.2659,26600,44800,9003900,0,135700,3200,0,0,,,,none,x509-valid_active_0,0,False,239,8,
n500-identities_c5-conc_mech-x509-1backend_valid-active_r30_audit-off_20260831T030105Z,obs_4c4ffa78e58d4a6c91eee5284f86ecf9,2026-08-31T03:01:06.122117+00:00,x509,valid_active,17,5,UAV-VALID,ACCEPTED,ACCEPTED,True,18946400,18.9464,29500,74000,18625300,0,150700,3300,0,0,,,,none,x509-valid_active_3,0,False,240,8,
n500-identities_c5-conc_mech-x509-1backend_valid-active_r30_audit-off_20260831T030105Z,obs_e6ed290efd704c7295335b289fdc2ce2,2026-08-31T03:01:06.124544+00:00,x509,valid_active,19,5,UAV-VALID,ACCEPTED,ACCEPTED,True,9886100,9.8861,32200,52000,9584000,0,146900,12100,0,0,,,,none,x509-valid_active_2,0,False,239,8,
n500-identities_c5-conc_mech-x509-1backend_valid-active_r30_audit-off_20260831T030105Z,obs_f84d0c09610c4a179e9ddfd2ec57b40f,2026-08-31T03:01:06.129232+00:00,x509,valid_active,20,5,UAV-VALID,ACCEPTED,ACCEPTED,True,12437200,12.4372,24300,48700,12168600,0,138100,3800,0,0,,,,none,x509-valid_active_1,0,False,239,8,
n500-identities_c5-conc_mech-x509-1backend_valid-active_r30_audit-off_20260831T030105Z,obs_7047c8940a6e4a269f6edb10bd472c20,2026-08-31T03:01:06.138709+00:00,x509,valid_active,21,5,UAV-VALID,ACCEPTED,ACCEPTED,True,12288100,12.2881,26200,52000,12014900,0,139600,3500,0,0,,,,none,x509-valid_active_4,0,False,239,8,
n500-identities_c5-conc_mech-x509-1backend_valid-active_r30_audit-off_20260831T030105Z,obs_b414effea6814f8e8161101144274ee0,2026-08-31T03:01:06.146436+00:00,x509,valid_active,22,5,UAV-VALID,ACCEPTED,ACCEPTED,True,13338500,13.3385,30600,48600,13078800,0,135400,3800,0,0,,,,none,x509-valid_active_0,0,False,240,8,
n500-identities_c5-conc_mech-x509-1backend_valid-active_r30_audit-off_20260831T030105Z,obs_9215f202a92f49138e2f0199d3f57299,2026-08-31T03:01:06.151173+00:00,x509,valid_active,23,5,UAV-VALID,ACCEPTED,ACCEPTED,True,18475200,18.4752,21900,84900,18050300,0,212700,5800,0,0,,,,none,x509-valid_active_3,0,False,238,8,
n500-identities_c5-conc_mech-x509-1backend_valid-active_r30_audit-off_20260831T030105Z,obs_e3472b9f22ea4d04bc371cbd94296f34,2026-08-31T03:01:06.156556+00:00,x509,valid_active,24,5,UAV-VALID,ACCEPTED,ACCEPTED,True,10791400,10.7914,28200,65500,10504000,0,132300,3100,0,0,,,,none,x509-valid_active_2,0,False,239,8,
n500-identities_c5-conc_mech-x509-1backend_valid-active_r30_audit-off_20260831T030105Z,obs_41a7146ee7cc4b5782ea6ef91c1371e2,2026-08-31T03:01:06.166159+00:00,x509,valid_active,25,5,UAV-VALID,ACCEPTED,ACCEPTED,True,17751100,17.7511,20500,61100,17402600,0,179500,5400,0,0,,,,none,x509-valid_active_1,0,False,238,8,
n500-identities_c5-conc_mech-x509-1backend_valid-active_r30_audit-off_20260831T030105Z,obs_05941dab38a7418b84be07b8c51af292,2026-08-31T03:01:06.169142+00:00,x509,valid_active,26,5,UAV-VALID,ACCEPTED,ACCEPTED,True,7580100,7.5801,31100,48400,7364500,0,104400,2800,0,0,,,,none,x509-valid_active_4,0,False,240,8,
n500-identities_c5-conc_mech-x509-1backend_valid-active_r30_audit-off_20260831T030105Z,obs_be7e9403f91c4e4ab901647452b861de,2026-08-31T03:01:06.171064+00:00,x509,valid_active,29,5,UAV-VALID,ACCEPTED,ACCEPTED,True,2850100,2.8501,34100,51000,2601600,0,120700,3000,0,0,,,,none,x509-valid_active_2,0,False,239,8,
n500-identities_c5-conc_mech-x509-1backend_valid-active_r30_audit-off_20260831T030105Z,obs_bd96acd366dc4f68b2f7bd726ffb63f3,2026-08-31T03:01:06.171554+00:00,x509,valid_active,27,5,UAV-VALID,ACCEPTED,ACCEPTED,True,10674800,10.6748,23700,57600,10438600,0,108900,2700,0,0,,,,none,x509-valid_active_0,0,False,238,8,
n500-identities_c5-conc_mech-x509-1backend_valid-active_r30_audit-off_20260831T030105Z,obs_379841ea920043d28fb3615159ffe8a4,2026-08-31T03:01:06.172932+00:00,x509,valid_active,28,5,UAV-VALID,ACCEPTED,ACCEPTED,True,1170500,1.1705,23700,60500,931100,0,119100,2800,0,0,,,,none,x509-valid_active_3,0,False,240,8,
n500-identities_c5-conc_mech-blockchain-1backend_valid-active_r30_audit-off_20260831T030107Z,obs_7dab615b54b44b4284721e48ad470d41,2026-08-31T03:01:07.169942+00:00,blockchain,valid_active,2,5,UAV-VALID,ACCEPTED,ACCEPTED,True,25181400,25.1814,38200,24939100,0,2700,149900,3500,0,0,,,,none,blockchain-valid_active_4,0,False,239,8,
n500-identities_c5-conc_mech-blockchain-1backend_valid-active_r30_audit-off_20260831T030107Z,obs_ec6cf3a5bac3420d9907a0d69a5cbbf5,2026-08-31T03:01:07.179684+00:00,blockchain,valid_active,1,5,UAV-VALID,ACCEPTED,ACCEPTED,True,38950400,38.9504,31400,38629500,0,5000,192400,4700,0,0,,,,none,blockchain-valid_active_1,0,True,239,8,
n500-identities_c5-conc_mech-blockchain-1backend_valid-active_r30_audit-off_20260831T030107Z,obs_3d211cc9a752495f93ee88c156d9303b,2026-08-31T03:01:07.182352+00:00,blockchain,valid_active,0,5,UAV-VALID,ACCEPTED,ACCEPTED,True,38860000,38.86,42300,38589700,0,2800,167600,3800,0,0,,,,none,blockchain-valid_active_2,0,False,239,8,
n500-identities_c5-conc_mech-blockchain-1backend_valid-active_r30_audit-off_20260831T030107Z,obs_9ac7791dfc8441659c1795430bb91b6c,2026-08-31T03:01:07.184891+00:00,blockchain,valid_active,0,5,UAV-VALID,ACCEPTED,ACCEPTED,True,51022000,51.022,36100,50760900,0,3000,162500,3900,0,0,,,,none,blockchain-valid_active_0,0,True,238,8,
n500-identities_c5-conc_mech-blockchain-1backend_valid-active_r30_audit-off_20260831T030107Z,obs_f332fed844ef442ba3514a4b9d77d4ce,2026-08-31T03:01:07.193611+00:00,blockchain,valid_active,1,5,UAV-VALID,ACCEPTED,ACCEPTED,True,45749200,45.7492,34600,45491400,0,2800,159900,4700,0,0,,,,none,blockchain-valid_active_3,0,False,238,8,
n500-identities_c5-conc_mech-blockchain-1backend_valid-active_r30_audit-off_20260831T030107Z,obs_aae949e3eccf442fbfeafdc355240125,2026-08-31T03:01:07.240677+00:00,blockchain,valid_active,5,5,UAV-VALID,ACCEPTED,ACCEPTED,True,36240100,36.2401,37300,35980600,0,2900,161700,4000,0,0,,,,none,blockchain-valid_active_2,0,False,240,8,
n500-identities_c5-conc_mech-blockchain-1backend_valid-active_r30_audit-off_20260831T030107Z,obs_159c7e1971de4f6a88028ada97690e80,2026-08-31T03:01:07.242137+00:00,blockchain,valid_active,6,5,UAV-VALID,ACCEPTED,ACCEPTED,True,35539000,35.539,37700,35296700,0,2600,157200,4100,0,0,,,,none,blockchain-valid_active_0,0,False,239,8,
n500-identities_c5-conc_mech-blockchain-1backend_valid-active_r30_audit-off_20260831T030107Z,obs_edd8a1d6f8924ec1b1e9b1b3f9108916,2026-08-31T03:01:07.243036+00:00,blockchain,valid_active,3,5,UAV-VALID,ACCEPTED,ACCEPTED,True,46525200,46.5252,33900,46326000,0,2200,127900,2900,0,0,,,,none,blockchain-valid_active_4,0,False,238,8,
n500-identities_c5-conc_mech-blockchain-1backend_valid-active_r30_audit-off_20260831T030107Z,obs_43989c3626cf4a1ab6dbd4e1b2a47f07,2026-08-31T03:01:07.252528+00:00,blockchain,valid_active,7,5,UAV-VALID,ACCEPTED,ACCEPTED,True,38939400,38.9394,31300,38644500,0,2700,187000,7600,0,0,,,,none,blockchain-valid_active_3,0,False,240,8,
n500-identities_c5-conc_mech-blockchain-1backend_valid-active_r30_audit-off_20260831T030107Z,obs_07e5a9f6a12d415ebf6b1518a2adb64b,2026-08-31T03:01:07.256756+00:00,blockchain,valid_active,4,5,UAV-VALID,ACCEPTED,ACCEPTED,True,51609500,51.6095,30900,51362200,0,2600,156100,3800,0,0,,,,none,blockchain-valid_active_1,0,False,239,8,
n500-identities_c5-conc_mech-blockchain-1backend_valid-active_r30_audit-off_20260831T030107Z,obs_6b971152593241c6b2d9c8e5c6c02b55,2026-08-31T03:01:07.306412+00:00,blockchain,valid_active,9,5,UAV-VALID,ACCEPTED,ACCEPTED,True,36424600,36.4246,55500,36137200,0,3300,166500,4400,0,0,,,,none,blockchain-valid_active_0,0,False,239,8,
n500-identities_c5-conc_mech-blockchain-1backend_valid-active_r30_audit-off_20260831T030107Z,obs_d42cd92c0b25438d89f888e0b7d43d73,2026-08-31T03:01:07.308670+00:00,blockchain,valid_active,10,5,UAV-VALID,ACCEPTED,ACCEPTED,True,42720000,42.72,27800,42444000,0,3800,175100,3800,0,0,,,,none,blockchain-valid_active_4,0,False,239,8,
n500-identities_c5-conc_mech-blockchain-1backend_valid-active_r30_audit-off_20260831T030107Z,obs_b7fce3c18536422a9f2693052d7e6f51,2026-08-31T03:01:07.320692+00:00,blockchain,valid_active,8,5,UAV-VALID,ACCEPTED,ACCEPTED,True,56995500,56.9955,34700,56737400,0,2400,159400,14900,0,0,,,,none,blockchain-valid_active_2,0,False,239,8,
n500-identities_c5-conc_mech-blockchain-1backend_valid-active_r30_audit-off_20260831T030107Z,obs_ab8909b45075411b95baedcb99151005,2026-08-31T03:01:07.322050+00:00,blockchain,valid_active,11,5,UAV-VALID,ACCEPTED,ACCEPTED,True,40798400,40.7984,32500,40591600,0,2600,135400,3700,0,0,,,,none,blockchain-valid_active_3,0,False,239,8,
n500-identities_c5-conc_mech-blockchain-1backend_valid-active_r30_audit-off_20260831T030107Z,obs_e323aaba255d4dbfa857a44ce1299651,2026-08-31T03:01:07.331144+00:00,blockchain,valid_active,12,5,UAV-VALID,ACCEPTED,ACCEPTED,True,46390500,46.3905,60100,46137900,0,2400,138000,3600,0,0,,,,none,blockchain-valid_active_1,0,False,240,8,
n500-identities_c5-conc_mech-blockchain-1backend_valid-active_r30_audit-off_20260831T030107Z,obs_af1c2d555b304c909d97077d819a4df4,2026-08-31T03:01:07.370836+00:00,blockchain,valid_active,13,5,UAV-VALID,ACCEPTED,ACCEPTED,True,45090800,45.0908,30400,44831800,0,4500,160000,4600,0,0,,,,none,blockchain-valid_active_0,0,False,239,8,
n500-identities_c5-conc_mech-blockchain-1backend_valid-active_r30_audit-off_20260831T030107Z,obs_2bd09b49835c4bb0a0922cd4bbd5981a,2026-08-31T03:01:07.378480+00:00,blockchain,valid_active,14,5,UAV-VALID,ACCEPTED,ACCEPTED,True,49150500,49.1505,34900,48785900,0,5200,225700,7100,0,0,,,,none,blockchain-valid_active_4,0,False,240,8,
n500-identities_c5-conc_mech-blockchain-1backend_valid-active_r30_audit-off_20260831T030107Z,obs_2310f9c9c64c4b2d8c9ed4a790b0b7d9,2026-08-31T03:01:07.381056+00:00,blockchain,valid_active,15,5,UAV-VALID,ACCEPTED,ACCEPTED,True,39847400,39.8474,34000,39596900,0,2500,164600,3600,0,0,,,,none,blockchain-valid_active_2,0,False,240,8,
n500-identities_c5-conc_mech-blockchain-1backend_valid-active_r30_audit-off_20260831T030107Z,obs_d2d8d54ed5fe40c790e3998d22fef31e,2026-08-31T03:01:07.389394+00:00,blockchain,valid_active,16,5,UAV-VALID,ACCEPTED,ACCEPTED,True,43734200,43.7342,40400,43481200,0,3500,157100,3700,0,0,,,,none,blockchain-valid_active_3,0,False,239,8,
n500-identities_c5-conc_mech-blockchain-1backend_valid-active_r30_audit-off_20260831T030107Z,obs_1d53a0dab11c44708aa51032deade3a3,2026-08-31T03:01:07.396029+00:00,blockchain,valid_active,17,5,UAV-VALID,ACCEPTED,ACCEPTED,True,48332700,48.3327,49400,48010400,0,2900,160100,3800,0,0,,,,none,blockchain-valid_active_1,0,False,238,8,
n500-identities_c5-conc_mech-blockchain-1backend_valid-active_r30_audit-off_20260831T030107Z,obs_25221920f7454fd7a621495d9301c54f,2026-08-31T03:01:07.432208+00:00,blockchain,valid_active,18,5,UAV-VALID,ACCEPTED,ACCEPTED,True,42081800,42.0818,31100,41820900,0,2400,167400,4500,0,0,,,,none,blockchain-valid_active_0,0,False,239,8,
n500-identities_c5-conc_mech-blockchain-1backend_valid-active_r30_audit-off_20260831T030107Z,obs_00c561c4aa95432f8e8c46372049ca97,2026-08-31T03:01:07.445241+00:00,blockchain,valid_active,20,5,UAV-VALID,ACCEPTED,ACCEPTED,True,44945200,44.9452,25200,44699500,0,3500,159300,3200,0,0,,,,none,blockchain-valid_active_2,0,False,238,8,
n500-identities_c5-conc_mech-blockchain-1backend_valid-active_r30_audit-off_20260831T030107Z,obs_8e0203a673c14cb1a2fe6bba9b9a6feb,2026-08-31T03:01:07.446413+00:00,blockchain,valid_active,19,5,UAV-VALID,ACCEPTED,ACCEPTED,True,47180300,47.1803,33200,46973100,0,2400,134700,3200,0,0,,,,none,blockchain-valid_active_4,0,False,238,8,
n500-identities_c5-conc_mech-blockchain-1backend_valid-active_r30_audit-off_20260831T030107Z,obs_d9980f44525d4820aa8e8039cba51989,2026-08-31T03:01:07.460537+00:00,blockchain,valid_active,21,5,UAV-VALID,ACCEPTED,ACCEPTED,True,52765300,52.7653,32500,52439300,0,3500,211600,5600,0,0,,,,none,blockchain-valid_active_3,0,False,239,8,
n500-identities_c5-conc_mech-blockchain-1backend_valid-active_r30_audit-off_20260831T030107Z,obs_308b68b863764c8c84f8bc711ee84302,2026-08-31T03:01:07.465632+00:00,blockchain,valid_active,22,5,UAV-VALID,ACCEPTED,ACCEPTED,True,51774800,51.7748,39300,51529300,0,2800,151200,3500,0,0,,,,none,blockchain-valid_active_1,0,False,238,8,
n500-identities_c5-conc_mech-blockchain-1backend_valid-active_r30_audit-off_20260831T030107Z,obs_921e27877f7847eaa91f24664680e362,2026-08-31T03:01:07.500366+00:00,blockchain,valid_active,23,5,UAV-VALID,ACCEPTED,ACCEPTED,True,50948300,50.9483,28800,50588400,0,3600,225700,7300,0,0,,,,none,blockchain-valid_active_0,0,False,239,8,
n500-identities_c5-conc_mech-blockchain-1backend_valid-active_r30_audit-off_20260831T030107Z,obs_1953fdd2197b4d19b5fd06c8d0faaa03,2026-08-31T03:01:07.516435+00:00,blockchain,valid_active,24,5,UAV-VALID,ACCEPTED,ACCEPTED,True,49432100,49.4321,23800,49130600,0,3000,201900,5200,0,0,,,,none,blockchain-valid_active_2,0,False,240,8,
n500-identities_c5-conc_mech-blockchain-1backend_valid-active_r30_audit-off_20260831T030107Z,obs_e8ebaa7200f9488aaa257cf1f866d119,2026-08-31T03:01:07.519808+00:00,blockchain,valid_active,27,5,UAV-VALID,ACCEPTED,ACCEPTED,True,32933700,32.9337,54300,32621100,0,3500,193100,4600,0,0,,,,none,blockchain-valid_active_1,0,False,239,8,
n500-identities_c5-conc_mech-blockchain-1backend_valid-active_r30_audit-off_20260831T030107Z,obs_055a41010d2b4ce1a8de73809b53620e,2026-08-31T03:01:07.522271+00:00,blockchain,valid_active,25,5,UAV-VALID,ACCEPTED,ACCEPTED,True,55962500,55.9625,28400,55717300,0,3100,154800,4000,0,0,,,,none,blockchain-valid_active_4,0,False,240,8,
n500-identities_c5-conc_mech-blockchain-1backend_valid-active_r30_audit-off_20260831T030107Z,obs_8079c240d14745f08f736a53384392c9,2026-08-31T03:01:07.531941+00:00,blockchain,valid_active,26,5,UAV-VALID,ACCEPTED,ACCEPTED,True,46587000,46.587,30300,46337900,0,2600,157400,4700,0,0,,,,none,blockchain-valid_active_3,0,False,239,8,
n500-identities_c5-conc_mech-blockchain-1backend_valid-active_r30_audit-off_20260831T030107Z,obs_28b18833643844e4b6af44983a1ebb16,2026-08-31T03:01:07.548533+00:00,blockchain,valid_active,28,5,UAV-VALID,ACCEPTED,ACCEPTED,True,25306800,25.3068,26900,24934200,0,4200,243800,6300,0,0,,,,none,blockchain-valid_active_0,0,False,239,8,
n500-identities_c5-conc_mech-blockchain-1backend_valid-active_r30_audit-off_20260831T030107Z,obs_cee96b44b69a41f68d48c2eb0a24cabb,2026-08-31T03:01:07.553796+00:00,blockchain,valid_active,29,5,UAV-VALID,ACCEPTED,ACCEPTED,True,18516900,18.5169,35300,18245900,0,3500,168900,5000,0,0,,,,none,blockchain-valid_active_2,0,False,238,8,
n500-identities_c10-conc_mech-x509-1backend_valid-active_r30_audit-off_20260831T030108Z,obs_b1dbf05ffe5d4db0a0be5076fb9095b4,2026-08-31T03:01:08.321442+00:00,x509,valid_active,1,10,UAV-VALID,ACCEPTED,ACCEPTED,True,13854400,13.8544,31600,78700,13551600,0,132900,3200,0,0,,,,none,x509-valid_active_1,0,True,239,8,
n500-identities_c10-conc_mech-x509-1backend_valid-active_r30_audit-off_20260831T030108Z,obs_2ea9801e5977446693289df969287247,2026-08-31T03:01:08.334256+00:00,x509,valid_active,0,10,UAV-VALID,ACCEPTED,ACCEPTED,True,17582900,17.5829,34100,64400,17327600,0,115800,3400,0,0,,,,none,x509-valid_active_0,0,True,238,8,
n500-identities_c10-conc_mech-x509-1backend_valid-active_r30_audit-off_20260831T030108Z,obs_783e34e2fa4b4a998d387873b59138c0,2026-08-31T03:01:08.329234+00:00,x509,valid_active,0,10,UAV-VALID,ACCEPTED,ACCEPTED,True,20331500,20.3315,27100,65300,20001900,0,167200,4600,0,0,,,,none,x509-valid_active_2,0,False,240,8,
n500-identities_c10-conc_mech-x509-1backend_valid-active_r30_audit-off_20260831T030108Z,obs_3d37757b72fb44c1be1c54a3c72a8af2,2026-08-31T03:01:08.361085+00:00,x509,valid_active,3,10,UAV-VALID,ACCEPTED,ACCEPTED,True,27377900,27.3779,25000,71400,27067200,0,149300,3800,0,0,,,,none,x509-valid_active_5,0,False,239,8,
n500-identities_c10-conc_mech-x509-1backend_valid-active_r30_audit-off_20260831T030108Z,obs_09e84929bcd74e2bab5dc402908a41d1,2026-08-31T03:01:08.370186+00:00,x509,valid_active,2,10,UAV-VALID,ACCEPTED,ACCEPTED,True,25540500,25.5405,50000,132400,25151700,0,141800,3200,0,0,,,,none,x509-valid_active_4,0,False,238,8,
n500-identities_c10-conc_mech-x509-1backend_valid-active_r30_audit-off_20260831T030108Z,obs_0778f7e52d1544f1b0ca32781b20b36f,2026-08-31T03:01:08.372219+00:00,x509,valid_active,1,10,UAV-VALID,ACCEPTED,ACCEPTED,True,19777000,19.777,25400,68600,19493000,0,132900,3500,0,0,,,,none,x509-valid_active_3,0,False,239,8,
n500-identities_c10-conc_mech-x509-1backend_valid-active_r30_audit-off_20260831T030108Z,obs_c818923b75684a399c131bc7ca993059,2026-08-31T03:01:08.381220+00:00,x509,valid_active,4,10,UAV-VALID,ACCEPTED,ACCEPTED,True,33359500,33.3595,30600,95400,33036500,0,134500,3400,0,0,,,,none,x509-valid_active_6,0,False,240,8,
n500-identities_c10-conc_mech-x509-1backend_valid-active_r30_audit-off_20260831T030108Z,obs_5fc64c94aabf4b409b1679c0cc73606a,2026-08-31T03:01:08.381992+00:00,x509,valid_active,6,10,UAV-VALID,ACCEPTED,ACCEPTED,True,14992400,14.9924,86500,48300,14779400,0,103400,2600,0,0,,,,none,x509-valid_active_1,0,False,239,8,
n500-identities_c10-conc_mech-x509-1backend_valid-active_r30_audit-off_20260831T030108Z,obs_78b9fc3622de4231bc8d01f6d1254e21,2026-08-31T03:01:08.386641+00:00,x509,valid_active,5,10,UAV-VALID,ACCEPTED,ACCEPTED,True,23324500,23.3245,36700,74800,23034700,0,126800,3700,0,0,,,,none,x509-valid_active_7,0,False,240,8,
n500-identities_c10-conc_mech-x509-1backend_valid-active_r30_audit-off_20260831T030108Z,obs_a4767a3531554d1e9503b10f52b53535,2026-08-31T03:01:08.393767+00:00,x509,valid_active,9,10,UAV-VALID,ACCEPTED,ACCEPTED,True,14337100,14.3371,24800,47100,14084500,0,131800,3100,0,0,,,,none,x509-valid_active_0,0,False,239,8,
n500-identities_c10-conc_mech-x509-1backend_valid-active_r30_audit-off_20260831T030108Z,obs_656f4d07079143b790bbb22e662e3f77,2026-08-31T03:01:08.411581+00:00,x509,valid_active,8,10,UAV-VALID,ACCEPTED,ACCEPTED,True,22981200,22.9812,27100,99400,22667800,0,123000,3700,0,0,,,,none,x509-valid_active_2,0,False,239,8,
n500-identities_c10-conc_mech-x509-1backend_valid-active_r30_audit-off_20260831T030108Z,obs_9a0681b61bfb45df9f1ed7c15de8c711,2026-08-31T03:01:08.412654+00:00,x509,valid_active,10,10,UAV-VALID,ACCEPTED,ACCEPTED,True,33660900,33.6609,25300,100400,33271600,0,190100,4300,0,0,,,,none,x509-valid_active_9,0,False,239,8,
n500-identities_c10-conc_mech-x509-1backend_valid-active_r30_audit-off_20260831T030108Z,obs_5f5578ce36b54ff79042afee512ef595,2026-08-31T03:01:08.414769+00:00,x509,valid_active,12,10,UAV-VALID,ACCEPTED,ACCEPTED,True,22712300,22.7123,24900,60600,22445200,0,128400,2900,0,0,,,,none,x509-valid_active_4,0,False,240,8,
n500-identities_c10-conc_mech-x509-1backend_valid-active_r30_audit-off_20260831T030108Z,obs_d0cd5296724f48b888df5b07383cc033,2026-08-31T03:01:08.416308+00:00,x509,valid_active,7,10,UAV-VALID,ACCEPTED,ACCEPTED,True,34709900,34.7099,26400,61600,34453100,0,124900,9000,0,0,,,,none,x509-valid_active_8,0,False,239,8,
n500-identities_c10-conc_mech-x509-1backend_valid-active_r30_audit-off_20260831T030108Z,obs_73e8eb6f308e4963982f821b98e74200,2026-08-31T03:01:08.417208+00:00,x509,valid_active,11,10,UAV-VALID,ACCEPTED,ACCEPTED,True,21783400,21.7834,22400,58300,21548400,0,111100,2800,0,0,,,,none,x509-valid_active_5,0,False,239,8,
n500-identities_c10-conc_mech-x509-1backend_valid-active_r30_audit-off_20260831T030108Z,obs_f0544c0f257f43138fc7e563f4576605,2026-08-31T03:01:08.435250+00:00,x509,valid_active,13,10,UAV-VALID,ACCEPTED,ACCEPTED,True,28409700,28.4097,46200,53300,28009500,0,225300,4900,0,0,,,,none,x509-valid_active_3,0,False,239,8,
n500-identities_c10-conc_mech-x509-1backend_valid-active_r30_audit-off_20260831T030108Z,obs_5dca0e9c77904b43ab60f5f43812c291,2026-08-31T03:01:08.436347+00:00,x509,valid_active,14,10,UAV-VALID,ACCEPTED,ACCEPTED,True,26148300,26.1483,34400,72900,25796500,0,177800,5000,0,0,,,,none,x509-valid_active_6,0,False,240,8,
n500-identities_c10-conc_mech-x509-1backend_valid-active_r30_audit-off_20260831T030108Z,obs_01fc0af3709b4c0db4d385452c893336,2026-08-31T03:01:08.444853+00:00,x509,valid_active,17,10,UAV-VALID,ACCEPTED,ACCEPTED,True,28204200,28.2042,22200,54100,27919000,0,142000,3500,0,0,,,,none,x509-valid_active_0,0,False,238,8,
n500-identities_c10-conc_mech-x509-1backend_valid-active_r30_audit-off_20260831T030108Z,obs_9c042357620842158122fce375dbadd0,2026-08-31T03:01:08.451719+00:00,x509,valid_active,15,10,UAV-VALID,ACCEPTED,ACCEPTED,True,36102800,36.1028,28900,61800,35779400,0,157600,4200,0,0,,,,none,x509-valid_active_1,0,False,238,8,
n500-identities_c10-conc_mech-x509-1backend_valid-active_r30_audit-off_20260831T030108Z,obs_ceff40f6b4d243cf92f604b152698a63,2026-08-31T03:01:08.465978+00:00,x509,valid_active,19,10,UAV-VALID,ACCEPTED,ACCEPTED,True,20674300,20.6743,30700,58000,20380000,0,144100,3300,0,0,,,,none,x509-valid_active_9,0,False,238,8,
n500-identities_c10-conc_mech-x509-1backend_valid-active_r30_audit-off_20260831T030108Z,obs_2be1ea1c01b04cfdb16c9c06ab3d0bb5,2026-08-31T03:01:08.466720+00:00,x509,valid_active,18,10,UAV-VALID,ACCEPTED,ACCEPTED,True,14663900,14.6639,26400,78500,14216800,0,253200,6200,0,0,,,,none,x509-valid_active_2,0,False,239,8,
n500-identities_c10-conc_mech-x509-1backend_valid-active_r30_audit-off_20260831T030108Z,obs_0efcd405dc80468eaee11493cad0f89d,2026-08-31T03:01:08.468491+00:00,x509,valid_active,16,10,UAV-VALID,ACCEPTED,ACCEPTED,True,32902500,32.9025,34500,74900,32105800,0,608200,7100,0,0,,,,none,x509-valid_active_7,0,False,239,8,
n500-identities_c10-conc_mech-x509-1backend_valid-active_r30_audit-off_20260831T030108Z,obs_8f108bf1e22d4e64b8507d58d813d2f5,2026-08-31T03:01:08.482216+00:00,x509,valid_active,22,10,UAV-VALID,ACCEPTED,ACCEPTED,True,23190600,23.1906,26100,55200,22866700,0,164000,5500,0,0,,,,none,x509-valid_active_5,0,False,238,8,
n500-identities_c10-conc_mech-x509-1backend_valid-active_r30_audit-off_20260831T030108Z,obs_56521120284c4f3693b9e52f0c48bcd3,2026-08-31T03:01:08.485058+00:00,x509,valid_active,20,10,UAV-VALID,ACCEPTED,ACCEPTED,True,37333400,37.3334,33500,83000,36957300,0,169100,3900,0,0,,,,none,x509-valid_active_4,0,False,238,8,
n500-identities_c10-conc_mech-x509-1backend_valid-active_r30_audit-off_20260831T030108Z,obs_58159551fb824c628d12830f7ee7b048,2026-08-31T03:01:08.488972+00:00,x509,valid_active,21,10,UAV-VALID,ACCEPTED,ACCEPTED,True,29326700,29.3267,31000,67400,28990000,0,163400,4300,0,0,,,,none,x509-valid_active_8,0,False,239,8,
n500-identities_c10-conc_mech-x509-1backend_valid-active_r30_audit-off_20260831T030108Z,obs_8a08de4651ef4a10ad9dc68d6cc93afa,2026-08-31T03:01:08.493112+00:00,x509,valid_active,26,10,UAV-VALID,ACCEPTED,ACCEPTED,True,12018200,12.0182,25700,85500,11703800,0,129800,3600,0,0,,,,none,x509-valid_active_1,0,False,239,8,
n500-identities_c10-conc_mech-x509-1backend_valid-active_r30_audit-off_20260831T030108Z,obs_cc1ae3fd3d4d490194dee24de836edd4,2026-08-31T03:01:08.493915+00:00,x509,valid_active,25,10,UAV-VALID,ACCEPTED,ACCEPTED,True,20520900,20.5209,35900,87300,20229100,0,120400,2800,0,0,,,,none,x509-valid_active_0,0,False,240,8,
n500-identities_c10-conc_mech-x509-1backend_valid-active_r30_audit-off_20260831T030108Z,obs_ec739b2128ae46aa95d69bdf3d6b9fb1,2026-08-31T03:01:08.494310+00:00,x509,valid_active,23,10,UAV-VALID,ACCEPTED,ACCEPTED,True,19161800,19.1618,26600,48700,18926900,0,116700,3500,0,0,,,,none,x509-valid_active_3,0,False,239,8,
n500-identities_c10-conc_mech-x509-1backend_valid-active_r30_audit-off_20260831T030108Z,obs_075c1fd1f4d0495dbb107384860a6662,2026-08-31T03:01:08.494658+00:00,x509,valid_active,24,10,UAV-VALID,ACCEPTED,ACCEPTED,True,20033300,20.0333,27000,51000,19785600,0,120700,3300,0,0,,,,none,x509-valid_active_6,0,False,238,8,
n500-identities_c10-conc_mech-x509-1backend_valid-active_r30_audit-off_20260831T030108Z,obs_af41969420464b39a979a18d8e115227,2026-08-31T03:01:08.497145+00:00,x509,valid_active,27,10,UAV-VALID,ACCEPTED,ACCEPTED,True,5084600,5.0846,37700,49600,4784000,0,162600,4100,0,0,,,,none,x509-valid_active_9,0,False,240,8,
n500-identities_c10-conc_mech-x509-1backend_valid-active_r30_audit-off_20260831T030108Z,obs_0b972b32b10146e2acdd4867e7692593,2026-08-31T03:01:08.498284+00:00,x509,valid_active,28,10,UAV-VALID,ACCEPTED,ACCEPTED,True,4801700,4.8017,31700,50800,4336500,0,253700,7700,0,0,,,,none,x509-valid_active_2,0,False,240,8,
n500-identities_c10-conc_mech-x509-1backend_valid-active_r30_audit-off_20260831T030108Z,obs_38d9f186890a4b72990a8f71f005f468,2026-08-31T03:01:08.499111+00:00,x509,valid_active,29,10,UAV-VALID,ACCEPTED,ACCEPTED,True,4102200,4.1022,35900,49000,3730300,0,215300,5800,0,0,,,,none,x509-valid_active_7,0,False,238,8,
n500-identities_c10-conc_mech-blockchain-1backend_valid-active_r30_audit-off_20260831T033215Z,obs_7ddd3534d41a4457bec97a0eece5e7c6,2026-08-31T03:32:15.943775+00:00,blockchain,valid_active,1,10,UAV-VALID,ACCEPTED,ACCEPTED,True,243171200,243.1712,58700,242545600,0,11200,280500,18100,0,0,,,,none,blockchain-valid_active_1,0,True,240,8,
n500-identities_c10-conc_mech-blockchain-1backend_valid-active_r30_audit-off_20260831T033215Z,obs_77b03bd7256049b9bc6a48336bd3d466,2026-08-31T03:32:15.948757+00:00,blockchain,valid_active,0,10,UAV-VALID,ACCEPTED,ACCEPTED,True,302529200,302.5292,75300,302106300,0,3800,238600,7300,0,0,,,,none,blockchain-valid_active_0,0,True,239,8,
n500-identities_c10-conc_mech-blockchain-1backend_valid-active_r30_audit-off_20260831T033215Z,obs_2324c20bdaac46bbb11b9b96a60acdf9,2026-08-31T03:32:15.978231+00:00,blockchain,valid_active,3,10,UAV-VALID,ACCEPTED,ACCEPTED,True,236748700,236.7487,65200,236320400,0,3600,270400,5700,0,0,,,,none,blockchain-valid_active_5,0,False,239,8,
n500-identities_c10-conc_mech-blockchain-1backend_valid-active_r30_audit-off_20260831T033215Z,obs_4472aa56e5664e5ebb744148a8dbdfdd,2026-08-31T03:32:15.990225+00:00,blockchain,valid_active,0,10,UAV-VALID,ACCEPTED,ACCEPTED,True,311192500,311.1925,60500,310845800,0,2300,197700,7500,0,0,,,,none,blockchain-valid_active_2,0,False,239,8,
n500-identities_c10-conc_mech-blockchain-1backend_valid-active_r30_audit-off_20260831T033215Z,obs_4614e51662f04441aca5f186709e2e51,2026-08-31T03:32:16.015103+00:00,blockchain,valid_active,4,10,UAV-VALID,ACCEPTED,ACCEPTED,True,231803400,231.8034,66400,231420000,0,3600,226300,7200,0,0,,,,none,blockchain-valid_active_6,0,False,240,8,
n500-identities_c10-conc_mech-blockchain-1backend_valid-active_r30_audit-off_20260831T033215Z,obs_687856ba78d349c78db851326fe83794,2026-08-31T03:32:16.020919+00:00,blockchain,valid_active,1,10,UAV-VALID,ACCEPTED,ACCEPTED,True,287492900,287.4929,62900,287076200,0,4200,218100,6100,0,0,,,,none,blockchain-valid_active_3,0,False,239,8,
n500-identities_c10-conc_mech-blockchain-1backend_valid-active_r30_audit-off_20260831T033215Z,obs_b21e5728fdfb464fbb603282baf3720e,2026-08-31T03:32:16.027532+00:00,blockchain,valid_active,2,10,UAV-VALID,ACCEPTED,ACCEPTED,True,188054700,188.0547,46100,187688400,0,3600,223600,5800,0,0,,,,none,blockchain-valid_active_4,0,False,240,8,
n500-identities_c10-conc_mech-blockchain-1backend_valid-active_r30_audit-off_20260831T033215Z,obs_42749d2e251b4c8fbbd2fd2e4292c4fa,2026-08-31T03:32:16.069884+00:00,blockchain,valid_active,6,10,UAV-VALID,ACCEPTED,ACCEPTED,True,201005200,201.0052,53300,200580800,0,4500,251000,7600,0,0,,,,none,blockchain-valid_active_8,0,False,238,8,
n500-identities_c10-conc_mech-blockchain-1backend_valid-active_r30_audit-off_20260831T033215Z,obs_6d24d8287ebf49cebc28981f68a86ef1,2026-08-31T03:32:16.094305+00:00,blockchain,valid_active,7,10,UAV-VALID,ACCEPTED,ACCEPTED,True,201659600,201.6596,113400,201278500,0,3000,201600,6000,0,0,,,,none,blockchain-valid_active_9,0,False,239,8,
n500-identities_c10-conc_mech-blockchain-1backend_valid-active_r30_audit-off_20260831T033215Z,obs_b2c108bf30b14a4ca02636b6516a9369,2026-08-31T03:32:16.135779+00:00,blockchain,valid_active,5,10,UAV-VALID,ACCEPTED,ACCEPTED,True,270539900,270.5399,43000,270150100,0,4500,253900,5900,0,0,,,,none,blockchain-valid_active_7,0,False,238,8,
n500-identities_c10-conc_mech-blockchain-1backend_valid-active_r30_audit-off_20260831T033215Z,obs_f34a497453a547f69bdbeb12655b29b8,2026-08-31T03:32:16.217876+00:00,blockchain,valid_active,8,10,UAV-VALID,ACCEPTED,ACCEPTED,True,220956300,220.9563,120600,220529200,0,3300,267000,7600,0,0,,,,none,blockchain-valid_active_1,0,False,238,8,
n500-identities_c10-conc_mech-blockchain-1backend_valid-active_r30_audit-off_20260831T033215Z,obs_8254164bac634c10856ec54357683dd8,2026-08-31T03:32:16.229755+00:00,blockchain,valid_active,9,10,UAV-VALID,ACCEPTED,ACCEPTED,True,227811400,227.8114,88100,227367200,0,4400,280200,7200,0,0,,,,none,blockchain-valid_active_0,0,False,239,8,
n500-identities_c10-conc_mech-blockchain-1backend_valid-active_r30_audit-off_20260831T033215Z,obs_ef375fce52964da0b50efac82aa57666,2026-08-31T03:32:16.280814+00:00,blockchain,valid_active,10,10,UAV-VALID,ACCEPTED,ACCEPTED,True,238003500,238.0035,33400,237627900,0,3700,236400,6700,0,0,,,,none,blockchain-valid_active_5,0,False,239,8,
n500-identities_c10-conc_mech-blockchain-1backend_valid-active_r30_audit-off_20260831T033215Z,obs_2cc4008b0a18472195d745b5725e77ea,2026-08-31T03:32:16.287697+00:00,blockchain,valid_active,12,10,UAV-VALID,ACCEPTED,ACCEPTED,True,205746100,205.7461,57000,205304500,0,3600,255600,6100,0,0,,,,none,blockchain-valid_active_6,0,False,239,8,
n500-identities_c10-conc_mech-blockchain-1backend_valid-active_r30_audit-off_20260831T033215Z,obs_58008223f12642eab521630545453eb0,2026-08-31T03:32:16.292056+00:00,blockchain,valid_active,11,10,UAV-VALID,ACCEPTED,ACCEPTED,True,237012700,237.0127,54200,236716400,0,3900,166200,4700,0,0,,,,none,blockchain-valid_active_2,0,False,238,8,
n500-identities_c10-conc_mech-blockchain-1backend_valid-active_r30_audit-off_20260831T033215Z,obs_fa51bc060f614562aadd04a1d357c9cd,2026-08-31T03:32:16.294391+00:00,blockchain,valid_active,13,10,UAV-VALID,ACCEPTED,ACCEPTED,True,218156800,218.1568,31400,217899000,0,2300,160600,3900,0,0,,,,none,blockchain-valid_active_3,0,False,238,8,
n500-identities_c10-conc_mech-blockchain-1backend_valid-active_r30_audit-off_20260831T033215Z,obs_fef6ad833c554b4f8729080c74448f9d,2026-08-31T03:32:16.334648+00:00,blockchain,valid_active,16,10,UAV-VALID,ACCEPTED,ACCEPTED,True,170303400,170.3034,42500,170009700,0,5900,181100,4100,0,0,,,,none,blockchain-valid_active_9,0,False,240,8,
n500-identities_c10-conc_mech-blockchain-1backend_valid-active_r30_audit-off_20260831T033215Z,obs_b22b3401df63456fa4b34ea38dda45b9,2026-08-31T03:32:16.343410+00:00,blockchain,valid_active,14,10,UAV-VALID,ACCEPTED,ACCEPTED,True,253415000,253.415,47600,253040400,0,3400,234500,5400,0,0,,,,none,blockchain-valid_active_4,0,False,239,8,
n500-identities_c10-conc_mech-blockchain-1backend_valid-active_r30_audit-off_20260831T033215Z,obs_f4ee2cd949414dac826714b771f8d048,2026-08-31T03:32:16.374912+00:00,blockchain,valid_active,15,10,UAV-VALID,ACCEPTED,ACCEPTED,True,246595800,246.5958,57000,246207800,0,3300,240100,6000,0,0,,,,none,blockchain-valid_active_8,0,False,240,8,
n500-identities_c10-conc_mech-blockchain-1backend_valid-active_r30_audit-off_20260831T033215Z,obs_79d943cd240244fda56216a9b0bcf8d6,2026-08-31T03:32:16.432678+00:00,blockchain,valid_active,17,10,UAV-VALID,ACCEPTED,ACCEPTED,True,230225000,230.225,59100,229812900,0,4200,244900,7000,0,0,,,,none,blockchain-valid_active_7,0,False,240,8,
n500-identities_c10-conc_mech-blockchain-1backend_valid-active_r30_audit-off_20260831T033215Z,obs_c99629e971a94257bfc066889a0dc3ae,2026-08-31T03:32:16.446404+00:00,blockchain,valid_active,18,10,UAV-VALID,ACCEPTED,ACCEPTED,True,163316200,163.3162,55600,162924000,0,3600,232600,6200,0,0,,,,none,blockchain-valid_active_1,0,False,239,8,
n500-identities_c10-conc_mech-blockchain-1backend_valid-active_r30_audit-off_20260831T033215Z,obs_e02035a9ecc946bcb9d851400e32d7ed,2026-08-31T03:32:16.503696+00:00,blockchain,valid_active,19,10,UAV-VALID,ACCEPTED,ACCEPTED,True,214425600,214.4256,42100,214142700,0,2300,167200,4400,0,0,,,,none,blockchain-valid_active_0,0,False,239,8,
n500-identities_c10-conc_mech-blockchain-1backend_valid-active_r30_audit-off_20260831T033215Z,obs_9dee61c1f86e425ba85d7056a8e4d4d4,2026-08-31T03:32:16.542254+00:00,blockchain,valid_active,20,10,UAV-VALID,ACCEPTED,ACCEPTED,True,189851200,189.8512,39900,189565000,0,2500,178600,4700,0,0,,,,none,blockchain-valid_active_5,0,False,239,8,
n500-identities_c10-conc_mech-blockchain-1backend_valid-active_r30_audit-off_20260831T033215Z,obs_8df2429b30e64d488ed402c25a6d0189,2026-08-31T03:32:16.549092+00:00,blockchain,valid_active,21,10,UAV-VALID,ACCEPTED,ACCEPTED,True,189058500,189.0585,42100,188630800,0,4700,271700,7300,0,0,,,,none,blockchain-valid_active_6,0,False,238,8,
n500-identities_c10-conc_mech-blockchain-1backend_valid-active_r30_audit-off_20260831T033215Z,obs_6f1919a39bf54f2284658ed9078c70a9,2026-08-31T03:32:16.571100+00:00,blockchain,valid_active,22,10,UAV-VALID,ACCEPTED,ACCEPTED,True,220533900,220.5339,41200,220258600,0,2400,168900,4300,0,0,,,,none,blockchain-valid_active_2,0,False,240,8,
n500-identities_c10-conc_mech-blockchain-1backend_valid-active_r30_audit-off_20260831T033215Z,obs_f630ea38044f40ada6d422ea0db16be2,2026-08-31T03:32:16.574448+00:00,blockchain,valid_active,23,10,UAV-VALID,ACCEPTED,ACCEPTED,True,218840900,218.8409,42500,218358200,0,4600,289300,33100,0,0,,,,none,blockchain-valid_active_3,0,False,239,8,
n500-identities_c10-conc_mech-blockchain-1backend_valid-active_r30_audit-off_20260831T033215Z,obs_f592a5bb15f242ec962e42f2854e80e6,2026-08-31T03:32:16.586994+00:00,blockchain,valid_active,24,10,UAV-VALID,ACCEPTED,ACCEPTED,True,175958100,175.9581,43900,175523100,0,3200,288300,8400,0,0,,,,none,blockchain-valid_active_9,0,False,240,8,
n500-identities_c10-conc_mech-blockchain-1backend_valid-active_r30_audit-off_20260831T033215Z,obs_8ed25635dcdf4f3f99adf70368a98b26,2026-08-31T03:32:16.598679+00:00,blockchain,valid_active,26,10,UAV-VALID,ACCEPTED,ACCEPTED,True,171314300,171.3143,57500,170889500,0,4600,252600,8200,0,0,,,,none,blockchain-valid_active_8,0,False,239,8,
n500-identities_c10-conc_mech-blockchain-1backend_valid-active_r30_audit-off_20260831T033215Z,obs_0fe6af8059b5418ea69a0e97d88b463d,2026-08-31T03:32:16.602909+00:00,blockchain,valid_active,25,10,UAV-VALID,ACCEPTED,ACCEPTED,True,204972500,204.9725,54100,204592800,0,3800,232400,6000,0,0,,,,none,blockchain-valid_active_4,0,False,238,8,
n500-identities_c10-conc_mech-blockchain-1backend_valid-active_r30_audit-off_20260831T033215Z,obs_d466ac03dda04a7e97a86fac50b57838,2026-08-31T03:32:16.623534+00:00,blockchain,valid_active,28,10,UAV-VALID,ACCEPTED,ACCEPTED,True,127387400,127.3874,62500,127015500,0,3200,229800,6300,0,0,,,,none,blockchain-valid_active_1,0,False,239,8,
n500-identities_c10-conc_mech-blockchain-1backend_valid-active_r30_audit-off_20260831T033215Z,obs_2cc8732bddd74326baa3931f817e1c01,2026-08-31T03:32:16.635227+00:00,blockchain,valid_active,27,10,UAV-VALID,ACCEPTED,ACCEPTED,True,72438100,72.4381,44700,72002300,0,3700,252400,7100,0,0,,,,none,blockchain-valid_active_7,0,False,239,8,
n500-identities_c10-conc_mech-blockchain-1backend_valid-active_r30_audit-off_20260831T033215Z,obs_717bb3b36cce45a1b864d9380fb1329a,2026-08-31T03:32:16.641569+00:00,blockchain,valid_active,29,10,UAV-VALID,ACCEPTED,ACCEPTED,True,75510500,75.5105,52700,75140200,0,3500,226400,6400,0,0,,,,none,blockchain-valid_active_0,0,False,239,8,
n500-identities_c25-conc_mech-x509-1backend_valid-active_r30_audit-off_20260831T030124Z,obs_9bd6216db77f47a0a85f2d2e48855ac9,2026-08-31T03:01:24.845871+00:00,x509,valid_active,3,25,UAV-VALID,ACCEPTED,ACCEPTED,True,52666600,52.6666,65300,144100,52216400,0,176500,4900,0,0,,,,none,x509-valid_active_5,0,False,239,8,
n500-identities_c25-conc_mech-x509-1backend_valid-active_r30_audit-off_20260831T030124Z,obs_781eeec9743f434ab0895a484b6c0768,2026-08-31T03:01:24.883827+00:00,x509,valid_active,5,25,UAV-VALID,ACCEPTED,ACCEPTED,True,72392500,72.3925,44700,125700,71867200,0,230600,5500,0,0,,,,none,x509-valid_active_7,0,False,238,8,
n500-identities_c25-conc_mech-x509-1backend_valid-active_r30_audit-off_20260831T030124Z,obs_8a1a166a82e041aa947019c23b0c7374,2026-08-31T03:01:24.901455+00:00,x509,valid_active,11,25,UAV-VALID,ACCEPTED,ACCEPTED,True,54542600,54.5426,36500,108800,54102800,0,197400,5300,0,0,,,,none,x509-valid_active_13,0,False,239,8,
n500-identities_c25-conc_mech-x509-1backend_valid-active_r30_audit-off_20260831T030124Z,obs_9bf3b7eaf89241668d676a4b521e0f9f,2026-08-31T03:01:24.884763+00:00,x509,valid_active,6,25,UAV-VALID,ACCEPTED,ACCEPTED,True,68186800,68.1868,49500,87500,67770100,0,205500,4500,0,0,,,,none,x509-valid_active_8,0,False,239,8,
n500-identities_c25-conc_mech-x509-1backend_valid-active_r30_audit-off_20260831T030124Z,obs_22b992ae65bb469e988d9977addedb17,2026-08-31T03:01:24.892423+00:00,x509,valid_active,2,25,UAV-VALID,ACCEPTED,ACCEPTED,True,82165400,82.1654,49800,120800,81664100,0,222000,6400,0,0,,,,none,x509-valid_active_4,0,False,240,8,
n500-identities_c25-conc_mech-x509-1backend_valid-active_r30_audit-off_20260831T030124Z,obs_b44cee991c784181b1676878234e48b5,2026-08-31T03:01:24.855868+00:00,x509,valid_active,1,25,UAV-VALID,ACCEPTED,ACCEPTED,True,61572200,61.5722,56700,131700,61106800,0,173400,4000,0,0,,,,none,x509-valid_active_3,0,False,239,8,
n500-identities_c25-conc_mech-x509-1backend_valid-active_r30_audit-off_20260831T030124Z,obs_d1d8986bbdbb4592985e30b432a92919,2026-08-31T03:01:24.768793+00:00,x509,valid_active,0,25,UAV-VALID,ACCEPTED,ACCEPTED,True,83038500,83.0385,38900,133300,82497300,0,232800,6900,0,0,,,,none,x509-valid_active_0,0,True,238,8,
n500-identities_c25-conc_mech-x509-1backend_valid-active_r30_audit-off_20260831T030124Z,obs_75f09c70c4da4ea292223e5999c3f3b6,2026-08-31T03:01:24.778394+00:00,x509,valid_active,1,25,UAV-VALID,ACCEPTED,ACCEPTED,True,56581700,56.5817,63000,136200,56086200,0,216100,5500,0,0,,,,none,x509-valid_active_1,0,True,239,8,
n500-identities_c25-conc_mech-x509-1backend_valid-active_r30_audit-off_20260831T030124Z,obs_9f19d1c7bc944da9bd9d2b7b6138f9b7,2026-08-31T03:01:24.841154+00:00,x509,valid_active,4,25,UAV-VALID,ACCEPTED,ACCEPTED,True,70570800,70.5708,55900,112400,70173400,0,165600,3800,0,0,,,,none,x509-valid_active_6,0,False,239,8,
n500-identities_c25-conc_mech-x509-1backend_valid-active_r30_audit-off_20260831T030124Z,obs_fb847e2d0401416fbf49a3258cfef940,2026-08-31T03:01:24.818083+00:00,x509,valid_active,0,25,UAV-VALID,ACCEPTED,ACCEPTED,True,84774100,84.7741,64400,139400,84296200,0,187900,6400,0,0,,,,none,x509-valid_active_2,0,False,239,8,
n500-identities_c25-conc_mech-x509-1backend_valid-active_r30_audit-off_20260831T030124Z,obs_184b103b25134abcadd2534547cbc0bd,2026-08-31T03:01:24.904099+00:00,x509,valid_active,7,25,UAV-VALID,ACCEPTED,ACCEPTED,True,94501700,94.5017,44000,132300,94063000,0,177000,4600,0,0,,,,none,x509-valid_active_9,0,False,238,8,
n500-identities_c25-conc_mech-x509-1backend_valid-active_r30_audit-off_20260831T030124Z,obs_29434ad824a840779a4bdc7fd38963ec,2026-08-31T03:01:24.915030+00:00,x509,valid_active,9,25,UAV-VALID,ACCEPTED,ACCEPTED,True,66889500,66.8895,52200,64500,66603900,0,145800,3200,0,0,,,,none,x509-valid_active_11,0,False,238,8,
n500-identities_c25-conc_mech-x509-1backend_valid-active_r30_audit-off_20260831T030124Z,obs_de3089dd9c0648079864ecf030845c81,2026-08-31T03:01:24.933996+00:00,x509,valid_active,10,25,UAV-VALID,ACCEPTED,ACCEPTED,True,71270900,71.2709,50800,108800,70890800,0,159000,3700,0,0,,,,none,x509-valid_active_12,0,False,239,8,
n500-identities_c25-conc_mech-x509-1backend_valid-active_r30_audit-off_20260831T030124Z,obs_e4bff0fb692f486e998e4c02208842f2,2026-08-31T03:01:24.937310+00:00,x509,valid_active,8,25,UAV-VALID,ACCEPTED,ACCEPTED,True,100176900,100.1769,57000,114300,99729800,0,201200,7300,0,0,,,,none,x509-valid_active_10,0,False,239,8,
n500-identities_c25-conc_mech-x509-1backend_valid-active_r30_audit-off_20260831T030124Z,obs_c2cf5df2c2ff4d5b8c9424477cebd81d,2026-08-31T03:01:24.945001+00:00,x509,valid_active,13,25,UAV-VALID,ACCEPTED,ACCEPTED,True,97521600,97.5216,55800,64100,97058900,0,249200,7700,0,0,,,,none,x509-valid_active_14,0,False,239,8,
n500-identities_c25-conc_mech-x509-1backend_valid-active_r30_audit-off_20260831T030124Z,obs_d619843c28ed4240aa18c9c9a9b771ed,2026-08-31T03:01:24.950433+00:00,x509,valid_active,16,25,UAV-VALID,ACCEPTED,ACCEPTED,True,75310200,75.3102,40000,116200,74908800,0,161000,4900,0,0,,,,none,x509-valid_active_16,0,False,239,8,
n500-identities_c25-conc_mech-x509-1backend_valid-active_r30_audit-off_20260831T030124Z,obs_477cbcad2a984c2a8fa1d247c40b1e1b,2026-08-31T03:01:24.950935+00:00,x509,valid_active,12,25,UAV-VALID,ACCEPTED,ACCEPTED,True,92065500,92.0655,38200,105300,91676000,0,175400,4300,0,0,,,,none,x509-valid_active_0,0,False,239,8,
n500-identities_c25-conc_mech-x509-1backend_valid-active_r30_audit-off_20260831T030124Z,obs_5a70473a4efc4fc08bbff7b115d0afe9,2026-08-31T03:01:24.960283+00:00,x509,valid_active,14,25,UAV-VALID,ACCEPTED,ACCEPTED,True,37304000,37.304,50500,62600,36944200,0,188200,4800,0,0,,,,none,x509-valid_active_1,0,False,240,8,
n500-identities_c25-conc_mech-x509-1backend_valid-active_r30_audit-off_20260831T030124Z,obs_06c4afef45d64066b9c4b9280ef4ca3d,2026-08-31T03:01:24.962214+00:00,x509,valid_active,18,25,UAV-VALID,ACCEPTED,ACCEPTED,True,54903600,54.9036,46300,79800,54616200,0,126700,4500,0,0,,,,none,x509-valid_active_17,0,False,238,8,
n500-identities_c25-conc_mech-x509-1backend_valid-active_r30_audit-off_20260831T030124Z,obs_dafd10ba870645e2b37b32e2be7ab48e,2026-08-31T03:01:24.962539+00:00,x509,valid_active,21,25,UAV-VALID,ACCEPTED,ACCEPTED,True,35128700,35.1287,42600,71200,34864000,0,120300,2700,0,0,,,,none,x509-valid_active_6,0,False,240,8,
n500-identities_c25-conc_mech-x509-1backend_valid-active_r30_audit-off_20260831T030124Z,obs_a72153d5bcb944daa30190eeb90028be,2026-08-31T03:01:24.962950+00:00,x509,valid_active,17,25,UAV-VALID,ACCEPTED,ACCEPTED,True,28401800,28.4018,41400,61700,28146000,0,118900,2800,0,0,,,,none,x509-valid_active_2,0,False,239,8,
n500-identities_c25-conc_mech-x509-1backend_valid-active_r30_audit-off_20260831T030124Z,obs_7c6364ba5e7e41468e0083271cd54691,2026-08-31T03:01:24.963411+00:00,x509,valid_active,19,25,UAV-VALID,ACCEPTED,ACCEPTED,True,21309300,21.3093,37400,114100,20932200,0,156300,2800,0,0,,,,none,x509-valid_active_18,0,False,238,8,
n500-identities_c25-conc_mech-x509-1backend_valid-active_r30_audit-off_20260831T030124Z,obs_66e5b61ae6fa43189deea0a0cd00b349,2026-08-31T03:01:24.963735+00:00,x509,valid_active,15,25,UAV-VALID,ACCEPTED,ACCEPTED,True,67639600,67.6396,47600,102600,67335600,0,116100,2800,0,0,,,,none,x509-valid_active_15,0,False,239,8,
n500-identities_c25-conc_mech-x509-1backend_valid-active_r30_audit-off_20260831T030124Z,obs_2bb219ae75b04773844a371e3ceaf454,2026-08-31T03:01:24.968154+00:00,x509,valid_active,26,25,UAV-VALID,ACCEPTED,ACCEPTED,True,13238300,13.2383,52300,106400,12823200,0,184000,5300,0,0,,,,none,x509-valid_active_22,0,False,239,8,
n500-identities_c25-conc_mech-x509-1backend_valid-active_r30_audit-off_20260831T030124Z,obs_8c43818315c44b7aa871dcd1e6f933fd,2026-08-31T03:01:24.969215+00:00,x509,valid_active,22,25,UAV-VALID,ACCEPTED,ACCEPTED,True,19531100,19.5311,35400,74900,19178800,0,169600,4400,0,0,,,,none,x509-valid_active_5,0,False,239,8,
n500-identities_c25-conc_mech-x509-1backend_valid-active_r30_audit-off_20260831T030124Z,obs_f02d064fde43467b866296db1361cb2e,2026-08-31T03:01:24.969551+00:00,x509,valid_active,25,25,UAV-VALID,ACCEPTED,ACCEPTED,True,8709800,8.7098,74000,106300,8402000,0,115900,2600,0,0,,,,none,x509-valid_active_21,0,False,239,8,
n500-identities_c25-conc_mech-x509-1backend_valid-active_r30_audit-off_20260831T030124Z,obs_f79135380ee942bd93741846a2e0e2d1,2026-08-31T03:01:24.970727+00:00,x509,valid_active,24,25,UAV-VALID,ACCEPTED,ACCEPTED,True,21576900,21.5769,26000,101700,21251400,0,130900,3500,0,0,,,,none,x509-valid_active_3,0,False,239,8,
n500-identities_c25-conc_mech-x509-1backend_valid-active_r30_audit-off_20260831T030124Z,obs_ccd693c9b9ca47f98f977b79e282b1c6,2026-08-31T03:01:24.972102+00:00,x509,valid_active,27,25,UAV-VALID,ACCEPTED,ACCEPTED,True,10428200,10.4282,40300,71000,10154300,0,125300,3200,0,0,,,,none,x509-valid_active_23,0,False,238,8,
n500-identities_c25-conc_mech-x509-1backend_valid-active_r30_audit-off_20260831T030124Z,obs_db1574b24d0647a6a08702dcb4cc851d,2026-08-31T03:01:24.972502+00:00,x509,valid_active,28,25,UAV-VALID,ACCEPTED,ACCEPTED,True,14780200,14.7802,37900,47700,14549600,0,118600,2700,0,0,,,,none,x509-valid_active_7,0,False,239,8,
n500-identities_c25-conc_mech-x509-1backend_valid-active_r30_audit-off_20260831T030124Z,obs_70535cc8b35d4befaee4147716f1e6d0,2026-08-31T03:01:24.972804+00:00,x509,valid_active,20,25,UAV-VALID,ACCEPTED,ACCEPTED,True,16713500,16.7135,55200,79600,16425800,0,129900,3300,0,0,,,,none,x509-valid_active_19,0,False,239,8,
n500-identities_c25-conc_mech-x509-1backend_valid-active_r30_audit-off_20260831T030124Z,obs_f09d157b49e844dfbff82febd140a15e,2026-08-31T03:01:24.973201+00:00,x509,valid_active,23,25,UAV-VALID,ACCEPTED,ACCEPTED,True,15961100,15.9611,32600,57400,15655100,0,159800,4000,0,0,,,,none,x509-valid_active_20,0,False,239,8,
n500-identities_c25-conc_mech-x509-1backend_valid-active_r30_audit-off_20260831T030124Z,obs_0daf8714f7064bf2a3b4c0ab875bdcdc,2026-08-31T03:01:24.974008+00:00,x509,valid_active,29,25,UAV-VALID,ACCEPTED,ACCEPTED,True,6940000,6.94,41000,57800,6455200,0,316600,6500,0,0,,,,none,x509-valid_active_8,0,False,238,8,
n500-identities_c25-conc_mech-blockchain-1backend_valid-active_r30_audit-off_20260831T030125Z,obs_9f643c0f12064ec8939a2d73146ae872,2026-08-31T03:01:26.178425+00:00,blockchain,valid_active,0,25,UAV-VALID,ACCEPTED,ACCEPTED,True,167683000,167.683,32800,167429200,0,2600,159200,3800,0,0,,,,none,blockchain-valid_active_0,0,True,239,8,
n500-identities_c25-conc_mech-blockchain-1backend_valid-active_r30_audit-off_20260831T030125Z,obs_dc7328bd81b54e9eb42b6a6db8d539ef,2026-08-31T03:01:26.207532+00:00,blockchain,valid_active,1,25,UAV-VALID,ACCEPTED,ACCEPTED,True,187478100,187.4781,36700,187163500,0,2000,234400,3300,0,0,,,,none,blockchain-valid_active_1,0,True,239,8,
n500-identities_c25-conc_mech-blockchain-1backend_valid-active_r30_audit-off_20260831T030125Z,obs_b6594324939a4475b9731fe095314537,2026-08-31T03:01:26.224748+00:00,blockchain,valid_active,0,25,UAV-VALID,ACCEPTED,ACCEPTED,True,195401000,195.401,38700,195149700,0,2800,155400,4300,0,0,,,,none,blockchain-valid_active_2,0,False,239,8,
n500-identities_c25-conc_mech-blockchain-1backend_valid-active_r30_audit-off_20260831T030125Z,obs_0253de6feec14012b229e27833e9a284,2026-08-31T03:01:26.255149+00:00,blockchain,valid_active,2,25,UAV-VALID,ACCEPTED,ACCEPTED,True,199580400,199.5804,41900,199325500,0,3100,151800,3500,0,0,,,,none,blockchain-valid_active_4,0,False,238,8,
n500-identities_c25-conc_mech-blockchain-1backend_valid-active_r30_audit-off_20260831T030125Z,obs_5da9e487902c42cf80056c09f10021c8,2026-08-31T03:01:26.256304+00:00,blockchain,valid_active,1,25,UAV-VALID,ACCEPTED,ACCEPTED,True,203686100,203.6861,35100,203483700,0,2000,131300,2800,0,0,,,,none,blockchain-valid_active_3,0,False,238,8,
n500-identities_c25-conc_mech-blockchain-1backend_valid-active_r30_audit-off_20260831T030125Z,obs_85db373855b1438eb79dfd0da328e8a4,2026-08-31T03:01:26.271890+00:00,blockchain,valid_active,3,25,UAV-VALID,ACCEPTED,ACCEPTED,True,203030300,203.0303,42000,202737400,0,2500,187200,4400,0,0,,,,none,blockchain-valid_active_5,0,False,240,8,
n500-identities_c25-conc_mech-blockchain-1backend_valid-active_r30_audit-off_20260831T030125Z,obs_ebb9d606aa394a75a869a071119f63b7,2026-08-31T03:01:26.281908+00:00,blockchain,valid_active,8,25,UAV-VALID,ACCEPTED,ACCEPTED,True,188948000,188.948,32000,188587600,0,3900,225600,6600,0,0,,,,none,blockchain-valid_active_10,0,False,238,8,
n500-identities_c25-conc_mech-blockchain-1backend_valid-active_r30_audit-off_20260831T030125Z,obs_0dfe67b8c362423abe2016d1034ac149,2026-08-31T03:01:26.294959+00:00,blockchain,valid_active,5,25,UAV-VALID,ACCEPTED,ACCEPTED,True,228034700,228.0347,37600,227600900,0,4700,256400,7800,0,0,,,,none,blockchain-valid_active_7,0,False,238,8,
n500-identities_c25-conc_mech-blockchain-1backend_valid-active_r30_audit-off_20260831T030125Z,obs_3db7e344e69b46bca2e8bfa393096be8,2026-08-31T03:01:26.312265+00:00,blockchain,valid_active,4,25,UAV-VALID,ACCEPTED,ACCEPTED,True,254090200,254.0902,29600,253737100,0,4300,226400,6400,0,0,,,,none,blockchain-valid_active_6,0,False,240,8,
n500-identities_c25-conc_mech-blockchain-1backend_valid-active_r30_audit-off_20260831T030125Z,obs_852b6d9727e241068cc7028ec3522606,2026-08-31T03:01:26.341779+00:00,blockchain,valid_active,7,25,UAV-VALID,ACCEPTED,ACCEPTED,True,231949300,231.9493,57000,231530400,0,4900,251700,6100,0,0,,,,none,blockchain-valid_active_9,0,False,238,8,
n500-identities_c25-conc_mech-blockchain-1backend_valid-active_r30_audit-off_20260831T030125Z,obs_7f0a3c6bae68465cbd09fc12b11ccf64,2026-08-31T03:01:26.363695+00:00,blockchain,valid_active,6,25,UAV-VALID,ACCEPTED,ACCEPTED,True,273319200,273.3192,35300,273081700,0,2500,146800,3700,0,0,,,,none,blockchain-valid_active_8,0,False,240,8,
n500-identities_c25-conc_mech-blockchain-1backend_valid-active_r30_audit-off_20260831T030125Z,obs_856def14e0884009ae56bfddbb41e7d8,2026-08-31T03:01:26.389831+00:00,blockchain,valid_active,9,25,UAV-VALID,ACCEPTED,ACCEPTED,True,261876400,261.8764,36900,261621600,0,3200,156100,4100,0,0,,,,none,blockchain-valid_active_11,0,False,238,8,
n500-identities_c25-conc_mech-blockchain-1backend_valid-active_r30_audit-off_20260831T030125Z,obs_196bbf90fd7a4b03b868154802c4681a,2026-08-31T03:01:26.392567+00:00,blockchain,valid_active,10,25,UAV-VALID,ACCEPTED,ACCEPTED,True,271342600,271.3426,34000,271118400,0,2000,139300,3300,0,0,,,,none,blockchain-valid_active_12,0,False,239,8,
n500-identities_c25-conc_mech-blockchain-1backend_valid-active_r30_audit-off_20260831T030125Z,obs_19faf7bb2c3f43f5ac13f6d4b8b9a641,2026-08-31T03:01:26.406199+00:00,blockchain,valid_active,15,25,UAV-VALID,ACCEPTED,ACCEPTED,True,217671200,217.6712,38400,217427700,0,2700,153200,3500,0,0,,,,none,blockchain-valid_active_17,0,False,239,8,
n500-identities_c25-conc_mech-blockchain-1backend_valid-active_r30_audit-off_20260831T030125Z,obs_56052800983e4b0cbd6822d4f93be1bf,2026-08-31T03:01:26.411137+00:00,blockchain,valid_active,16,25,UAV-VALID,ACCEPTED,ACCEPTED,True,214393500,214.3935,36800,214138000,0,2900,157200,4000,0,0,,,,none,blockchain-valid_active_18,0,False,238,8,
n500-identities_c25-conc_mech-blockchain-1backend_valid-active_r30_audit-off_20260831T030125Z,obs_e24472a53c7a4e9cb3ac0111cd5c0295,2026-08-31T03:01:26.413257+00:00,blockchain,valid_active,13,25,UAV-VALID,ACCEPTED,ACCEPTED,True,255366200,255.3662,47400,255120600,0,2400,148700,3400,0,0,,,,none,blockchain-valid_active_15,0,False,239,8,
n500-identities_c25-conc_mech-blockchain-1backend_valid-active_r30_audit-off_20260831T030125Z,obs_6457a48314e6424aa889330a3573bcb8,2026-08-31T03:01:26.415950+00:00,blockchain,valid_active,18,25,UAV-VALID,ACCEPTED,ACCEPTED,True,216924200,216.9242,31900,216556400,0,3800,229700,6600,0,0,,,,none,blockchain-valid_active_20,0,False,239,8,
n500-identities_c25-conc_mech-blockchain-1backend_valid-active_r30_audit-off_20260831T030125Z,obs_fc16ed367cf74ee3a0b60d307d4a13d3,2026-08-31T03:01:26.422901+00:00,blockchain,valid_active,12,25,UAV-VALID,ACCEPTED,ACCEPTED,True,273371100,273.3711,64700,273094700,0,3000,164000,3700,0,0,,,,none,blockchain-valid_active_14,0,False,240,8,
n500-identities_c25-conc_mech-blockchain-1backend_valid-active_r30_audit-off_20260831T030125Z,obs_a74e19405bb74ff094500c87cf19be83,2026-08-31T03:01:26.424388+00:00,blockchain,valid_active,17,25,UAV-VALID,ACCEPTED,ACCEPTED,True,203486200,203.4862,57200,203261800,0,2200,138100,2500,0,0,,,,none,blockchain-valid_active_19,0,False,239,8,
n500-identities_c25-conc_mech-blockchain-1backend_valid-active_r30_audit-off_20260831T030125Z,obs_489a2a686b3b4ac29322394af0706fcb,2026-08-31T03:01:26.425645+00:00,blockchain,valid_active,26,25,UAV-VALID,ACCEPTED,ACCEPTED,True,90330700,90.3307,48400,90133900,0,1800,125800,3000,0,0,,,,none,blockchain-valid_active_4,0,False,239,8,
n500-identities_c25-conc_mech-blockchain-1backend_valid-active_r30_audit-off_20260831T030125Z,obs_0103f29efa884230a8387522e3f9bdae,2026-08-31T03:01:26.426461+00:00,blockchain,valid_active,23,25,UAV-VALID,ACCEPTED,ACCEPTED,True,187040100,187.0401,26900,186852800,0,2000,121900,2800,0,0,,,,none,blockchain-valid_active_0,0,False,240,8,
n500-identities_c25-conc_mech-blockchain-1backend_valid-active_r30_audit-off_20260831T030125Z,obs_f7661ddcea3a48ff81a645e2f73b46db,2026-08-31T03:01:26.427578+00:00,blockchain,valid_active,19,25,UAV-VALID,ACCEPTED,ACCEPTED,True,221214400,221.2144,35800,220955200,0,1700,192500,2800,0,0,,,,none,blockchain-valid_active_21,0,False,238,8,
n500-identities_c25-conc_mech-blockchain-1backend_valid-active_r30_audit-off_20260831T030125Z,obs_2f56737d278b48558b41692580c9b2b6,2026-08-31T03:01:26.428863+00:00,blockchain,valid_active,14,25,UAV-VALID,ACCEPTED,ACCEPTED,True,249213000,249.213,36800,248990900,0,2000,142500,3700,0,0,,,,none,blockchain-valid_active_16,0,False,239,8,
n500-identities_c25-conc_mech-blockchain-1backend_valid-active_r30_audit-off_20260831T030125Z,obs_d8c1d334e3c54c98ae2d321cfb800e3a,2026-08-31T03:01:26.435728+00:00,blockchain,valid_active,11,25,UAV-VALID,ACCEPTED,ACCEPTED,True,297444100,297.4441,32800,297198100,0,2500,154700,3400,0,0,,,,none,blockchain-valid_active_13,0,False,240,8,
n500-identities_c25-conc_mech-blockchain-1backend_valid-active_r30_audit-off_20260831T030125Z,obs_39a3b1ce55f34335a838144482c1de76,2026-08-31T03:01:26.437096+00:00,blockchain,valid_active,20,25,UAV-VALID,ACCEPTED,ACCEPTED,True,198367900,198.3679,33500,198131800,0,2500,151700,3900,0,0,,,,none,blockchain-valid_active_22,0,False,238,8,
n500-identities_c25-conc_mech-blockchain-1backend_valid-active_r30_audit-off_20260831T030125Z,obs_5c9206746c9741c7a68f01825e78f5c4,2026-08-31T03:01:26.439298+00:00,blockchain,valid_active,21,25,UAV-VALID,ACCEPTED,ACCEPTED,True,211429200,211.4292,28000,211202100,0,2100,146700,3300,0,0,,,,none,blockchain-valid_active_23,0,False,239,8,
n500-identities_c25-conc_mech-blockchain-1backend_valid-active_r30_audit-off_20260831T030125Z,obs_b17c9244d4aa4706b898c4584fb11eeb,2026-08-31T03:01:26.443761+00:00,blockchain,valid_active,24,25,UAV-VALID,ACCEPTED,ACCEPTED,True,168231800,168.2318,33000,167985000,0,3100,157300,4400,0,0,,,,none,blockchain-valid_active_1,0,False,239,8,
n500-identities_c25-conc_mech-blockchain-1backend_valid-active_r30_audit-off_20260831T030125Z,obs_9abbb3a9aa3b434186326451cae86b1f,2026-08-31T03:01:26.447425+00:00,blockchain,valid_active,27,25,UAV-VALID,ACCEPTED,ACCEPTED,True,100841300,100.8413,33400,100477800,0,2600,225300,6900,0,0,,,,none,blockchain-valid_active_3,0,False,239,8,
n500-identities_c25-conc_mech-blockchain-1backend_valid-active_r30_audit-off_20260831T030125Z,obs_bc4b66e0ae82456bbcf33f1fd746a93f,2026-08-31T03:01:26.452288+00:00,blockchain,valid_active,22,25,UAV-VALID,ACCEPTED,ACCEPTED,True,207686300,207.6863,46200,207429300,0,2900,155000,3900,0,0,,,,none,blockchain-valid_active_24,0,False,239,8,
n500-identities_c25-conc_mech-blockchain-1backend_valid-active_r30_audit-off_20260831T030125Z,obs_8f90ceae684c41bf826b6931aff35db7,2026-08-31T03:01:26.453675+00:00,blockchain,valid_active,25,25,UAV-VALID,ACCEPTED,ACCEPTED,True,122352500,122.3525,58000,122126300,0,2200,136800,3400,0,0,,,,none,blockchain-valid_active_2,0,False,240,8,
n500-identities_c25-conc_mech-blockchain-1backend_valid-active_r30_audit-off_20260831T030125Z,obs_0038d96c7c69437eb73ab37082d26c74,2026-08-31T03:01:26.458362+00:00,blockchain,valid_active,29,25,UAV-VALID,ACCEPTED,ACCEPTED,True,67864900,67.8649,36600,67629000,0,2800,152000,3800,0,0,,,,none,blockchain-valid_active_10,0,False,240,8,
n500-identities_c25-conc_mech-blockchain-1backend_valid-active_r30_audit-off_20260831T030125Z,obs_e1016e9d275b4878adadaa3ade24d64e,2026-08-31T03:01:26.462134+00:00,blockchain,valid_active,28,25,UAV-VALID,ACCEPTED,ACCEPTED,True,75254000,75.254,49400,74955500,0,4100,177500,6300,0,0,,,,none,blockchain-valid_active_5,0,False,239,8,
n500-identities_c50-conc_mech-x509-1backend_valid-active_r30_audit-off_20260831T030127Z,obs_a9f4b68f9ccd4314a495c8e877ffe777,2026-08-31T03:01:27.765850+00:00,x509,valid_active,3,50,UAV-VALID,ACCEPTED,ACCEPTED,True,49323500,49.3235,45200,79800,48973100,0,183200,4200,0,0,,,,none,x509-valid_active_5,0,False,240,8,
n500-identities_c50-conc_mech-x509-1backend_valid-active_r30_audit-off_20260831T030127Z,obs_ef345a3c59774f4d84658b4887e8b242,2026-08-31T03:01:27.758379+00:00,x509,valid_active,2,50,UAV-VALID,ACCEPTED,ACCEPTED,True,53564500,53.5645,36300,89100,52966500,0,365300,6900,0,0,,,,none,x509-valid_active_4,0,False,239,8,
n500-identities_c50-conc_mech-x509-1backend_valid-active_r30_audit-off_20260831T030127Z,obs_0cecb9b060c94e52bb3156170edcdea1,2026-08-31T03:01:27.689245+00:00,x509,valid_active,0,50,UAV-VALID,ACCEPTED,ACCEPTED,True,32822100,32.8221,32400,83100,32432200,0,187700,5200,0,0,,,,none,x509-valid_active_0,0,True,239,8,
n500-identities_c50-conc_mech-x509-1backend_valid-active_r30_audit-off_20260831T030127Z,obs_3a84e413ba6f48c88f4d7fc622164133,2026-08-31T03:01:27.682875+00:00,x509,valid_active,1,50,UAV-VALID,ACCEPTED,ACCEPTED,True,15795300,15.7953,53500,119400,15297700,0,216100,6400,0,0,,,,none,x509-valid_active_1,0,True,238,8,
n500-identities_c50-conc_mech-x509-1backend_valid-active_r30_audit-off_20260831T030127Z,obs_eba7cc0a7f9f4ac38ca7331f85b6c67d,2026-08-31T03:01:27.714486+00:00,x509,valid_active,0,50,UAV-VALID,ACCEPTED,ACCEPTED,True,37616900,37.6169,48200,114100,37237800,0,148400,3900,0,0,,,,none,x509-valid_active_2,0,False,238,8,
n500-identities_c50-conc_mech-x509-1backend_valid-active_r30_audit-off_20260831T030127Z,obs_c33b470565844070ac5d154782d092ab,2026-08-31T03:01:27.797231+00:00,x509,valid_active,5,50,UAV-VALID,ACCEPTED,ACCEPTED,True,48632500,48.6325,35800,88900,48201500,0,219300,4900,0,0,,,,none,x509-valid_active_7,0,False,240,8,
n500-identities_c50-conc_mech-x509-1backend_valid-active_r30_audit-off_20260831T030127Z,obs_e7058081df6948e0bafc3d0f1e07fce5,2026-08-31T03:01:27.765311+00:00,x509,valid_active,4,50,UAV-VALID,ACCEPTED,ACCEPTED,True,48080300,48.0803,56500,65300,47730700,0,180200,4600,0,0,,,,none,x509-valid_active_6,0,False,238,8,
n500-identities_c50-conc_mech-x509-1backend_valid-active_r30_audit-off_20260831T030127Z,obs_c15c59bb811a41d0a3387da373070154,2026-08-31T03:01:27.755115+00:00,x509,valid_active,1,50,UAV-VALID,ACCEPTED,ACCEPTED,True,48668300,48.6683,41100,83500,48329500,0,148600,3400,0,0,,,,none,x509-valid_active_3,0,False,239,8,
n500-identities_c50-conc_mech-x509-1backend_valid-active_r30_audit-off_20260831T030127Z,obs_0debfff411744f0eb43a72dd0bcd6a9b,2026-08-31T03:01:27.802829+00:00,x509,valid_active,6,50,UAV-VALID,ACCEPTED,ACCEPTED,True,72900100,72.9001,35100,82900,72564100,0,146000,3600,0,0,,,,none,x509-valid_active_8,0,False,239,8,
n500-identities_c50-conc_mech-x509-1backend_valid-active_r30_audit-off_20260831T030127Z,obs_82d0edf599a8444c98cc4b148a79de4b,2026-08-31T03:01:27.806116+00:00,x509,valid_active,7,50,UAV-VALID,ACCEPTED,ACCEPTED,True,50678500,50.6785,32900,85200,50243000,0,199000,4500,0,0,,,,none,x509-valid_active_9,0,False,239,8,
n500-identities_c50-conc_mech-x509-1backend_valid-active_r30_audit-off_20260831T030127Z,obs_ce8be9544bda4446a6380c3a4ce8bb6e,2026-08-31T03:01:27.818772+00:00,x509,valid_active,13,50,UAV-VALID,ACCEPTED,ACCEPTED,True,54261300,54.2613,32700,88800,53924300,0,151200,4300,0,0,,,,none,x509-valid_active_13,0,False,238,8,
n500-identities_c50-conc_mech-x509-1backend_valid-active_r30_audit-off_20260831T030127Z,obs_623d50a4448e4746a92b768647a3ed7b,2026-08-31T03:01:27.823361+00:00,x509,valid_active,9,50,UAV-VALID,ACCEPTED,ACCEPTED,True,60672300,60.6723,55300,114900,60323800,0,132600,4500,0,0,,,,none,x509-valid_active_10,0,False,239,8,
n500-identities_c50-conc_mech-x509-1backend_valid-active_r30_audit-off_20260831T030127Z,obs_ceb243d9a76a47f395f118471d338a74,2026-08-31T03:01:27.841815+00:00,x509,valid_active,8,50,UAV-VALID,ACCEPTED,ACCEPTED,True,66282400,66.2824,34200,76400,65963600,0,142300,3500,0,0,,,,none,x509-valid_active_1,0,False,240,8,
n500-identities_c50-conc_mech-x509-1backend_valid-active_r30_audit-off_20260831T030127Z,obs_1e23daf56e6f4509b70c98524c857fb7,2026-08-31T03:01:27.842840+00:00,x509,valid_active,11,50,UAV-VALID,ACCEPTED,ACCEPTED,True,62175300,62.1753,29400,60900,61887000,0,134700,3400,0,0,,,,none,x509-valid_active_0,0,False,238,8,
n500-identities_c50-conc_mech-x509-1backend_valid-active_r30_audit-off_20260831T030127Z,obs_bfbeded7f0c14c09a21b75eda3152eb3,2026-08-31T03:01:27.847784+00:00,x509,valid_active,12,50,UAV-VALID,ACCEPTED,ACCEPTED,True,72977400,72.9774,38900,143700,72564800,0,152500,3600,0,0,,,,none,x509-valid_active_12,0,False,240,8,
n500-identities_c50-conc_mech-x509-1backend_valid-active_r30_audit-off_20260831T030127Z,obs_04482c4379e044ff9707972bf2069bc2,2026-08-31T03:01:27.848576+00:00,x509,valid_active,14,50,UAV-VALID,ACCEPTED,ACCEPTED,True,56437500,56.4375,47600,88900,56146600,0,111100,3000,0,0,,,,none,x509-valid_active_14,0,False,239,8,
n500-identities_c50-conc_mech-x509-1backend_valid-active_r30_audit-off_20260831T030127Z,obs_0e82c87a7a9b4e52a29ae86545ae1fd3,2026-08-31T03:01:27.849152+00:00,x509,valid_active,10,50,UAV-VALID,ACCEPTED,ACCEPTED,True,77465600,77.4656,37900,80700,77131400,0,160800,3600,0,0,,,,none,x509-valid_active_11,0,False,238,8,
n500-identities_c50-conc_mech-x509-1backend_valid-active_r30_audit-off_20260831T030127Z,obs_59d17e05ca7047a89a1a38cbe1ef32d8,2026-08-31T03:01:27.850651+00:00,x509,valid_active,16,50,UAV-VALID,ACCEPTED,ACCEPTED,True,59218500,59.2185,32900,89100,58869800,0,164700,3900,0,0,,,,none,x509-valid_active_15,0,False,240,8,
n500-identities_c50-conc_mech-x509-1backend_valid-active_r30_audit-off_20260831T030127Z,obs_5567bab0e5414860b3a02178a0fc5e28,2026-08-31T03:01:27.852151+00:00,x509,valid_active,15,50,UAV-VALID,ACCEPTED,ACCEPTED,True,44133200,44.1332,30100,62800,43752100,0,208400,6200,0,0,,,,none,x509-valid_active_2,0,False,239,8,
n500-identities_c50-conc_mech-x509-1backend_valid-active_r30_audit-off_20260831T030127Z,obs_9d76886cfef74a4ca86772474df89e4f,2026-08-31T03:01:27.859357+00:00,x509,valid_active,18,50,UAV-VALID,ACCEPTED,ACCEPTED,True,35736500,35.7365,31700,106100,35437200,0,124600,3400,0,0,,,,none,x509-valid_active_17,0,False,238,8,
n500-identities_c50-conc_mech-x509-1backend_valid-active_r30_audit-off_20260831T030127Z,obs_d85f2ed01a414a02aaba5f5c3e55a799,2026-08-31T03:01:27.860750+00:00,x509,valid_active,21,50,UAV-VALID,ACCEPTED,ACCEPTED,True,38630400,38.6304,32900,106200,38321000,0,110300,2600,0,0,,,,none,x509-valid_active_4,0,False,240,8,
n500-identities_c50-conc_mech-x509-1backend_valid-active_r30_audit-off_20260831T030127Z,obs_a389ff5e41ea42949ec426593e9b156f,2026-08-31T03:01:27.861012+00:00,x509,valid_active,19,50,UAV-VALID,ACCEPTED,ACCEPTED,True,36755700,36.7557,39000,77400,36508600,0,107500,2300,0,0,,,,none,x509-valid_active_18,0,False,239,8,
n500-identities_c50-conc_mech-x509-1backend_valid-active_r30_audit-off_20260831T030127Z,obs_219285bca77b4e1c9a341f80a5783aa2,2026-08-31T03:01:27.862082+00:00,x509,valid_active,26,50,UAV-VALID,ACCEPTED,ACCEPTED,True,13982600,13.9826,33000,65300,13732000,0,116400,2900,0,0,,,,none,x509-valid_active_21,0,False,239,8,
n500-identities_c50-conc_mech-x509-1backend_valid-active_r30_audit-off_20260831T030127Z,obs_80a1aba913674ba98ec9456e98e0e93d,2026-08-31T03:01:27.863095+00:00,x509,valid_active,17,50,UAV-VALID,ACCEPTED,ACCEPTED,True,56567700,56.5677,35500,102800,56269400,0,116100,2600,0,0,,,,none,x509-valid_active_16,0,False,240,8,
n500-identities_c50-conc_mech-x509-1backend_valid-active_r30_audit-off_20260831T030127Z,obs_5682d9f85e834b409e2ac9d019fd867d,2026-08-31T03:01:27.863764+00:00,x509,valid_active,23,50,UAV-VALID,ACCEPTED,ACCEPTED,True,12283000,12.283,23500,58100,12043600,0,112100,2500,0,0,,,,none,x509-valid_active_6,0,False,238,8,
n500-identities_c50-conc_mech-x509-1backend_valid-active_r30_audit-off_20260831T030127Z,obs_4fab64bc72c14873b8d7aa59fade4a3e,2026-08-31T03:01:27.866279+00:00,x509,valid_active,27,50,UAV-VALID,ACCEPTED,ACCEPTED,True,12159300,12.1593,20800,95300,11853100,0,119000,3200,0,0,,,,none,x509-valid_active_22,0,False,238,8,
n500-identities_c50-conc_mech-x509-1backend_valid-active_r30_audit-off_20260831T030127Z,obs_c05904ce0de14afab64e0aa26529301c,2026-08-31T03:01:27.868529+00:00,x509,valid_active,24,50,UAV-VALID,ACCEPTED,ACCEPTED,True,16077700,16.0777,29500,77000,15619600,0,240500,5900,0,0,,,,none,x509-valid_active_5,0,False,238,8,
n500-identities_c50-conc_mech-x509-1backend_valid-active_r30_audit-off_20260831T030127Z,obs_3d58f28eeb8f46de9126fe5314325059,2026-08-31T03:01:27.869097+00:00,x509,valid_active,20,50,UAV-VALID,ACCEPTED,ACCEPTED,True,11170800,11.1708,22700,56200,10793600,0,219500,5700,0,0,,,,none,x509-valid_active_3,0,False,240,8,
n500-identities_c50-conc_mech-x509-1backend_valid-active_r30_audit-off_20260831T030127Z,obs_ca041e705bee496cba28ea8495691109,2026-08-31T03:01:27.869874+00:00,x509,valid_active,28,50,UAV-VALID,ACCEPTED,ACCEPTED,True,9582600,9.5826,23400,75700,8935100,0,445100,7000,0,0,,,,none,x509-valid_active_23,0,False,239,8,
n500-identities_c50-conc_mech-x509-1backend_valid-active_r30_audit-off_20260831T030127Z,obs_9f057e83570945c2ad29ef05506fbbc7,2026-08-31T03:01:27.871782+00:00,x509,valid_active,22,50,UAV-VALID,ACCEPTED,ACCEPTED,True,13111100,13.1111,24200,91300,12783300,0,139800,4300,0,0,,,,none,x509-valid_active_19,0,False,239,8,
n500-identities_c50-conc_mech-x509-1backend_valid-active_r30_audit-off_20260831T030127Z,obs_4dce366c777c42c49ad0ae760728d1fe,2026-08-31T03:01:27.872273+00:00,x509,valid_active,25,50,UAV-VALID,ACCEPTED,ACCEPTED,True,12628500,12.6285,19000,68200,12276200,0,179700,5200,0,0,,,,none,x509-valid_active_20,0,False,240,8,
n500-identities_c50-conc_mech-x509-1backend_valid-active_r30_audit-off_20260831T030127Z,obs_c5d389ae7947492481d023b1ac9625c4,2026-08-31T03:01:27.872905+00:00,x509,valid_active,29,50,UAV-VALID,ACCEPTED,ACCEPTED,True,7474300,7.4743,30200,67200,7169900,0,137500,3400,0,0,,,,none,x509-valid_active_7,0,False,239,8,
n500-identities_c50-conc_mech-blockchain-1backend_valid-active_r30_audit-off_20260831T030128Z,obs_58da6e46be134b9a94908da4f5862cce,2026-08-31T03:01:29.026773+00:00,blockchain,valid_active,0,50,UAV-VALID,ACCEPTED,ACCEPTED,True,178742900,178.7429,38400,178376100,0,5400,229300,6100,0,0,,,,none,blockchain-valid_active_0,0,True,239,8,
n500-identities_c50-conc_mech-blockchain-1backend_valid-active_r30_audit-off_20260831T030128Z,obs_169a8e65e3874e38910f0c6cfc1f6e4b,2026-08-31T03:01:29.124469+00:00,blockchain,valid_active,0,50,UAV-VALID,ACCEPTED,ACCEPTED,True,263036400,263.0364,28400,262695500,0,3800,211700,15700,0,0,,,,none,blockchain-valid_active_2,0,False,238,8,
n500-identities_c50-conc_mech-blockchain-1backend_valid-active_r30_audit-off_20260831T030128Z,obs_8c3f2c1b9d064ae7831c8a8a00627f57,2026-08-31T03:01:29.141762+00:00,blockchain,valid_active,5,50,UAV-VALID,ACCEPTED,ACCEPTED,True,253084600,253.0846,67800,252789600,0,2900,169000,4700,0,0,,,,none,blockchain-valid_active_7,0,False,238,8,
n500-identities_c50-conc_mech-blockchain-1backend_valid-active_r30_audit-off_20260831T030128Z,obs_c05183bb8eda4b9ba3ccbd52f4bbfda2,2026-08-31T03:01:29.143323+00:00,blockchain,valid_active,3,50,UAV-VALID,ACCEPTED,ACCEPTED,True,248784700,248.7847,35400,248434000,0,3800,229600,6900,0,0,,,,none,blockchain-valid_active_5,0,False,239,8,
n500-identities_c50-conc_mech-blockchain-1backend_valid-active_r30_audit-off_20260831T030128Z,obs_88617f10ae3e41008cb2dc9466a9b35b,2026-08-31T03:01:29.171893+00:00,blockchain,valid_active,1,50,UAV-VALID,ACCEPTED,ACCEPTED,True,312227000,312.227,33700,311985600,0,2500,151400,3000,0,0,,,,none,blockchain-valid_active_1,0,True,238,8,
n500-identities_c50-conc_mech-blockchain-1backend_valid-active_r30_audit-off_20260831T030128Z,obs_21eafd158dba4276868392bcc15bcb99,2026-08-31T03:01:29.174492+00:00,blockchain,valid_active,6,50,UAV-VALID,ACCEPTED,ACCEPTED,True,268706400,268.7064,33600,268364200,0,3500,186300,4600,0,0,,,,none,blockchain-valid_active_8,0,False,239,8,
n500-identities_c50-conc_mech-blockchain-1backend_valid-active_r30_audit-off_20260831T030128Z,obs_58ae07c2c15c4af89630a9edf8791e83,2026-08-31T03:01:29.179735+00:00,blockchain,valid_active,4,50,UAV-VALID,ACCEPTED,ACCEPTED,True,272193000,272.193,36400,271931000,0,3200,161500,3900,0,0,,,,none,blockchain-valid_active_6,0,False,240,8,
n500-identities_c50-conc_mech-blockchain-1backend_valid-active_r30_audit-off_20260831T030128Z,obs_e9b1bc1ff0e346ca9fe62ac2392b1f6e,2026-08-31T03:01:29.197979+00:00,blockchain,valid_active,1,50,UAV-VALID,ACCEPTED,ACCEPTED,True,315492800,315.4928,61700,315192200,0,2800,176100,4400,0,0,,,,none,blockchain-valid_active_3,0,False,239,8,
n500-identities_c50-conc_mech-blockchain-1backend_valid-active_r30_audit-off_20260831T030128Z,obs_bceca6f8ac3f44d1860dfa3bacf88a0f,2026-08-31T03:01:29.199777+00:00,blockchain,valid_active,7,50,UAV-VALID,ACCEPTED,ACCEPTED,True,265677300,265.6773,28600,265420100,0,2700,178100,3100,0,0,,,,none,blockchain-valid_active_9,0,False,239,8,
n500-identities_c50-conc_mech-blockchain-1backend_valid-active_r30_audit-off_20260831T030128Z,obs_819491a9c2c14571a1b484301634b8f0,2026-08-31T03:01:29.212295+00:00,blockchain,valid_active,2,50,UAV-VALID,ACCEPTED,ACCEPTED,True,319069900,319.0699,41500,318810400,0,3600,158000,4100,0,0,,,,none,blockchain-valid_active_4,0,False,239,8,
n500-identities_c50-conc_mech-blockchain-1backend_valid-active_r30_audit-off_20260831T030128Z,obs_54ea5d4045df4ca79482ed16380829f7,2026-08-31T03:01:29.214451+00:00,blockchain,valid_active,11,50,UAV-VALID,ACCEPTED,ACCEPTED,True,257379000,257.379,45800,257148200,0,2700,144700,3000,0,0,,,,none,blockchain-valid_active_13,0,False,240,8,
n500-identities_c50-conc_mech-blockchain-1backend_valid-active_r30_audit-off_20260831T030128Z,obs_7bd75e1c8831437f818870afcb3cb26c,2026-08-31T03:01:29.254186+00:00,blockchain,valid_active,13,50,UAV-VALID,ACCEPTED,ACCEPTED,True,260240400,260.2404,32000,259880800,0,5000,231900,5200,0,0,,,,none,blockchain-valid_active_15,0,False,238,8,
n500-identities_c50-conc_mech-blockchain-1backend_valid-active_r30_audit-off_20260831T030128Z,obs_dfba37f22dd84fb99f9efb6a5b4e7426,2026-08-31T03:01:29.262174+00:00,blockchain,valid_active,10,50,UAV-VALID,ACCEPTED,ACCEPTED,True,280300200,280.3002,37700,279919000,0,5000,245900,6400,0,0,,,,none,blockchain-valid_active_12,0,False,239,8,
n500-identities_c50-conc_mech-blockchain-1backend_valid-active_r30_audit-off_20260831T030128Z,obs_fa47d5423bee4d298b0ed7e9e2e0a396,2026-08-31T03:01:29.265004+00:00,blockchain,valid_active,17,50,UAV-VALID,ACCEPTED,ACCEPTED,True,237273500,237.2735,30000,236801900,0,5200,296300,8800,0,0,,,,none,blockchain-valid_active_19,0,False,240,8,
n500-identities_c50-conc_mech-blockchain-1backend_valid-active_r30_audit-off_20260831T030128Z,obs_e26980366b394235afceb69168ed75af,2026-08-31T03:01:29.268866+00:00,blockchain,valid_active,15,50,UAV-VALID,ACCEPTED,ACCEPTED,True,268541700,268.5417,29100,268257100,0,3600,175700,4800,0,0,,,,none,blockchain-valid_active_17,0,False,239,8,
n500-identities_c50-conc_mech-blockchain-1backend_valid-active_r30_audit-off_20260831T030128Z,obs_cd84295089ee4eb0b16df2d27cae62ae,2026-08-31T03:01:29.270911+00:00,blockchain,valid_active,14,50,UAV-VALID,ACCEPTED,ACCEPTED,True,282367900,282.3679,33500,282026700,0,10300,193000,15800,0,0,,,,none,blockchain-valid_active_16,0,False,239,8,
n500-identities_c50-conc_mech-blockchain-1backend_valid-active_r30_audit-off_20260831T030128Z,obs_790f5387c71243b5ab61dda77be7bce2,2026-08-31T03:01:29.286517+00:00,blockchain,valid_active,8,50,UAV-VALID,ACCEPTED,ACCEPTED,True,323021900,323.0219,47000,322713000,0,2900,193500,5000,0,0,,,,none,blockchain-valid_active_10,0,False,240,8,
n500-identities_c50-conc_mech-blockchain-1backend_valid-active_r30_audit-off_20260831T030128Z,obs_d70f65818fb3498e944ea2decd009f23,2026-08-31T03:01:29.288539+00:00,blockchain,valid_active,16,50,UAV-VALID,ACCEPTED,ACCEPTED,True,247932300,247.9323,32600,247678500,0,3500,159100,3800,0,0,,,,none,blockchain-valid_active_18,0,False,239,8,
n500-identities_c50-conc_mech-blockchain-1backend_valid-active_r30_audit-off_20260831T030128Z,obs_5bfbd6964e40467186bbece566a4fe42,2026-08-31T03:01:29.290774+00:00,blockchain,valid_active,12,50,UAV-VALID,ACCEPTED,ACCEPTED,True,292848900,292.8489,32000,292608100,0,2600,155200,3900,0,0,,,,none,blockchain-valid_active_14,0,False,239,8,
n500-identities_c50-conc_mech-blockchain-1backend_valid-active_r30_audit-off_20260831T030128Z,obs_3a9f25d22b7740f3b2178acfc23ef49c,2026-08-31T03:01:29.300777+00:00,blockchain,valid_active,9,50,UAV-VALID,ACCEPTED,ACCEPTED,True,340950500,340.9505,53200,340641000,0,2700,158200,4300,0,0,,,,none,blockchain-valid_active_11,0,False,238,8,
n500-identities_c50-conc_mech-blockchain-1backend_valid-active_r30_audit-off_20260831T030128Z,obs_836c7723281d47d3be5ae99245e73d30,2026-08-31T03:01:29.310492+00:00,blockchain,valid_active,19,50,UAV-VALID,ACCEPTED,ACCEPTED,True,248290800,248.2908,44900,247922100,0,4400,232000,4900,0,0,,,,none,blockchain-valid_active_21,0,False,238,8,
n500-identities_c50-conc_mech-blockchain-1backend_valid-active_r30_audit-off_20260831T030128Z,obs_1e56c809985c4079a910056e46569d5d,2026-08-31T03:01:29.313438+00:00,blockchain,valid_active,18,50,UAV-VALID,ACCEPTED,ACCEPTED,True,236339200,236.3392,39700,235926200,0,4400,268000,6700,0,0,,,,none,blockchain-valid_active_20,0,False,240,8,
n500-identities_c50-conc_mech-blockchain-1backend_valid-active_r30_audit-off_20260831T030128Z,obs_aa9fa3a085a241b78ba5fd2e4290b947,2026-08-31T03:01:29.317095+00:00,blockchain,valid_active,22,50,UAV-VALID,ACCEPTED,ACCEPTED,True,190950400,190.9504,38300,190652300,0,3800,184200,4500,0,0,,,,none,blockchain-valid_active_24,0,False,240,8,
n500-identities_c50-conc_mech-blockchain-1backend_valid-active_r30_audit-off_20260831T030128Z,obs_73de16185b2b4b82892c7239218b3000,2026-08-31T03:01:29.319603+00:00,blockchain,valid_active,21,50,UAV-VALID,ACCEPTED,ACCEPTED,True,233478300,233.4783,63600,233203100,0,2800,160100,4100,0,0,,,,none,blockchain-valid_active_23,0,False,239,8,
n500-identities_c50-conc_mech-blockchain-1backend_valid-active_r30_audit-off_20260831T030128Z,obs_ee21a439f8214c088cf6a5d6ccc38513,2026-08-31T03:01:29.320876+00:00,blockchain,valid_active,24,50,UAV-VALID,ACCEPTED,ACCEPTED,True,214330900,214.3309,41500,214091500,0,2500,151700,3800,0,0,,,,none,blockchain-valid_active_0,0,False,239,8,
n500-identities_c50-conc_mech-blockchain-1backend_valid-active_r30_audit-off_20260831T030128Z,obs_5e9ca709b4b641eb855ade8f00618dd7,2026-08-31T03:01:29.324570+00:00,blockchain,valid_active,20,50,UAV-VALID,ACCEPTED,ACCEPTED,True,265898700,265.8987,39700,265621000,0,3400,167900,5200,0,0,,,,none,blockchain-valid_active_22,0,False,239,8,
n500-identities_c50-conc_mech-blockchain-1backend_valid-active_r30_audit-off_20260831T030128Z,obs_85d070d2d07144e0b3aa45ff1c747b69,2026-08-31T03:01:29.330118+00:00,blockchain,valid_active,27,50,UAV-VALID,ACCEPTED,ACCEPTED,True,166566000,166.566,34500,166304400,0,2900,163700,4800,0,0,,,,none,blockchain-valid_active_28,0,False,238,8,
n500-identities_c50-conc_mech-blockchain-1backend_valid-active_r30_audit-off_20260831T030128Z,obs_2678e301bbc744e8a62cec591788025e,2026-08-31T03:01:29.348448+00:00,blockchain,valid_active,23,50,UAV-VALID,ACCEPTED,ACCEPTED,True,192903400,192.9034,53200,192444300,0,7100,255200,7600,0,0,,,,none,blockchain-valid_active_25,0,False,239,8,
n500-identities_c50-conc_mech-blockchain-1backend_valid-active_r30_audit-off_20260831T030128Z,obs_3e955d5d56f04d99929f7c7e97fb4663,2026-08-31T03:01:29.351776+00:00,blockchain,valid_active,28,50,UAV-VALID,ACCEPTED,ACCEPTED,True,189322300,189.3223,37900,188880500,0,5000,287600,11300,0,0,,,,none,blockchain-valid_active_29,0,False,240,8,
n500-identities_c50-conc_mech-blockchain-1backend_valid-active_r30_audit-off_20260831T030128Z,obs_3b62a844238e41488dbbde352027a00c,2026-08-31T03:01:29.355252+00:00,blockchain,valid_active,26,50,UAV-VALID,ACCEPTED,ACCEPTED,True,190182100,190.1821,31500,189927600,0,2700,157600,4500,0,0,,,,none,blockchain-valid_active_27,0,False,238,8,
n500-identities_c50-conc_mech-blockchain-1backend_valid-active_r30_audit-off_20260831T030128Z,obs_bf7faca9e61b4d84b2165b5f30810a27,2026-08-31T03:01:29.361859+00:00,blockchain,valid_active,29,50,UAV-VALID,ACCEPTED,ACCEPTED,True,158685500,158.6855,29800,158431500,0,2800,162000,4400,0,0,,,,none,blockchain-valid_active_30,0,False,240,8,
n500-identities_c50-conc_mech-blockchain-1backend_valid-active_r30_audit-off_20260831T030128Z,obs_fff3eea791cb4305b607a2aa322abae8,2026-08-31T03:01:29.366388+00:00,blockchain,valid_active,25,50,UAV-VALID,ACCEPTED,ACCEPTED,True,182691100,182.6911,60900,182435100,0,2500,152700,3700,0,0,,,,none,blockchain-valid_active_26,0,False,240,8,
n10-identities_c1-conc_mech-blockchain-1backend_valid-active_r30_audit-on_20260831T030130Z,obs_7f364b79f29f439598bfea12a6b5405b,2026-08-31T03:01:31.195263+00:00,blockchain,valid_active,0,1,UAV-VALID,ACCEPTED,ACCEPTED,True,14370300,14.3703,33700,14093800,0,4300,172900,6500,6846700,418714000,e4d85f03fa8d29ac55e07ef0d069c9a0f9260725ea0365a7e1d8e5d62c21fe97,34804.0,30291.0,none,blockchain-valid_active_0,0,True,239,8,
n10-identities_c1-conc_mech-blockchain-1backend_valid-active_r30_audit-on_20260831T030130Z,obs_069fbdf7da33420ebc14f034c34ad3ce,2026-08-31T03:01:33.126839+00:00,blockchain,valid_active,1,1,UAV-VALID,ACCEPTED,ACCEPTED,True,16815800,16.8158,49600,16466800,0,3400,210200,5700,14336200,1846769600,affae66456a6793fe6d2b10e1fb809721057730a9e226f297f552e5fada32e07,34805.0,30291.0,none,blockchain-valid_active_0,0,True,240,8,
n10-identities_c1-conc_mech-blockchain-1backend_valid-active_r30_audit-on_20260831T030130Z,obs_acc4d2c9913d4d9ea6f0f1ce01431191,2026-08-31T03:01:35.222423+00:00,blockchain,valid_active,0,1,UAV-VALID,ACCEPTED,ACCEPTED,True,12092600,12.0926,30200,11856600,0,2200,153400,3100,4097000,2050495300,d4b20d34ebeb8a4e1a3f6bb5956fce23d3d0fbe32860b03c3c9a3e1561d08303,34806.0,30291.0,none,blockchain-valid_active_0,0,False,238,8,
n10-identities_c1-conc_mech-blockchain-1backend_valid-active_r30_audit-on_20260831T030130Z,obs_ddfb1cb46de54135b69c25679230b170,2026-08-31T03:01:37.131578+00:00,blockchain,valid_active,1,1,UAV-VALID,ACCEPTED,ACCEPTED,True,14349300,14.3493,34100,14099800,0,2300,159300,3500,6141100,1866780700,8791f50665d320275d69d1404b65b5e72fc7b8d1fbd0a7d551378a5e34a5bfc2,34807.0,30291.0,none,blockchain-valid_active_0,0,False,240,8,
n10-identities_c1-conc_mech-blockchain-1backend_valid-active_r30_audit-on_20260831T030130Z,obs_120af84811d04d51afd0dd13d1a270ca,2026-08-31T03:01:39.034256+00:00,blockchain,valid_active,2,1,UAV-VALID,ACCEPTED,ACCEPTED,True,21414100,21.4141,48800,21105200,0,2600,183100,4500,6000400,1850131400,363d8b51ebbc2de3ecc2b49f74fd19caf4a7ad193085ca5b43a0ed675394a89f,34808.0,30291.0,none,blockchain-valid_active_0,0,False,239,8,
n10-identities_c1-conc_mech-blockchain-1backend_valid-active_r30_audit-on_20260831T030130Z,obs_0f479b212b0e4faf83dfa0b326faa3be,2026-08-31T03:01:41.124739+00:00,blockchain,valid_active,3,1,UAV-VALID,ACCEPTED,ACCEPTED,True,12743000,12.743,57200,12489800,0,2300,163000,3300,3990600,2050919600,14f396cd3ea8e416fcd96acb4a6213b96b4e3738ede9bbb42b9ddb491ecd699d,34809.0,30291.0,none,blockchain-valid_active_0,0,False,239,8,
n10-identities_c1-conc_mech-blockchain-1backend_valid-active_r30_audit-on_20260831T030130Z,obs_e11e266c78b64fe197bce23e3b1169e5,2026-08-31T03:01:43.038699+00:00,blockchain,valid_active,4,1,UAV-VALID,ACCEPTED,ACCEPTED,True,15255600,15.2556,35600,14914200,0,2500,156600,5100,5672400,1870011100,ee1b32f9a37dc8f2b601bef68bce43469bbce6d724bf2a3ba1037b9cb7aa128a,34810.0,30291.0,none,blockchain-valid_active_0,0,False,240,8,
n10-identities_c1-conc_mech-blockchain-1backend_valid-active_r30_audit-on_20260831T030130Z,obs_d786f4886f364696b5b02f93b710caea,2026-08-31T03:01:45.144172+00:00,blockchain,valid_active,5,1,UAV-VALID,ACCEPTED,ACCEPTED,True,17156000,17.156,55300,16778300,0,4700,231300,5500,7405200,2050903400,3902f501019ccdb327ab71ff37f5730ecf4ba4d96f46a5ea952f1f8be4e2f9dd,34811.0,30291.0,none,blockchain-valid_active_0,0,False,240,8,
n10-identities_c1-conc_mech-blockchain-1backend_valid-active_r30_audit-on_20260831T030130Z,obs_6325f6a15c8345498c3629222fefd6e4,2026-08-31T03:01:47.229746+00:00,blockchain,valid_active,6,1,UAV-VALID,ACCEPTED,ACCEPTED,True,11538300,11.5383,37600,11210500,0,4300,202100,5500,5116700,2047565100,ef0be35bfcc445ef01d60a4f0e426c2dc8d846082b13adbada1ff04d5b4c16a0,34812.0,30291.0,none,blockchain-valid_active_0,0,False,238,8,
n10-identities_c1-conc_mech-blockchain-1backend_valid-active_r30_audit-on_20260831T030130Z,obs_b10d1c65c1644a419706c49e254e2a49,2026-08-31T03:01:49.129666+00:00,blockchain,valid_active,7,1,UAV-VALID,ACCEPTED,ACCEPTED,True,26123300,26.1233,71000,25802800,0,2700,216700,5100,5228000,1845988500,4b6ae8fef44fec7561d5eebe6092af9f614209c48acaa567be2628df96b174dc,34813.0,30291.0,none,blockchain-valid_active_0,0,False,238,8,
n10-identities_c1-conc_mech-blockchain-1backend_valid-active_r30_audit-on_20260831T030130Z,obs_39e099db6549495ea19b9e0a21a86edb,2026-08-31T03:01:51.224146+00:00,blockchain,valid_active,8,1,UAV-VALID,ACCEPTED,ACCEPTED,True,13208500,13.2085,34000,12861500,0,4400,216400,5200,5355800,2053478200,0e349bcd953210eb699b37890dc381b52ed998b45e40c1300329823fbcec449f,34814.0,30291.0,none,blockchain-valid_active_0,0,False,239,8,
n10-identities_c1-conc_mech-blockchain-1backend_valid-active_r30_audit-on_20260831T030130Z,obs_3190b7476331486d8ef0037a93a4eb4b,2026-08-31T03:01:53.141334+00:00,blockchain,valid_active,9,1,UAV-VALID,ACCEPTED,ACCEPTED,True,14944900,14.9449,37900,14693900,0,3000,159400,3400,14479700,1864123500,bf4461d2264d247a6efe113eb66eef7d835087575985a5a95f9e915e94628ede,34815.0,30291.0,none,blockchain-valid_active_0,0,False,240,8,
n10-identities_c1-conc_mech-blockchain-1backend_valid-active_r30_audit-on_20260831T030130Z,obs_b78a436d9f81425998e3bc1612f4f3e5,2026-08-31T03:01:55.025730+00:00,blockchain,valid_active,10,1,UAV-VALID,ACCEPTED,ACCEPTED,True,13400100,13.4001,29800,13160400,0,2900,155100,3400,4691800,1844981300,eb801750579188b31bdcc8ae693e02661af80747439f5dfca1129dd01dd8b44d,34816.0,30291.0,none,blockchain-valid_active_0,0,False,238,8,
n10-identities_c1-conc_mech-blockchain-1backend_valid-active_r30_audit-on_20260831T030130Z,obs_997f652b8b354c52baab293ea322ef29,2026-08-31T03:01:57.120828+00:00,blockchain,valid_active,11,1,UAV-VALID,ACCEPTED,ACCEPTED,True,15627700,15.6277,47300,15361900,0,4300,157000,3000,4078600,2051182700,871d0a292e0932b71ee9d9a5e1281a3a219e3bd4d0b32200654ba61955b0bdf9,34817.0,30291.0,none,blockchain-valid_active_0,0,False,238,8,
n10-identities_c1-conc_mech-blockchain-1backend_valid-active_r30_audit-on_20260831T030130Z,obs_77829aceba064704b22ee07fec630cc0,2026-08-31T03:01:59.233073+00:00,blockchain,valid_active,12,1,UAV-VALID,ACCEPTED,ACCEPTED,True,13579500,13.5795,28900,13333600,0,2800,157700,4100,4794300,2060287300,2037bbde938e1512713ce27d97acfe4fd2ab6e634ff7f7e22c309a166948a156,34818.0,30291.0,none,blockchain-valid_active_0,0,False,239,8,
n10-identities_c1-conc_mech-blockchain-1backend_valid-active_r30_audit-on_20260831T030130Z,obs_287b094bf09f4625bb34e94707bf5d45,2026-08-31T03:02:01.126078+00:00,blockchain,valid_active,13,1,UAV-VALID,ACCEPTED,ACCEPTED,True,14413200,14.4132,35500,14078400,0,3700,219000,5800,5678800,1850529800,79696451a04daff16e2fa88f8a038e500aaacbe684f9576f74ceb5b09e5f31c2,34819.0,30291.0,none,blockchain-valid_active_0,0,False,240,8,
n10-identities_c1-conc_mech-blockchain-1backend_valid-active_r30_audit-on_20260831T030130Z,obs_56f0b0177d9a4a1ea3ed4a15199de19a,2026-08-31T03:02:03.021325+00:00,blockchain,valid_active,14,1,UAV-VALID,ACCEPTED,ACCEPTED,True,15318300,15.3183,51500,15024600,0,2900,162700,4200,4715400,1849910100,3a83a28e597dab55d0b768d07b9086e2dfa60b7d610949755bf8d8d3f7b03165,34820.0,30291.0,none,blockchain-valid_active_0,0,False,240,8,
n10-identities_c1-conc_mech-blockchain-1backend_valid-active_r30_audit-on_20260831T030130Z,obs_7dc890e585e54e55b20be9320e345241,2026-08-31T03:02:05.107637+00:00,blockchain,valid_active,15,1,UAV-VALID,ACCEPTED,ACCEPTED,True,11959700,11.9597,42300,11711200,0,2400,155500,3800,5567000,2047928400,a43ff2a42b7e04e1f69c459a1372be7e32e6526c8a51121e9dd5cc567672808a,34821.0,30291.0,none,blockchain-valid_active_0,0,False,240,8,
n10-identities_c1-conc_mech-blockchain-1backend_valid-active_r30_audit-on_20260831T030130Z,obs_f2906b34ea904978a21e3d67dee6fff3,2026-08-31T03:02:07.215535+00:00,blockchain,valid_active,16,1,UAV-VALID,ACCEPTED,ACCEPTED,True,21215700,21.2157,76100,20760400,0,3500,219100,5300,5036900,2053163000,e38843a926939b0f088870121503e9ce5dc89b9d738521ded371e3312c74eaf6,34822.0,30291.0,none,blockchain-valid_active_0,0,False,239,8,
n10-identities_c1-conc_mech-blockchain-1backend_valid-active_r30_audit-on_20260831T030130Z,obs_e5a56b63673642cfbe87b1c992782a0a,2026-08-31T03:02:09.106852+00:00,blockchain,valid_active,17,1,UAV-VALID,ACCEPTED,ACCEPTED,True,13639600,13.6396,31700,13327900,0,2500,221200,4800,15173900,1842412600,7c8e49a5c8a2d83943102c43293de93d4cc1baf7d6f7c8e4206a6ef4ab491b08,34823.0,30291.0,none,blockchain-valid_active_0,0,False,239,8,
n10-identities_c1-conc_mech-blockchain-1backend_valid-active_r30_audit-on_20260831T030130Z,obs_2cce9abf862d468fb98be49d66191f15,2026-08-31T03:02:11.189168+00:00,blockchain,valid_active,18,1,UAV-VALID,ACCEPTED,ACCEPTED,True,11609900,11.6099,55700,11368200,0,2500,156700,3100,4316500,2047092700,e62c3d92e201a34a83d6b720dc9173f3f6fdc51d6e345193740be47c15125956,34824.0,30291.0,none,blockchain-valid_active_0,0,False,240,8,
n10-identities_c1-conc_mech-blockchain-1backend_valid-active_r30_audit-on_20260831T030130Z,obs_3a154f8a790c4a83bdf9525c628d2f9f,2026-08-31T03:02:13.084845+00:00,blockchain,valid_active,19,1,UAV-VALID,ACCEPTED,ACCEPTED,True,17314900,17.3149,56800,17006400,0,2300,196800,5100,6476000,1843084800,2ad8a965cd9347c66cae12f9fd604ee00d4492cee180bc681e8ce975bb0ffb97,34825.0,30291.0,none,blockchain-valid_active_0,0,False,240,8,
n10-identities_c1-conc_mech-blockchain-1backend_valid-active_r30_audit-on_20260831T030130Z,obs_d8c62bc9e1f848198488743d16d75335,2026-08-31T03:02:15.171246+00:00,blockchain,valid_active,20,1,UAV-VALID,ACCEPTED,ACCEPTED,True,12236100,12.2361,60700,11997600,0,2600,149700,3300,5053900,2048980100,d101c83d639720240b104ca2f1a8881b1cb23a66f2be6d6a3da0af433c28edbf,34826.0,30291.0,none,blockchain-valid_active_0,0,False,239,8,
n10-identities_c1-conc_mech-blockchain-1backend_valid-active_r30_audit-on_20260831T030130Z,obs_1b1abca174be4525a24cd4f5005c3509,2026-08-31T03:02:17.052040+00:00,blockchain,valid_active,21,1,UAV-VALID,ACCEPTED,ACCEPTED,True,11845300,11.8453,31400,11594300,0,2200,161100,3300,3968900,1844895400,4b151c881bf5363fe623d6964c1a8bdd2f8b6558270a400c47d26edc2ac30035,34827.0,30291.0,none,blockchain-valid_active_0,0,False,239,8,
n10-identities_c1-conc_mech-blockchain-1backend_valid-active_r30_audit-on_20260831T030130Z,obs_0eff33a50a5a4db9896d903e9ceb1094,2026-08-31T03:02:19.149519+00:00,blockchain,valid_active,22,1,UAV-VALID,ACCEPTED,ACCEPTED,True,12157600,12.1576,35500,11903900,0,2800,161900,3600,4667200,2058118800,496930c03e3e15e893def35075d2911ecba9e4526a2b841f6c6f0bce9a00f8ad,34828.0,30291.0,none,blockchain-valid_active_0,0,False,239,8,
n10-identities_c1-conc_mech-blockchain-1backend_valid-active_r30_audit-on_20260831T030130Z,obs_0493ac26821a433f9d80be8bb569f339,2026-08-31T03:02:21.037842+00:00,blockchain,valid_active,23,1,UAV-VALID,ACCEPTED,ACCEPTED,True,11987800,11.9878,54700,11738000,0,2300,152600,3700,6056900,1849813500,9e2fa333cf58842ff00a71e2f01128d8faae56c9cd4528ac35a5e632cdd5631a,34829.0,30291.0,none,blockchain-valid_active_0,0,False,239,8,
n10-identities_c1-conc_mech-blockchain-1backend_valid-active_r30_audit-on_20260831T030130Z,obs_103e836009ed4e5d81b365425e6b3f1a,2026-08-31T03:02:23.125285+00:00,blockchain,valid_active,24,1,UAV-VALID,ACCEPTED,ACCEPTED,True,12860100,12.8601,31000,12608500,0,2200,162200,3700,4346400,2049768900,462383cd436d5adc9812169c038d63cc726007844f5ee739600df9efca4980aa,34830.0,30291.0,none,blockchain-valid_active_0,0,False,239,8,
n10-identities_c1-conc_mech-blockchain-1backend_valid-active_r30_audit-on_20260831T030130Z,obs_5f9c42dbb1fb44a980081325dfe0d354,2026-08-31T03:02:25.038457+00:00,blockchain,valid_active,25,1,UAV-VALID,ACCEPTED,ACCEPTED,True,17209500,17.2095,43500,16960000,0,2300,152200,3900,4398100,1868096100,8ed608977396307fdb01db6f9256b97fa0dff24348c260d5d13ad7ab88b3e80b,34831.0,30291.0,none,blockchain-valid_active_0,0,False,240,8,
n10-identities_c1-conc_mech-blockchain-1backend_valid-active_r30_audit-on_20260831T030130Z,obs_0a0cdf42602a446395edea28ce7376c7,2026-08-31T03:02:27.139911+00:00,blockchain,valid_active,26,1,UAV-VALID,ACCEPTED,ACCEPTED,True,12883100,12.8831,27700,12647600,0,2500,152000,3900,5538700,2062198600,d1dc4ae4d8e4fcfebfe5b7ab809e6946ffb0fa098d86dda17de0bb08c88cf231,34832.0,30291.0,none,blockchain-valid_active_0,0,False,238,8,
n10-identities_c1-conc_mech-blockchain-1backend_valid-active_r30_audit-on_20260831T030130Z,obs_6390d415fd7544a59b1ee2a6f702513c,2026-08-31T03:02:29.048077+00:00,blockchain,valid_active,27,1,UAV-VALID,ACCEPTED,ACCEPTED,True,14429900,14.4299,32600,14159600,0,2600,179200,3800,5589400,1866774000,66f5ef314fd8481e73038ebcde1e8c5320c357b84707106e7226b527baa9c244,34833.0,30291.0,none,blockchain-valid_active_0,0,False,239,8,
n10-identities_c1-conc_mech-blockchain-1backend_valid-active_r30_audit-on_20260831T030130Z,obs_265402af00b648aba3e02253e83f2c7c,2026-08-31T03:02:31.138907+00:00,blockchain,valid_active,28,1,UAV-VALID,ACCEPTED,ACCEPTED,True,14202100,14.2021,44700,13959900,0,2400,153900,3000,4210400,2050333300,a8deee14fbc0aee8f9dc6e4a6dff66431860a6c944052a4895637e6434befde4,34834.0,30291.0,none,blockchain-valid_active_0,0,False,240,8,
n10-identities_c1-conc_mech-blockchain-1backend_valid-active_r30_audit-on_20260831T030130Z,obs_bbe50594ce1c41a3980671f63b1d9706,2026-08-31T03:02:33.024524+00:00,blockchain,valid_active,29,1,UAV-VALID,ACCEPTED,ACCEPTED,True,13156900,13.1569,38900,12904700,0,2100,150300,3100,4236500,1847654000,e063a183c6f4044c488a6d5db6570bbe7bfbee0476373ee7034e0b176c1f2047,34835.0,30291.0,none,blockchain-valid_active_0,0,False,240,8,
