utc_timestamp,cpu_percent,rss_bytes,available_memory_bytes,net_bytes_sent,net_bytes_recv,pid,name
2026-08-31T02:13:33.830431+00:00,61.4,204574720,962621440,257540171,1445534581,3836,python.exe
2026-08-31T02:13:34.347844+00:00,99.7,208175104,960823296,257551398,1445539836,3836,python.exe
2026-08-31T02:13:34.869984+00:00,125.7,208187392,955187200,257561842,1445581096,3836,python.exe
2026-08-31T02:13:35.386319+00:00,118.0,208175104,965074944,257567092,1445583748,3836,python.exe
2026-08-31T02:13:35.904194+00:00,108.6,208187392,963497984,257567983,1445584281,3836,python.exe
2026-08-31T02:13:36.422249+00:00,117.6,208179200,969494528,257570776,1445584926,3836,python.exe
2026-08-31T02:13:36.940049+00:00,3.0,208179200,966766592,257571600,1445585636,3836,python.exe
2026-08-31T02:13:37.461188+00:00,6.0,208179200,969003008,257576920,1445589412,3836,python.exe
2026-08-31T02:13:37.981518+00:00,12.0,208179200,969338880,257581306,1445590499,3836,python.exe
2026-08-31T02:13:38.503984+00:00,6.0,208179200,983654400,257584887,1445596534,3836,python.exe
2026-08-31T02:13:39.030511+00:00,20.8,208179200,974913536,257592060,1445607995,3836,python.exe
2026-08-31T02:13:39.554814+00:00,6.0,208179200,974000128,257592938,1445609363,3836,python.exe
2026-08-31T02:13:40.078635+00:00,14.9,208179200,973893632,257598015,1445610844,3836,python.exe
2026-08-31T02:13:40.596019+00:00,24.2,208187392,970985472,257602193,1445617021,3836,python.exe
2026-08-31T02:13:41.124142+00:00,118.3,208179200,963215360,257606433,1445617436,3836,python.exe
2026-08-31T02:13:41.642755+00:00,114.5,208187392,990007296,257607405,1445618649,3836,python.exe
2026-08-31T02:13:51.224177+00:00,0.0,213102592,949714944,257698014,1445788721,3836,python.exe
2026-08-31T02:13:51.794826+00:00,57.5,213229568,956444672,257701374,1445871230,3836,python.exe
2026-08-31T02:13:52.315647+00:00,81.0,213229568,947539968,257714322,1445911458,3836,python.exe
2026-08-31T02:13:52.840621+00:00,71.4,213229568,950738944,257720616,1445917943,3836,python.exe
2026-08-31T02:13:53.366725+00:00,80.2,213229568,932016128,257726793,1445919890,3836,python.exe
2026-08-31T02:13:53.889175+00:00,74.8,213229568,937336832,257730282,1445922262,3836,python.exe
2026-08-31T02:13:54.409902+00:00,69.0,213241856,976101376,257734708,1445923404,3836,python.exe
2026-08-31T02:13:54.927022+00:00,75.5,213241856,984039424,257737485,1445924764,3836,python.exe
2026-08-31T02:13:55.453544+00:00,95.0,213250048,957886464,257738446,1445925601,3836,python.exe
2026-08-31T02:13:55.979980+00:00,71.2,213250048,962224128,257746666,1445928281,3836,python.exe
2026-08-31T02:13:56.496115+00:00,78.7,213270528,966868992,257747653,1445928954,3836,python.exe
2026-08-31T02:13:57.034542+00:00,78.4,213286912,972517376,257751893,1445929555,3836,python.exe
2026-08-31T02:13:57.554850+00:00,30.0,213360640,958226432,257766556,1445933815,3836,python.exe
2026-08-31T02:13:58.072392+00:00,6.0,213360640,961736704,257768260,1445934511,3836,python.exe
2026-08-31T02:13:58.589412+00:00,12.1,213360640,969760768,257772609,1445935637,3836,python.exe
2026-08-31T02:13:59.111348+00:00,6.0,213360640,961728512,257773433,1445936347,3836,python.exe
2026-08-31T02:13:59.632634+00:00,3.0,213360640,959397888,257778498,1445937527,3836,python.exe
2026-08-31T02:14:00.154577+00:00,3.0,213360640,951824384,257779821,1445938122,3836,python.exe
2026-08-31T02:14:00.673145+00:00,9.0,213360640,961941504,257784115,1445938750,3836,python.exe
2026-08-31T02:14:01.191398+00:00,3.0,213360640,948604928,257784993,1445939979,3836,python.exe
2026-08-31T02:14:01.714102+00:00,59.8,213692416,957952000,257786626,1445940547,3836,python.exe
2026-08-31T02:14:02.246299+00:00,85.1,213741568,923197440,257790992,1445941734,3836,python.exe
2026-08-31T02:14:02.768053+00:00,65.9,213749760,940728320,257791974,1445942885,3836,python.exe
2026-08-31T02:14:03.286474+00:00,78.4,214118400,928325632,257796268,1445943650,3836,python.exe
2026-08-31T02:14:03.806359+00:00,3.0,214118400,931946496,257797092,1445944300,3836,python.exe
2026-08-31T02:14:04.325281+00:00,0.0,214126592,927281152,257798687,1445944935,3836,python.exe
2026-08-31T02:14:04.841917+00:00,3.0,214126592,939847680,257803265,1445946186,3836,python.exe
2026-08-31T02:14:05.366148+00:00,0.0,214126592,932151296,257804499,1445947150,3836,python.exe
2026-08-31T02:14:05.885288+00:00,0.0,214126592,937615360,257809651,1445948406,3836,python.exe
2026-08-31T02:14:06.404785+00:00,0.0,214126592,939155456,257810601,1445948949,3836,python.exe
2026-08-31T02:14:06.924373+00:00,3.0,214126592,941985792,257815048,1445950510,3836,python.exe
2026-08-31T02:14:07.438967+00:00,0.0,214126592,937201664,257821181,1445954016,3836,python.exe
2026-08-31T02:14:07.953732+00:00,3.0,214126592,940478464,257822153,1445954464,3836,python.exe
2026-08-31T02:14:08.471973+00:00,0.0,214126592,935395328,257826435,1445955879,3836,python.exe
2026-08-31T02:14:09.243306+00:00,0.0,214126592,1010274304,257830125,1445956428,3836,python.exe
2026-08-31T02:14:09.764996+00:00,6.0,214130688,1052086272,257838074,1445959687,3836,python.exe
2026-08-31T02:14:10.282589+00:00,0.0,214134784,1060274176,257851402,1445978153,3836,python.exe
2026-08-31T02:14:10.802642+00:00,0.0,214134784,1107951616,257860656,1445985682,3836,python.exe
2026-08-31T02:14:11.324749+00:00,0.0,214134784,1083396096,257861426,1445986452,3836,python.exe
2026-08-31T02:14:11.846083+00:00,3.0,214134784,1086681088,257866708,1445987853,3836,python.exe
2026-08-31T02:14:12.367897+00:00,3.0,214134784,1088266240,257872918,1445989341,3836,python.exe
2026-08-31T02:14:12.883508+00:00,0.0,214134784,1102618624,257882069,1445989942,3836,python.exe
2026-08-31T02:14:13.403866+00:00,0.0,214134784,1094541312,257883176,1445991778,3836,python.exe
2026-08-31T02:14:13.922010+00:00,6.0,214134784,1100419072,257884662,1445992313,3836,python.exe
2026-08-31T02:14:14.439603+00:00,0.0,214134784,1107881984,257889076,1445993467,3836,python.exe
2026-08-31T02:14:14.959501+00:00,0.0,214134784,1100156928,257890064,1445994244,3836,python.exe
2026-08-31T02:14:15.480871+00:00,0.0,214134784,1103859712,257895074,1445995544,3836,python.exe
2026-08-31T02:14:15.995149+00:00,3.0,214134784,1101246464,257895959,1445996019,3836,python.exe
2026-08-31T02:14:16.514207+00:00,3.0,214134784,1096773632,257903539,1446003749,3836,python.exe
2026-08-31T02:14:17.034551+00:00,3.0,214134784,1097015296,257905081,1446004410,3836,python.exe
2026-08-31T02:14:17.550767+00:00,0.0,214134784,1102962688,257909321,1446004951,3836,python.exe
2026-08-31T02:14:18.068688+00:00,3.0,214134784,1096925184,257911138,1446006426,3836,python.exe
2026-08-31T02:14:18.602785+00:00,0.0,214134784,1100861440,257912299,1446007409,3836,python.exe
2026-08-31T02:14:19.119373+00:00,0.0,214134784,1096400896,257916807,1446008965,3836,python.exe
2026-08-31T02:14:19.634101+00:00,0.0,214134784,1093476352,257918418,1446009627,3836,python.exe
2026-08-31T02:14:20.148939+00:00,0.0,214134784,1092579328,257922996,1446010814,3836,python.exe
2026-08-31T02:14:20.666774+00:00,0.0,214134784,1089269760,257923837,1446011591,3836,python.exe
2026-08-31T02:14:21.187024+00:00,0.0,214134784,1092214784,257928902,1446012651,3836,python.exe
2026-08-31T02:14:21.703092+00:00,0.0,214134784,1092784128,257935842,1446019829,3836,python.exe
2026-08-31T02:14:22.221310+00:00,3.0,214134784,1092616192,257940346,1446022081,3836,python.exe
2026-08-31T02:14:22.747751+00:00,0.0,214134784,1092423680,257941224,1446023135,3836,python.exe
2026-08-31T02:14:23.264216+00:00,3.0,214134784,1095229440,257942766,1446023610,3836,python.exe
2026-08-31T02:14:23.786592+00:00,0.0,214134784,1092341760,257947005,1446024610,3836,python.exe
2026-08-31T02:14:24.310376+00:00,3.0,214134784,1087995904,257947830,1446025414,3836,python.exe
2026-08-31T02:14:24.828218+00:00,0.0,214134784,1092939776,257952987,1446026663,3836,python.exe
2026-08-31T02:14:25.344114+00:00,0.0,214138880,1088274432,257954062,1446027401,3836,python.exe
2026-08-31T02:14:25.865630+00:00,0.0,214138880,1091891200,257958671,1446028958,3836,python.exe
2026-08-31T02:14:26.380006+00:00,3.0,214138880,1146060800,257960353,1446029689,3836,python.exe
2026-08-31T02:14:26.895385+00:00,0.0,214138880,1157148672,257961260,1446030242,3836,python.exe
2026-08-31T02:14:27.414861+00:00,0.0,214138880,1159491584,257968616,1446031775,3836,python.exe
2026-08-31T02:14:27.932111+00:00,0.0,214138880,1165004800,257969720,1446033205,3836,python.exe
2026-08-31T02:14:28.449815+00:00,0.0,214138880,1160302592,257974069,1446034746,3836,python.exe
2026-08-31T02:14:28.965030+00:00,0.0,214138880,1162194944,257975681,1446035349,3836,python.exe
2026-08-31T02:14:29.483823+00:00,6.0,214138880,1164615680,257980829,1446037059,3836,python.exe
2026-08-31T02:14:30.003683+00:00,0.0,214138880,1154240512,257990232,1446045616,3836,python.exe
2026-08-31T02:14:30.521249+00:00,3.0,214073344,1154142208,257991718,1446046211,3836,python.exe
2026-08-31T02:14:31.039187+00:00,3.0,214073344,1160704000,257996012,1446047271,3836,python.exe
2026-08-31T02:14:31.558194+00:00,0.0,214073344,1155923968,257996837,1446048041,3836,python.exe
2026-08-31T02:14:32.075995+00:00,3.0,214073344,1158459392,258002136,1446049449,3836,python.exe
2026-08-31T02:14:32.593738+00:00,0.0,214073344,1152270336,258002906,1446049924,3836,python.exe
2026-08-31T02:14:33.124002+00:00,2.9,214073344,1152290816,258007254,1446051339,3836,python.exe
2026-08-31T02:14:33.639658+00:00,6.1,214073344,1146880000,258008741,1446051934,3836,python.exe
2026-08-31T02:14:34.155355+00:00,3.0,214073344,1152172032,258012981,1446052415,3836,python.exe
2026-08-31T02:14:34.671620+00:00,3.0,214073344,1147351040,258013805,1446053858,3836,python.exe
2026-08-31T02:14:35.189818+00:00,3.0,214073344,1153892352,258014843,1446054451,3836,python.exe
2026-08-31T02:14:35.707365+00:00,0.0,214073344,1153241088,258019191,1446055571,3836,python.exe
2026-08-31T02:14:36.222379+00:00,0.0,214073344,1156558848,258020677,1446056106,3836,python.exe
2026-08-31T02:14:36.738414+00:00,0.0,214073344,1151713280,258024917,1446056647,3836,python.exe
2026-08-31T02:14:37.256971+00:00,0.0,214073344,1144725504,258027591,1446058581,3836,python.exe
2026-08-31T02:14:37.778306+00:00,0.0,214073344,1148301312,258029077,1446059176,3836,python.exe
2026-08-31T02:14:38.295995+00:00,6.0,214073344,1153466368,258033592,1446060805,3836,python.exe
2026-08-31T02:14:38.830141+00:00,2.9,214073344,1154076672,258034487,1446061643,3836,python.exe
2026-08-31T02:14:39.346667+00:00,0.0,214073344,1162526720,258039497,1446062943,3836,python.exe
2026-08-31T02:14:39.863652+00:00,0.0,214077440,1186029568,258040267,1446063358,3836,python.exe
2026-08-31T02:14:40.379493+00:00,0.0,214077440,1186930688,258047707,1446070596,3836,python.exe
2026-08-31T02:14:40.896356+00:00,3.0,214077440,1184796672,258048640,1446071312,3836,python.exe
2026-08-31T02:14:41.412804+00:00,0.0,214077440,1184739328,258050235,1446071787,3836,python.exe
2026-08-31T02:14:41.930425+00:00,0.0,214077440,1188962304,258054621,1446072880,3836,python.exe
2026-08-31T02:14:42.447619+00:00,0.0,214077440,1179697152,258059705,1446074544,3836,python.exe
2026-08-31T02:14:42.962814+00:00,0.0,214077440,1210793984,258068692,1446076097,3836,python.exe
2026-08-31T02:14:43.480546+00:00,0.0,214077440,1217335296,258069571,1446076802,3836,python.exe
2026-08-31T02:14:44.002810+00:00,3.0,214077440,1213952000,258073811,1446077862,3836,python.exe
2026-08-31T02:14:44.518079+00:00,0.0,214077440,1217671168,258074689,1446078311,3836,python.exe
2026-08-31T02:14:45.060865+00:00,0.0,214077440,1211469824,258075806,1446079149,3836,python.exe
2026-08-31T02:14:45.576077+00:00,3.0,214077440,1216598016,258081153,1446080719,3836,python.exe
2026-08-31T02:14:46.093382+00:00,0.0,214077440,1215172608,258082065,1446081210,3836,python.exe
2026-08-31T02:14:46.611738+00:00,0.0,214077440,1206845440,258086458,1446082252,3836,python.exe
2026-08-31T02:14:47.130498+00:00,0.0,214077440,1210585088,258088123,1446083194,3836,python.exe
2026-08-31T02:14:47.646838+00:00,0.0,214077440,1206521856,258089019,1446083677,3836,python.exe
2026-08-31T02:14:48.164380+00:00,3.0,214077440,1207287808,258093535,1446085284,3836,python.exe
2026-08-31T02:14:48.686561+00:00,0.0,214077440,1205743616,258095288,1446085840,3836,python.exe
2026-08-31T02:14:49.202364+00:00,0.0,214077440,1204539392,258099795,1446087162,3836,python.exe
2026-08-31T02:14:49.717764+00:00,3.0,214077440,1204690944,258100707,1446087651,3836,python.exe
2026-08-31T02:14:50.237374+00:00,0.0,214077440,1203896320,258105863,1446089066,3836,python.exe
2026-08-31T02:14:50.756184+00:00,3.0,214077440,1213534208,258106746,1446089728,3836,python.exe
2026-08-31T02:14:51.277337+00:00,0.0,214077440,1200533504,258110986,1446090269,3836,python.exe
2026-08-31T02:14:51.804722+00:00,3.0,214077440,1202905088,258112011,1446091591,3836,python.exe
2026-08-31T02:14:52.324721+00:00,0.0,214077440,1205669888,258113639,1446092261,3836,python.exe
2026-08-31T02:14:52.840890+00:00,3.0,214077440,1196847104,258118501,1446093321,3836,python.exe
2026-08-31T02:14:53.360006+00:00,3.0,214077440,1171087360,258119379,1446094091,3836,python.exe
2026-08-31T02:14:53.877107+00:00,0.0,214077440,1178226688,258120920,1446094626,3836,python.exe
2026-08-31T02:14:54.393615+00:00,0.0,214077440,1177198592,258125214,1446095840,3836,python.exe
2026-08-31T02:14:54.911560+00:00,3.0,214077440,1185734656,258126093,1446096490,3836,python.exe
2026-08-31T02:14:55.435942+00:00,0.0,214077440,1167765504,258132116,1446098477,3836,python.exe
2026-08-31T02:14:55.957146+00:00,3.0,214077440,1180196864,258137466,1446103195,3836,python.exe
2026-08-31T02:14:56.473898+00:00,3.0,214077440,1176821760,258141706,1446103676,3836,python.exe
2026-08-31T02:14:56.994806+00:00,0.0,214077440,1184636928,258142584,1446105025,3836,python.exe
2026-08-31T02:14:57.508678+00:00,0.0,214077440,1179262976,258144070,1446105620,3836,python.exe
2026-08-31T02:14:58.025559+00:00,0.0,214077440,1183891456,258148511,1446106833,3836,python.exe
2026-08-31T02:14:58.546841+00:00,0.0,214077440,1202036736,258149390,1446107669,3836,python.exe
2026-08-31T02:14:59.068532+00:00,0.0,214077440,1208954880,258154471,1446109037,3836,python.exe
2026-08-31T02:14:59.586572+00:00,0.0,214077440,1201086464,258155241,1446109512,3836,python.exe
2026-08-31T02:15:00.107363+00:00,0.0,214077440,1190273024,258159639,1446110408,3836,python.exe
2026-08-31T02:15:00.629217+00:00,0.0,214077440,1181880320,258164003,1446112791,3836,python.exe
2026-08-31T02:15:01.153355+00:00,0.0,214077440,1154646016,258164828,1446113266,3836,python.exe
2026-08-31T02:15:01.682762+00:00,3.0,214077440,1166618624,258174756,1446133930,3836,python.exe
2026-08-31T02:15:02.205618+00:00,0.0,214077440,1126821888,258179364,1446157214,3836,python.exe
2026-08-31T02:15:02.721584+00:00,0.0,214077440,1185206272,258182500,1446162726,3836,python.exe
2026-08-31T02:15:03.240189+00:00,0.0,214077440,1189519360,258190352,1446172053,3836,python.exe
2026-08-31T02:15:03.762543+00:00,0.0,214077440,1188929536,258190461,1446172419,3836,python.exe
2026-08-31T02:15:04.279015+00:00,3.0,214077440,1177759744,258190689,1446176399,3836,python.exe
2026-08-31T02:15:04.796819+00:00,3.0,214077440,1174421504,258190920,1446176585,3836,python.exe
2026-08-31T02:15:05.316630+00:00,0.0,214077440,1149661184,258193004,1446203978,3836,python.exe
2026-08-31T02:15:05.847021+00:00,2.9,214077440,1099694080,258196851,1446223415,3836,python.exe
2026-08-31T02:15:06.363669+00:00,0.0,214077440,1106984960,258196993,1446223679,3836,python.exe
2026-08-31T02:15:06.885378+00:00,3.0,214077440,1136771072,258198548,1446225124,3836,python.exe
2026-08-31T02:15:07.400034+00:00,0.0,214077440,1138786304,258200683,1446226967,3836,python.exe
2026-08-31T02:15:07.917848+00:00,0.0,214077440,1128407040,258201064,1446228359,3836,python.exe
2026-08-31T02:15:08.438590+00:00,3.0,214077440,1078788096,258204950,1446231943,3836,python.exe
2026-08-31T02:15:08.956973+00:00,0.0,214077440,1067393024,258206718,1446278447,3836,python.exe
2026-08-31T02:15:09.473598+00:00,0.0,214077440,1065611264,258211574,1446283370,3836,python.exe
2026-08-31T02:15:10.000573+00:00,0.0,214077440,1058385920,258211790,1446284992,3836,python.exe
2026-08-31T02:15:10.531245+00:00,0.0,214077440,1033777152,258215068,1446286647,3836,python.exe
2026-08-31T02:15:11.053419+00:00,0.0,214077440,1059782656,258228965,1446304232,3836,python.exe
2026-08-31T02:15:11.578549+00:00,3.0,214077440,1043144704,258229667,1446308483,3836,python.exe
2026-08-31T02:15:12.101911+00:00,0.0,214077440,1052622848,258234784,1446314756,3836,python.exe
2026-08-31T02:15:12.623707+00:00,0.0,214085632,1022746624,258234963,1446315246,3836,python.exe
2026-08-31T02:15:13.149475+00:00,3.0,214085632,1025880064,258239673,1446319114,3836,python.exe
2026-08-31T02:15:13.685950+00:00,0.0,214085632,1019187200,258243836,1446377014,3836,python.exe
2026-08-31T02:15:14.220189+00:00,11.7,214085632,965447680,258246603,1446378638,3836,python.exe
2026-08-31T02:15:14.749299+00:00,0.0,214085632,948396032,258256887,1446385906,3836,python.exe
2026-08-31T02:15:15.283171+00:00,2.9,214085632,957890560,258260959,1446389225,3836,python.exe
2026-08-31T02:15:15.799661+00:00,0.0,214085632,968966144,258290618,1446398174,3836,python.exe
2026-08-31T02:15:16.317220+00:00,0.0,214085632,960086016,258297167,1446400668,3836,python.exe
2026-08-31T02:15:16.836146+00:00,0.0,214085632,958513152,258302625,1446403824,3836,python.exe
2026-08-31T02:15:17.351138+00:00,0.0,214085632,918835200,259512564,1446421617,3836,python.exe
2026-08-31T02:15:17.873961+00:00,0.0,214085632,940462080,259515761,1446443050,3836,python.exe
2026-08-31T02:15:18.391746+00:00,3.0,214085632,925356032,259516097,1446443330,3836,python.exe
2026-08-31T02:15:18.912395+00:00,0.0,214085632,934846464,259516365,1446443717,3836,python.exe
2026-08-31T02:15:19.430120+00:00,0.0,214085632,951685120,259518360,1446444438,3836,python.exe
2026-08-31T02:15:19.952149+00:00,3.0,214085632,958570496,259518765,1446445106,3836,python.exe
2026-08-31T02:15:20.469566+00:00,3.0,214085632,941539328,259518911,1446445444,3836,python.exe
2026-08-31T02:15:20.985636+00:00,0.0,214085632,936767488,259519037,1446445577,3836,python.exe
2026-08-31T02:15:21.502196+00:00,0.0,214085632,936173568,259519523,1446450339,3836,python.exe
2026-08-31T02:15:22.024310+00:00,0.0,214085632,947224576,259519995,1446454222,3836,python.exe
2026-08-31T02:15:22.550312+00:00,0.0,214085632,931004416,259526762,1446513599,3836,python.exe
2026-08-31T02:15:23.075592+00:00,0.0,214085632,878747648,259527111,1446514411,3836,python.exe
2026-08-31T02:15:23.600830+00:00,3.0,214085632,931422208,259542146,1446516531,3836,python.exe
2026-08-31T02:15:24.116816+00:00,0.0,214085632,929607680,259552553,1446520753,3836,python.exe
2026-08-31T02:15:24.634258+00:00,0.0,214085632,938819584,259552607,1446521277,3836,python.exe
2026-08-31T02:15:25.149203+00:00,0.0,214085632,933289984,259552716,1446521403,3836,python.exe
2026-08-31T02:15:25.665522+00:00,0.0,214085632,1007276032,259552787,1446521590,3836,python.exe
2026-08-31T02:15:26.184781+00:00,0.0,214085632,998981632,259553097,1446521846,3836,python.exe
2026-08-31T02:15:26.698363+00:00,3.0,214085632,984678400,259553446,1446522434,3836,python.exe
2026-08-31T02:15:27.215219+00:00,0.0,214085632,988815360,259553643,1446522570,3836,python.exe
2026-08-31T02:15:27.732103+00:00,0.0,214085632,984150016,259553714,1446522704,3836,python.exe
2026-08-31T02:15:28.252580+00:00,3.0,214085632,990003200,259560027,1446529375,3836,python.exe
2026-08-31T02:15:28.767902+00:00,0.0,214085632,984657920,259560370,1446530610,3836,python.exe
2026-08-31T02:15:29.284265+00:00,0.0,214085632,995618816,259560660,1446530730,3836,python.exe
2026-08-31T02:15:29.800156+00:00,0.0,214085632,989442048,259561622,1446531622,3836,python.exe
2026-08-31T02:15:30.314815+00:00,0.0,214085632,988655616,259562389,1446533270,3836,python.exe
2026-08-31T02:15:30.841600+00:00,3.0,214085632,991494144,259562444,1446533336,3836,python.exe
2026-08-31T02:15:31.357160+00:00,0.0,214085632,1203843072,259562568,1446533582,3836,python.exe
2026-08-31T02:15:31.871593+00:00,0.0,214085632,1216770048,259562790,1446533775,3836,python.exe
2026-08-31T02:15:32.386609+00:00,3.0,214085632,1216245760,259562937,1446534048,3836,python.exe
2026-08-31T02:15:32.912766+00:00,3.0,214085632,1218965504,259563194,1446534333,3836,python.exe
2026-08-31T02:15:33.427458+00:00,0.0,214085632,1218560000,259563265,1446534521,3836,python.exe
2026-08-31T02:15:33.945401+00:00,0.0,214069248,1218150400,259563320,1446534587,3836,python.exe
2026-08-31T02:15:34.462784+00:00,0.0,214069248,1229729792,259563669,1446534833,3836,python.exe
2026-08-31T02:15:34.979416+00:00,0.0,214069248,1232138240,259563846,1446535083,3836,python.exe
2026-08-31T02:15:35.500964+00:00,0.0,214069248,1233891328,259563900,1446535083,3836,python.exe
2026-08-31T02:15:36.016071+00:00,3.0,214069248,1232293888,259563955,1446535083,3836,python.exe
2026-08-31T02:15:36.532020+00:00,0.0,214069248,1085140992,259563955,1446535209,3836,python.exe
2026-08-31T02:15:37.051647+00:00,0.0,214069248,1058091008,259564010,1446535209,3836,python.exe
2026-08-31T02:15:37.565486+00:00,0.0,214069248,1060950016,259564010,1446535335,3836,python.exe
2026-08-31T02:15:38.080154+00:00,0.0,214069248,1065623552,259564010,1446535335,3836,python.exe
2026-08-31T02:15:38.592534+00:00,3.0,214069248,1057861632,259564065,1446535461,3836,python.exe
2026-08-31T02:15:39.111621+00:00,3.0,214069248,1062256640,259564994,1446535587,3836,python.exe
2026-08-31T02:15:39.631747+00:00,3.0,214069248,1090654208,259565228,1446536182,3836,python.exe
2026-08-31T02:15:40.154990+00:00,0.0,214069248,1096241152,259568418,1446541438,3836,python.exe
2026-08-31T02:15:40.674506+00:00,3.0,214069248,1093386240,259568768,1446542492,3836,python.exe
2026-08-31T02:15:41.195264+00:00,6.0,214069248,1100251136,259569102,1446542876,3836,python.exe
2026-08-31T02:15:41.721814+00:00,0.0,214069248,1114009600,259569157,1446542942,3836,python.exe
2026-08-31T02:15:42.237098+00:00,0.0,214069248,1119404032,259574943,1446543777,3836,python.exe
2026-08-31T02:15:42.751983+00:00,0.0,214069248,1117147136,259574998,1446543843,3836,python.exe
2026-08-31T02:15:43.269889+00:00,0.0,214069248,1107484672,259581392,1446544475,3836,python.exe
2026-08-31T02:15:43.786936+00:00,0.0,214069248,1104392192,259581502,1446544541,3836,python.exe
2026-08-31T02:15:44.301469+00:00,0.0,214052864,1109471232,259581796,1446544853,3836,python.exe
2026-08-31T02:15:44.815775+00:00,0.0,214052864,1104044032,259581976,1446545046,3836,python.exe
2026-08-31T02:15:45.334407+00:00,3.0,214052864,1111134208,259581976,1446545106,3836,python.exe
2026-08-31T02:15:45.848149+00:00,3.0,214052864,1106042880,259582085,1446545166,3836,python.exe
2026-08-31T02:15:46.368555+00:00,3.0,214052864,1114103808,259582085,1446545292,3836,python.exe
2026-08-31T02:15:46.882586+00:00,0.0,214052864,1107021824,259582368,1446545620,3836,python.exe
2026-08-31T02:15:47.394977+00:00,3.0,214052864,1114411008,259583557,1446546016,3836,python.exe
2026-08-31T02:15:47.913033+00:00,0.0,214056960,1106968576,259583807,1446546581,3836,python.exe
2026-08-31T02:15:48.425307+00:00,0.0,214056960,1107374080,259588976,1446553484,3836,python.exe
2026-08-31T02:15:48.943843+00:00,3.0,214056960,1105866752,259589118,1446553618,3836,python.exe
2026-08-31T02:15:49.461691+00:00,0.0,214056960,1104924672,259589386,1446553946,3836,python.exe
2026-08-31T02:15:49.976804+00:00,0.0,214056960,1111052288,259589578,1446554079,3836,python.exe
2026-08-31T02:15:50.492191+00:00,0.0,214056960,1114210304,259589699,1446554205,3836,python.exe
2026-08-31T02:15:51.012781+00:00,0.0,214056960,1113452544,259589841,1446554340,3836,python.exe
2026-08-31T02:15:51.532646+00:00,3.0,214056960,1117609984,259589896,1446554406,3836,python.exe
2026-08-31T02:15:52.048001+00:00,0.0,214056960,1116225536,259589896,1446554466,3836,python.exe
2026-08-31T02:15:52.561163+00:00,0.0,214056960,1112621056,259590088,1446554599,3836,python.exe
2026-08-31T02:15:53.074073+00:00,3.0,214056960,1111605248,259590235,1446554752,3836,python.exe
2026-08-31T02:15:53.586339+00:00,0.0,214056960,1097326592,259590290,1446554818,3836,python.exe
2026-08-31T02:15:54.103416+00:00,0.0,214056960,1089470464,259590508,1446555039,3836,python.exe
2026-08-31T02:15:54.618317+00:00,0.0,214056960,1090904064,259590710,1446555198,3836,python.exe
2026-08-31T02:15:55.133674+00:00,0.0,214056960,1083052032,259590872,1446555411,3836,python.exe
2026-08-31T02:15:55.653714+00:00,0.0,214056960,1074745344,259593937,1446556871,3836,python.exe
2026-08-31T02:15:56.167187+00:00,3.0,214056960,1079603200,259594167,1446557302,3836,python.exe
2026-08-31T02:15:56.680261+00:00,0.0,214056960,1080049664,259594233,1446557302,3836,python.exe
2026-08-31T02:15:57.192809+00:00,0.0,214056960,1078616064,259594288,1446557428,3836,python.exe
2026-08-31T02:15:57.704921+00:00,0.0,214056960,1078554624,259594288,1446557428,3836,python.exe
2026-08-31T02:15:58.219467+00:00,0.0,214056960,1082662912,259594343,1446557554,3836,python.exe
2026-08-31T02:15:58.733306+00:00,0.0,214056960,1084370944,259594343,1446557554,3836,python.exe
2026-08-31T02:15:59.249933+00:00,3.0,214056960,1088638976,259594453,1446557686,3836,python.exe
2026-08-31T02:15:59.767347+00:00,0.0,214056960,1089916928,259594453,1446557746,3836,python.exe
2026-08-31T02:16:00.282782+00:00,0.0,214056960,1092866048,259594508,1446557812,3836,python.exe
2026-08-31T02:16:00.801270+00:00,0.0,214056960,1090752512,259594579,1446557940,3836,python.exe
2026-08-31T02:16:01.322193+00:00,0.0,214073344,1098498048,259594869,1446558309,3836,python.exe
2026-08-31T02:16:01.842264+00:00,0.0,214073344,1073733632,259594994,1446558496,3836,python.exe
2026-08-31T02:16:02.363464+00:00,3.0,214073344,1070276608,259595049,1446558562,3836,python.exe
2026-08-31T02:16:02.881510+00:00,0.0,214073344,1061793792,259595142,1446558562,3836,python.exe
2026-08-31T02:16:03.396029+00:00,3.0,214073344,1073037312,259595251,1446558721,3836,python.exe
2026-08-31T02:16:03.909336+00:00,0.0,214073344,1065144320,259595251,1446558781,3836,python.exe
2026-08-31T02:16:04.422779+00:00,0.0,214073344,1068752896,259595600,1446559033,3836,python.exe
2026-08-31T02:16:04.937457+00:00,0.0,214073344,1067282432,259595886,1446559285,3836,python.exe
2026-08-31T02:16:05.451372+00:00,0.0,214073344,1069813760,259595995,1446559403,3836,python.exe
2026-08-31T02:16:05.965382+00:00,0.0,214073344,1071345664,259596049,1446559589,3836,python.exe
2026-08-31T02:16:06.482781+00:00,0.0,214073344,1074106368,259596050,1446559589,3836,python.exe
2026-08-31T02:16:06.999978+00:00,3.0,214073344,1078038528,259596262,1446559915,3836,python.exe
2026-08-31T02:16:07.516127+00:00,3.0,214073344,1077923840,259596476,1446560119,3836,python.exe
2026-08-31T02:16:08.035109+00:00,0.0,214073344,1071665152,259596673,1446560381,3836,python.exe
2026-08-31T02:16:08.551659+00:00,0.0,214073344,1074216960,259596745,1446560449,3836,python.exe
2026-08-31T02:16:09.069515+00:00,3.0,214073344,1072287744,259596871,1446560643,3836,python.exe
2026-08-31T02:16:09.587587+00:00,0.0,214073344,1073160192,259596985,1446560831,3836,python.exe
2026-08-31T02:16:10.101978+00:00,0.0,214073344,1073541120,259597040,1446560897,3836,python.exe
2026-08-31T02:16:10.619658+00:00,0.0,214073344,1043156992,259604044,1446562121,3836,python.exe
2026-08-31T02:16:11.134004+00:00,0.0,214073344,1047662592,259618085,1446576652,3836,python.exe
2026-08-31T02:16:11.647997+00:00,0.0,214073344,1054679040,259620180,1446577909,3836,python.exe
2026-08-31T02:16:12.166558+00:00,0.0,214073344,1053872128,259622900,1446578789,3836,python.exe
2026-08-31T02:16:12.683151+00:00,0.0,214073344,1056718848,259622900,1446578849,3836,python.exe
2026-08-31T02:16:13.197971+00:00,3.0,214073344,1055051776,259627155,1446579783,3836,python.exe
2026-08-31T02:16:13.710439+00:00,0.0,214073344,1059479552,259627272,1446579903,3836,python.exe
2026-08-31T02:16:14.226693+00:00,3.0,214073344,1064726528,259627529,1446580062,3836,python.exe
2026-08-31T02:16:14.742306+00:00,3.0,214073344,1099694080,259627892,1446580892,3836,python.exe
2026-08-31T02:16:15.257530+00:00,3.0,214073344,1093574656,259627948,1446580892,3836,python.exe
2026-08-31T02:16:15.775837+00:00,0.0,214073344,1090248704,259627949,1446581018,3836,python.exe
2026-08-31T02:16:16.294023+00:00,0.0,214073344,1092255744,259627949,1446581018,3836,python.exe
2026-08-31T02:16:16.812842+00:00,6.0,214073344,1088167936,259628005,1446581144,3836,python.exe
2026-08-31T02:16:17.326632+00:00,0.0,214073344,1098747904,259628005,1446581144,3836,python.exe
2026-08-31T02:16:17.839580+00:00,3.0,214073344,1095012352,259628115,1446581336,3836,python.exe
2026-08-31T02:16:18.354659+00:00,0.0,214073344,1106063360,259628386,1446581682,3836,python.exe
2026-08-31T02:16:18.868925+00:00,3.0,214073344,1101950976,259628709,1446581949,3836,python.exe
2026-08-31T02:16:19.388695+00:00,0.0,214073344,1105571840,259631252,1446582548,3836,python.exe
2026-08-31T02:16:19.905262+00:00,3.0,214073344,1104486400,259635495,1446590806,3836,python.exe
2026-08-31T02:16:20.423066+00:00,0.0,214073344,1113128960,259635495,1446590866,3836,python.exe
2026-08-31T02:16:20.936705+00:00,3.0,214073344,1106034688,259635692,1446591067,3836,python.exe
2026-08-31T02:16:21.454695+00:00,0.0,214073344,1099661312,259635692,1446591127,3836,python.exe
2026-08-31T02:16:21.971299+00:00,3.0,214073344,1098620928,259635747,1446591193,3836,python.exe
2026-08-31T02:16:22.486224+00:00,0.0,214073344,1097150464,259635818,1446591260,3836,python.exe
2026-08-31T02:16:23.002062+00:00,0.0,214073344,1097498624,259636020,1446591419,3836,python.exe
2026-08-31T02:16:23.517551+00:00,0.0,214073344,1100120064,259636020,1446591479,3836,python.exe
2026-08-31T02:16:24.032533+00:00,3.0,214073344,1104605184,259636076,1446591479,3836,python.exe
2026-08-31T02:16:24.547236+00:00,3.0,214073344,1092841472,259636370,1446591791,3836,python.exe
2026-08-31T02:16:25.060949+00:00,0.0,214073344,1090174976,259636371,1446591791,3836,python.exe
2026-08-31T02:16:25.574947+00:00,3.0,214073344,1089699840,259639725,1446597310,3836,python.exe
2026-08-31T02:16:26.092830+00:00,3.0,214073344,1093603328,259639781,1446597442,3836,python.exe
2026-08-31T02:16:26.608659+00:00,3.0,214073344,1095114752,259639972,1446597706,3836,python.exe
2026-08-31T02:16:27.125159+00:00,3.0,214073344,1087655936,259639973,1446597706,3836,python.exe
2026-08-31T02:16:27.641776+00:00,0.0,214073344,1090371584,259645971,1446604892,3836,python.exe
2026-08-31T02:16:28.155231+00:00,0.0,214073344,1089081344,259646863,1446605529,3836,python.exe
2026-08-31T02:16:28.669160+00:00,3.0,214073344,1092149248,259647069,1446605944,3836,python.exe
2026-08-31T02:16:29.185075+00:00,3.0,214073344,1088454656,259647338,1446606274,3836,python.exe
2026-08-31T02:16:29.701652+00:00,3.0,214073344,1087926272,259648050,1446606683,3836,python.exe
2026-08-31T02:16:30.215319+00:00,3.0,214073344,1094139904,259648121,1446606751,3836,python.exe
2026-08-31T02:16:30.730002+00:00,3.0,214073344,1093292032,259648176,1446606817,3836,python.exe
2026-08-31T02:16:31.243325+00:00,3.0,214073344,1098113024,259648390,1446607628,3836,python.exe
2026-08-31T02:16:31.758528+00:00,0.0,214073344,1091919872,259648519,1446608230,3836,python.exe
2026-08-31T02:16:32.276004+00:00,0.0,214073344,1099603968,259648632,1446608417,3836,python.exe
2026-08-31T02:16:32.793374+00:00,0.0,214073344,1091772416,259648758,1446608485,3836,python.exe
2026-08-31T02:16:33.314986+00:00,3.0,214073344,1074245632,259655313,1446619811,3836,python.exe
2026-08-31T02:16:33.831824+00:00,0.0,214073344,1040412672,259660198,1446627050,3836,python.exe
2026-08-31T02:16:34.350159+00:00,0.0,214073344,981471232,259660611,1446628140,3836,python.exe
2026-08-31T02:16:34.867764+00:00,0.0,214073344,971923456,259660788,1446628140,3836,python.exe
2026-08-31T02:16:35.383943+00:00,0.0,214073344,975196160,259660897,1446628450,3836,python.exe
2026-08-31T02:16:35.903135+00:00,0.0,214073344,975777792,259660968,1446628518,3836,python.exe
2026-08-31T02:16:36.418392+00:00,3.0,214073344,981663744,259661239,1446628920,3836,python.exe
2026-08-31T02:16:36.933266+00:00,0.0,214073344,978137088,259661239,1446628920,3836,python.exe
2026-08-31T02:16:37.448277+00:00,3.0,214073344,979853312,259661294,1446629046,3836,python.exe
2026-08-31T02:16:37.963462+00:00,0.0,214073344,992460800,259661360,1446629046,3836,python.exe
2026-08-31T02:16:38.477018+00:00,0.0,214073344,996872192,259661415,1446629112,3836,python.exe
2026-08-31T02:16:38.990429+00:00,3.0,214073344,998182912,259661481,1446629172,3836,python.exe
2026-08-31T02:16:39.505782+00:00,0.0,214073344,990281728,259662001,1446630218,3836,python.exe
2026-08-31T02:16:40.025238+00:00,0.0,214073344,999862272,259662001,1446630278,3836,python.exe
2026-08-31T02:16:40.540823+00:00,0.0,214073344,991838208,259662056,1446630344,3836,python.exe
2026-08-31T02:16:41.059233+00:00,0.0,214073344,1062227968,259662232,1446630536,3836,python.exe
2026-08-31T02:16:41.577689+00:00,3.0,214073344,1064476672,259662287,1446630602,3836,python.exe
2026-08-31T02:16:42.096506+00:00,0.0,214073344,1063997440,259665714,1446630908,3836,python.exe
2026-08-31T02:16:42.613175+00:00,3.0,214073344,1064738816,259666009,1446631447,3836,python.exe
2026-08-31T02:16:43.132710+00:00,3.0,214073344,1063690240,259669992,1446632323,3836,python.exe
2026-08-31T02:16:43.650778+00:00,0.0,214073344,1068118016,259670225,1446632509,3836,python.exe
2026-08-31T02:16:44.167700+00:00,0.0,214073344,1065549824,259670225,1446632635,3836,python.exe
2026-08-31T02:16:44.686495+00:00,0.0,214073344,1065144320,259673173,1446638437,3836,python.exe
2026-08-31T02:16:45.202040+00:00,3.0,214073344,1067827200,259677075,1446641273,3836,python.exe
2026-08-31T02:16:45.721738+00:00,3.0,214073344,1068437504,259677129,1446641411,3836,python.exe
2026-08-31T02:16:46.236070+00:00,0.0,214073344,1075634176,259677238,1446641537,3836,python.exe
2026-08-31T02:16:46.750291+00:00,3.0,214073344,1075064832,259677320,1446641675,3836,python.exe
2026-08-31T02:16:47.265084+00:00,3.0,214073344,1080221696,259677429,1446641921,3836,python.exe
2026-08-31T02:16:47.779116+00:00,0.0,214073344,1076326400,259677575,1446642042,3836,python.exe
2026-08-31T02:16:48.293799+00:00,3.0,214073344,1063354368,259677918,1446642592,3836,python.exe
2026-08-31T02:16:48.813947+00:00,3.0,214073344,1057189888,259678202,1446642922,3836,python.exe
2026-08-31T02:16:49.336457+00:00,0.0,214073344,1065783296,259678612,1446643385,3836,python.exe
2026-08-31T02:16:49.856697+00:00,0.0,214073344,1059516416,259678683,1446643452,3836,python.exe
2026-08-31T02:16:50.374279+00:00,6.0,214073344,1067319296,259678864,1446643652,3836,python.exe
2026-08-31T02:16:50.890495+00:00,0.0,214073344,1062539264,259678935,1446643779,3836,python.exe
2026-08-31T02:16:51.405957+00:00,0.0,214073344,1066160128,259678990,1446643845,3836,python.exe
2026-08-31T02:16:51.920347+00:00,0.0,214073344,1060102144,259679061,1446643973,3836,python.exe
2026-08-31T02:16:52.437270+00:00,3.0,214073344,1063096320,259679187,1446644106,3836,python.exe
2026-08-31T02:16:52.951846+00:00,0.0,214073344,1064742912,259679187,1446644166,3836,python.exe
2026-08-31T02:16:53.480639+00:00,3.0,214073344,1061994496,259679431,1446644319,3836,python.exe
2026-08-31T02:16:53.996340+00:00,3.0,214073344,1065463808,259679431,1446644385,3836,python.exe
2026-08-31T02:16:54.510547+00:00,3.0,214073344,1070632960,259679725,1446644571,3836,python.exe
2026-08-31T02:16:55.027657+00:00,0.0,214073344,1073496064,259679851,1446644765,3836,python.exe
2026-08-31T02:16:55.546723+00:00,0.0,214073344,1054642176,259681019,1446646328,3836,python.exe
2026-08-31T02:16:56.066468+00:00,0.0,214073344,1056595968,259681326,1446647602,3836,python.exe
2026-08-31T02:16:56.581699+00:00,0.0,214073344,1058689024,259681381,1446647734,3836,python.exe
2026-08-31T02:16:57.095994+00:00,0.0,214073344,1059696640,259681436,1446647860,3836,python.exe
2026-08-31T02:16:57.611438+00:00,0.0,214073344,1062789120,259681436,1446647860,3836,python.exe
2026-08-31T02:16:58.123639+00:00,0.0,214073344,1058140160,259681491,1446647926,3836,python.exe
2026-08-31T02:16:58.636331+00:00,3.0,214073344,1058467840,259681491,1446647926,3836,python.exe
2026-08-31T02:16:59.155306+00:00,0.0,214073344,1055834112,259681601,1446648178,3836,python.exe
2026-08-31T02:16:59.674326+00:00,0.0,214073344,1069780992,259681601,1446648238,3836,python.exe
2026-08-31T02:17:00.193283+00:00,0.0,214073344,1071374336,259682347,1446648430,3836,python.exe
2026-08-31T02:17:00.708766+00:00,3.0,214073344,1052880896,259684492,1446649813,3836,python.exe
2026-08-31T02:17:01.229392+00:00,0.0,214073344,1044619264,259684547,1446649939,3836,python.exe
2026-08-31T02:17:01.752397+00:00,0.0,214073344,1044037632,259684726,1446650145,3836,python.exe
2026-08-31T02:17:02.267936+00:00,0.0,214073344,1037307904,259684852,1446650278,3836,python.exe
2026-08-31T02:17:02.780820+00:00,0.0,214073344,1085870080,259684852,1446650398,3836,python.exe
2026-08-31T02:17:03.297085+00:00,0.0,214073344,1092415488,259685183,1446651093,3836,python.exe
2026-08-31T02:17:03.814797+00:00,0.0,214073344,1132175360,259685183,1446651279,3836,python.exe
2026-08-31T02:17:04.336131+00:00,6.0,214073344,1140559872,259685369,1446651465,3836,python.exe
2026-08-31T02:17:04.855145+00:00,0.0,214073344,1135517696,259685654,1446651651,3836,python.exe
2026-08-31T02:17:05.371422+00:00,3.0,214073344,1147170816,259685763,1446651835,3836,python.exe
2026-08-31T02:17:05.889062+00:00,3.0,214073344,1143484416,259685818,1446651961,3836,python.exe
2026-08-31T02:17:06.403500+00:00,3.0,214073344,1144156160,259685872,1446652021,3836,python.exe
2026-08-31T02:17:06.915332+00:00,3.1,214073344,1144393728,259686009,1446652345,3836,python.exe
2026-08-31T02:17:07.432441+00:00,3.0,214073344,1143742464,259686063,1446652405,3836,python.exe
2026-08-31T02:17:07.945953+00:00,0.0,214073344,1144336384,259686235,1446652651,3836,python.exe
2026-08-31T02:17:08.459600+00:00,0.0,214073344,1145602048,259686310,1446652773,3836,python.exe
2026-08-31T02:17:08.975620+00:00,0.0,214073344,1149014016,259686578,1446653163,3836,python.exe
2026-08-31T02:17:09.494205+00:00,0.0,214073344,1150910464,259686720,1446653299,3836,python.exe
2026-08-31T02:17:10.014532+00:00,3.0,214073344,1159020544,259686917,1446653493,3836,python.exe
2026-08-31T02:17:10.534753+00:00,0.0,214073344,1152536576,259686917,1446653561,3836,python.exe
2026-08-31T02:17:11.057797+00:00,0.0,214073344,1136529408,259688030,1446654240,3836,python.exe
2026-08-31T02:17:11.575676+00:00,0.0,214073344,1120477184,259688460,1446654605,3836,python.exe
2026-08-31T02:17:12.093329+00:00,3.0,214073344,1114247168,259691041,1446654909,3836,python.exe
2026-08-31T02:17:12.606709+00:00,0.0,214073344,1114353664,259691166,1446655406,3836,python.exe
2026-08-31T02:17:13.126641+00:00,3.0,214073344,1109053440,259695327,1446656156,3836,python.exe
2026-08-31T02:17:13.645504+00:00,0.0,214073344,1110532096,259695656,1446656723,3836,python.exe
2026-08-31T02:17:14.163669+00:00,3.0,214073344,1112846336,259695657,1446656723,3836,python.exe
2026-08-31T02:17:14.683271+00:00,0.0,214073344,1116524544,259696077,1446657162,3836,python.exe
2026-08-31T02:17:15.197574+00:00,0.0,214073344,1114607616,259696078,1446657162,3836,python.exe
2026-08-31T02:17:15.711451+00:00,0.0,214073344,1114595328,259696205,1446657417,3836,python.exe
2026-08-31T02:17:16.225229+00:00,0.0,214073344,1118134272,259696207,1446657418,3836,python.exe
2026-08-31T02:17:16.738942+00:00,0.0,214073344,1117667328,259696262,1446657544,3836,python.exe
2026-08-31T02:17:17.252958+00:00,3.0,214073344,1121890304,259696305,1446657604,3836,python.exe
2026-08-31T02:17:17.766023+00:00,0.0,214073344,1117151232,259696469,1446657883,3836,python.exe
2026-08-31T02:17:18.289935+00:00,3.0,214073344,1187000320,259696615,1446658043,3836,python.exe
2026-08-31T02:17:18.804349+00:00,0.0,214073344,1184407552,259696813,1446658303,3836,python.exe
2026-08-31T02:17:19.321889+00:00,0.0,214073344,1189175296,259697026,1446658504,3836,python.exe
2026-08-31T02:17:19.839871+00:00,0.0,214073344,1184747520,259697153,1446658697,3836,python.exe
2026-08-31T02:17:20.359150+00:00,3.0,214073344,1189625856,259697208,1446658763,3836,python.exe
2026-08-31T02:17:20.877317+00:00,0.0,214073344,1186516992,259697335,1446658956,3836,python.exe
2026-08-31T02:17:21.393039+00:00,0.0,214073344,1185832960,259697335,1446658956,3836,python.exe
2026-08-31T02:17:21.907422+00:00,0.0,214073344,1188106240,259697391,1446659022,3836,python.exe
2026-08-31T02:17:22.423725+00:00,3.0,214073344,1188880384,259697533,1446659217,3836,python.exe
2026-08-31T02:17:22.940523+00:00,0.0,214073344,1170325504,259697589,1446659217,3836,python.exe
2026-08-31T02:17:23.459424+00:00,3.0,214073344,1170804736,259697736,1446659436,3836,python.exe
2026-08-31T02:17:23.974826+00:00,0.0,214073344,1173929984,259697737,1446659436,3836,python.exe
2026-08-31T02:17:24.490021+00:00,0.0,214073344,1165807616,259698086,1446659748,3836,python.exe
2026-08-31T02:17:25.013462+00:00,0.0,214073344,1165848576,259698087,1446659748,3836,python.exe
2026-08-31T02:17:25.527614+00:00,0.0,214073344,1166921728,259698213,1446659881,3836,python.exe
2026-08-31T02:17:26.052094+00:00,0.0,214073344,1161195520,259698335,1446659947,3836,python.exe
2026-08-31T02:17:26.570427+00:00,3.0,214073344,1169702912,259698472,1446660211,3836,python.exe
2026-08-31T02:17:27.094227+00:00,3.0,214073344,1162350592,259698593,1446660271,3836,python.exe
2026-08-31T02:17:27.615337+00:00,0.0,214073344,1165721600,259698648,1446660397,3836,python.exe
2026-08-31T02:17:28.136353+00:00,0.0,214073344,1161150464,259701104,1446660862,3836,python.exe
2026-08-31T02:17:28.654121+00:00,3.0,214073344,1165885440,259705219,1446668911,3836,python.exe
2026-08-31T02:17:29.172585+00:00,0.0,214073344,1164046336,259705432,1446669101,3836,python.exe
2026-08-31T02:17:29.690272+00:00,0.0,214073344,1164275712,259711628,1446675194,3836,python.exe
2026-08-31T02:17:30.209406+00:00,3.0,214073344,1167695872,259712089,1446676491,3836,python.exe
2026-08-31T02:17:30.727081+00:00,0.0,214073344,1167474688,259712215,1446676685,3836,python.exe
2026-08-31T02:17:31.245229+00:00,6.0,214073344,1168867328,259712216,1446676685,3836,python.exe
2026-08-31T02:17:31.762456+00:00,3.0,214073344,1168535552,259712342,1446676879,3836,python.exe
2026-08-31T02:17:32.285225+00:00,3.0,214073344,1172992000,259712414,1446676946,3836,python.exe
2026-08-31T02:17:32.804191+00:00,0.0,214073344,1164464128,259712470,1446677006,3836,python.exe
2026-08-31T02:17:33.334761+00:00,0.0,214073344,1173528576,259712754,1446677233,3836,python.exe
2026-08-31T02:17:33.852636+00:00,0.0,214073344,1172201472,259712810,1446677233,3836,python.exe
2026-08-31T02:17:34.377273+00:00,0.0,214073344,1178222592,259712996,1446677359,3836,python.exe
2026-08-31T02:17:34.900497+00:00,3.0,214073344,1171202048,259713226,1446677545,3836,python.exe
2026-08-31T02:17:35.430538+00:00,5.9,214073344,1180852224,259713390,1446677855,3836,python.exe
2026-08-31T02:17:35.953546+00:00,3.0,214073344,1175605248,259713390,1446677855,3836,python.exe
2026-08-31T02:17:36.474484+00:00,0.0,214073344,1177972736,259713516,1446678049,3836,python.exe
2026-08-31T02:17:36.995294+00:00,0.0,214073344,1108402176,259713516,1446678049,3836,python.exe
2026-08-31T02:17:37.515560+00:00,3.0,214073344,1104461824,259713571,1446678115,3836,python.exe
2026-08-31T02:17:38.036239+00:00,0.0,214073344,1096450048,259713571,1446678115,3836,python.exe
2026-08-31T02:17:38.555738+00:00,0.0,214073344,1100378112,259713626,1446678241,3836,python.exe
2026-08-31T02:17:39.073670+00:00,0.0,214073344,1102417920,259713626,1446678241,3836,python.exe
2026-08-31T02:17:39.592148+00:00,0.0,214073344,1102544896,259713681,1446678367,3836,python.exe
2026-08-31T02:17:40.120482+00:00,5.9,214073344,1099751424,259716420,1446678772,3836,python.exe
2026-08-31T02:17:40.642570+00:00,3.0,214073344,1101688832,259716661,1446679820,3836,python.exe
2026-08-31T02:17:41.163725+00:00,0.0,214073344,1099505664,259716902,1446680006,3836,python.exe
2026-08-31T02:17:41.682050+00:00,0.0,214073344,1098563584,259716957,1446680072,3836,python.exe
2026-08-31T02:17:42.204868+00:00,0.0,214073344,1095024640,259719487,1446680737,3836,python.exe
2026-08-31T02:17:42.721049+00:00,0.0,214073344,1097383936,259719613,1446680871,3836,python.exe
2026-08-31T02:17:43.235681+00:00,0.0,214073344,1095794688,259724302,1446681801,3836,python.exe
2026-08-31T02:17:43.749657+00:00,0.0,214073344,1099456512,259724468,1446682044,3836,python.exe
2026-08-31T02:17:44.264706+00:00,0.0,214073344,1094832128,259724468,1446682104,3836,python.exe
2026-08-31T02:17:44.779444+00:00,0.0,214073344,1093550080,259724888,1446682357,3836,python.exe
2026-08-31T02:17:45.294713+00:00,0.0,214073344,1097052160,259724888,1446682423,3836,python.exe
2026-08-31T02:17:45.811520+00:00,0.0,214073344,1097338880,259724888,1446682423,3836,python.exe
2026-08-31T02:17:46.326896+00:00,0.0,214073344,1095561216,259724943,1446682549,3836,python.exe
2026-08-31T02:17:46.843110+00:00,6.1,214073344,1091244032,259725025,1446682687,3836,python.exe
2026-08-31T02:17:47.359561+00:00,0.0,214073344,1098330112,259725134,1446682873,3836,python.exe
2026-08-31T02:17:47.871189+00:00,0.0,214073344,1092939776,259725134,1446682873,3836,python.exe
2026-08-31T02:17:48.389408+00:00,3.0,214073344,1098981376,259725460,1446683219,3836,python.exe
2026-08-31T02:17:48.906994+00:00,3.0,214073344,1090830336,259725602,1446683420,3836,python.exe
2026-08-31T02:17:49.426047+00:00,0.0,214073344,1096200192,259730694,1446689778,3836,python.exe
2026-08-31T02:17:49.943601+00:00,3.0,214073344,1099370496,259734021,1446700193,3836,python.exe
2026-08-31T02:17:50.459053+00:00,3.0,214073344,1105575936,259734396,1446700581,3836,python.exe
2026-08-31T02:17:50.973546+00:00,3.0,214073344,1092096000,259734538,1446700776,3836,python.exe
2026-08-31T02:17:51.487406+00:00,0.0,214073344,1091043328,259734675,1446700974,3836,python.exe
2026-08-31T02:17:52.001401+00:00,0.0,214073344,1087508480,259734746,1446701102,3836,python.exe
2026-08-31T02:17:52.516760+00:00,0.0,214073344,1093312512,259734872,1446701235,3836,python.exe
2026-08-31T02:17:53.031404+00:00,0.0,214073344,1093636096,259734927,1446701301,3836,python.exe
2026-08-31T02:17:53.545004+00:00,0.0,214073344,1083109376,259735200,1446701462,3836,python.exe
2026-08-31T02:17:54.058956+00:00,0.0,214073344,1088868352,259735200,1446701588,3836,python.exe
2026-08-31T02:17:54.573129+00:00,3.0,214073344,1075195904,259735549,1446701774,3836,python.exe
2026-08-31T02:17:55.089370+00:00,0.0,214073344,1080107008,259735549,1446701900,3836,python.exe
2026-08-31T02:17:55.607679+00:00,3.0,214073344,1072025600,259735620,1446701967,3836,python.exe
2026-08-31T02:17:56.125534+00:00,3.0,214073344,1069236224,259735905,1446702398,3836,python.exe
2026-08-31T02:17:56.644703+00:00,0.0,214073344,1056419840,259751298,1446714643,3836,python.exe
2026-08-31T02:17:57.160469+00:00,0.0,214073344,1056911360,259751782,1446716003,3836,python.exe
2026-08-31T02:17:57.680947+00:00,3.0,214073344,1028853760,259751924,1446716139,3836,python.exe
2026-08-31T02:17:58.194510+00:00,0.0,214073344,1026977792,259752050,1446716333,3836,python.exe
2026-08-31T02:17:58.709402+00:00,0.0,214056960,1037443072,259752050,1446716333,3836,python.exe
2026-08-31T02:17:59.222895+00:00,3.0,214056960,1031045120,259752176,1446716527,3836,python.exe
2026-08-31T02:17:59.737285+00:00,3.0,214056960,1041350656,259752176,1446716587,3836,python.exe
2026-08-31T02:18:00.250955+00:00,0.0,214056960,1033277440,259755211,1446722729,3836,python.exe
2026-08-31T02:18:00.769831+00:00,0.0,214056960,1041338368,259755425,1446724104,3836,python.exe
2026-08-31T02:18:01.284251+00:00,0.0,214073344,1042944000,259755480,1446724170,3836,python.exe
2026-08-31T02:18:01.797535+00:00,0.0,214073344,1044402176,259755776,1446724495,3836,python.exe
2026-08-31T02:18:02.311424+00:00,0.0,214073344,1035644928,259755831,1446724495,3836,python.exe
2026-08-31T02:18:02.826695+00:00,3.0,214073344,1039515648,259755831,1446724621,3836,python.exe
2026-08-31T02:18:03.347013+00:00,3.0,214073344,1040977920,259756033,1446724714,3836,python.exe
2026-08-31T02:18:03.862210+00:00,0.0,214073344,1029939200,259756315,1446724908,3836,python.exe
2026-08-31T02:18:04.384547+00:00,0.0,214073344,1009246208,259756394,1446725497,3836,python.exe
2026-08-31T02:18:04.907513+00:00,0.0,214073344,1004871680,259758457,1446730739,3836,python.exe
2026-08-31T02:18:05.437226+00:00,5.9,214073344,1067667456,259758619,1446732400,3836,python.exe
2026-08-31T02:18:05.957897+00:00,0.0,214073344,1069887488,259758674,1446732526,3836,python.exe
2026-08-31T02:18:06.478687+00:00,0.0,214073344,1078681600,259758674,1446732526,3836,python.exe
2026-08-31T02:18:07.001663+00:00,0.0,214073344,1061851136,259758811,1446732790,3836,python.exe
2026-08-31T02:18:07.529376+00:00,0.0,214073344,1068339200,259758811,1446732850,3836,python.exe
2026-08-31T02:18:08.051265+00:00,3.0,214073344,1072308224,259758920,1446732976,3836,python.exe
2026-08-31T02:18:08.577460+00:00,3.0,214073344,1083097088,259758920,1446732976,3836,python.exe
2026-08-31T02:18:09.096510+00:00,0.0,214073344,1063944192,259759029,1446733102,3836,python.exe
2026-08-31T02:18:09.613507+00:00,0.0,214073344,1065996288,259759104,1446733284,3836,python.exe
2026-08-31T02:18:10.129789+00:00,3.0,214073344,1066237952,259759372,1446733554,3836,python.exe
2026-08-31T02:18:10.645074+00:00,0.0,214073344,1077403648,259759514,1446733750,3836,python.exe
2026-08-31T02:18:11.169117+00:00,0.0,214073344,1080152064,259759711,1446733952,3836,python.exe
2026-08-31T02:18:11.690116+00:00,3.0,214073344,1082200064,259767996,1446735182,3836,python.exe
2026-08-31T02:18:12.212570+00:00,0.0,214073344,1098428416,259772208,1446736533,3836,python.exe
2026-08-31T02:18:12.743669+00:00,0.0,214073344,1013628928,259772262,1446736533,3836,python.exe
2026-08-31T02:18:13.266346+00:00,3.0,214073344,1004679168,259776241,1446737645,3836,python.exe
2026-08-31T02:18:13.796786+00:00,5.9,214073344,1007468544,259776366,1446737773,3836,python.exe
2026-08-31T02:18:14.331328+00:00,0.0,214073344,1007046656,259776487,1446737899,3836,python.exe
2026-08-31T02:18:14.857547+00:00,0.0,214073344,1009532928,259776907,1446738152,3836,python.exe
2026-08-31T02:18:15.387633+00:00,5.9,214073344,1010851840,259777028,1446738278,3836,python.exe
2026-08-31T02:18:15.926968+00:00,2.9,214073344,1000398848,259777028,1446738344,3836,python.exe
2026-08-31T02:18:16.460216+00:00,2.9,214073344,994062336,259777083,1446738344,3836,python.exe
2026-08-31T02:18:16.992811+00:00,0.0,214073344,975138816,259777154,1446738478,3836,python.exe
2026-08-31T02:18:17.558192+00:00,2.8,213245952,1022930944,259777275,1446738538,3836,python.exe
2026-08-31T02:18:18.095771+00:00,2.9,212414464,1107804160,259781380,1446742726,3836,python.exe
2026-08-31T02:18:18.661986+00:00,0.0,211955712,1359249408,259781648,1446742987,3836,python.exe
2026-08-31T02:18:19.200293+00:00,0.0,211632128,1382715392,259781790,1446743187,3836,python.exe
2026-08-31T02:18:19.730204+00:00,5.9,211333120,1754054656,259781987,1446743381,3836,python.exe
2026-08-31T02:18:20.257387+00:00,0.0,211333120,1927782400,259781987,1446743447,3836,python.exe
2026-08-31T02:18:20.780935+00:00,0.0,211333120,2047213568,259782959,1446746623,3836,python.exe
2026-08-31T02:18:21.319000+00:00,0.0,211333120,2033860608,259801298,1446748192,3836,python.exe
2026-08-31T02:18:21.847806+00:00,0.0,211333120,2027520000,259801472,1446748252,3836,python.exe
2026-08-31T02:18:22.377460+00:00,0.0,211333120,2049769472,259801598,1446748445,3836,python.exe
2026-08-31T02:18:22.907145+00:00,0.0,211333120,2076299264,259801598,1446748445,3836,python.exe
2026-08-31T02:18:23.437089+00:00,0.0,211333120,2066591744,259801871,1446748732,3836,python.exe
2026-08-31T02:18:23.964897+00:00,3.0,211333120,2063659008,259801871,1446748732,3836,python.exe
2026-08-31T02:18:24.494619+00:00,2.9,211333120,2056155136,259802166,1446748891,3836,python.exe
2026-08-31T02:18:25.035760+00:00,0.0,211333120,2034143232,259802220,1446748984,3836,python.exe
2026-08-31T02:18:25.562048+00:00,3.0,211333120,2019004416,259802821,1446749780,3836,python.exe
2026-08-31T02:18:26.089604+00:00,3.0,211333120,2017579008,259805761,1446755269,3836,python.exe
2026-08-31T02:18:26.616091+00:00,5.9,211333120,2011721728,259805898,1446755473,3836,python.exe
2026-08-31T02:18:27.140631+00:00,0.0,211333120,2010734592,259806236,1446755797,3836,python.exe
2026-08-31T02:18:27.677882+00:00,0.0,211333120,2015641600,259809061,1446757192,3836,python.exe
2026-08-31T02:18:28.201095+00:00,0.0,211333120,1995759616,259809268,1446757805,3836,python.exe
2026-08-31T02:18:28.728604+00:00,0.0,211333120,1997012992,259810240,1446763716,3836,python.exe
2026-08-31T02:18:29.252495+00:00,0.0,211333120,2006069248,259811186,1446765620,3836,python.exe
2026-08-31T02:18:29.777852+00:00,0.0,211333120,2007994368,259811523,1446765977,3836,python.exe
2026-08-31T02:18:30.296992+00:00,3.0,211439616,2003763200,259818012,1446777801,3836,python.exe
2026-08-31T02:18:30.816427+00:00,0.0,211439616,2009128960,259837044,1446778803,3836,python.exe
2026-08-31T02:18:31.338572+00:00,0.0,211439616,2002485248,259837186,1446778999,3836,python.exe
2026-08-31T02:18:31.856716+00:00,3.0,211439616,2009821184,259837454,1446779268,3836,python.exe
2026-08-31T02:18:32.373845+00:00,3.0,211439616,2010337280,259837454,1446779268,3836,python.exe
2026-08-31T02:18:32.897859+00:00,6.0,211439616,2012545024,259837580,1446779402,3836,python.exe
2026-08-31T02:18:33.415722+00:00,0.0,211439616,1936252928,259837727,1446779555,3836,python.exe
2026-08-31T02:18:33.939348+00:00,0.0,211439616,1920569344,259837782,1446779681,3836,python.exe
2026-08-31T02:18:34.461423+00:00,3.0,211439616,1921658880,259848804,1446819947,3836,python.exe
2026-08-31T02:18:34.984708+00:00,3.0,211439616,1912729600,259855387,1446825089,3836,python.exe
2026-08-31T02:18:35.502228+00:00,0.0,211439616,1899667456,259858118,1446826968,3836,python.exe
2026-08-31T02:18:36.025666+00:00,3.0,211439616,1902616576,259858118,1446826968,3836,python.exe
2026-08-31T02:18:36.546354+00:00,3.0,211439616,1919504384,259859295,1446827497,3836,python.exe
2026-08-31T02:18:37.063674+00:00,3.0,211439616,1921347584,259859509,1446828561,3836,python.exe
2026-08-31T02:18:37.580831+00:00,0.0,211439616,1918291968,259863299,1446831802,3836,python.exe
2026-08-31T02:18:38.097554+00:00,0.0,211439616,1923411968,259863299,1446831862,3836,python.exe
2026-08-31T02:18:38.615801+00:00,0.0,211439616,1920491520,259865963,1446836657,3836,python.exe
2026-08-31T02:18:39.133337+00:00,3.0,211439616,1923547136,259866059,1446837589,3836,python.exe
2026-08-31T02:18:39.649594+00:00,0.0,211439616,1919127552,259866114,1446837655,3836,python.exe
2026-08-31T02:18:40.163070+00:00,0.0,211439616,1915187200,259869010,1446838060,3836,python.exe
2026-08-31T02:18:40.681662+00:00,3.0,211443712,1905115136,259869251,1446839108,3836,python.exe
2026-08-31T02:18:41.199929+00:00,0.0,211443712,1902407680,259869416,1446839366,3836,python.exe
2026-08-31T02:18:41.713919+00:00,3.0,211443712,1898393600,259869526,1446839498,3836,python.exe
2026-08-31T02:18:42.229971+00:00,0.0,211443712,1899663360,259872195,1446840043,3836,python.exe
2026-08-31T02:18:42.747254+00:00,0.0,211443712,1905336320,259872250,1446840109,3836,python.exe
2026-08-31T02:18:43.264479+00:00,3.0,211443712,1902247936,259876396,1446840944,3836,python.exe
2026-08-31T02:18:43.782079+00:00,3.0,211443712,1905594368,259879227,1446841622,3836,python.exe
2026-08-31T02:18:44.297030+00:00,0.0,211443712,1905537024,259879298,1446841690,3836,python.exe
2026-08-31T02:18:44.813581+00:00,0.0,211443712,1906778112,259879718,1446842003,3836,python.exe
2026-08-31T02:18:45.327636+00:00,0.0,211443712,1905905664,259879718,1446842069,3836,python.exe
2026-08-31T02:18:45.841816+00:00,0.0,211443712,1907261440,259879718,1446842129,3836,python.exe
2026-08-31T02:18:46.354494+00:00,3.0,211443712,1905868800,259879773,1446842195,3836,python.exe
2026-08-31T02:18:46.871764+00:00,0.0,211443712,1903218688,259879910,1446842459,3836,python.exe
2026-08-31T02:18:47.388458+00:00,0.0,211443712,1899274240,259881650,1446843016,3836,python.exe
2026-08-31T02:18:47.906429+00:00,6.0,211443712,1904619520,259881650,1446843016,3836,python.exe
2026-08-31T02:18:48.422730+00:00,0.0,211443712,1901096960,259881922,1446843309,3836,python.exe
2026-08-31T02:18:48.938251+00:00,3.0,211443712,1906040832,259882118,1446843563,3836,python.exe
2026-08-31T02:18:49.455423+00:00,0.0,211443712,1903628288,259882315,1446843763,3836,python.exe
2026-08-31T02:18:49.973987+00:00,3.0,211443712,1908654080,259882386,1446843890,3836,python.exe
2026-08-31T02:18:50.488804+00:00,3.0,211443712,1903222784,259883364,1446844268,3836,python.exe
2026-08-31T02:18:51.024393+00:00,2.9,211443712,1910476800,259888848,1446866583,3836,python.exe
2026-08-31T02:18:51.593576+00:00,0.0,211443712,1858080768,259892933,1446986659,3836,python.exe
2026-08-31T02:18:52.113373+00:00,0.0,211443712,1855475712,259907445,1447030859,3836,python.exe
2026-08-31T02:18:52.629168+00:00,0.0,211443712,1836695552,259912130,1447033932,3836,python.exe
2026-08-31T02:18:53.156711+00:00,3.0,211443712,1814999040,259912130,1447033932,3836,python.exe
2026-08-31T02:18:53.670424+00:00,0.0,211443712,1845088256,259912403,1447034219,3836,python.exe
2026-08-31T02:18:54.187563+00:00,3.0,211443712,1837195264,259914427,1447034219,3836,python.exe
2026-08-31T02:18:54.702663+00:00,0.0,211443712,1832652800,259916168,1447035546,3836,python.exe
2026-08-31T02:18:55.218959+00:00,3.0,211443712,1826639872,259916239,1447035614,3836,python.exe
2026-08-31T02:18:55.735055+00:00,0.0,211443712,1811726336,259919637,1447037068,3836,python.exe
2026-08-31T02:18:56.252616+00:00,0.0,211443712,1833861120,259919637,1447037134,3836,python.exe
2026-08-31T02:18:56.767539+00:00,0.0,211443712,1830809600,259919769,1447037628,3836,python.exe
2026-08-31T02:18:57.279412+00:00,0.0,211447808,1829679104,259930443,1447038492,3836,python.exe
2026-08-31T02:18:57.792120+00:00,3.0,211447808,1830051840,259930443,1447038552,3836,python.exe
2026-08-31T02:18:58.307367+00:00,0.0,211447808,1830133760,259930569,1447038686,3836,python.exe
2026-08-31T02:18:58.826164+00:00,0.0,211447808,1836740608,259931085,1447039019,3836,python.exe
2026-08-31T02:18:59.340400+00:00,0.0,211447808,1833074688,259931194,1447039085,3836,python.exe
2026-08-31T02:18:59.856859+00:00,3.0,211447808,1842855936,259931194,1447039085,3836,python.exe
2026-08-31T02:19:00.373071+00:00,3.0,211447808,1832607744,260028707,1447040839,3836,python.exe
2026-08-31T02:19:00.887665+00:00,0.0,211447808,1842192384,260180652,1447045375,3836,python.exe
2026-08-31T02:19:01.406443+00:00,3.0,211447808,1836498944,260180707,1447045501,3836,python.exe
2026-08-31T02:19:01.939478+00:00,0.0,211447808,1794490368,260180778,1447045568,3836,python.exe
2026-08-31T02:19:02.457694+00:00,0.0,211447808,1802600448,260180989,1447046129,3836,python.exe
2026-08-31T02:19:02.972630+00:00,0.0,211447808,1815089152,260181110,1447046195,3836,python.exe
2026-08-31T02:19:03.486733+00:00,0.0,211447808,1831473152,260181312,1447046354,3836,python.exe
2026-08-31T02:19:04.004268+00:00,3.0,211447808,1837027328,260181378,1447046354,3836,python.exe
2026-08-31T02:19:04.520306+00:00,0.0,211447808,1832284160,260181526,1447046573,3836,python.exe
2026-08-31T02:19:05.038757+00:00,0.0,211447808,1838424064,260181920,1447046852,3836,python.exe
2026-08-31T02:19:05.551872+00:00,3.0,211447808,1840218112,260182029,1447046912,3836,python.exe
2026-08-31T02:19:06.066287+00:00,0.0,211447808,1845936128,260182095,1447046978,3836,python.exe
2026-08-31T02:19:06.581591+00:00,0.0,211447808,1839214592,260182177,1447047176,3836,python.exe
2026-08-31T02:19:07.102995+00:00,3.0,211447808,1847828480,260183997,1447047734,3836,python.exe
2026-08-31T02:19:07.620675+00:00,0.0,211447808,1841766400,260183997,1447047794,3836,python.exe
2026-08-31T02:19:08.140213+00:00,3.0,211447808,1847672832,260184052,1447047860,3836,python.exe
2026-08-31T02:19:08.654271+00:00,0.0,211447808,1835073536,260184106,1447050264,3836,python.exe
2026-08-31T02:19:09.175731+00:00,0.0,211447808,1826742272,260184215,1447050390,3836,python.exe
2026-08-31T02:19:09.690063+00:00,0.0,211447808,1810497536,260184281,1447050450,3836,python.exe
2026-08-31T02:19:10.208820+00:00,0.0,211447808,1819578368,260184336,1447050516,3836,python.exe
2026-08-31T02:19:10.725429+00:00,3.0,211447808,1826185216,260184336,1447050576,3836,python.exe
2026-08-31T02:19:11.241349+00:00,0.0,211447808,1824137216,260184391,1447050642,3836,python.exe
2026-08-31T02:19:11.757331+00:00,0.0,211447808,1848569856,260187839,1447058283,3836,python.exe
2026-08-31T02:19:12.272961+00:00,3.0,211447808,1824264192,260190795,1447059151,3836,python.exe
2026-08-31T02:19:12.788832+00:00,0.0,211447808,1868894208,260191045,1447059473,3836,python.exe
2026-08-31T02:19:13.307852+00:00,0.0,211447808,1858060288,260196143,1447060502,3836,python.exe
2026-08-31T02:19:13.831778+00:00,0.0,211447808,1860780032,260196416,1447060729,3836,python.exe
2026-08-31T02:19:14.348727+00:00,0.0,211447808,1861656576,260196471,1447060855,3836,python.exe
2026-08-31T02:19:14.866004+00:00,3.0,211447808,1868988416,260196836,1447061108,3836,python.exe
2026-08-31T02:19:15.383472+00:00,0.0,211447808,1872011264,260197366,1447061711,3836,python.exe
2026-08-31T02:19:15.902575+00:00,0.0,211447808,1863401472,260200812,1447067274,3836,python.exe
2026-08-31T02:19:16.417516+00:00,0.0,211447808,1866194944,260200867,1447067334,3836,python.exe
2026-08-31T02:19:16.936662+00:00,6.0,211447808,1871458304,260204036,1447073911,3836,python.exe
2026-08-31T02:19:17.451721+00:00,0.0,211447808,1865019392,260204036,1447073971,3836,python.exe
2026-08-31T02:19:17.968891+00:00,3.0,211447808,1858416640,260204092,1447074130,3836,python.exe
2026-08-31T02:19:18.484881+00:00,0.0,211447808,1868533760,260204309,1447074324,3836,python.exe
2026-08-31T02:19:19.000162+00:00,0.0,211447808,1871994880,260204578,1447074592,3836,python.exe
2026-08-31T02:19:19.518973+00:00,0.0,211447808,1866469376,260204720,1447074726,3836,python.exe
2026-08-31T02:19:20.034714+00:00,0.0,211447808,1898479616,260204900,1447074997,3836,python.exe
2026-08-31T02:19:20.552060+00:00,0.0,211447808,1894477824,260204971,1447075124,3836,python.exe
2026-08-31T02:19:21.070541+00:00,3.0,211447808,1892261888,260205026,1447075190,3836,python.exe
2026-08-31T02:19:21.588131+00:00,0.0,211447808,1895018496,260205068,1447075310,3836,python.exe
2026-08-31T02:19:22.102166+00:00,0.0,211447808,1893298176,260205123,1447075436,3836,python.exe
2026-08-31T02:19:22.615460+00:00,0.0,211447808,1896984576,260205194,1447075503,3836,python.exe
2026-08-31T02:19:23.130573+00:00,3.0,211447808,1900212224,260205249,1447075569,3836,python.exe
2026-08-31T02:19:23.648146+00:00,0.0,211447808,1900498944,260205396,1447075662,3836,python.exe
2026-08-31T02:19:24.165174+00:00,0.0,211447808,1904353280,260205451,1447075788,3836,python.exe
2026-08-31T02:19:24.679731+00:00,0.0,211447808,1901539328,260205692,1447075974,3836,python.exe
2026-08-31T02:19:25.195547+00:00,0.0,211447808,1902579712,260205872,1447076102,3836,python.exe
2026-08-31T02:19:25.709765+00:00,0.0,211447808,1896996864,260205944,1447076235,3836,python.exe
2026-08-31T02:19:26.221916+00:00,0.0,211447808,1905819648,260206109,1447076427,3836,python.exe
2026-08-31T02:19:26.737353+00:00,0.0,211447808,1893875712,260206302,1447076763,3836,python.exe
2026-08-31T02:19:27.252411+00:00,0.0,211447808,1895223296,260206606,1447077563,3836,python.exe
2026-08-31T02:19:27.768293+00:00,0.0,211447808,1896722432,260209935,1447083211,3836,python.exe
2026-08-31T02:19:28.286776+00:00,0.0,211447808,1896734720,260209936,1447083271,3836,python.exe
2026-08-31T02:19:28.802959+00:00,0.0,211447808,1896427520,260210046,1447083337,3836,python.exe
2026-08-31T02:19:29.321040+00:00,0.0,211447808,1928609792,260210047,1447083463,3836,python.exe
2026-08-31T02:19:29.834446+00:00,0.0,211447808,1929314304,260213365,1447084916,3836,python.exe
2026-08-31T02:19:30.349085+00:00,3.0,211447808,1929633792,260213543,1447085162,3836,python.exe
2026-08-31T02:19:30.867071+00:00,3.0,211447808,1936596992,260213598,1447085228,3836,python.exe
2026-08-31T02:19:31.382753+00:00,0.0,211447808,1935753216,260215294,1447085799,3836,python.exe
2026-08-31T02:19:31.900710+00:00,0.0,211447808,1932058624,260218821,1447096440,3836,python.exe
2026-08-31T02:19:32.417898+00:00,0.0,211447808,1930031104,260219287,1447108342,3836,python.exe
2026-08-31T02:19:32.935853+00:00,0.0,211447808,1935654912,260219609,1447108732,3836,python.exe
2026-08-31T02:19:33.450502+00:00,3.0,211447808,1935560704,260219610,1447108732,3836,python.exe
2026-08-31T02:19:33.963061+00:00,3.0,211447808,1933242368,260219812,1447108951,3836,python.exe
2026-08-31T02:19:34.480822+00:00,0.0,211447808,1931599872,260219921,1447109089,3836,python.exe
2026-08-31T02:19:34.999274+00:00,0.0,211447808,1926860800,260220392,1447109335,3836,python.exe
2026-08-31T02:19:35.516582+00:00,0.0,211447808,1921306624,260220447,1447109519,3836,python.exe
2026-08-31T02:19:36.035878+00:00,0.0,211447808,1919983616,260220447,1447109579,3836,python.exe
2026-08-31T02:19:36.549438+00:00,0.0,211447808,1919451136,260223501,1447111672,3836,python.exe
2026-08-31T02:19:37.064314+00:00,0.0,211447808,1920278528,260225443,1447113039,3836,python.exe
2026-08-31T02:19:37.578211+00:00,0.0,211447808,1920724992,260225642,1447114700,3836,python.exe
2026-08-31T02:19:38.095323+00:00,0.0,211447808,1927286784,260225642,1447114760,3836,python.exe
2026-08-31T02:19:38.613973+00:00,0.0,211447808,1926094848,260225698,1447114826,3836,python.exe
2026-08-31T02:19:39.132021+00:00,3.0,211447808,1928572928,260225698,1447114826,3836,python.exe
2026-08-31T02:19:39.650970+00:00,0.0,211447808,1931591680,260225861,1447114952,3836,python.exe
2026-08-31T02:19:40.172255+00:00,3.0,211447808,1933107200,260228600,1447115357,3836,python.exe
2026-08-31T02:19:40.685859+00:00,0.0,211447808,1926873088,260228896,1447116345,3836,python.exe
2026-08-31T02:19:41.199112+00:00,3.0,211447808,1933234176,260228896,1447116411,3836,python.exe
2026-08-31T02:19:41.713159+00:00,3.0,211447808,1930129408,260228951,1447116477,3836,python.exe
2026-08-31T02:19:42.227178+00:00,0.0,211447808,1926721536,260233295,1447117226,3836,python.exe
2026-08-31T02:19:42.746723+00:00,0.0,211447808,1925443584,260233512,1447117753,3836,python.exe
2026-08-31T02:19:43.262333+00:00,3.0,211447808,1929412608,260237262,1447118350,3836,python.exe
2026-08-31T02:19:43.776196+00:00,3.0,211447808,1917513728,260237506,1447118503,3836,python.exe
2026-08-31T02:19:44.290327+00:00,0.0,211447808,1920466944,260237561,1447118695,3836,python.exe
2026-08-31T02:19:44.808304+00:00,3.0,211447808,1927360512,260238055,1447119484,3836,python.exe
2026-08-31T02:19:45.326702+00:00,0.0,211447808,1928110080,260238055,1447119610,3836,python.exe
2026-08-31T02:19:45.842300+00:00,3.0,211447808,1930141696,260238055,1447119610,3836,python.exe
2026-08-31T02:19:46.355849+00:00,3.0,211447808,1929502720,260238110,1447119736,3836,python.exe
2026-08-31T02:19:46.869825+00:00,0.0,211447808,1929867264,260238192,1447119874,3836,python.exe
2026-08-31T02:19:47.381919+00:00,0.0,211447808,1930518528,260238247,1447119940,3836,python.exe
2026-08-31T02:19:47.894646+00:00,0.0,211447808,1928998912,260238302,1447120006,3836,python.exe
2026-08-31T02:19:48.409485+00:00,0.0,211447808,1925099520,260238645,1447120367,3836,python.exe
2026-08-31T02:19:48.924675+00:00,0.0,211447808,1930661888,260238787,1447120501,3836,python.exe
2026-08-31T02:19:49.443130+00:00,0.0,211447808,1931526144,260238984,1447120761,3836,python.exe
2026-08-31T02:19:49.958627+00:00,6.1,211447808,1932517376,260239172,1447120888,3836,python.exe
2026-08-31T02:19:50.473625+00:00,3.0,211447808,1927098368,260244028,1447127045,3836,python.exe
2026-08-31T02:19:50.988640+00:00,0.0,211447808,1924476928,260244165,1447127112,3836,python.exe
2026-08-31T02:19:51.501294+00:00,0.0,211447808,1927827456,260244220,1447127238,3836,python.exe
2026-08-31T02:19:52.016292+00:00,0.0,211447808,1934315520,260244361,1447127360,3836,python.exe
2026-08-31T02:19:52.535030+00:00,0.0,211447808,1928294400,260244487,1447127493,3836,python.exe
2026-08-31T02:19:53.052554+00:00,0.0,211447808,1933660160,260244487,1447127493,3836,python.exe
2026-08-31T02:19:53.567825+00:00,0.0,211447808,1927618560,260244635,1447127586,3836,python.exe
2026-08-31T02:19:54.087092+00:00,0.0,211447808,1934270464,260244809,1447127712,3836,python.exe
2026-08-31T02:19:54.602563+00:00,0.0,211447808,1927417856,260244902,1447127865,3836,python.exe
2026-08-31T02:19:55.122091+00:00,0.0,211447808,1928937472,260245158,1447128024,3836,python.exe
2026-08-31T02:19:55.636794+00:00,3.0,211447808,1933074432,260245229,1447128151,3836,python.exe
2026-08-31T02:19:56.156664+00:00,3.0,211447808,1941942272,260245404,1447128390,3836,python.exe
2026-08-31T02:19:56.672969+00:00,0.0,211447808,1936572416,260245404,1447128450,3836,python.exe
2026-08-31T02:19:57.189757+00:00,0.0,211447808,1946238976,260245459,1447128516,3836,python.exe
2026-08-31T02:19:57.707807+00:00,0.0,211447808,1936658432,260245459,1447128516,3836,python.exe
2026-08-31T02:19:58.221895+00:00,0.0,211447808,1939935232,260245580,1447128582,3836,python.exe
2026-08-31T02:19:58.737320+00:00,0.0,211447808,1938198528,260245580,1447128582,3836,python.exe
2026-08-31T02:19:59.251771+00:00,0.0,211447808,1937448960,260245814,1447128774,3836,python.exe
2026-08-31T02:19:59.766846+00:00,0.0,211447808,1941897216,260245868,1447128960,3836,python.exe
2026-08-31T02:20:00.281632+00:00,3.0,211447808,1939161088,260248573,1447129431,3836,python.exe
2026-08-31T02:20:00.798233+00:00,0.0,211447808,1917505536,260248759,1447130475,3836,python.exe
2026-08-31T02:20:01.322322+00:00,0.0,211447808,1939521536,260250196,1447130673,3836,python.exe
2026-08-31T02:20:01.846591+00:00,0.0,211447808,1877938176,260254473,1447151829,3836,python.exe
2026-08-31T02:20:02.362412+00:00,0.0,211447808,1870995456,260257104,1447153366,3836,python.exe
2026-08-31T02:20:02.875595+00:00,0.0,211447808,1882210304,260257104,1447153366,3836,python.exe
2026-08-31T02:20:03.389906+00:00,3.0,211447808,1883832320,260261977,1447154176,3836,python.exe
2026-08-31T02:20:03.903828+00:00,0.0,211447808,1881735168,260263824,1447158173,3836,python.exe
2026-08-31T02:20:04.423040+00:00,3.0,211447808,1834123264,260274300,1447176422,3836,python.exe
2026-08-31T02:20:04.935997+00:00,0.0,211447808,1846157312,260275611,1447177912,3836,python.exe
2026-08-31T02:20:05.452818+00:00,3.0,211447808,1841033216,260275665,1447178030,3836,python.exe
2026-08-31T02:20:05.966047+00:00,0.0,211447808,1837420544,260275720,1447178156,3836,python.exe
2026-08-31T02:20:06.483340+00:00,3.0,211447808,1835884544,260275720,1447178156,3836,python.exe
2026-08-31T02:20:06.997188+00:00,3.0,211447808,1833431040,260275928,1447178488,3836,python.exe
2026-08-31T02:20:07.511402+00:00,3.0,211447808,1838338048,260275928,1447178488,3836,python.exe
2026-08-31T02:20:08.025445+00:00,0.0,211447808,1836584960,260275983,1447178554,3836,python.exe
2026-08-31T02:20:08.540926+00:00,0.0,211447808,1839636480,260275983,1447178554,3836,python.exe
2026-08-31T02:20:09.059677+00:00,0.0,211447808,1848123392,260276038,1447178620,3836,python.exe
2026-08-31T02:20:09.576597+00:00,3.0,211447808,1840881664,260276038,1447178620,3836,python.exe
2026-08-31T02:20:10.096847+00:00,3.0,211447808,1849004032,260278815,1447184287,3836,python.exe
2026-08-31T02:20:10.610799+00:00,3.0,211447808,1857339392,260278869,1447184347,3836,python.exe
2026-08-31T02:20:11.129201+00:00,0.0,211447808,1828392960,260282002,1447185829,3836,python.exe
2026-08-31T02:20:11.643210+00:00,0.0,211447808,1815097344,260295543,1447200538,3836,python.exe
2026-08-31T02:20:12.157104+00:00,0.0,211447808,1824247808,260298456,1447201134,3836,python.exe
2026-08-31T02:20:12.671010+00:00,3.0,211468288,1824833536,260298639,1447201569,3836,python.exe
2026-08-31T02:20:13.184709+00:00,0.0,211468288,1825021952,260302817,1447202522,3836,python.exe
2026-08-31T02:20:13.703879+00:00,3.0,211468288,1820581888,260303019,1447202681,3836,python.exe
2026-08-31T02:20:14.219697+00:00,0.0,211468288,1822138368,260303074,1447202747,3836,python.exe
2026-08-31T02:20:14.733314+00:00,0.0,211468288,1834209280,260303347,1447202973,3836,python.exe
2026-08-31T02:20:15.247282+00:00,3.0,211468288,1830248448,260306962,1447203705,3836,python.exe
2026-08-31T02:20:15.761725+00:00,3.0,211468288,1827172352,260307017,1447203771,3836,python.exe
2026-08-31T02:20:16.277409+00:00,3.0,211468288,1827532800,260307145,1447204427,3836,python.exe
2026-08-31T02:20:16.789738+00:00,0.0,211468288,1826742272,260307200,1447204493,3836,python.exe
2026-08-31T02:20:17.307624+00:00,0.0,211468288,1827622912,260307200,1447204553,3836,python.exe
2026-08-31T02:20:17.825626+00:00,0.0,211468288,1835814912,260307255,1447204619,3836,python.exe
2026-08-31T02:20:18.339757+00:00,3.0,211468288,1835057152,260307401,1447204779,3836,python.exe
2026-08-31T02:20:18.857169+00:00,0.0,211468288,1836363776,260307669,1447205046,3836,python.exe
2026-08-31T02:20:19.375208+00:00,0.0,211468288,1836003328,260307811,1447205180,3836,python.exe
2026-08-31T02:20:19.891416+00:00,0.0,211468288,1846083584,260307937,1447205313,3836,python.exe
2026-08-31T02:20:20.407502+00:00,0.0,211468288,1847926784,260308115,1447205499,3836,python.exe
2026-08-31T02:20:20.924377+00:00,0.0,211468288,1855889408,260308241,1447205566,3836,python.exe
2026-08-31T02:20:21.440273+00:00,0.0,211468288,1852428288,260308241,1447205632,3836,python.exe
2026-08-31T02:20:21.952156+00:00,3.1,211468288,1861386240,260308351,1447205698,3836,python.exe
2026-08-31T02:20:22.465262+00:00,0.0,211468288,1854357504,260308477,1447205897,3836,python.exe
2026-08-31T02:20:22.985230+00:00,3.0,211468288,1868967936,260308477,1447205897,3836,python.exe
2026-08-31T02:20:23.501311+00:00,0.0,211468288,1860288512,260308532,1447205963,3836,python.exe
2026-08-31T02:20:24.025273+00:00,0.0,211468288,1867886592,260308679,1447206056,3836,python.exe
2026-08-31T02:20:24.539597+00:00,0.0,211468288,1862520832,260309013,1447206242,3836,python.exe
2026-08-31T02:20:25.052508+00:00,0.0,211468288,1870413824,260311689,1447211591,3836,python.exe
2026-08-31T02:20:25.566103+00:00,0.0,211468288,1863540736,260312407,1447213911,3836,python.exe
2026-08-31T02:20:26.081119+00:00,0.0,211468288,1864310784,260312407,1447213911,3836,python.exe
2026-08-31T02:20:26.598107+00:00,0.0,211468288,1867968512,260312544,1447214115,3836,python.exe
2026-08-31T02:20:27.112845+00:00,0.0,211468288,1871790080,260312544,1447214115,3836,python.exe
2026-08-31T02:20:27.626510+00:00,0.0,211468288,1869729792,260312670,1447214249,3836,python.exe
2026-08-31T02:20:28.144201+00:00,0.0,211472384,1863766016,260312670,1447214249,3836,python.exe
2026-08-31T02:20:28.664701+00:00,3.0,211472384,1863348224,260312725,1447214315,3836,python.exe
2026-08-31T02:20:29.181916+00:00,0.0,211472384,1864577024,260312780,1447214315,3836,python.exe
2026-08-31T02:20:29.698120+00:00,0.0,211472384,1862537216,260318866,1447220338,3836,python.exe
2026-08-31T02:20:30.210766+00:00,0.0,211472384,1863671808,260319114,1447221437,3836,python.exe
2026-08-31T02:20:30.724922+00:00,0.0,211472384,1871028224,260319169,1447221437,3836,python.exe
2026-08-31T02:20:31.239524+00:00,3.0,211488768,1869471744,260319223,1447221563,3836,python.exe
2026-08-31T02:20:31.752970+00:00,0.0,211488768,1859817472,260319223,1447221563,3836,python.exe
2026-08-31T02:20:32.266665+00:00,0.0,211488768,1862172672,260319349,1447221696,3836,python.exe
2026-08-31T02:20:32.780788+00:00,0.0,211488768,1868177408,260325132,1447228751,3836,python.exe
2026-08-31T02:20:33.298613+00:00,0.0,211488768,1868320768,260326083,1447229316,3836,python.exe
2026-08-31T02:20:33.813761+00:00,0.0,211488768,1868005376,260326385,1447229762,3836,python.exe
2026-08-31T02:20:34.333334+00:00,0.0,211488768,1885319168,260326440,1447229828,3836,python.exe
2026-08-31T02:20:34.850927+00:00,0.0,211488768,1930510336,260326617,1447229894,3836,python.exe
2026-08-31T02:20:35.369603+00:00,0.0,211488768,1932120064,260326873,1447230171,3836,python.exe
2026-08-31T02:20:35.882666+00:00,0.0,211488768,1932038144,260326873,1447230171,3836,python.exe
2026-08-31T02:20:36.397226+00:00,0.0,211488768,1933115392,260326982,1447230297,3836,python.exe
2026-08-31T02:20:36.914502+00:00,0.0,211488768,1930993664,260326982,1447230297,3836,python.exe
2026-08-31T02:20:37.432455+00:00,0.0,211488768,1927348224,260327037,1447230363,3836,python.exe
2026-08-31T02:20:37.947971+00:00,0.0,211488768,1935847424,260327037,1447230363,3836,python.exe
2026-08-31T02:20:38.463190+00:00,0.0,211488768,1934008320,260327092,1447230429,3836,python.exe
2026-08-31T02:20:38.985622+00:00,3.0,211488768,1937190912,260327092,1447230429,3836,python.exe
2026-08-31T02:20:39.504668+00:00,0.0,211488768,1926553600,260327213,1447230495,3836,python.exe
2026-08-31T02:20:40.025709+00:00,3.0,211488768,1926443008,260327213,1447230495,3836,python.exe
2026-08-31T02:20:40.543245+00:00,0.0,211488768,1922560000,260327334,1447230495,3836,python.exe
2026-08-31T02:20:41.062683+00:00,6.0,211488768,1945284608,260327389,1447230627,3836,python.exe
2026-08-31T02:20:41.581025+00:00,0.0,211488768,1939480576,260327389,1447230627,3836,python.exe
2026-08-31T02:20:42.099293+00:00,3.0,211488768,1943236608,260327510,1447230693,3836,python.exe
2026-08-31T02:20:42.614738+00:00,0.0,211488768,1934356480,260331750,1447231706,3836,python.exe
2026-08-31T02:20:43.131922+00:00,0.0,211488768,1934610432,260335878,1447232580,3836,python.exe
2026-08-31T02:20:43.650404+00:00,0.0,211488768,1922826240,260335995,1447232580,3836,python.exe
2026-08-31T02:20:44.165436+00:00,0.0,211488768,1942593536,260336197,1447232799,3836,python.exe
2026-08-31T02:20:44.679865+00:00,0.0,211488768,1943449600,260336501,1447233118,3836,python.exe
2026-08-31T02:20:45.193734+00:00,3.0,211488768,1942949888,260336758,1447233343,3836,python.exe
2026-08-31T02:20:45.707922+00:00,3.0,211488768,1944010752,260336758,1447233343,3836,python.exe
2026-08-31T02:20:46.225234+00:00,0.0,211488768,1943465984,260336879,1447233409,3836,python.exe
2026-08-31T02:20:46.743190+00:00,0.0,211488768,1944940544,260336961,1447233547,3836,python.exe
2026-08-31T02:20:47.255805+00:00,0.0,211488768,1944006656,260337071,1447233679,3836,python.exe
2026-08-31T02:20:47.773703+00:00,0.0,211488768,1950830592,260337071,1447233679,3836,python.exe
2026-08-31T02:20:48.288016+00:00,0.0,211488768,1950662656,260337272,1447233905,3836,python.exe
2026-08-31T02:20:48.801890+00:00,3.0,211488768,1951293440,260337485,1447234107,3836,python.exe
2026-08-31T02:20:49.317653+00:00,0.0,211488768,1949773824,260337753,1447234308,3836,python.exe
2026-08-31T02:20:49.835569+00:00,3.0,211488768,1951051776,260338800,1447234567,3836,python.exe
2026-08-31T02:20:50.350697+00:00,3.0,211488768,1953685504,260338963,1447234996,3836,python.exe
2026-08-31T02:20:50.866029+00:00,0.0,211488768,1952501760,260339034,1447235129,3836,python.exe
2026-08-31T02:20:51.380771+00:00,0.0,211488768,1947721728,260339034,1447235129,3836,python.exe
2026-08-31T02:20:51.895028+00:00,0.0,211488768,1953001472,260339143,1447235255,3836,python.exe
2026-08-31T02:20:52.408442+00:00,0.0,211488768,1946300416,260339214,1447235322,3836,python.exe
2026-08-31T02:20:52.925686+00:00,0.0,211488768,1954000896,260339269,1447235388,3836,python.exe
2026-08-31T02:20:53.439645+00:00,0.0,211488768,1959395328,260348116,1447244422,3836,python.exe
2026-08-31T02:20:53.959525+00:00,0.0,211488768,1956331520,260349009,1447244647,3836,python.exe
2026-08-31T02:20:54.471981+00:00,0.0,211488768,1949507584,260351458,1447248035,3836,python.exe
2026-08-31T02:20:54.991937+00:00,3.0,211488768,1954664448,260351513,1447248101,3836,python.exe
2026-08-31T02:20:55.507756+00:00,0.0,211488768,1943187456,260352422,1447248387,3836,python.exe
2026-08-31T02:20:56.022468+00:00,3.0,211488768,1958293504,260354941,1447249714,3836,python.exe
2026-08-31T02:20:56.542838+00:00,0.0,211488768,1956274176,260355161,1447249978,3836,python.exe
2026-08-31T02:20:57.061416+00:00,3.0,211488768,1953828864,260355325,1447250170,3836,python.exe
2026-08-31T02:20:57.575231+00:00,3.0,211488768,1957597184,260355325,1447250170,3836,python.exe
2026-08-31T02:20:58.092622+00:00,3.0,211488768,1955880960,260355380,1447250236,3836,python.exe
2026-08-31T02:20:58.610239+00:00,6.0,211488768,1945522176,260355380,1447250236,3836,python.exe
2026-08-31T02:20:59.126260+00:00,6.1,211488768,1947267072,260355435,1447250236,3836,python.exe
2026-08-31T02:20:59.638473+00:00,0.0,211488768,1954119680,260355490,1447250368,3836,python.exe
2026-08-31T02:21:00.157881+00:00,0.0,211488768,1951354880,260355600,1447250368,3836,python.exe
2026-08-31T02:21:00.676677+00:00,0.0,211488768,1951854592,260355600,1447250560,3836,python.exe
2026-08-31T02:21:01.192202+00:00,0.0,211488768,1953017856,260355600,1447250560,3836,python.exe
2026-08-31T02:21:01.716297+00:00,0.0,211488768,1948864512,260355655,1447250686,3836,python.exe
2026-08-31T02:21:02.235854+00:00,0.0,211488768,1933746176,260355726,1447250753,3836,python.exe
2026-08-31T02:21:02.750254+00:00,3.0,211488768,1939992576,260355781,1447250879,3836,python.exe
2026-08-31T02:21:03.267008+00:00,0.0,211488768,1935171584,260355781,1447250879,3836,python.exe
2026-08-31T02:21:03.781698+00:00,0.0,211488768,1935544320,260355929,1447251038,3836,python.exe
2026-08-31T02:21:04.296539+00:00,0.0,211488768,1934635008,260363461,1447257803,3836,python.exe
2026-08-31T02:21:04.811386+00:00,0.0,211488768,1936048128,260363638,1447257869,3836,python.exe
2026-08-31T02:21:05.329853+00:00,3.0,211488768,1937301504,260363839,1447258080,3836,python.exe
2026-08-31T02:21:05.848326+00:00,0.0,211488768,1932959744,260363894,1447258146,3836,python.exe
2026-08-31T02:21:06.362537+00:00,0.0,211488768,1934811136,260363894,1447258146,3836,python.exe
2026-08-31T02:21:06.877056+00:00,0.0,211488768,1940738048,260364031,1447258350,3836,python.exe
2026-08-31T02:21:07.393187+00:00,0.0,211488768,1933500416,260364086,1447258416,3836,python.exe
2026-08-31T02:21:07.907087+00:00,0.0,211488768,1940692992,260364141,1447258482,3836,python.exe
2026-08-31T02:21:08.420007+00:00,0.0,211488768,1933103104,260364212,1447258550,3836,python.exe
2026-08-31T02:21:08.934412+00:00,3.0,211488768,1940889600,260364267,1447258550,3836,python.exe
2026-08-31T02:21:09.450816+00:00,3.0,211488768,1937362944,260364445,1447258802,3836,python.exe
2026-08-31T02:21:09.964851+00:00,3.0,211488768,1936015360,260364445,1447258802,3836,python.exe
2026-08-31T02:21:10.482789+00:00,3.0,211488768,1939419136,260364500,1447258868,3836,python.exe
2026-08-31T02:21:11.003056+00:00,3.0,211488768,1938923520,260364500,1447258868,3836,python.exe
2026-08-31T02:21:11.517595+00:00,0.0,211488768,1942175744,260364663,1447259225,3836,python.exe
2026-08-31T02:21:12.035081+00:00,0.0,211488768,1946902528,260364825,1447259590,3836,python.exe
2026-08-31T02:21:12.553033+00:00,0.0,211488768,1943379968,260368675,1447260789,3836,python.exe
2026-08-31T02:21:13.068229+00:00,3.0,211488768,1940451328,260372783,1447261446,3836,python.exe
2026-08-31T02:21:13.586790+00:00,0.0,211488768,1941209088,260372892,1447261512,3836,python.exe
2026-08-31T02:21:14.100513+00:00,0.0,211488768,1941450752,260373114,1447261727,3836,python.exe
2026-08-31T02:21:14.614683+00:00,3.0,211488768,1939079168,260373240,1447261860,3836,python.exe
2026-08-31T02:21:15.128989+00:00,0.0,211488768,1939623936,260373442,1447262019,3836,python.exe
2026-08-31T02:21:15.643698+00:00,0.0,211488768,1939955712,260373552,1447262151,3836,python.exe
2026-08-31T02:21:16.159545+00:00,0.0,211488768,1943838720,260373553,1447262151,3836,python.exe
2026-08-31T02:21:16.676506+00:00,0.0,211488768,1939890176,260373608,1447262217,3836,python.exe
2026-08-31T02:21:17.190690+00:00,0.0,211488768,1939681280,260373609,1447262217,3836,python.exe
2026-08-31T02:21:17.706409+00:00,0.0,211488768,1940254720,260373664,1447262283,3836,python.exe
2026-08-31T02:21:18.221161+00:00,0.0,211488768,1940672512,260374439,1447263489,3836,python.exe
2026-08-31T02:21:18.734900+00:00,3.0,211488768,1949167616,260374690,1447263683,3836,python.exe
2026-08-31T02:21:19.250099+00:00,0.0,211488768,1941594112,260374833,1447263883,3836,python.exe
2026-08-31T02:21:19.766801+00:00,0.0,211488768,1946140672,260374975,1447264017,3836,python.exe
2026-08-31T02:21:20.284014+00:00,0.0,211488768,1945481216,260375030,1447264083,3836,python.exe
2026-08-31T02:21:20.798081+00:00,0.0,211488768,1946619904,260375101,1447264150,3836,python.exe
2026-08-31T02:21:21.316433+00:00,0.0,211488768,1946910720,260375230,1447264752,3836,python.exe
2026-08-31T02:21:21.831377+00:00,0.0,211488768,1949429760,260375230,1447264752,3836,python.exe
2026-08-31T02:21:22.345431+00:00,0.0,211488768,1946456064,260375356,1447264885,3836,python.exe
2026-08-31T02:21:22.860642+00:00,0.0,211488768,1943498752,260375356,1447264885,3836,python.exe
2026-08-31T02:21:23.377019+00:00,0.0,211488768,1938595840,260375411,1447264951,3836,python.exe
2026-08-31T02:21:23.895392+00:00,0.0,211488768,1945698304,260375558,1447265044,3836,python.exe
2026-08-31T02:21:24.415748+00:00,3.0,211488768,1971208192,260375614,1447265110,3836,python.exe
2026-08-31T02:21:24.933976+00:00,0.0,211488768,1975730176,260375614,1447265110,3836,python.exe
2026-08-31T02:21:25.452861+00:00,3.0,211488768,1970388992,260375888,1447265336,3836,python.exe
2026-08-31T02:21:25.969689+00:00,0.0,211488768,1969737728,260375985,1447265462,3836,python.exe
2026-08-31T02:21:26.483574+00:00,3.0,211488768,1973035008,260376041,1447265528,3836,python.exe
2026-08-31T02:21:27.004366+00:00,0.0,211488768,1977233408,260376123,1447265666,3836,python.exe
2026-08-31T02:21:27.520099+00:00,3.0,211488768,1978748928,260376245,1447265732,3836,python.exe
2026-08-31T02:21:28.038962+00:00,3.0,211488768,1982967808,260376706,1447265792,3836,python.exe
2026-08-31T02:21:28.554480+00:00,3.0,211488768,1979125760,260379914,1447272015,3836,python.exe
2026-08-31T02:21:29.068275+00:00,0.0,211488768,1985277952,260380183,1447273522,3836,python.exe
2026-08-31T02:21:29.583133+00:00,3.0,211488768,1979052032,260380184,1447273522,3836,python.exe
2026-08-31T02:21:30.095877+00:00,0.0,211488768,1974792192,260380347,1447273879,3836,python.exe
2026-08-31T02:21:30.614089+00:00,0.0,211488768,1967259648,260380468,1447273945,3836,python.exe
2026-08-31T02:21:31.127606+00:00,0.0,211488768,1968201728,260382758,1447274077,3836,python.exe
2026-08-31T02:21:31.645404+00:00,0.0,211488768,1970229248,260386970,1447280088,3836,python.exe
2026-08-31T02:21:32.160126+00:00,0.0,211488768,1969631232,260387151,1447280287,3836,python.exe
2026-08-31T02:21:32.674225+00:00,0.0,211488768,1968848896,260387205,1447280347,3836,python.exe
2026-08-31T02:21:33.190124+00:00,0.0,211488768,1970110464,260387260,1447280413,3836,python.exe
2026-08-31T02:21:33.705722+00:00,0.0,211488768,1975500800,260387261,1447280413,3836,python.exe
2026-08-31T02:21:34.221647+00:00,0.0,211488768,1976213504,260387463,1447280572,3836,python.exe
2026-08-31T02:21:34.742601+00:00,3.0,211488768,1975664640,260387605,1447280694,3836,python.exe
2026-08-31T02:21:35.261063+00:00,0.0,211488768,1970241536,260388108,1447281031,3836,python.exe
2026-08-31T02:21:35.779684+00:00,0.0,211488768,1970139136,260388216,1447281780,3836,python.exe
2026-08-31T02:21:36.294877+00:00,3.0,211488768,1973903360,260388271,1447281846,3836,python.exe
2026-08-31T02:21:36.809366+00:00,3.0,211488768,1974059008,260388272,1447281846,3836,python.exe
2026-08-31T02:21:37.324174+00:00,3.0,211488768,1969434624,260388328,1447281846,3836,python.exe
2026-08-31T02:21:37.841676+00:00,0.0,211488768,1972432896,260388445,1447281972,3836,python.exe
2026-08-31T02:21:38.360679+00:00,3.0,211488768,1966702592,260388501,1447281972,3836,python.exe
2026-08-31T02:21:38.879644+00:00,0.0,211488768,1952284672,260388501,1447282038,3836,python.exe
2026-08-31T02:21:39.394350+00:00,0.0,211488768,1949659136,260388501,1447282038,3836,python.exe
2026-08-31T02:21:39.913119+00:00,3.0,211488768,1950511104,260388610,1447282164,3836,python.exe
2026-08-31T02:21:40.431701+00:00,0.0,211488768,1949454336,260388610,1447282164,3836,python.exe
2026-08-31T02:21:40.952212+00:00,0.0,211488768,1949605888,260388665,1447282230,3836,python.exe
2026-08-31T02:21:41.469850+00:00,0.0,211488768,1944748032,260388720,1447282296,3836,python.exe
2026-08-31T02:21:41.988842+00:00,0.0,211488768,1947561984,260388885,1447282494,3836,python.exe
2026-08-31T02:21:42.507365+00:00,0.0,211488768,1943740416,260391453,1447283159,3836,python.exe
2026-08-31T02:21:43.027987+00:00,0.0,211488768,1969098752,260395444,1447283463,3836,python.exe
2026-08-31T02:21:43.543627+00:00,3.0,211488768,1962582016,260396442,1447283971,3836,python.exe
2026-08-31T02:21:44.057484+00:00,3.0,211488768,1962483712,260396752,1447284575,3836,python.exe
2026-08-31T02:21:44.573310+00:00,0.0,211488768,1972580352,260396752,1447284575,3836,python.exe
2026-08-31T02:21:45.087802+00:00,0.0,211488768,1971691520,260396878,1447284708,3836,python.exe
2026-08-31T02:21:45.600484+00:00,0.0,211488768,1961836544,260397080,1447284867,3836,python.exe
2026-08-31T02:21:46.117887+00:00,0.0,211488768,1962053632,260397135,1447284933,3836,python.exe
2026-08-31T02:21:46.631483+00:00,0.0,211488768,1957265408,260401716,1447294245,3836,python.exe
2026-08-31T02:21:47.145446+00:00,3.0,211488768,1956638720,260404487,1447296328,3836,python.exe
2026-08-31T02:21:47.662219+00:00,3.0,211488768,1957998592,260446590,1447298644,3836,python.exe
2026-08-31T02:21:48.177505+00:00,3.0,211488768,1957220352,260449191,1447300315,3836,python.exe
2026-08-31T02:21:48.691620+00:00,0.0,211488768,1956868096,260449404,1447300582,3836,python.exe
2026-08-31T02:21:49.204454+00:00,0.0,211488768,1957044224,260450065,1447301636,3836,python.exe
2026-08-31T02:21:49.719987+00:00,0.0,211488768,1954226176,260450333,1447301904,3836,python.exe
2026-08-31T02:21:50.237254+00:00,0.0,211488768,1954017280,260450333,1447301904,3836,python.exe
2026-08-31T02:21:50.751645+00:00,0.0,211488768,1963470848,260450459,1447302037,3836,python.exe
2026-08-31T02:21:51.268475+00:00,0.0,211488768,1960988672,260455204,1447307955,3836,python.exe
2026-08-31T02:21:51.783599+00:00,0.0,211488768,1961025536,260455259,1447308021,3836,python.exe
2026-08-31T02:21:52.296381+00:00,0.0,211488768,1960325120,260455385,1447308154,3836,python.exe
2026-08-31T02:21:52.810026+00:00,0.0,211488768,1957515264,260455440,1447308220,3836,python.exe
2026-08-31T02:21:53.327803+00:00,3.0,211488768,1952415744,260464183,1447315642,3836,python.exe
2026-08-31T02:21:53.843517+00:00,0.0,211488768,1941098496,260464238,1447315708,3836,python.exe
2026-08-31T02:21:54.358066+00:00,0.0,211488768,1936805888,260464385,1447315801,3836,python.exe
2026-08-31T02:21:54.877452+00:00,3.0,211488768,1945595904,260464515,1447315989,3836,python.exe
2026-08-31T02:21:55.394146+00:00,0.0,211488768,1934745600,260464733,1447316209,3836,python.exe
2026-08-31T02:21:55.913856+00:00,3.0,211488768,1941622784,260464908,1447316448,3836,python.exe
2026-08-31T02:21:56.429691+00:00,0.0,211488768,1943347200,260464908,1447316448,3836,python.exe
2026-08-31T02:21:56.946117+00:00,0.0,211488768,1942429696,260464963,1447316448,3836,python.exe
2026-08-31T02:21:57.463524+00:00,0.0,211488768,1944862720,260464963,1447316514,3836,python.exe
2026-08-31T02:21:57.980128+00:00,0.0,211488768,1945419776,260464963,1447316514,3836,python.exe
2026-08-31T02:21:58.497244+00:00,0.0,211488768,1944633344,260465018,1447316580,3836,python.exe
2026-08-31T02:21:59.020647+00:00,3.0,211488768,1946292224,260465018,1447316580,3836,python.exe
2026-08-31T02:21:59.534634+00:00,0.0,211488768,1950412800,260467474,1447317051,3836,python.exe
2026-08-31T02:22:00.050344+00:00,0.0,211488768,1953333248,260468280,1447320040,3836,python.exe
2026-08-31T02:22:00.568942+00:00,3.0,211488768,1946017792,260471268,1447321621,3836,python.exe
2026-08-31T02:22:01.089103+00:00,3.0,211488768,1914691584,260471268,1447321621,3836,python.exe
2026-08-31T02:22:01.609777+00:00,0.0,211488768,1938726912,260471323,1447321687,3836,python.exe
2026-08-31T02:22:02.129982+00:00,0.0,211488768,1882890240,260471394,1447321754,3836,python.exe
2026-08-31T02:22:02.642940+00:00,0.0,211488768,1933271040,260471449,1447321820,3836,python.exe
2026-08-31T02:22:03.156719+00:00,3.0,211488768,1939079168,260471504,1447321886,3836,python.exe
2026-08-31T02:22:03.671068+00:00,3.0,211488768,1940643840,260471737,1447322138,3836,python.exe
2026-08-31T02:22:04.188077+00:00,0.0,211488768,1940488192,260471884,1447322231,3836,python.exe
2026-08-31T02:22:04.705135+00:00,0.0,211488768,1940246528,260471939,1447322297,3836,python.exe
2026-08-31T02:22:05.220634+00:00,3.0,211488768,1936977920,260472115,1447322415,3836,python.exe
2026-08-31T02:22:05.735494+00:00,0.0,211488768,1941819392,260472317,1447322634,3836,python.exe
2026-08-31T02:22:06.251226+00:00,0.0,211488768,1941164032,260472317,1447322634,3836,python.exe
2026-08-31T02:22:06.768370+00:00,0.0,211488768,1942700032,260472454,1447322772,3836,python.exe
2026-08-31T02:22:07.286695+00:00,0.0,211488768,1941848064,260472454,1447322838,3836,python.exe
2026-08-31T02:22:07.801137+00:00,0.0,211488768,1943453696,260472454,1447322838,3836,python.exe
2026-08-31T02:22:08.314797+00:00,3.0,211488768,1942970368,260472509,1447322904,3836,python.exe
2026-08-31T02:22:08.829236+00:00,0.0,211488768,1943797760,260472509,1447322904,3836,python.exe
2026-08-31T02:22:09.351830+00:00,0.0,211488768,1944256512,260472564,1447322970,3836,python.exe
2026-08-31T02:22:09.867259+00:00,0.0,211488768,1948581888,260472711,1447323585,3836,python.exe
2026-08-31T02:22:10.381385+00:00,0.0,211488768,1949437952,260472766,1447323651,3836,python.exe
2026-08-31T02:22:10.894842+00:00,6.1,211488768,1952677888,260472952,1447323771,3836,python.exe
2026-08-31T02:22:11.409718+00:00,0.0,211488768,1949134848,260473007,1447323837,3836,python.exe
2026-08-31T02:22:11.925088+00:00,0.0,211488768,1955880960,260473007,1447323837,3836,python.exe
2026-08-31T02:22:12.439766+00:00,0.0,211488768,1955266560,260477173,1447324856,3836,python.exe
2026-08-31T02:22:12.956332+00:00,0.0,211488768,1958989824,260477173,1447324856,3836,python.exe
2026-08-31T02:22:13.470878+00:00,0.0,211488768,1959403520,260481295,1447325579,3836,python.exe
2026-08-31T02:22:13.985020+00:00,0.0,211488768,1967808512,260481388,1447325672,3836,python.exe
2026-08-31T02:22:14.501564+00:00,0.0,211488768,1956290560,260482606,1447328550,3836,python.exe
2026-08-31T02:22:15.024213+00:00,0.0,211488768,1957527552,260482677,1447328617,3836,python.exe
2026-08-31T02:22:15.541299+00:00,3.0,211488768,1959956480,260483020,1447328898,3836,python.exe
2026-08-31T02:22:16.055013+00:00,0.0,211488768,1959284736,260483020,1447328898,3836,python.exe
2026-08-31T02:22:16.568509+00:00,3.0,211488768,1956691968,260483141,1447328898,3836,python.exe
2026-08-31T02:22:17.085676+00:00,3.0,211488768,1955966976,260483141,1447328964,3836,python.exe
2026-08-31T02:22:17.598441+00:00,3.0,211488768,1953202176,260483196,1447329090,3836,python.exe
2026-08-31T02:22:18.112253+00:00,0.0,211488768,1953345536,260483434,1447329462,3836,python.exe
2026-08-31T02:22:18.635676+00:00,3.0,211488768,1954816000,260483713,1447329723,3836,python.exe
2026-08-31T02:22:19.152755+00:00,0.0,211488768,1953402880,260483910,1447329923,3836,python.exe
2026-08-31T02:22:19.667412+00:00,3.0,211488768,1953648640,260483981,1447330050,3836,python.exe
2026-08-31T02:22:20.185341+00:00,0.0,211488768,1952927744,260484107,1447330183,3836,python.exe
2026-08-31T02:22:20.699652+00:00,3.0,211488768,1953357824,260484233,1447330376,3836,python.exe
2026-08-31T02:22:21.212670+00:00,3.0,211488768,1953779712,260484342,1447330502,3836,python.exe
2026-08-31T02:22:21.730259+00:00,0.0,211488768,1959100416,260484342,1447330562,3836,python.exe
2026-08-31T02:22:22.244263+00:00,3.0,211488768,1958039552,260484468,1447330695,3836,python.exe
2026-08-31T02:22:22.760506+00:00,3.0,211488768,1959387136,260484589,1447330821,3836,python.exe
2026-08-31T02:22:23.279279+00:00,0.0,211488768,1959215104,260484644,1447330887,3836,python.exe
2026-08-31T02:22:23.798052+00:00,9.0,211488768,1959297024,260484644,1447330947,3836,python.exe
2026-08-31T02:22:24.316476+00:00,0.0,211488768,1957609472,260484846,1447331106,3836,python.exe
2026-08-31T02:22:24.835226+00:00,3.0,211488768,1958125568,260484846,1447331166,3836,python.exe
2026-08-31T02:22:25.349436+00:00,6.1,211488768,1954435072,260484972,1447331233,3836,python.exe
2026-08-31T02:22:25.864226+00:00,0.0,211488768,1958449152,260485119,1447331452,3836,python.exe
2026-08-31T02:22:26.378155+00:00,0.0,211509248,1953968128,260485229,1447331518,3836,python.exe
2026-08-31T02:22:26.892597+00:00,0.0,211509248,1957593088,260485421,1447331854,3836,python.exe
2026-08-31T02:22:27.407079+00:00,0.0,211509248,1950240768,260485421,1447331854,3836,python.exe
2026-08-31T02:22:27.925629+00:00,0.0,211509248,1957793792,260485476,1447331920,3836,python.exe
2026-08-31T02:22:28.440487+00:00,0.0,211509248,1950867456,260485476,1447331920,3836,python.exe
2026-08-31T02:22:28.958660+00:00,0.0,211509248,1958850560,260485531,1447331986,3836,python.exe
2026-08-31T02:22:29.483847+00:00,0.0,211509248,1951096832,260485709,1447332172,3836,python.exe
2026-08-31T02:22:29.996446+00:00,0.0,211509248,1959415808,260485764,1447332238,3836,python.exe
2026-08-31T02:22:30.510375+00:00,3.0,211509248,1950699520,260485835,1447332306,3836,python.exe
2026-08-31T02:22:31.027876+00:00,3.0,211509248,1953619968,260485890,1447332372,3836,python.exe
2026-08-31T02:22:31.540834+00:00,0.0,211525632,1954660352,260485890,1447332372,3836,python.exe
2026-08-31T02:22:32.055172+00:00,0.0,211525632,1958285312,260486133,1447332565,3836,python.exe
2026-08-31T02:22:32.570563+00:00,0.0,211525632,1953959936,260486133,1447332565,3836,python.exe
2026-08-31T02:22:33.088038+00:00,0.0,211525632,1956462592,260486188,1447332631,3836,python.exe
2026-08-31T02:22:33.604171+00:00,0.0,211525632,1953509376,260486188,1447332631,3836,python.exe
2026-08-31T02:22:34.126943+00:00,0.0,211525632,1956339712,260486444,1447332850,3836,python.exe
2026-08-31T02:22:34.647052+00:00,0.0,211525632,1953320960,260486444,1447332850,3836,python.exe
2026-08-31T02:22:35.166779+00:00,0.0,211525632,1953148928,260486675,1447332968,3836,python.exe
2026-08-31T02:22:35.682328+00:00,0.0,211525632,1954181120,260486897,1447333309,3836,python.exe
2026-08-31T02:22:36.200776+00:00,0.0,211525632,1953517568,260486994,1447333369,3836,python.exe
2026-08-31T02:22:36.719660+00:00,3.0,211525632,1953505280,260486994,1447333435,3836,python.exe
2026-08-31T02:22:37.234743+00:00,3.0,211525632,1953779712,260487049,1447333501,3836,python.exe
2026-08-31T02:22:37.751640+00:00,0.0,211525632,1954557952,260487104,1447333567,3836,python.exe
2026-08-31T02:22:38.270183+00:00,0.0,211525632,1954406400,260487104,1447333567,3836,python.exe
2026-08-31T02:22:38.786239+00:00,3.0,211525632,1959669760,260487159,1447333633,3836,python.exe
2026-08-31T02:22:39.301743+00:00,0.0,211525632,1959600128,260487159,1447333633,3836,python.exe
2026-08-31T02:22:39.821805+00:00,3.0,211525632,1960906752,260487214,1447333699,3836,python.exe
2026-08-31T02:22:40.340056+00:00,0.0,211525632,1959845888,260492776,1447344477,3836,python.exe
2026-08-31T02:22:40.858668+00:00,3.0,211525632,1959874560,260493478,1447346796,3836,python.exe
2026-08-31T02:22:41.378479+00:00,0.0,211525632,1958957056,260493532,1447346856,3836,python.exe
2026-08-31T02:22:41.892997+00:00,0.0,211525632,1956061184,260493587,1447346922,3836,python.exe
2026-08-31T02:22:42.411023+00:00,0.0,211525632,1951748096,260497165,1447347821,3836,python.exe
2026-08-31T02:22:42.929998+00:00,3.0,211525632,1957109760,260497220,1447347887,3836,python.exe
2026-08-31T02:22:43.448735+00:00,3.0,211525632,1952493568,260501127,1447348840,3836,python.exe
2026-08-31T02:22:43.967943+00:00,3.0,211525632,1958895616,260501182,1447348906,3836,python.exe
2026-08-31T02:22:44.485435+00:00,0.0,211525632,1954021376,260501329,1447348999,3836,python.exe
2026-08-31T02:22:45.005359+00:00,0.0,211525632,1952210944,260501455,1447349132,3836,python.exe
2026-08-31T02:22:45.522034+00:00,3.0,211525632,1955028992,260501548,1447349132,3836,python.exe
2026-08-31T02:22:46.040867+00:00,0.0,211525632,1952018432,260501657,1447349225,3836,python.exe
2026-08-31T02:22:46.560090+00:00,0.0,211525632,1955553280,260501739,1447349429,3836,python.exe
2026-08-31T02:22:47.077060+00:00,6.0,211525632,1952296960,260501739,1447349429,3836,python.exe
2026-08-31T02:22:47.595049+00:00,0.0,211525632,1955172352,260501794,1447349495,3836,python.exe
2026-08-31T02:22:48.109608+00:00,0.0,211525632,1953529856,260501869,1447349588,3836,python.exe
2026-08-31T02:22:48.621925+00:00,0.0,211525632,1954930688,260502137,1447349855,3836,python.exe
2026-08-31T02:22:49.137742+00:00,3.0,211525632,1958187008,260502279,1447349989,3836,python.exe
2026-08-31T02:22:49.654455+00:00,3.0,211525632,1958883328,260502405,1447350122,3836,python.exe
2026-08-31T02:22:50.174452+00:00,0.0,211525632,1963450368,260502476,1447350189,3836,python.exe
2026-08-31T02:22:50.688971+00:00,0.0,211525632,1959538688,260502673,1447350390,3836,python.exe
2026-08-31T02:22:51.202836+00:00,0.0,211525632,1966231552,260502673,1447350390,3836,python.exe
2026-08-31T02:22:51.717542+00:00,0.0,211525632,1949401088,260502728,1447350456,3836,python.exe
2026-08-31T02:22:52.232211+00:00,3.0,211525632,1950171136,260502799,1447350523,3836,python.exe
2026-08-31T02:22:52.749799+00:00,0.0,211525632,1950896128,260502854,1447350523,3836,python.exe
2026-08-31T02:22:53.267920+00:00,3.0,211525632,1950994432,260502854,1447350589,3836,python.exe
2026-08-31T02:22:53.783594+00:00,0.0,211525632,1930592256,260502854,1447350589,3836,python.exe
2026-08-31T02:22:54.302263+00:00,0.0,211525632,1929183232,260503056,1447350748,3836,python.exe
2026-08-31T02:22:54.817067+00:00,3.0,211525632,1933324288,260503056,1447350748,3836,python.exe
2026-08-31T02:22:55.332929+00:00,3.0,211525632,1929089024,260503289,1447351060,3836,python.exe
2026-08-31T02:22:55.851532+00:00,3.0,211525632,1934794752,260503561,1447351342,3836,python.exe
2026-08-31T02:22:56.363552+00:00,3.1,211525632,1927102464,260503691,1447351408,3836,python.exe
2026-08-31T02:22:56.879430+00:00,0.0,211525632,1936236544,260503691,1447351408,3836,python.exe
2026-08-31T02:22:57.392494+00:00,0.0,211525632,1921855488,260518153,1447362795,3836,python.exe
2026-08-31T02:22:57.904905+00:00,0.0,211525632,1912471552,260518281,1447363983,3836,python.exe
2026-08-31T02:22:58.419457+00:00,3.0,211525632,1907908608,260542889,1447365855,3836,python.exe
2026-08-31T02:22:58.931560+00:00,3.1,211525632,1879150592,260543032,1447375105,3836,python.exe
2026-08-31T02:22:59.450210+00:00,0.0,211525632,1873666048,260543087,1447375171,3836,python.exe
2026-08-31T02:22:59.968931+00:00,3.0,211525632,1880158208,260543087,1447375171,3836,python.exe
2026-08-31T02:23:00.483187+00:00,0.0,211525632,1879670784,260543142,1447375237,3836,python.exe
2026-08-31T02:23:01.008182+00:00,6.0,211525632,1874632704,260543142,1447375237,3836,python.exe
2026-08-31T02:23:01.536258+00:00,3.0,211525632,1879912448,260543197,1447375303,3836,python.exe
2026-08-31T02:23:02.055732+00:00,0.0,211525632,1866936320,260543322,1447375430,3836,python.exe
2026-08-31T02:23:02.573532+00:00,0.0,211525632,1879232512,260543432,1447375496,3836,python.exe
2026-08-31T02:23:03.097471+00:00,3.0,211525632,1889501184,260543432,1447375562,3836,python.exe
2026-08-31T02:23:03.611629+00:00,0.0,211525632,1888464896,260543432,1447375562,3836,python.exe
2026-08-31T02:23:04.126425+00:00,0.0,211525632,1893552128,260543646,1447375721,3836,python.exe
2026-08-31T02:23:04.640613+00:00,0.0,211525632,1893072896,260543700,1447375721,3836,python.exe
2026-08-31T02:23:05.158704+00:00,0.0,211525632,1901527040,260543997,1447375905,3836,python.exe
2026-08-31T02:23:05.672664+00:00,0.0,211525632,1891282944,260544265,1447376182,3836,python.exe
2026-08-31T02:23:06.185257+00:00,0.0,211525632,1894703104,260544320,1447376248,3836,python.exe
2026-08-31T02:23:06.702174+00:00,3.0,211525632,1882300416,260544402,1447376386,3836,python.exe
2026-08-31T02:23:07.219705+00:00,0.0,211525632,1884536832,260544523,1447376452,3836,python.exe
2026-08-31T02:23:07.733610+00:00,3.0,211525632,1878867968,260544523,1447376452,3836,python.exe
2026-08-31T02:23:08.249951+00:00,0.0,211525632,1882800128,260544578,1447376518,3836,python.exe
2026-08-31T02:23:08.767070+00:00,0.0,211525632,1879351296,260544578,1447376518,3836,python.exe
2026-08-31T02:23:09.283848+00:00,0.0,211525632,1881141248,260544633,1447376584,3836,python.exe
2026-08-31T02:23:09.803412+00:00,3.0,211525632,1886593024,260544633,1447376584,3836,python.exe
2026-08-31T02:23:10.319841+00:00,0.0,211525632,1896300544,260544688,1447376650,3836,python.exe
2026-08-31T02:23:10.838724+00:00,3.0,211525632,1893257216,260544754,1447376650,3836,python.exe
2026-08-31T02:23:11.357665+00:00,3.0,211525632,1897623552,260544864,1447376716,3836,python.exe
2026-08-31T02:23:11.877182+00:00,3.0,211525632,1897156608,260544864,1447376782,3836,python.exe
2026-08-31T02:23:12.393362+00:00,0.0,211525632,1899433984,260555843,1447378510,3836,python.exe
2026-08-31T02:23:12.907459+00:00,0.0,211525632,1904279552,260555843,1447378576,3836,python.exe
2026-08-31T02:23:13.423542+00:00,0.0,211525632,1893527552,260560397,1447379589,3836,python.exe
2026-08-31T02:23:13.937666+00:00,0.0,211525632,1888870400,260560452,1447379655,3836,python.exe
2026-08-31T02:23:14.455123+00:00,0.0,211525632,1890193408,260560599,1447379748,3836,python.exe
2026-08-31T02:23:14.972013+00:00,0.0,211525632,1886494720,260561416,1447379947,3836,python.exe
2026-08-31T02:23:15.490595+00:00,0.0,211525632,1882533888,260563866,1447383215,3836,python.exe
2026-08-31T02:23:16.007791+00:00,0.0,211525632,1882578944,260564069,1447383374,3836,python.exe
2026-08-31T02:23:16.521545+00:00,3.0,211525632,1885782016,260564144,1447383496,3836,python.exe
2026-08-31T02:23:17.035941+00:00,0.0,211525632,1882079232,260564309,1447383688,3836,python.exe
2026-08-31T02:23:17.549920+00:00,3.0,211525632,1883000832,260568317,1447387717,3836,python.exe
2026-08-31T02:23:18.063658+00:00,0.0,211525632,1887526912,260568448,1447387876,3836,python.exe
2026-08-31T02:23:18.575946+00:00,0.0,211525632,1879121920,260568590,1447388010,3836,python.exe
2026-08-31T02:23:19.092217+00:00,0.0,211525632,1882345472,260568859,1447388277,3836,python.exe
2026-08-31T02:23:19.609311+00:00,3.0,211525632,1882288128,260568930,1447388344,3836,python.exe
2026-08-31T02:23:20.126570+00:00,0.0,211525632,1886085120,260569056,1447388477,3836,python.exe
2026-08-31T02:23:20.643610+00:00,0.0,211525632,1883570176,260569305,1447388730,3836,python.exe
2026-08-31T02:23:21.164390+00:00,3.0,211525632,1885929472,260569360,1447388730,3836,python.exe
2026-08-31T02:23:21.687176+00:00,0.0,211525632,1882009600,260569360,1447388796,3836,python.exe
2026-08-31T02:23:22.208396+00:00,0.0,211525632,1954766848,260569595,1447388989,3836,python.exe
2026-08-31T02:23:22.729670+00:00,0.0,211525632,1982173184,260569595,1447389055,3836,python.exe
2026-08-31T02:23:23.245447+00:00,0.0,211525632,1992044544,260569595,1447389055,3836,python.exe
2026-08-31T02:23:23.758523+00:00,0.0,211525632,1984299008,260569650,1447389121,3836,python.exe
2026-08-31T02:23:24.274493+00:00,0.0,211525632,1986658304,260569797,1447389214,3836,python.exe
2026-08-31T02:23:24.789114+00:00,3.0,211525632,1980321792,260569853,1447389280,3836,python.exe
2026-08-31T02:23:25.302750+00:00,0.0,211525632,1984278528,260569854,1447389280,3836,python.exe
2026-08-31T02:23:25.817849+00:00,3.0,211525632,1984020480,260570244,1447389566,3836,python.exe
2026-08-31T02:23:26.333432+00:00,3.0,211525632,1984552960,260570300,1447389632,3836,python.exe
2026-08-31T02:23:26.872994+00:00,0.0,211525632,1982115840,260570437,1447389836,3836,python.exe
2026-08-31T02:23:27.389192+00:00,6.1,211525632,1981140992,260575574,1447390646,3836,python.exe
2026-08-31T02:23:27.908043+00:00,0.0,211525632,1958248448,260581685,1447401176,3836,python.exe
2026-08-31T02:23:28.423027+00:00,0.0,211525632,1928531968,260583667,1447402050,3836,python.exe
2026-08-31T02:23:28.943244+00:00,0.0,211525632,1957949440,260583796,1447402652,3836,python.exe
2026-08-31T02:23:29.459824+00:00,3.0,211525632,1972838400,260586379,1447403956,3836,python.exe
2026-08-31T02:23:29.978664+00:00,0.0,211525632,1978822656,260590758,1447410990,3836,python.exe
2026-08-31T02:23:30.493539+00:00,0.0,211525632,1972191232,260590824,1447410990,3836,python.exe
2026-08-31T02:23:31.016651+00:00,0.0,211525632,1971204096,260593395,1447412480,3836,python.exe
2026-08-31T02:23:31.533358+00:00,0.0,211525632,1974185984,260593466,1447412548,3836,python.exe
2026-08-31T02:23:32.047665+00:00,0.0,211525632,1967669248,260593592,1447412615,3836,python.exe
2026-08-31T02:23:32.563792+00:00,0.0,211525632,1968218112,260593592,1447412681,3836,python.exe
2026-08-31T02:23:33.080106+00:00,0.0,211525632,1968963584,260593592,1447412681,3836,python.exe
2026-08-31T02:23:33.593517+00:00,0.0,211525632,1971920896,260593648,1447412747,3836,python.exe
2026-08-31T02:23:34.108563+00:00,3.0,211525632,1972285440,260595162,1447412939,3836,python.exe
2026-08-31T02:23:34.624228+00:00,3.0,211525632,1965920256,260609599,1447455781,3836,python.exe
2026-08-31T02:23:35.144537+00:00,0.0,211525632,1906458624,260623872,1447468449,3836,python.exe
2026-08-31T02:23:35.666097+00:00,0.0,211525632,1900990464,260628803,1447473250,3836,python.exe
2026-08-31T02:23:36.183875+00:00,0.0,211525632,1902735360,260628857,1447473250,3836,python.exe
2026-08-31T02:23:36.699843+00:00,3.0,211525632,1903427584,260628913,1447473316,3836,python.exe
2026-08-31T02:23:37.218004+00:00,3.0,211525632,1910616064,260632680,1447480398,3836,python.exe
2026-08-31T02:23:37.733347+00:00,0.0,211525632,1901412352,260632844,1447480987,3836,python.exe
2026-08-31T02:23:38.246903+00:00,3.0,211525632,1909964800,260632845,1447480987,3836,python.exe
2026-08-31T02:23:38.761284+00:00,3.0,211525632,1902911488,260632900,1447481053,3836,python.exe
2026-08-31T02:23:39.278092+00:00,0.0,211525632,1900716032,260635617,1447486534,3836,python.exe
2026-08-31T02:23:39.791964+00:00,3.0,211525632,1895661568,260635672,1447486600,3836,python.exe
2026-08-31T02:23:40.309213+00:00,0.0,211525632,1897091072,260638925,1447492718,3836,python.exe
2026-08-31T02:23:40.826570+00:00,3.0,211525632,1902923776,260638980,1447492784,3836,python.exe
2026-08-31T02:23:41.340501+00:00,6.1,211525632,1900859392,260638980,1447492784,3836,python.exe
2026-08-31T02:23:41.853756+00:00,3.0,211525632,1898659840,260639035,1447492784,3836,python.exe
2026-08-31T02:23:42.367975+00:00,3.0,211525632,1900007424,260641668,1447493573,3836,python.exe
2026-08-31T02:23:42.889565+00:00,0.0,211525632,1906708480,260641777,1447493699,3836,python.exe
2026-08-31T02:23:43.407505+00:00,3.0,211525632,1904156672,260645970,1447494362,3836,python.exe
2026-08-31T02:23:43.925070+00:00,0.0,211525632,1906323456,260648600,1447494428,3836,python.exe
2026-08-31T02:23:44.439300+00:00,0.0,211525632,1907818496,260648856,1447495106,3836,python.exe
2026-08-31T02:23:44.954563+00:00,0.0,211525632,1909506048,260648927,1447495173,3836,python.exe
2026-08-31T02:23:45.468634+00:00,0.0,211525632,1905479680,260648982,1447495239,3836,python.exe
2026-08-31T02:23:45.982180+00:00,0.0,211525632,1907486720,260649283,1447495332,3836,python.exe
2026-08-31T02:23:46.495574+00:00,3.0,211525632,1903071232,260649516,1447496018,3836,python.exe
2026-08-31T02:23:47.016127+00:00,6.0,211525632,1908273152,260649598,1447496156,3836,python.exe
2026-08-31T02:23:47.536388+00:00,0.0,211525632,1902350336,260651389,1447496840,3836,python.exe
2026-08-31T02:23:48.055439+00:00,0.0,211525632,1900974080,260651464,1447496933,3836,python.exe
2026-08-31T02:23:48.568983+00:00,0.0,211525632,1903792128,260651661,1447497133,3836,python.exe
2026-08-31T02:23:49.089024+00:00,0.0,211525632,1900773376,260651874,1447497334,3836,python.exe
2026-08-31T02:23:49.609163+00:00,0.0,211525632,1903742976,260652000,1447497467,3836,python.exe
2026-08-31T02:23:50.127431+00:00,0.0,211525632,1908834304,260652071,1447497534,3836,python.exe
2026-08-31T02:23:50.640475+00:00,0.0,211525632,1909850112,260662426,1447503307,3836,python.exe
2026-08-31T02:23:51.156453+00:00,3.0,211525632,1905311744,260665506,1447555383,3836,python.exe
2026-08-31T02:23:51.694475+00:00,2.9,211525632,1868804096,260671805,1447645455,3836,python.exe
2026-08-31T02:23:52.210804+00:00,0.0,211525632,1876762624,260683938,1447688480,3836,python.exe
2026-08-31T02:23:52.725535+00:00,0.0,211525632,1870880768,260699852,1447705602,3836,python.exe
2026-08-31T02:23:53.245439+00:00,0.0,211525632,1872379904,260699973,1447705668,3836,python.exe
2026-08-31T02:23:53.759982+00:00,0.0,211525632,1863589888,260699973,1447705668,3836,python.exe
2026-08-31T02:23:54.274662+00:00,0.0,211525632,1871900672,260700175,1447705827,3836,python.exe
2026-08-31T02:23:54.789872+00:00,0.0,211525632,1870757888,260700175,1447705827,3836,python.exe
2026-08-31T02:23:55.303659+00:00,0.0,211525632,1858904064,260702519,1447706968,3836,python.exe
2026-08-31T02:23:55.817100+00:00,0.0,211525632,1854763008,260708413,1447709033,3836,python.exe
2026-08-31T02:23:56.331634+00:00,0.0,211525632,1855483904,260709025,1447711441,3836,python.exe
2026-08-31T02:23:56.845775+00:00,0.0,211525632,1865867264,260709080,1447711507,3836,python.exe
2026-08-31T02:23:57.359848+00:00,3.0,211525632,1858080768,260720260,1447712392,3836,python.exe
2026-08-31T02:23:57.873587+00:00,0.0,211525632,1859981312,260722717,1447722598,3836,python.exe
2026-08-31T02:23:58.390430+00:00,3.0,211525632,1854742528,260722826,1447722724,3836,python.exe
2026-08-31T02:23:58.910105+00:00,0.0,211525632,1855348736,260722826,1447722724,3836,python.exe
2026-08-31T02:23:59.428076+00:00,0.0,211525632,1860919296,260723002,1447722856,3836,python.exe
2026-08-31T02:23:59.944008+00:00,0.0,211525632,1871683584,260725173,1447733535,3836,python.exe
2026-08-31T02:24:00.458887+00:00,3.0,211525632,1866854400,260725228,1447733601,3836,python.exe
2026-08-31T02:24:00.978459+00:00,3.0,211525632,1865781248,260725228,1447733601,3836,python.exe
2026-08-31T02:24:01.492829+00:00,0.0,211525632,1871712256,260725712,1447733756,3836,python.exe
2026-08-31T02:24:02.012843+00:00,0.0,211525632,1830105088,260725837,1447734630,3836,python.exe
2026-08-31T02:24:02.525562+00:00,6.1,211525632,1836232704,260725892,1447734696,3836,python.exe
2026-08-31T02:24:03.038189+00:00,0.0,211525632,1840713728,260725947,1447734762,3836,python.exe
2026-08-31T02:24:03.552146+00:00,3.0,211525632,1837121536,260726001,1447734822,3836,python.exe
2026-08-31T02:24:04.066966+00:00,3.0,211525632,1842728960,260726056,1447734888,3836,python.exe
2026-08-31T02:24:04.581782+00:00,0.0,211525632,1844428800,260726203,1447734981,3836,python.exe
2026-08-31T02:24:05.097059+00:00,0.0,211525632,1842286592,260726380,1447735165,3836,python.exe
2026-08-31T02:24:05.612337+00:00,0.0,211525632,1883570176,260726434,1447735165,3836,python.exe
2026-08-31T02:24:06.127892+00:00,0.0,211525632,1882263552,260726636,1447735324,3836,python.exe
2026-08-31T02:24:06.642825+00:00,0.0,211525632,1884893184,260726718,1447735462,3836,python.exe
2026-08-31T02:24:07.157488+00:00,0.0,211525632,1889198080,260728540,1447736026,3836,python.exe
2026-08-31T02:24:07.674134+00:00,0.0,211525632,1890910208,260728540,1447736026,3836,python.exe
2026-08-31T02:24:08.195744+00:00,3.0,211525632,1895538688,260728751,1447736527,3836,python.exe
2026-08-31T02:24:08.714400+00:00,0.0,211525632,1887514624,260728751,1447736527,3836,python.exe
2026-08-31T02:24:09.241887+00:00,0.0,211525632,1896456192,260728806,1447736593,3836,python.exe
2026-08-31T02:24:09.759346+00:00,0.0,211525632,1882005504,260728806,1447736593,3836,python.exe
2026-08-31T02:24:10.273345+00:00,0.0,211525632,1892241408,260728861,1447736659,3836,python.exe
2026-08-31T02:24:10.785851+00:00,3.0,211525632,1883185152,260728916,1447736725,3836,python.exe
2026-08-31T02:24:11.300735+00:00,0.0,211525632,1889611776,260728971,1447736725,3836,python.exe
2026-08-31T02:24:11.814121+00:00,0.0,211525632,1888649216,260728971,1447736791,3836,python.exe
2026-08-31T02:24:12.333181+00:00,0.0,211525632,1885147136,260732466,1447737692,3836,python.exe
2026-08-31T02:24:12.847691+00:00,0.0,211525632,1883754496,260732646,1447737938,3836,python.exe
2026-08-31T02:24:13.363817+00:00,0.0,211525632,1885044736,260738016,1447738833,3836,python.exe
2026-08-31T02:24:13.878158+00:00,0.0,211525632,1884119040,260738071,1447738899,3836,python.exe
2026-08-31T02:24:14.392744+00:00,0.0,211525632,1884962816,260738755,1447739986,3836,python.exe
2026-08-31T02:24:14.906016+00:00,0.0,211525632,1885507584,260738936,1447740119,3836,python.exe
2026-08-31T02:24:15.420132+00:00,0.0,211525632,1888505856,260738936,1447740185,3836,python.exe
2026-08-31T02:24:15.933341+00:00,0.0,211525632,1888030720,260739138,1447740344,3836,python.exe
2026-08-31T02:24:16.447256+00:00,0.0,211525632,1891143680,260739316,1447740530,3836,python.exe
2026-08-31T02:24:16.965056+00:00,0.0,211525632,1896177664,260739923,1447742252,3836,python.exe
2026-08-31T02:24:17.482663+00:00,3.0,211525632,1897418752,260739923,1447742252,3836,python.exe
2026-08-31T02:24:17.997738+00:00,3.0,211525632,1900257280,260740053,1447742411,3836,python.exe
2026-08-31T02:24:18.511876+00:00,3.0,211525632,1895903232,260740249,1447742605,3836,python.exe
2026-08-31T02:24:19.030246+00:00,3.0,211525632,1897693184,260740521,1447742927,3836,python.exe
2026-08-31T02:24:19.548049+00:00,3.0,211525632,1896054784,260740663,1447743061,3836,python.exe
2026-08-31T02:24:20.065830+00:00,0.0,211525632,1898332160,260740906,1447743188,3836,python.exe
2026-08-31T02:24:20.583922+00:00,0.0,211525632,1893412864,260741085,1447743612,3836,python.exe
2026-08-31T02:24:21.102857+00:00,0.0,211525632,1890054144,260741140,1447743612,3836,python.exe
2026-08-31T02:24:21.620499+00:00,0.0,211525632,1894420480,260741140,1447743678,3836,python.exe
2026-08-31T02:24:22.141295+00:00,6.0,211525632,1893597184,260742116,1447743871,3836,python.exe
2026-08-31T02:24:22.661469+00:00,0.0,211525632,1896292352,260742279,1447744398,3836,python.exe
2026-08-31T02:24:23.191319+00:00,0.0,211525632,1898434560,260742279,1447744398,3836,python.exe
2026-08-31T02:24:23.718390+00:00,0.0,211525632,1894551552,260742388,1447744524,3836,python.exe
2026-08-31T02:24:24.238964+00:00,0.0,211525632,1890861056,260742388,1447744524,3836,python.exe
2026-08-31T02:24:24.752732+00:00,0.0,211525632,1886011392,260742590,1447744683,3836,python.exe
2026-08-31T02:24:25.267077+00:00,0.0,211525632,1893941248,260742590,1447744683,3836,python.exe
2026-08-31T02:24:25.780431+00:00,3.0,211525632,1883553792,260745245,1447750012,3836,python.exe
2026-08-31T02:24:26.294404+00:00,0.0,211525632,1879044096,260749420,1447758028,3836,python.exe
2026-08-31T02:24:26.810513+00:00,9.1,211525632,1875083264,260749557,1447758232,3836,python.exe
2026-08-31T02:24:27.325426+00:00,0.0,211525632,1872265216,260749557,1447758232,3836,python.exe
2026-08-31T02:24:27.844960+00:00,3.0,211525632,1865822208,260749667,1447758364,3836,python.exe
2026-08-31T02:24:28.364488+00:00,0.0,211525632,1870893056,260749667,1447758364,3836,python.exe
2026-08-31T02:24:28.878411+00:00,0.0,211525632,1870712832,260749777,1447758496,3836,python.exe
2026-08-31T02:24:29.395313+00:00,0.0,211525632,1875120128,260749832,1447758562,3836,python.exe
2026-08-31T02:24:29.912823+00:00,3.0,211525632,1874259968,260753150,1447760180,3836,python.exe
2026-08-31T02:24:30.426650+00:00,3.0,211525632,1875177472,260753150,1447760246,3836,python.exe
2026-08-31T02:24:30.941291+00:00,0.0,211525632,1875349504,260753205,1447760246,3836,python.exe
2026-08-31T02:24:31.455217+00:00,0.0,211525632,1874604032,260753205,1447760312,3836,python.exe
2026-08-31T02:24:31.968856+00:00,0.0,211525632,1876566016,260753276,1447760379,3836,python.exe
2026-08-31T02:24:32.482686+00:00,0.0,211525632,1877102592,260753331,1447760445,3836,python.exe
2026-08-31T02:24:32.999988+00:00,3.0,211525632,1871568896,260753331,1447760445,3836,python.exe
2026-08-31T02:24:33.516256+00:00,3.0,211525632,1870036992,260753386,1447760511,3836,python.exe
2026-08-31T02:24:34.031159+00:00,0.0,211525632,1882583040,260753457,1447760579,3836,python.exe
2026-08-31T02:24:34.550249+00:00,0.0,211525632,1870245888,260753701,1447760798,3836,python.exe
2026-08-31T02:24:35.069147+00:00,3.0,211525632,1866981376,260754252,1447760953,3836,python.exe
2026-08-31T02:24:35.582465+00:00,3.0,211525632,1868595200,260754415,1447761990,3836,python.exe
2026-08-31T02:24:36.096933+00:00,0.0,211525632,1867927552,260754617,1447762149,3836,python.exe
2026-08-31T02:24:36.611713+00:00,0.0,211525632,1866833920,260754672,1447762215,3836,python.exe
2026-08-31T02:24:37.126002+00:00,0.0,211525632,1867313152,260756469,1447762919,3836,python.exe
2026-08-31T02:24:37.639815+00:00,3.0,211525632,1869742080,260756524,1447762985,3836,python.exe
2026-08-31T02:24:38.157117+00:00,0.0,211525632,1860059136,260756524,1447762985,3836,python.exe
2026-08-31T02:24:38.675408+00:00,0.0,211525632,1872523264,260761015,1447768669,3836,python.exe
2026-08-31T02:24:39.194269+00:00,0.0,211525632,1878294528,260762068,1447769449,3836,python.exe
2026-08-31T02:24:39.713464+00:00,0.0,211525632,1877528576,260762123,1447769449,3836,python.exe
2026-08-31T02:24:40.230339+00:00,0.0,211525632,1883545600,260765168,1447775124,3836,python.exe
2026-08-31T02:24:40.747533+00:00,3.0,211509248,1878364160,260765529,1447775819,3836,python.exe
2026-08-31T02:24:41.265873+00:00,6.0,211509248,1885171712,260765584,1447775951,3836,python.exe
2026-08-31T02:24:41.782005+00:00,3.0,211509248,1874464768,260765650,1447775951,3836,python.exe
2026-08-31T02:24:42.301246+00:00,0.0,211509248,1884418048,260768525,1447776891,3836,python.exe
2026-08-31T02:24:42.819935+00:00,3.0,211509248,1876127744,260768525,1447776891,3836,python.exe
2026-08-31T02:24:43.332897+00:00,3.0,211509248,1879674880,260772850,1447777554,3836,python.exe
2026-08-31T02:24:43.844879+00:00,0.0,211509248,1876819968,260772916,1447777554,3836,python.exe
2026-08-31T02:24:44.359963+00:00,0.0,211509248,1880715264,260773173,1447777773,3836,python.exe
2026-08-31T02:24:44.874966+00:00,0.0,211509248,1878466560,260773298,1447777906,3836,python.exe
2026-08-31T02:24:45.392608+00:00,0.0,211509248,1878007808,260773353,1447777972,3836,python.exe
2026-08-31T02:24:45.911156+00:00,0.0,211509248,1885446144,260773446,1447778065,3836,python.exe
2026-08-31T02:24:46.429387+00:00,3.0,211509248,1885511680,260773555,1447778131,3836,python.exe
2026-08-31T02:24:46.947715+00:00,0.0,211509248,1885368320,260773637,1447778269,3836,python.exe
2026-08-31T02:24:47.462889+00:00,0.0,211509248,1886355456,260773758,1447778395,3836,python.exe
2026-08-31T02:24:47.976019+00:00,0.0,211509248,1887981568,260773888,1447778614,3836,python.exe
2026-08-31T02:24:48.490180+00:00,3.0,211509248,1888305152,260774085,1447778748,3836,python.exe
2026-08-31T02:24:49.005396+00:00,0.0,211509248,1884053504,260774227,1447779008,3836,python.exe
2026-08-31T02:24:49.534857+00:00,0.0,211509248,1828106240,260774424,1447779142,3836,python.exe
2026-08-31T02:24:50.052217+00:00,0.0,211509248,1724276736,260774495,1447779275,3836,python.exe
2026-08-31T02:24:50.581091+00:00,0.0,211509248,1673928704,260824252,1447789742,3836,python.exe
2026-08-31T02:24:51.101064+00:00,0.0,211509248,1643245568,260825426,1447875983,3836,python.exe
2026-08-31T02:24:51.620922+00:00,0.0,211509248,1818161152,260825426,1447875983,3836,python.exe
2026-08-31T02:24:52.140827+00:00,3.0,211509248,1818542080,260825552,1447876116,3836,python.exe
2026-08-31T02:24:52.659581+00:00,0.0,211509248,1824358400,260825552,1447876116,3836,python.exe
2026-08-31T02:24:53.190896+00:00,0.0,211509248,1730670592,260826071,1447876601,3836,python.exe
2026-08-31T02:24:53.706851+00:00,0.0,211509248,1749221376,260830299,1447888544,3836,python.exe
2026-08-31T02:24:54.235911+00:00,0.0,211509248,1688961024,260857621,1447892670,3836,python.exe
2026-08-31T02:24:54.757218+00:00,0.0,211509248,1588707328,260867144,1447925559,3836,python.exe
2026-08-31T02:24:55.318103+00:00,0.0,211509248,1580027904,260869416,1447925757,3836,python.exe
2026-08-31T02:24:55.884455+00:00,0.0,211509248,1499705344,260887691,1447993962,3836,python.exe
2026-08-31T02:24:56.416019+00:00,2.9,211509248,1569775616,260897390,1448011154,3836,python.exe
2026-08-31T02:24:56.938817+00:00,6.0,211509248,1596002304,260900306,1448012263,3836,python.exe
2026-08-31T02:24:57.461319+00:00,3.0,211509248,1535778816,260902380,1448014406,3836,python.exe
2026-08-31T02:24:57.976773+00:00,0.0,211509248,1601499136,260906762,1448015088,3836,python.exe
2026-08-31T02:24:58.495895+00:00,0.0,211509248,1612562432,260909173,1448017893,3836,python.exe
2026-08-31T02:24:59.035721+00:00,0.0,211509248,1698873344,260909410,1448018152,3836,python.exe
2026-08-31T02:24:59.552692+00:00,0.0,211509248,1798598656,260909628,1448018344,3836,python.exe
2026-08-31T02:25:00.068645+00:00,3.0,211509248,1798184960,260909628,1448018344,3836,python.exe
2026-08-31T02:25:00.582178+00:00,0.0,211509248,1801392128,260909683,1448018410,3836,python.exe
2026-08-31T02:25:01.103071+00:00,3.0,211525632,1792106496,260909683,1448018410,3836,python.exe
2026-08-31T02:25:01.620126+00:00,0.0,211525632,1817161728,260930393,1448044179,3836,python.exe
2026-08-31T02:25:02.139923+00:00,3.0,211525632,1832660992,260935161,1448059707,3836,python.exe
2026-08-31T02:25:02.659862+00:00,0.0,211525632,1829879808,260935216,1448059707,3836,python.exe
2026-08-31T02:25:03.175266+00:00,0.0,211525632,1843453952,260935216,1448059773,3836,python.exe
2026-08-31T02:25:03.697924+00:00,0.0,211525632,1844244480,260940267,1448060769,3836,python.exe
2026-08-31T02:25:04.212079+00:00,0.0,211525632,1866055680,260940639,1448063698,3836,python.exe
2026-08-31T02:25:04.725831+00:00,0.0,211525632,1919823872,260942000,1448064343,3836,python.exe
2026-08-31T02:25:05.246918+00:00,0.0,211525632,1925087232,260942231,1448064593,3836,python.exe
2026-08-31T02:25:05.762394+00:00,3.0,211525632,1932042240,260942231,1448064593,3836,python.exe
2026-08-31T02:25:06.284764+00:00,3.0,211525632,1939210240,260942541,1448064872,3836,python.exe
2026-08-31T02:25:06.800219+00:00,0.0,211525632,1951326208,260942623,1448065010,3836,python.exe
2026-08-31T02:25:07.317357+00:00,3.0,211525632,1962881024,260942678,1448065076,3836,python.exe
2026-08-31T02:25:07.831970+00:00,0.0,211525632,1937297408,260942678,1448065076,3836,python.exe
2026-08-31T02:25:08.348961+00:00,0.0,211525632,1943449600,260942733,1448065142,3836,python.exe
2026-08-31T02:25:08.864416+00:00,3.0,211525632,1937915904,260942733,1448065142,3836,python.exe
2026-08-31T02:25:09.378171+00:00,0.0,211525632,1949921280,260942788,1448065208,3836,python.exe
2026-08-31T02:25:09.893166+00:00,0.0,211525632,1944031232,260942788,1448065208,3836,python.exe
2026-08-31T02:25:10.408995+00:00,0.0,211525632,1952288768,260945511,1448070003,3836,python.exe
2026-08-31T02:25:10.930425+00:00,0.0,211525632,1940893696,260945565,1448070815,3836,python.exe
2026-08-31T02:25:11.455171+00:00,3.0,211525632,1909534720,260945620,1448070881,3836,python.exe
2026-08-31T02:25:11.974103+00:00,0.0,211525632,1897590784,260945620,1448070881,3836,python.exe
2026-08-31T02:25:12.487270+00:00,0.0,211525632,1909583872,260948358,1448071611,3836,python.exe
2026-08-31T02:25:13.021635+00:00,0.0,211525632,1893814272,260949165,1448074465,3836,python.exe
2026-08-31T02:25:13.542651+00:00,0.0,211525632,1892102144,260954438,1448075881,3836,python.exe
2026-08-31T02:25:14.058078+00:00,0.0,211525632,1887961088,260954681,1448076141,3836,python.exe
2026-08-31T02:25:14.578559+00:00,6.0,211525632,1884962816,260954954,1448076300,3836,python.exe
2026-08-31T02:25:15.096558+00:00,0.0,211525632,1875517440,260957472,1448090757,3836,python.exe
2026-08-31T02:25:15.613408+00:00,0.0,211525632,1867231232,260964649,1448149998,3836,python.exe
2026-08-31T02:25:16.127983+00:00,0.0,211525632,1855942656,260964852,1448150157,3836,python.exe
2026-08-31T02:25:16.645945+00:00,0.0,211525632,1854087168,260966050,1448150649,3836,python.exe
2026-08-31T02:25:17.165345+00:00,0.0,211525632,1848717312,260967976,1448151360,3836,python.exe
2026-08-31T02:25:17.684354+00:00,0.0,211525632,1856065536,260967976,1448151360,3836,python.exe
2026-08-31T02:25:18.204847+00:00,3.0,211525632,1856655360,260968178,1448151586,3836,python.exe
2026-08-31T02:25:18.734759+00:00,2.9,211525632,1871482880,260968321,1448151720,3836,python.exe
2026-08-31T02:25:19.250217+00:00,6.1,211525632,1871273984,260968518,1448151920,3836,python.exe
2026-08-31T02:25:19.776067+00:00,3.0,211525632,1777025024,260968735,1448152176,3836,python.exe
2026-08-31T02:25:20.289492+00:00,0.0,211525632,1773363200,260969128,1448152856,3836,python.exe
2026-08-31T02:25:20.808145+00:00,0.0,211525632,1772572672,260974604,1448153549,3836,python.exe
2026-08-31T02:25:21.326569+00:00,3.0,211525632,1776582656,260975040,1448155462,3836,python.exe
2026-08-31T02:25:21.846580+00:00,3.0,211525632,1777094656,260975040,1448155522,3836,python.exe
2026-08-31T02:25:22.366278+00:00,0.0,211525632,1788727296,260976140,1448156339,3836,python.exe
2026-08-31T02:25:22.881037+00:00,0.0,211525632,1791647744,260976140,1448156339,3836,python.exe
2026-08-31T02:25:23.395024+00:00,0.0,211525632,1795170304,260976195,1448156399,3836,python.exe
2026-08-31T02:25:23.909399+00:00,0.0,211525632,1787592704,260976195,1448156525,3836,python.exe
2026-08-31T02:25:24.423952+00:00,0.0,211525632,1794465792,260976196,1448156525,3836,python.exe
2026-08-31T02:25:24.938246+00:00,3.0,211525632,1795526656,260976398,1448156744,3836,python.exe
2026-08-31T02:25:25.454422+00:00,0.0,211525632,1800409088,260976524,1448156871,3836,python.exe
2026-08-31T02:25:25.972952+00:00,0.0,211525632,1796075520,260976727,1448157003,3836,python.exe
2026-08-31T02:25:26.496243+00:00,0.0,211525632,1794420736,260976782,1448157096,3836,python.exe
2026-08-31T02:25:27.020458+00:00,3.0,211525632,1792372736,260976919,1448157300,3836,python.exe
2026-08-31T02:25:27.541780+00:00,0.0,211525632,1777729536,260978669,1448157756,3836,python.exe
2026-08-31T02:25:28.060668+00:00,0.0,211525632,1798934528,260978724,1448157822,3836,python.exe
2026-08-31T02:25:28.576301+00:00,3.0,211525632,1808277504,260978725,1448157822,3836,python.exe
2026-08-31T02:25:29.091275+00:00,0.0,211525632,1794113536,260978846,1448157888,3836,python.exe
2026-08-31T02:25:29.613474+00:00,3.0,211525632,1766957056,260978968,1448157888,3836,python.exe
2026-08-31T02:25:30.131099+00:00,3.0,211525632,1771417600,260979023,1448158020,3836,python.exe
2026-08-31T02:25:30.652287+00:00,0.0,211525632,1742524416,260979256,1448158272,3836,python.exe
2026-08-31T02:25:31.171757+00:00,3.0,211525632,1741361152,260979311,1448158338,3836,python.exe
2026-08-31T02:25:31.691896+00:00,0.0,211525632,1732190208,260979377,1448158398,3836,python.exe
2026-08-31T02:25:32.212038+00:00,0.0,211525632,1716547584,260979503,1448158531,3836,python.exe
2026-08-31T02:25:32.732857+00:00,0.0,211525632,1716105216,260979558,1448158657,3836,python.exe
2026-08-31T02:25:33.254464+00:00,3.0,211525632,1703088128,260982014,1448159188,3836,python.exe
2026-08-31T02:25:33.775334+00:00,3.0,211525632,1702600704,260982755,1448162117,3836,python.exe
2026-08-31T02:25:34.294698+00:00,0.0,211525632,1712046080,260982977,1448162649,3836,python.exe
2026-08-31T02:25:34.810206+00:00,3.0,211525632,1702535168,260985792,1448167768,3836,python.exe
2026-08-31T02:25:35.324330+00:00,3.0,211525632,1727672320,261023751,1448168216,3836,python.exe
2026-08-31T02:25:35.841971+00:00,6.0,211525632,1727066112,261024125,1448169807,3836,python.exe
2026-08-31T02:25:36.358530+00:00,3.0,211525632,1760444416,261024327,1448169966,3836,python.exe
2026-08-31T02:25:36.874512+00:00,0.0,211525632,1768775680,261024383,1448170092,3836,python.exe
2026-08-31T02:25:37.392034+00:00,0.0,211525632,1778511872,261024384,1448170092,3836,python.exe
2026-08-31T02:25:37.908998+00:00,0.0,211525632,1771008000,261024439,1448170218,3836,python.exe
2026-08-31T02:25:38.427500+00:00,3.0,211525632,1779539968,261024440,1448170218,3836,python.exe
2026-08-31T02:25:38.943039+00:00,0.0,211525632,1774981120,261024495,1448170284,3836,python.exe
2026-08-31T02:25:39.457817+00:00,0.0,211525632,1781600256,261024550,1448170350,3836,python.exe
2026-08-31T02:25:39.972958+00:00,0.0,211525632,1772847104,261024680,1448170538,3836,python.exe
2026-08-31T02:25:40.487184+00:00,0.0,211525632,1782038528,261024734,1448170598,3836,python.exe
2026-08-31T02:25:41.000936+00:00,0.0,211525632,1774047232,261024789,1448170664,3836,python.exe
2026-08-31T02:25:41.516221+00:00,0.0,211525632,1783463936,261024844,1448170730,3836,python.exe
2026-08-31T02:25:42.030608+00:00,3.0,211525632,1777094656,261024954,1448170922,3836,python.exe
2026-08-31T02:25:42.551353+00:00,0.0,211525632,1781018624,261028970,1448171877,3836,python.exe
2026-08-31T02:25:43.069373+00:00,6.0,211525632,1784877056,261032720,1448172241,3836,python.exe
2026-08-31T02:25:43.588411+00:00,0.0,211525632,1782226944,261032828,1448172600,3836,python.exe
2026-08-31T02:25:44.105586+00:00,0.0,211525632,1782243328,261032925,1448172720,3836,python.exe
2026-08-31T02:25:44.624331+00:00,6.0,211525632,1799249920,261033143,1448172946,3836,python.exe
2026-08-31T02:25:45.138380+00:00,0.0,211525632,1794449408,261033143,1448173006,3836,python.exe
2026-08-31T02:25:45.651607+00:00,3.0,211525632,1796730880,261033307,1448173198,3836,python.exe
2026-08-31T02:25:46.165176+00:00,0.0,211525632,1799999488,261033454,1448173351,3836,python.exe
2026-08-31T02:25:46.677954+00:00,0.0,211525632,1799073792,261033591,1448173555,3836,python.exe
2026-08-31T02:25:47.190712+00:00,0.0,211525632,1792110592,261033591,1448173615,3836,python.exe
2026-08-31T02:25:47.709199+00:00,0.0,211525632,1794617344,261033754,1448173681,3836,python.exe
2026-08-31T02:25:48.228192+00:00,3.0,211525632,1793777664,261034008,1448174021,3836,python.exe
2026-08-31T02:25:48.742986+00:00,0.0,211525632,1799233536,261034205,1448174221,3836,python.exe
2026-08-31T02:25:49.261264+00:00,0.0,211525632,1805332480,261035081,1448174568,3836,python.exe
2026-08-31T02:25:49.780515+00:00,3.0,211525632,1804488704,261035475,1448175179,3836,python.exe
2026-08-31T02:25:50.294467+00:00,0.0,211525632,1804267520,261035475,1448175179,3836,python.exe
2026-08-31T02:25:50.810289+00:00,6.1,211525632,1804062720,261035601,1448175312,3836,python.exe
2026-08-31T02:25:51.324407+00:00,3.0,211525632,1800298496,261035601,1448175312,3836,python.exe
2026-08-31T02:25:51.837903+00:00,0.0,211525632,1800228864,261036085,1448175533,3836,python.exe
2026-08-31T02:25:52.351516+00:00,0.0,211525632,1800888320,261037467,1448177196,3836,python.exe
2026-08-31T02:25:52.868566+00:00,0.0,211525632,1800335360,261037522,1448177196,3836,python.exe
2026-08-31T02:25:53.386481+00:00,0.0,211525632,1805647872,261042274,1448183174,3836,python.exe
2026-08-31T02:25:53.901788+00:00,0.0,211525632,1788600320,261042458,1448184238,3836,python.exe
2026-08-31T02:25:54.420702+00:00,0.0,211525632,1797394432,261052488,1448195518,3836,python.exe
2026-08-31T02:25:54.935036+00:00,3.0,211525632,1790107648,261052743,1448196368,3836,python.exe
2026-08-31T02:25:55.447889+00:00,3.0,211525632,1758617600,261053151,1448197174,3836,python.exe
2026-08-31T02:25:55.960652+00:00,0.0,211525632,1755140096,261056468,1448202999,3836,python.exe
2026-08-31T02:25:56.473065+00:00,3.0,211525632,1763065856,261056670,1448203158,3836,python.exe
2026-08-31T02:25:56.990960+00:00,0.0,211525632,1759051776,261056670,1448203158,3836,python.exe
2026-08-31T02:25:57.508336+00:00,3.0,211525632,1765302272,261056780,1448203290,3836,python.exe
2026-08-31T02:25:58.025038+00:00,0.0,211525632,1764990976,261056780,1448203350,3836,python.exe
2026-08-31T02:25:58.554372+00:00,0.0,211525632,1768361984,261056835,1448203416,3836,python.exe
2026-08-31T02:25:59.069770+00:00,0.0,211525632,1767206912,261056945,1448203608,3836,python.exe
2026-08-31T02:25:59.584128+00:00,0.0,211525632,1778573312,261057000,1448203674,3836,python.exe
2026-08-31T02:26:00.100586+00:00,0.0,211525632,1762742272,261057066,1448203734,3836,python.exe
2026-08-31T02:26:00.623990+00:00,0.0,211525632,1746993152,261060021,1448205377,3836,python.exe
2026-08-31T02:26:01.146830+00:00,3.0,211525632,1765322752,261060075,1448205437,3836,python.exe
2026-08-31T02:26:01.667641+00:00,0.0,211525632,1751580672,261060130,1448205503,3836,python.exe
2026-08-31T02:26:02.185464+00:00,0.0,211525632,1748336640,261060684,1448206434,3836,python.exe
2026-08-31T02:26:02.705078+00:00,3.0,211525632,1735819264,261060739,1448206434,3836,python.exe
2026-08-31T02:26:03.221677+00:00,0.0,211525632,1749323776,261060739,1448206500,3836,python.exe
2026-08-31T02:26:03.737446+00:00,0.0,211525632,1753616384,261060794,1448206500,3836,python.exe
2026-08-31T02:26:04.251047+00:00,0.0,211525632,1756274688,261060794,1448206566,3836,python.exe
2026-08-31T02:26:04.765908+00:00,3.0,211525632,1756749824,261060941,1448206659,3836,python.exe
2026-08-31T02:26:05.280303+00:00,0.0,211525632,1761595392,261061172,1448206843,3836,python.exe
2026-08-31T02:26:05.795997+00:00,0.0,211525632,1761538048,261061918,1448206909,3836,python.exe
2026-08-31T02:26:06.311567+00:00,0.0,211525632,1771421696,261064531,1448209780,3836,python.exe
2026-08-31T02:26:06.826588+00:00,0.0,211525632,1772535808,261064668,1448210050,3836,python.exe
2026-08-31T02:26:07.340863+00:00,3.0,211525632,1778765824,261064723,1448210116,3836,python.exe
2026-08-31T02:26:07.858700+00:00,6.0,211525632,1778638848,261064840,1448210176,3836,python.exe
2026-08-31T02:26:08.372404+00:00,0.0,211525632,1783394304,261064895,1448210242,3836,python.exe
2026-08-31T02:26:08.886526+00:00,3.0,211525632,1783672832,261064895,1448210242,3836,python.exe
2026-08-31T02:26:09.406490+00:00,6.0,211525632,1782796288,261065182,1448210639,3836,python.exe
2026-08-31T02:26:09.923587+00:00,0.0,211525632,1732517888,261065182,1448210639,3836,python.exe
2026-08-31T02:26:10.436680+00:00,3.0,211525632,1741500416,261065237,1448210705,3836,python.exe
2026-08-31T02:26:10.954572+00:00,0.0,211525632,1743818752,261065739,1448211396,3836,python.exe
2026-08-31T02:26:11.468179+00:00,0.0,211525632,1749069824,261065848,1448212171,3836,python.exe
2026-08-31T02:26:11.984198+00:00,0.0,211525632,1744220160,261065902,1448212316,3836,python.exe
2026-08-31T02:26:12.499946+00:00,0.0,211525632,1757814784,261068580,1448212867,3836,python.exe
2026-08-31T02:26:13.028017+00:00,0.0,211525632,1747062784,261069009,1448213148,3836,python.exe
2026-08-31T02:26:13.553032+00:00,3.0,211525632,1744867328,261074910,1448215192,3836,python.exe
2026-08-31T02:26:14.072406+00:00,0.0,211525632,1748312064,261075815,1448215318,3836,python.exe
2026-08-31T02:26:14.593616+00:00,0.0,211525632,1748033536,261076165,1448215411,3836,python.exe
2026-08-31T02:26:15.109419+00:00,0.0,211525632,1743089664,261076459,1448215604,3836,python.exe
2026-08-31T02:26:15.627312+00:00,0.0,211525632,1748221952,261076628,1448215732,3836,python.exe
2026-08-31T02:26:16.141751+00:00,0.0,211525632,1743273984,261076776,1448215864,3836,python.exe
2026-08-31T02:26:16.654855+00:00,0.0,211525632,1759416320,261076831,1448215957,3836,python.exe
2026-08-31T02:26:17.167250+00:00,0.0,211525632,1745887232,261076952,1448216023,3836,python.exe
2026-08-31T02:26:17.679231+00:00,0.0,211525632,1748254720,261077008,1448216089,3836,python.exe
2026-08-31T02:26:18.193995+00:00,0.0,211525632,1745715200,261077276,1448216315,3836,python.exe
2026-08-31T02:26:18.721477+00:00,0.0,211525632,1747828736,261077419,1448216509,3836,python.exe
2026-08-31T02:26:19.242574+00:00,0.0,211525632,1747345408,261078048,1448216846,3836,python.exe
2026-08-31T02:26:19.758582+00:00,0.0,211525632,1750757376,261079227,1448217040,3836,python.exe
2026-08-31T02:26:20.275874+00:00,0.0,211525632,1753923584,261080384,1448217106,3836,python.exe
2026-08-31T02:26:20.788943+00:00,0.0,211525632,1750134784,261082264,1448218543,3836,python.exe
2026-08-31T02:26:21.307581+00:00,0.0,211525632,1740234752,261083108,1448218795,3836,python.exe
2026-08-31T02:26:21.826195+00:00,0.0,211525632,1748168704,261083294,1448218795,3836,python.exe
2026-08-31T02:26:22.356292+00:00,2.9,211525632,1727049728,261083514,1448218862,3836,python.exe
2026-08-31T02:26:22.874666+00:00,3.0,211525632,1735417856,261083514,1448218928,3836,python.exe
2026-08-31T02:26:23.392782+00:00,0.0,211525632,1698787328,261084165,1448219262,3836,python.exe
2026-08-31T02:26:23.914220+00:00,0.0,211525632,1718751232,261085271,1448219388,3836,python.exe
2026-08-31T02:26:24.434092+00:00,0.0,211525632,1710387200,261085531,1448219980,3836,python.exe
2026-08-31T02:26:24.954337+00:00,3.0,211525632,1711505408,261088411,1448225157,3836,python.exe
2026-08-31T02:26:25.474199+00:00,0.0,211525632,1710792704,261115074,1448225608,3836,python.exe
2026-08-31T02:26:25.997900+00:00,0.0,211525632,1711841280,261127141,1448227421,3836,python.exe
2026-08-31T02:26:26.514617+00:00,3.0,211525632,1751748608,261128496,1448227760,3836,python.exe
2026-08-31T02:26:27.029048+00:00,3.0,211525632,1751191552,261129129,1448228111,3836,python.exe
2026-08-31T02:26:27.542927+00:00,3.0,211525632,1753296896,261129275,1448228291,3836,python.exe
2026-08-31T02:26:28.062050+00:00,3.0,211525632,1706102784,261153327,1448228975,3836,python.exe
2026-08-31T02:26:28.574933+00:00,0.0,211525632,1702846464,261153543,1448230093,3836,python.exe
2026-08-31T02:26:29.093957+00:00,3.0,211525632,1710784512,261153598,1448230159,3836,python.exe
2026-08-31T02:26:29.613021+00:00,0.0,211525632,1710120960,261153598,1448230219,3836,python.exe
2026-08-31T02:26:30.125536+00:00,0.0,211525632,1698603008,261156971,1448290319,3836,python.exe
2026-08-31T02:26:30.646428+00:00,0.0,211525632,1705639936,261157786,1448291131,3836,python.exe
2026-08-31T02:26:31.160773+00:00,0.0,211525632,1704423424,261157896,1448291263,3836,python.exe
2026-08-31T02:26:31.682751+00:00,0.0,211525632,1714036736,261157896,1448291383,3836,python.exe
2026-08-31T02:26:32.195978+00:00,0.0,211525632,1750081536,261158022,1448291516,3836,python.exe
2026-08-31T02:26:32.710475+00:00,0.0,211525632,1760448512,261158022,1448291636,3836,python.exe
2026-08-31T02:26:33.227393+00:00,0.0,211525632,1753731072,261158077,1448291636,3836,python.exe
2026-08-31T02:26:33.743276+00:00,0.0,211525632,1755688960,261158077,1448291762,3836,python.exe
2026-08-31T02:26:34.257346+00:00,3.0,211525632,1765576704,261158201,1448291822,3836,python.exe
2026-08-31T02:26:34.772836+00:00,3.0,211525632,1769218048,261158512,1448292233,3836,python.exe
2026-08-31T02:26:35.312986+00:00,0.0,211525632,1756565504,261158688,1448292351,3836,python.exe
2026-08-31T02:26:35.830718+00:00,0.0,211525632,1756086272,261183249,1448294698,3836,python.exe
2026-08-31T02:26:36.344820+00:00,0.0,211525632,1768202240,261183396,1448294791,3836,python.exe
2026-08-31T02:26:36.864210+00:00,0.0,211525632,1770328064,261184033,1448335701,3836,python.exe
2026-08-31T02:26:37.378416+00:00,0.0,211525632,1749475328,261185229,1448355497,3836,python.exe
2026-08-31T02:26:37.891073+00:00,3.0,211525632,1750609920,261185392,1448356383,3836,python.exe
2026-08-31T02:26:38.404760+00:00,3.0,211525632,1758765056,261185392,1448356563,3836,python.exe
2026-08-31T02:26:38.922168+00:00,6.0,211525632,1766756352,261185447,1448356689,3836,python.exe
2026-08-31T02:26:39.440732+00:00,0.0,211525632,1757560832,261185447,1448356809,3836,python.exe
2026-08-31T02:26:39.962041+00:00,3.0,211525632,1759899648,261185557,1448357001,3836,python.exe
2026-08-31T02:26:40.479614+00:00,0.0,211525632,1773707264,261185557,1448357061,3836,python.exe
2026-08-31T02:26:41.068199+00:00,2.7,211525632,1738256384,261197161,1448363309,3836,python.exe
2026-08-31T02:26:41.583027+00:00,3.0,211525632,1749925888,261197161,1448363549,3836,python.exe
2026-08-31T02:26:42.097076+00:00,0.0,211525632,1762836480,261197437,1448364329,3836,python.exe
2026-08-31T02:26:42.611093+00:00,0.0,211525632,1764614144,261200090,1448365178,3836,python.exe
2026-08-31T02:26:43.134126+00:00,3.0,211525632,1760595968,261204446,1448365838,3836,python.exe
2026-08-31T02:26:43.651631+00:00,0.0,211525632,1756930048,261205567,1448366809,3836,python.exe
2026-08-31T02:26:44.166893+00:00,0.0,211525632,1762234368,261206368,1448366941,3836,python.exe
2026-08-31T02:26:44.682538+00:00,0.0,211525632,1784578048,261208741,1448369720,3836,python.exe
2026-08-31T02:26:45.196308+00:00,0.0,211525632,1776570368,261208943,1448369813,3836,python.exe
2026-08-31T02:26:45.712096+00:00,0.0,211525632,1787379712,261208943,1448369999,3836,python.exe
2026-08-31T02:26:46.233410+00:00,0.0,211525632,1781846016,261209091,1448370158,3836,python.exe
2026-08-31T02:26:46.764559+00:00,2.9,211525632,1756282880,261209282,1448370482,3836,python.exe
2026-08-31T02:26:47.283251+00:00,3.0,211525632,1758883840,261209282,1448370482,3836,python.exe
2026-08-31T02:26:47.803741+00:00,0.0,211525632,1771655168,261209337,1448370608,3836,python.exe
2026-08-31T02:26:48.322024+00:00,0.0,211525632,1762406400,261209483,1448370768,3836,python.exe
2026-08-31T02:26:48.838216+00:00,0.0,211525632,1778257920,261209751,1448371028,3836,python.exe
2026-08-31T02:26:49.357453+00:00,0.0,211525632,1779027968,261209947,1448371289,3836,python.exe
2026-08-31T02:26:49.875894+00:00,0.0,211525632,1783148544,261210422,1448371482,3836,python.exe
2026-08-31T02:26:50.396774+00:00,3.0,211525632,1773494272,261212224,1448373849,3836,python.exe
2026-08-31T02:26:50.911339+00:00,3.0,211525632,1771417600,261212350,1448374102,3836,python.exe
2026-08-31T02:26:51.426897+00:00,0.0,211525632,1793843200,261212350,1448374102,3836,python.exe
2026-08-31T02:26:51.940545+00:00,0.0,211525632,1795764224,261212405,1448374228,3836,python.exe
2026-08-31T02:26:52.453679+00:00,0.0,211525632,1802690560,261212476,1448374355,3836,python.exe
2026-08-31T02:26:52.970222+00:00,0.0,211525632,1796198400,261212586,1448374547,3836,python.exe
2026-08-31T02:26:53.487080+00:00,0.0,211525632,1803325440,261212586,1448374607,3836,python.exe
2026-08-31T02:26:54.001843+00:00,0.0,211525632,1794990080,261212641,1448374733,3836,python.exe
2026-08-31T02:26:54.529868+00:00,3.0,211509248,1769836544,261224314,1448381155,3836,python.exe
2026-08-31T02:26:55.051991+00:00,3.0,211509248,1775120384,261224516,1448381308,3836,python.exe
2026-08-31T02:26:55.567935+00:00,0.0,211509248,1799471104,261225493,1448382024,3836,python.exe
2026-08-31T02:26:56.082933+00:00,3.0,211509248,1766850560,261225493,1448382024,3836,python.exe
2026-08-31T02:26:56.595966+00:00,0.0,211509248,1773080576,261225695,1448382243,3836,python.exe
2026-08-31T02:26:57.109897+00:00,3.0,211509248,1781968896,261225766,1448382311,3836,python.exe
2026-08-31T02:26:57.626101+00:00,0.0,211509248,1781936128,261225876,1448382503,3836,python.exe
2026-08-31T02:26:58.143659+00:00,0.0,211509248,1782153216,261225876,1448382503,3836,python.exe
2026-08-31T02:26:58.657713+00:00,0.0,211509248,1783476224,261225931,1448382629,3836,python.exe
2026-08-31T02:26:59.177856+00:00,0.0,211509248,1792053248,261226682,1448384617,3836,python.exe
2026-08-31T02:26:59.831421+00:00,0.0,211509248,1772908544,261229554,1448390365,3836,python.exe
2026-08-31T02:27:00.350012+00:00,3.0,211509248,1784524800,261229554,1448390425,3836,python.exe
2026-08-31T02:27:00.865485+00:00,0.0,211509248,1806745600,261229664,1448390491,3836,python.exe
2026-08-31T02:27:01.379023+00:00,3.0,211525632,1809276928,261247705,1448398178,3836,python.exe
2026-08-31T02:27:01.907258+00:00,0.0,211525632,1792061440,261248023,1448398493,3836,python.exe
2026-08-31T02:27:02.424807+00:00,0.0,211525632,1806831616,261248077,1448398673,3836,python.exe
2026-08-31T02:27:02.940476+00:00,0.0,211525632,1811628032,261248187,1448398805,3836,python.exe
2026-08-31T02:27:03.457520+00:00,0.0,211525632,1820971008,261248187,1448398805,3836,python.exe
2026-08-31T02:27:03.972086+00:00,3.0,211525632,1820712960,261248242,1448398931,3836,python.exe
2026-08-31T02:27:04.487674+00:00,0.0,211525632,1825202176,261248242,1448398931,3836,python.exe
2026-08-31T02:27:05.003102+00:00,0.0,211525632,1824251904,261248566,1448399150,3836,python.exe
2026-08-31T02:27:05.517750+00:00,0.0,211525632,1814355968,261248741,1448399334,3836,python.exe
2026-08-31T02:27:06.039539+00:00,0.0,211525632,1769377792,261255689,1448406903,3836,python.exe
2026-08-31T02:27:06.554843+00:00,0.0,211525632,1769463808,261260827,1448411902,3836,python.exe
2026-08-31T02:27:07.069479+00:00,3.0,211525632,1771008000,261260882,1448411968,3836,python.exe
2026-08-31T02:27:07.586279+00:00,0.0,211525632,1770106880,261260882,1448411968,3836,python.exe
2026-08-31T02:27:08.103456+00:00,0.0,211525632,1770835968,261260937,1448412028,3836,python.exe
2026-08-31T02:27:08.617695+00:00,3.0,211525632,1770770432,261261003,1448412094,3836,python.exe
2026-08-31T02:27:09.133917+00:00,0.0,211525632,1770860544,261261167,1448412418,3836,python.exe
2026-08-31T02:27:09.649455+00:00,0.0,211525632,1774100480,261261276,1448412544,3836,python.exe
2026-08-31T02:27:10.163551+00:00,3.0,211525632,1773338624,261261276,1448412604,3836,python.exe
2026-08-31T02:27:10.677080+00:00,3.0,211525632,1774571520,261261331,1448412670,3836,python.exe
2026-08-31T02:27:11.192163+00:00,0.0,211525632,1764327424,261261331,1448412670,3836,python.exe
2026-08-31T02:27:11.710209+00:00,3.0,211525632,1773064192,261261386,1448412736,3836,python.exe
2026-08-31T02:27:12.224664+00:00,0.0,211525632,1733877760,261261452,1448412736,3836,python.exe
2026-08-31T02:27:12.743975+00:00,0.0,211525632,1692483584,261265226,1448413400,3836,python.exe
2026-08-31T02:27:13.258428+00:00,0.0,211525632,1692987392,261269172,1448414198,3836,python.exe
2026-08-31T02:27:13.782355+00:00,0.0,211525632,1700327424,261269227,1448414264,3836,python.exe
2026-08-31T02:27:14.302706+00:00,0.0,211525632,1686470656,261269405,1448414450,3836,python.exe
2026-08-31T02:27:14.816551+00:00,0.0,211525632,1696239616,261269678,1448414676,3836,python.exe
2026-08-31T02:27:15.329348+00:00,0.0,211525632,1686384640,261269679,1448414676,3836,python.exe
2026-08-31T02:27:15.842632+00:00,0.0,211525632,1678864384,261269734,1448414742,3836,python.exe
2026-08-31T02:27:16.356049+00:00,3.0,211525632,1678159872,261269883,1448414901,3836,python.exe
2026-08-31T02:27:16.869893+00:00,3.0,211525632,1688780800,261270063,1448414969,3836,python.exe
2026-08-31T02:27:17.383768+00:00,0.0,211525632,1689460736,261270064,1448415035,3836,python.exe
2026-08-31T02:27:17.898512+00:00,0.0,211525632,1693376512,261270227,1448415248,3836,python.exe
2026-08-31T02:27:18.412329+00:00,0.0,211525632,1690546176,261270445,1448415541,3836,python.exe
2026-08-31T02:27:18.927074+00:00,6.1,211525632,1694089216,261270587,1448415675,3836,python.exe
2026-08-31T02:27:19.440969+00:00,0.0,211525632,1691127808,261270785,1448415935,3836,python.exe
2026-08-31T02:27:19.954105+00:00,0.0,211525632,1691373568,261270856,1448416002,3836,python.exe
2026-08-31T02:27:20.467659+00:00,0.0,211525632,1689460736,261270912,1448416128,3836,python.exe
2026-08-31T02:27:20.981367+00:00,3.0,211525632,1687408640,261270983,1448416195,3836,python.exe
2026-08-31T02:27:21.494692+00:00,3.0,211525632,1687724032,261274031,1448418853,3836,python.exe
2026-08-31T02:27:22.008400+00:00,0.0,211525632,1690251264,261274031,1448418913,3836,python.exe
2026-08-31T02:27:22.522919+00:00,0.0,211525632,1689636864,261274329,1448419294,3836,python.exe
2026-08-31T02:27:23.044225+00:00,0.0,211525632,1689563136,261274383,1448419354,3836,python.exe
2026-08-31T02:27:23.562117+00:00,3.0,211525632,1694162944,261274438,1448419420,3836,python.exe
2026-08-31T02:27:24.077775+00:00,0.0,211525632,1693839360,261274438,1448419420,3836,python.exe
2026-08-31T02:27:24.595723+00:00,0.0,211525632,1683820544,261274658,1448419750,3836,python.exe
2026-08-31T02:27:25.108916+00:00,3.0,211525632,1686200320,261274860,1448419909,3836,python.exe
2026-08-31T02:27:25.622909+00:00,0.0,211525632,1694797824,261274987,1448420042,3836,python.exe
2026-08-31T02:27:26.137741+00:00,0.0,211525632,1688231936,261275042,1448420108,3836,python.exe
2026-08-31T02:27:26.651684+00:00,3.0,211525632,1696370688,261275327,1448420339,3836,python.exe
2026-08-31T02:27:27.166222+00:00,0.0,211525632,1689083904,261275483,1448420980,3836,python.exe
2026-08-31T02:27:27.690702+00:00,0.0,211525632,1695252480,261277611,1448431253,3836,python.exe
2026-08-31T02:27:28.205081+00:00,0.0,211525632,1695395840,261278563,1448431971,3836,python.exe
2026-08-31T02:27:28.721113+00:00,0.0,211525632,1703890944,261282014,1448452203,3836,python.exe
2026-08-31T02:27:29.242797+00:00,0.0,211525632,1692332032,261282125,1448452395,3836,python.exe
2026-08-31T02:27:29.759230+00:00,0.0,211525632,1700155392,261282125,1448452395,3836,python.exe
2026-08-31T02:27:30.273875+00:00,0.0,211525632,1693220864,261282234,1448452581,3836,python.exe
2026-08-31T02:27:30.787370+00:00,0.0,211525632,1693085696,261282234,1448452581,3836,python.exe
2026-08-31T02:27:31.302001+00:00,3.0,211525632,1697349632,261282344,1448452773,3836,python.exe
2026-08-31T02:27:31.821319+00:00,0.0,211525632,1697099776,261282415,1448452840,3836,python.exe
2026-08-31T02:27:32.334132+00:00,0.0,211525632,1696456704,261282470,1448452966,3836,python.exe
2026-08-31T02:27:32.846871+00:00,0.0,211525632,1696317440,261282470,1448452966,3836,python.exe
2026-08-31T02:27:33.360296+00:00,0.0,211525632,1697492992,261282525,1448453092,3836,python.exe
2026-08-31T02:27:33.873834+00:00,0.0,211525632,1696518144,261282526,1448453092,3836,python.exe
2026-08-31T02:27:34.386348+00:00,9.1,211525632,1697136640,261282582,1448453278,3836,python.exe
2026-08-31T02:27:34.903093+00:00,0.0,211525632,1698959360,261282851,1448453371,3836,python.exe
2026-08-31T02:27:35.419702+00:00,3.0,211525632,1710067712,261283016,1448453741,3836,python.exe
2026-08-31T02:27:35.934886+00:00,0.0,211525632,1703931904,261283071,1448453807,3836,python.exe
2026-08-31T02:27:36.449662+00:00,3.0,211525632,1694359552,261283273,1448454020,3836,python.exe
2026-08-31T02:27:36.962670+00:00,0.0,211525632,1690271744,261283274,1448454146,3836,python.exe
2026-08-31T02:27:37.474822+00:00,0.0,211525632,1687896064,261283346,1448454214,3836,python.exe
2026-08-31T02:27:37.987270+00:00,0.0,211525632,1690574848,261283401,1448454340,3836,python.exe
2026-08-31T02:27:38.499948+00:00,0.0,211525632,1687846912,261283402,1448454340,3836,python.exe
2026-08-31T02:27:39.022897+00:00,0.0,211525632,1687629824,261283457,1448454466,3836,python.exe
2026-08-31T02:27:39.535904+00:00,0.0,211525632,1692180480,261283457,1448454466,3836,python.exe
2026-08-31T02:27:40.048584+00:00,0.0,211525632,1691877376,261284203,1448454658,3836,python.exe
2026-08-31T02:27:40.566953+00:00,0.0,211525632,1688330240,261286437,1448455979,3836,python.exe
2026-08-31T02:27:41.081136+00:00,0.0,211525632,1688309760,261286492,1448456105,3836,python.exe
2026-08-31T02:27:41.599404+00:00,0.0,211525632,1663827968,261296485,1448462939,3836,python.exe
2026-08-31T02:27:42.114986+00:00,3.0,211525632,1655664640,261303157,1448472224,3836,python.exe
2026-08-31T02:27:42.629510+00:00,0.0,211525632,1654157312,261305833,1448472957,3836,python.exe
2026-08-31T02:27:43.144513+00:00,0.0,211525632,1654665216,261309997,1448473677,3836,python.exe
2026-08-31T02:27:43.659264+00:00,0.0,211525632,1654116352,261310159,1448474308,3836,python.exe
2026-08-31T02:27:44.173247+00:00,0.0,211525632,1649901568,261310214,1448474434,3836,python.exe
2026-08-31T02:27:44.688013+00:00,0.0,211525632,1650065408,261311341,1448474501,3836,python.exe
2026-08-31T02:27:45.201549+00:00,0.0,211525632,1649152000,261311597,1448475268,3836,python.exe
2026-08-31T02:27:45.717029+00:00,3.0,211525632,1652953088,261311597,1448475334,3836,python.exe
2026-08-31T02:27:46.230433+00:00,0.0,211525632,1654386688,261311652,1448475460,3836,python.exe
2026-08-31T02:27:46.743984+00:00,0.0,211525632,1654460416,261311991,1448475757,3836,python.exe
2026-08-31T02:27:47.256502+00:00,0.0,211525632,1649360896,261311991,1448475883,3836,python.exe
2026-08-31T02:27:47.769905+00:00,3.0,211525632,1659932672,261312141,1448476475,3836,python.exe
2026-08-31T02:27:48.283050+00:00,0.0,211525632,1663348736,261312287,1448476695,3836,python.exe
2026-08-31T02:27:48.797840+00:00,0.0,211525632,1663664128,261312484,1448476895,3836,python.exe
2026-08-31T02:27:49.312363+00:00,0.0,211525632,1664434176,261312697,1448477156,3836,python.exe
2026-08-31T02:27:49.826329+00:00,0.0,211525632,1663971328,261312823,1448477289,3836,python.exe
2026-08-31T02:27:50.341011+00:00,0.0,211525632,1667555328,261315826,1448478687,3836,python.exe
2026-08-31T02:27:50.854679+00:00,3.0,211525632,1665425408,261316127,1448478946,3836,python.exe
2026-08-31T02:27:51.373253+00:00,0.0,211525632,1660067840,261319168,1448481099,3836,python.exe
2026-08-31T02:27:51.886976+00:00,0.0,211525632,1659809792,261319420,1448482472,3836,python.exe
2026-08-31T02:27:52.400489+00:00,3.0,211525632,1659379712,261319616,1448482745,3836,python.exe
2026-08-31T02:27:52.913080+00:00,0.0,211525632,1659568128,261319671,1448482745,3836,python.exe
2026-08-31T02:27:53.427105+00:00,3.0,211525632,1668657152,261319737,1448482871,3836,python.exe
2026-08-31T02:27:53.942511+00:00,3.0,211525632,1661620224,261319737,1448482871,3836,python.exe
2026-08-31T02:27:54.456879+00:00,3.0,211525632,1660858368,261324607,1448488967,3836,python.exe
2026-08-31T02:27:54.979737+00:00,0.0,211525632,1659592704,261324700,1448489060,3836,python.exe
2026-08-31T02:27:55.496108+00:00,0.0,211525632,1666400256,261324880,1448489254,3836,python.exe
2026-08-31T02:27:56.010485+00:00,0.0,211525632,1652260864,261325117,1448489487,3836,python.exe
2026-08-31T02:27:56.524764+00:00,0.0,211525632,1651642368,261325385,1448489706,3836,python.exe
2026-08-31T02:27:57.041770+00:00,0.0,211525632,1652609024,261325385,1448489836,3836,python.exe
2026-08-31T02:27:57.556823+00:00,0.0,211525632,1654751232,261325511,1448489970,3836,python.exe
2026-08-31T02:27:58.071819+00:00,0.0,211525632,1649041408,261325511,1448490030,3836,python.exe
2026-08-31T02:27:58.587072+00:00,0.0,211525632,1652424704,261325566,1448490096,3836,python.exe
2026-08-31T02:27:59.106105+00:00,0.0,211525632,1647665152,261325566,1448490156,3836,python.exe
2026-08-31T02:27:59.622351+00:00,3.0,211525632,1654788096,261325621,1448490222,3836,python.exe
2026-08-31T02:28:00.139208+00:00,3.0,211525632,1652846592,261326386,1448490884,3836,python.exe
2026-08-31T02:28:00.656673+00:00,3.0,211525632,1646419968,261328760,1448496528,3836,python.exe
2026-08-31T02:28:01.177225+00:00,0.0,211525632,1604837376,261328760,1448496588,3836,python.exe
2026-08-31T02:28:01.697545+00:00,3.0,211525632,1628622848,261328870,1448496780,3836,python.exe
2026-08-31T02:28:02.217137+00:00,0.0,211525632,1622872064,261328941,1448496848,3836,python.exe
2026-08-31T02:28:02.732084+00:00,3.0,211525632,1634484224,261328996,1448496848,3836,python.exe
2026-08-31T02:28:03.247285+00:00,3.0,211525632,1637208064,261329071,1448497036,3836,python.exe
2026-08-31T02:28:03.761754+00:00,3.0,211525632,1638723584,261329180,1448497156,3836,python.exe
2026-08-31T02:28:04.275966+00:00,0.0,211525632,1641652224,261329180,1448497222,3836,python.exe
2026-08-31T02:28:04.790788+00:00,0.0,211525632,1642213376,261329180,1448497282,3836,python.exe
2026-08-31T02:28:05.304671+00:00,0.0,211525632,1650548736,261329558,1448497559,3836,python.exe
2026-08-31T02:28:05.818858+00:00,3.0,211525632,1651675136,261329558,1448497619,3836,python.exe
2026-08-31T02:28:06.332941+00:00,3.0,211525632,1667145728,261329613,1448497685,3836,python.exe
2026-08-31T02:28:06.847063+00:00,0.0,211525632,1660932096,261329842,1448497916,3836,python.exe
2026-08-31T02:28:07.360892+00:00,0.0,211525632,1667620864,261329897,1448497982,3836,python.exe
2026-08-31T02:28:07.874080+00:00,3.0,211525632,1662271488,261329897,1448497982,3836,python.exe
2026-08-31T02:28:08.386301+00:00,0.0,211525632,1668530176,261329952,1448498048,3836,python.exe
2026-08-31T02:28:08.900218+00:00,6.1,211525632,1662287872,261329952,1448498048,3836,python.exe
2026-08-31T02:28:09.414579+00:00,0.0,211525632,1669259264,261332782,1448499541,3836,python.exe
2026-08-31T02:28:09.927985+00:00,0.0,211525632,1662910464,261332782,1448499541,3836,python.exe
2026-08-31T02:28:10.444443+00:00,0.0,211525632,1670840320,261332837,1448499667,3836,python.exe
2026-08-31T02:28:10.958237+00:00,3.0,211525632,1689931776,261333077,1448499847,3836,python.exe
2026-08-31T02:28:11.472675+00:00,3.0,211525632,1710256128,261333243,1448500150,3836,python.exe
2026-08-31T02:28:11.987206+00:00,0.0,211525632,1711439872,261333243,1448500210,3836,python.exe
2026-08-31T02:28:12.507350+00:00,3.0,211525632,1694806016,261336081,1448500875,3836,python.exe
2026-08-31T02:28:13.028696+00:00,0.0,211525632,1665789952,261336136,1448501007,3836,python.exe
2026-08-31T02:28:13.546058+00:00,3.0,211525632,1656082432,261340344,1448501664,3836,python.exe
2026-08-31T02:28:14.061950+00:00,3.0,211525632,1658679296,261340399,1448501730,3836,python.exe
2026-08-31T02:28:14.575298+00:00,0.0,211525632,1657815040,261340454,1448501796,3836,python.exe
2026-08-31T02:28:15.091227+00:00,3.0,211525632,1659092992,261340727,1448502023,3836,python.exe
2026-08-31T02:28:15.604720+00:00,3.0,211525632,1655394304,261340769,1448502083,3836,python.exe
2026-08-31T02:28:16.125336+00:00,0.0,211525632,1659621376,261340824,1448502149,3836,python.exe
2026-08-31T02:28:16.641953+00:00,0.0,211525632,1650692096,261340971,1448502302,3836,python.exe
2026-08-31T02:28:17.159025+00:00,3.0,211525632,1654718464,261341026,1448502368,3836,python.exe
2026-08-31T02:28:17.678596+00:00,0.0,211525632,1631412224,261345174,1448511207,3836,python.exe
2026-08-31T02:28:18.193762+00:00,3.0,211525632,1638629376,261345446,1448511501,3836,python.exe
2026-08-31T02:28:18.717452+00:00,0.0,211525632,1635708928,261345662,1448512231,3836,python.exe
2026-08-31T02:28:19.234792+00:00,3.0,211525632,1630158848,261345859,1448512431,3836,python.exe
2026-08-31T02:28:19.756044+00:00,0.0,211525632,1624743936,261346001,1448512565,3836,python.exe
2026-08-31T02:28:20.272579+00:00,0.0,211525632,1618075648,261346056,1448512631,3836,python.exe
2026-08-31T02:28:20.787880+00:00,0.0,211525632,1606565888,261346127,1448512698,3836,python.exe
2026-08-31T02:28:21.311950+00:00,3.0,211525632,1589698560,261346237,1448512830,3836,python.exe
2026-08-31T02:28:21.832045+00:00,0.0,211525632,1602576384,261346237,1448512830,3836,python.exe
2026-08-31T02:28:22.353749+00:00,3.0,211525632,1581305856,261346363,1448512897,3836,python.exe
2026-08-31T02:28:22.871238+00:00,0.0,211525632,1592147968,261346363,1448512963,3836,python.exe
2026-08-31T02:28:23.393902+00:00,0.0,211525632,1676435456,261346418,1448513023,3836,python.exe
2026-08-31T02:28:23.911023+00:00,0.0,211525632,1756848128,261346493,1448513211,3836,python.exe
2026-08-31T02:28:24.426947+00:00,3.0,211521536,1746505728,261346711,1448513595,3836,python.exe
2026-08-31T02:28:24.942469+00:00,3.0,211521536,1748418560,261346766,1448513661,3836,python.exe
2026-08-31T02:28:25.457203+00:00,0.0,211521536,1734512640,261346984,1448513881,3836,python.exe
2026-08-31T02:28:25.971687+00:00,3.0,211521536,1755717632,261347039,1448513947,3836,python.exe
2026-08-31T02:28:26.492762+00:00,3.0,211521536,1763774464,261347132,1448513947,3836,python.exe
2026-08-31T02:28:27.015848+00:00,0.0,211521536,1768349696,261347378,1448514310,3836,python.exe
2026-08-31T02:28:27.533113+00:00,0.0,211521536,1796562944,261350686,1448515866,3836,python.exe
2026-08-31T02:28:28.049921+00:00,0.0,211521536,1791434752,261350795,1448516429,3836,python.exe
2026-08-31T02:28:28.563540+00:00,0.0,211521536,1869824000,261350795,1448516429,3836,python.exe
2026-08-31T02:28:29.076904+00:00,0.0,211521536,1869574144,261350850,1448516495,3836,python.exe
2026-08-31T02:28:29.589873+00:00,3.0,211521536,1872162816,261350850,1448516555,3836,python.exe
2026-08-31T02:28:30.103224+00:00,3.0,211521536,1868886016,261350905,1448516621,3836,python.exe
2026-08-31T02:28:30.619529+00:00,0.0,211521536,1888636928,261350905,1448516681,3836,python.exe
2026-08-31T02:28:31.138974+00:00,0.0,211521536,1896042496,261350960,1448516747,3836,python.exe
2026-08-31T02:28:31.651979+00:00,3.0,211521536,1899274240,261351014,1448516867,3836,python.exe
2026-08-31T02:28:32.164538+00:00,3.0,211521536,1894297600,261351140,1448516934,3836,python.exe
2026-08-31T02:28:32.677517+00:00,3.0,211521536,1893801984,261353541,1448517405,3836,python.exe
2026-08-31T02:28:33.190581+00:00,0.0,211521536,1894612992,261354133,1448519592,3836,python.exe
2026-08-31T02:28:33.704479+00:00,0.0,211521536,1898164224,261354188,1448519658,3836,python.exe
2026-08-31T02:28:34.219045+00:00,3.0,211521536,1898647552,261364164,1448521278,3836,python.exe
2026-08-31T02:28:34.736271+00:00,0.0,211521536,1883881472,261370197,1448562872,3836,python.exe
2026-08-31T02:28:35.249843+00:00,0.0,211521536,1852731392,261374260,1448566470,3836,python.exe
2026-08-31T02:28:35.764358+00:00,0.0,211521536,1850564608,261374507,1448566860,3836,python.exe
2026-08-31T02:28:36.277946+00:00,3.0,211521536,1857396736,261374562,1448566986,3836,python.exe
2026-08-31T02:28:36.792732+00:00,0.0,211521536,1855602688,261374764,1448567205,3836,python.exe
2026-08-31T02:28:37.307539+00:00,0.0,211521536,1860710400,261375874,1448568974,3836,python.exe
2026-08-31T02:28:37.821269+00:00,0.0,211521536,1859526656,261377088,1448569282,3836,python.exe
2026-08-31T02:28:38.340769+00:00,0.0,211521536,1864503296,261377316,1448570123,3836,python.exe
2026-08-31T02:28:38.854938+00:00,3.0,211521536,1871429632,261377442,1448570257,3836,python.exe
2026-08-31T02:28:39.369983+00:00,0.0,211521536,1885458432,261377442,1448570257,3836,python.exe
2026-08-31T02:28:39.883175+00:00,0.0,211521536,1885396992,261380679,1448576724,3836,python.exe
2026-08-31T02:28:40.399162+00:00,0.0,211521536,1891266560,261383781,1448578051,3836,python.exe
2026-08-31T02:28:40.913083+00:00,0.0,211521536,1884319744,261383946,1448578249,3836,python.exe
2026-08-31T02:28:41.433032+00:00,0.0,211521536,1891696640,261384057,1448578426,3836,python.exe
2026-08-31T02:28:41.945717+00:00,0.0,211521536,1886576640,261384286,1448578717,3836,python.exe
2026-08-31T02:28:42.461300+00:00,0.0,211521536,1889525760,261387995,1448580041,3836,python.exe
2026-08-31T02:28:42.974887+00:00,0.0,211521536,1889411072,261388061,1448580101,3836,python.exe
2026-08-31T02:28:43.492026+00:00,0.0,211521536,1884360704,261392173,1448580764,3836,python.exe
2026-08-31T02:28:44.006647+00:00,0.0,211521536,1883758592,261392173,1448580824,3836,python.exe
2026-08-31T02:28:44.526404+00:00,0.0,211521536,1870602240,261402640,1448591964,3836,python.exe
2026-08-31T02:28:45.041350+00:00,0.0,211521536,1861550080,261402885,1448592219,3836,python.exe
2026-08-31T02:28:45.554577+00:00,0.0,211521536,1866272768,261403087,1448592378,3836,python.exe
2026-08-31T02:28:46.067671+00:00,6.1,211521536,1849671680,261403087,1448592378,3836,python.exe
2026-08-31T02:28:46.582546+00:00,3.0,211521536,1860673536,261403317,1448592675,3836,python.exe
2026-08-31T02:28:47.097392+00:00,0.0,211521536,1866485760,261405052,1448593507,3836,python.exe
2026-08-31T02:28:47.611477+00:00,0.0,211521536,1866526720,261405107,1448593633,3836,python.exe
2026-08-31T02:28:48.126389+00:00,0.0,211521536,1871077376,261405182,1448593726,3836,python.exe
2026-08-31T02:28:48.640539+00:00,0.0,211521536,1870635008,261405516,1448593993,3836,python.exe
2026-08-31T02:28:49.211980+00:00,2.7,211521536,1869766656,261409870,1448595962,3836,python.exe
2026-08-31T02:28:49.727581+00:00,0.0,211521536,1811677184,261412335,1448608784,3836,python.exe
2026-08-31T02:28:50.254412+00:00,0.0,211521536,1776463872,261418505,1448615098,3836,python.exe
2026-08-31T02:28:50.774656+00:00,3.0,211521536,1616277504,261436033,1448623895,3836,python.exe
2026-08-31T02:28:51.306580+00:00,0.0,211521536,1586634752,261453992,1448683598,3836,python.exe
2026-08-31T02:28:51.851907+00:00,2.9,211521536,1563738112,261461637,1448784067,3836,python.exe
2026-08-31T02:28:52.368249+00:00,0.0,211521536,1554915328,261488662,1448836128,3836,python.exe
2026-08-31T02:28:52.884557+00:00,0.0,211521536,1534349312,261494878,1448839550,3836,python.exe
2026-08-31T02:28:53.405902+00:00,3.0,211521536,1500991488,261496494,1448840579,3836,python.exe
2026-08-31T02:28:53.937895+00:00,0.0,211521536,1487949824,261506953,1448840819,3836,python.exe
2026-08-31T02:28:54.457653+00:00,0.0,211521536,1470345216,261589029,1448853160,3836,python.exe
2026-08-31T02:28:54.986067+00:00,0.0,211521536,1481334784,261611567,1448864027,3836,python.exe
2026-08-31T02:28:55.557377+00:00,2.7,211521536,1536614400,261662953,1448878952,3836,python.exe
2026-08-31T02:28:56.086802+00:00,3.0,211521536,1498816512,261723226,1448953002,3836,python.exe
2026-08-31T02:28:56.609070+00:00,0.0,211521536,1461706752,261814464,1448979249,3836,python.exe
2026-08-31T02:28:57.128930+00:00,0.0,211521536,1433665536,261870988,1448997168,3836,python.exe
2026-08-31T02:28:57.656097+00:00,0.0,211521536,1396621312,261871151,1449001734,3836,python.exe
2026-08-31T02:28:58.176240+00:00,0.0,211521536,1330573312,261871151,1449001794,3836,python.exe
2026-08-31T02:28:58.701928+00:00,0.0,211521536,1288810496,261871206,1449001860,3836,python.exe
2026-08-31T02:28:59.221797+00:00,3.0,211521536,1265143808,261871206,1449001860,3836,python.exe
2026-08-31T02:28:59.737014+00:00,0.0,211521536,1244332032,261871371,1449002118,3836,python.exe
2026-08-31T02:29:00.252544+00:00,0.0,211521536,1193930752,261871371,1449002178,3836,python.exe
2026-08-31T02:29:00.768729+00:00,0.0,211521536,1155280896,261871426,1449002244,3836,python.exe
2026-08-31T02:29:01.285425+00:00,0.0,211521536,1114755072,261879636,1449003518,3836,python.exe
2026-08-31T02:29:01.803752+00:00,3.0,211521536,1059844096,261879762,1449003651,3836,python.exe
2026-08-31T02:29:02.319978+00:00,3.0,211521536,1057718272,261879978,1449003909,3836,python.exe
2026-08-31T02:29:02.841754+00:00,0.0,211521536,1014067200,261880088,1449004041,3836,python.exe
2026-08-31T02:29:03.364573+00:00,3.0,211521536,968556544,261880088,1449004101,3836,python.exe
2026-08-31T02:29:03.884894+00:00,6.0,211603456,933154816,261880143,1449004167,3836,python.exe
2026-08-31T02:29:04.408283+00:00,0.0,211603456,905060352,261880143,1449004227,3836,python.exe
2026-08-31T02:29:04.928491+00:00,6.0,211603456,865927168,261880320,1449004293,3836,python.exe
2026-08-31T02:29:05.446941+00:00,0.0,211603456,841891840,261880758,1449004745,3836,python.exe
2026-08-31T02:29:05.961690+00:00,0.0,211603456,825479168,261880813,1449004745,3836,python.exe
2026-08-31T02:29:06.476835+00:00,0.0,211603456,776810496,261880813,1449004871,3836,python.exe
2026-08-31T02:29:06.994691+00:00,0.0,211603456,740356096,261881097,1449005102,3836,python.exe
2026-08-31T02:29:07.509122+00:00,0.0,211603456,710053888,261885684,1449008161,3836,python.exe
2026-08-31T02:29:08.022877+00:00,0.0,211603456,679755776,261885840,1449008596,3836,python.exe
2026-08-31T02:29:08.598161+00:00,0.0,211587072,609382400,261888424,1449013918,3836,python.exe
2026-08-31T02:29:09.116064+00:00,3.0,211587072,1564438528,261892397,1449022037,3836,python.exe
2026-08-31T02:29:09.637278+00:00,0.0,211587072,1516212224,261892452,1449022103,3836,python.exe
2026-08-31T02:29:10.156255+00:00,0.0,211587072,1470062592,262131979,1449028271,3836,python.exe
2026-08-31T02:29:10.680457+00:00,3.0,211587072,1473859584,262132034,1449028397,3836,python.exe
2026-08-31T02:29:11.200168+00:00,0.0,211587072,1468592128,262132088,1449030905,3836,python.exe
2026-08-31T02:29:11.721495+00:00,3.0,211587072,1447854080,262189302,1449094210,3836,python.exe
2026-08-31T02:29:12.250705+00:00,0.0,211587072,1430523904,262256042,1449100000,3836,python.exe
2026-08-31T02:29:12.801752+00:00,0.0,211587072,1376714752,262313444,1449183227,3836,python.exe
2026-08-31T02:29:13.318197+00:00,0.0,211587072,1362997248,262342306,1449264331,3836,python.exe
2026-08-31T02:29:13.834861+00:00,3.0,211587072,1382391808,262354788,1449277364,3836,python.exe
2026-08-31T02:29:14.358733+00:00,0.0,211587072,1378848768,262377318,1449280552,3836,python.exe
2026-08-31T02:29:14.875342+00:00,0.0,211587072,1378897920,262377499,1449280751,3836,python.exe
2026-08-31T02:29:15.395840+00:00,0.0,211587072,1378975744,262383995,1449281248,3836,python.exe
2026-08-31T02:29:15.987228+00:00,2.6,211587072,1371729920,262421772,1449292507,3836,python.exe
2026-08-31T02:29:16.515214+00:00,3.0,211587072,1373904896,262446403,1449301102,3836,python.exe
2026-08-31T02:29:17.050890+00:00,0.0,211587072,1357398016,262450537,1449307254,3836,python.exe
2026-08-31T02:29:17.571374+00:00,0.0,211587072,1380741120,262469758,1449309453,3836,python.exe
2026-08-31T02:29:18.085792+00:00,0.0,211587072,1394860032,262471129,1449309918,3836,python.exe
2026-08-31T02:29:18.601505+00:00,3.0,211587072,1387347968,262492984,1449334617,3836,python.exe
2026-08-31T02:29:19.118386+00:00,0.0,211587072,1388470272,262511150,1449387859,3836,python.exe
2026-08-31T02:29:19.631931+00:00,0.0,211587072,1401704448,262511221,1449387926,3836,python.exe
2026-08-31T02:29:20.145671+00:00,3.0,211587072,1400238080,262511418,1449388127,3836,python.exe
2026-08-31T02:29:20.659872+00:00,0.0,211587072,1410269184,262522473,1449389104,3836,python.exe
2026-08-31T02:29:21.173903+00:00,0.0,211587072,1401667584,262522528,1449389104,3836,python.exe
2026-08-31T02:29:21.687685+00:00,3.0,211587072,1426501632,262577141,1449393979,3836,python.exe
2026-08-31T02:29:22.201304+00:00,0.0,211587072,1433858048,262577212,1449394106,3836,python.exe
2026-08-31T02:29:22.721628+00:00,0.0,211587072,1586335744,262578275,1449394759,3836,python.exe
2026-08-31T02:29:23.239654+00:00,0.0,211587072,1671389184,262578275,1449394819,3836,python.exe
2026-08-31T02:29:23.754744+00:00,3.0,211587072,1691586560,262578330,1449394885,3836,python.exe
2026-08-31T02:29:24.268436+00:00,0.0,211587072,1699885056,262578330,1449394945,3836,python.exe
2026-08-31T02:29:24.785618+00:00,0.0,211587072,1708548096,262578386,1449395011,3836,python.exe
2026-08-31T02:29:25.300193+00:00,0.0,211587072,1702391808,262578677,1449403300,3836,python.exe
2026-08-31T02:29:25.816965+00:00,0.0,211587072,1736802304,262578933,1449403555,3836,python.exe
2026-08-31T02:29:26.332028+00:00,0.0,211587072,1733033984,262579131,1449414834,3836,python.exe
2026-08-31T02:29:26.846788+00:00,0.0,211587072,1739001856,262579415,1449415131,3836,python.exe
2026-08-31T02:29:27.362773+00:00,0.0,211587072,1739927552,262580180,1449415733,3836,python.exe
2026-08-31T02:29:27.876997+00:00,0.0,211587072,1742495744,262582884,1449421315,3836,python.exe
2026-08-31T02:29:28.391192+00:00,0.0,211587072,1764208640,262582885,1449421315,3836,python.exe
2026-08-31T02:29:28.905937+00:00,0.0,211587072,1777999872,262582994,1449421571,3836,python.exe
2026-08-31T02:29:29.420325+00:00,0.0,211587072,1779445760,262583115,1449421691,3836,python.exe
2026-08-31T02:29:29.934928+00:00,3.0,211587072,1783283712,262592652,1449430260,3836,python.exe
2026-08-31T02:29:30.448574+00:00,3.0,211587072,1785978880,262615177,1449431387,3836,python.exe
2026-08-31T02:29:30.963171+00:00,3.0,211587072,1784266752,262615298,1449431387,3836,python.exe
2026-08-31T02:29:31.481186+00:00,0.0,211603456,1789399040,262615298,1449431453,3836,python.exe
2026-08-31T02:29:31.997204+00:00,0.0,211603456,1783246848,262615601,1449433920,3836,python.exe
2026-08-31T02:29:32.511768+00:00,3.0,211603456,1788592128,262615710,1449434244,3836,python.exe
2026-08-31T02:29:33.026829+00:00,0.0,211603456,1782644736,262615830,1449434304,3836,python.exe
2026-08-31T02:29:33.541171+00:00,0.0,211603456,1780367360,262615886,1449434370,3836,python.exe
2026-08-31T02:29:34.055604+00:00,0.0,211603456,1780846592,262615940,1449442610,3836,python.exe
2026-08-31T02:29:34.570815+00:00,0.0,211603456,1782476800,262616105,1449455129,3836,python.exe
2026-08-31T02:29:35.085949+00:00,0.0,211603456,1782288384,262616282,1449455195,3836,python.exe
2026-08-31T02:29:35.601679+00:00,0.0,211603456,1790791680,262616717,1449455598,3836,python.exe
2026-08-31T02:29:36.120609+00:00,0.0,211603456,1790951424,262616772,1449455664,3836,python.exe
2026-08-31T02:29:36.635805+00:00,3.0,211603456,1792258048,262616828,1449455730,3836,python.exe
2026-08-31T02:29:37.151719+00:00,0.0,211603456,1791557632,262617041,1449455823,3836,python.exe
2026-08-31T02:29:37.666383+00:00,0.0,211603456,1793339392,262617097,1449455889,3836,python.exe
2026-08-31T02:29:38.180539+00:00,0.0,211603456,1792700416,262617097,1449455889,3836,python.exe
2026-08-31T02:29:38.696794+00:00,0.0,211603456,1797103616,262617153,1449455955,3836,python.exe
2026-08-31T02:29:39.211329+00:00,0.0,211603456,1789710336,262617153,1449455955,3836,python.exe
2026-08-31T02:29:39.726312+00:00,0.0,211603456,1798598656,262617208,1449455955,3836,python.exe
2026-08-31T02:29:40.241877+00:00,0.0,211603456,1790406656,262620133,1449457288,3836,python.exe
2026-08-31T02:29:40.754941+00:00,3.0,211603456,1799004160,262620259,1449457416,3836,python.exe
2026-08-31T02:29:41.269164+00:00,0.0,211603456,1790832640,262620491,1449459642,3836,python.exe
2026-08-31T02:29:41.784253+00:00,0.0,211603456,1794265088,262620491,1449459642,3836,python.exe
2026-08-31T02:29:42.299359+00:00,0.0,211603456,1790128128,262623261,1449459946,3836,python.exe
2026-08-31T02:29:42.813409+00:00,0.0,211603456,1687511040,262624061,1449460325,3836,python.exe
2026-08-31T02:29:43.332084+00:00,0.0,211603456,1688068096,262630460,1449463514,3836,python.exe
2026-08-31T02:29:43.847270+00:00,0.0,211603456,1688739840,262630631,1449463704,3836,python.exe
2026-08-31T02:29:44.360765+00:00,0.0,211603456,1687318528,262631618,1449464394,3836,python.exe
2026-08-31T02:29:44.877475+00:00,0.0,211603456,1687425024,262631853,1449464851,3836,python.exe
2026-08-31T02:29:45.392313+00:00,0.0,211603456,1687941120,262632055,1449465010,3836,python.exe
2026-08-31T02:29:45.907209+00:00,0.0,211603456,1689300992,262632130,1449465132,3836,python.exe
2026-08-31T02:29:46.425465+00:00,0.0,211603456,1693372416,262654799,1449468132,3836,python.exe
2026-08-31T02:29:46.942545+00:00,0.0,211603456,1694404608,262655028,1449468363,3836,python.exe
2026-08-31T02:29:47.458126+00:00,0.0,211603456,1683771392,262655083,1449468429,3836,python.exe
2026-08-31T02:29:47.974245+00:00,3.0,211603456,1684647936,262655281,1449476720,3836,python.exe
2026-08-31T02:29:48.488326+00:00,3.0,211603456,1695825920,262655661,1449488593,3836,python.exe
2026-08-31T02:29:49.002134+00:00,0.0,211603456,1693782016,262655803,1449488727,3836,python.exe
2026-08-31T02:29:49.516405+00:00,0.0,211603456,1698492416,262656000,1449488861,3836,python.exe
2026-08-31T02:29:50.029921+00:00,0.0,211603456,1692672000,262656071,1449488994,3836,python.exe
2026-08-31T02:29:50.543320+00:00,3.0,211603456,1691910144,262663149,1449494285,3836,python.exe
2026-08-31T02:29:51.056314+00:00,3.0,211603456,1694580736,262663246,1449494411,3836,python.exe
2026-08-31T02:29:51.569095+00:00,0.0,211603456,1690574848,262663246,1449494411,3836,python.exe
2026-08-31T02:29:52.081566+00:00,0.0,211603456,1692352512,262663301,1449494477,3836,python.exe
2026-08-31T02:29:52.596464+00:00,0.0,211603456,1692725248,262674647,1449496700,3836,python.exe
2026-08-31T02:29:53.112069+00:00,0.0,211603456,1691926528,262674702,1449496826,3836,python.exe
2026-08-31T02:29:53.624888+00:00,0.0,211603456,1695072256,262674756,1449496886,3836,python.exe
2026-08-31T02:29:54.137439+00:00,0.0,211603456,1694666752,262674811,1449497012,3836,python.exe
2026-08-31T02:29:54.650107+00:00,3.0,211603456,1696083968,262674811,1449497012,3836,python.exe
2026-08-31T02:29:55.163957+00:00,0.0,211603456,1695522816,262675083,1449499742,3836,python.exe
2026-08-31T02:29:55.678012+00:00,0.0,211603456,1714470912,262681344,1449507249,3836,python.exe
2026-08-31T02:29:56.191948+00:00,0.0,211603456,1689890816,262681519,1449507548,3836,python.exe
2026-08-31T02:29:56.708737+00:00,3.0,211603456,1693704192,262681574,1449507614,3836,python.exe
2026-08-31T02:29:57.223474+00:00,0.0,211603456,1683062784,262681776,1449507833,3836,python.exe
2026-08-31T02:29:57.739480+00:00,0.0,211603456,1691090944,262684534,1449509186,3836,python.exe
2026-08-31T02:29:58.254349+00:00,3.0,211603456,1665609728,262684739,1449509985,3836,python.exe
2026-08-31T02:29:58.772586+00:00,0.0,211603456,1673977856,262684828,1449510241,3836,python.exe
2026-08-31T02:29:59.286537+00:00,3.0,211603456,1667108864,262685061,1449510427,3836,python.exe
2026-08-31T02:29:59.801201+00:00,3.0,211603456,1672450048,262685061,1449510493,3836,python.exe
2026-08-31T02:30:00.320953+00:00,3.0,211603456,1667264512,262685475,1449521892,3836,python.exe
2026-08-31T02:30:00.837436+00:00,0.0,211603456,1662439424,262697674,1449525789,3836,python.exe
2026-08-31T02:30:01.357868+00:00,0.0,211603456,1664479232,262699164,1449526219,3836,python.exe
2026-08-31T02:30:01.880490+00:00,0.0,211603456,1646665728,262705885,1449548340,3836,python.exe
2026-08-31T02:30:02.395737+00:00,3.0,211603456,1618788352,262708961,1449555865,3836,python.exe
2026-08-31T02:30:02.909842+00:00,0.0,211603456,1623359488,262709124,1449557007,3836,python.exe
2026-08-31T02:30:03.424236+00:00,0.0,211603456,1637994496,262709287,1449559995,3836,python.exe
2026-08-31T02:30:03.938303+00:00,0.0,211603456,1637117952,262712634,1449561448,3836,python.exe
2026-08-31T02:30:04.453062+00:00,0.0,211603456,1646006272,262714892,1449565034,3836,python.exe
2026-08-31T02:30:04.967004+00:00,0.0,211603456,1645928448,262715177,1449567594,3836,python.exe
2026-08-31T02:30:05.481202+00:00,0.0,211603456,1646469120,262715432,1449568079,3836,python.exe
2026-08-31T02:30:05.995114+00:00,3.0,211603456,1660538880,262715630,1449568837,3836,python.exe
2026-08-31T02:30:06.512417+00:00,0.0,211603456,1656225792,262715813,1449569467,3836,python.exe
2026-08-31T02:30:07.034478+00:00,3.0,211603456,1658384384,262716205,1449570340,3836,python.exe
2026-08-31T02:30:07.550783+00:00,0.0,211603456,1661956096,262716367,1449571058,3836,python.exe
2026-08-31T02:30:08.067434+00:00,0.0,211603456,1661161472,262716530,1449571698,3836,python.exe
2026-08-31T02:30:08.582301+00:00,0.0,211603456,1661681664,262716638,1449572696,3836,python.exe
2026-08-31T02:30:09.097616+00:00,0.0,211603456,1661480960,262716890,1449574866,3836,python.exe
2026-08-31T02:30:09.612859+00:00,0.0,211603456,1668198400,262717052,1449576368,3836,python.exe
2026-08-31T02:30:10.127145+00:00,0.0,211603456,1666342912,262717214,1449579818,3836,python.exe
2026-08-31T02:30:10.641599+00:00,0.0,211603456,1669136384,262717377,1449580392,3836,python.exe
2026-08-31T02:30:11.155860+00:00,3.0,211603456,1669320704,262720316,1449587247,3836,python.exe
2026-08-31T02:30:11.673900+00:00,0.0,211603456,1669263360,262720545,1449587635,3836,python.exe
2026-08-31T02:30:12.185980+00:00,0.0,211603456,1670164480,262723674,1449595284,3836,python.exe
2026-08-31T02:30:12.697982+00:00,3.1,211603456,1673482240,262727310,1449596553,3836,python.exe
2026-08-31T02:30:13.212494+00:00,0.0,211603456,1663451136,262731848,1449599083,3836,python.exe
2026-08-31T02:30:13.729218+00:00,0.0,211603456,1655529472,262732227,1449602452,3836,python.exe
2026-08-31T02:30:14.242978+00:00,0.0,211603456,1646800896,262732424,1449603244,3836,python.exe
2026-08-31T02:30:14.756232+00:00,0.0,211603456,1656332288,262732713,1449603847,3836,python.exe
2026-08-31T02:30:15.275589+00:00,0.0,211603456,1650855936,262732931,1449604571,3836,python.exe
2026-08-31T02:30:15.791212+00:00,0.0,211603456,1653686272,262736655,1449605550,3836,python.exe
2026-08-31T02:30:16.304676+00:00,0.0,211603456,1670737920,262736852,1449608227,3836,python.exe
2026-08-31T02:30:16.819538+00:00,0.0,211603456,1669341184,262737162,1449608713,3836,python.exe
2026-08-31T02:30:17.333541+00:00,3.0,211603456,1670774784,262737702,1449733248,3836,python.exe
2026-08-31T02:30:17.846002+00:00,0.0,211603456,1670914048,262737757,1449733248,3836,python.exe
2026-08-31T02:30:18.358553+00:00,3.0,211603456,1670520832,262738011,1449733594,3836,python.exe
2026-08-31T02:30:18.873066+00:00,0.0,211603456,1667588096,262761182,1449738206,3836,python.exe
2026-08-31T02:30:19.387198+00:00,0.0,211603456,1666797568,262784153,1449743783,3836,python.exe
2026-08-31T02:30:19.904482+00:00,3.0,211603456,1668820992,262784224,1449743850,3836,python.exe
2026-08-31T02:30:20.423805+00:00,0.0,211603456,1669398528,262784279,1449743916,3836,python.exe
2026-08-31T02:30:20.938980+00:00,0.0,211603456,1667698688,262784405,1449744049,3836,python.exe
2026-08-31T02:30:21.453936+00:00,0.0,211603456,1653678080,262818333,1449749017,3836,python.exe
2026-08-31T02:30:21.966697+00:00,0.0,211603456,1652547584,262818603,1449782957,3836,python.exe
2026-08-31T02:30:22.485086+00:00,6.0,211603456,1653071872,262818729,1449783090,3836,python.exe
2026-08-31T02:30:23.000162+00:00,0.0,211603456,1654165504,262818783,1449783296,3836,python.exe
2026-08-31T02:30:23.515076+00:00,0.0,211603456,1655619584,262818838,1449783362,3836,python.exe
2026-08-31T02:30:24.029256+00:00,0.0,211603456,1657303040,262818838,1449783362,3836,python.exe
2026-08-31T02:30:24.548743+00:00,0.0,211603456,1658560512,262818893,1449783428,3836,python.exe
2026-08-31T02:30:25.064690+00:00,0.0,211603456,1660203008,262818893,1449783428,3836,python.exe
2026-08-31T02:30:25.577609+00:00,0.0,211603456,1667620864,262837699,1449784844,3836,python.exe
2026-08-31T02:30:26.091003+00:00,0.0,211603456,1669369856,262837699,1449784844,3836,python.exe
2026-08-31T02:30:26.605136+00:00,3.0,211603456,1669079040,262848587,1449800210,3836,python.exe
2026-08-31T02:30:27.119351+00:00,0.0,211603456,1669947392,262853416,1449804971,3836,python.exe
2026-08-31T02:30:27.639455+00:00,0.0,211603456,1667633152,262871129,1449807760,3836,python.exe
2026-08-31T02:30:28.152612+00:00,3.0,211603456,1668526080,262873545,1449809015,3836,python.exe
2026-08-31T02:30:28.672620+00:00,0.0,211603456,1677832192,262873600,1449809015,3836,python.exe
2026-08-31T02:30:29.185873+00:00,0.0,211603456,1664806912,262873709,1449809207,3836,python.exe
2026-08-31T02:30:29.698883+00:00,3.0,211603456,1672859648,262873819,1449809339,3836,python.exe
2026-08-31T02:30:30.211912+00:00,0.0,211603456,1666121728,262874037,1449809762,3836,python.exe
2026-08-31T02:30:30.730681+00:00,0.0,211603456,1666326528,262874037,1449809762,3836,python.exe
2026-08-31T02:30:31.250656+00:00,3.0,211603456,1666023424,262874147,1449809894,3836,python.exe
2026-08-31T02:30:31.764698+00:00,3.0,211603456,1668034560,262874218,1449809894,3836,python.exe
2026-08-31T02:30:32.279131+00:00,0.0,211603456,1668923392,262874273,1449810027,3836,python.exe
2026-08-31T02:30:32.796798+00:00,0.0,211603456,1669386240,262874328,1449810093,3836,python.exe
2026-08-31T02:30:33.321456+00:00,6.0,211603456,1665536000,262874383,1449810159,3836,python.exe
2026-08-31T02:30:33.836015+00:00,0.0,211603456,1666478080,262874383,1449810159,3836,python.exe
2026-08-31T02:30:34.349351+00:00,0.0,211603456,1668132864,262874492,1449810285,3836,python.exe
2026-08-31T02:30:34.864326+00:00,0.0,211603456,1678774272,262874921,1449810440,3836,python.exe
2026-08-31T02:30:35.390663+00:00,0.0,211603456,1670561792,262875299,1449811554,3836,python.exe
2026-08-31T02:30:35.905238+00:00,0.0,211603456,1671094272,262875353,1449811554,3836,python.exe
2026-08-31T02:30:36.418813+00:00,3.0,211603456,1673662464,262875408,1449811620,3836,python.exe
2026-08-31T02:30:36.936561+00:00,6.0,211603456,1626529792,262882203,1449823886,3836,python.exe
2026-08-31T02:30:37.452983+00:00,0.0,211603456,1599741952,262887081,1449830868,3836,python.exe
2026-08-31T02:30:37.967585+00:00,0.0,211603456,1616039936,262887198,1449830994,3836,python.exe
2026-08-31T02:30:38.482072+00:00,3.0,211603456,1677660160,262887198,1449830994,3836,python.exe
2026-08-31T02:30:38.998240+00:00,3.0,211603456,1669603328,262887253,1449831060,3836,python.exe
2026-08-31T02:30:39.512559+00:00,3.0,211603456,1681309696,262887295,1449831120,3836,python.exe
2026-08-31T02:30:40.027976+00:00,3.0,211603456,1680949248,262887350,1449831186,3836,python.exe
2026-08-31T02:30:40.541056+00:00,3.0,211603456,1678458880,262887350,1449831186,3836,python.exe
2026-08-31T02:30:41.054106+00:00,0.0,211603456,1681854464,262887460,1449831318,3836,python.exe
2026-08-31T02:30:41.566407+00:00,3.0,211603456,1684439040,262887586,1449831452,3836,python.exe
2026-08-31T02:30:42.079111+00:00,0.0,211603456,1679183872,262887641,1449831518,3836,python.exe
2026-08-31T02:30:42.593416+00:00,0.0,211603456,1684013056,262891925,1449832533,3836,python.exe
2026-08-31T02:30:43.108223+00:00,0.0,211603456,1683251200,262896134,1449832665,3836,python.exe
2026-08-31T02:30:43.621600+00:00,3.0,211603456,1685897216,262896296,1449833745,3836,python.exe
2026-08-31T02:30:44.136168+00:00,3.0,211603456,1684668416,262899344,1449836403,3836,python.exe
2026-08-31T02:30:44.649530+00:00,0.0,211603456,1685872640,262899415,1449836470,3836,python.exe
2026-08-31T02:30:45.163673+00:00,0.0,211603456,1686474752,262899525,1449836536,3836,python.exe
2026-08-31T02:30:45.681898+00:00,0.0,211603456,1686634496,262899672,1449836695,3836,python.exe
2026-08-31T02:30:46.196630+00:00,0.0,211603456,1686700032,262899782,1449836761,3836,python.exe
2026-08-31T02:30:46.709458+00:00,0.0,211603456,1694736384,262899864,1449836965,3836,python.exe
2026-08-31T02:30:47.221840+00:00,0.0,211603456,1682280448,262900288,1449837273,3836,python.exe
2026-08-31T02:30:47.735465+00:00,0.0,211603456,1686482944,262900343,1449837405,3836,python.exe
2026-08-31T02:30:48.248775+00:00,0.0,211603456,1685073920,262900489,1449837565,3836,python.exe
2026-08-31T02:30:48.762858+00:00,3.0,211603456,1688199168,262900741,1449837831,3836,python.exe
2026-08-31T02:30:49.275552+00:00,3.0,211603456,1686577152,262901009,1449838098,3836,python.exe
2026-08-31T02:30:49.788846+00:00,0.0,211603456,1686069248,262901189,1449838291,3836,python.exe
2026-08-31T02:30:50.304389+00:00,3.0,211603456,1677676544,262902706,1449840072,3836,python.exe
2026-08-31T02:30:50.818559+00:00,0.0,211603456,1677828096,262902975,1449840265,3836,python.exe
2026-08-31T02:30:51.334238+00:00,3.0,211603456,1676918784,262902975,1449840265,3836,python.exe
2026-08-31T02:30:51.847471+00:00,0.0,211603456,1677410304,262903030,1449840331,3836,python.exe
2026-08-31T02:30:52.362381+00:00,0.0,211603456,1677590528,262916522,1449840971,3836,python.exe
2026-08-31T02:30:52.878410+00:00,0.0,211603456,1678114816,262916720,1449841769,3836,python.exe
2026-08-31T02:30:53.392880+00:00,0.0,211603456,1681747968,262916720,1449841769,3836,python.exe
2026-08-31T02:30:53.908608+00:00,0.0,211603456,1681555456,262916775,1449841895,3836,python.exe
2026-08-31T02:30:54.423738+00:00,0.0,211603456,1681903616,262917946,1449842267,3836,python.exe
2026-08-31T02:30:54.939759+00:00,0.0,211603456,1679257600,262918163,1449842882,3836,python.exe
2026-08-31T02:30:55.454602+00:00,0.0,211603456,1683128320,262918393,1449843042,3836,python.exe
2026-08-31T02:30:55.969205+00:00,3.0,211603456,1678249984,262921591,1449844429,3836,python.exe
2026-08-31T02:30:56.484412+00:00,0.0,211603456,1673220096,262921591,1449844495,3836,python.exe
2026-08-31T02:30:56.999485+00:00,0.0,211603456,1673863168,262921831,1449844741,3836,python.exe
2026-08-31T02:30:57.514072+00:00,0.0,211603456,1675091968,262921940,1449844807,3836,python.exe
2026-08-31T02:30:58.028654+00:00,3.0,211603456,1676234752,262921940,1449844867,3836,python.exe
2026-08-31T02:30:58.542225+00:00,3.0,211603456,1676304384,262922424,1449845088,3836,python.exe
2026-08-31T02:30:59.055108+00:00,0.0,211603456,1676443648,262922478,1449845889,3836,python.exe
2026-08-31T02:30:59.567362+00:00,3.1,211603456,1693663232,262922588,1449846081,3836,python.exe
2026-08-31T02:31:00.081216+00:00,0.0,211603456,1686564864,262923137,1449846977,3836,python.exe
2026-08-31T02:31:00.598987+00:00,0.0,211603456,1681907712,262926574,1449849937,3836,python.exe
2026-08-31T02:31:01.119716+00:00,0.0,211603456,1641132032,262926629,1449850003,3836,python.exe
2026-08-31T02:31:01.646308+00:00,0.0,211603456,1670828032,262926684,1449850129,3836,python.exe
2026-08-31T02:31:02.163115+00:00,3.0,211603456,1670828032,262926826,1449850264,3836,python.exe
2026-08-31T02:31:02.676945+00:00,0.0,211603456,1688104960,262926881,1449850390,3836,python.exe
2026-08-31T02:31:03.193430+00:00,0.0,211603456,1678467072,262926881,1449850390,3836,python.exe
2026-08-31T02:31:03.707804+00:00,3.0,211603456,1678884864,262926936,1449850516,3836,python.exe
2026-08-31T02:31:04.222009+00:00,0.0,211603456,1682497536,262926936,1449850516,3836,python.exe
2026-08-31T02:31:04.735748+00:00,0.0,211603456,1682620416,262926991,1449850576,3836,python.exe
2026-08-31T02:31:05.250392+00:00,3.0,211603456,1683619840,262927167,1449850760,3836,python.exe
2026-08-31T02:31:05.764132+00:00,0.0,211603456,1684287488,262927314,1449850913,3836,python.exe
2026-08-31T02:31:06.280120+00:00,3.0,211603456,1685078016,262927490,1449850979,3836,python.exe
2026-08-31T02:31:06.796316+00:00,6.1,211603456,1687875584,262927665,1449851336,3836,python.exe
2026-08-31T02:31:07.311153+00:00,0.0,211603456,1734537216,262928062,1449851551,3836,python.exe
2026-08-31T02:31:07.824594+00:00,3.0,211603456,1735213056,262928062,1449851677,3836,python.exe
2026-08-31T02:31:08.340167+00:00,3.0,211603456,1743740928,262928062,1449851677,3836,python.exe
2026-08-31T02:31:08.855714+00:00,0.0,211603456,1752313856,262928117,1449851803,3836,python.exe
2026-08-31T02:31:09.370643+00:00,0.0,211603456,1752526848,262928183,1449851803,3836,python.exe
2026-08-31T02:31:09.888803+00:00,3.0,211603456,1763438592,262928238,1449851929,3836,python.exe
2026-08-31T02:31:10.402557+00:00,3.0,211603456,1789751296,262928292,1449851989,3836,python.exe
2026-08-31T02:31:10.916285+00:00,0.0,211603456,1791406080,262928347,1449852115,3836,python.exe
2026-08-31T02:31:11.431223+00:00,0.0,211603456,1805070336,262928389,1449852175,3836,python.exe
2026-08-31T02:31:11.948475+00:00,0.0,211603456,1799630848,262928444,1449852301,3836,python.exe
2026-08-31T02:31:12.472237+00:00,0.0,211603456,1782747136,262947319,1449863315,3836,python.exe
2026-08-31T02:31:12.991430+00:00,0.0,211603456,1807904768,262949844,1449869807,3836,python.exe
2026-08-31T02:31:13.510333+00:00,3.0,211603456,1790803968,262954135,1449871174,3836,python.exe
2026-08-31T02:31:14.028328+00:00,0.0,211603456,1795670016,262954619,1449871455,3836,python.exe
2026-08-31T02:31:14.544922+00:00,3.0,211603456,1781604352,262954673,1449872132,3836,python.exe
2026-08-31T02:31:15.061262+00:00,3.0,211603456,1783058432,262954854,1449872391,3836,python.exe
2026-08-31T02:31:15.577116+00:00,3.0,211603456,1791135744,262955110,1449872610,3836,python.exe
2026-08-31T02:31:16.094849+00:00,0.0,211603456,1787961344,262955869,1449872670,3836,python.exe
2026-08-31T02:31:16.611957+00:00,0.0,211603456,1792073728,262955978,1449873323,3836,python.exe
2026-08-31T02:31:17.126149+00:00,0.0,211603456,1791111168,262956273,1449873569,3836,python.exe
2026-08-31T02:31:17.645802+00:00,0.0,211603456,1798950912,262957718,1449874379,3836,python.exe
2026-08-31T02:31:18.159553+00:00,0.0,211603456,1792585728,262957848,1449875213,3836,python.exe
2026-08-31T02:31:18.682110+00:00,3.0,211603456,1795764224,262958116,1449875540,3836,python.exe
2026-08-31T02:31:19.195804+00:00,0.0,211603456,1797279744,262958259,1449875674,3836,python.exe
2026-08-31T02:31:19.711612+00:00,0.0,211603456,1796034560,262958939,1449876782,3836,python.exe
2026-08-31T02:31:20.227198+00:00,0.0,211603456,1787101184,262958939,1449876782,3836,python.exe
2026-08-31T02:31:20.741753+00:00,0.0,211603456,1796947968,262959065,1449876975,3836,python.exe
2026-08-31T02:31:21.257704+00:00,0.0,211603456,1794646016,262959189,1449877101,3836,python.exe
2026-08-31T02:31:21.772679+00:00,3.0,211603456,1798504448,262959298,1449877227,3836,python.exe
2026-08-31T02:31:22.286249+00:00,3.0,211603456,1794904064,262973890,1449877815,3836,python.exe
2026-08-31T02:31:22.800051+00:00,0.0,211587072,1795461120,262974197,1449880464,3836,python.exe
2026-08-31T02:31:23.313981+00:00,0.0,211587072,1800601600,262974626,1449880559,3836,python.exe
2026-08-31T02:31:23.830640+00:00,0.0,211587072,1797128192,262974735,1449881422,3836,python.exe
2026-08-31T02:31:24.344667+00:00,0.0,211587072,1794306048,262997620,1449881997,3836,python.exe
2026-08-31T02:31:24.858336+00:00,3.0,211587072,1790365696,262998245,1449885223,3836,python.exe
2026-08-31T02:31:25.372615+00:00,0.0,211587072,1787293696,262998371,1449885497,3836,python.exe
2026-08-31T02:31:25.886338+00:00,3.0,211587072,1787756544,262998628,1449885716,3836,python.exe
2026-08-31T02:31:26.399263+00:00,0.0,211587072,1794715648,262998684,1449885848,3836,python.exe
2026-08-31T02:31:26.914421+00:00,0.0,211587072,1790844928,262998913,1449886139,3836,python.exe
2026-08-31T02:31:27.427029+00:00,3.0,211587072,1802825728,263005019,1449893640,3836,python.exe
2026-08-31T02:31:27.940139+00:00,0.0,211587072,1803292672,263008772,1449899496,3836,python.exe
2026-08-31T02:31:28.455737+00:00,0.0,211587072,1803493376,263009966,1449902885,3836,python.exe
2026-08-31T02:31:28.969166+00:00,3.0,211587072,1798103040,263010829,1449904520,3836,python.exe
2026-08-31T02:31:29.484155+00:00,0.0,211587072,1802334208,263010885,1449904586,3836,python.exe
2026-08-31T02:31:30.002498+00:00,0.0,211587072,1808875520,263010885,1449904586,3836,python.exe
2026-08-31T02:31:30.515909+00:00,3.0,211587072,1807273984,263015608,1449911483,3836,python.exe
2026-08-31T02:31:31.033468+00:00,0.0,211587072,1786748928,263015716,1449920153,3836,python.exe
2026-08-31T02:31:31.546338+00:00,0.0,211603456,1797566464,263015826,1449920598,3836,python.exe
2026-08-31T02:31:32.059785+00:00,0.0,211603456,1791184896,263016068,1449920725,3836,python.exe
2026-08-31T02:31:32.577684+00:00,3.0,211603456,1791696896,263016178,1449920857,3836,python.exe
2026-08-31T02:31:33.091604+00:00,0.0,211603456,1792872448,263016178,1449920857,3836,python.exe
2026-08-31T02:31:33.606511+00:00,0.0,211603456,1790259200,263016717,1449921787,3836,python.exe
2026-08-31T02:31:34.120725+00:00,3.0,211603456,1790173184,263016717,1449921787,3836,python.exe
2026-08-31T02:31:34.637443+00:00,0.0,211603456,1793564672,263016773,1449921787,3836,python.exe
2026-08-31T02:31:35.153312+00:00,3.0,211603456,1793478656,263016895,1449921853,3836,python.exe
2026-08-31T02:31:35.668007+00:00,0.0,211603456,1792983040,263017152,1449922130,3836,python.exe
2026-08-31T02:31:36.181256+00:00,0.0,211603456,1796472832,263017261,1449922256,3836,python.exe
2026-08-31T02:31:36.695635+00:00,0.0,211603456,1797632000,263017691,1449922411,3836,python.exe
2026-08-31T02:31:37.211504+00:00,3.0,211603456,1796562944,263018094,1449923340,3836,python.exe
2026-08-31T02:31:37.726605+00:00,0.0,211603456,1795719168,263018702,1449924314,3836,python.exe
2026-08-31T02:31:38.241337+00:00,0.0,211603456,1800847360,263021909,1449929586,3836,python.exe
2026-08-31T02:31:38.754468+00:00,0.0,211603456,1799122944,263021909,1449929646,3836,python.exe
2026-08-31T02:31:39.268078+00:00,0.0,211603456,1801015296,263021964,1449929712,3836,python.exe
2026-08-31T02:31:39.782132+00:00,0.0,211603456,1800101888,263021964,1449929712,3836,python.exe
2026-08-31T02:31:40.295057+00:00,0.0,211603456,1800949760,263022019,1449929778,3836,python.exe
2026-08-31T02:31:40.809254+00:00,0.0,211603456,1803313152,263022019,1449929778,3836,python.exe
2026-08-31T02:31:41.327979+00:00,6.0,211603456,1805365248,263022074,1449929844,3836,python.exe
2026-08-31T02:31:41.843146+00:00,3.0,211603456,1801773056,263022074,1449929844,3836,python.exe
2026-08-31T02:31:42.356518+00:00,0.0,211603456,1817874432,263026049,1449930386,3836,python.exe
2026-08-31T02:31:42.871423+00:00,3.0,211603456,1811656704,263026211,1449930865,3836,python.exe
2026-08-31T02:31:43.384039+00:00,3.0,211603456,1811922944,263030132,1449931818,3836,python.exe
2026-08-31T02:31:43.899953+00:00,0.0,211603456,1815465984,263030203,1449931952,3836,python.exe
2026-08-31T02:31:44.418375+00:00,0.0,211603456,1822171136,263030258,1449931952,3836,python.exe
2026-08-31T02:31:44.933137+00:00,3.0,211603456,1811234816,263031010,1449934210,3836,python.exe
2026-08-31T02:31:45.450924+00:00,0.0,211603456,1812647936,263031212,1449934373,3836,python.exe
2026-08-31T02:31:45.964982+00:00,0.0,211603456,1817047040,263031414,1449934592,3836,python.exe
2026-08-31T02:31:46.480941+00:00,3.0,211603456,1818853376,263031640,1449934833,3836,python.exe
2026-08-31T02:31:46.995315+00:00,0.0,211603456,1817247744,263031924,1449935130,3836,python.exe
2026-08-31T02:31:47.509496+00:00,0.0,211603456,1820467200,263032071,1449935223,3836,python.exe
2026-08-31T02:31:48.024308+00:00,0.0,211603456,1817522176,263032705,1449936351,3836,python.exe
2026-08-31T02:31:48.539920+00:00,0.0,211603456,1815629824,263033017,1449937081,3836,python.exe
2026-08-31T02:31:49.053585+00:00,0.0,211603456,1805725696,263033285,1449937348,3836,python.exe
2026-08-31T02:31:49.567469+00:00,3.0,211603456,1813176320,263033356,1449937415,3836,python.exe
2026-08-31T02:31:50.082173+00:00,0.0,211603456,1811132416,263033482,1449937548,3836,python.exe
2026-08-31T02:31:50.595731+00:00,3.0,211603456,1812303872,263034485,1449938239,3836,python.exe
2026-08-31T02:31:51.115687+00:00,0.0,211603456,1812123648,263037049,1449939650,3836,python.exe
2026-08-31T02:31:51.633278+00:00,0.0,211603456,1812348928,263037587,1449940957,3836,python.exe
2026-08-31T02:31:52.146301+00:00,0.0,211603456,1811804160,263037713,1449941090,3836,python.exe
2026-08-31T02:31:52.661800+00:00,0.0,211603456,1811464192,263037713,1449941090,3836,python.exe
2026-08-31T02:31:53.174538+00:00,0.0,211603456,1816469504,263037768,1449941090,3836,python.exe
2026-08-31T02:31:53.689048+00:00,0.0,211603456,1816109056,263047701,1449942423,3836,python.exe
2026-08-31T02:31:54.203204+00:00,0.0,211603456,1813204992,263047701,1449942423,3836,python.exe
2026-08-31T02:31:54.717316+00:00,0.0,211603456,1813262336,263047822,1449942489,3836,python.exe
2026-08-31T02:31:55.231338+00:00,3.0,211603456,1814646784,263048464,1449943278,3836,python.exe
2026-08-31T02:31:55.746705+00:00,0.0,211603456,1817624576,263056939,1449950395,3836,python.exe
2026-08-31T02:31:56.288601+00:00,0.0,211603456,1792483328,263061933,1449956607,3836,python.exe
2026-08-31T02:31:56.803909+00:00,0.0,211603456,1800585216,263062096,1449956798,3836,python.exe
2026-08-31T02:31:57.321785+00:00,0.0,211603456,1805340672,263062298,1449956957,3836,python.exe
2026-08-31T02:31:57.835071+00:00,3.0,211603456,1799610368,263062474,1449957023,3836,python.exe
2026-08-31T02:31:58.349872+00:00,0.0,211603456,1808228352,263062529,1449957155,3836,python.exe
2026-08-31T02:31:58.864422+00:00,3.0,211603456,1801625600,263062584,1449957221,3836,python.exe
2026-08-31T02:31:59.380251+00:00,0.0,211603456,1807994880,263062584,1449957221,3836,python.exe
2026-08-31T02:31:59.894328+00:00,0.0,211603456,1814740992,263062694,1449957353,3836,python.exe
2026-08-31T02:32:00.408823+00:00,0.0,211603456,1815330816,263062694,1449957353,3836,python.exe
2026-08-31T02:32:00.924829+00:00,0.0,211603456,1815678976,263062951,1449957702,3836,python.exe
2026-08-31T02:32:01.453495+00:00,3.0,211603456,1816518656,263063177,1449957877,3836,python.exe
2026-08-31T02:32:01.970818+00:00,0.0,211603456,1801203712,263063369,1449958136,3836,python.exe
2026-08-31T02:32:02.484522+00:00,0.0,211603456,1790783488,263063454,1449958196,3836,python.exe
2026-08-31T02:32:02.998432+00:00,0.0,211603456,1794441216,263064118,1449959270,3836,python.exe
2026-08-31T02:32:03.511632+00:00,3.0,211603456,1796079616,263064265,1449959489,3836,python.exe
2026-08-31T02:32:04.033175+00:00,3.0,211603456,1792147456,263064748,1449959644,3836,python.exe
2026-08-31T02:32:04.546903+00:00,0.0,211603456,1790029824,263064802,1449960479,3836,python.exe
2026-08-31T02:32:05.060482+00:00,0.0,211603456,1788010496,263064924,1449960479,3836,python.exe
2026-08-31T02:32:05.575728+00:00,0.0,211603456,1787658240,263065462,1449960938,3836,python.exe
2026-08-31T02:32:06.090523+00:00,3.0,211603456,1785233408,263065516,1449962421,3836,python.exe
2026-08-31T02:32:06.605991+00:00,3.0,211603456,1785237504,263065653,1449962685,3836,python.exe
2026-08-31T02:32:07.120999+00:00,3.0,211603456,1794588672,263065800,1449962778,3836,python.exe
2026-08-31T02:32:07.636402+00:00,3.0,211603456,1794854912,263065855,1449962844,3836,python.exe
2026-08-31T02:32:08.150358+00:00,0.0,211603456,1786589184,263065930,1449962965,3836,python.exe
2026-08-31T02:32:08.663671+00:00,0.0,211603456,1786302464,263065985,1449963031,3836,python.exe
2026-08-31T02:32:09.183446+00:00,0.0,211603456,1793744896,263066504,1449964011,3836,python.exe
2026-08-31T02:32:09.697860+00:00,0.0,211603456,1792905216,263066559,1449964077,3836,python.exe
2026-08-31T02:32:10.212176+00:00,0.0,211603456,1792978944,263066559,1449964077,3836,python.exe
2026-08-31T02:32:10.740851+00:00,3.0,211603456,1794932736,263066614,1449964143,3836,python.exe
2026-08-31T02:32:11.256553+00:00,3.0,211603456,1792122880,263066614,1449964143,3836,python.exe
2026-08-31T02:32:11.773904+00:00,0.0,211603456,1789112320,263066778,1449964335,3836,python.exe
2026-08-31T02:32:12.294628+00:00,0.0,211603456,1801449472,263066871,1449964488,3836,python.exe
2026-08-31T02:32:12.817581+00:00,3.0,211603456,1793413120,263069608,1449965344,3836,python.exe
2026-08-31T02:32:13.332753+00:00,0.0,211603456,1803120640,263074246,1449966418,3836,python.exe
2026-08-31T02:32:13.846290+00:00,0.0,211603456,1795928064,263074448,1449966511,3836,python.exe
2026-08-31T02:32:14.360111+00:00,0.0,211603456,1805160448,263074448,1449966637,3836,python.exe
2026-08-31T02:32:14.872942+00:00,0.0,211603456,1804083200,263074519,1449966704,3836,python.exe
2026-08-31T02:32:15.386330+00:00,0.0,211603456,1808150528,263074629,1449966896,3836,python.exe
2026-08-31T02:32:15.900612+00:00,0.0,211603456,1804255232,263074831,1449967119,3836,python.exe
2026-08-31T02:32:16.414257+00:00,0.0,211603456,1806249984,263075057,1449967360,3836,python.exe
2026-08-31T02:32:16.927395+00:00,0.0,211603456,1806917632,263075314,1449967585,3836,python.exe
2026-08-31T02:32:17.440810+00:00,0.0,211603456,1807015936,263075519,1449967924,3836,python.exe
2026-08-31T02:32:17.954417+00:00,0.0,211603456,1805881344,263075574,1449967990,3836,python.exe
2026-08-31T02:32:18.468424+00:00,0.0,211603456,1806561280,263075846,1449968283,3836,python.exe
2026-08-31T02:32:18.982302+00:00,0.0,211603456,1807519744,263076042,1449968477,3836,python.exe
2026-08-31T02:32:19.495301+00:00,0.0,211603456,1806307328,263076239,1449968677,3836,python.exe
2026-08-31T02:32:20.008058+00:00,0.0,211603456,1800523776,263076384,1449969340,3836,python.exe
2026-08-31T02:32:20.521531+00:00,0.0,211603456,1799557120,263076510,1449969473,3836,python.exe
2026-08-31T02:32:21.083178+00:00,0.0,211603456,1793794048,263077042,1449969676,3836,python.exe
2026-08-31T02:32:21.598137+00:00,0.0,211603456,1788608512,263077741,1449969742,3836,python.exe
2026-08-31T02:32:22.112051+00:00,0.0,211603456,1783902208,263077742,1449969802,3836,python.exe
2026-08-31T02:32:22.628220+00:00,0.0,211603456,1784856576,263078015,1449969962,3836,python.exe
2026-08-31T02:32:23.141993+00:00,0.0,211603456,1782366208,263078087,1449970096,3836,python.exe
2026-08-31T02:32:23.657404+00:00,3.0,211603456,1784426496,263078289,1449970189,3836,python.exe
2026-08-31T02:32:24.182861+00:00,0.0,211603456,1783603200,263078290,1449970255,3836,python.exe
2026-08-31T02:32:24.700317+00:00,3.0,211603456,1783443456,263078290,1449970255,3836,python.exe
2026-08-31T02:32:25.215389+00:00,3.0,211603456,1785540608,263078346,1449970321,3836,python.exe
2026-08-31T02:32:25.729711+00:00,3.0,211603456,1785950208,263078534,1449970508,3836,python.exe
2026-08-31T02:32:26.243667+00:00,0.0,211603456,1792667648,263078592,1449970576,3836,python.exe
2026-08-31T02:32:26.756311+00:00,0.0,211603456,1795354624,263078674,1449970774,3836,python.exe
2026-08-31T02:32:27.269889+00:00,3.0,211603456,1803243520,263078877,1449970933,3836,python.exe
2026-08-31T02:32:27.784402+00:00,0.0,211603456,1800163328,263078878,1449970933,3836,python.exe
2026-08-31T02:32:28.300023+00:00,0.0,211603456,1812996096,263078933,1449970999,3836,python.exe
2026-08-31T02:32:28.812780+00:00,3.0,211603456,1806487552,263079009,1449971120,3836,python.exe
2026-08-31T02:32:29.326633+00:00,0.0,211603456,1814335488,263079064,1449971186,3836,python.exe
2026-08-31T02:32:29.841734+00:00,3.0,211603456,1804840960,263084712,1449977656,3836,python.exe
2026-08-31T02:32:30.357691+00:00,0.0,211603456,1814310912,263084823,1449977848,3836,python.exe
2026-08-31T02:32:30.872427+00:00,3.0,211603456,1805066240,263085026,1449978071,3836,python.exe
2026-08-31T02:32:31.388904+00:00,3.0,211603456,1805950976,263085252,1449978312,3836,python.exe
2026-08-31T02:32:31.900823+00:00,0.0,211603456,1811927040,263085379,1449978445,3836,python.exe
2026-08-31T02:32:32.414402+00:00,0.0,211603456,1817993216,263085635,1449978598,3836,python.exe
2026-08-31T02:32:32.928537+00:00,0.0,211603456,1813635072,263085635,1449978664,3836,python.exe
2026-08-31T02:32:33.441176+00:00,0.0,211603456,1816928256,263085636,1449978664,3836,python.exe
2026-08-31T02:32:33.954185+00:00,0.0,211603456,1811140608,263085839,1449978823,3836,python.exe
2026-08-31T02:32:34.470527+00:00,0.0,211603456,1815838720,263086017,1449978949,3836,python.exe
2026-08-31T02:32:34.985275+00:00,0.0,211603456,1815437312,263086195,1449979015,3836,python.exe
2026-08-31T02:32:35.500418+00:00,3.0,211603456,1812082688,263086304,1449979199,3836,python.exe
2026-08-31T02:32:36.015344+00:00,0.0,211603456,1817923584,263086359,1449979265,3836,python.exe
2026-08-31T02:32:36.529936+00:00,0.0,211603456,1812058112,263086415,1449979331,3836,python.exe
2026-08-31T02:32:37.043401+00:00,3.0,211603456,1809899520,263086695,1449979617,3836,python.exe
2026-08-31T02:32:37.556799+00:00,0.0,211603456,1812291584,263086695,1449979617,3836,python.exe
2026-08-31T02:32:38.069713+00:00,0.0,211603456,1819213824,263086751,1449979683,3836,python.exe
2026-08-31T02:32:38.584522+00:00,3.0,211603456,1811353600,263089974,1449986091,3836,python.exe
2026-08-31T02:32:39.099503+00:00,3.0,211603456,1809154048,263090173,1449988000,3836,python.exe
2026-08-31T02:32:39.615666+00:00,3.0,211603456,1810677760,263090227,1449988060,3836,python.exe
2026-08-31T02:32:40.130072+00:00,0.0,211603456,1818824704,263093022,1449988531,3836,python.exe
2026-08-31T02:32:40.645090+00:00,0.0,211603456,1821794304,263093208,1449989453,3836,python.exe
2026-08-31T02:32:41.158509+00:00,0.0,211603456,1819013120,263093505,1449989639,3836,python.exe
2026-08-31T02:32:41.671648+00:00,0.0,211603456,1818812416,263093505,1449989705,3836,python.exe
2026-08-31T02:32:42.185222+00:00,0.0,211603456,1821413376,263093561,1449989771,3836,python.exe
2026-08-31T02:32:42.698922+00:00,3.0,211603456,1821290496,263096419,1449990415,3836,python.exe
2026-08-31T02:32:43.215704+00:00,0.0,211603456,1820925952,263100343,1449990713,3836,python.exe
2026-08-31T02:32:43.732535+00:00,0.0,211603456,1812287488,263100725,1449991359,3836,python.exe
2026-08-31T02:32:44.248591+00:00,0.0,211603456,1821671424,263100791,1449991359,3836,python.exe
2026-08-31T02:32:44.761280+00:00,3.0,211603456,1814401024,263100917,1449991492,3836,python.exe
2026-08-31T02:32:45.273910+00:00,0.0,211603456,1822736384,263100972,1449991558,3836,python.exe
2026-08-31T02:32:45.786017+00:00,3.1,211603456,1815154688,263101314,1449991988,3836,python.exe
2026-08-31T02:32:46.299021+00:00,0.0,211603456,1818501120,263101497,1449992048,3836,python.exe
2026-08-31T02:32:46.813618+00:00,0.0,211603456,1815330816,263101688,1449992367,3836,python.exe
2026-08-31T02:32:47.328099+00:00,0.0,211603456,1815650304,263101835,1449992460,3836,python.exe
2026-08-31T02:32:47.842371+00:00,0.0,211603456,1822117888,263101890,1449992526,3836,python.exe
2026-08-31T02:32:48.359391+00:00,6.0,211603456,1821798400,263102036,1449992686,3836,python.exe
2026-08-31T02:32:48.872019+00:00,0.0,211603456,1822826496,263102304,1449992953,3836,python.exe
2026-08-31T02:32:49.385414+00:00,3.0,211603456,1822892032,263102521,1449993208,3836,python.exe
2026-08-31T02:32:49.898962+00:00,0.0,211603456,1823064064,263102713,1449993275,3836,python.exe
2026-08-31T02:32:50.414562+00:00,0.0,211603456,1822154752,263103780,1449994662,3836,python.exe
2026-08-31T02:32:50.930830+00:00,0.0,211603456,1820946432,263103906,1449994729,3836,python.exe
2026-08-31T02:32:51.445146+00:00,0.0,211603456,1816739840,263103906,1449994795,3836,python.exe
2026-08-31T02:32:51.959078+00:00,3.0,211603456,1811521536,263106953,1449997327,3836,python.exe
2026-08-31T02:32:52.473484+00:00,0.0,211603456,1809076224,263107226,1449997613,3836,python.exe
2026-08-31T02:32:52.996749+00:00,0.0,211603456,1814171648,263107226,1449997613,3836,python.exe
2026-08-31T02:32:53.512858+00:00,0.0,211603456,1814953984,263107335,1449997739,3836,python.exe
2026-08-31T02:32:54.025823+00:00,3.0,211603456,1818271744,263107482,1449997892,3836,python.exe
2026-08-31T02:32:54.541351+00:00,0.0,211603456,1812803584,263107715,1449998084,3836,python.exe
2026-08-31T02:32:55.054897+00:00,0.0,211603456,1808084992,263107715,1449998084,3836,python.exe
2026-08-31T02:32:55.568946+00:00,0.0,211603456,1811779584,263107841,1449998217,3836,python.exe
2026-08-31T02:32:56.081327+00:00,0.0,211603456,1797373952,263107841,1449998217,3836,python.exe
2026-08-31T02:32:56.595851+00:00,0.0,211603456,1792323584,263107951,1449998349,3836,python.exe
2026-08-31T02:32:57.112020+00:00,0.0,211603456,1795796992,263108098,1449998442,3836,python.exe
2026-08-31T02:32:57.627166+00:00,0.0,211603456,1797492736,263108153,1449998508,3836,python.exe
2026-08-31T02:32:58.139610+00:00,0.0,211603456,1799311360,263108153,1449998508,3836,python.exe
2026-08-31T02:32:58.659200+00:00,3.0,211603456,1801097216,263108208,1449998574,3836,python.exe
2026-08-31T02:32:59.178081+00:00,0.0,211603456,1804578816,263108208,1449998574,3836,python.exe
2026-08-31T02:32:59.694528+00:00,0.0,211603456,1798766592,263108317,1449998634,3836,python.exe
2026-08-31T02:33:00.209304+00:00,3.0,211603456,1795055616,263110967,1449999105,3836,python.exe
2026-08-31T02:33:00.724164+00:00,0.0,211603456,1780748288,263111452,1450000498,3836,python.exe
2026-08-31T02:33:01.241145+00:00,3.0,211603456,1791655936,263111624,1450000624,3836,python.exe
2026-08-31T02:33:01.760568+00:00,0.0,211603456,1767047168,263111678,1450000739,3836,python.exe
2026-08-31T02:33:02.276099+00:00,0.0,211603456,1782652928,263111804,1450000872,3836,python.exe
2026-08-31T02:33:02.791389+00:00,0.0,211603456,1791225856,263112006,1450001031,3836,python.exe
2026-08-31T02:33:03.304778+00:00,0.0,211603456,1790754816,263112061,1450001097,3836,python.exe
2026-08-31T02:33:03.818182+00:00,0.0,211603456,1798934528,263112208,1450001190,3836,python.exe
2026-08-31T02:33:04.331399+00:00,0.0,211603456,1799987200,263112334,1450001324,3836,python.exe
2026-08-31T02:33:04.844015+00:00,0.0,211603456,1801998336,263112334,1450001324,3836,python.exe
2026-08-31T02:33:05.359818+00:00,3.0,211603456,1802227712,263112565,1450001508,3836,python.exe
2026-08-31T02:33:05.876091+00:00,0.0,211603456,1803542528,263112565,1450001508,3836,python.exe
2026-08-31T02:33:06.391489+00:00,0.0,211603456,1800032256,263112620,1450001574,3836,python.exe
2026-08-31T02:33:06.905775+00:00,0.0,211603456,1806336000,263112702,1450001712,3836,python.exe
2026-08-31T02:33:07.420038+00:00,0.0,211603456,1802543104,263112904,1450001871,3836,python.exe
2026-08-31T02:33:07.934025+00:00,0.0,211603456,1809702912,263112978,1450002407,3836,python.exe
2026-08-31T02:33:08.446272+00:00,3.1,211603456,1802027008,263113033,1450002473,3836,python.exe
2026-08-31T02:33:08.960354+00:00,0.0,211603456,1809571840,263113141,1450002764,3836,python.exe
2026-08-31T02:33:09.474804+00:00,0.0,211603456,1802645504,263113196,1450002764,3836,python.exe
2026-08-31T02:33:09.991187+00:00,3.0,211603456,1809952768,263113196,1450002830,3836,python.exe
2026-08-31T02:33:10.505281+00:00,3.0,211603456,1804607488,263113271,1450002951,3836,python.exe
2026-08-31T02:33:11.027574+00:00,0.0,211603456,1812176896,263113466,1450003224,3836,python.exe
2026-08-31T02:33:11.540280+00:00,3.0,211603456,1804779520,263113466,1450003284,3836,python.exe
2026-08-31T02:33:12.053084+00:00,0.0,211603456,1813532672,263113521,1450003350,3836,python.exe
2026-08-31T02:33:12.566540+00:00,3.0,211603456,1804083200,263117426,1450004794,3836,python.exe
2026-08-31T02:33:13.083219+00:00,3.0,211603456,1811763200,263117481,1450004860,3836,python.exe
2026-08-31T02:33:13.597572+00:00,0.0,211603456,1803280384,263121206,1450005697,3836,python.exe
2026-08-31T02:33:14.113211+00:00,0.0,211603456,1803628544,263121408,1450005856,3836,python.exe
2026-08-31T02:33:14.630033+00:00,3.0,211603456,1802825728,263121534,1450006049,3836,python.exe
2026-08-31T02:33:15.145995+00:00,3.0,211603456,1811578880,263121753,1450006307,3836,python.exe
2026-08-31T02:33:15.661224+00:00,3.0,211603456,1803948032,263121955,1450006590,3836,python.exe
2026-08-31T02:33:16.175948+00:00,0.0,211603456,1806127104,263122010,1450006656,3836,python.exe
2026-08-31T02:33:16.690228+00:00,0.0,211603456,1806749696,263122768,1450007237,3836,python.exe
2026-08-31T02:33:17.205726+00:00,0.0,211603456,1805430784,263122970,1450007396,3836,python.exe
2026-08-31T02:33:17.719225+00:00,3.0,211603456,1802129408,263127345,1450011351,3836,python.exe
2026-08-31T02:33:18.233397+00:00,3.0,211603456,1802960896,263127546,1450011511,3836,python.exe
2026-08-31T02:33:18.754361+00:00,0.0,211603456,1798524928,263127688,1450011771,3836,python.exe
2026-08-31T02:33:19.267685+00:00,0.0,211603456,1799225344,263127885,1450011905,3836,python.exe
2026-08-31T02:33:19.781812+00:00,3.0,211603456,1799954432,263128144,1450012225,3836,python.exe
2026-08-31T02:33:20.299592+00:00,0.0,211603456,1799716864,263128198,1450012285,3836,python.exe
2026-08-31T02:33:20.818327+00:00,3.0,211603456,1805795328,263128324,1450012418,3836,python.exe
2026-08-31T02:33:21.332851+00:00,0.0,211603456,1785561088,263128324,1450012478,3836,python.exe
2026-08-31T02:33:21.845289+00:00,0.0,211603456,1787211776,263128421,1450012664,3836,python.exe
2026-08-31T02:33:22.359074+00:00,0.0,211603456,1787043840,263128492,1450012731,3836,python.exe
2026-08-31T02:33:22.874211+00:00,0.0,211603456,1791873024,263128694,1450012950,3836,python.exe
2026-08-31T02:33:23.393372+00:00,0.0,211603456,1790525440,263128749,1450013016,3836,python.exe
2026-08-31T02:33:23.909643+00:00,0.0,211603456,1794727936,263128951,1450013175,3836,python.exe
2026-08-31T02:33:24.426154+00:00,0.0,211603456,1905217536,263128951,1450013235,3836,python.exe
2026-08-31T02:33:24.941440+00:00,0.0,211603456,1951789056,263129006,1450013301,3836,python.exe
2026-08-31T02:33:25.455300+00:00,3.0,211603456,1954906112,263152021,1450016675,3836,python.exe
2026-08-31T02:33:25.968693+00:00,3.0,211603456,1951404032,263152715,1450018774,3836,python.exe
2026-08-31T02:33:26.481451+00:00,0.0,211603456,1948217344,263152769,1450018774,3836,python.exe
2026-08-31T02:33:26.994702+00:00,6.1,211603456,1947832320,263152999,1450019071,3836,python.exe
2026-08-31T02:33:27.570820+00:00,2.7,211603456,1946873856,263160143,1450024166,3836,python.exe
2026-08-31T02:33:28.090996+00:00,0.0,211603456,1936420864,263160252,1450025775,3836,python.exe
2026-08-31T02:33:28.604410+00:00,3.0,211603456,1933053952,263160252,1450025775,3836,python.exe
2026-08-31T02:33:29.117519+00:00,0.0,211603456,1937154048,263160307,1450025835,3836,python.exe
2026-08-31T02:33:29.630377+00:00,3.0,211603456,1937182720,263165181,1450027854,3836,python.exe
2026-08-31T02:33:30.143338+00:00,0.0,211603456,1939853312,263172296,1450029915,3836,python.exe
2026-08-31T02:33:30.657230+00:00,0.0,211603456,1939296256,263175024,1450030790,3836,python.exe
2026-08-31T02:33:31.173657+00:00,0.0,211603456,1940701184,263175438,1450031869,3836,python.exe
2026-08-31T02:33:31.686470+00:00,0.0,211603456,1941553152,263175493,1450031995,3836,python.exe
2026-08-31T02:33:32.202978+00:00,3.0,211603456,1950052352,263175630,1450032062,3836,python.exe
2026-08-31T02:33:32.717969+00:00,0.0,211603456,1936781312,263175832,1450032281,3836,python.exe
2026-08-31T02:33:33.237540+00:00,0.0,211603456,1947258880,263175832,1450032281,3836,python.exe
2026-08-31T02:33:33.752160+00:00,0.0,211603456,1937264640,263175887,1450032407,3836,python.exe
2026-08-31T02:33:34.272713+00:00,0.0,211603456,1944133632,263186200,1450034892,3836,python.exe
2026-08-31T02:33:34.788603+00:00,0.0,211603456,1945722880,263192725,1450077660,3836,python.exe
2026-08-31T02:33:35.303743+00:00,3.0,211603456,1933774848,263196203,1450079345,3836,python.exe
2026-08-31T02:33:35.818742+00:00,3.0,211603456,1904160768,263197574,1450080170,3836,python.exe
2026-08-31T02:33:36.334834+00:00,3.0,211587072,1907314688,263197574,1450080230,3836,python.exe
2026-08-31T02:33:36.849219+00:00,6.1,211587072,1913540608,263197629,1450080356,3836,python.exe
2026-08-31T02:33:37.362665+00:00,0.0,211587072,1911222272,263198743,1450082077,3836,python.exe
2026-08-31T02:33:37.876210+00:00,0.0,211587072,1907716096,263198798,1450082137,3836,python.exe
2026-08-31T02:33:38.389924+00:00,3.0,211587072,1909161984,263198864,1450082203,3836,python.exe
2026-08-31T02:33:38.903555+00:00,0.0,211587072,1914474496,263198919,1450082263,3836,python.exe
2026-08-31T02:33:39.416089+00:00,3.0,211587072,1916166144,263198919,1450082329,3836,python.exe
2026-08-31T02:33:39.934273+00:00,0.0,211587072,1921069056,263199206,1450083018,3836,python.exe
2026-08-31T02:33:40.446616+00:00,3.0,211587072,1923559424,263205041,1450094087,3836,python.exe
2026-08-31T02:33:40.959008+00:00,3.0,211587072,1919959040,263205095,1450094207,3836,python.exe
2026-08-31T02:33:41.471414+00:00,0.0,211587072,1916366848,263205205,1450094339,3836,python.exe
2026-08-31T02:33:41.983735+00:00,0.0,211587072,1914748928,263205205,1450094399,3836,python.exe
2026-08-31T02:33:42.496174+00:00,0.0,211587072,1915707392,263208131,1450095010,3836,python.exe
2026-08-31T02:33:43.034284+00:00,0.0,211587072,1917333504,263208320,1450095223,3836,python.exe
2026-08-31T02:33:43.548322+00:00,0.0,211587072,1915883520,263212399,1450096064,3836,python.exe
2026-08-31T02:33:44.061766+00:00,3.0,211587072,1922580480,263212546,1450096217,3836,python.exe
2026-08-31T02:33:44.575612+00:00,0.0,211587072,1924120576,263213292,1450096349,3836,python.exe
2026-08-31T02:33:45.091290+00:00,3.0,211587072,1922260992,263218441,1450100263,3836,python.exe
2026-08-31T02:33:45.605914+00:00,3.0,211587072,1922433024,263218824,1450100686,3836,python.exe
2026-08-31T02:33:46.122976+00:00,3.0,211587072,1922613248,263218824,1450100686,3836,python.exe
2026-08-31T02:33:46.637028+00:00,3.0,211587072,1922473984,263218961,1450100890,3836,python.exe
2026-08-31T02:33:47.158235+00:00,3.0,211587072,1930756096,263220640,1450101388,3836,python.exe
2026-08-31T02:33:47.672156+00:00,3.0,211587072,1915801600,263220695,1450101508,3836,python.exe
2026-08-31T02:33:48.187783+00:00,3.0,211587072,1924169728,263220896,1450101860,3836,python.exe
2026-08-31T02:33:48.701921+00:00,0.0,211587072,1917984768,263222101,1450102641,3836,python.exe
2026-08-31T02:33:49.215560+00:00,3.0,211587072,1924829184,263222243,1450102901,3836,python.exe
2026-08-31T02:33:49.728360+00:00,0.0,211587072,1915293696,263222385,1450103095,3836,python.exe
2026-08-31T02:33:50.243487+00:00,0.0,211587072,1918398464,263222704,1450103314,3836,python.exe
2026-08-31T02:33:50.755717+00:00,0.0,211587072,1920618496,263226288,1450111312,3836,python.exe
2026-08-31T02:33:51.269224+00:00,0.0,211587072,1921548288,263230119,1450229050,3836,python.exe
2026-08-31T02:33:51.783645+00:00,0.0,211587072,1880989696,263242070,1450250510,3836,python.exe
2026-08-31T02:33:52.301825+00:00,0.0,211587072,1878855680,263248012,1450290805,3836,python.exe
2026-08-31T02:33:52.816439+00:00,0.0,211587072,1891672064,263248159,1450291078,3836,python.exe
2026-08-31T02:33:53.329590+00:00,0.0,211587072,1889910784,263248214,1450291144,3836,python.exe
2026-08-31T02:33:53.846524+00:00,0.0,211587072,1888710656,263251493,1450292690,3836,python.exe
2026-08-31T02:33:54.359901+00:00,0.0,211587072,1889939456,263252156,1450293056,3836,python.exe
2026-08-31T02:33:54.875458+00:00,3.0,211587072,1888186368,263252210,1450293116,3836,python.exe
2026-08-31T02:33:55.390161+00:00,0.0,211587072,1899139072,263252402,1450293249,3836,python.exe
2026-08-31T02:33:55.907190+00:00,0.0,211587072,1908686848,263255611,1450294869,3836,python.exe
2026-08-31T02:33:56.422983+00:00,0.0,211587072,1884438528,263266114,1450298533,3836,python.exe
2026-08-31T02:33:56.939617+00:00,0.0,211587072,1886068736,263266588,1450300247,3836,python.exe
2026-08-31T02:33:57.453538+00:00,3.0,211587072,1886183424,263282756,1450307752,3836,python.exe
2026-08-31T02:33:57.969160+00:00,3.0,211587072,1874677760,263282756,1450307878,3836,python.exe
2026-08-31T02:33:58.481977+00:00,0.0,211587072,1872977920,263282756,1450307878,3836,python.exe
2026-08-31T02:33:58.997671+00:00,3.0,211587072,1879601152,263282811,1450308004,3836,python.exe
2026-08-31T02:33:59.511151+00:00,3.0,211587072,1887993856,263282811,1450308004,3836,python.exe
2026-08-31T02:34:00.035587+00:00,0.0,211587072,1893183488,263284187,1450309137,3836,python.exe
2026-08-31T02:34:00.549164+00:00,0.0,211587072,1890844672,263286800,1450312018,3836,python.exe
2026-08-31T02:34:01.067272+00:00,0.0,211603456,1894223872,263286940,1450312285,3836,python.exe
2026-08-31T02:34:01.583610+00:00,3.0,211607552,1895243776,263286994,1450312345,3836,python.exe
2026-08-31T02:34:02.105236+00:00,0.0,211607552,1848524800,263287120,1450312538,3836,python.exe
2026-08-31T02:34:02.619454+00:00,0.0,211607552,1877635072,263287322,1450312697,3836,python.exe
2026-08-31T02:34:03.132843+00:00,0.0,211607552,1877692416,263287377,1450312823,3836,python.exe
2026-08-31T02:34:03.645702+00:00,3.0,211607552,1877016576,263287377,1450312823,3836,python.exe
2026-08-31T02:34:04.158213+00:00,0.0,211607552,1876803584,263287579,1450313042,3836,python.exe
2026-08-31T02:34:04.670998+00:00,3.0,211607552,1877041152,263287812,1450313168,3836,python.exe
2026-08-31T02:34:05.187227+00:00,0.0,211607552,1880379392,263288031,1450313420,3836,python.exe
2026-08-31T02:34:05.701943+00:00,0.0,211607552,1881686016,263288085,1450313598,3836,python.exe
2026-08-31T02:34:06.215720+00:00,3.0,211607552,1882374144,263288211,1450313726,3836,python.exe
2026-08-31T02:34:06.728462+00:00,3.0,211607552,1889878016,263288293,1450313990,3836,python.exe
2026-08-31T02:34:07.247167+00:00,0.0,211607552,1891184640,263289997,1450314608,3836,python.exe
2026-08-31T02:34:07.768501+00:00,3.0,211607552,1830375424,263297248,1450322397,3836,python.exe
2026-08-31T02:34:08.283532+00:00,0.0,211607552,1799561216,263301777,1450327252,3836,python.exe
2026-08-31T02:34:08.799119+00:00,0.0,211607552,1802907648,263301832,1450327318,3836,python.exe
2026-08-31T02:34:09.329704+00:00,0.0,211607552,1902329856,263301832,1450327318,3836,python.exe
2026-08-31T02:34:09.845976+00:00,0.0,211607552,1902530560,263301887,1450327444,3836,python.exe
2026-08-31T02:34:10.361021+00:00,0.0,211607552,1897304064,263302034,1450327537,3836,python.exe
2026-08-31T02:34:10.876631+00:00,0.0,211607552,1915600896,263302089,1450327663,3836,python.exe
2026-08-31T02:34:11.393195+00:00,0.0,211607552,1922928640,263302089,1450327723,3836,python.exe
2026-08-31T02:34:11.913188+00:00,3.0,211607552,1927643136,263302219,1450327911,3836,python.exe
2026-08-31T02:34:12.431030+00:00,3.0,211607552,1894035456,263305135,1450329255,3836,python.exe
2026-08-31T02:34:12.947851+00:00,0.0,211607552,1857716224,263319983,1450342679,3836,python.exe
2026-08-31T02:34:13.461928+00:00,0.0,211607552,1856638976,263325494,1450344888,3836,python.exe
2026-08-31T02:34:13.981590+00:00,0.0,211607552,1864683520,263325759,1450345167,3836,python.exe
2026-08-31T02:34:14.498254+00:00,3.0,211607552,1857961984,263325921,1450345365,3836,python.exe
2026-08-31T02:34:15.026350+00:00,3.0,211607552,1870417920,263326047,1450345558,3836,python.exe
2026-08-31T02:34:15.540526+00:00,0.0,211607552,1867702272,263326305,1450345848,3836,python.exe
2026-08-31T02:34:16.057867+00:00,3.0,211607552,1873809408,263326360,1450345974,3836,python.exe
2026-08-31T02:34:16.572275+00:00,0.0,211607552,1871892480,263326414,1450346034,3836,python.exe
2026-08-31T02:34:17.085744+00:00,0.0,211607552,1874632704,263328035,1450346214,3836,python.exe
2026-08-31T02:34:17.602466+00:00,0.0,211607552,1867513856,263350963,1450354417,3836,python.exe
2026-08-31T02:34:18.118673+00:00,0.0,211607552,1871024128,263351038,1450354570,3836,python.exe
2026-08-31T02:34:18.634523+00:00,0.0,211607552,1874976768,263351306,1450354837,3836,python.exe
2026-08-31T02:34:19.153842+00:00,0.0,211607552,1877307392,263351448,1450355031,3836,python.exe
2026-08-31T02:34:19.669099+00:00,3.0,211607552,1876262912,263351640,1450355164,3836,python.exe
2026-08-31T02:34:20.185118+00:00,3.0,211607552,1877159936,263351858,1450355384,3836,python.exe
2026-08-31T02:34:20.699976+00:00,3.0,211607552,1858138112,263352105,1450355583,3836,python.exe
2026-08-31T02:34:21.217346+00:00,3.0,211607552,1793433600,263352105,1450355643,3836,python.exe
2026-08-31T02:34:21.732996+00:00,3.0,211607552,1801351168,263352214,1450355769,3836,python.exe
2026-08-31T02:34:22.249699+00:00,3.0,211607552,1837936640,263352351,1450355896,3836,python.exe
2026-08-31T02:34:22.764907+00:00,0.0,211607552,1841557504,263352553,1450356055,3836,python.exe
2026-08-31T02:34:23.279297+00:00,0.0,211607552,1839521792,263352553,1450356115,3836,python.exe
2026-08-31T02:34:23.797153+00:00,3.0,211517440,2189406208,263352608,1450356181,3836,python.exe
2026-08-31T02:34:24.312625+00:00,0.0,211521536,2369220608,263352755,1450356334,3836,python.exe
2026-08-31T02:34:24.826415+00:00,0.0,211521536,2369191936,263352810,1450356400,3836,python.exe
2026-08-31T02:34:25.341007+00:00,3.0,211521536,2369314816,263352881,1450356460,3836,python.exe
2026-08-31T02:34:25.853960+00:00,3.0,211521536,2359652352,263352979,1450356587,3836,python.exe
2026-08-31T02:34:26.368460+00:00,0.0,211521536,2355793920,263353185,1450356920,3836,python.exe
2026-08-31T02:34:26.883126+00:00,0.0,211521536,2364276736,263353311,1450356988,3836,python.exe
2026-08-31T02:34:27.398046+00:00,0.0,211521536,2357313536,263356485,1450362310,3836,python.exe
2026-08-31T02:34:27.912477+00:00,0.0,211521536,2364739584,263356726,1450363232,3836,python.exe
2026-08-31T02:34:28.426862+00:00,3.0,211521536,2358915072,263356781,1450363358,3836,python.exe
2026-08-31T02:34:28.943645+00:00,3.0,211521536,2366451712,263356782,1450363358,3836,python.exe
2026-08-31T02:34:29.462553+00:00,0.0,211521536,2360430592,263356903,1450363484,3836,python.exe
2026-08-31T02:34:29.979398+00:00,0.0,211521536,2364022784,263360085,1450364904,3836,python.exe
2026-08-31T02:34:30.493961+00:00,0.0,211521536,2354933760,263360685,1450365572,3836,python.exe
2026-08-31T02:34:31.020183+00:00,0.0,211521536,2360500224,263360685,1450365572,3836,python.exe
2026-08-31T02:34:31.533569+00:00,0.0,211521536,2361036800,263360740,1450365698,3836,python.exe
2026-08-31T02:34:32.048986+00:00,0.0,211521536,2361585664,263360815,1450365820,3836,python.exe
2026-08-31T02:34:32.563864+00:00,0.0,211521536,2361495552,263360870,1450365946,3836,python.exe
2026-08-31T02:34:33.076874+00:00,3.0,211521536,2362482688,263361017,1450366039,3836,python.exe
2026-08-31T02:34:33.590699+00:00,3.0,211521536,2360012800,263361072,1450366165,3836,python.exe
2026-08-31T02:34:34.104662+00:00,3.0,211521536,2359463936,263361219,1450366258,3836,python.exe
2026-08-31T02:34:34.617868+00:00,0.0,211521536,2356043776,263361275,1450366384,3836,python.exe
2026-08-31T02:34:35.135292+00:00,0.0,211521536,2358484992,263361397,1450366384,3836,python.exe
2026-08-31T02:34:35.647889+00:00,0.0,211521536,2344693760,263361507,1450366562,3836,python.exe
2026-08-31T02:34:36.162719+00:00,0.0,211521536,2346848256,263361507,1450366628,3836,python.exe
2026-08-31T02:34:36.676550+00:00,0.0,211521536,2339966976,263361508,1450366688,3836,python.exe
2026-08-31T02:34:37.191063+00:00,0.0,211521536,2324729856,263361617,1450366814,3836,python.exe
2026-08-31T02:34:37.705576+00:00,0.0,211521536,2331869184,263361700,1450367012,3836,python.exe
2026-08-31T02:34:38.220163+00:00,0.0,211521536,2368884736,263361755,1450367078,3836,python.exe
2026-08-31T02:34:38.734516+00:00,0.0,211521536,2378113024,263361756,1450367138,3836,python.exe
2026-08-31T02:34:39.249943+00:00,0.0,211521536,2377322496,263361812,1450367204,3836,python.exe
2026-08-31T02:34:39.763588+00:00,0.0,211521536,2377994240,263361812,1450367264,3836,python.exe
2026-08-31T02:34:40.278518+00:00,0.0,211521536,2375929856,263365121,1450373481,3836,python.exe
2026-08-31T02:34:40.796265+00:00,6.0,211521536,2377465856,263365247,1450373668,3836,python.exe
2026-08-31T02:34:41.308396+00:00,0.0,211521536,2375557120,263365302,1450373800,3836,python.exe
2026-08-31T02:34:41.823148+00:00,3.0,211521536,2377101312,263365357,1450373926,3836,python.exe
2026-08-31T02:34:42.338410+00:00,3.0,211521536,2371014656,263369006,1450374646,3836,python.exe
2026-08-31T02:34:42.851050+00:00,0.0,211521536,2387410944,263369261,1450375158,3836,python.exe
2026-08-31T02:34:43.364613+00:00,6.1,211521536,2390011904,263373129,1450375709,3836,python.exe
2026-08-31T02:34:43.878966+00:00,0.0,211521536,2389200896,263373184,1450375881,3836,python.exe
2026-08-31T02:34:44.392961+00:00,0.0,211521536,2385002496,263373387,1450375974,3836,python.exe
2026-08-31T02:34:44.907869+00:00,3.0,211521536,2392473600,263373387,1450376100,3836,python.exe
2026-08-31T02:34:45.424550+00:00,0.0,211521536,2394206208,263388664,1450377963,3836,python.exe
2026-08-31T02:34:45.942831+00:00,0.0,211521536,2371297280,263388922,1450378379,3836,python.exe
2026-08-31T02:34:46.456283+00:00,0.0,211521536,2361815040,263389086,1450378379,3836,python.exe
2026-08-31T02:34:46.970167+00:00,0.0,211521536,2377469952,263390754,1450379323,3836,python.exe
2026-08-31T02:34:47.484525+00:00,0.0,211521536,2376507392,263390809,1450379383,3836,python.exe
2026-08-31T02:34:47.999044+00:00,3.0,211521536,2380509184,263390994,1450379668,3836,python.exe
2026-08-31T02:34:48.513352+00:00,0.0,211521536,2392817664,263400500,1450380521,3836,python.exe
2026-08-31T02:34:49.027575+00:00,3.0,211521536,2392514560,263400555,1450380647,3836,python.exe
2026-08-31T02:34:49.541393+00:00,3.0,211521536,2394284032,263400555,1450380647,3836,python.exe
2026-08-31T02:34:50.054042+00:00,3.0,211529728,2393362432,263400757,1450380806,3836,python.exe
2026-08-31T02:34:50.566345+00:00,3.0,211529728,2382884864,263413547,1450389514,3836,python.exe
2026-08-31T02:34:51.079553+00:00,0.0,211529728,2383228928,263414121,1450390500,3836,python.exe
2026-08-31T02:34:51.594140+00:00,3.0,211529728,2382876672,263414206,1450390701,3836,python.exe
2026-08-31T02:34:52.109091+00:00,0.0,211529728,2384498688,263414261,1450390827,3836,python.exe
2026-08-31T02:34:52.622953+00:00,0.0,211529728,2385723392,263414336,1450390949,3836,python.exe
2026-08-31T02:34:53.140942+00:00,0.0,211529728,2386149376,263414538,1450391042,3836,python.exe
2026-08-31T02:34:53.655050+00:00,0.0,211529728,2383519744,263414604,1450391168,3836,python.exe
2026-08-31T02:34:54.168337+00:00,3.0,211529728,2369974272,263430470,1450391550,3836,python.exe
2026-08-31T02:34:54.680988+00:00,3.0,211529728,2365059072,263431257,1450392848,3836,python.exe
2026-08-31T02:34:55.193576+00:00,0.0,211529728,2362351616,263433658,1450393546,3836,python.exe
2026-08-31T02:34:55.706852+00:00,0.0,211529728,2365493248,263442540,1450401955,3836,python.exe
2026-08-31T02:34:56.220116+00:00,0.0,211529728,2322198528,263442540,1450401955,3836,python.exe
2026-08-31T02:34:56.736070+00:00,0.0,211529728,2330705920,263442595,1450402021,3836,python.exe
2026-08-31T02:34:57.252800+00:00,0.0,211529728,2330292224,263442595,1450402021,3836,python.exe
2026-08-31T02:34:57.770657+00:00,0.0,211529728,2335453184,263442786,1450402285,3836,python.exe
2026-08-31T02:34:58.284520+00:00,0.0,211529728,2329845760,263442896,1450402417,3836,python.exe
2026-08-31T02:34:58.798753+00:00,0.0,211529728,2335313920,263443006,1450402549,3836,python.exe
2026-08-31T02:34:59.312740+00:00,3.0,211529728,2329702400,263443006,1450402549,3836,python.exe
2026-08-31T02:34:59.825424+00:00,0.0,211529728,2338684928,263443061,1450402615,3836,python.exe
2026-08-31T02:35:00.341185+00:00,3.0,211529728,2334969856,263446388,1450404460,3836,python.exe
2026-08-31T02:35:00.863172+00:00,3.0,211529728,2304974848,263446646,1450404876,3836,python.exe
2026-08-31T02:35:01.390720+00:00,0.0,211529728,2325262336,263456397,1450406589,3836,python.exe
2026-08-31T02:35:01.923083+00:00,2.9,211529728,2297991168,263461283,1450427706,3836,python.exe
2026-08-31T02:35:02.444951+00:00,3.0,211529728,2278326272,263468022,1450430582,3836,python.exe
2026-08-31T02:35:02.959866+00:00,0.0,211529728,2287153152,263470799,1450436932,3836,python.exe
2026-08-31T02:35:03.478509+00:00,0.0,211529728,2287755264,263471296,1450437873,3836,python.exe
2026-08-31T02:35:03.996360+00:00,0.0,211529728,2278768640,263471351,1450437873,3836,python.exe
2026-08-31T02:35:04.512497+00:00,3.0,211529728,2315743232,263476316,1450438842,3836,python.exe
2026-08-31T02:35:05.028076+00:00,3.0,211529728,2319732736,263476810,1450441765,3836,python.exe
2026-08-31T02:35:05.541824+00:00,3.0,211529728,2324647936,263476919,1450441949,3836,python.exe
2026-08-31T02:35:06.056494+00:00,0.0,211529728,2322014208,263476919,1450441949,3836,python.exe
2026-08-31T02:35:06.576578+00:00,0.0,211529728,2310307840,263476974,1450442015,3836,python.exe
2026-08-31T02:35:07.089737+00:00,6.1,211529728,2308427776,263476974,1450442015,3836,python.exe
2026-08-31T02:35:07.603594+00:00,0.0,211529728,2308321280,263477325,1450442209,3836,python.exe
2026-08-31T02:35:08.116570+00:00,0.0,211529728,2308571136,263477325,1450442269,3836,python.exe
2026-08-31T02:35:08.629078+00:00,0.0,211529728,2308861952,263477446,1450442335,3836,python.exe
2026-08-31T02:35:09.144128+00:00,0.0,211529728,2312359936,263477446,1450442335,3836,python.exe
2026-08-31T02:35:09.659261+00:00,0.0,211529728,2321952768,263477501,1450442401,3836,python.exe
2026-08-31T02:35:10.173222+00:00,0.0,211529728,2319032320,263477834,1450442872,3836,python.exe
2026-08-31T02:35:10.687631+00:00,0.0,211529728,2322591744,263477900,1450442872,3836,python.exe
2026-08-31T02:35:11.201276+00:00,0.0,211529728,2322612224,263477900,1450442932,3836,python.exe
2026-08-31T02:35:11.714110+00:00,0.0,211529728,2323496960,263480677,1450448539,3836,python.exe
2026-08-31T02:35:12.228067+00:00,3.0,211529728,2324062208,263480677,1450448539,3836,python.exe
2026-08-31T02:35:12.742231+00:00,3.0,211529728,2323800064,263484286,1450452527,3836,python.exe
2026-08-31T02:35:13.260484+00:00,0.0,211529728,2318417920,263488544,1450453639,3836,python.exe
2026-08-31T02:35:13.776264+00:00,3.0,211529728,2325614592,263488652,1450454210,3836,python.exe
2026-08-31T02:35:14.289559+00:00,0.0,211529728,2317848576,263488799,1450454303,3836,python.exe
2026-08-31T02:35:14.804161+00:00,0.0,211529728,2321035264,263488931,1450454303,3836,python.exe
2026-08-31T02:35:15.316602+00:00,0.0,211529728,2322841600,263491403,1450460137,3836,python.exe
2026-08-31T02:35:15.831869+00:00,0.0,211529728,2321035264,263491716,1450460493,3836,python.exe
2026-08-31T02:35:16.346652+00:00,3.0,211529728,2318049280,263495216,1450461153,3836,python.exe
2026-08-31T02:35:16.862969+00:00,0.0,211529728,2325483520,263495270,1450461153,3836,python.exe
2026-08-31T02:35:17.382893+00:00,3.0,211529728,2324836352,263497281,1450462862,3836,python.exe
2026-08-31T02:35:17.900554+00:00,0.0,211529728,2332487680,263497417,1450463060,3836,python.exe
2026-08-31T02:35:18.422176+00:00,0.0,211529728,2306191360,263497492,1450463153,3836,python.exe
2026-08-31T02:35:18.965388+00:00,0.0,211529728,2231308288,263497856,1450463586,3836,python.exe
2026-08-31T02:35:19.488179+00:00,3.0,211529728,2230521856,263498957,1450470199,3836,python.exe
2026-08-31T02:35:20.002901+00:00,0.0,211529728,2234576896,263500476,1450476023,3836,python.exe
2026-08-31T02:35:20.516521+00:00,0.0,211529728,2227970048,263504775,1450480371,3836,python.exe
2026-08-31T02:35:21.029984+00:00,0.0,211529728,2237415424,263507197,1450485893,3836,python.exe
2026-08-31T02:35:21.543449+00:00,3.0,211529728,2238083072,263513255,1450505010,3836,python.exe
2026-08-31T02:35:22.058707+00:00,0.0,211529728,2239840256,263514561,1450505863,3836,python.exe
2026-08-31T02:35:22.574730+00:00,6.1,211529728,2260209664,263521017,1450506301,3836,python.exe
2026-08-31T02:35:23.088933+00:00,0.0,211529728,2261217280,263521380,1450507110,3836,python.exe
2026-08-31T02:35:23.606486+00:00,0.0,211529728,2265022464,263521590,1450507532,3836,python.exe
2026-08-31T02:35:24.126308+00:00,0.0,211529728,2260836352,263523488,1450515179,3836,python.exe
2026-08-31T02:35:24.641401+00:00,0.0,211529728,2246115328,263523635,1450515272,3836,python.exe
2026-08-31T02:35:25.156317+00:00,0.0,211529728,2243043328,263523635,1450515272,3836,python.exe
2026-08-31T02:35:25.670865+00:00,0.0,211529728,2248650752,263523635,1450515272,3836,python.exe
2026-08-31T02:35:26.183707+00:00,3.0,211529728,2243268608,263523690,1450515338,3836,python.exe
2026-08-31T02:35:26.697888+00:00,0.0,211529728,2227007488,263547909,1450518779,3836,python.exe
2026-08-31T02:35:27.213766+00:00,0.0,211529728,2211827712,263551460,1450524657,3836,python.exe
2026-08-31T02:35:27.731170+00:00,0.0,211529728,2210103296,263553860,1450530433,3836,python.exe
2026-08-31T02:35:28.244604+00:00,3.0,211529728,2209476608,263555689,1450531880,3836,python.exe
2026-08-31T02:35:28.757589+00:00,0.0,211529728,2213294080,263556500,1450532520,3836,python.exe
2026-08-31T02:35:29.271729+00:00,0.0,211529728,2221383680,263559281,1450539854,3836,python.exe
2026-08-31T02:35:29.786145+00:00,3.0,211529728,2230935552,263565259,1450541932,3836,python.exe
2026-08-31T02:35:30.300149+00:00,0.0,211529728,2232848384,263566594,1450543770,3836,python.exe
2026-08-31T02:35:30.818787+00:00,3.0,211529728,2237874176,263566852,1450544126,3836,python.exe
2026-08-31T02:35:31.339922+00:00,0.0,211529728,2238955520,263566852,1450544126,3836,python.exe
2026-08-31T02:35:31.870169+00:00,2.9,211529728,2229276672,263566907,1450544258,3836,python.exe
2026-08-31T02:35:32.386092+00:00,3.0,211529728,2182832128,263566973,1450544258,3836,python.exe
2026-08-31T02:35:32.899160+00:00,0.0,211529728,2224709632,263572455,1450550952,3836,python.exe
2026-08-31T02:35:33.417476+00:00,0.0,211529728,2222260224,263581561,1450556197,3836,python.exe
2026-08-31T02:35:33.931858+00:00,0.0,211529728,2186264576,263581712,1450557418,3836,python.exe
2026-08-31T02:35:34.445712+00:00,0.0,211529728,2220498944,263581859,1450557511,3836,python.exe
2026-08-31T02:35:34.958721+00:00,0.0,211529728,2226978816,263582063,1450557577,3836,python.exe
2026-08-31T02:35:35.474079+00:00,3.0,211529728,2224836608,263582488,1450557761,3836,python.exe
2026-08-31T02:35:35.986475+00:00,0.0,211529728,2212651008,263583870,1450559068,3836,python.exe
2026-08-31T02:35:36.506590+00:00,0.0,211529728,2219196416,263585621,1450571009,3836,python.exe
2026-08-31T02:35:37.037761+00:00,0.0,211529728,2196291584,263585868,1450571553,3836,python.exe
2026-08-31T02:35:37.557923+00:00,0.0,211529728,2173317120,263585950,1450571691,3836,python.exe
2026-08-31T02:35:38.072724+00:00,0.0,211529728,2205138944,263585950,1450571691,3836,python.exe
2026-08-31T02:35:38.588750+00:00,3.0,211529728,2214928384,263586004,1450571751,3836,python.exe
2026-08-31T02:35:39.107657+00:00,0.0,211529728,2176774144,263586004,1450571751,3836,python.exe
2026-08-31T02:35:39.622315+00:00,3.0,211529728,2203205632,263586469,1450571817,3836,python.exe
2026-08-31T02:35:40.136250+00:00,3.0,211529728,2212040704,263587084,1450572200,3836,python.exe
2026-08-31T02:35:40.652301+00:00,0.0,211529728,2202796032,263588181,1450573899,3836,python.exe
2026-08-31T02:35:41.171499+00:00,6.0,211529728,2228813824,263588953,1450580784,3836,python.exe
2026-08-31T02:35:41.687741+00:00,0.0,211529728,2230530048,263589038,1450580925,3836,python.exe
2026-08-31T02:35:42.202251+00:00,3.0,211529728,2233905152,263589950,1450582136,3836,python.exe
2026-08-31T02:35:42.720703+00:00,0.0,211529728,2212769792,263593896,1450583706,3836,python.exe
2026-08-31T02:35:43.234631+00:00,3.0,211529728,2234777600,263598676,1450584037,3836,python.exe
2026-08-31T02:35:43.747880+00:00,0.0,211529728,2232991744,263599625,1450586196,3836,python.exe
2026-08-31T02:35:44.264136+00:00,3.0,211529728,2235830272,263599896,1450586481,3836,python.exe
2026-08-31T02:35:44.777148+00:00,3.0,211529728,2239574016,263599950,1450586481,3836,python.exe
2026-08-31T02:35:45.290556+00:00,6.1,211529728,2243055616,263599950,1450586481,3836,python.exe
2026-08-31T02:35:45.807370+00:00,0.0,211529728,2247520256,263600208,1450586771,3836,python.exe
2026-08-31T02:35:46.327215+00:00,3.0,211529728,2243977216,263600208,1450586771,3836,python.exe
2026-08-31T02:35:46.841905+00:00,0.0,211529728,2250899456,263600263,1450586837,3836,python.exe
2026-08-31T02:35:47.355254+00:00,0.0,211529728,2246160384,263600263,1450586837,3836,python.exe
2026-08-31T02:35:47.875139+00:00,3.0,211529728,2252730368,263600318,1450586903,3836,python.exe
2026-08-31T02:35:48.388804+00:00,0.0,211529728,2247471104,263600393,1450586996,3836,python.exe
2026-08-31T02:35:48.906075+00:00,0.0,211529728,2256244736,263600393,1450586996,3836,python.exe
2026-08-31T02:35:49.423557+00:00,0.0,211529728,2247262208,263600459,1450586996,3836,python.exe
2026-08-31T02:35:49.936779+00:00,3.0,211529728,2242461696,263601339,1450593902,3836,python.exe
2026-08-31T02:35:50.452811+00:00,0.0,211554304,2245279744,263609339,1450601077,3836,python.exe
2026-08-31T02:35:50.965667+00:00,0.0,211554304,2245455872,263609447,1450601862,3836,python.exe
2026-08-31T02:35:51.480786+00:00,3.0,211554304,2242330624,263610509,1450604620,3836,python.exe
2026-08-31T02:35:51.993186+00:00,3.0,211554304,2242273280,263610509,1450604620,3836,python.exe
2026-08-31T02:35:52.509199+00:00,0.0,211554304,2278948864,263610509,1450604686,3836,python.exe
2026-08-31T02:35:53.024918+00:00,0.0,211554304,2275700736,263610711,1450604845,3836,python.exe
2026-08-31T02:35:53.537192+00:00,0.0,211554304,2275291136,263610786,1450604966,3836,python.exe
2026-08-31T02:35:54.054370+00:00,3.0,211554304,2280898560,263610786,1450604966,3836,python.exe
2026-08-31T02:35:54.566810+00:00,3.0,211554304,2278502400,263610933,1450605059,3836,python.exe
2026-08-31T02:35:55.079919+00:00,0.0,211554304,2281529344,263610933,1450605059,3836,python.exe
2026-08-31T02:35:55.593244+00:00,0.0,211554304,2279993344,263614030,1450610255,3836,python.exe
2026-08-31T02:35:56.108124+00:00,0.0,211554304,2257219584,263614456,1450611350,3836,python.exe
2026-08-31T02:35:56.623056+00:00,3.0,211554304,2249580544,263615548,1450611542,3836,python.exe
2026-08-31T02:35:57.137304+00:00,3.0,211554304,2248675328,263616716,1450612097,3836,python.exe
2026-08-31T02:35:57.654910+00:00,3.0,211554304,2251104256,263627506,1450614535,3836,python.exe
2026-08-31T02:35:58.168506+00:00,3.0,211554304,2252460032,263627680,1450615528,3836,python.exe
2026-08-31T02:35:58.681725+00:00,3.0,211554304,2252976128,263631840,1450621048,3836,python.exe
2026-08-31T02:35:59.196305+00:00,0.0,211587072,2252304384,263632443,1450622114,3836,python.exe
2026-08-31T02:35:59.709480+00:00,0.0,211587072,2253664256,263632443,1450622114,3836,python.exe
2026-08-31T02:36:00.223519+00:00,3.0,211587072,2251411456,263632590,1450622207,3836,python.exe
2026-08-31T02:36:00.745561+00:00,0.0,211587072,2257760256,263632903,1450622563,3836,python.exe
2026-08-31T02:36:01.259132+00:00,0.0,211603456,2253049856,263632903,1450622695,3836,python.exe
2026-08-31T02:36:01.772466+00:00,0.0,211603456,2261049344,263633075,1450622821,3836,python.exe
2026-08-31T02:36:02.286247+00:00,3.0,211603456,2229186560,263633308,1450623013,3836,python.exe
2026-08-31T02:36:02.800530+00:00,0.0,211603456,2234847232,263633374,1450623108,3836,python.exe
2026-08-31T02:36:03.316357+00:00,0.0,211603456,2231611392,263634075,1450624811,3836,python.exe
2026-08-31T02:36:03.830039+00:00,0.0,211603456,2234695680,263634075,1450624811,3836,python.exe
2026-08-31T02:36:04.347171+00:00,0.0,211603456,2235334656,263634276,1450624964,3836,python.exe
2026-08-31T02:36:04.859795+00:00,0.0,211603456,2237140992,263637275,1450626991,3836,python.exe
2026-08-31T02:36:05.374007+00:00,0.0,211603456,2236497920,263638023,1450628637,3836,python.exe
2026-08-31T02:36:05.894598+00:00,0.0,211603456,2231750656,263638143,1450629432,3836,python.exe
2026-08-31T02:36:06.408393+00:00,0.0,211603456,2230566912,263638228,1450629573,3836,python.exe
2026-08-31T02:36:06.922648+00:00,0.0,211603456,2232467456,263638228,1450629573,3836,python.exe
2026-08-31T02:36:07.438865+00:00,0.0,211603456,2237894656,263638294,1450629573,3836,python.exe
2026-08-31T02:36:07.953252+00:00,0.0,211603456,2237890560,263641040,1450631952,3836,python.exe
2026-08-31T02:36:08.467246+00:00,0.0,211603456,2242695168,263641111,1450632020,3836,python.exe
2026-08-31T02:36:08.982175+00:00,3.0,211603456,2237112320,263641111,1450632020,3836,python.exe
2026-08-31T02:36:09.495379+00:00,3.0,211603456,2230243328,263641594,1450632852,3836,python.exe
2026-08-31T02:36:10.009176+00:00,0.0,211603456,2230652928,263641648,1450632997,3836,python.exe
2026-08-31T02:36:10.522654+00:00,0.0,211603456,2243870720,263641795,1450633090,3836,python.exe
2026-08-31T02:36:11.038501+00:00,0.0,211603456,2242588672,263641795,1450633150,3836,python.exe
2026-08-31T02:36:11.556120+00:00,0.0,211603456,2245341184,263641892,1450633336,3836,python.exe
2026-08-31T02:36:12.069008+00:00,0.0,211603456,2248093696,263642321,1450633491,3836,python.exe
2026-08-31T02:36:12.582970+00:00,0.0,211603456,2233753600,263646049,1450635005,3836,python.exe
2026-08-31T02:36:13.098470+00:00,3.0,211603456,2236702720,263646196,1450635098,3836,python.exe
2026-08-31T02:36:13.612228+00:00,0.0,211603456,2250276864,263650157,1450636117,3836,python.exe
2026-08-31T02:36:14.127948+00:00,0.0,211603456,2243837952,263650232,1450636239,3836,python.exe
2026-08-31T02:36:14.642262+00:00,0.0,211603456,2250567680,263650379,1450636332,3836,python.exe
2026-08-31T02:36:15.157152+00:00,0.0,211603456,2245353472,263650434,1450636398,3836,python.exe
2026-08-31T02:36:15.678057+00:00,0.0,211603456,2248167424,263650692,1450636688,3836,python.exe
2026-08-31T02:36:16.192058+00:00,3.0,211603456,2247684096,263650692,1450636688,3836,python.exe
2026-08-31T02:36:16.710993+00:00,3.0,211603456,2258632704,263650747,1450636688,3836,python.exe
2026-08-31T02:36:17.225667+00:00,0.0,211603456,2249719808,263650747,1450636754,3836,python.exe
2026-08-31T02:36:17.738901+00:00,3.0,211603456,2256080896,263650884,1450636958,3836,python.exe
2026-08-31T02:36:18.255858+00:00,0.0,211603456,2273357824,263650959,1450637051,3836,python.exe
2026-08-31T02:36:18.775595+00:00,0.0,211603456,2277789696,263650959,1450637051,3836,python.exe
2026-08-31T02:36:19.288730+00:00,0.0,211603456,2275131392,263651013,1450637111,3836,python.exe
2026-08-31T02:36:19.802871+00:00,0.0,211603456,2281398272,263651013,1450637111,3836,python.exe
2026-08-31T02:36:20.315479+00:00,0.0,211603456,2276151296,263651160,1450637204,3836,python.exe
2026-08-31T02:36:20.829856+00:00,0.0,211603456,2277113856,263651718,1450637961,3836,python.exe
2026-08-31T02:36:21.343357+00:00,0.0,211603456,2276622336,263660003,1450662133,3836,python.exe
2026-08-31T02:36:21.856641+00:00,0.0,211603456,2273648640,263660645,1450666036,3836,python.exe
2026-08-31T02:36:22.371462+00:00,3.0,211603456,2275012608,263660645,1450666036,3836,python.exe
2026-08-31T02:36:22.887075+00:00,0.0,211603456,2277691392,263660645,1450666036,3836,python.exe
2026-08-31T02:36:23.401466+00:00,0.0,211603456,2280656896,263661253,1450666189,3836,python.exe
2026-08-31T02:36:23.923529+00:00,0.0,211603456,2284826624,263661307,1450666336,3836,python.exe
2026-08-31T02:36:24.438057+00:00,6.1,211603456,2279370752,263661454,1450666429,3836,python.exe
2026-08-31T02:36:24.952151+00:00,3.0,211603456,2283110400,263661454,1450666429,3836,python.exe
2026-08-31T02:36:25.466576+00:00,0.0,211603456,2285535232,263661508,1450666489,3836,python.exe
2026-08-31T02:36:25.984921+00:00,9.0,211603456,2280538112,263661509,1450666489,3836,python.exe
2026-08-31T02:36:26.498926+00:00,0.0,211603456,2280411136,263661509,1450666489,3836,python.exe
2026-08-31T02:36:27.019918+00:00,3.0,211603456,2280816640,263661510,1450666489,3836,python.exe
2026-08-31T02:36:27.538615+00:00,0.0,211603456,2278842368,263661510,1450666489,3836,python.exe
2026-08-31T02:36:28.053562+00:00,0.0,211603456,2281992192,263661511,1450666489,3836,python.exe
2026-08-31T02:36:28.567004+00:00,3.0,211603456,2282422272,263661511,1450666489,3836,python.exe
2026-08-31T02:36:29.085852+00:00,3.0,211603456,2283503616,263661583,1450666557,3836,python.exe
2026-08-31T02:36:29.599603+00:00,0.0,211603456,2281775104,263661583,1450666557,3836,python.exe
2026-08-31T02:36:30.113205+00:00,0.0,211603456,2281517056,263661784,1450667007,3836,python.exe
2026-08-31T02:36:30.627605+00:00,0.0,211603456,2283098112,263662041,1450667231,3836,python.exe
2026-08-31T02:36:31.142077+00:00,0.0,211603456,2281672704,263662041,1450667291,3836,python.exe
2026-08-31T02:36:31.654908+00:00,0.0,211603456,2282610688,263662126,1450667432,3836,python.exe
2026-08-31T02:36:32.168907+00:00,0.0,211603456,2283544576,263662181,1450667558,3836,python.exe
2026-08-31T02:36:32.684760+00:00,3.0,211603456,2283782144,263662181,1450667558,3836,python.exe
2026-08-31T02:36:33.197960+00:00,3.0,211603456,2280095744,263662882,1450668610,3836,python.exe
2026-08-31T02:36:33.713636+00:00,0.0,211603456,2280189952,263662882,1450668610,3836,python.exe
2026-08-31T02:36:34.227861+00:00,0.0,211603456,2276364288,263662924,1450668730,3836,python.exe
2026-08-31T02:36:34.740183+00:00,0.0,211603456,2290106368,263663147,1450668945,3836,python.exe
2026-08-31T02:36:35.261090+00:00,0.0,211603456,2274480128,263663270,1450669005,3836,python.exe
2026-08-31T02:36:35.775177+00:00,0.0,211603456,2275315712,263663324,1450669123,3836,python.exe
2026-08-31T02:36:36.288538+00:00,0.0,211603456,2270949376,263663325,1450669183,3836,python.exe
2026-08-31T02:36:36.802910+00:00,0.0,211603456,2271707136,263663325,1450669183,3836,python.exe
2026-08-31T02:36:37.315522+00:00,0.0,211603456,2272239616,263663503,1450669309,3836,python.exe
2026-08-31T02:36:37.832904+00:00,0.0,211603456,2272706560,263663586,1450669447,3836,python.exe
2026-08-31T02:36:38.347730+00:00,0.0,211603456,2277089280,263663661,1450669983,3836,python.exe
2026-08-31T02:36:38.861368+00:00,0.0,211603456,2276954112,263663769,1450670043,3836,python.exe
2026-08-31T02:36:39.376275+00:00,0.0,211603456,2276450304,263663770,1450670043,3836,python.exe
2026-08-31T02:36:39.890784+00:00,3.0,211603456,2276806656,263663824,1450670103,3836,python.exe
2026-08-31T02:36:40.404267+00:00,0.0,211603456,2282749952,263663971,1450670196,3836,python.exe
2026-08-31T02:36:40.917969+00:00,3.0,211603456,2280497152,263664026,1450670262,3836,python.exe
2026-08-31T02:36:41.435471+00:00,0.0,211603456,2279079936,263664081,1450670328,3836,python.exe
2026-08-31T02:36:41.953177+00:00,9.1,211603456,2275246080,263664081,1450670328,3836,python.exe
2026-08-31T02:36:42.466752+00:00,0.0,211603456,2271854592,263666607,1450670692,3836,python.exe
2026-08-31T02:36:42.980481+00:00,0.0,211603456,2272837632,263666661,1450670939,3836,python.exe
2026-08-31T02:36:43.496404+00:00,3.0,211603456,2283442176,263670829,1450671629,3836,python.exe
2026-08-31T02:36:44.011144+00:00,3.0,211603456,2264776704,263671004,1450671689,3836,python.exe
2026-08-31T02:36:44.525671+00:00,0.0,211603456,2257190912,263671152,1450671782,3836,python.exe
2026-08-31T02:36:45.040741+00:00,0.0,211603456,2255114240,263671671,1450672788,3836,python.exe
2026-08-31T02:36:45.559351+00:00,0.0,211603456,2249871360,263671930,1450673138,3836,python.exe
2026-08-31T02:36:46.078513+00:00,3.0,211603456,2253512704,263671930,1450673138,3836,python.exe
2026-08-31T02:36:46.597974+00:00,0.0,211603456,2258141184,263671930,1450673138,3836,python.exe
2026-08-31T02:36:47.111540+00:00,0.0,211603456,2231173120,263672161,1450673330,3836,python.exe
2026-08-31T02:36:47.626222+00:00,0.0,211603456,2253201408,263672217,1450673396,3836,python.exe
2026-08-31T02:36:48.142958+00:00,0.0,211603456,2246184960,263672292,1450673489,3836,python.exe
2026-08-31T02:36:48.658397+00:00,0.0,211603456,2247647232,263672722,1450673644,3836,python.exe
2026-08-31T02:36:49.172932+00:00,0.0,211603456,2243510272,263683981,1450693172,3836,python.exe
2026-08-31T02:36:49.686917+00:00,3.0,211603456,2251825152,263684470,1450696337,3836,python.exe
2026-08-31T02:36:50.201289+00:00,0.0,211603456,2238242816,263690251,1450707808,3836,python.exe
2026-08-31T02:36:50.718453+00:00,3.0,211603456,2242777088,263694523,1450711159,3836,python.exe
2026-08-31T02:36:51.233605+00:00,3.0,211603456,2230636544,263696024,1450711771,3836,python.exe
2026-08-31T02:36:51.753635+00:00,3.0,211603456,2223312896,263701673,1450718235,3836,python.exe
2026-08-31T02:36:52.268757+00:00,0.0,211603456,2229501952,263701673,1450718235,3836,python.exe
2026-08-31T02:36:52.786852+00:00,0.0,211603456,2268508160,263701728,1450718235,3836,python.exe
2026-08-31T02:36:53.303794+00:00,3.0,211603456,2265206784,263701875,1450718394,3836,python.exe
2026-08-31T02:36:53.817623+00:00,3.0,211603456,2279075840,263702154,1450718652,3836,python.exe
2026-08-31T02:36:54.330746+00:00,0.0,211603456,2279108608,263702154,1450718652,3836,python.exe
2026-08-31T02:36:54.845755+00:00,0.0,211603456,2284879872,263702196,1450718712,3836,python.exe
2026-08-31T02:36:55.358943+00:00,0.0,211603456,2279735296,263702196,1450718712,3836,python.exe
2026-08-31T02:36:55.873834+00:00,0.0,211603456,2275205120,263702464,1450719016,3836,python.exe
2026-08-31T02:36:56.387798+00:00,3.0,211603456,2261188608,263702464,1450719016,3836,python.exe
2026-08-31T02:36:56.903037+00:00,3.0,211603456,2264055808,263702604,1450719223,3836,python.exe
2026-08-31T02:36:57.421852+00:00,3.0,211603456,2256793600,263702604,1450719223,3836,python.exe
2026-08-31T02:36:57.936038+00:00,0.0,211603456,2271019008,263702686,1450719361,3836,python.exe
2026-08-31T02:36:58.449370+00:00,3.0,211603456,2267430912,263702686,1450719361,3836,python.exe
2026-08-31T02:36:58.964753+00:00,3.0,211603456,2270236672,263702686,1450719361,3836,python.exe
2026-08-31T02:36:59.478816+00:00,3.0,211603456,2271125504,263702686,1450719361,3836,python.exe
2026-08-31T02:36:59.994440+00:00,0.0,211603456,2274013184,263702686,1450719361,3836,python.exe
2026-08-31T02:37:00.508809+00:00,0.0,211603456,2270658560,263703090,1450719738,3836,python.exe
2026-08-31T02:37:01.031948+00:00,0.0,211603456,2269659136,263703090,1450719738,3836,python.exe
2026-08-31T02:37:01.554900+00:00,0.0,211603456,2272587776,263712174,1450723473,3836,python.exe
2026-08-31T02:37:02.073216+00:00,0.0,211603456,2255417344,263712484,1450742802,3836,python.exe
2026-08-31T02:37:02.589646+00:00,0.0,211603456,2261618688,263712818,1450743176,3836,python.exe
2026-08-31T02:37:03.104254+00:00,0.0,211603456,2261430272,263712889,1450743243,3836,python.exe
2026-08-31T02:37:03.618212+00:00,0.0,211603456,2268631040,263712889,1450743243,3836,python.exe
2026-08-31T02:37:04.132536+00:00,0.0,211603456,2257821696,263712889,1450743243,3836,python.exe
2026-08-31T02:37:04.646494+00:00,0.0,211603456,2263683072,263712889,1450743243,3836,python.exe
2026-08-31T02:37:05.160994+00:00,0.0,211603456,2258030592,263713011,1450743243,3836,python.exe
2026-08-31T02:37:05.675763+00:00,3.0,211603456,2262159360,263713065,1450743361,3836,python.exe
2026-08-31T02:37:06.358672+00:00,0.0,211603456,2255056896,263713913,1450744283,3836,python.exe
2026-08-31T02:37:06.873488+00:00,0.0,211603456,2255233024,263713913,1450744283,3836,python.exe
2026-08-31T02:37:07.387116+00:00,3.0,211603456,2260918272,263713913,1450744283,3836,python.exe
2026-08-31T02:37:07.914003+00:00,3.0,211603456,2272555008,263713913,1450744283,3836,python.exe
2026-08-31T02:37:08.426865+00:00,3.0,211603456,2256990208,263713913,1450744283,3836,python.exe
2026-08-31T02:37:08.940700+00:00,0.0,211603456,2268950528,263713913,1450744283,3836,python.exe
2026-08-31T02:37:09.454077+00:00,0.0,211603456,2259836928,263713913,1450744283,3836,python.exe
2026-08-31T02:37:09.970442+00:00,0.0,211603456,2270937088,263717730,1450751167,3836,python.exe
2026-08-31T02:37:10.483661+00:00,3.0,211603456,2258264064,263720265,1450759203,3836,python.exe
2026-08-31T02:37:10.996703+00:00,0.0,211603456,2264838144,263720451,1450759323,3836,python.exe
2026-08-31T02:37:11.513334+00:00,3.0,211603456,2259251200,263720451,1450759323,3836,python.exe
2026-08-31T02:37:12.028378+00:00,3.0,211603456,2269560832,263720451,1450759383,3836,python.exe
2026-08-31T02:37:12.545727+00:00,3.0,211603456,2260623360,263724293,1450760381,3836,python.exe
2026-08-31T02:37:13.059746+00:00,3.0,211603456,2260975616,263724615,1450760441,3836,python.exe
2026-08-31T02:37:13.574275+00:00,3.0,211603456,2266619904,263728753,1450761394,3836,python.exe
2026-08-31T02:37:14.088453+00:00,0.0,211603456,2268733440,263728753,1450761454,3836,python.exe
2026-08-31T02:37:14.601991+00:00,0.0,211603456,2269286400,263728753,1450761454,3836,python.exe
2026-08-31T02:37:15.114939+00:00,3.0,211603456,2255351808,263728753,1450761454,3836,python.exe
2026-08-31T02:37:15.629707+00:00,0.0,211603456,2267807744,263728956,1450761678,3836,python.exe
2026-08-31T02:37:16.142439+00:00,0.0,211603456,2256732160,263729073,1450761860,3836,python.exe
2026-08-31T02:37:16.655661+00:00,3.0,211603456,2269880320,263729073,1450761860,3836,python.exe
2026-08-31T02:37:17.169111+00:00,0.0,211603456,2254557184,263729074,1450761860,3836,python.exe
2026-08-31T02:37:17.681929+00:00,3.0,211603456,2267291648,263729264,1450762211,3836,python.exe
2026-08-31T02:37:18.195657+00:00,0.0,211603456,2255044608,263729340,1450762304,3836,python.exe
2026-08-31T02:37:18.722872+00:00,3.0,211603456,2265530368,263745142,1450768481,3836,python.exe
2026-08-31T02:37:19.237250+00:00,0.0,211603456,2253893632,263745662,1450769461,3836,python.exe
2026-08-31T02:37:19.752021+00:00,0.0,211603456,2264670208,263745662,1450769461,3836,python.exe
2026-08-31T02:37:20.265043+00:00,3.0,211603456,2255044608,263745810,1450769554,3836,python.exe
2026-08-31T02:37:20.779213+00:00,0.0,211603456,2264371200,263745811,1450769554,3836,python.exe
2026-08-31T02:37:21.291391+00:00,3.1,211603456,2254532608,263745975,1450769818,3836,python.exe
2026-08-31T02:37:21.806139+00:00,0.0,211603456,2264727552,263746061,1450769959,3836,python.exe
2026-08-31T02:37:22.321986+00:00,0.0,211603456,2256572416,263746061,1450769959,3836,python.exe
2026-08-31T02:37:22.835429+00:00,0.0,211603456,2268184576,263746061,1450769959,3836,python.exe
2026-08-31T02:37:23.355824+00:00,3.0,211603456,2257969152,263746061,1450769959,3836,python.exe
2026-08-31T02:37:23.874481+00:00,3.0,211603456,2263924736,263746061,1450769959,3836,python.exe
2026-08-31T02:37:24.388026+00:00,0.0,211603456,2256605184,263746061,1450769959,3836,python.exe
2026-08-31T02:37:24.915976+00:00,5.9,211603456,2272993280,263746061,1450769959,3836,python.exe
2026-08-31T02:37:25.430717+00:00,0.0,211603456,2261241856,263746061,1450769959,3836,python.exe
2026-08-31T02:37:25.943300+00:00,0.0,211603456,2272530432,263746116,1450770025,3836,python.exe
2026-08-31T02:37:26.466441+00:00,0.0,211603456,2262519808,263768919,1450773515,3836,python.exe
2026-08-31T02:37:26.983957+00:00,0.0,211603456,2265223168,263768920,1450773515,3836,python.exe
2026-08-31T02:37:27.501472+00:00,0.0,211603456,2256527360,263768920,1450773515,3836,python.exe
2026-08-31T02:37:28.018121+00:00,0.0,211603456,2262515712,263769679,1450773976,3836,python.exe
2026-08-31T02:37:28.533891+00:00,0.0,211603456,2258157568,263777816,1450800317,3836,python.exe
2026-08-31T02:37:29.047870+00:00,0.0,211603456,2258710528,263777817,1450800377,3836,python.exe
2026-08-31T02:37:29.561183+00:00,0.0,211603456,2259255296,263777817,1450800377,3836,python.exe
2026-08-31T02:37:30.073980+00:00,3.0,211603456,2260492288,263777818,1450800437,3836,python.exe
2026-08-31T02:37:30.588714+00:00,0.0,211603456,2258292736,263779306,1450801409,3836,python.exe
2026-08-31T02:37:31.105114+00:00,0.0,211603456,2249379840,263779378,1450801537,3836,python.exe
2026-08-31T02:37:31.619991+00:00,0.0,211603456,2258403328,263779378,1450801537,3836,python.exe
2026-08-31T02:37:32.132716+00:00,0.0,211603456,2249498624,263779378,1450801597,3836,python.exe
2026-08-31T02:37:32.648263+00:00,0.0,211603456,2260094976,263779499,1450801663,3836,python.exe
2026-08-31T02:37:33.161937+00:00,6.1,211603456,2256642048,263779636,1450801790,3836,python.exe
2026-08-31T02:37:33.676137+00:00,0.0,211603456,2266222592,263779636,1450801790,3836,python.exe
2026-08-31T02:37:34.193440+00:00,0.0,211603456,2257756160,263779691,1450801916,3836,python.exe
2026-08-31T02:37:34.707998+00:00,3.0,211603456,2267914240,263779691,1450801916,3836,python.exe
2026-08-31T02:37:35.222462+00:00,0.0,211603456,2258706432,263779935,1450801976,3836,python.exe
2026-08-31T02:37:35.736553+00:00,0.0,211603456,2271739904,263780045,1450802226,3836,python.exe
2026-08-31T02:37:36.250280+00:00,3.0,211603456,2259865600,263780120,1450802408,3836,python.exe
2026-08-31T02:37:36.765359+00:00,0.0,211603456,2265788416,263780176,1450802468,3836,python.exe
2026-08-31T02:37:37.280726+00:00,0.0,211603456,2255011840,263780218,1450802594,3836,python.exe
2026-08-31T02:37:37.797086+00:00,0.0,211603456,2267140096,263780300,1450802792,3836,python.exe
2026-08-31T02:37:38.317927+00:00,0.0,211603456,2248167424,263787108,1450810053,3836,python.exe
2026-08-31T02:37:38.833813+00:00,0.0,211603456,2219798528,263791949,1450815056,3836,python.exe
2026-08-31T02:37:39.348555+00:00,3.0,211603456,2222125056,263792015,1450815056,3836,python.exe
2026-08-31T02:37:39.866343+00:00,0.0,211603456,2226946048,263792016,1450815116,3836,python.exe
2026-08-31T02:37:40.378855+00:00,3.0,211603456,2222157824,263795088,1450816596,3836,python.exe
2026-08-31T02:37:40.898537+00:00,3.0,211603456,2229702656,263795143,1450816722,3836,python.exe
2026-08-31T02:37:41.412077+00:00,3.0,211603456,2222813184,263795143,1450816722,3836,python.exe
2026-08-31T02:37:41.936841+00:00,3.0,211603456,2228731904,263795198,1450816848,3836,python.exe
2026-08-31T02:37:42.451248+00:00,0.0,211603456,2224082944,263798670,1450817442,3836,python.exe
2026-08-31T02:37:42.964687+00:00,0.0,211603456,2231316480,263798778,1450817861,3836,python.exe
2026-08-31T02:37:43.477508+00:00,0.0,211603456,2223579136,263802872,1450818518,3836,python.exe
2026-08-31T02:37:43.992321+00:00,3.0,211603456,2228199424,263802872,1450818578,3836,python.exe
2026-08-31T02:37:44.506281+00:00,0.0,211603456,2225799168,263802872,1450818578,3836,python.exe
2026-08-31T02:37:45.032873+00:00,3.0,211603456,2227064832,263802872,1450818638,3836,python.exe
2026-08-31T02:37:45.549286+00:00,0.0,211603456,2231341056,263803075,1450818862,3836,python.exe
2026-08-31T02:37:46.064280+00:00,0.0,211603456,2229952512,263803075,1450818922,3836,python.exe
2026-08-31T02:37:46.583004+00:00,0.0,211603456,2223730688,263803075,1450818922,3836,python.exe
2026-08-31T02:37:47.096773+00:00,0.0,211603456,2221834240,263803215,1450819189,3836,python.exe
2026-08-31T02:37:47.609375+00:00,0.0,211603456,2228154368,263803215,1450819189,3836,python.exe
2026-08-31T02:37:48.124260+00:00,0.0,211603456,2222714880,263803290,1450819342,3836,python.exe
2026-08-31T02:37:48.641265+00:00,3.0,211603456,2226282496,263803290,1450819342,3836,python.exe
2026-08-31T02:37:49.156698+00:00,3.0,211603456,2222129152,263803290,1450819402,3836,python.exe
2026-08-31T02:37:49.671445+00:00,3.0,211603456,2227744768,263803407,1450819462,3836,python.exe
2026-08-31T02:37:50.185023+00:00,0.0,211603456,2222919680,263803407,1450819522,3836,python.exe
2026-08-31T02:37:50.698198+00:00,3.0,211603456,2228305920,263807400,1450831413,3836,python.exe
2026-08-31T02:37:51.211353+00:00,0.0,211603456,2222854144,263807471,1450831541,3836,python.exe
2026-08-31T02:37:51.727311+00:00,0.0,211603456,2227154944,263808062,1450832728,3836,python.exe
2026-08-31T02:37:52.240900+00:00,0.0,211603456,2223366144,263808062,1450832788,3836,python.exe
2026-08-31T02:37:52.755644+00:00,3.0,211603456,2227585024,263808062,1450832788,3836,python.exe
2026-08-31T02:37:53.269134+00:00,0.0,211603456,2223165440,263808062,1450832848,3836,python.exe
2026-08-31T02:37:53.782764+00:00,0.0,211603456,2227310592,263808062,1450832848,3836,python.exe
2026-08-31T02:37:54.296682+00:00,0.0,211603456,2223837184,263808062,1450832908,3836,python.exe
2026-08-31T02:37:54.808975+00:00,0.0,211603456,2227429376,263808062,1450832908,3836,python.exe
2026-08-31T02:37:55.327978+00:00,0.0,211603456,2223665152,263808117,1450833034,3836,python.exe
2026-08-31T02:37:55.843925+00:00,0.0,211603456,2226860032,263808237,1450833207,3836,python.exe
2026-08-31T02:37:56.371243+00:00,0.0,211603456,2188103680,263808237,1450833207,3836,python.exe
2026-08-31T02:37:56.887358+00:00,0.0,211603456,2201579520,263808312,1450833329,3836,python.exe
2026-08-31T02:37:57.401532+00:00,3.0,211603456,2190499840,263817916,1450834727,3836,python.exe
2026-08-31T02:37:57.917743+00:00,0.0,211603456,2198958080,263817998,1450834865,3836,python.exe
2026-08-31T02:37:58.430822+00:00,0.0,211603456,2190372864,263817998,1450834865,3836,python.exe
2026-08-31T02:37:58.950294+00:00,0.0,211603456,2201554944,263817998,1450834865,3836,python.exe
2026-08-31T02:37:59.467301+00:00,3.0,211603456,2204815360,263823626,1450841869,3836,python.exe
2026-08-31T02:37:59.984101+00:00,3.0,211603456,2216353792,263824109,1450842765,3836,python.exe
2026-08-31T02:38:00.504465+00:00,0.0,211603456,2204250112,263827337,1450844531,3836,python.exe
2026-08-31T02:38:01.039546+00:00,0.0,211603456,2174607360,263827337,1450844531,3836,python.exe
2026-08-31T02:38:01.558583+00:00,0.0,211603456,2196430848,263827337,1450844531,3836,python.exe
2026-08-31T02:38:02.099553+00:00,2.9,211603456,2198622208,263827337,1450844531,3836,python.exe
2026-08-31T02:38:02.615050+00:00,3.0,211603456,2202943488,263827337,1450844531,3836,python.exe
2026-08-31T02:38:03.127314+00:00,0.0,211603456,2187182080,263827408,1450844598,3836,python.exe
2026-08-31T02:38:03.640255+00:00,0.0,211603456,2199465984,263827408,1450844598,3836,python.exe
2026-08-31T02:38:04.153545+00:00,0.0,211603456,2193002496,263827408,1450844598,3836,python.exe
2026-08-31T02:38:04.667306+00:00,0.0,211587072,2205405184,263827408,1450844598,3836,python.exe
2026-08-31T02:38:05.183110+00:00,0.0,211587072,2195525632,263827530,1450844598,3836,python.exe
2026-08-31T02:38:05.696208+00:00,0.0,211587072,2205437952,263827584,1450844716,3836,python.exe
2026-08-31T02:38:06.210314+00:00,0.0,211587072,2194366464,263827584,1450844716,3836,python.exe
2026-08-31T02:38:06.735306+00:00,3.0,211587072,2206011392,263827584,1450844716,3836,python.exe
2026-08-31T02:38:07.251497+00:00,0.0,211587072,2196996096,263827584,1450844716,3836,python.exe
2026-08-31T02:38:07.766867+00:00,0.0,211587072,2194337792,263827584,1450844716,3836,python.exe
2026-08-31T02:38:08.283214+00:00,0.0,211587072,2194325504,263827584,1450844716,3836,python.exe
2026-08-31T02:38:08.798348+00:00,0.0,211587072,2266066944,263827584,1450844716,3836,python.exe
2026-08-31T02:38:09.313055+00:00,0.0,211587072,2262847488,263827584,1450844716,3836,python.exe
2026-08-31T02:38:09.830100+00:00,0.0,211587072,2251509760,263827584,1450844716,3836,python.exe
2026-08-31T02:38:10.343913+00:00,0.0,211587072,2239037440,263827731,1450844809,3836,python.exe
2026-08-31T02:38:10.859109+00:00,0.0,211587072,2211069952,263827731,1450844809,3836,python.exe
2026-08-31T02:38:11.381532+00:00,0.0,211587072,2208636928,263827731,1450844809,3836,python.exe
2026-08-31T02:38:11.898260+00:00,3.0,211587072,2205614080,263827942,1450845084,3836,python.exe
2026-08-31T02:38:12.417142+00:00,0.0,211587072,2205958144,263831076,1450845655,3836,python.exe
2026-08-31T02:38:12.934345+00:00,3.0,211587072,2172010496,263833519,1450847478,3836,python.exe
2026-08-31T02:38:13.450966+00:00,0.0,211587072,2160807936,263850572,1450862471,3836,python.exe
2026-08-31T02:38:13.965521+00:00,3.0,211587072,2169839616,263850626,1450862531,3836,python.exe
2026-08-31T02:38:14.482636+00:00,3.0,211587072,2167943168,263850718,1450863054,3836,python.exe
2026-08-31T02:38:14.999060+00:00,3.0,211587072,2172567552,263850718,1450863054,3836,python.exe
2026-08-31T02:38:15.515385+00:00,0.0,211587072,2162049024,263850976,1450863344,3836,python.exe
2026-08-31T02:38:16.032460+00:00,0.0,211587072,2168999936,263854102,1450870495,3836,python.exe
2026-08-31T02:38:16.547187+00:00,3.0,211587072,2166444032,263854245,1450871469,3836,python.exe
2026-08-31T02:38:17.061989+00:00,0.0,211587072,2178174976,263854245,1450871469,3836,python.exe
2026-08-31T02:38:17.579192+00:00,0.0,211587072,2163396608,263857883,1450875362,3836,python.exe
2026-08-31T02:38:18.101036+00:00,6.0,211640320,2175496192,263857958,1450875455,3836,python.exe
2026-08-31T02:38:18.616438+00:00,0.0,211640320,2155982848,263857958,1450875455,3836,python.exe
2026-08-31T02:38:19.134628+00:00,3.0,211640320,2149199872,263857958,1450875455,3836,python.exe
2026-08-31T02:38:19.656919+00:00,0.0,211636224,2153193472,263858013,1450875521,3836,python.exe
2026-08-31T02:38:20.171765+00:00,0.0,211636224,2154315776,263858013,1450875521,3836,python.exe
2026-08-31T02:38:20.690575+00:00,0.0,211636224,2144354304,263858336,1450875680,3836,python.exe
2026-08-31T02:38:21.209398+00:00,3.0,211636224,2147848192,263858378,1450875740,3836,python.exe
2026-08-31T02:38:21.728493+00:00,3.0,211636224,2137567232,263860439,1450876480,3836,python.exe
2026-08-31T02:38:22.244850+00:00,0.0,211636224,2132553728,263862061,1450878775,3836,python.exe
2026-08-31T02:38:22.759480+00:00,0.0,211636224,2131763200,263862061,1450878775,3836,python.exe
2026-08-31T02:38:23.273384+00:00,0.0,211636224,2129039360,263865390,1450882110,3836,python.exe
2026-08-31T02:38:23.786485+00:00,3.0,211636224,2148958208,263865510,1450882110,3836,python.exe
2026-08-31T02:38:24.304318+00:00,3.0,211636224,2152345600,263865510,1450882110,3836,python.exe
2026-08-31T02:38:24.820423+00:00,0.0,211636224,2158796800,263865510,1450882110,3836,python.exe
2026-08-31T02:38:25.334966+00:00,0.0,211636224,2251022336,263865688,1450882236,3836,python.exe
2026-08-31T02:38:25.847966+00:00,3.0,211636224,2324680704,263866117,1450882331,3836,python.exe
2026-08-31T02:38:26.362182+00:00,0.0,211636224,2324647936,263866171,1450883132,3836,python.exe
2026-08-31T02:38:26.885298+00:00,0.0,211636224,2326581248,263866226,1450883198,3836,python.exe
2026-08-31T02:38:27.401164+00:00,0.0,211636224,2324779008,263868810,1450883603,3836,python.exe
2026-08-31T02:38:27.915530+00:00,0.0,211636224,2311729152,263869062,1450884527,3836,python.exe
2026-08-31T02:38:28.429372+00:00,0.0,211636224,2319831040,263869062,1450884527,3836,python.exe
2026-08-31T02:38:28.942294+00:00,3.0,211636224,2319220736,263869062,1450884527,3836,python.exe
2026-08-31T02:38:29.456607+00:00,0.0,211636224,2317950976,263869062,1450884527,3836,python.exe
2026-08-31T02:38:29.969228+00:00,3.0,211636224,2320781312,263874877,1450890975,3836,python.exe
2026-08-31T02:38:30.482398+00:00,0.0,211636224,2318278656,263875080,1450891199,3836,python.exe
2026-08-31T02:38:30.999909+00:00,0.0,211636224,2323136512,263875080,1450891199,3836,python.exe
2026-08-31T02:38:31.514127+00:00,0.0,211689472,2318123008,263875080,1450891199,3836,python.exe
2026-08-31T02:38:32.028267+00:00,3.0,211689472,2320629760,263875617,1450892161,3836,python.exe
2026-08-31T02:38:32.543059+00:00,3.0,211689472,2318188544,263875688,1450892229,3836,python.exe
2026-08-31T02:38:33.064584+00:00,6.0,211689472,2321530880,263876187,1450892451,3836,python.exe
2026-08-31T02:38:33.577296+00:00,3.0,211689472,2317901824,263876670,1450893347,3836,python.exe
2026-08-31T02:38:34.095445+00:00,0.0,211689472,2321657856,263876988,1450894280,3836,python.exe
2026-08-31T02:38:34.610118+00:00,0.0,211689472,2298232832,263889062,1450936707,3836,python.exe
2026-08-31T02:38:35.126383+00:00,0.0,211689472,2284670976,263897507,1450941800,3836,python.exe
2026-08-31T02:38:35.642394+00:00,0.0,211689472,2285395968,263897615,1450942659,3836,python.exe
2026-08-31T02:38:36.156152+00:00,0.0,211689472,2280316928,263897615,1450942719,3836,python.exe
2026-08-31T02:38:36.668800+00:00,0.0,211689472,2266927104,263898736,1450943211,3836,python.exe
2026-08-31T02:38:37.181189+00:00,3.0,211689472,2272174080,263899876,1450945007,3836,python.exe
2026-08-31T02:38:37.700032+00:00,0.0,211689472,2291445760,263900552,1450946247,3836,python.exe
2026-08-31T02:38:38.214266+00:00,3.0,211689472,2289553408,263900552,1450946247,3836,python.exe
2026-08-31T02:38:38.729500+00:00,0.0,211689472,2281152512,263900552,1450946247,3836,python.exe
2026-08-31T02:38:39.243317+00:00,0.0,211689472,2281648128,263900552,1450946247,3836,python.exe
2026-08-31T02:38:39.756810+00:00,0.0,211689472,2279354368,263900552,1450946247,3836,python.exe
2026-08-31T02:38:40.269740+00:00,3.0,211689472,2280366080,263903629,1450947574,3836,python.exe
2026-08-31T02:38:40.783801+00:00,0.0,211689472,2285613056,263906346,1450953115,3836,python.exe
2026-08-31T02:38:41.297337+00:00,0.0,211689472,2283646976,263906401,1450953181,3836,python.exe
2026-08-31T02:38:41.814083+00:00,0.0,211689472,2285752320,263906401,1450953181,3836,python.exe
2026-08-31T02:38:42.329108+00:00,0.0,211689472,2284318720,263906498,1450953307,3836,python.exe
2026-08-31T02:38:42.847739+00:00,0.0,211689472,2286850048,263909178,1450953792,3836,python.exe
2026-08-31T02:38:43.360371+00:00,0.0,211689472,2297532416,263913448,1450954871,3836,python.exe
2026-08-31T02:38:43.874350+00:00,3.0,211689472,2303606784,263913619,1450954931,3836,python.exe
2026-08-31T02:38:44.388136+00:00,0.0,211689472,2301296640,263913619,1450954931,3836,python.exe
2026-08-31T02:38:44.902138+00:00,3.0,211689472,2299363328,263913619,1450954931,3836,python.exe
2026-08-31T02:38:45.416048+00:00,0.0,211689472,2302226432,263916193,1450954931,3836,python.exe
2026-08-31T02:38:45.929440+00:00,0.0,211689472,2299920384,263916532,1450955806,3836,python.exe
2026-08-31T02:38:46.444227+00:00,0.0,211689472,2303135744,263916532,1450955806,3836,python.exe
2026-08-31T02:38:46.958459+00:00,3.0,211689472,2305761280,263916532,1450955806,3836,python.exe
2026-08-31T02:38:47.472232+00:00,0.0,211689472,2306002944,263918213,1450956304,3836,python.exe
2026-08-31T02:38:47.987166+00:00,0.0,211689472,2301460480,263918288,1450956397,3836,python.exe
2026-08-31T02:38:48.501890+00:00,0.0,211689472,2304593920,263918288,1450956397,3836,python.exe
2026-08-31T02:38:49.035735+00:00,0.0,211689472,2305728512,263918288,1450956397,3836,python.exe
2026-08-31T02:38:49.550786+00:00,3.0,211689472,2307059712,263918288,1450956397,3836,python.exe
2026-08-31T02:38:50.064510+00:00,0.0,211689472,2306244608,263918288,1450956397,3836,python.exe
2026-08-31T02:38:50.577968+00:00,0.0,211689472,2304446464,263920218,1450957959,3836,python.exe
2026-08-31T02:38:51.092670+00:00,0.0,211689472,2300669952,263925556,1450980094,3836,python.exe
2026-08-31T02:38:51.612746+00:00,3.0,211689472,2286501888,263933096,1451100469,3836,python.exe
2026-08-31T02:38:52.126127+00:00,0.0,211689472,2253586432,263947659,1451148668,3836,python.exe
2026-08-31T02:38:52.639376+00:00,0.0,211689472,2251419648,263950273,1451151135,3836,python.exe
2026-08-31T02:38:53.152620+00:00,6.1,211689472,2256056320,263950327,1451151282,3836,python.exe
2026-08-31T02:38:53.666324+00:00,0.0,211689472,2257395712,263950405,1451151342,3836,python.exe
2026-08-31T02:38:54.181259+00:00,0.0,211689472,2259226624,263952367,1451151925,3836,python.exe
2026-08-31T02:38:54.697961+00:00,0.0,211689472,2271092736,263955173,1451153300,3836,python.exe
2026-08-31T02:38:55.212283+00:00,0.0,211689472,2270515200,263955173,1451153300,3836,python.exe
2026-08-31T02:38:55.726084+00:00,0.0,211689472,2272661504,263958328,1451154627,3836,python.exe
2026-08-31T02:38:56.248411+00:00,0.0,211689472,2257768448,263958328,1451154687,3836,python.exe
2026-08-31T02:38:56.763057+00:00,3.0,211689472,2254737408,263958383,1451154813,3836,python.exe
2026-08-31T02:38:57.276993+00:00,0.0,211689472,2256379904,263969038,1451155491,3836,python.exe
2026-08-31T02:38:57.789138+00:00,0.0,211689472,2261544960,263969120,1451155629,3836,python.exe
2026-08-31T02:38:58.302516+00:00,0.0,211689472,2266886144,263969250,1451155817,3836,python.exe
2026-08-31T02:38:58.815895+00:00,0.0,211689472,2269999104,263969360,1451155943,3836,python.exe
2026-08-31T02:38:59.330572+00:00,0.0,211689472,2262786048,263969360,1451155943,3836,python.exe
2026-08-31T02:38:59.847293+00:00,0.0,211689472,2276270080,263969360,1451155943,3836,python.exe
2026-08-31T02:39:00.361319+00:00,0.0,211689472,2251878400,263969360,1451155943,3836,python.exe
2026-08-31T02:39:00.875532+00:00,3.0,211689472,2261245952,263969673,1451156299,3836,python.exe
2026-08-31T02:39:01.389008+00:00,0.0,211689472,2275848192,263969673,1451156299,3836,python.exe
2026-08-31T02:39:01.906029+00:00,3.0,211689472,2249990144,263969673,1451156299,3836,python.exe
2026-08-31T02:39:02.420717+00:00,0.0,211689472,2241736704,263969758,1451156440,3836,python.exe
2026-08-31T02:39:02.934530+00:00,6.1,211689472,2249625600,263969813,1451156506,3836,python.exe
2026-08-31T02:39:03.447791+00:00,3.0,211689472,2250944512,263969926,1451156633,3836,python.exe
2026-08-31T02:39:03.965392+00:00,0.0,211689472,2251239424,263969926,1451156633,3836,python.exe
2026-08-31T02:39:04.478716+00:00,3.0,211689472,2252890112,263969926,1451156633,3836,python.exe
2026-08-31T02:39:04.993829+00:00,0.0,211689472,2261884928,263969926,1451156633,3836,python.exe
2026-08-31T02:39:05.507743+00:00,0.0,211689472,2252099584,263970102,1451156751,3836,python.exe
2026-08-31T02:39:06.021151+00:00,3.0,211689472,2261409792,263970102,1451156751,3836,python.exe
2026-08-31T02:39:06.534236+00:00,0.0,211689472,2251264000,263974367,1451162867,3836,python.exe
2026-08-31T02:39:07.052944+00:00,0.0,211689472,2249236480,263976381,1451168290,3836,python.exe
2026-08-31T02:39:07.602794+00:00,0.0,211689472,2252505088,263996861,1451171215,3836,python.exe
2026-08-31T02:39:08.117108+00:00,0.0,211689472,2267459584,263999281,1451172584,3836,python.exe
2026-08-31T02:39:08.631754+00:00,3.0,211689472,2264989696,263999402,1451172650,3836,python.exe
2026-08-31T02:39:09.145698+00:00,0.0,211689472,2266079232,263999402,1451172710,3836,python.exe
2026-08-31T02:39:09.659425+00:00,0.0,211689472,2266669056,263999468,1451172710,3836,python.exe
2026-08-31T02:39:10.172250+00:00,3.0,211689472,2269061120,263999468,1451172770,3836,python.exe
2026-08-31T02:39:10.685712+00:00,0.0,211689472,2279215104,263999468,1451172770,3836,python.exe
2026-08-31T02:39:11.204927+00:00,0.0,211689472,2283327488,263999468,1451172830,3836,python.exe
2026-08-31T02:39:11.723621+00:00,0.0,211689472,2279522304,263999767,1451173082,3836,python.exe
2026-08-31T02:39:12.236841+00:00,0.0,211689472,2280402944,263999767,1451173082,3836,python.exe
2026-08-31T02:39:12.751251+00:00,3.0,211689472,2287620096,264003460,1451174095,3836,python.exe
2026-08-31T02:39:13.264988+00:00,3.0,211689472,2283917312,264008700,1451174640,3836,python.exe
2026-08-31T02:39:13.778540+00:00,0.0,211689472,2282422272,264009072,1451175799,3836,python.exe
2026-08-31T02:39:14.292455+00:00,3.0,211689472,2284634112,264009072,1451175799,3836,python.exe
2026-08-31T02:39:14.805818+00:00,0.0,211689472,2291646464,264009072,1451175799,3836,python.exe
2026-08-31T02:39:15.323341+00:00,0.0,211689472,2294235136,264009127,1451175865,3836,python.exe
2026-08-31T02:39:15.837545+00:00,3.0,211689472,2318663680,264009451,1451176155,3836,python.exe
2026-08-31T02:39:16.350301+00:00,0.0,211689472,2317828096,264009451,1451176155,3836,python.exe
2026-08-31T02:39:16.863657+00:00,0.0,211689472,2316849152,264009506,1451176221,3836,python.exe
2026-08-31T02:39:17.377410+00:00,0.0,211689472,2318671872,264011792,1451177029,3836,python.exe
2026-08-31T02:39:17.891585+00:00,0.0,211689472,2326851584,264012757,1451182734,3836,python.exe
2026-08-31T02:39:18.406666+00:00,0.0,211689472,2321780736,264012832,1451182827,3836,python.exe
2026-08-31T02:39:18.920686+00:00,0.0,211689472,2330009600,264013062,1451182949,3836,python.exe
2026-08-31T02:39:19.433811+00:00,3.0,211689472,2323996672,264013063,1451183383,3836,python.exe
2026-08-31T02:39:19.954650+00:00,0.0,211689472,2330423296,264013063,1451183383,3836,python.exe
2026-08-31T02:39:20.467202+00:00,3.0,211689472,2332975104,264013064,1451183383,3836,python.exe
2026-08-31T02:39:20.980300+00:00,3.0,211689472,2334912512,264013064,1451183383,3836,python.exe
2026-08-31T02:39:21.495497+00:00,0.0,211689472,2336550912,264013172,1451183686,3836,python.exe
2026-08-31T02:39:22.009041+00:00,0.0,211689472,2338271232,264013172,1451183686,3836,python.exe
2026-08-31T02:39:22.523208+00:00,0.0,211689472,2347503616,264013172,1451183686,3836,python.exe
2026-08-31T02:39:23.047459+00:00,6.0,211689472,2346364928,264013172,1451183686,3836,python.exe
2026-08-31T02:39:23.563522+00:00,0.0,211689472,2363355136,264013937,1451184288,3836,python.exe
2026-08-31T02:39:24.079337+00:00,0.0,211689472,2372493312,264016441,1451191811,3836,python.exe
2026-08-31T02:39:24.592926+00:00,3.0,211689472,2344730624,264016483,1451191871,3836,python.exe
2026-08-31T02:39:25.108458+00:00,0.0,211689472,2343948288,264016483,1451191871,3836,python.exe
2026-08-31T02:39:25.622393+00:00,0.0,211689472,2346131456,264016483,1451191871,3836,python.exe
2026-08-31T02:39:26.137554+00:00,3.0,211689472,2345648128,264016539,1451191937,3836,python.exe
2026-08-31T02:39:26.651453+00:00,3.0,211689472,2354089984,264016539,1451191937,3836,python.exe
2026-08-31T02:39:27.165533+00:00,3.0,211689472,2352766976,264016625,1451192078,3836,python.exe
2026-08-31T02:39:27.681760+00:00,0.0,211689472,2355834880,264020089,1451193597,3836,python.exe
2026-08-31T02:39:28.197046+00:00,0.0,211689472,2354860032,264022901,1451195976,3836,python.exe
2026-08-31T02:39:28.712085+00:00,0.0,211689472,2355957760,264022956,1451195976,3836,python.exe
2026-08-31T02:39:29.228730+00:00,0.0,211689472,2358317056,264022957,1451196042,3836,python.exe
2026-08-31T02:39:29.743167+00:00,0.0,211689472,2362544128,264026113,1451197309,3836,python.exe
2026-08-31T02:39:30.257173+00:00,0.0,211689472,2362458112,264026221,1451197660,3836,python.exe
2026-08-31T02:39:30.773011+00:00,0.0,211689472,2368299008,264026480,1451197950,3836,python.exe
2026-08-31T02:39:31.285955+00:00,3.0,211689472,2361499648,264026480,1451197950,3836,python.exe
2026-08-31T02:39:31.800630+00:00,0.0,211689472,2370494464,264026480,1451197950,3836,python.exe
2026-08-31T02:39:32.314130+00:00,0.0,211689472,2365390848,264026480,1451197950,3836,python.exe
2026-08-31T02:39:32.828927+00:00,0.0,211689472,2371829760,264026480,1451197950,3836,python.exe
2026-08-31T02:39:33.343076+00:00,3.0,211689472,2366660608,264026551,1451198017,3836,python.exe
2026-08-31T02:39:33.857641+00:00,0.0,211689472,2375647232,264026551,1451198017,3836,python.exe
2026-08-31T02:39:34.372241+00:00,0.0,211689472,2373804032,264026622,1451198085,3836,python.exe
2026-08-31T02:39:34.889398+00:00,3.0,211689472,2379935744,264026622,1451198085,3836,python.exe
2026-08-31T02:39:35.403370+00:00,3.0,211689472,2358247424,264026854,1451198269,3836,python.exe
2026-08-31T02:39:35.917256+00:00,3.0,211689472,2365014016,264026855,1451198269,3836,python.exe
2026-08-31T02:39:36.431320+00:00,0.0,211689472,2356183040,264026855,1451198269,3836,python.exe
2026-08-31T02:39:36.945199+00:00,0.0,211689472,2360475648,264026856,1451198269,3836,python.exe
2026-08-31T02:39:37.460032+00:00,3.0,211689472,2361036800,264026856,1451198347,3836,python.exe
2026-08-31T02:39:37.975646+00:00,0.0,211689472,2361503744,264027055,1451198467,3836,python.exe
2026-08-31T02:39:38.489602+00:00,0.0,211689472,2363584512,264027056,1451198467,3836,python.exe
2026-08-31T02:39:39.006422+00:00,0.0,211689472,2362834944,264027057,1451198467,3836,python.exe
2026-08-31T02:39:39.536675+00:00,0.0,211689472,2339246080,264033530,1451208385,3836,python.exe
2026-08-31T02:39:40.050562+00:00,0.0,211689472,2341744640,264035154,1451209165,3836,python.exe
2026-08-31T02:39:40.568205+00:00,0.0,211689472,2337263616,264037496,1451210486,3836,python.exe
2026-08-31T02:39:41.085316+00:00,3.0,211689472,2317852672,264037496,1451210486,3836,python.exe
2026-08-31T02:39:41.600910+00:00,0.0,211689472,2339676160,264037496,1451210486,3836,python.exe
2026-08-31T02:39:42.114315+00:00,3.0,211689472,2340450304,264037496,1451210486,3836,python.exe
2026-08-31T02:39:42.628817+00:00,0.0,211689472,2336436224,264041342,1451211439,3836,python.exe
2026-08-31T02:39:43.144302+00:00,0.0,211689472,2336665600,264041342,1451211439,3836,python.exe
2026-08-31T02:39:43.658024+00:00,0.0,211689472,2334486528,264045398,1451212216,3836,python.exe
2026-08-31T02:39:44.171458+00:00,0.0,211689472,2334056448,264045398,1451212216,3836,python.exe
2026-08-31T02:39:44.684645+00:00,0.0,211689472,2336989184,264045398,1451212216,3836,python.exe
2026-08-31T02:39:45.197900+00:00,3.0,211689472,2336686080,264045440,1451212276,3836,python.exe
2026-08-31T02:39:45.710286+00:00,3.0,211689472,2339024896,264045698,1451212566,3836,python.exe
2026-08-31T02:39:46.227780+00:00,0.0,211689472,2340376576,264045753,1451212632,3836,python.exe
2026-08-31T02:39:46.741068+00:00,0.0,211689472,2337894400,264045753,1451212632,3836,python.exe
2026-08-31T02:39:47.255238+00:00,3.0,211689472,2338254848,264045753,1451212632,3836,python.exe
2026-08-31T02:39:47.769609+00:00,3.0,211689472,2345369600,264045808,1451212698,3836,python.exe
2026-08-31T02:39:48.283102+00:00,0.0,211689472,2340962304,264045883,1451212791,3836,python.exe
2026-08-31T02:39:48.801265+00:00,0.0,211689472,2349293568,264045883,1451212791,3836,python.exe
2026-08-31T02:39:49.315191+00:00,0.0,211689472,2341752832,264045883,1451212791,3836,python.exe
2026-08-31T02:39:49.829553+00:00,0.0,211689472,2350731264,264045883,1451212791,3836,python.exe
2026-08-31T02:39:50.343912+00:00,3.0,211689472,2344882176,264046000,1451212966,3836,python.exe
2026-08-31T02:39:50.861721+00:00,0.0,211689472,2342744064,264046128,1451213502,3836,python.exe
2026-08-31T02:39:51.376227+00:00,0.0,211689472,2345992192,264046128,1451213502,3836,python.exe
2026-08-31T02:39:51.891048+00:00,3.0,211689472,2353733632,264046128,1451213502,3836,python.exe
2026-08-31T02:39:52.405371+00:00,3.0,211689472,2347438080,264046268,1451213709,3836,python.exe
2026-08-31T02:39:52.921443+00:00,0.0,211689472,2352267264,264046268,1451213709,3836,python.exe
2026-08-31T02:39:53.435936+00:00,0.0,211689472,2372730880,264046268,1451213709,3836,python.exe
2026-08-31T02:39:53.954659+00:00,3.0,211689472,2381520896,264046268,1451213709,3836,python.exe
2026-08-31T02:39:54.468599+00:00,0.0,211689472,2372382720,264046268,1451213709,3836,python.exe
2026-08-31T02:39:54.981498+00:00,0.0,211689472,2373271552,264046339,1451213777,3836,python.exe
2026-08-31T02:39:55.499721+00:00,3.0,211689472,2374623232,264046517,1451213903,3836,python.exe
2026-08-31T02:39:56.019026+00:00,0.0,211689472,2365530112,264046637,1451214076,3836,python.exe
2026-08-31T02:39:56.533339+00:00,0.0,211689472,2355318784,264046637,1451214076,3836,python.exe
2026-08-31T02:39:57.049393+00:00,0.0,211689472,2350166016,264046703,1451214076,3836,python.exe
2026-08-31T02:39:57.569215+00:00,0.0,211689472,2353393664,264046785,1451214214,3836,python.exe
2026-08-31T02:39:58.082356+00:00,3.0,211689472,2353074176,264046851,1451214214,3836,python.exe
2026-08-31T02:39:58.596200+00:00,3.0,211689472,2354925568,264046851,1451214214,3836,python.exe
2026-08-31T02:39:59.109253+00:00,0.0,211689472,2354769920,264046851,1451214214,3836,python.exe
2026-08-31T02:39:59.623248+00:00,0.0,211689472,2358734848,264046926,1451214335,3836,python.exe
2026-08-31T02:40:00.138664+00:00,0.0,211689472,2354802688,264047683,1451214401,3836,python.exe
2026-08-31T02:40:00.652543+00:00,0.0,211689472,2353868800,264054831,1451221911,3836,python.exe
2026-08-31T02:40:01.169083+00:00,3.0,211689472,2319896576,264055790,1451222103,3836,python.exe
2026-08-31T02:40:01.706121+00:00,2.9,211689472,2330902528,264061475,1451243747,3836,python.exe
2026-08-31T02:40:02.231179+00:00,3.0,211689472,2215550976,264064062,1451245212,3836,python.exe
2026-08-31T02:40:02.744510+00:00,0.0,211689472,2275610624,264064117,1451245278,3836,python.exe
2026-08-31T02:40:03.257336+00:00,0.0,211689472,2279952384,264064188,1451245345,3836,python.exe
2026-08-31T02:40:03.771713+00:00,3.0,211689472,2264485888,264065339,1451245345,3836,python.exe
2026-08-31T02:40:04.286033+00:00,3.0,211689472,2278313984,264065459,1451245837,3836,python.exe
2026-08-31T02:40:04.802231+00:00,0.0,211689472,2279596032,264069869,1451246434,3836,python.exe
2026-08-31T02:40:05.315251+00:00,0.0,211689472,2290601984,264072194,1451249636,3836,python.exe
2026-08-31T02:40:05.829014+00:00,0.0,211689472,2298531840,264072248,1451249754,3836,python.exe
2026-08-31T02:40:06.343415+00:00,0.0,211689472,2286133248,264073490,1451315210,3836,python.exe
2026-08-31T02:40:06.857150+00:00,0.0,211689472,2292920320,264073490,1451315210,3836,python.exe
2026-08-31T02:40:07.371699+00:00,3.0,211689472,2286452736,264073490,1451315210,3836,python.exe
2026-08-31T02:40:07.886907+00:00,3.0,211689472,2292609024,264073490,1451315210,3836,python.exe
2026-08-31T02:40:08.400888+00:00,3.0,211689472,2285715456,264073490,1451315210,3836,python.exe
2026-08-31T02:40:08.919283+00:00,0.0,211689472,2294353920,264073490,1451315210,3836,python.exe
2026-08-31T02:40:09.433658+00:00,3.0,211689472,2285596672,264073490,1451315210,3836,python.exe
2026-08-31T02:40:09.947884+00:00,0.0,211689472,2290761728,264073490,1451315210,3836,python.exe
2026-08-31T02:40:10.466554+00:00,0.0,211689472,2291163136,264073490,1451315210,3836,python.exe
2026-08-31T02:40:10.981705+00:00,6.1,211689472,2291470336,264073490,1451315210,3836,python.exe
2026-08-31T02:40:11.495603+00:00,3.0,211689472,2293121024,264073668,1451315336,3836,python.exe
2026-08-31T02:40:12.009311+00:00,0.0,211689472,2298400768,264076390,1451320817,3836,python.exe
2026-08-31T02:40:12.524634+00:00,0.0,211689472,2295537664,264079465,1451321368,3836,python.exe
2026-08-31T02:40:13.039255+00:00,0.0,211689472,2319073280,264080706,1451321843,3836,python.exe
2026-08-31T02:40:13.552914+00:00,3.0,211689472,2265927680,264097305,1451333582,3836,python.exe
2026-08-31T02:40:14.065728+00:00,0.0,211689472,2273476608,264101446,1451339210,3836,python.exe
2026-08-31T02:40:14.580401+00:00,0.0,211689472,2269159424,264101517,1451339278,3836,python.exe
2026-08-31T02:40:15.095354+00:00,0.0,211689472,2269892608,264101517,1451339278,3836,python.exe
2026-08-31T02:40:15.612988+00:00,0.0,211689472,2277703680,264101720,1451339502,3836,python.exe
2026-08-31T02:40:16.129836+00:00,0.0,211689472,2264915968,264101775,1451339568,3836,python.exe
2026-08-31T02:40:16.644784+00:00,0.0,211689472,2276110336,264106504,1451339694,3836,python.exe
2026-08-31T02:40:17.158156+00:00,0.0,211689472,2266865664,264106558,1451340213,3836,python.exe
2026-08-31T02:40:17.672474+00:00,3.0,211689472,2276462592,264106725,1451340492,3836,python.exe
2026-08-31T02:40:18.185718+00:00,0.0,211689472,2266247168,264106943,1451340812,3836,python.exe
2026-08-31T02:40:18.700484+00:00,3.0,211673088,2274951168,264107375,1451380582,3836,python.exe
2026-08-31T02:40:19.212613+00:00,3.1,211673088,2264395776,264107375,1451380582,3836,python.exe
2026-08-31T02:40:19.735528+00:00,0.0,211673088,2260959232,264107375,1451380582,3836,python.exe
2026-08-31T02:40:20.250549+00:00,0.0,211673088,2251878400,264107450,1451380704,3836,python.exe
2026-08-31T02:40:20.764987+00:00,3.0,211673088,2263113728,264107505,1451380770,3836,python.exe
2026-08-31T02:40:21.279777+00:00,0.0,211673088,2256089088,264107505,1451380770,3836,python.exe
2026-08-31T02:40:21.793654+00:00,3.0,211673088,2263781376,264107505,1451380770,3836,python.exe
2026-08-31T02:40:22.310237+00:00,3.0,211673088,2259369984,264107955,1451381380,3836,python.exe
2026-08-31T02:40:22.825200+00:00,3.0,211673088,2270363648,264108091,1451382620,3836,python.exe
2026-08-31T02:40:23.341901+00:00,3.0,211673088,2262237184,264108091,1451382620,3836,python.exe
2026-08-31T02:40:23.866849+00:00,3.0,211673088,2273910784,264108091,1451382620,3836,python.exe
2026-08-31T02:40:24.381819+00:00,3.0,211673088,2265370624,264108091,1451382620,3836,python.exe
2026-08-31T02:40:24.897677+00:00,3.0,211673088,2277343232,264108146,1451382686,3836,python.exe
2026-08-31T02:40:25.411099+00:00,6.1,211673088,2268495872,264108146,1451382686,3836,python.exe
2026-08-31T02:40:25.926760+00:00,0.0,211673088,2283352064,264108146,1451382756,3836,python.exe
2026-08-31T02:40:26.440591+00:00,0.0,211673088,2266828800,264108146,1451382756,3836,python.exe
2026-08-31T02:40:26.954130+00:00,0.0,211673088,2273038336,264108146,1451382816,3836,python.exe
2026-08-31T02:40:27.467909+00:00,3.0,211673088,2269970432,264108146,1451382816,3836,python.exe
2026-08-31T02:40:27.981797+00:00,0.0,211673088,2277867520,264110234,1451384240,3836,python.exe
2026-08-31T02:40:28.494444+00:00,3.0,211673088,2277187584,264110234,1451384240,3836,python.exe
2026-08-31T02:40:29.016574+00:00,0.0,211673088,2267185152,264110234,1451384300,3836,python.exe
2026-08-31T02:40:29.530419+00:00,0.0,211673088,2277109760,264110234,1451384300,3836,python.exe
2026-08-31T02:40:30.043999+00:00,0.0,211673088,2269102080,264110234,1451384360,3836,python.exe
2026-08-31T02:40:30.557619+00:00,3.0,211673088,2278187008,264110492,1451384650,3836,python.exe
2026-08-31T02:40:31.072440+00:00,0.0,211689472,2269097984,264110492,1451384710,3836,python.exe
2026-08-31T02:40:31.586115+00:00,0.0,211689472,2278408192,264110664,1451384776,3836,python.exe
2026-08-31T02:40:32.098869+00:00,3.0,211689472,2266730496,264110719,1451384962,3836,python.exe
2026-08-31T02:40:32.611303+00:00,0.0,211689472,2280378368,264110774,1451385028,3836,python.exe
2026-08-31T02:40:33.128442+00:00,0.0,211689472,2266198016,264110845,1451385156,3836,python.exe
2026-08-31T02:40:33.642751+00:00,0.0,211689472,2278703104,264110985,1451385758,3836,python.exe
2026-08-31T02:40:34.156187+00:00,0.0,211689472,2264506368,264114078,1451393496,3836,python.exe
2026-08-31T02:40:34.671621+00:00,0.0,211689472,2277560320,264114078,1451393496,3836,python.exe
2026-08-31T02:40:35.185390+00:00,0.0,211689472,2264506368,264114200,1451393556,3836,python.exe
2026-08-31T02:40:35.702343+00:00,3.0,211689472,2272264192,264114296,1451393734,3836,python.exe
2026-08-31T02:40:36.217158+00:00,3.0,211689472,2263670784,264114296,1451393794,3836,python.exe
2026-08-31T02:40:36.731274+00:00,3.0,211689472,2265604096,264114296,1451393854,3836,python.exe
2026-08-31T02:40:37.245194+00:00,0.0,211689472,2262441984,264114546,1451394114,3836,python.exe
2026-08-31T02:40:37.762210+00:00,0.0,211689472,2279661568,264114682,1451394312,3836,python.exe
2026-08-31T02:40:38.276103+00:00,3.0,211689472,2264731648,264114682,1451394312,3836,python.exe
2026-08-31T02:40:38.788167+00:00,0.0,211689472,2280161280,264114682,1451394372,3836,python.exe
2026-08-31T02:40:39.301187+00:00,0.0,211689472,2266836992,264115373,1451394438,3836,python.exe
2026-08-31T02:40:39.814243+00:00,0.0,211689472,2274263040,264120940,1451402018,3836,python.exe
2026-08-31T02:40:40.328591+00:00,3.0,211689472,2266927104,264121015,1451402140,3836,python.exe
2026-08-31T02:40:40.842913+00:00,3.0,211689472,2270298112,264121070,1451402266,3836,python.exe
2026-08-31T02:40:41.357013+00:00,0.0,211689472,2267672576,264121070,1451402266,3836,python.exe
2026-08-31T02:40:41.870531+00:00,3.0,211689472,2272219136,264121070,1451402326,3836,python.exe
2026-08-31T02:40:42.384184+00:00,0.0,211689472,2267639808,264121070,1451402326,3836,python.exe
2026-08-31T02:40:42.900192+00:00,0.0,211689472,2269077504,264124994,1451403720,3836,python.exe
2026-08-31T02:40:43.414213+00:00,0.0,211689472,2274357248,264128848,1451404673,3836,python.exe
2026-08-31T02:40:43.928788+00:00,0.0,211689472,2275299328,264128902,1451404733,3836,python.exe
2026-08-31T02:40:44.443618+00:00,0.0,211689472,2283261952,264128902,1451404733,3836,python.exe
2026-08-31T02:40:44.957069+00:00,3.0,211689472,2284376064,264128902,1451404733,3836,python.exe
2026-08-31T02:40:45.469402+00:00,0.0,211689472,2287345664,264129171,1451404957,3836,python.exe
2026-08-31T02:40:45.982749+00:00,0.0,211689472,2283483136,264129171,1451404957,3836,python.exe
2026-08-31T02:40:46.496391+00:00,3.0,211689472,2284068864,264129237,1451404957,3836,python.exe
2026-08-31T02:40:47.023504+00:00,3.0,211689472,2280931328,264129347,1451405089,3836,python.exe
2026-08-31T02:40:47.537497+00:00,0.0,211689472,2287992832,264129347,1451405089,3836,python.exe
2026-08-31T02:40:48.052174+00:00,3.0,211689472,2280542208,264129477,1451405248,3836,python.exe
2026-08-31T02:40:48.567609+00:00,3.0,211689472,2281570304,264129543,1451405248,3836,python.exe
2026-08-31T02:40:49.081388+00:00,0.0,211689472,2282971136,264129543,1451405248,3836,python.exe
2026-08-31T02:40:49.596037+00:00,0.0,211689472,2292342784,264129543,1451405248,3836,python.exe
2026-08-31T02:40:50.109266+00:00,0.0,211689472,2284466176,264129543,1451405248,3836,python.exe
2026-08-31T02:40:50.623133+00:00,0.0,211689472,2290905088,264143368,1451414802,3836,python.exe
2026-08-31T02:40:51.135507+00:00,0.0,211689472,2290696192,264143368,1451414802,3836,python.exe
2026-08-31T02:40:51.649229+00:00,0.0,211689472,2291814400,264143368,1451414802,3836,python.exe
2026-08-31T02:40:52.163463+00:00,0.0,211689472,2292006912,264143434,1451414802,3836,python.exe
2026-08-31T02:40:52.676392+00:00,3.0,211689472,2295115776,264143434,1451414802,3836,python.exe
2026-08-31T02:40:53.190069+00:00,0.0,211689472,2287943680,264143434,1451414802,3836,python.exe
2026-08-31T02:40:53.718978+00:00,3.0,211689472,2295865344,264143434,1451414802,3836,python.exe
2026-08-31T02:40:54.234408+00:00,0.0,211689472,2288148480,264143434,1451414802,3836,python.exe
2026-08-31T02:40:54.749362+00:00,3.0,211689472,2297286656,264143917,1451415698,3836,python.exe
2026-08-31T02:40:55.265407+00:00,0.0,211689472,2289377280,264143917,1451415698,3836,python.exe
2026-08-31T02:40:55.778801+00:00,0.0,211689472,2284929024,264147126,1451416965,3836,python.exe
2026-08-31T02:40:56.293350+00:00,3.0,211689472,2286112768,264147126,1451417025,3836,python.exe
2026-08-31T02:40:56.813173+00:00,3.0,211689472,2292953088,264147126,1451417025,3836,python.exe
2026-08-31T02:40:57.327785+00:00,0.0,211689472,2292133888,264147126,1451417025,3836,python.exe
2026-08-31T02:40:57.841928+00:00,0.0,211689472,2293854208,264147263,1451417229,3836,python.exe
2026-08-31T02:40:58.355482+00:00,0.0,211689472,2293829632,264147692,1451417384,3836,python.exe
2026-08-31T02:40:58.870747+00:00,0.0,211689472,2297331712,264147921,1451418257,3836,python.exe
2026-08-31T02:40:59.384665+00:00,0.0,211689472,2301038592,264148935,1451418812,3836,python.exe
2026-08-31T02:40:59.898073+00:00,0.0,211689472,2304675840,264148935,1451418812,3836,python.exe
2026-08-31T02:41:00.410989+00:00,3.0,211689472,2302291968,264148935,1451418812,3836,python.exe
2026-08-31T02:41:00.929636+00:00,3.0,211689472,2303963136,264149213,1451419158,3836,python.exe
2026-08-31T02:41:01.445837+00:00,0.0,211689472,2306453504,264157497,1451420286,3836,python.exe
2026-08-31T02:41:01.961326+00:00,0.0,211689472,2290515968,264157660,1451420473,3836,python.exe
2026-08-31T02:41:02.475735+00:00,0.0,211689472,2282565632,264157838,1451420665,3836,python.exe
2026-08-31T02:41:02.989600+00:00,3.0,211689472,2286075904,264157909,1451420732,3836,python.exe
2026-08-31T02:41:03.502431+00:00,0.0,211689472,2294292480,264157909,1451420732,3836,python.exe
2026-08-31T02:41:04.016112+00:00,0.0,211689472,2285936640,264157909,1451420732,3836,python.exe
2026-08-31T02:41:04.529070+00:00,0.0,211689472,2289373184,264157909,1451420732,3836,python.exe
2026-08-31T02:41:05.042972+00:00,0.0,211689472,2289897472,264159172,1451421490,3836,python.exe
2026-08-31T02:41:05.556631+00:00,0.0,211689472,2290692096,264159510,1451422178,3836,python.exe
2026-08-31T02:41:06.070328+00:00,0.0,211689472,2291015680,264159510,1451422178,3836,python.exe
2026-08-31T02:41:06.584227+00:00,0.0,211689472,2298052608,264159510,1451422178,3836,python.exe
2026-08-31T02:41:07.098603+00:00,0.0,211689472,2297540608,264159510,1451422178,3836,python.exe
2026-08-31T02:41:07.612949+00:00,0.0,211689472,2303696896,264159595,1451422319,3836,python.exe
2026-08-31T02:41:08.128601+00:00,3.0,211689472,2295898112,264159595,1451422319,3836,python.exe
2026-08-31T02:41:08.646737+00:00,3.0,211689472,2318225408,264159595,1451422319,3836,python.exe
2026-08-31T02:41:09.164399+00:00,3.0,211689472,2271834112,264166498,1451429512,3836,python.exe
2026-08-31T02:41:09.677453+00:00,0.0,211689472,2273509376,264171123,1451433872,3836,python.exe
2026-08-31T02:41:10.191632+00:00,0.0,211689472,2259795968,264171242,1451434710,3836,python.exe
2026-08-31T02:41:10.714830+00:00,0.0,211689472,2278608896,264171316,1451435246,3836,python.exe
2026-08-31T02:41:11.227750+00:00,3.0,211689472,2283700224,264171316,1451435246,3836,python.exe
2026-08-31T02:41:11.742486+00:00,0.0,211689472,2284556288,264171316,1451435246,3836,python.exe
2026-08-31T02:41:12.257589+00:00,0.0,211689472,2288738304,264171316,1451435246,3836,python.exe
2026-08-31T02:41:12.772390+00:00,3.0,211689472,2278981632,264174007,1451436029,3836,python.exe
2026-08-31T02:41:13.285713+00:00,3.0,211689472,2282250240,264178225,1451436267,3836,python.exe
2026-08-31T02:41:13.798617+00:00,0.0,211689472,2280685568,264178549,1451437162,3836,python.exe
2026-08-31T02:41:14.311482+00:00,0.0,211689472,2279014400,264178549,1451437222,3836,python.exe
2026-08-31T02:41:14.826790+00:00,3.0,211689472,2277978112,264178549,1451437222,3836,python.exe
2026-08-31T02:41:15.340516+00:00,3.0,211689472,2279981056,264178549,1451437222,3836,python.exe
2026-08-31T02:41:15.855523+00:00,3.0,211689472,2281660416,264178878,1451437580,3836,python.exe
2026-08-31T02:41:16.369794+00:00,0.0,211689472,2293649408,264178878,1451437580,3836,python.exe
2026-08-31T02:41:16.883810+00:00,0.0,211689472,2290716672,264178933,1451437646,3836,python.exe
2026-08-31T02:41:17.397072+00:00,0.0,211689472,2294423552,264178989,1451437712,3836,python.exe
2026-08-31T02:41:17.914660+00:00,3.0,211689472,2296778752,264179126,1451437916,3836,python.exe
2026-08-31T02:41:18.427078+00:00,0.0,211689472,2294632448,264179201,1451438009,3836,python.exe
2026-08-31T02:41:18.940550+00:00,0.0,211689472,2286637056,264179202,1451438009,3836,python.exe
2026-08-31T02:41:19.454738+00:00,0.0,211689472,2295861248,264179203,1451438009,3836,python.exe
2026-08-31T02:41:19.968615+00:00,0.0,211689472,2287063040,264179203,1451438009,3836,python.exe
2026-08-31T02:41:20.482910+00:00,0.0,211689472,2296557568,264179204,1451438009,3836,python.exe
2026-08-31T02:41:20.997193+00:00,3.0,211689472,2290692096,264179279,1451438131,3836,python.exe
2026-08-31T02:41:21.512230+00:00,3.0,211689472,2298953728,264179279,1451438131,3836,python.exe
2026-08-31T02:41:22.025406+00:00,3.0,211689472,2302627840,264179740,1451438191,3836,python.exe
2026-08-31T02:41:22.538692+00:00,0.0,211689472,2297450496,264179849,1451438404,3836,python.exe
2026-08-31T02:41:23.053666+00:00,3.0,211689472,2294628352,264179849,1451438404,3836,python.exe
2026-08-31T02:41:23.573282+00:00,0.0,211689472,2304036864,264179849,1451438404,3836,python.exe
2026-08-31T02:41:24.087547+00:00,0.0,211689472,2291699712,264179849,1451438404,3836,python.exe
2026-08-31T02:41:24.604940+00:00,0.0,211689472,2296487936,264179849,1451438404,3836,python.exe
2026-08-31T02:41:25.118793+00:00,0.0,211689472,2295693312,264179904,1451438470,3836,python.exe
2026-08-31T02:41:25.634534+00:00,0.0,211689472,2297438208,264180021,1451438470,3836,python.exe
2026-08-31T02:41:26.148105+00:00,0.0,211689472,2296406016,264180077,1451438596,3836,python.exe
2026-08-31T02:41:26.662210+00:00,0.0,211689472,2296422400,264180077,1451438596,3836,python.exe
2026-08-31T02:41:27.182370+00:00,3.0,211689472,2292502528,264180078,1451438596,3836,python.exe
2026-08-31T02:41:27.696894+00:00,0.0,211689472,2295042048,264180152,1451439132,3836,python.exe
2026-08-31T02:41:28.211442+00:00,0.0,211689472,2294435840,264180153,1451439132,3836,python.exe
2026-08-31T02:41:28.725990+00:00,0.0,211689472,2293805056,264180153,1451439132,3836,python.exe
2026-08-31T02:41:29.238913+00:00,3.0,211689472,2298241024,264180154,1451439132,3836,python.exe
2026-08-31T02:41:29.755378+00:00,3.0,211689472,2298576896,264186128,1451445023,3836,python.exe
2026-08-31T02:41:30.270779+00:00,3.0,211689472,2300530688,264186445,1451446182,3836,python.exe
2026-08-31T02:41:30.785837+00:00,3.0,211689472,2300145664,264186703,1451446406,3836,python.exe
2026-08-31T02:41:31.299434+00:00,0.0,211689472,2296700928,264186703,1451446406,3836,python.exe
2026-08-31T02:41:31.812958+00:00,0.0,211689472,2297049088,264186703,1451446406,3836,python.exe
2026-08-31T02:41:32.326490+00:00,0.0,211689472,2295201792,264186758,1451446472,3836,python.exe
2026-08-31T02:41:32.840190+00:00,3.0,211689472,2295914496,264186898,1451446613,3836,python.exe
2026-08-31T02:41:33.356783+00:00,0.0,211689472,2299793408,264186969,1451446746,3836,python.exe
2026-08-31T02:41:33.870561+00:00,3.0,211689472,2299056128,264187035,1451446746,3836,python.exe
2026-08-31T02:41:34.384562+00:00,0.0,211689472,2303467520,264187101,1451446746,3836,python.exe
2026-08-31T02:41:34.900341+00:00,0.0,211689472,2296827904,264187101,1451446746,3836,python.exe
2026-08-31T02:41:35.414990+00:00,0.0,211689472,2301673472,264187279,1451446930,3836,python.exe
2026-08-31T02:41:35.930164+00:00,0.0,211689472,2294501376,264187405,1451446998,3836,python.exe
2026-08-31T02:41:36.444337+00:00,0.0,211689472,2301419520,264187471,1451446998,3836,python.exe
2026-08-31T02:41:36.957939+00:00,3.0,211689472,2294001664,264187472,1451446998,3836,python.exe
2026-08-31T02:41:37.471344+00:00,0.0,211689472,2301390848,264187554,1451447136,3836,python.exe
2026-08-31T02:41:37.985557+00:00,0.0,211689472,2294607872,264187554,1451447136,3836,python.exe
2026-08-31T02:41:38.499517+00:00,3.0,211689472,2301362176,264187555,1451447136,3836,python.exe
2026-08-31T02:41:39.021505+00:00,3.0,211689472,2294792192,264187556,1451447136,3836,python.exe
2026-08-31T02:41:39.536670+00:00,3.0,211689472,2348457984,264187556,1451447136,3836,python.exe
2026-08-31T02:41:40.050385+00:00,0.0,211689472,2342100992,264187557,1451447196,3836,python.exe
2026-08-31T02:41:40.568580+00:00,0.0,211689472,2349338624,264187731,1451447383,3836,python.exe
2026-08-31T02:41:41.082909+00:00,0.0,211689472,2348621824,264188496,1451448045,3836,python.exe
2026-08-31T02:41:41.596867+00:00,0.0,211689472,2353504256,264191076,1451455690,3836,python.exe
2026-08-31T02:41:42.111723+00:00,0.0,211689472,2356387840,264191076,1451455750,3836,python.exe
2026-08-31T02:41:42.624671+00:00,3.0,211689472,2373320704,264193741,1451456421,3836,python.exe
2026-08-31T02:41:43.137309+00:00,0.0,211689472,2365501440,264193741,1451456481,3836,python.exe
2026-08-31T02:41:43.649666+00:00,0.0,211689472,2368290816,264197843,1451457078,3836,python.exe
2026-08-31T02:41:44.163332+00:00,0.0,211689472,2364362752,264197843,1451457138,3836,python.exe
2026-08-31T02:41:44.678304+00:00,0.0,211689472,2366181376,264197843,1451457138,3836,python.exe
2026-08-31T02:41:45.192078+00:00,3.0,211689472,2361057280,264200747,1451457612,3836,python.exe
2026-08-31T02:41:45.707230+00:00,6.1,211689472,2363359232,264201143,1451458937,3836,python.exe
2026-08-31T02:41:46.221635+00:00,0.0,211689472,2360860672,264201143,1451458997,3836,python.exe
2026-08-31T02:41:46.736965+00:00,0.0,211689472,2363678720,264201143,1451458997,3836,python.exe
2026-08-31T02:41:47.251529+00:00,0.0,211689472,2358185984,264201264,1451459057,3836,python.exe
2026-08-31T02:41:47.766344+00:00,0.0,211689472,2361778176,264204097,1451461562,3836,python.exe
2026-08-31T02:41:48.280881+00:00,3.0,211689472,2359185408,264204172,1451461715,3836,python.exe
2026-08-31T02:41:48.798890+00:00,0.0,211689472,2357575680,264204172,1451461715,3836,python.exe
2026-08-31T02:41:49.314268+00:00,0.0,211689472,2360004608,264204172,1451461775,3836,python.exe
2026-08-31T02:41:49.832901+00:00,0.0,211689472,2363056128,264204172,1451461775,3836,python.exe
2026-08-31T02:41:50.346326+00:00,0.0,211689472,2368270336,264211309,1451467235,3836,python.exe
2026-08-31T02:41:50.859802+00:00,0.0,211689472,2371330048,264211405,1451467295,3836,python.exe
2026-08-31T02:41:51.373570+00:00,0.0,211689472,2368208896,264211405,1451467295,3836,python.exe
2026-08-31T02:41:51.887874+00:00,3.0,211689472,2362662912,264211405,1451467295,3836,python.exe
2026-08-31T02:41:52.401033+00:00,3.0,211689472,2370121728,264211583,1451467481,3836,python.exe
2026-08-31T02:41:52.913359+00:00,0.0,211689472,2363711488,264211583,1451467481,3836,python.exe
2026-08-31T02:41:53.427602+00:00,0.0,211689472,2369961984,264211583,1451467481,3836,python.exe
2026-08-31T02:41:53.940960+00:00,0.0,211689472,2362884096,264211583,1451467481,3836,python.exe
2026-08-31T02:41:54.454729+00:00,0.0,211689472,2363273216,264211638,1451467547,3836,python.exe
2026-08-31T02:41:54.972542+00:00,0.0,211689472,2365980672,264211638,1451467547,3836,python.exe
2026-08-31T02:41:55.486102+00:00,0.0,211689472,2371837952,264211638,1451467547,3836,python.exe
2026-08-31T02:41:56.037736+00:00,0.0,211689472,2361835520,264211758,1451467720,3836,python.exe
2026-08-31T02:41:56.552175+00:00,3.0,211689472,2350059520,264211829,1451467788,3836,python.exe
2026-08-31T02:41:57.065780+00:00,0.0,211689472,2344951808,264211829,1451467788,3836,python.exe
2026-08-31T02:41:57.578163+00:00,0.0,211689472,2351849472,264221890,1451476633,3836,python.exe
2026-08-31T02:41:58.091415+00:00,0.0,211689472,2354880512,264221975,1451476774,3836,python.exe
2026-08-31T02:41:58.608549+00:00,0.0,211689472,2354302976,264222049,1451477310,3836,python.exe
2026-08-31T02:41:59.123073+00:00,0.0,211689472,2354094080,264222049,1451477310,3836,python.exe
2026-08-31T02:41:59.640800+00:00,3.0,211689472,2369789952,264222049,1451477310,3836,python.exe
2026-08-31T02:42:00.156046+00:00,0.0,211689472,2359115776,264222740,1451477376,3836,python.exe
2026-08-31T02:42:00.677818+00:00,0.0,211689472,2357882880,264225142,1451478923,3836,python.exe
2026-08-31T02:42:01.200323+00:00,0.0,211689472,2322419712,264225142,1451478923,3836,python.exe
2026-08-31T02:42:01.719493+00:00,6.0,211689472,2346389504,264231184,1451485007,3836,python.exe
2026-08-31T02:42:02.240230+00:00,0.0,211689472,2301681664,264231259,1451485129,3836,python.exe
2026-08-31T02:42:02.754533+00:00,0.0,211689472,2312167424,264231369,1451485261,3836,python.exe
2026-08-31T02:42:03.268119+00:00,0.0,211689472,2312384512,264231440,1451485328,3836,python.exe
2026-08-31T02:42:03.781075+00:00,0.0,211689472,2316218368,264231440,1451485328,3836,python.exe
2026-08-31T02:42:04.293805+00:00,0.0,211689472,2320134144,264231440,1451485328,3836,python.exe
2026-08-31T02:42:04.808521+00:00,3.0,211689472,2319548416,264231440,1451485328,3836,python.exe
2026-08-31T02:42:05.324242+00:00,3.0,211689472,2324590592,264231562,1451485328,3836,python.exe
2026-08-31T02:42:05.842169+00:00,3.0,211689472,2331500544,264231616,1451485446,3836,python.exe
2026-08-31T02:42:06.356285+00:00,6.1,211689472,2331021312,264232045,1451485541,3836,python.exe
2026-08-31T02:42:06.873794+00:00,3.0,211689472,2329559040,264232099,1451487004,3836,python.exe
2026-08-31T02:42:07.390014+00:00,6.1,211689472,2331373568,264232154,1451487070,3836,python.exe
2026-08-31T02:42:07.905731+00:00,0.0,211689472,2333323264,264232154,1451487070,3836,python.exe
2026-08-31T02:42:08.431272+00:00,0.0,211689472,2338381824,264232154,1451487070,3836,python.exe
2026-08-31T02:42:08.956945+00:00,0.0,211689472,2329010176,264232154,1451487070,3836,python.exe
2026-08-31T02:42:09.471608+00:00,0.0,211689472,2338590720,264232154,1451487070,3836,python.exe
2026-08-31T02:42:09.987073+00:00,0.0,211689472,2330624000,264232583,1451487225,3836,python.exe
2026-08-31T02:42:10.502430+00:00,0.0,211689472,2332119040,264233066,1451489471,3836,python.exe
2026-08-31T02:42:11.022996+00:00,0.0,211689472,2325934080,264233175,1451489974,3836,python.exe
2026-08-31T02:42:11.537622+00:00,0.0,211689472,2336882688,264233175,1451489974,3836,python.exe
2026-08-31T02:42:12.055378+00:00,0.0,211689472,2337972224,264233175,1451489974,3836,python.exe
2026-08-31T02:42:12.570270+00:00,0.0,211689472,2325188608,264240858,1451494138,3836,python.exe
2026-08-31T02:42:13.090981+00:00,0.0,211689472,2318389248,264241776,1451523942,3836,python.exe
2026-08-31T02:42:13.604868+00:00,3.0,211689472,2304413696,264245484,1451524539,3836,python.exe
2026-08-31T02:42:14.118710+00:00,0.0,211689472,2285170688,264245484,1451524539,3836,python.exe
2026-08-31T02:42:14.631587+00:00,0.0,211689472,2304286720,264246091,1451524880,3836,python.exe
2026-08-31T02:42:15.145229+00:00,3.0,211689472,2276040704,264246200,1451525623,3836,python.exe
2026-08-31T02:42:15.658345+00:00,0.0,211689472,2279325696,264246477,1451526383,3836,python.exe
2026-08-31T02:42:16.171864+00:00,0.0,211689472,2277732352,264246477,1451526383,3836,python.exe
2026-08-31T02:42:16.693583+00:00,0.0,211689472,2288115712,264246477,1451526383,3836,python.exe
2026-08-31T02:42:17.212479+00:00,0.0,211689472,2282856448,264246548,1451526451,3836,python.exe
2026-08-31T02:42:17.729833+00:00,0.0,211689472,2297655296,264246793,1451526868,3836,python.exe
2026-08-31T02:42:18.245444+00:00,0.0,211689472,2285592576,264246923,1451527027,3836,python.exe
2026-08-31T02:42:18.775293+00:00,0.0,211689472,2301661184,264246923,1451527027,3836,python.exe
2026-08-31T02:42:19.289572+00:00,0.0,211689472,2284544000,264246923,1451527027,3836,python.exe
2026-08-31T02:42:19.802775+00:00,0.0,211689472,2295959552,264247040,1451527087,3836,python.exe
2026-08-31T02:42:20.315058+00:00,0.0,211689472,2298687488,264247040,1451527087,3836,python.exe
2026-08-31T02:42:20.827927+00:00,0.0,211689472,2303950848,264247095,1451527153,3836,python.exe
2026-08-31T02:42:21.340925+00:00,0.0,211689472,2301444096,264247095,1451527153,3836,python.exe
2026-08-31T02:42:21.853264+00:00,3.0,211689472,2310688768,264247161,1451527153,3836,python.exe
2026-08-31T02:42:22.369855+00:00,0.0,211689472,2308583424,264247236,1451527275,3836,python.exe
2026-08-31T02:42:22.891570+00:00,0.0,211689472,2311585792,264247429,1451527476,3836,python.exe
2026-08-31T02:42:23.406686+00:00,3.0,211689472,2314743808,264247429,1451527476,3836,python.exe
2026-08-31T02:42:23.922354+00:00,0.0,211689472,2318688256,264247429,1451527476,3836,python.exe
2026-08-31T02:42:24.441605+00:00,0.0,211689472,2300923904,264247429,1451527476,3836,python.exe
2026-08-31T02:42:24.955475+00:00,0.0,211689472,2293870592,264247495,1451527476,3836,python.exe
2026-08-31T02:42:25.472890+00:00,0.0,211689472,2302631936,264247495,1451527476,3836,python.exe
2026-08-31T02:42:25.986569+00:00,0.0,211689472,2305183744,264247495,1451527476,3836,python.exe
2026-08-31T02:42:26.499625+00:00,3.0,211689472,2305044480,264247495,1451527476,3836,python.exe
2026-08-31T02:42:27.024127+00:00,3.0,211689472,2305245184,264247495,1451527476,3836,python.exe
2026-08-31T02:42:27.538494+00:00,0.0,211689472,2308104192,264247615,1451527616,3836,python.exe
2026-08-31T02:42:28.051869+00:00,3.0,211689472,2303856640,264248738,1451529024,3836,python.exe
2026-08-31T02:42:28.569065+00:00,3.0,211689472,2308153344,264251147,1451534769,3836,python.exe
2026-08-31T02:42:29.081700+00:00,0.0,211689472,2303819776,264251213,1451534769,3836,python.exe
2026-08-31T02:42:29.595878+00:00,0.0,211689472,2305249280,264251732,1451535689,3836,python.exe
2026-08-31T02:42:30.110070+00:00,0.0,211689472,2294206464,264251840,1451535980,3836,python.exe
2026-08-31T02:42:30.624232+00:00,3.0,211689472,2306809856,264252098,1451536270,3836,python.exe
2026-08-31T02:42:31.137115+00:00,0.0,211689472,2297438208,264252098,1451536270,3836,python.exe
2026-08-31T02:42:31.649631+00:00,3.0,211689472,2310803456,264252098,1451536270,3836,python.exe
2026-08-31T02:42:32.165109+00:00,0.0,211689472,2301005824,264252098,1451536270,3836,python.exe
2026-08-31T02:42:32.682936+00:00,0.0,211673088,2312146944,264252208,1451536336,3836,python.exe
2026-08-31T02:42:33.196280+00:00,0.0,211673088,2312540160,264252279,1451536469,3836,python.exe
2026-08-31T02:42:33.713582+00:00,0.0,211673088,2319466496,264252279,1451536469,3836,python.exe
2026-08-31T02:42:34.227369+00:00,0.0,211673088,2319286272,264252279,1451536469,3836,python.exe
2026-08-31T02:42:34.748740+00:00,0.0,211673088,2324475904,264252279,1451536469,3836,python.exe
2026-08-31T02:42:35.265114+00:00,3.0,211673088,2310254592,264252401,1451536469,3836,python.exe
2026-08-31T02:42:35.778899+00:00,0.0,211673088,2321350656,264252455,1451536587,3836,python.exe
2026-08-31T02:42:36.293414+00:00,3.0,211673088,2303447040,264252455,1451536587,3836,python.exe
2026-08-31T02:42:36.808187+00:00,3.0,211673088,2305986560,264252455,1451536587,3836,python.exe
2026-08-31T02:42:37.322132+00:00,0.0,211673088,2302664704,264253534,1451537242,3836,python.exe
2026-08-31T02:42:37.834919+00:00,0.0,211673088,2305261568,264253616,1451537380,3836,python.exe
2026-08-31T02:42:38.350870+00:00,3.0,211673088,2310504448,264253616,1451537380,3836,python.exe
2026-08-31T02:42:38.866329+00:00,3.0,211673088,2304339968,264253616,1451537380,3836,python.exe
2026-08-31T02:42:39.384697+00:00,0.0,211673088,2302070784,264253616,1451537380,3836,python.exe
2026-08-31T02:42:39.900093+00:00,0.0,211673088,2308386816,264253671,1451537446,3836,python.exe
2026-08-31T02:42:40.414012+00:00,0.0,211673088,2305490944,264256704,1451543028,3836,python.exe
2026-08-31T02:42:40.927757+00:00,3.0,211673088,2314055680,264256759,1451543094,3836,python.exe
2026-08-31T02:42:41.441868+00:00,0.0,211673088,2313273344,264256937,1451543280,3836,python.exe
2026-08-31T02:42:41.956958+00:00,0.0,211673088,2316099584,264256937,1451543280,3836,python.exe
2026-08-31T02:42:42.473443+00:00,0.0,211673088,2316623872,264259604,1451543518,3836,python.exe
2026-08-31T02:42:42.988209+00:00,3.0,211673088,2313322496,264260162,1451544857,3836,python.exe
2026-08-31T02:42:43.505776+00:00,3.0,211673088,2315657216,264264303,1451545666,3836,python.exe
2026-08-31T02:42:44.019228+00:00,0.0,211673088,2317623296,264264303,1451545666,3836,python.exe
2026-08-31T02:42:44.532654+00:00,0.0,211673088,2317692928,264264345,1451545726,3836,python.exe
2026-08-31T02:42:45.049961+00:00,0.0,211673088,2304139264,264264345,1451545726,3836,python.exe
2026-08-31T02:42:45.564573+00:00,0.0,211673088,2302730240,264264548,1451545950,3836,python.exe
2026-08-31T02:42:46.078906+00:00,0.0,211673088,2305814528,264265031,1451546766,3836,python.exe
2026-08-31T02:42:46.597530+00:00,0.0,211673088,2305069056,264265031,1451546766,3836,python.exe
2026-08-31T02:42:47.117026+00:00,0.0,211673088,2291888128,264265105,1451547302,3836,python.exe
2026-08-31T02:42:47.631072+00:00,0.0,211673088,2304200704,264265160,1451547368,3836,python.exe
2026-08-31T02:42:48.145302+00:00,0.0,211673088,2291052544,264265320,1451547602,3836,python.exe
2026-08-31T02:42:48.664447+00:00,3.0,211673088,2305421312,264265320,1451547602,3836,python.exe
2026-08-31T02:42:49.178749+00:00,0.0,211673088,2291695616,264265320,1451547602,3836,python.exe
2026-08-31T02:42:49.699216+00:00,0.0,211673088,2306609152,264265320,1451547602,3836,python.exe
2026-08-31T02:42:50.214938+00:00,0.0,211673088,2293403648,264265386,1451547602,3836,python.exe
2026-08-31T02:42:50.731294+00:00,0.0,211673088,2299002880,264270346,1451552832,3836,python.exe
2026-08-31T02:42:51.250146+00:00,6.0,211673088,2291589120,264270346,1451552832,3836,python.exe
2026-08-31T02:42:51.763751+00:00,0.0,211673088,2288123904,264270346,1451552832,3836,python.exe
2026-08-31T02:42:52.279514+00:00,3.0,211673088,2296594432,264270401,1451552898,3836,python.exe
2026-08-31T02:42:52.792962+00:00,3.0,211673088,2300497920,264270401,1451552898,3836,python.exe
2026-08-31T02:42:53.309802+00:00,3.0,211673088,2295619584,264273158,1451554183,3836,python.exe
2026-08-31T02:42:53.822687+00:00,3.0,211673088,2308706304,264273212,1451555277,3836,python.exe
2026-08-31T02:42:54.336613+00:00,0.0,211673088,2307194880,264273695,1451556125,3836,python.exe
2026-08-31T02:42:54.851289+00:00,3.0,211673088,2311315456,264273695,1451556125,3836,python.exe
2026-08-31T02:42:55.364749+00:00,0.0,211673088,2306826240,264274124,1451556220,3836,python.exe
2026-08-31T02:42:55.878136+00:00,0.0,211673088,2310594560,264274178,1451557021,3836,python.exe
2026-08-31T02:42:56.445484+00:00,0.0,211673088,2283819008,264274178,1451557021,3836,python.exe
2026-08-31T02:42:56.959884+00:00,0.0,211673088,2288705536,264274178,1451557021,3836,python.exe
2026-08-31T02:42:57.473540+00:00,3.0,211673088,2292310016,264274260,1451557219,3836,python.exe
2026-08-31T02:42:57.988369+00:00,0.0,211673088,2292744192,264274404,1451557361,3836,python.exe
2026-08-31T02:42:58.501799+00:00,0.0,211673088,2290475008,264274404,1451557421,3836,python.exe
2026-08-31T02:42:59.025030+00:00,0.0,211673088,2292473856,264274404,1451557421,3836,python.exe
2026-08-31T02:42:59.540705+00:00,0.0,211673088,2307383296,264274833,1451557636,3836,python.exe
2026-08-31T02:43:00.055272+00:00,0.0,211673088,2310078464,264274887,1451558313,3836,python.exe
2026-08-31T02:43:00.572188+00:00,0.0,211673088,2302042112,264275090,1451558597,3836,python.exe
2026-08-31T02:43:01.088647+00:00,0.0,211689472,2305081344,264275090,1451558597,3836,python.exe
2026-08-31T02:43:01.606700+00:00,0.0,211689472,2307276800,264275090,1451558657,3836,python.exe
2026-08-31T02:43:02.122221+00:00,3.0,211689472,2285395968,264275090,1451558657,3836,python.exe
2026-08-31T02:43:02.635857+00:00,3.0,211689472,2288984064,264275145,1451558717,3836,python.exe
2026-08-31T02:43:03.149956+00:00,0.0,211689472,2281082880,264275271,1451558916,3836,python.exe
2026-08-31T02:43:03.664487+00:00,0.0,211689472,2286743552,264275346,1451559098,3836,python.exe
2026-08-31T02:43:04.178129+00:00,3.0,211689472,2288287744,264275420,1451559634,3836,python.exe
2026-08-31T02:43:04.695355+00:00,6.0,211689472,2287747072,264275475,1451559694,3836,python.exe
2026-08-31T02:43:05.209919+00:00,0.0,211689472,2288787456,264275597,1451559760,3836,python.exe
2026-08-31T02:43:05.733747+00:00,3.0,211689472,2294038528,264275829,1451560124,3836,python.exe
2026-08-31T02:43:06.248653+00:00,0.0,211689472,2293858304,264275829,1451560124,3836,python.exe
2026-08-31T02:43:06.762762+00:00,3.0,211689472,2301247488,264275829,1451560184,3836,python.exe
2026-08-31T02:43:07.279789+00:00,0.0,211689472,2288582656,264275829,1451560184,3836,python.exe
2026-08-31T02:43:07.794018+00:00,3.0,211689472,2295021568,264275829,1451560244,3836,python.exe
2026-08-31T02:43:08.308184+00:00,0.0,211689472,2297405440,264275829,1451560244,3836,python.exe
2026-08-31T02:43:08.821553+00:00,0.0,211689472,2297171968,264275829,1451560304,3836,python.exe
2026-08-31T02:43:09.339465+00:00,0.0,211689472,2292551680,264275829,1451560304,3836,python.exe
2026-08-31T02:43:09.854321+00:00,0.0,211689472,2292822016,264275829,1451560364,3836,python.exe
2026-08-31T02:43:10.369088+00:00,0.0,211689472,2291732480,264275895,1451560364,3836,python.exe
2026-08-31T02:43:10.885130+00:00,0.0,211689472,2299092992,264276093,1451560424,3836,python.exe
2026-08-31T02:43:11.399943+00:00,0.0,211689472,2301300736,264276147,1451560604,3836,python.exe
2026-08-31T02:43:11.914100+00:00,3.0,211689472,2301935616,264276147,1451560664,3836,python.exe
2026-08-31T02:43:12.426851+00:00,3.0,211689472,2313814016,264276202,1451560730,3836,python.exe
2026-08-31T02:43:12.940747+00:00,0.0,211689472,2312683520,264278867,1451561370,3836,python.exe
2026-08-31T02:43:13.454461+00:00,0.0,211689472,2307502080,264283217,1451562108,3836,python.exe
2026-08-31T02:43:13.968288+00:00,0.0,211689472,2305019904,264283388,1451562228,3836,python.exe
2026-08-31T02:43:14.482961+00:00,0.0,211689472,2311602176,264283388,1451562228,3836,python.exe
2026-08-31T02:43:14.997610+00:00,3.0,211689472,2307272704,264283388,1451562288,3836,python.exe
2026-08-31T02:43:15.515900+00:00,3.0,211689472,2313256960,264284075,1451563436,3836,python.exe
2026-08-31T02:43:16.031331+00:00,0.0,211689472,2310754304,264284171,1451563562,3836,python.exe
2026-08-31T02:43:16.544932+00:00,0.0,211689472,2302046208,264298148,1451569806,3836,python.exe
2026-08-31T02:43:17.059437+00:00,3.0,211689472,2306641920,264298214,1451569806,3836,python.exe
2026-08-31T02:43:17.572764+00:00,6.1,211689472,2307178496,264302337,1451573957,3836,python.exe
2026-08-31T02:43:18.086772+00:00,0.0,211689472,2298736640,264302412,1451574050,3836,python.exe
2026-08-31T02:43:18.599668+00:00,0.0,211689472,2306428928,264302484,1451574178,3836,python.exe
2026-08-31T02:43:19.115433+00:00,3.0,211689472,2295922688,264302484,1451574178,3836,python.exe
2026-08-31T02:43:19.638996+00:00,0.0,211689472,2305044480,264302485,1451574238,3836,python.exe
2026-08-31T02:43:20.153895+00:00,3.0,211689472,2305794048,264302485,1451574238,3836,python.exe
2026-08-31T02:43:20.672545+00:00,6.0,211689472,2310037504,264302486,1451574238,3836,python.exe
2026-08-31T02:43:21.190702+00:00,0.0,211689472,2293301248,264302486,1451574238,3836,python.exe
2026-08-31T02:43:21.710234+00:00,0.0,211689472,2305282048,264302486,1451574238,3836,python.exe
2026-08-31T02:43:22.226400+00:00,3.0,211689472,2287521792,264303016,1451574610,3836,python.exe
2026-08-31T02:43:22.744342+00:00,0.0,211689472,2290126848,264303124,1451574846,3836,python.exe
2026-08-31T02:43:23.264836+00:00,3.0,211689472,2286366720,264306882,1451580432,3836,python.exe
2026-08-31T02:43:23.781759+00:00,0.0,211689472,2301091840,264306957,1451580554,3836,python.exe
2026-08-31T02:43:24.295608+00:00,0.0,211689472,2292264960,264307011,1451583137,3836,python.exe
2026-08-31T02:43:24.809161+00:00,3.0,211689472,2300444672,264307066,1451583203,3836,python.exe
2026-08-31T02:43:25.323239+00:00,3.0,211689472,2295377920,264307066,1451583203,3836,python.exe
2026-08-31T02:43:25.840231+00:00,0.0,211689472,2297958400,264307121,1451583203,3836,python.exe
2026-08-31T02:43:26.353750+00:00,3.0,211689472,2296270848,264307122,1451583269,3836,python.exe
2026-08-31T02:43:26.866815+00:00,0.0,211689472,2298953728,264307123,1451583269,3836,python.exe
2026-08-31T02:43:27.380594+00:00,3.0,211689472,2297958400,264312334,1451584615,3836,python.exe
2026-08-31T02:43:27.896081+00:00,3.0,211689472,2283216896,264318444,1451599416,3836,python.exe
2026-08-31T02:43:28.410846+00:00,3.0,211689472,2242326528,264320045,1451599939,3836,python.exe
2026-08-31T02:43:28.929076+00:00,3.0,211689472,2258083840,264320045,1451599939,3836,python.exe
2026-08-31T02:43:29.441185+00:00,0.0,211689472,2281488384,264322442,1451600344,3836,python.exe
2026-08-31T02:43:29.953909+00:00,0.0,211689472,2282631168,264327850,1451607510,3836,python.exe
2026-08-31T02:43:30.467188+00:00,0.0,211689472,2277228544,264328119,1451607734,3836,python.exe
2026-08-31T02:43:30.981986+00:00,3.0,211689472,2268930048,264330636,1451609158,3836,python.exe
2026-08-31T02:43:31.496708+00:00,3.0,211689472,2279161856,264330636,1451609158,3836,python.exe
2026-08-31T02:43:32.010754+00:00,0.0,211689472,2269413376,264330636,1451609158,3836,python.exe
2026-08-31T02:43:32.524593+00:00,0.0,211689472,2277593088,264330636,1451609158,3836,python.exe
2026-08-31T02:43:33.041869+00:00,0.0,211689472,2268565504,264330707,1451609225,3836,python.exe
2026-08-31T02:43:33.556894+00:00,0.0,211689472,2275479552,264330707,1451609225,3836,python.exe
2026-08-31T02:43:34.071725+00:00,0.0,211689472,2268221440,264330971,1451609225,3836,python.exe
2026-08-31T02:43:34.586712+00:00,0.0,211689472,2260504576,264342640,1451651525,3836,python.exe
2026-08-31T02:43:35.106660+00:00,0.0,211689472,2256424960,264353552,1451656983,3836,python.exe
2026-08-31T02:43:35.623572+00:00,3.0,211689472,2264768512,264354072,1451657530,3836,python.exe
2026-08-31T02:43:36.136082+00:00,3.0,211689472,2246541312,264354073,1451657530,3836,python.exe
2026-08-31T02:43:36.649287+00:00,0.0,211689472,2267869184,264354073,1451657530,3836,python.exe
2026-08-31T02:43:37.163529+00:00,0.0,211689472,2247430144,264357176,1451659125,3836,python.exe
2026-08-31T02:43:37.678233+00:00,0.0,211689472,2267877376,264357312,1451659755,3836,python.exe
2026-08-31T02:43:38.191697+00:00,3.0,211689472,2259562496,264357398,1451659896,3836,python.exe
2026-08-31T02:43:38.705997+00:00,0.0,211689472,2268528640,264357680,1451660549,3836,python.exe
2026-08-31T02:43:39.224382+00:00,3.0,211689472,2258792448,264359687,1451670753,3836,python.exe
2026-08-31T02:43:39.739213+00:00,3.0,211689472,2267922432,264359688,1451670753,3836,python.exe
2026-08-31T02:43:40.252770+00:00,0.0,211689472,2260041728,264362939,1451672173,3836,python.exe
2026-08-31T02:43:40.766512+00:00,0.0,211689472,2268524544,264362939,1451672233,3836,python.exe
2026-08-31T02:43:41.279754+00:00,0.0,211689472,2259136512,264365601,1451677774,3836,python.exe
2026-08-31T02:43:41.794631+00:00,3.0,211689472,2266656768,264365601,1451677774,3836,python.exe
2026-08-31T02:43:42.307956+00:00,3.0,211689472,2260193280,264365601,1451677774,3836,python.exe
2026-08-31T02:43:42.821787+00:00,0.0,211689472,2268041216,264369149,1451678787,3836,python.exe
2026-08-31T02:43:43.335702+00:00,0.0,211689472,2267639808,264374031,1451679157,3836,python.exe
2026-08-31T02:43:43.849456+00:00,0.0,211689472,2262421504,264381800,1451682916,3836,python.exe
2026-08-31T02:43:44.363616+00:00,3.0,211689472,2266972160,264388729,1451690978,3836,python.exe
2026-08-31T02:43:44.876145+00:00,0.0,211689472,2261639168,264388729,1451690978,3836,python.exe
2026-08-31T02:43:45.388791+00:00,0.0,211689472,2269253632,264388729,1451690978,3836,python.exe
2026-08-31T02:43:45.905062+00:00,3.0,211689472,2264211456,264391507,1451691202,3836,python.exe
2026-08-31T02:43:46.418960+00:00,3.0,211689472,2271457280,264394496,1451692184,3836,python.exe
2026-08-31T02:43:46.931902+00:00,3.0,211689472,2266017792,264394550,1451692736,3836,python.exe
2026-08-31T02:43:47.445127+00:00,0.0,211689472,2271797248,264396518,1451693635,3836,python.exe
2026-08-31T02:43:47.961585+00:00,0.0,211689472,2265309184,264396518,1451693728,3836,python.exe
2026-08-31T02:43:48.479815+00:00,0.0,211689472,2275172352,264396648,1451693794,3836,python.exe
2026-08-31T02:43:48.994313+00:00,0.0,211689472,2267328512,264396648,1451693794,3836,python.exe
2026-08-31T02:43:49.508518+00:00,0.0,211689472,2270920704,264396648,1451693794,3836,python.exe
2026-08-31T02:43:50.029149+00:00,3.0,211689472,2260209664,264396861,1451693887,3836,python.exe
2026-08-31T02:43:50.541617+00:00,3.0,211689472,2257555456,264400174,1451709966,3836,python.exe
2026-08-31T02:43:51.055578+00:00,0.0,211689472,2252906496,264409574,1451789336,3836,python.exe
2026-08-31T02:43:51.596428+00:00,0.0,211689472,2219188224,264414887,1451907758,3836,python.exe
2026-08-31T02:43:52.110634+00:00,0.0,211689472,2198700032,264426279,1451950931,3836,python.exe
2026-08-31T02:43:52.624609+00:00,0.0,211689472,2198548480,264435207,1451955785,3836,python.exe
2026-08-31T02:43:53.138848+00:00,0.0,211689472,2194546688,264435207,1451955785,3836,python.exe
2026-08-31T02:43:53.652074+00:00,0.0,211689472,2198061056,264435207,1451955785,3836,python.exe
2026-08-31T02:43:54.165872+00:00,0.0,211689472,2195185664,264435207,1451955785,3836,python.exe
2026-08-31T02:43:54.679245+00:00,0.0,211689472,2201370624,264435207,1451955785,3836,python.exe
2026-08-31T02:43:55.191974+00:00,3.0,211689472,2201907200,264435207,1451955785,3836,python.exe
2026-08-31T02:43:55.704701+00:00,0.0,211689472,2228371456,264439483,1451957544,3836,python.exe
2026-08-31T02:43:56.225571+00:00,0.0,211689472,2199171072,264439603,1451957777,3836,python.exe
2026-08-31T02:43:56.739527+00:00,3.0,211689472,2205896704,264439603,1451957777,3836,python.exe
2026-08-31T02:43:57.254696+00:00,0.0,211689472,2196484096,264454437,1451961975,3836,python.exe
2026-08-31T02:43:57.769096+00:00,0.0,211689472,2197622784,264454682,1451962834,3836,python.exe
2026-08-31T02:43:58.284193+00:00,0.0,211689472,2204626944,264454748,1451962834,3836,python.exe
2026-08-31T02:43:58.799799+00:00,0.0,211689472,2210271232,264454803,1451962900,3836,python.exe
2026-08-31T02:43:59.315441+00:00,0.0,211689472,2208190464,264455118,1451963154,3836,python.exe
2026-08-31T02:43:59.829361+00:00,0.0,211689472,2224578560,264455118,1451963154,3836,python.exe
2026-08-31T02:44:00.343300+00:00,0.0,211689472,2214486016,264455265,1451963247,3836,python.exe
2026-08-31T02:44:00.864998+00:00,0.0,211689472,2214887424,264455374,1451963477,3836,python.exe
2026-08-31T02:44:01.379443+00:00,0.0,211689472,2217324544,264455495,1451963543,3836,python.exe
2026-08-31T02:44:01.895531+00:00,0.0,211689472,2216583168,264455495,1451963543,3836,python.exe
2026-08-31T02:44:02.409207+00:00,0.0,211689472,2189451264,264460244,1451969517,3836,python.exe
2026-08-31T02:44:02.924062+00:00,0.0,211689472,2189463552,264460299,1451969583,3836,python.exe
2026-08-31T02:44:03.440162+00:00,0.0,211689472,2182328320,264460424,1451969731,3836,python.exe
2026-08-31T02:44:03.954890+00:00,6.1,211689472,2179661824,264460424,1451969731,3836,python.exe
2026-08-31T02:44:04.470008+00:00,0.0,211689472,2184790016,264460499,1451969852,3836,python.exe
2026-08-31T02:44:04.984117+00:00,3.0,211689472,2187694080,264460499,1451969852,3836,python.exe
2026-08-31T02:44:05.497819+00:00,0.0,211689472,2187595776,264460741,1451969970,3836,python.exe
2026-08-31T02:44:06.011138+00:00,0.0,211689472,2188681216,264460741,1451969970,3836,python.exe
2026-08-31T02:44:06.524265+00:00,0.0,211689472,2182094848,264460741,1451969970,3836,python.exe
2026-08-31T02:44:07.038688+00:00,0.0,211689472,2189991936,264463641,1451972409,3836,python.exe
2026-08-31T02:44:07.552572+00:00,0.0,211689472,2183081984,264465288,1451972925,3836,python.exe
2026-08-31T02:44:08.066693+00:00,3.0,211689472,2192146432,264465405,1451972985,3836,python.exe
2026-08-31T02:44:08.581051+00:00,0.0,211689472,2184949760,264465405,1451972985,3836,python.exe
2026-08-31T02:44:09.095403+00:00,0.0,211689472,2192494592,264465460,1451973051,3836,python.exe
2026-08-31T02:44:09.609848+00:00,3.0,211689472,2183770112,264465515,1451973117,3836,python.exe
2026-08-31T02:44:10.123457+00:00,0.0,211689472,2179985408,264465662,1451973210,3836,python.exe
2026-08-31T02:44:10.640984+00:00,6.0,211689472,2187341824,264465662,1451973210,3836,python.exe
2026-08-31T02:44:11.156123+00:00,0.0,211689472,2183163904,264465662,1451973210,3836,python.exe
2026-08-31T02:44:11.670666+00:00,0.0,211689472,2190245888,264465662,1451973210,3836,python.exe
2026-08-31T02:44:12.185021+00:00,3.0,211689472,2187767808,264465662,1451973210,3836,python.exe
2026-08-31T02:44:12.704414+00:00,3.0,211689472,2183716864,264469720,1451974283,3836,python.exe
2026-08-31T02:44:13.221808+00:00,0.0,211689472,2173038592,264469720,1451974283,3836,python.exe
2026-08-31T02:44:13.735556+00:00,3.0,211689472,2180534272,264474579,1451975060,3836,python.exe
2026-08-31T02:44:14.248285+00:00,0.0,211689472,2174033920,264474579,1451975060,3836,python.exe
2026-08-31T02:44:14.763093+00:00,3.0,211689472,2179944448,264474579,1451975060,3836,python.exe
2026-08-31T02:44:15.278436+00:00,3.0,211689472,2257321984,264474579,1451975060,3836,python.exe
2026-08-31T02:44:15.794188+00:00,3.0,211689472,2400100352,264474633,1451975224,3836,python.exe
2026-08-31T02:44:16.307681+00:00,3.0,211689472,2401705984,264474688,1451975290,3836,python.exe
2026-08-31T02:44:16.822357+00:00,3.0,211689472,2401873920,264474688,1451975290,3836,python.exe
2026-08-31T02:44:17.334751+00:00,0.0,211689472,2406096896,264476396,1451975788,3836,python.exe
2026-08-31T02:44:17.848814+00:00,3.0,211689472,2406170624,264477030,1451977582,3836,python.exe
2026-08-31T02:44:18.362588+00:00,0.0,211689472,2401873920,264477260,1451978212,3836,python.exe
2026-08-31T02:44:18.876619+00:00,0.0,211689472,2401992704,264480995,1451983491,3836,python.exe
2026-08-31T02:44:19.393229+00:00,0.0,211689472,2396577792,264481276,1451983994,3836,python.exe
2026-08-31T02:44:19.907178+00:00,0.0,211689472,2397327360,264481276,1451983994,3836,python.exe
2026-08-31T02:44:20.421749+00:00,0.0,211689472,2393645056,264481478,1451984153,3836,python.exe
2026-08-31T02:44:20.939146+00:00,0.0,211689472,2393800704,264481478,1451984153,3836,python.exe
2026-08-31T02:44:21.459441+00:00,0.0,211689472,2399797248,264484782,1451984377,3836,python.exe
2026-08-31T02:44:21.975016+00:00,0.0,211689472,2399711232,264484782,1451984377,3836,python.exe
2026-08-31T02:44:22.495591+00:00,0.0,211689472,2396962816,264484782,1451984377,3836,python.exe
2026-08-31T02:44:23.012202+00:00,3.0,211689472,2378260480,264484782,1451984377,3836,python.exe
2026-08-31T02:44:23.548084+00:00,5.8,211689472,2380308480,264518829,1451984617,3836,python.exe
2026-08-31T02:44:24.065760+00:00,0.0,211689472,2379649024,264518937,1451985078,3836,python.exe
2026-08-31T02:44:24.578223+00:00,0.0,211689472,2379243520,264518937,1451985138,3836,python.exe
2026-08-31T02:44:25.092722+00:00,0.0,211689472,2379325440,264519012,1451985320,3836,python.exe
2026-08-31T02:44:25.606445+00:00,3.0,211689472,2372030464,264519012,1451985320,3836,python.exe
2026-08-31T02:44:26.120401+00:00,3.0,211689472,2366816256,264519012,1451985380,3836,python.exe
2026-08-31T02:44:26.636913+00:00,0.0,211689472,2372751360,264519012,1451985380,3836,python.exe
2026-08-31T02:44:27.155556+00:00,3.0,211689472,2368528384,264519012,1451985380,3836,python.exe
2026-08-31T02:44:27.670125+00:00,0.0,211689472,2375368704,264519190,1451985566,3836,python.exe
2026-08-31T02:44:28.184225+00:00,3.0,211689472,2370310144,264519190,1451985566,3836,python.exe
2026-08-31T02:44:28.698640+00:00,3.0,211689472,2372964352,264519190,1451985566,3836,python.exe
2026-08-31T02:44:29.212868+00:00,0.0,211689472,2370945024,264519190,1451985626,3836,python.exe
2026-08-31T02:44:29.726806+00:00,0.0,211689472,2374606848,264522527,1451991684,3836,python.exe
2026-08-31T02:44:30.240528+00:00,0.0,211689472,2371166208,264522828,1451991897,3836,python.exe
2026-08-31T02:44:30.754650+00:00,3.0,211689472,2374062080,264522882,1451992495,3836,python.exe
2026-08-31T02:44:31.267709+00:00,0.0,211689472,2373238784,264522937,1451992621,3836,python.exe
2026-08-31T02:44:31.781687+00:00,0.0,211689472,2379165696,264522937,1451992621,3836,python.exe
2026-08-31T02:44:32.296101+00:00,3.0,211689472,2377601024,264522937,1451992621,3836,python.exe
2026-08-31T02:44:32.810537+00:00,0.0,211689472,2381512704,264522937,1451992621,3836,python.exe
2026-08-31T02:44:33.324221+00:00,3.0,211689472,2381848576,264523008,1451992688,3836,python.exe
2026-08-31T02:44:33.837351+00:00,0.0,211689472,2385403904,264523008,1451992688,3836,python.exe
2026-08-31T02:44:34.352056+00:00,0.0,211689472,2384519168,264523008,1451992688,3836,python.exe
2026-08-31T02:44:34.865945+00:00,0.0,211689472,2385833984,264523008,1451992688,3836,python.exe
2026-08-31T02:44:35.381761+00:00,0.0,211689472,2379526144,264523130,1451992688,3836,python.exe
2026-08-31T02:44:35.902628+00:00,0.0,211689472,2380386304,264523184,1451992806,3836,python.exe
2026-08-31T02:44:36.418176+00:00,3.0,211689472,2378846208,264523184,1451992866,3836,python.exe
2026-08-31T02:44:36.934334+00:00,0.0,211689472,2382508032,264523184,1451992926,3836,python.exe
2026-08-31T02:44:37.449532+00:00,0.0,211689472,2380562432,264523292,1451993139,3836,python.exe
2026-08-31T02:44:37.963331+00:00,6.1,211689472,2382594048,264523374,1451993337,3836,python.exe
2026-08-31T02:44:38.483408+00:00,6.0,211689472,2381762560,264523374,1451993337,3836,python.exe
2026-08-31T02:44:38.996207+00:00,0.0,211689472,2383044608,264523482,1451993628,3836,python.exe
2026-08-31T02:44:39.512485+00:00,3.0,211689472,2383519744,264523482,1451993628,3836,python.exe
2026-08-31T02:44:40.028270+00:00,0.0,211689472,2358648832,264530257,1452000165,3836,python.exe
2026-08-31T02:44:40.545447+00:00,3.0,211689472,2326351872,264540973,1452011930,3836,python.exe
2026-08-31T02:44:41.059422+00:00,3.0,211689472,2338045952,264541147,1452012834,3836,python.exe
2026-08-31T02:44:41.578907+00:00,3.0,211689472,2324844544,264541147,1452012834,3836,python.exe
2026-08-31T02:44:42.096523+00:00,0.0,211689472,2315370496,264541147,1452012834,3836,python.exe
2026-08-31T02:44:42.610481+00:00,0.0,211689472,2314690560,264544156,1452013497,3836,python.exe
2026-08-31T02:44:43.125074+00:00,3.0,211689472,2309091328,264544156,1452013557,3836,python.exe
2026-08-31T02:44:43.641657+00:00,0.0,211689472,2318680064,264548180,1452014154,3836,python.exe
2026-08-31T02:44:44.156078+00:00,0.0,211689472,2317639680,264548180,1452014214,3836,python.exe
2026-08-31T02:44:44.675103+00:00,0.0,211689472,2324676608,264548180,1452014274,3836,python.exe
2026-08-31T02:44:45.192492+00:00,3.0,211689472,2320011264,264548255,1452014396,3836,python.exe
2026-08-31T02:44:45.706481+00:00,0.0,211689472,2326560768,264548364,1452014626,3836,python.exe
2026-08-31T02:44:46.220469+00:00,0.0,211689472,2322599936,264548419,1452014626,3836,python.exe
2026-08-31T02:44:46.734039+00:00,0.0,211673088,2325897216,264548485,1452014692,3836,python.exe
2026-08-31T02:44:47.246999+00:00,0.0,211673088,2324647936,264548485,1452014692,3836,python.exe
2026-08-31T02:44:47.760353+00:00,3.0,211673088,2334146560,264549089,1452015654,3836,python.exe
2026-08-31T02:44:48.275257+00:00,3.0,211673088,2334253056,264549164,1452015747,3836,python.exe
2026-08-31T02:44:48.788433+00:00,0.0,211673088,2337165312,264549164,1452015747,3836,python.exe
2026-08-31T02:44:49.300896+00:00,3.0,211673088,2342580224,264549164,1452015747,3836,python.exe
2026-08-31T02:44:49.813480+00:00,0.0,211673088,2345455616,264549230,1452015747,3836,python.exe
2026-08-31T02:44:50.328178+00:00,0.0,211673088,2348642304,264549663,1452016224,3836,python.exe
2026-08-31T02:44:50.842560+00:00,0.0,211673088,2339008512,264549663,1452016224,3836,python.exe
2026-08-31T02:44:51.357073+00:00,3.0,211673088,2344120320,264550092,1452016379,3836,python.exe
2026-08-31T02:44:51.870881+00:00,3.0,211673088,2346065920,264550146,1452017040,3836,python.exe
2026-08-31T02:44:52.391011+00:00,6.0,211673088,2343653376,264550201,1452017106,3836,python.exe
2026-08-31T02:44:52.905858+00:00,0.0,211673088,2345533440,264550256,1452017172,3836,python.exe
2026-08-31T02:44:53.419162+00:00,0.0,211673088,2345095168,264550322,1452017172,3836,python.exe
2026-08-31T02:44:53.931578+00:00,3.0,211673088,2349035520,264550322,1452017172,3836,python.exe
2026-08-31T02:44:54.447427+00:00,0.0,211673088,2346127360,264550322,1452017172,3836,python.exe
2026-08-31T02:44:54.959472+00:00,0.0,211673088,2349948928,264550322,1452017172,3836,python.exe
2026-08-31T02:44:55.476880+00:00,6.0,211673088,2349674496,264553863,1452017798,3836,python.exe
2026-08-31T02:44:55.991405+00:00,0.0,211673088,2349023232,264559933,1452024066,3836,python.exe
2026-08-31T02:44:56.504996+00:00,3.0,211673088,2374557696,264559933,1452024066,3836,python.exe
2026-08-31T02:44:57.024049+00:00,0.0,211673088,2373173248,264559933,1452024066,3836,python.exe
2026-08-31T02:44:57.538380+00:00,0.0,211673088,2362724352,264561924,1452025817,3836,python.exe
2026-08-31T02:44:58.060622+00:00,0.0,211673088,2373263360,264561924,1452025817,3836,python.exe
2026-08-31T02:44:58.578236+00:00,0.0,211673088,2364342272,264561924,1452025817,3836,python.exe
2026-08-31T02:44:59.091692+00:00,0.0,211673088,2376577024,264561924,1452025817,3836,python.exe
2026-08-31T02:44:59.604983+00:00,3.0,211673088,2382393344,264561924,1452025817,3836,python.exe
2026-08-31T02:45:00.120442+00:00,0.0,211673088,2401841152,264562061,1452025885,3836,python.exe
2026-08-31T02:45:00.635762+00:00,3.0,211673088,2399535104,264564939,1452027438,3836,python.exe
2026-08-31T02:45:01.157041+00:00,0.0,211689472,2365095936,264564939,1452027438,3836,python.exe
2026-08-31T02:45:01.701250+00:00,2.9,211689472,2371870720,264570633,1452048621,3836,python.exe
2026-08-31T02:45:02.219299+00:00,6.0,211689472,2311639040,264573262,1452050146,3836,python.exe
2026-08-31T02:45:02.733447+00:00,3.0,211689472,2317590528,264573262,1452050146,3836,python.exe
2026-08-31T02:45:03.247124+00:00,0.0,211689472,2312708096,264573441,1452050273,3836,python.exe
2026-08-31T02:45:03.762184+00:00,3.0,211689472,2317127680,264573441,1452050333,3836,python.exe
2026-08-31T02:45:04.275231+00:00,0.0,211689472,2310946816,264573441,1452050333,3836,python.exe
2026-08-31T02:45:04.787970+00:00,0.0,211689472,2319806464,264575923,1452055061,3836,python.exe
2026-08-31T02:45:05.301406+00:00,3.0,211689472,2318327808,264581911,1452059906,3836,python.exe
2026-08-31T02:45:05.813502+00:00,0.0,211689472,2326798336,264583235,1452060965,3836,python.exe
2026-08-31T02:45:06.327631+00:00,0.0,211689472,2327171072,264588409,1452063858,3836,python.exe
2026-08-31T02:45:06.840720+00:00,0.0,211689472,2320596992,264591567,1452080512,3836,python.exe
2026-08-31T02:45:07.355936+00:00,3.0,211689472,2326298624,264595881,1452152207,3836,python.exe
2026-08-31T02:45:07.873813+00:00,3.0,211689472,2306654208,264606518,1452679337,3836,python.exe
2026-08-31T02:45:08.390338+00:00,3.0,211689472,2307137536,264610383,1453283546,3836,python.exe
2026-08-31T02:45:08.910036+00:00,0.0,211689472,2315362304,264611301,1453543902,3836,python.exe
2026-08-31T02:45:09.428668+00:00,0.0,211689472,2324729856,264614071,1454166590,3836,python.exe
2026-08-31T02:45:09.949159+00:00,0.0,211689472,2315476992,264615707,1454437691,3836,python.exe
2026-08-31T02:45:10.464700+00:00,0.0,211689472,2372362240,264620538,1454713580,3836,python.exe
2026-08-31T02:45:10.979140+00:00,3.0,211689472,2385604608,264622336,1454986651,3836,python.exe
2026-08-31T02:45:11.495967+00:00,0.0,211689472,2381914112,264622336,1454986651,3836,python.exe
2026-08-31T02:45:12.009863+00:00,3.0,211689472,2390925312,264626415,1455529695,3836,python.exe
2026-08-31T02:45:12.526067+00:00,0.0,211689472,2369216512,264632574,1455535830,3836,python.exe
2026-08-31T02:45:13.043437+00:00,0.0,211689472,2360840192,264636545,1456072126,3836,python.exe
2026-08-31T02:45:13.558302+00:00,6.1,211689472,2370416640,264645518,1456616931,3836,python.exe
2026-08-31T02:45:14.073621+00:00,0.0,211689472,2361499648,264647370,1456888032,3836,python.exe
2026-08-31T02:45:14.586341+00:00,0.0,211689472,2365591552,264651414,1457428978,3836,python.exe
2026-08-31T02:45:15.100571+00:00,0.0,211689472,2365263872,264653212,1457701857,3836,python.exe
2026-08-31T02:45:15.613516+00:00,0.0,211689472,2368479232,264657294,1458247087,3836,python.exe
2026-08-31T02:45:16.127993+00:00,0.0,211689472,2373656576,264661091,1458792410,3836,python.exe
2026-08-31T02:45:16.641963+00:00,0.0,211689472,2376204288,264662998,1459063577,3836,python.exe
2026-08-31T02:45:17.155092+00:00,0.0,211689472,2378948608,264670178,1459335383,3836,python.exe
2026-08-31T02:45:17.667738+00:00,3.0,211689472,2380115968,264674759,1459611445,3836,python.exe
2026-08-31T02:45:18.180622+00:00,0.0,211689472,2375426048,264676686,1459882585,3836,python.exe
2026-08-31T02:45:18.696828+00:00,0.0,211689472,2373390336,264676833,1459882585,3836,python.exe
2026-08-31T02:45:19.214806+00:00,0.0,211689472,2370863104,264680757,1460420744,3836,python.exe
2026-08-31T02:45:19.731632+00:00,0.0,211689472,2370744320,264683935,1460693582,3836,python.exe
2026-08-31T02:45:20.247075+00:00,3.0,211689472,2364063744,264686074,1460964022,3836,python.exe
2026-08-31T02:45:20.763744+00:00,3.0,211689472,2367651840,264692086,1461498675,3836,python.exe
2026-08-31T02:45:21.281796+00:00,0.0,211689472,2368184320,264695010,1461768450,3836,python.exe
2026-08-31T02:45:21.797246+00:00,3.0,211689472,2366894080,264697038,1462036589,3836,python.exe
2026-08-31T02:45:22.310585+00:00,0.0,211689472,2373132288,264699580,1462303401,3836,python.exe
2026-08-31T02:45:22.823573+00:00,0.0,211689472,2368909312,264703014,1462841577,3836,python.exe
2026-08-31T02:45:23.338484+00:00,0.0,211689472,2376597504,264704423,1463106880,3836,python.exe
2026-08-31T02:45:23.852296+00:00,0.0,211689472,2361442304,264706814,1463380274,3836,python.exe
2026-08-31T02:45:24.365645+00:00,0.0,211689472,2360623104,264708722,1463652891,3836,python.exe
2026-08-31T02:45:24.878569+00:00,0.0,211689472,2358075392,264710522,1463922480,3836,python.exe
2026-08-31T02:45:25.398930+00:00,3.0,211689472,2367160320,264714717,1464467780,3836,python.exe
2026-08-31T02:45:25.914910+00:00,0.0,211689472,2359906304,264716572,1464738949,3836,python.exe
2026-08-31T02:45:26.432043+00:00,0.0,211689472,2371497984,264718325,1465007293,3836,python.exe
2026-08-31T02:45:26.946132+00:00,0.0,211689472,2361311232,264719910,1465278396,3836,python.exe
2026-08-31T02:45:27.459922+00:00,0.0,211689472,2372874240,264719910,1465278396,3836,python.exe
2026-08-31T02:45:27.978063+00:00,0.0,211689472,2364284928,264723225,1465788482,3836,python.exe
2026-08-31T02:45:28.491963+00:00,0.0,211689472,2374045696,264724076,1465788482,3836,python.exe
2026-08-31T02:45:29.012279+00:00,3.0,211689472,2362822656,264724238,1465789005,3836,python.exe
2026-08-31T02:45:29.529858+00:00,0.0,211689472,2365054976,264724239,1465789005,3836,python.exe
2026-08-31T02:45:30.048121+00:00,3.0,211689472,2364612608,264724240,1465789005,3836,python.exe
2026-08-31T02:45:30.563322+00:00,0.0,211689472,2365718528,264724240,1465789005,3836,python.exe
2026-08-31T02:45:31.077830+00:00,3.0,211689472,2369552384,264724296,1465789071,3836,python.exe
2026-08-31T02:45:31.591357+00:00,0.0,211689472,2370355200,264724529,1465789263,3836,python.exe
2026-08-31T02:45:32.106745+00:00,3.0,211689472,2370797568,264724529,1465789263,3836,python.exe
2026-08-31T02:45:32.621092+00:00,3.0,211689472,2374287360,264724639,1465789395,3836,python.exe
2026-08-31T02:45:33.136049+00:00,0.0,211689472,2373599232,264724710,1465789462,3836,python.exe
2026-08-31T02:45:33.651944+00:00,0.0,211689472,2374275072,264724710,1465789462,3836,python.exe
2026-08-31T02:45:34.166096+00:00,0.0,211689472,2375839744,264724710,1465789462,3836,python.exe
2026-08-31T02:45:34.679579+00:00,0.0,211689472,2379100160,264724776,1465789462,3836,python.exe
2026-08-31T02:45:35.192973+00:00,3.0,211689472,2370281472,264724777,1465789462,3836,python.exe
2026-08-31T02:45:35.711430+00:00,0.0,211689472,2357317632,264725019,1465789580,3836,python.exe
2026-08-31T02:45:36.226788+00:00,3.0,211689472,2358312960,264725233,1465789791,3836,python.exe
2026-08-31T02:45:36.742534+00:00,0.0,211689472,2360836096,264725234,1465789791,3836,python.exe
2026-08-31T02:45:37.257980+00:00,3.0,211689472,2359275520,264725234,1465789791,3836,python.exe
2026-08-31T02:45:37.772024+00:00,0.0,211689472,2360745984,264725382,1465789929,3836,python.exe
2026-08-31T02:45:38.285968+00:00,3.0,211689472,2362351616,264725383,1465789929,3836,python.exe
2026-08-31T02:45:38.800562+00:00,0.0,211689472,2362888192,264725384,1465789929,3836,python.exe
2026-08-31T02:45:39.315785+00:00,0.0,211689472,2365276160,264725384,1465790193,3836,python.exe
2026-08-31T02:45:39.833935+00:00,0.0,211689472,2358349824,264725385,1465790325,3836,python.exe
2026-08-31T02:45:40.349275+00:00,0.0,211689472,2361413632,264725439,1465790463,3836,python.exe
2026-08-31T02:45:40.867642+00:00,3.0,211689472,2360008704,264725547,1465790739,3836,python.exe
2026-08-31T02:45:41.382058+00:00,0.0,211689472,2361733120,264725618,1465790807,3836,python.exe
2026-08-31T02:45:41.896045+00:00,3.0,211689472,2364641280,264725738,1465790945,3836,python.exe
2026-08-31T02:45:42.413378+00:00,0.0,211689472,2362474496,264725738,1465790945,3836,python.exe
2026-08-31T02:45:42.927404+00:00,3.0,211689472,2364956672,264729819,1465791918,3836,python.exe
2026-08-31T02:45:43.445104+00:00,3.0,211689472,2367582208,264733974,1465792156,3836,python.exe
2026-08-31T02:45:43.959638+00:00,3.0,211689472,2354638848,264734136,1465792653,3836,python.exe
2026-08-31T02:45:44.476639+00:00,0.0,211689472,2363568128,264734178,1465792713,3836,python.exe
2026-08-31T02:45:44.990854+00:00,0.0,211689472,2354286592,264734178,1465792713,3836,python.exe
2026-08-31T02:45:45.506541+00:00,0.0,211689472,2354798592,264734178,1465792713,3836,python.exe
2026-08-31T02:45:46.024426+00:00,0.0,211689472,2363797504,264734178,1465792773,3836,python.exe
2026-08-31T02:45:46.536718+00:00,0.0,211689472,2356342784,264734400,1465792988,3836,python.exe
2026-08-31T02:45:47.049236+00:00,0.0,211689472,2355871744,264734510,1465793180,3836,python.exe
2026-08-31T02:45:47.562451+00:00,0.0,211689472,2361126912,264734743,1465793372,3836,python.exe
2026-08-31T02:45:48.076906+00:00,0.0,211689472,2356834304,264734818,1465793525,3836,python.exe
2026-08-31T02:45:48.590434+00:00,3.0,211689472,2359971840,264734818,1465793525,3836,python.exe
2026-08-31T02:45:49.110083+00:00,6.0,211689472,2355470336,264734818,1465793585,3836,python.exe
2026-08-31T02:45:49.626718+00:00,0.0,211689472,2356355072,264734818,1465793585,3836,python.exe
2026-08-31T02:45:50.140687+00:00,0.0,211689472,2356035584,264734818,1465793645,3836,python.exe
2026-08-31T02:45:50.654703+00:00,0.0,211689472,2357133312,264734818,1465793645,3836,python.exe
2026-08-31T02:45:51.170694+00:00,3.0,211689472,2359439360,264734818,1465793705,3836,python.exe
2026-08-31T02:45:51.684089+00:00,3.0,211689472,2360672256,264734818,1465793705,3836,python.exe
2026-08-31T02:45:52.199907+00:00,3.0,211689472,2360184832,264734818,1465793765,3836,python.exe
2026-08-31T02:45:52.724228+00:00,0.0,211689472,2356142080,264734818,1465793765,3836,python.exe
2026-08-31T02:45:53.242125+00:00,3.0,211689472,2352623616,264734818,1465793825,3836,python.exe
2026-08-31T02:45:53.758672+00:00,0.0,211689472,2353577984,264734818,1465793825,3836,python.exe
2026-08-31T02:45:54.271462+00:00,0.0,211689472,2356871168,264734818,1465793885,3836,python.exe
2026-08-31T02:45:54.783820+00:00,0.0,211689472,2358468608,264734818,1465793885,3836,python.exe
2026-08-31T02:45:55.298645+00:00,0.0,211689472,2360991744,264734818,1465793945,3836,python.exe
2026-08-31T02:45:55.811266+00:00,0.0,211689472,2353135616,264738392,1465800296,3836,python.exe
2026-08-31T02:45:56.350088+00:00,2.9,211689472,2345709568,264738539,1465800449,3836,python.exe
2026-08-31T02:45:56.872781+00:00,3.0,211689472,2339782656,264738539,1465800449,3836,python.exe
2026-08-31T02:45:57.386884+00:00,3.0,211689472,2349572096,264738539,1465800509,3836,python.exe
2026-08-31T02:45:57.900584+00:00,3.0,211689472,2347728896,264738621,1465800647,3836,python.exe
2026-08-31T02:45:58.413103+00:00,0.0,211689472,2349461504,264738621,1465800707,3836,python.exe
2026-08-31T02:45:58.926238+00:00,3.0,211689472,2349645824,264738621,1465800707,3836,python.exe
2026-08-31T02:45:59.440558+00:00,0.0,211689472,2363219968,264738621,1465800767,3836,python.exe
2026-08-31T02:45:59.959572+00:00,3.0,211689472,2364444672,264738621,1465800767,3836,python.exe
2026-08-31T02:46:00.476793+00:00,3.0,211689472,2357256192,264738621,1465800827,3836,python.exe
2026-08-31T02:46:00.991892+00:00,0.0,211689472,2360037376,264738621,1465800827,3836,python.exe
2026-08-31T02:46:01.506239+00:00,3.0,211689472,2357690368,264739793,1465801510,3836,python.exe
2026-08-31T02:46:02.020686+00:00,3.0,211689472,2347147264,264739848,1465801576,3836,python.exe
2026-08-31T02:46:02.535263+00:00,0.0,211689472,2342768640,264739958,1465801768,3836,python.exe
2026-08-31T02:46:03.051285+00:00,0.0,211689472,2352771072,264740029,1465801835,3836,python.exe
2026-08-31T02:46:03.566131+00:00,0.0,211689472,2352566272,264744781,1465807810,3836,python.exe
2026-08-31T02:46:04.081793+00:00,0.0,211689472,2345263104,264744781,1465807870,3836,python.exe
2026-08-31T02:46:04.596205+00:00,0.0,211689472,2343940096,264744781,1465807870,3836,python.exe
2026-08-31T02:46:05.110520+00:00,0.0,211689472,2352631808,264744781,1465807930,3836,python.exe
2026-08-31T02:46:05.624271+00:00,3.0,211689472,2353242112,264744957,1465808048,3836,python.exe
2026-08-31T02:46:06.138099+00:00,0.0,211689472,2347737088,264745050,1465808201,3836,python.exe
2026-08-31T02:46:06.653249+00:00,3.0,211689472,2347212800,264745267,1465808327,3836,python.exe
2026-08-31T02:46:07.167909+00:00,3.0,211689472,2354192384,264745342,1465808509,3836,python.exe
2026-08-31T02:46:07.681151+00:00,0.0,211689472,2354839552,264745504,1465808509,3836,python.exe
2026-08-31T02:46:08.196509+00:00,0.0,211689472,2352975872,264745504,1465808569,3836,python.exe
2026-08-31T02:46:08.711029+00:00,0.0,211689472,2353975296,264745558,1465808569,3836,python.exe
2026-08-31T02:46:09.225228+00:00,0.0,211689472,2354761728,264745558,1465808629,3836,python.exe
2026-08-31T02:46:09.739345+00:00,3.0,211689472,2354499584,264745666,1465808629,3836,python.exe
2026-08-31T02:46:10.257002+00:00,0.0,211689472,2359123968,264745666,1465808689,3836,python.exe
2026-08-31T02:46:10.770985+00:00,3.0,211689472,2355773440,264745721,1465808755,3836,python.exe
2026-08-31T02:46:11.291300+00:00,0.0,211689472,2364329984,264745721,1465808755,3836,python.exe
2026-08-31T02:46:11.805780+00:00,0.0,211689472,2358501376,264745721,1465808755,3836,python.exe
2026-08-31T02:46:12.319822+00:00,0.0,211689472,2367762432,264745721,1465808755,3836,python.exe
2026-08-31T02:46:12.839465+00:00,0.0,211689472,2360446976,264748290,1465809241,3836,python.exe
2026-08-31T02:46:13.361426+00:00,3.0,211689472,2394902528,264748468,1465809367,3836,python.exe
2026-08-31T02:46:13.876644+00:00,0.0,211689472,2334707712,264764448,1465818427,3836,python.exe
2026-08-31T02:46:14.391866+00:00,0.0,211689472,2335424512,264773428,1465831510,3836,python.exe
2026-08-31T02:46:14.906487+00:00,3.0,211689472,2340470784,264779446,1465842071,3836,python.exe
2026-08-31T02:46:15.421668+00:00,0.0,211689472,2327756800,264779446,1465842071,3836,python.exe
2026-08-31T02:46:15.934261+00:00,0.0,211689472,2334552064,264779501,1465842137,3836,python.exe
2026-08-31T02:46:16.447458+00:00,3.0,211689472,2323341312,264779648,1465842230,3836,python.exe
2026-08-31T02:46:16.964740+00:00,0.0,211689472,2333515776,264779777,1465842832,3836,python.exe
2026-08-31T02:46:17.478973+00:00,3.0,211689472,2328375296,264779914,1465842970,3836,python.exe
2026-08-31T02:46:17.991506+00:00,0.0,211689472,2335592448,264780044,1465843195,3836,python.exe
2026-08-31T02:46:18.505191+00:00,3.0,211689472,2325053440,264780044,1465843195,3836,python.exe
2026-08-31T02:46:19.027913+00:00,3.0,211689472,2334871552,264780044,1465843195,3836,python.exe
2026-08-31T02:46:19.542392+00:00,0.0,211689472,2326622208,264780044,1465843195,3836,python.exe
2026-08-31T02:46:20.057184+00:00,0.0,211689472,2334081024,264780044,1465843195,3836,python.exe
2026-08-31T02:46:20.571189+00:00,0.0,211689472,2325291008,264780505,1465843255,3836,python.exe
2026-08-31T02:46:21.090522+00:00,0.0,211689472,2335420416,264780559,1465843402,3836,python.exe
2026-08-31T02:46:21.604257+00:00,3.0,211689472,2324860928,264780559,1465843402,3836,python.exe
2026-08-31T02:46:22.121622+00:00,0.0,211689472,2320564224,264780630,1465843470,3836,python.exe
2026-08-31T02:46:22.635744+00:00,3.0,211689472,2329976832,264780630,1465843470,3836,python.exe
2026-08-31T02:46:23.149964+00:00,0.0,211689472,2324316160,264780696,1465843470,3836,python.exe
2026-08-31T02:46:23.664184+00:00,3.0,211689472,2329018368,264780696,1465843470,3836,python.exe
2026-08-31T02:46:24.178640+00:00,0.0,211689472,2322325504,264781511,1465843596,3836,python.exe
2026-08-31T02:46:24.692516+00:00,3.0,211689472,2332618752,264781565,1465843809,3836,python.exe
2026-08-31T02:46:25.206208+00:00,0.0,211689472,2330435584,264782256,1465843875,3836,python.exe
2026-08-31T02:46:25.719899+00:00,0.0,211689472,2335830016,264784725,1465847298,3836,python.exe
2026-08-31T02:46:26.234368+00:00,0.0,211689472,2333380608,264784938,1465847391,3836,python.exe
2026-08-31T02:46:26.748543+00:00,0.0,211689472,2334257152,264784938,1465847391,3836,python.exe
2026-08-31T02:46:27.267317+00:00,3.0,211689472,2336370688,264784938,1465847391,3836,python.exe
2026-08-31T02:46:27.782054+00:00,0.0,211689472,2335174656,264787645,1465848676,3836,python.exe
2026-08-31T02:46:28.298536+00:00,0.0,211689472,2338799616,264791467,1465855235,3836,python.exe
2026-08-31T02:46:28.811815+00:00,0.0,211689472,2340356096,264791467,1465855235,3836,python.exe
2026-08-31T02:46:29.325668+00:00,0.0,211689472,2339155968,264791467,1465855235,3836,python.exe
2026-08-31T02:46:29.839466+00:00,3.0,211689472,2340937728,264791467,1465855235,3836,python.exe
2026-08-31T02:46:30.353847+00:00,0.0,211689472,2350710784,264791533,1465855235,3836,python.exe
2026-08-31T02:46:30.879313+00:00,3.0,211689472,2357415936,264791533,1465855235,3836,python.exe
2026-08-31T02:46:31.393333+00:00,0.0,211689472,2356330496,264791533,1465855235,3836,python.exe
2026-08-31T02:46:31.907074+00:00,0.0,211689472,2352099328,264791588,1465855235,3836,python.exe
2026-08-31T02:46:32.419312+00:00,0.0,211689472,2351611904,264791588,1465855301,3836,python.exe
2026-08-31T02:46:32.931736+00:00,3.0,211689472,2353074176,264791643,1465855367,3836,python.exe
2026-08-31T02:46:33.445771+00:00,0.0,211689472,2354798592,264791714,1465855434,3836,python.exe
2026-08-31T02:46:33.963530+00:00,0.0,211689472,2355605504,264791714,1465855434,3836,python.exe
2026-08-31T02:46:34.476832+00:00,0.0,211689472,2357469184,264791714,1465855434,3836,python.exe
2026-08-31T02:46:34.989657+00:00,0.0,211689472,2349936640,264791768,1465855579,3836,python.exe
2026-08-31T02:46:35.513363+00:00,0.0,211689472,2353930240,264792068,1465855823,3836,python.exe
2026-08-31T02:46:36.027959+00:00,0.0,211689472,2357153792,264792176,1465855883,3836,python.exe
2026-08-31T02:46:36.542321+00:00,0.0,211689472,2352353280,264792323,1465855976,3836,python.exe
2026-08-31T02:46:37.056407+00:00,0.0,211689472,2349367296,264792365,1465856036,3836,python.exe
2026-08-31T02:46:37.572392+00:00,0.0,211689472,2348650496,264792501,1465856234,3836,python.exe
2026-08-31T02:46:38.085550+00:00,0.0,211689472,2350592000,264792501,1465856234,3836,python.exe
2026-08-31T02:46:38.599309+00:00,0.0,211689472,2349731840,264792501,1465856234,3836,python.exe
2026-08-31T02:46:39.113641+00:00,0.0,211689472,2349850624,264792501,1465856234,3836,python.exe
2026-08-31T02:46:39.627894+00:00,0.0,211689472,2352619520,264792501,1465856234,3836,python.exe
2026-08-31T02:46:40.142232+00:00,0.0,211689472,2355953664,264792501,1465856234,3836,python.exe
2026-08-31T02:46:40.656557+00:00,0.0,211689472,2355716096,264792556,1465856234,3836,python.exe
2026-08-31T02:46:41.172075+00:00,3.0,211689472,2356011008,264792611,1465856366,3836,python.exe
2026-08-31T02:46:41.686739+00:00,0.0,211689472,2355683328,264792611,1465856366,3836,python.exe
2026-08-31T02:46:42.200522+00:00,0.0,211689472,2359123968,264792611,1465856366,3836,python.exe
2026-08-31T02:46:42.714333+00:00,3.0,211689472,2358161408,264796770,1465857502,3836,python.exe
2026-08-31T02:46:43.230249+00:00,0.0,211689472,2363228160,264796841,1465857570,3836,python.exe
2026-08-31T02:46:43.743418+00:00,0.0,211689472,2364198912,264800926,1465858345,3836,python.exe
2026-08-31T02:46:44.260970+00:00,0.0,211689472,2372194304,264800926,1465858345,3836,python.exe
2026-08-31T02:46:44.778646+00:00,0.0,211689472,2361352192,264800926,1465858345,3836,python.exe
2026-08-31T02:46:45.297197+00:00,6.0,211689472,2366976000,264801217,1465858345,3836,python.exe
2026-08-31T02:46:45.811597+00:00,3.0,211689472,2358448128,264801379,1465859411,3836,python.exe
2026-08-31T02:46:46.333634+00:00,0.0,211689472,2355200000,264801526,1465859504,3836,python.exe
2026-08-31T02:46:46.847096+00:00,0.0,211689472,2359267328,264801526,1465859504,3836,python.exe
2026-08-31T02:46:47.361295+00:00,0.0,211689472,2362802176,264801581,1465859570,3836,python.exe
2026-08-31T02:46:47.878960+00:00,0.0,211689472,2360197120,264801636,1465859636,3836,python.exe
2026-08-31T02:46:48.393966+00:00,0.0,211689472,2331353088,264801860,1465860387,3836,python.exe
2026-08-31T02:46:48.910024+00:00,3.0,211689472,2327756800,264801860,1465860387,3836,python.exe
2026-08-31T02:46:49.425478+00:00,0.0,211689472,2327736320,264801860,1465860387,3836,python.exe
2026-08-31T02:46:49.940672+00:00,0.0,211689472,2325856256,264801977,1465860447,3836,python.exe
2026-08-31T02:46:50.454750+00:00,0.0,211689472,2303008768,264813977,1465868243,3836,python.exe
2026-08-31T02:46:50.969640+00:00,0.0,211689472,2333134848,264813977,1465868243,3836,python.exe
2026-08-31T02:46:51.483957+00:00,0.0,211689472,2334482432,264813977,1465868243,3836,python.exe
2026-08-31T02:46:51.999013+00:00,0.0,211689472,2331070464,264813977,1465868243,3836,python.exe
2026-08-31T02:46:52.514774+00:00,6.1,211689472,2330685440,264813977,1465868243,3836,python.exe
2026-08-31T02:46:53.029404+00:00,0.0,211689472,2362728448,264813977,1465868243,3836,python.exe
2026-08-31T02:46:53.544376+00:00,3.0,211689472,2354429952,264813977,1465868243,3836,python.exe
2026-08-31T02:46:54.059358+00:00,3.0,211689472,2355945472,264813977,1465868243,3836,python.exe
2026-08-31T02:46:54.575436+00:00,3.0,211689472,2343141376,264813977,1465868243,3836,python.exe
2026-08-31T02:46:55.092715+00:00,3.0,211689472,2352754688,264813977,1465868243,3836,python.exe
2026-08-31T02:46:55.606314+00:00,3.0,211689472,2352484352,264814032,1465868309,3836,python.exe
2026-08-31T02:46:56.121700+00:00,0.0,211689472,2348941312,264814032,1465868369,3836,python.exe
2026-08-31T02:46:56.636549+00:00,3.0,211689472,2341543936,264814357,1465868588,3836,python.exe
2026-08-31T02:46:57.152707+00:00,0.0,211689472,2339581952,264814357,1465868648,3836,python.exe
2026-08-31T02:46:57.667840+00:00,3.0,211689472,2342170624,264814439,1465868786,3836,python.exe
2026-08-31T02:46:58.182350+00:00,0.0,211689472,2341056512,264814439,1465868846,3836,python.exe
2026-08-31T02:46:58.694975+00:00,0.0,211689472,2342055936,264814439,1465868846,3836,python.exe
2026-08-31T02:46:59.212398+00:00,3.0,211689472,2345299968,264814494,1465868972,3836,python.exe
2026-08-31T02:46:59.726856+00:00,0.0,211689472,2347089920,264814604,1465869104,3836,python.exe
2026-08-31T02:47:00.242643+00:00,0.0,211689472,2354917376,264817437,1465874426,3836,python.exe
2026-08-31T02:47:00.758503+00:00,0.0,211673088,2348183552,264817677,1465875470,3836,python.exe
2026-08-31T02:47:01.277854+00:00,0.0,211689472,2364399616,264825812,1465876568,3836,python.exe
2026-08-31T02:47:01.795970+00:00,3.0,211689472,2332323840,264825961,1465876698,3836,python.exe
2026-08-31T02:47:02.312648+00:00,0.0,211689472,2331049984,264825961,1465876758,3836,python.exe
2026-08-31T02:47:02.825424+00:00,0.0,211689472,2343260160,264826071,1465876890,3836,python.exe
2026-08-31T02:47:03.338657+00:00,3.0,211689472,2329702400,264826142,1465877017,3836,python.exe
2026-08-31T02:47:03.852044+00:00,0.0,211689472,2331615232,264826142,1465877017,3836,python.exe
2026-08-31T02:47:04.366085+00:00,0.0,211689472,2335584256,264826142,1465877077,3836,python.exe
2026-08-31T02:47:04.881846+00:00,0.0,211689472,2338381824,264826142,1465877077,3836,python.exe
2026-08-31T02:47:05.395817+00:00,3.0,211689472,2338746368,264826335,1465877205,3836,python.exe
2026-08-31T02:47:05.909316+00:00,0.0,211689472,2341560320,264826389,1465877323,3836,python.exe
2026-08-31T02:47:06.422371+00:00,0.0,211689472,2338930688,264826536,1465877476,3836,python.exe
2026-08-31T02:47:06.936288+00:00,0.0,211689472,2343022592,264826536,1465877476,3836,python.exe
2026-08-31T02:47:07.450318+00:00,3.0,211689472,2339401728,264826536,1465877536,3836,python.exe
2026-08-31T02:47:07.962575+00:00,0.0,211689472,2343546880,264826536,1465877536,3836,python.exe
2026-08-31T02:47:08.475539+00:00,0.0,211689472,2338951168,264826752,1465877536,3836,python.exe
2026-08-31T02:47:08.994131+00:00,0.0,211689472,2346348544,264826827,1465877838,3836,python.exe
2026-08-31T02:47:09.506770+00:00,0.0,211689472,2342096896,264826827,1465877838,3836,python.exe
2026-08-31T02:47:10.022191+00:00,0.0,211689472,2343079936,264826827,1465877838,3836,python.exe
2026-08-31T02:47:10.535031+00:00,3.0,211689472,2342264832,264826827,1465877838,3836,python.exe
2026-08-31T02:47:11.048654+00:00,0.0,211689472,2343145472,264826827,1465877838,3836,python.exe
2026-08-31T02:47:11.564360+00:00,0.0,211689472,2342998016,264826935,1465877898,3836,python.exe
2026-08-31T02:47:12.077885+00:00,0.0,211689472,2345590784,264826935,1465877898,3836,python.exe
2026-08-31T02:47:12.590739+00:00,0.0,211689472,2346295296,264829542,1465878254,3836,python.exe
2026-08-31T02:47:13.104676+00:00,3.0,211689472,2339745792,264829596,1465878503,3836,python.exe
2026-08-31T02:47:13.624530+00:00,0.0,211689472,2343174144,264833739,1465879166,3836,python.exe
2026-08-31T02:47:14.138618+00:00,3.0,211689472,2334666752,264833901,1465879457,3836,python.exe
2026-08-31T02:47:14.652486+00:00,0.0,211689472,2347790336,264834075,1465879702,3836,python.exe
2026-08-31T02:47:15.175146+00:00,3.0,211689472,2344579072,264834075,1465879762,3836,python.exe
2026-08-31T02:47:15.692195+00:00,0.0,211689472,2350182400,264834075,1465879762,3836,python.exe
2026-08-31T02:47:16.208672+00:00,3.0,211689472,2346524672,264834075,1465879762,3836,python.exe
2026-08-31T02:47:16.722787+00:00,3.0,211689472,2349395968,264834222,1465879855,3836,python.exe
2026-08-31T02:47:17.236147+00:00,0.0,211689472,2341552128,264834223,1465879855,3836,python.exe
2026-08-31T02:47:17.753244+00:00,0.0,211689472,2347499520,264834413,1465880206,3836,python.exe
2026-08-31T02:47:18.266224+00:00,0.0,211689472,2339332096,264834609,1465880365,3836,python.exe
2026-08-31T02:47:18.780412+00:00,3.0,211689472,2346254336,264834610,1465880365,3836,python.exe
2026-08-31T02:47:19.296063+00:00,3.0,211689472,2337710080,264834611,1465880365,3836,python.exe
2026-08-31T02:47:19.813894+00:00,0.0,211689472,2346057728,264834611,1465880365,3836,python.exe
2026-08-31T02:47:20.327063+00:00,0.0,211689472,2338746368,264834612,1465880365,3836,python.exe
2026-08-31T02:47:20.845848+00:00,3.0,211689472,2340982784,264834612,1465880365,3836,python.exe
2026-08-31T02:47:21.359108+00:00,3.0,211689472,2339094528,264834612,1465880365,3836,python.exe
2026-08-31T02:47:21.872639+00:00,0.0,211689472,2344701952,264834612,1465880365,3836,python.exe
2026-08-31T02:47:22.386442+00:00,3.0,211689472,2343616512,264834612,1465880365,3836,python.exe
2026-08-31T02:47:22.907400+00:00,3.0,211689472,2342297600,264834612,1465880365,3836,python.exe
2026-08-31T02:47:23.422282+00:00,0.0,211689472,2344472576,264834612,1465880365,3836,python.exe
2026-08-31T02:47:23.938096+00:00,3.0,211689472,2343989248,264834683,1465880433,3836,python.exe
2026-08-31T02:47:24.452575+00:00,0.0,211689472,2352152576,264834683,1465880433,3836,python.exe
2026-08-31T02:47:24.967575+00:00,0.0,211689472,2349207552,264834683,1465880433,3836,python.exe
2026-08-31T02:47:25.481364+00:00,3.0,211689472,2347683840,264834861,1465880559,3836,python.exe
2026-08-31T02:47:25.995952+00:00,3.0,211689472,2348994560,264834916,1465880625,3836,python.exe
2026-08-31T02:47:26.508671+00:00,0.0,211689472,2350247936,264835064,1465880718,3836,python.exe
2026-08-31T02:47:27.031181+00:00,0.0,211689472,2349789184,264835065,1465880718,3836,python.exe
2026-08-31T02:47:27.545203+00:00,0.0,211689472,2351644672,264835065,1465880718,3836,python.exe
2026-08-31T02:47:28.058188+00:00,3.0,211689472,2349924352,264835825,1465881208,3836,python.exe
2026-08-31T02:47:28.571639+00:00,3.0,211689472,2352066560,264835825,1465881208,3836,python.exe
2026-08-31T02:47:29.091842+00:00,0.0,211689472,2349600768,264838129,1465882299,3836,python.exe
2026-08-31T02:47:29.605834+00:00,0.0,211689472,2352451584,264841368,1465886549,3836,python.exe
2026-08-31T02:47:30.120290+00:00,3.0,211689472,2351022080,264846861,1465892671,3836,python.exe
2026-08-31T02:47:30.640598+00:00,0.0,211689472,2339880960,264847925,1465892673,3836,python.exe
2026-08-31T02:47:31.165432+00:00,0.0,211689472,2330861568,264848248,1465892673,3836,python.exe
2026-08-31T02:47:31.680070+00:00,0.0,211689472,2343927808,264848248,1465892673,3836,python.exe
2026-08-31T02:47:32.193646+00:00,6.1,211705856,2349637632,264848304,1465892739,3836,python.exe
2026-08-31T02:47:32.707537+00:00,0.0,211705856,2349531136,264848304,1465892739,3836,python.exe
2026-08-31T02:47:33.220644+00:00,0.0,211705856,2347159552,264848431,1465892872,3836,python.exe
2026-08-31T02:47:33.733975+00:00,0.0,211705856,2349871104,264848431,1465892872,3836,python.exe
2026-08-31T02:47:34.248017+00:00,0.0,211705856,2340777984,264848432,1465892872,3836,python.exe
2026-08-31T02:47:34.764384+00:00,0.0,211705856,2349948928,264848487,1465892872,3836,python.exe
2026-08-31T02:47:35.280798+00:00,3.0,211705856,2345021440,264848612,1465892940,3836,python.exe
2026-08-31T02:47:35.794430+00:00,0.0,211705856,2351140864,264848667,1465893058,3836,python.exe
2026-08-31T02:47:36.308177+00:00,3.0,211705856,2345787392,264848837,1465893278,3836,python.exe
2026-08-31T02:47:36.821875+00:00,0.0,211705856,2355445760,264848892,1465893278,3836,python.exe
2026-08-31T02:47:37.336332+00:00,0.0,211705856,2347819008,264849859,1465893404,3836,python.exe
2026-08-31T02:47:37.850472+00:00,6.1,211705856,2360131584,264851217,1465894353,3836,python.exe
2026-08-31T02:47:38.364057+00:00,3.0,211705856,2345852928,264851952,1465894479,3836,python.exe
2026-08-31T02:47:38.877807+00:00,0.0,211705856,2356408320,264852127,1465895480,3836,python.exe
2026-08-31T02:47:39.395788+00:00,6.0,211705856,2348990464,264852700,1465896460,3836,python.exe
2026-08-31T02:47:39.911893+00:00,3.0,211705856,2360225792,264852701,1465896526,3836,python.exe
2026-08-31T02:47:40.426271+00:00,0.0,211705856,2353946624,264855626,1465897853,3836,python.exe
2026-08-31T02:47:40.940650+00:00,0.0,211705856,2363023360,264855867,1465898039,3836,python.exe
2026-08-31T02:47:41.453898+00:00,0.0,211705856,2355920896,264855867,1465898039,3836,python.exe
2026-08-31T02:47:41.968723+00:00,3.0,211705856,2366140416,264855867,1465898165,3836,python.exe
2026-08-31T02:47:42.482356+00:00,0.0,211705856,2359107584,264856045,1465898291,3836,python.exe
2026-08-31T02:47:42.996090+00:00,3.0,211705856,2366148608,264858599,1465898837,3836,python.exe
2026-08-31T02:47:43.508833+00:00,0.0,211705856,2364108800,264862723,1465899567,3836,python.exe
2026-08-31T02:47:44.023072+00:00,0.0,211705856,2363179008,264865869,1465901264,3836,python.exe
2026-08-31T02:47:44.537109+00:00,0.0,211705856,2368524288,264866012,1465902571,3836,python.exe
2026-08-31T02:47:45.054896+00:00,0.0,211705856,2370592768,264866122,1465902703,3836,python.exe
2026-08-31T02:47:45.569254+00:00,0.0,211705856,2371936256,264866122,1465902703,3836,python.exe
2026-08-31T02:47:46.086337+00:00,0.0,211705856,2387382272,264866122,1465902829,3836,python.exe
2026-08-31T02:47:46.600992+00:00,3.0,211705856,2373799936,264868621,1465904473,3836,python.exe
2026-08-31T02:47:47.114231+00:00,3.0,211705856,2371706880,264872717,1465913552,3836,python.exe
2026-08-31T02:47:47.629413+00:00,0.0,211705856,2377867264,264874815,1465917006,3836,python.exe
2026-08-31T02:47:48.146595+00:00,3.0,211705856,2362093568,264894457,1465918677,3836,python.exe
2026-08-31T02:47:48.660668+00:00,3.0,211705856,2374635520,264894457,1465918677,3836,python.exe
2026-08-31T02:47:49.174275+00:00,0.0,211705856,2364207104,264894457,1465918737,3836,python.exe
2026-08-31T02:47:49.688341+00:00,0.0,211705856,2374479872,264900332,1465925857,3836,python.exe
2026-08-31T02:47:50.202306+00:00,3.0,211705856,2366586880,264901264,1465926631,3836,python.exe
2026-08-31T02:47:50.716738+00:00,0.0,211705856,2367459328,264911219,1465941591,3836,python.exe
2026-08-31T02:47:51.235783+00:00,0.0,211705856,2363564032,264911273,1465942205,3836,python.exe
2026-08-31T02:47:51.754005+00:00,0.0,211705856,2365014016,264911273,1465942205,3836,python.exe
2026-08-31T02:47:52.268487+00:00,0.0,211705856,2362572800,264911273,1465942265,3836,python.exe
2026-08-31T02:47:52.783659+00:00,0.0,211705856,2363949056,264911273,1465942265,3836,python.exe
2026-08-31T02:47:53.299904+00:00,0.0,211705856,2363580416,264911273,1465942325,3836,python.exe
2026-08-31T02:47:53.814726+00:00,0.0,211705856,2366386176,264911273,1465942325,3836,python.exe
2026-08-31T02:47:54.329570+00:00,0.0,211705856,2363174912,264911273,1465942451,3836,python.exe
2026-08-31T02:47:54.846035+00:00,0.0,211705856,2365083648,264911273,1465942451,3836,python.exe
2026-08-31T02:47:55.360192+00:00,0.0,211705856,2365763584,264911273,1465942451,3836,python.exe
2026-08-31T02:47:55.874699+00:00,0.0,211705856,2366451712,264911393,1465942624,3836,python.exe
2026-08-31T02:47:56.390571+00:00,0.0,211705856,2359513088,264911540,1465942777,3836,python.exe
2026-08-31T02:47:56.904864+00:00,0.0,211705856,2364514304,264911540,1465942777,3836,python.exe
2026-08-31T02:47:57.420192+00:00,3.0,211705856,2348638208,264911540,1465942837,3836,python.exe
2026-08-31T02:47:57.932592+00:00,0.0,211705856,2364260352,264911622,1465942975,3836,python.exe
2026-08-31T02:47:58.447447+00:00,3.0,211705856,2348793856,264911622,1465943035,3836,python.exe
2026-08-31T02:47:58.962390+00:00,0.0,211705856,2353287168,264911622,1465943035,3836,python.exe
2026-08-31T02:47:59.476339+00:00,0.0,211705856,2361655296,264911688,1465943035,3836,python.exe
2026-08-31T02:47:59.990887+00:00,0.0,211705856,2374344704,264911688,1465943035,3836,python.exe
2026-08-31T02:48:00.504884+00:00,3.0,211705856,2365603840,264911754,1465943095,3836,python.exe
2026-08-31T02:48:01.033078+00:00,0.0,211705856,2372866048,264911754,1465943095,3836,python.exe
2026-08-31T02:48:01.549132+00:00,0.0,211705856,2369314816,264911754,1465943155,3836,python.exe
2026-08-31T02:48:02.069518+00:00,3.0,211705856,2368598016,264911754,1465943155,3836,python.exe
2026-08-31T02:48:02.584075+00:00,0.0,211705856,2326835200,264911820,1465943215,3836,python.exe
2026-08-31T02:48:03.098024+00:00,3.0,211705856,2333081600,264911891,1465943282,3836,python.exe
2026-08-31T02:48:03.611848+00:00,0.0,211705856,2329042944,264911891,1465943282,3836,python.exe
2026-08-31T02:48:04.125510+00:00,0.0,211705856,2327375872,264911891,1465943282,3836,python.exe
2026-08-31T02:48:04.638774+00:00,0.0,211705856,2336268288,264917931,1465950693,3836,python.exe
2026-08-31T02:48:05.157525+00:00,0.0,211705856,2328403968,264918002,1465950761,3836,python.exe
2026-08-31T02:48:05.671565+00:00,0.0,211705856,2339426304,264918246,1465950821,3836,python.exe
2026-08-31T02:48:06.184891+00:00,0.0,211705856,2330537984,264918300,1465950939,3836,python.exe
2026-08-31T02:48:06.698545+00:00,3.0,211705856,2347466752,264918513,1465951092,3836,python.exe
2026-08-31T02:48:07.213474+00:00,3.0,211705856,2337144832,264918513,1465951092,3836,python.exe
2026-08-31T02:48:07.730083+00:00,0.0,211705856,2348339200,264918513,1465951092,3836,python.exe
2026-08-31T02:48:08.243783+00:00,0.0,211705856,2338885632,264918513,1465951092,3836,python.exe
2026-08-31T02:48:08.759883+00:00,0.0,211705856,2350673920,264918513,1465951152,3836,python.exe
2026-08-31T02:48:09.273512+00:00,0.0,211705856,2339987456,264918513,1465951152,3836,python.exe
2026-08-31T02:48:09.787359+00:00,0.0,211705856,2351841280,264918588,1465951333,3836,python.exe
2026-08-31T02:48:10.301451+00:00,3.0,211705856,2340642816,264918588,1465951333,3836,python.exe
2026-08-31T02:48:10.819671+00:00,0.0,211705856,2342170624,264918750,1465951780,3836,python.exe
2026-08-31T02:48:11.334636+00:00,0.0,211705856,2307907584,264929599,1465962826,3836,python.exe
2026-08-31T02:48:11.852970+00:00,0.0,211705856,2319126528,264930181,1465963724,3836,python.exe
2026-08-31T02:48:12.368420+00:00,0.0,211705856,2317914112,264930181,1465963724,3836,python.exe
2026-08-31T02:48:12.881726+00:00,0.0,211705856,2313154560,264934227,1465964381,3836,python.exe
2026-08-31T02:48:13.396837+00:00,0.0,211705856,2302074880,264937832,1465964381,3836,python.exe
2026-08-31T02:48:13.910767+00:00,0.0,211705856,2310877184,264937994,1465965038,3836,python.exe
2026-08-31T02:48:14.424799+00:00,0.0,211705856,2301313024,264937994,1465965038,3836,python.exe
2026-08-31T02:48:14.938883+00:00,0.0,211705856,2313236480,264937994,1465965098,3836,python.exe
2026-08-31T02:48:15.452855+00:00,0.0,211705856,2301489152,264938049,1465965164,3836,python.exe
2026-08-31T02:48:15.971512+00:00,0.0,211705856,2311684096,264938049,1465965164,3836,python.exe
2026-08-31T02:48:16.484857+00:00,3.0,211705856,2301521920,264938196,1465965257,3836,python.exe
2026-08-31T02:48:17.002695+00:00,0.0,211705856,2314235904,264938196,1465965317,3836,python.exe
2026-08-31T02:48:17.516433+00:00,0.0,211705856,2302726144,264942309,1465969610,3836,python.exe
2026-08-31T02:48:18.030119+00:00,0.0,211705856,2307284992,264942384,1465969763,3836,python.exe
2026-08-31T02:48:18.547948+00:00,3.0,211705856,2300944384,264942384,1465969763,3836,python.exe
2026-08-31T02:48:19.061448+00:00,0.0,211705856,2303455232,264942384,1465969823,3836,python.exe
2026-08-31T02:48:19.575160+00:00,3.0,211705856,2303700992,264942384,1465969823,3836,python.exe
2026-08-31T02:48:20.093678+00:00,6.0,211705856,2307117056,264942384,1465969823,3836,python.exe
2026-08-31T02:48:20.607912+00:00,0.0,211705856,2308341760,264942384,1465969823,3836,python.exe
2026-08-31T02:48:21.121108+00:00,3.0,211705856,2302078976,264942384,1465969883,3836,python.exe
2026-08-31T02:48:21.635159+00:00,3.0,211705856,2305888256,264942548,1465970147,3836,python.exe
2026-08-31T02:48:22.149061+00:00,0.0,211705856,2301992960,264942548,1465970207,3836,python.exe
2026-08-31T02:48:22.663092+00:00,0.0,211705856,2308018176,264942548,1465970207,3836,python.exe
2026-08-31T02:48:23.177864+00:00,3.0,211705856,2295853056,264942548,1465970267,3836,python.exe
2026-08-31T02:48:23.692020+00:00,0.0,211705856,2304933888,264942548,1465970267,3836,python.exe
2026-08-31T02:48:24.204387+00:00,0.0,211705856,2294730752,264942548,1465970327,3836,python.exe
2026-08-31T02:48:24.716904+00:00,0.0,211705856,2297384960,264942619,1465970395,3836,python.exe
2026-08-31T02:48:25.229861+00:00,0.0,211705856,2294415360,264942619,1465970455,3836,python.exe
2026-08-31T02:48:25.744114+00:00,0.0,211705856,2302083072,264942674,1465970581,3836,python.exe
2026-08-31T02:48:26.257965+00:00,0.0,211705856,2295701504,264942674,1465970581,3836,python.exe
2026-08-31T02:48:26.774011+00:00,0.0,211705856,2304126976,264942821,1465970674,3836,python.exe
2026-08-31T02:48:27.288073+00:00,0.0,211705856,2296131584,264943586,1465971276,3836,python.exe
2026-08-31T02:48:27.806687+00:00,0.0,211705856,2304184320,264945773,1465976794,3836,python.exe
2026-08-31T02:48:28.319843+00:00,0.0,211705856,2285527040,264945897,1465976854,3836,python.exe
2026-08-31T02:48:28.833926+00:00,3.0,211705856,2289618944,264946006,1465977046,3836,python.exe
2026-08-31T02:48:29.348090+00:00,0.0,211705856,2285031424,264946061,1465977112,3836,python.exe
2026-08-31T02:48:29.866273+00:00,0.0,211705856,2295533568,264946191,1465977300,3836,python.exe
2026-08-31T02:48:30.381434+00:00,0.0,211705856,2286239744,264946354,1465977657,3836,python.exe
2026-08-31T02:48:30.897595+00:00,0.0,211705856,2301849600,264946354,1465977657,3836,python.exe
2026-08-31T02:48:31.411838+00:00,3.0,211705856,2288152576,264946354,1465977657,3836,python.exe
2026-08-31T02:48:31.925270+00:00,0.0,211705856,2302644224,264946354,1465977657,3836,python.exe
2026-08-31T02:48:32.442922+00:00,3.0,211705856,2288750592,264946354,1465977657,3836,python.exe
2026-08-31T02:48:32.959625+00:00,3.0,211705856,2296369152,264946354,1465977657,3836,python.exe
2026-08-31T02:48:33.472854+00:00,3.0,211705856,2291580928,264946425,1465977724,3836,python.exe
2026-08-31T02:48:33.986227+00:00,0.0,211705856,2298474496,264946425,1465977724,3836,python.exe
2026-08-31T02:48:34.502442+00:00,0.0,211705856,2295435264,264957283,1466017867,3836,python.exe
2026-08-31T02:48:35.040671+00:00,0.0,211705856,2291339264,264965891,1466023195,3836,python.exe
2026-08-31T02:48:35.554471+00:00,0.0,211705856,2289549312,264968823,1466029980,3836,python.exe
2026-08-31T02:48:36.066680+00:00,3.1,211705856,2291073024,264968877,1466029980,3836,python.exe
2026-08-31T02:48:36.580168+00:00,0.0,211705856,2294157312,264969024,1466030073,3836,python.exe
2026-08-31T02:48:37.093333+00:00,0.0,211705856,2294747136,264970079,1466031668,3836,python.exe
2026-08-31T02:48:37.607173+00:00,0.0,211705856,2295123968,264970278,1466031866,3836,python.exe
2026-08-31T02:48:38.120851+00:00,3.0,211705856,2285412352,264970442,1466032190,3836,python.exe
2026-08-31T02:48:38.635088+00:00,3.0,211705856,2294763520,264970442,1466032190,3836,python.exe
2026-08-31T02:48:39.150105+00:00,0.0,211705856,2285420544,264970484,1466032250,3836,python.exe
2026-08-31T02:48:39.665611+00:00,0.0,211705856,2295152640,264970484,1466032250,3836,python.exe
2026-08-31T02:48:40.179776+00:00,0.0,211705856,2285518848,264973463,1466032655,3836,python.exe
2026-08-31T02:48:40.699146+00:00,0.0,211705856,2294263808,264973649,1466033577,3836,python.exe
2026-08-31T02:48:41.213586+00:00,0.0,211705856,2334515200,264973704,1466033643,3836,python.exe
2026-08-31T02:48:41.726836+00:00,0.0,211705856,2345250816,264977212,1466039184,3836,python.exe
2026-08-31T02:48:42.243310+00:00,0.0,211705856,2328690688,264977212,1466039184,3836,python.exe
2026-08-31T02:48:42.766951+00:00,0.0,211705856,2325962752,264979745,1466039669,3836,python.exe
2026-08-31T02:48:43.281110+00:00,0.0,211705856,2339475456,264979745,1466039669,3836,python.exe
2026-08-31T02:48:43.797056+00:00,0.0,211705856,2359910400,264983874,1466040326,3836,python.exe
2026-08-31T02:48:44.312393+00:00,0.0,211705856,2344861696,264983874,1466040326,3836,python.exe
2026-08-31T02:48:44.826935+00:00,0.0,211705856,2360205312,264983945,1466040394,3836,python.exe
2026-08-31T02:48:45.341134+00:00,3.0,211705856,2343997440,264983945,1466040394,3836,python.exe
2026-08-31T02:48:45.857034+00:00,3.0,211705856,2352623616,264983945,1466040394,3836,python.exe
2026-08-31T02:48:46.371221+00:00,3.0,211705856,2345455616,264985729,1466040394,3836,python.exe
2026-08-31T02:48:46.889963+00:00,6.0,211705856,2352734208,264986621,1466041072,3836,python.exe
2026-08-31T02:48:47.408018+00:00,0.0,211705856,2348105728,264993560,1466047217,3836,python.exe
2026-08-31T02:48:47.922682+00:00,0.0,211705856,2355507200,264993626,1466047217,3836,python.exe
2026-08-31T02:48:48.436002+00:00,0.0,211705856,2352717824,264993701,1466047310,3836,python.exe
2026-08-31T02:48:48.953987+00:00,3.0,211705856,2356539392,264993767,1466047310,3836,python.exe
2026-08-31T02:48:49.468572+00:00,0.0,211705856,2339069952,264993767,1466047310,3836,python.exe
2026-08-31T02:48:49.982479+00:00,0.0,211705856,2344472576,264994282,1466047517,3836,python.exe
2026-08-31T02:48:50.496336+00:00,0.0,211705856,2349395968,264994423,1466047639,3836,python.exe
2026-08-31T02:48:51.020364+00:00,0.0,211705856,2339717120,265000344,1466055801,3836,python.exe
2026-08-31T02:48:51.545096+00:00,0.0,211705856,2334568448,265001016,1466188367,3836,python.exe
2026-08-31T02:48:52.065431+00:00,3.0,211705856,2304987136,265018092,1466214768,3836,python.exe
2026-08-31T02:48:52.580007+00:00,0.0,211705856,2239942656,265023560,1466236216,3836,python.exe
2026-08-31T02:48:53.096327+00:00,0.0,211705856,2270167040,265024629,1466236336,3836,python.exe
2026-08-31T02:48:53.609429+00:00,0.0,211705856,2340454400,265026025,1466237411,3836,python.exe
2026-08-31T02:48:54.122500+00:00,0.0,211705856,2324353024,265026025,1466237411,3836,python.exe
2026-08-31T02:48:54.636195+00:00,0.0,211705856,2332127232,265036082,1466246197,3836,python.exe
2026-08-31T02:48:55.153762+00:00,0.0,211705856,2322477056,265036148,1466246197,3836,python.exe
2026-08-31T02:48:55.672106+00:00,6.0,211705856,2344894464,265039986,1466248729,3836,python.exe
2026-08-31T02:48:56.185077+00:00,0.0,211705856,2344034304,265039986,1466248789,3836,python.exe
2026-08-31T02:48:56.697985+00:00,0.0,211705856,2327924736,265040133,1466248882,3836,python.exe
2026-08-31T02:48:57.213801+00:00,0.0,211705856,2313224192,265050803,1466249686,3836,python.exe
2026-08-31T02:48:57.734138+00:00,0.0,211705856,2318454784,265050885,1466249824,3836,python.exe
2026-08-31T02:48:58.247733+00:00,3.0,211705856,2315612160,265051009,1466249884,3836,python.exe
2026-08-31T02:48:58.765375+00:00,0.0,211705856,2330296320,265051228,1466250187,3836,python.exe
2026-08-31T02:48:59.279398+00:00,0.0,211705856,2313240576,265051282,1466250187,3836,python.exe
2026-08-31T02:48:59.795162+00:00,3.0,211705856,2335358976,265051282,1466250187,3836,python.exe
2026-08-31T02:49:00.309921+00:00,0.0,211705856,2314240000,265051282,1466250187,3836,python.exe
2026-08-31T02:49:00.825113+00:00,3.0,211705856,2331070464,265051336,1466250187,3836,python.exe
2026-08-31T02:49:01.340078+00:00,3.0,211705856,2323689472,265051336,1466250187,3836,python.exe
2026-08-31T02:49:01.856367+00:00,3.0,211705856,2331516928,265051391,1466250253,3836,python.exe
2026-08-31T02:49:02.370521+00:00,0.0,211705856,2317766656,265051391,1466250253,3836,python.exe
2026-08-31T02:49:02.887049+00:00,0.0,211705856,2320142336,265051446,1466250319,3836,python.exe
2026-08-31T02:49:03.401433+00:00,3.0,211705856,2311102464,265051571,1466250386,3836,python.exe
2026-08-31T02:49:03.917156+00:00,0.0,211705856,2315505664,265051571,1466250386,3836,python.exe
2026-08-31T02:49:04.433481+00:00,0.0,211705856,2321035264,265051571,1466250386,3836,python.exe
2026-08-31T02:49:04.947041+00:00,0.0,211705856,2316247040,265052000,1466250541,3836,python.exe
2026-08-31T02:49:05.461935+00:00,0.0,211705856,2331230208,265061705,1466257907,3836,python.exe
2026-08-31T02:49:05.976291+00:00,0.0,211705856,2321747968,265063009,1466259024,3836,python.exe
2026-08-31T02:49:06.489910+00:00,3.0,211705856,2331758592,265063384,1466261205,3836,python.exe
2026-08-31T02:49:07.004238+00:00,3.0,211705856,2322006016,265063384,1466261205,3836,python.exe
2026-08-31T02:49:07.517231+00:00,0.0,211705856,2336669696,265065140,1466261703,3836,python.exe
2026-08-31T02:49:08.030011+00:00,0.0,211705856,2327547904,265065623,1466262519,3836,python.exe
2026-08-31T02:49:08.542562+00:00,3.0,211705856,2338779136,265065623,1466262519,3836,python.exe
2026-08-31T02:49:09.056780+00:00,0.0,211705856,2330710016,265065677,1466262519,3836,python.exe
2026-08-31T02:49:09.571292+00:00,0.0,211705856,2333478912,265065677,1466262519,3836,python.exe
2026-08-31T02:49:10.085452+00:00,0.0,211705856,2331955200,265065677,1466262519,3836,python.exe
2026-08-31T02:49:10.599609+00:00,0.0,211705856,2340360192,265065878,1466262775,3836,python.exe
2026-08-31T02:49:11.115857+00:00,3.0,211705856,2327588864,265065878,1466262775,3836,python.exe
2026-08-31T02:49:11.635733+00:00,0.0,211705856,2342797312,265065878,1466262775,3836,python.exe
2026-08-31T02:49:12.150001+00:00,0.0,211705856,2330296320,265065878,1466262775,3836,python.exe
2026-08-31T02:49:12.671168+00:00,3.0,211705856,2345103360,265068938,1466263320,3836,python.exe
2026-08-31T02:49:13.186595+00:00,3.0,211705856,2328768512,265069020,1466263452,3836,python.exe
2026-08-31T02:49:13.701080+00:00,3.0,211705856,2345377792,265073671,1466264287,3836,python.exe
2026-08-31T02:49:14.215051+00:00,0.0,211705856,2328059904,265073671,1466264287,3836,python.exe
2026-08-31T02:49:14.727696+00:00,3.0,211689472,2335969280,265073671,1466264287,3836,python.exe
2026-08-31T02:49:15.243024+00:00,0.0,211689472,2326073344,265073781,1466264419,3836,python.exe
2026-08-31T02:49:15.759832+00:00,0.0,211689472,2336829440,265073781,1466264419,3836,python.exe
2026-08-31T02:49:16.273700+00:00,0.0,211689472,2332192768,265073781,1466264419,3836,python.exe
2026-08-31T02:49:16.786571+00:00,3.0,211689472,2340421632,265074412,1466265474,3836,python.exe
2026-08-31T02:49:17.302058+00:00,0.0,211689472,2334932992,265074466,1466265474,3836,python.exe
2026-08-31T02:49:17.815584+00:00,0.0,211689472,2343886848,265077587,1466271142,3836,python.exe
2026-08-31T02:49:18.329185+00:00,0.0,211689472,2334998528,265077855,1466272276,3836,python.exe
2026-08-31T02:49:18.856660+00:00,0.0,211689472,2357653504,265077855,1466272276,3836,python.exe
2026-08-31T02:49:19.371232+00:00,3.0,211689472,2371649536,265077933,1466272276,3836,python.exe
2026-08-31T02:49:19.884539+00:00,0.0,211689472,2369830912,265078065,1466272711,3836,python.exe
2026-08-31T02:49:20.397670+00:00,0.0,211689472,2366918656,265078065,1466272711,3836,python.exe
2026-08-31T02:49:20.910514+00:00,0.0,211689472,2363731968,265078065,1466272711,3836,python.exe
2026-08-31T02:49:21.426987+00:00,0.0,211689472,2367168512,265078065,1466272711,3836,python.exe
2026-08-31T02:49:21.941186+00:00,0.0,211689472,2359291904,265078065,1466272711,3836,python.exe
2026-08-31T02:49:22.455118+00:00,0.0,211689472,2364760064,265078065,1466272711,3836,python.exe
2026-08-31T02:49:22.968606+00:00,0.0,211689472,2358718464,265078120,1466272777,3836,python.exe
2026-08-31T02:49:23.483115+00:00,0.0,211689472,2363383808,265078120,1466272777,3836,python.exe
2026-08-31T02:49:24.008561+00:00,3.0,211689472,2358456320,265078120,1466272777,3836,python.exe
2026-08-31T02:49:24.522866+00:00,0.0,211689472,2285613056,265078120,1466272777,3836,python.exe
2026-08-31T02:49:25.036859+00:00,3.0,211689472,2287263744,265078120,1466272777,3836,python.exe
2026-08-31T02:49:25.555528+00:00,0.0,211689472,2286948352,265078191,1466272845,3836,python.exe
2026-08-31T02:49:26.068813+00:00,0.0,211689472,2288062464,265078246,1466272911,3836,python.exe
2026-08-31T02:49:26.591662+00:00,0.0,211636224,2518720512,265078393,1466273004,3836,python.exe
2026-08-31T02:49:27.106541+00:00,0.0,211640320,2638553088,265078876,1466273852,3836,python.exe
2026-08-31T02:49:27.628289+00:00,3.0,211640320,2623139840,265082235,1466279970,3836,python.exe
2026-08-31T02:49:28.141496+00:00,0.0,211640320,2621550592,265082277,1466280030,3836,python.exe
2026-08-31T02:49:28.654093+00:00,0.0,211640320,2627014656,265082455,1466280216,3836,python.exe
2026-08-31T02:49:29.171640+00:00,0.0,211640320,2614308864,265082455,1466280216,3836,python.exe
2026-08-31T02:49:29.685805+00:00,0.0,211640320,2622074880,265085424,1466280974,3836,python.exe
2026-08-31T02:49:30.199284+00:00,3.0,211640320,2608971776,265085610,1466281543,3836,python.exe
2026-08-31T02:49:30.712402+00:00,0.0,211640320,2609545216,265085610,1466281543,3836,python.exe
2026-08-31T02:49:31.226562+00:00,0.0,211656704,2607513600,265085685,1466281665,3836,python.exe
2026-08-31T02:49:31.740769+00:00,0.0,211656704,2607468544,265085857,1466281791,3836,python.exe
2026-08-31T02:49:32.254808+00:00,3.0,211656704,2602958848,265085857,1466281791,3836,python.exe
2026-08-31T02:49:32.768551+00:00,0.0,211656704,2603560960,265085912,1466281857,3836,python.exe
2026-08-31T02:49:33.283417+00:00,0.0,211656704,2606813184,265085983,1466281924,3836,python.exe
2026-08-31T02:49:33.796847+00:00,3.0,211656704,2607587328,265085983,1466281924,3836,python.exe
2026-08-31T02:49:34.309065+00:00,0.0,211656704,2610118656,265085983,1466281924,3836,python.exe
2026-08-31T02:49:34.821893+00:00,3.0,211656704,2610561024,265085983,1466281924,3836,python.exe
2026-08-31T02:49:35.336870+00:00,0.0,211656704,2607136768,265086106,1466281924,3836,python.exe
2026-08-31T02:49:35.850172+00:00,0.0,211656704,2606370816,265086160,1466282042,3836,python.exe
2026-08-31T02:49:36.364064+00:00,3.0,211656704,2607816704,265086226,1466282042,3836,python.exe
2026-08-31T02:49:36.877709+00:00,0.0,211656704,2608107520,265086374,1466282135,3836,python.exe
2026-08-31T02:49:37.391216+00:00,0.0,211656704,2605572096,265086441,1466282135,3836,python.exe
2026-08-31T02:49:37.905820+00:00,0.0,211656704,2604978176,265086523,1466282273,3836,python.exe
2026-08-31T02:49:38.421213+00:00,0.0,211656704,2606575616,265086688,1466282537,3836,python.exe
2026-08-31T02:49:38.935836+00:00,0.0,211656704,2602905600,265086688,1466282537,3836,python.exe
2026-08-31T02:49:39.452723+00:00,6.0,211656704,2609442816,265087237,1466283449,3836,python.exe
2026-08-31T02:49:39.968285+00:00,0.0,211656704,2605146112,265087303,1466283449,3836,python.exe
2026-08-31T02:49:40.484347+00:00,0.0,211656704,2602110976,265090270,1466284836,3836,python.exe
2026-08-31T02:49:40.998172+00:00,0.0,211656704,2605305856,265090270,1466284836,3836,python.exe
2026-08-31T02:49:41.511748+00:00,0.0,211656704,2610487296,265090424,1466285270,3836,python.exe
2026-08-31T02:49:42.025592+00:00,0.0,211656704,2604527616,265090478,1466285270,3836,python.exe
2026-08-31T02:49:42.538487+00:00,0.0,211656704,2606510080,265090478,1466285270,3836,python.exe
2026-08-31T02:49:43.052432+00:00,0.0,211656704,2600218624,265094014,1466285987,3836,python.exe
2026-08-31T02:49:43.573167+00:00,0.0,211656704,2601922560,265097874,1466286940,3836,python.exe
2026-08-31T02:49:44.089991+00:00,0.0,211656704,2604650496,265097875,1466286940,3836,python.exe
2026-08-31T02:49:44.603632+00:00,0.0,211656704,2603077632,265097875,1466286940,3836,python.exe
2026-08-31T02:49:45.117020+00:00,0.0,211656704,2602110976,265097876,1466286940,3836,python.exe
2026-08-31T02:49:45.631537+00:00,0.0,211656704,2603421696,265097876,1466286940,3836,python.exe
2026-08-31T02:49:46.146088+00:00,3.0,211656704,2602909696,265097948,1466287008,3836,python.exe
2026-08-31T02:49:46.660316+00:00,0.0,211656704,2602717184,265098095,1466287101,3836,python.exe
2026-08-31T02:49:47.178013+00:00,0.0,211656704,2600869888,265098151,1466287167,3836,python.exe
2026-08-31T02:49:47.690813+00:00,0.0,211656704,2600382464,265098206,1466287233,3836,python.exe
2026-08-31T02:49:48.203419+00:00,0.0,211656704,2599047168,265098282,1466287326,3836,python.exe
2026-08-31T02:49:48.716705+00:00,0.0,211656704,2598809600,265098282,1466287326,3836,python.exe
2026-08-31T02:49:49.230800+00:00,0.0,211656704,2599682048,265098283,1466287326,3836,python.exe
2026-08-31T02:49:49.744297+00:00,0.0,211656704,2599202816,265098283,1466287326,3836,python.exe
2026-08-31T02:49:50.259545+00:00,0.0,211660800,2598686720,265098283,1466287326,3836,python.exe
2026-08-31T02:49:50.772212+00:00,0.0,211660800,2598285312,265098283,1466287326,3836,python.exe
2026-08-31T02:49:51.288127+00:00,3.0,211660800,2598227968,265098400,1466287568,3836,python.exe
2026-08-31T02:49:51.801143+00:00,3.0,211660800,2598035456,265098400,1466287628,3836,python.exe
2026-08-31T02:49:52.314588+00:00,0.0,211660800,2601623552,265098455,1466287694,3836,python.exe
2026-08-31T02:49:52.827264+00:00,3.0,211660800,2600280064,265098455,1466287754,3836,python.exe
2026-08-31T02:49:53.341800+00:00,0.0,211660800,2605576192,265098456,1466287754,3836,python.exe
2026-08-31T02:49:53.855481+00:00,3.0,211660800,2597961728,265098457,1466287754,3836,python.exe
2026-08-31T02:49:54.371052+00:00,3.0,211660800,2604335104,265098457,1466287754,3836,python.exe
2026-08-31T02:49:54.884968+00:00,0.0,211660800,2597453824,265098458,1466287754,3836,python.exe
2026-08-31T02:49:55.397172+00:00,0.0,211660800,2603884544,265100859,1466288159,3836,python.exe
2026-08-31T02:49:55.910359+00:00,3.0,211660800,2597810176,265101774,1466291327,3836,python.exe
2026-08-31T02:49:56.430388+00:00,3.0,211660800,2575155200,265102232,1466291633,3836,python.exe
2026-08-31T02:49:56.943499+00:00,0.0,211660800,2569748480,265102233,1466291633,3836,python.exe
2026-08-31T02:49:57.458292+00:00,3.0,211660800,2572509184,265102315,1466291711,3836,python.exe
2026-08-31T02:49:57.970974+00:00,0.0,211660800,2554269696,265102316,1466291771,3836,python.exe
2026-08-31T02:49:58.485330+00:00,0.0,211660800,2575679488,265102316,1466291771,3836,python.exe
2026-08-31T02:49:58.998507+00:00,0.0,211660800,2578604032,265102316,1466291771,3836,python.exe
2026-08-31T02:49:59.513401+00:00,3.0,211660800,2578755584,265102316,1466291771,3836,python.exe
2026-08-31T02:50:00.033681+00:00,3.0,211660800,2571464704,265102371,1466291837,3836,python.exe
2026-08-31T02:50:00.553782+00:00,0.0,211660800,2566930432,265105262,1466293292,3836,python.exe
2026-08-31T02:50:01.074207+00:00,0.0,211660800,2530250752,265105339,1466293726,3836,python.exe
2026-08-31T02:50:01.593363+00:00,6.0,211660800,2541076480,265110567,1466296069,3836,python.exe
2026-08-31T02:50:02.109116+00:00,0.0,211660800,2523512832,265116206,1466317561,3836,python.exe
2026-08-31T02:50:02.623405+00:00,0.0,211660800,2505039872,265117455,1466319298,3836,python.exe
2026-08-31T02:50:03.137253+00:00,3.0,211660800,2510278656,265117581,1466319431,3836,python.exe
2026-08-31T02:50:03.650001+00:00,3.0,211660800,2512793600,265117581,1466319431,3836,python.exe
2026-08-31T02:50:04.163195+00:00,0.0,211660800,2516606976,265117581,1466319431,3836,python.exe
2026-08-31T02:50:04.679331+00:00,0.0,211660800,2520256512,265117581,1466319431,3836,python.exe
2026-08-31T02:50:05.193240+00:00,0.0,211660800,2516697088,265117581,1466319431,3836,python.exe
2026-08-31T02:50:05.707089+00:00,3.0,211660800,2497560576,265130575,1466334028,3836,python.exe
2026-08-31T02:50:06.224411+00:00,3.0,211660800,2495623168,265130646,1466334096,3836,python.exe
2026-08-31T02:50:06.741185+00:00,0.0,211660800,2450305024,265130646,1466334096,3836,python.exe
2026-08-31T02:50:07.255879+00:00,0.0,211660800,2461917184,265130646,1466334096,3836,python.exe
2026-08-31T02:50:07.770362+00:00,3.0,211660800,2473467904,265133313,1466338825,3836,python.exe
2026-08-31T02:50:08.284268+00:00,0.0,211660800,2477953024,265133367,1466339637,3836,python.exe
2026-08-31T02:50:08.797570+00:00,0.0,211660800,2478845952,265133367,1466339637,3836,python.exe
2026-08-31T02:50:09.311297+00:00,0.0,211660800,2488840192,265133367,1466339637,3836,python.exe
2026-08-31T02:50:09.825281+00:00,3.0,211660800,2486018048,265133367,1466339637,3836,python.exe
2026-08-31T02:50:10.341236+00:00,0.0,211660800,2490449920,265133367,1466339637,3836,python.exe
2026-08-31T02:50:10.855230+00:00,3.0,211660800,2492047360,265133367,1466339637,3836,python.exe
2026-08-31T02:50:11.370024+00:00,0.0,211660800,2491596800,265133367,1466339637,3836,python.exe
2026-08-31T02:50:11.884066+00:00,0.0,211660800,2492456960,265133442,1466339759,3836,python.exe
2026-08-31T02:50:12.400528+00:00,0.0,211660800,2505412608,265133442,1466339759,3836,python.exe
2026-08-31T02:50:12.914738+00:00,0.0,211660800,2503122944,265135964,1466340245,3836,python.exe
2026-08-31T02:50:13.429753+00:00,0.0,211660800,2504249344,265137319,1466340245,3836,python.exe
2026-08-31T02:50:13.946435+00:00,3.0,211660800,2523955200,265140427,1466341209,3836,python.exe
2026-08-31T02:50:14.464929+00:00,0.0,211660800,2523754496,265140481,1466341886,3836,python.exe
2026-08-31T02:50:14.978231+00:00,0.0,211660800,2531618816,265140481,1466341886,3836,python.exe
2026-08-31T02:50:15.491715+00:00,0.0,211660800,2535669760,265140481,1466341886,3836,python.exe
2026-08-31T02:50:16.006347+00:00,0.0,211660800,2534109184,265140481,1466341886,3836,python.exe
2026-08-31T02:50:16.521051+00:00,0.0,211660800,2539343872,265140481,1466341886,3836,python.exe
2026-08-31T02:50:17.035395+00:00,3.0,211660800,2541129728,265140591,1466342018,3836,python.exe
2026-08-31T02:50:17.549582+00:00,0.0,211660800,2541428736,265140851,1466342342,3836,python.exe
2026-08-31T02:50:18.063534+00:00,0.0,211660800,2540937216,265144396,1466342954,3836,python.exe
2026-08-31T02:50:18.577307+00:00,3.0,211660800,2544218112,265144473,1466343388,3836,python.exe
2026-08-31T02:50:19.091669+00:00,0.0,211660800,2540724224,265144473,1466343388,3836,python.exe
2026-08-31T02:50:19.605393+00:00,0.0,211660800,2543022080,265150402,1466350713,3836,python.exe
2026-08-31T02:50:20.120342+00:00,0.0,211660800,2541924352,265152491,1466351852,3836,python.exe
2026-08-31T02:50:20.633929+00:00,0.0,211660800,2542374912,265152572,1466353041,3836,python.exe
2026-08-31T02:50:21.150500+00:00,0.0,211660800,2542161920,265152572,1466353041,3836,python.exe
2026-08-31T02:50:21.665121+00:00,3.0,211660800,2545205248,265152572,1466353041,3836,python.exe
2026-08-31T02:50:22.181118+00:00,0.0,211660800,2553585664,265152572,1466353041,3836,python.exe
2026-08-31T02:50:22.697137+00:00,0.0,211660800,2552201216,265152572,1466353041,3836,python.exe
2026-08-31T02:50:23.212034+00:00,0.0,211660800,2556272640,265152572,1466353041,3836,python.exe
2026-08-31T02:50:23.728417+00:00,0.0,211660800,2555322368,265153001,1466353196,3836,python.exe
2026-08-31T02:50:24.244195+00:00,0.0,211660800,2528509952,265153121,1466353905,3836,python.exe
2026-08-31T02:50:24.759463+00:00,0.0,211660800,2529533952,265153121,1466353905,3836,python.exe
2026-08-31T02:50:25.277289+00:00,0.0,211660800,2534965248,265153187,1466353905,3836,python.exe
2026-08-31T02:50:25.794972+00:00,0.0,211660800,2530418688,265153304,1466353965,3836,python.exe
2026-08-31T02:50:26.309148+00:00,0.0,211660800,2539724800,265153304,1466353965,3836,python.exe
2026-08-31T02:50:26.823923+00:00,3.0,211660800,2528391168,265153787,1466354797,3836,python.exe
2026-08-31T02:50:27.343721+00:00,3.0,211660800,2537410560,265153853,1466354797,3836,python.exe
2026-08-31T02:50:27.857351+00:00,3.0,211660800,2534342656,265156330,1466361016,3836,python.exe
2026-08-31T02:50:28.373305+00:00,3.0,211660800,2542514176,265156813,1466361908,3836,python.exe
2026-08-31T02:50:28.887989+00:00,3.0,211660800,2535530496,265156813,1466361908,3836,python.exe
2026-08-31T02:50:29.403278+00:00,3.0,211660800,2546966528,265157663,1466361908,3836,python.exe
2026-08-31T02:50:29.917525+00:00,3.0,211660800,2539343872,265157717,1466362371,3836,python.exe
2026-08-31T02:50:30.431305+00:00,0.0,211660800,2539978752,265157717,1466362371,3836,python.exe
2026-08-31T02:50:30.945229+00:00,0.0,211660800,2543243264,265157717,1466362371,3836,python.exe
2026-08-31T02:50:31.458239+00:00,3.0,211660800,2543169536,265157783,1466362371,3836,python.exe
2026-08-31T02:50:31.972100+00:00,0.0,211660800,2547523584,265157783,1466362371,3836,python.exe
2026-08-31T02:50:32.486607+00:00,0.0,211660800,2548166656,265157838,1466362437,3836,python.exe
2026-08-31T02:50:33.001390+00:00,0.0,211660800,2549821440,265158019,1466362636,3836,python.exe
2026-08-31T02:50:33.516379+00:00,0.0,211660800,2550808576,265158019,1466362636,3836,python.exe
2026-08-31T02:50:34.030895+00:00,0.0,211660800,2551775232,265158019,1466362636,3836,python.exe
2026-08-31T02:50:34.544849+00:00,0.0,211660800,2548879360,265158019,1466362696,3836,python.exe
2026-08-31T02:50:35.060599+00:00,0.0,211660800,2555928576,265158090,1466362764,3836,python.exe
2026-08-31T02:50:35.579781+00:00,3.0,211660800,2527756288,265158212,1466362942,3836,python.exe
2026-08-31T02:50:36.093827+00:00,0.0,211660800,2526011392,265158695,1466363097,3836,python.exe
2026-08-31T02:50:36.606195+00:00,0.0,211660800,2527006720,265158927,1466364004,3836,python.exe
2026-08-31T02:50:37.119724+00:00,3.0,211660800,2533761024,265158927,1466364004,3836,python.exe
2026-08-31T02:50:37.633647+00:00,0.0,211660800,2533830656,265159064,1466364208,3836,python.exe
2026-08-31T02:50:38.148443+00:00,0.0,211660800,2535792640,265159064,1466364208,3836,python.exe
2026-08-31T02:50:38.665433+00:00,0.0,211660800,2535436288,265159064,1466364208,3836,python.exe
2026-08-31T02:50:39.178077+00:00,0.0,211660800,2536095744,265159064,1466364208,3836,python.exe
2026-08-31T02:50:39.695841+00:00,0.0,211660800,2535538688,265159064,1466364208,3836,python.exe
2026-08-31T02:50:40.208328+00:00,0.0,211660800,2538061824,265159139,1466364329,3836,python.exe
2026-08-31T02:50:40.722016+00:00,0.0,211660800,2534686720,265159664,1466365253,3836,python.exe
2026-08-31T02:50:41.234968+00:00,0.0,211660800,2533208064,265159719,1466365319,3836,python.exe
2026-08-31T02:50:41.749767+00:00,0.0,211660800,2531848192,265159719,1466365319,3836,python.exe
2026-08-31T02:50:42.273923+00:00,0.0,211660800,2538123264,265159719,1466365319,3836,python.exe
2026-08-31T02:50:42.788776+00:00,3.0,211660800,2532159488,265163863,1466366484,3836,python.exe
2026-08-31T02:50:43.306828+00:00,0.0,211660800,2540167168,265163863,1466366484,3836,python.exe
2026-08-31T02:50:43.820820+00:00,3.0,211660800,2531266560,265168230,1466367141,3836,python.exe
2026-08-31T02:50:44.335788+00:00,0.0,211660800,2540085248,265168659,1466367296,3836,python.exe
2026-08-31T02:50:44.849839+00:00,3.0,211660800,2528473088,265168713,1466367989,3836,python.exe
2026-08-31T02:50:45.364686+00:00,0.0,211660800,2531028992,265168823,1466368121,3836,python.exe
2026-08-31T02:50:45.879790+00:00,0.0,211660800,2537422848,265168823,1466368121,3836,python.exe
2026-08-31T02:50:46.393742+00:00,0.0,211660800,2537537536,265168823,1466368121,3836,python.exe
2026-08-31T02:50:46.907830+00:00,0.0,211660800,2540531712,265168823,1466368121,3836,python.exe
2026-08-31T02:50:47.423013+00:00,0.0,211660800,2540756992,265168933,1466368253,3836,python.exe
2026-08-31T02:50:47.937349+00:00,0.0,211660800,2538151936,265168988,1466368319,3836,python.exe
2026-08-31T02:50:48.451760+00:00,0.0,211660800,2539130880,265169118,1466368478,3836,python.exe
2026-08-31T02:50:48.965954+00:00,3.0,211660800,2543894528,265169118,1466368478,3836,python.exe
2026-08-31T02:50:49.479303+00:00,3.0,211660800,2545471488,265169192,1466369014,3836,python.exe
2026-08-31T02:50:49.994842+00:00,0.0,211660800,2549940224,265169192,1466369014,3836,python.exe
2026-08-31T02:50:50.508309+00:00,0.0,211660800,2545164288,265169192,1466369014,3836,python.exe
2026-08-31T02:50:51.025585+00:00,0.0,211660800,2550546432,265169247,1466369080,3836,python.exe
2026-08-31T02:50:51.538076+00:00,0.0,211660800,2544041984,265169247,1466369080,3836,python.exe
2026-08-31T02:50:52.056460+00:00,0.0,211660800,2552680448,265169247,1466369080,3836,python.exe
2026-08-31T02:50:52.570285+00:00,0.0,211660800,2543742976,265169247,1466369080,3836,python.exe
2026-08-31T02:50:53.082842+00:00,0.0,211660800,2541006848,265169247,1466369080,3836,python.exe
2026-08-31T02:50:53.595840+00:00,0.0,211660800,2544336896,265169247,1466369140,3836,python.exe
2026-08-31T02:50:54.108693+00:00,3.0,211660800,2542125056,265169247,1466369140,3836,python.exe
2026-08-31T02:50:54.622928+00:00,0.0,211660800,2542166016,265169247,1466369200,3836,python.exe
2026-08-31T02:50:55.138501+00:00,0.0,211660800,2545090560,265169318,1466369268,3836,python.exe
2026-08-31T02:50:55.655887+00:00,0.0,211660800,2540163072,265172581,1466374850,3836,python.exe
2026-08-31T02:50:56.168801+00:00,0.0,211660800,2539954176,265172581,1466374910,3836,python.exe
2026-08-31T02:50:56.682983+00:00,0.0,211660800,2532081664,265172581,1466374910,3836,python.exe
2026-08-31T02:50:57.199026+00:00,0.0,211660800,2536816640,265172581,1466374910,3836,python.exe
2026-08-31T02:50:57.717970+00:00,9.0,211660800,2536845312,265172663,1466375048,3836,python.exe
2026-08-31T02:50:58.237742+00:00,0.0,211660800,2528882688,265172663,1466375048,3836,python.exe
2026-08-31T02:50:58.753598+00:00,0.0,211660800,2522132480,265172663,1466375048,3836,python.exe
2026-08-31T02:50:59.272526+00:00,3.0,211660800,2531848192,265172663,1466375048,3836,python.exe
2026-08-31T02:51:00.531631+00:00,0.0,218750976,2521526272,265175879,1466378503,3836,python.exe
2026-08-31T02:51:01.787960+00:00,89.4,225865728,2522820608,265176486,1466378844,3836,python.exe
2026-08-31T02:51:02.305544+00:00,78.5,226082816,2470268928,265176595,1466379683,3836,python.exe
2026-08-31T02:51:03.436786+00:00,0.0,220303360,2489384960,265176763,1466379876,3836,python.exe
2026-08-31T02:51:04.540028+00:00,0.0,218173440,2484379648,265178325,1466381279,3836,python.exe
2026-08-31T02:51:05.059826+00:00,108.2,215830528,2490195968,265178325,1466381279,3836,python.exe
2026-08-31T02:51:06.418829+00:00,111.1,220971008,2480783360,265178501,1466381397,3836,python.exe
2026-08-31T02:51:07.571346+00:00,0.0,218763264,2487963648,265180479,1466383528,3836,python.exe
2026-08-31T02:51:08.703417+00:00,113.7,224387072,2483363840,265180479,1466383528,3836,python.exe
2026-08-31T02:51:09.874791+00:00,0.0,232427520,2484518912,265180479,1466383528,3836,python.exe
2026-08-31T02:51:10.388234+00:00,109.6,230420480,2486505472,265180479,1466383528,3836,python.exe
2026-08-31T02:51:11.723873+00:00,109.4,230035456,2471174144,265180534,1466383594,3836,python.exe
2026-08-31T02:51:12.957748+00:00,0.0,238276608,2446614528,265187655,1466385904,3836,python.exe
2026-08-31T02:51:13.488837+00:00,129.4,239878144,2440638464,265192030,1466388685,3836,python.exe
2026-08-31T02:51:14.791715+00:00,0.0,239763456,2335596544,265233477,1466416077,3836,python.exe
2026-08-31T03:32:10.991292+00:00,43.9,205246464,746655744,276830952,1497294082,27372,python.exe
2026-08-31T03:32:11.538088+00:00,37.1,208625664,751198208,276831258,1497312931,27372,python.exe
2026-08-31T03:32:12.059080+00:00,75.0,208818176,769290240,276831414,1497313139,27372,python.exe
2026-08-31T02:58:41.765594+00:00,0.0,243384320,2095771648,266076960,1468157819,3836,python.exe
2026-08-31T02:58:42.911467+00:00,110.1,226283520,2086359040,266082582,1468159175,3836,python.exe
2026-08-31T02:58:43.475926+00:00,102.4,221749248,2055938048,266082702,1468159276,3836,python.exe
2026-08-31T02:58:45.069160+00:00,92.2,226959360,2044854272,266098099,1468171495,3836,python.exe
2026-08-31T02:58:46.552211+00:00,0.0,226934784,2042695680,266098560,1468173062,3836,python.exe
2026-08-31T02:58:47.077189+00:00,110.1,222208000,2045136896,266100791,1468173482,3836,python.exe
2026-08-31T02:58:48.345662+00:00,0.0,227008512,2038431744,266102826,1468174379,3836,python.exe
2026-08-31T02:58:49.542055+00:00,0.0,224227328,2065571840,266102826,1468174379,3836,python.exe
2026-08-31T02:58:50.076691+00:00,93.5,226750464,2034249728,266102826,1468174379,3836,python.exe
2026-08-31T02:58:51.368137+00:00,91.7,230408192,2040414208,266127649,1468312207,3836,python.exe
2026-08-31T02:58:51.890580+00:00,86.7,225075200,2036215808,266131431,1468328424,3836,python.exe
2026-08-31T02:58:53.157473+00:00,166.0,228167680,1995747328,266153940,1468382209,3836,python.exe
2026-08-31T02:58:53.682459+00:00,136.9,227332096,1979727872,266154186,1468382342,3836,python.exe
2026-08-31T02:58:54.908747+00:00,0.0,225005568,2014433280,266154257,1468382409,3836,python.exe
2026-08-31T02:58:56.046395+00:00,109.7,230596608,2034335744,266161733,1468390636,3836,python.exe
2026-08-31T02:58:56.573626+00:00,71.1,230682624,2001776640,266161733,1468390636,3836,python.exe
2026-08-31T02:58:57.788969+00:00,77.6,236154880,2012364800,266172797,1468391665,3836,python.exe
2026-08-31T03:32:13.482059+00:00,0.0,215379968,765222912,276836589,1497333808,27372,python.exe
2026-08-31T03:32:14.039894+00:00,98.0,219287552,772907008,276839983,1497334728,27372,python.exe
2026-08-31T03:00:37.050174+00:00,74.3,220012544,2082160640,266300148,1468662843,3836,python.exe
2026-08-31T03:00:38.238483+00:00,0.0,223485952,2059698176,266300503,1468663267,3836,python.exe
2026-08-31T03:00:38.753327+00:00,130.5,224587776,2055680000,266300503,1468663267,3836,python.exe
2026-08-31T03:00:39.908166+00:00,0.0,229568512,2069696512,266300503,1468663267,3836,python.exe
2026-08-31T03:00:41.022935+00:00,0.0,228261888,2069909504,266300613,1468663399,3836,python.exe
2026-08-31T03:00:41.540589+00:00,108.7,226635776,2062835712,266300684,1468663466,3836,python.exe
2026-08-31T03:00:42.671487+00:00,118.3,224604160,2091380736,266300750,1468663466,3836,python.exe
2026-08-31T03:00:44.026819+00:00,0.0,230793216,2069585920,266309313,1468665258,3836,python.exe
2026-08-31T03:00:44.544535+00:00,105.6,231624704,2073227264,266309313,1468665258,3836,python.exe
2026-08-31T03:00:45.698536+00:00,118.4,231776256,2083508224,266309379,1468665258,3836,python.exe
2026-08-31T03:00:46.896735+00:00,0.0,227020800,2087849984,266309379,1468665258,3836,python.exe
2026-08-31T03:00:47.413492+00:00,69.5,227143680,2074767360,266309526,1468665351,3836,python.exe
2026-08-31T03:00:48.543435+00:00,0.0,232685568,2070982656,266309707,1468665484,3836,python.exe
2026-08-31T03:00:49.835681+00:00,0.0,233070592,2091921408,266309828,1468665616,3836,python.exe
2026-08-31T03:00:50.952885+00:00,0.0,233144320,2090573824,266309828,1468665616,3836,python.exe
2026-08-31T03:00:52.089277+00:00,0.0,236986368,2084249600,266309828,1468665616,3836,python.exe
2026-08-31T03:00:52.604019+00:00,27.3,237699072,2073968640,266309828,1468665616,3836,python.exe
2026-08-31T03:00:53.119113+00:00,6.1,237699072,2066472960,266309870,1468665676,3836,python.exe
2026-08-31T03:00:53.634304+00:00,0.0,237699072,2078515200,266309870,1468665676,3836,python.exe
2026-08-31T03:00:54.162048+00:00,5.9,232153088,2069454848,266309870,1468665676,3836,python.exe
2026-08-31T03:00:54.677055+00:00,3.0,232153088,2077937664,266310016,1468665863,3836,python.exe
2026-08-31T03:00:55.195935+00:00,0.0,232153088,2071277568,266310158,1468665997,3836,python.exe
2026-08-31T03:00:55.719687+00:00,0.0,232153088,2081513472,266313526,1468667525,3836,python.exe
2026-08-31T03:00:56.236091+00:00,84.7,224223232,2086756352,266313663,1468667592,3836,python.exe
2026-08-31T03:00:57.519055+00:00,0.0,229105664,2081382400,266314207,1468668076,3836,python.exe
2026-08-31T03:00:58.621652+00:00,107.8,226246656,2092572672,266314278,1468668143,3836,python.exe
2026-08-31T03:00:59.148804+00:00,103.7,229122048,2076921856,266314278,1468668143,3836,python.exe
2026-08-31T03:01:00.326922+00:00,0.0,232693760,2093789184,266314344,1468668143,3836,python.exe
2026-08-31T03:01:01.445483+00:00,0.0,231804928,2101571584,266314399,1468668209,3836,python.exe
2026-08-31T03:01:01.960977+00:00,109.1,229482496,2108129280,266314578,1468668396,3836,python.exe
2026-08-31T03:01:03.127865+00:00,0.0,229916672,2090721280,266314633,1468668396,3836,python.exe
2026-08-31T03:01:04.310407+00:00,109.5,235507712,2086846464,266318147,1468678238,3836,python.exe
2026-08-31T03:01:04.830661+00:00,90.1,235593728,2091728896,266318256,1468678858,3836,python.exe
2026-08-31T03:01:05.957695+00:00,0.0,241057792,2099257344,266318432,1468678976,3836,python.exe
2026-08-31T03:01:07.115275+00:00,0.0,235474944,2085765120,266318432,1468678976,3836,python.exe
2026-08-31T03:01:08.293655+00:00,0.0,235474944,2090110976,266319643,1468679322,3836,python.exe
2026-08-31T03:32:15.592502+00:00,0.0,224899072,772124672,276842554,1497336970,27372,python.exe
2026-08-31T03:32:16.118099+00:00,98.1,222003200,779767808,276842804,1497337249,27372,python.exe
2026-08-31T03:32:16.660205+00:00,118.2,223408128,792088576,276846089,1497337696,27372,python.exe
2026-08-31T03:01:24.665402+00:00,0.0,235700224,2080935936,266349055,1468697792,3836,python.exe
2026-08-31T03:01:25.995254+00:00,0.0,225263616,2067374080,266349329,1468698188,3836,python.exe
2026-08-31T03:01:26.509529+00:00,97.2,229425152,2069065728,266349329,1468698188,3836,python.exe
2026-08-31T03:01:27.644824+00:00,106.4,233357312,2075316224,266349608,1468698308,3836,python.exe
2026-08-31T03:01:28.828677+00:00,109.8,234274816,2083774464,266349679,1468698375,3836,python.exe
2026-08-31T03:01:29.344311+00:00,127.3,231460864,2074644480,266349679,1468698375,3836,python.exe
2026-08-31T03:01:30.726713+00:00,0.0,234594304,2067533824,266349679,1468698375,3836,python.exe
2026-08-31T03:01:31.247833+00:00,18.0,229072896,2069852160,266349679,1468698375,3836,python.exe
2026-08-31T03:01:31.762825+00:00,9.1,229072896,2084524032,266349787,1468698606,3836,python.exe
2026-08-31T03:01:32.277302+00:00,3.0,229072896,2077962240,266350478,1468698672,3836,python.exe
2026-08-31T03:01:32.797994+00:00,3.0,229072896,2085560320,266352780,1468701198,3836,python.exe
2026-08-31T03:01:33.311500+00:00,6.1,229072896,2085605376,266352835,1468701198,3836,python.exe
2026-08-31T03:01:33.824594+00:00,0.0,229072896,2100072448,266352890,1468701330,3836,python.exe
2026-08-31T03:01:34.340301+00:00,3.0,229072896,2085347328,266352945,1468701396,3836,python.exe
2026-08-31T03:01:34.852520+00:00,6.1,229072896,2101964800,266352945,1468701396,3836,python.exe
2026-08-31T03:01:35.366233+00:00,3.0,229072896,2070556672,266353092,1468701583,3836,python.exe
2026-08-31T03:01:35.886873+00:00,0.0,229072896,2072416256,266353481,1468701835,3836,python.exe
2026-08-31T03:01:36.405303+00:00,12.1,229072896,2065289216,266353623,1468702036,3836,python.exe
2026-08-31T03:01:36.920128+00:00,0.0,229072896,2072559616,266353695,1468702103,3836,python.exe
2026-08-31T03:01:37.440312+00:00,21.0,229072896,2043830272,266353696,1468702103,3836,python.exe
2026-08-31T03:01:37.957004+00:00,0.0,229072896,2015682560,266353849,1468702308,3836,python.exe
2026-08-31T03:01:38.477293+00:00,0.0,229072896,2029838336,266353892,1468702368,3836,python.exe
2026-08-31T03:01:38.994170+00:00,0.0,229072896,2016428032,266356030,1468712223,3836,python.exe
2026-08-31T03:01:39.510806+00:00,3.0,229076992,2029248512,266356101,1468712290,3836,python.exe
2026-08-31T03:01:40.024549+00:00,0.0,229076992,2018897920,266356101,1468712290,3836,python.exe
2026-08-31T03:01:40.538305+00:00,0.0,229076992,2041913344,266356101,1468712290,3836,python.exe
2026-08-31T03:01:41.060079+00:00,0.0,229076992,2024046592,266356101,1468712290,3836,python.exe
2026-08-31T03:01:41.577137+00:00,6.0,229076992,2033856512,266356167,1468712290,3836,python.exe
2026-08-31T03:01:42.095798+00:00,3.0,229076992,2040520704,266356167,1468712290,3836,python.exe
2026-08-31T03:01:42.616186+00:00,0.0,229076992,2032545792,266357391,1468712663,3836,python.exe
2026-08-31T03:01:43.137192+00:00,9.0,229076992,2028466176,266360947,1468713721,3836,python.exe
2026-08-31T03:01:43.657205+00:00,0.0,229076992,2041368576,266364936,1468714315,3836,python.exe
2026-08-31T03:01:44.173011+00:00,0.0,229076992,2028015616,266364991,1468714674,3836,python.exe
2026-08-31T03:01:44.687315+00:00,0.0,229076992,2039234560,266365057,1468714674,3836,python.exe
2026-08-31T03:01:45.204267+00:00,6.0,229076992,2027782144,266365058,1468714674,3836,python.exe
2026-08-31T03:01:45.717979+00:00,3.0,229076992,2037960704,266365058,1468714674,3836,python.exe
2026-08-31T03:01:46.232053+00:00,3.0,229076992,2026881024,266365059,1468714674,3836,python.exe
2026-08-31T03:01:46.746517+00:00,3.0,229076992,2041307136,266365059,1468714674,3836,python.exe
2026-08-31T03:01:47.260343+00:00,6.1,229076992,2029076480,266365060,1468714674,3836,python.exe
2026-08-31T03:01:47.779751+00:00,6.0,229076992,2039885824,266365061,1468714674,3836,python.exe
2026-08-31T03:01:48.293863+00:00,3.0,229076992,2027851776,266365061,1468714674,3836,python.exe
2026-08-31T03:01:48.807523+00:00,6.1,229076992,2043277312,266365128,1468714674,3836,python.exe
2026-08-31T03:01:49.320093+00:00,9.1,229076992,2030227456,266365378,1468714867,3836,python.exe
2026-08-31T03:01:49.832738+00:00,3.0,229076992,2035302400,266365432,1468714993,3836,python.exe
2026-08-31T03:01:50.346569+00:00,0.0,229076992,2029629440,266365432,1468714993,3836,python.exe
2026-08-31T03:01:50.860506+00:00,0.0,229076992,2035118080,266365432,1468714993,3836,python.exe
2026-08-31T03:01:51.376060+00:00,6.1,229076992,2030657536,266365432,1468714993,3836,python.exe
2026-08-31T03:01:51.894531+00:00,3.0,229076992,2035871744,266365432,1468714993,3836,python.exe
2026-08-31T03:01:52.415391+00:00,0.0,229076992,2031202304,266365432,1468714993,3836,python.exe
2026-08-31T03:01:52.932014+00:00,0.0,229076992,2034790400,266365432,1468714993,3836,python.exe
2026-08-31T03:01:53.447580+00:00,3.0,229076992,2033127424,266365433,1468714993,3836,python.exe
2026-08-31T03:01:53.963800+00:00,3.0,229076992,2037284864,266365434,1468714993,3836,python.exe
2026-08-31T03:01:54.479223+00:00,3.0,229076992,2035351552,266365434,1468714993,3836,python.exe
2026-08-31T03:01:54.993880+00:00,0.0,229076992,2037858304,266365435,1468714993,3836,python.exe
2026-08-31T03:01:55.507013+00:00,9.1,229076992,2039431168,266368661,1468720379,3836,python.exe
2026-08-31T03:01:56.027932+00:00,3.0,229076992,2040184832,266368994,1468720753,3836,python.exe
2026-08-31T03:01:56.646489+00:00,0.0,229076992,2027638784,266369208,1468720954,3836,python.exe
2026-08-31T03:01:57.160219+00:00,6.1,229076992,2021478400,266369280,1468721021,3836,python.exe
2026-08-31T03:01:57.675731+00:00,0.0,229076992,2031005696,266369362,1468721159,3836,python.exe
2026-08-31T03:01:58.193849+00:00,0.0,229076992,2020970496,266369434,1468721286,3836,python.exe
2026-08-31T03:01:58.709261+00:00,0.0,229076992,2028945408,266369489,1468721286,3836,python.exe
2026-08-31T03:01:59.227373+00:00,3.0,229076992,2021384192,266369489,1468721412,3836,python.exe
2026-08-31T03:01:59.742009+00:00,15.2,229076992,2047643648,266369560,1468721479,3836,python.exe
2026-08-31T03:02:00.257244+00:00,0.0,229076992,2031992832,266372306,1468722627,3836,python.exe
2026-08-31T03:02:00.773990+00:00,3.0,229076992,2025881600,266372546,1468723611,3836,python.exe
2026-08-31T03:02:01.329042+00:00,5.6,229076992,2038411264,266382469,1468733150,3836,python.exe
2026-08-31T03:02:01.845577+00:00,0.0,229076992,1995120640,266383535,1468735393,3836,python.exe
2026-08-31T03:02:02.360782+00:00,0.0,229076992,1996034048,266383535,1468735393,3836,python.exe
2026-08-31T03:02:02.875653+00:00,6.1,229076992,2003636224,266383661,1468735526,3836,python.exe
2026-08-31T03:02:03.389898+00:00,9.1,229076992,1988546560,266383661,1468735526,3836,python.exe
2026-08-31T03:02:03.906380+00:00,6.1,229076992,1990635520,266383661,1468735526,3836,python.exe
2026-08-31T03:02:04.420829+00:00,0.0,229076992,1978662912,266383716,1468735592,3836,python.exe
2026-08-31T03:02:04.935684+00:00,3.0,229076992,1991266304,266383716,1468735592,3836,python.exe
2026-08-31T03:02:05.453653+00:00,18.1,229076992,1983049728,266383716,1468735592,3836,python.exe
2026-08-31T03:02:05.970027+00:00,3.0,229076992,1995419648,266383892,1468735710,3836,python.exe
2026-08-31T03:02:06.485131+00:00,6.1,229076992,1984933888,266383973,1468735944,3836,python.exe
2026-08-31T03:02:07.000810+00:00,3.0,229076992,1996173312,266383973,1468735944,3836,python.exe
2026-08-31T03:02:07.515128+00:00,18.2,229076992,1984991232,266384028,1468736010,3836,python.exe
2026-08-31T03:02:08.028853+00:00,0.0,229076992,1996406784,266384253,1468736268,3836,python.exe
2026-08-31T03:02:08.541566+00:00,3.0,229076992,1985794048,266384253,1468736268,3836,python.exe
2026-08-31T03:02:09.057402+00:00,0.0,229076992,2001215488,266384253,1468736328,3836,python.exe
2026-08-31T03:02:09.571004+00:00,6.1,229076992,1988845568,266384324,1468736395,3836,python.exe
2026-08-31T03:02:10.084992+00:00,0.0,229076992,2004692992,266384324,1468736455,3836,python.exe
2026-08-31T03:02:10.602586+00:00,3.0,229076992,1995014144,266384324,1468736455,3836,python.exe
2026-08-31T03:02:11.121165+00:00,3.0,229076992,1992572928,266384324,1468736455,3836,python.exe
2026-08-31T03:02:11.635637+00:00,9.1,229076992,1996161024,266389072,1468742427,3836,python.exe
2026-08-31T03:02:12.149971+00:00,0.0,229076992,1986510848,266389072,1468742427,3836,python.exe
2026-08-31T03:02:12.664358+00:00,0.0,229076992,2001395712,266389072,1468742427,3836,python.exe
2026-08-31T03:02:13.178082+00:00,6.1,229076992,1987788800,266391666,1468743150,3836,python.exe
2026-08-31T03:02:13.694569+00:00,6.1,229076992,1998540800,266395747,1468743514,3836,python.exe
2026-08-31T03:02:14.210587+00:00,0.0,229076992,1988337664,266395855,1468743873,3836,python.exe
2026-08-31T03:02:14.727472+00:00,0.0,229076992,1999028224,266395855,1468743873,3836,python.exe
2026-08-31T03:02:15.244127+00:00,6.0,229076992,1988304896,266395909,1468743974,3836,python.exe
2026-08-31T03:02:15.757589+00:00,0.0,229076992,1942736896,266406790,1468755049,3836,python.exe
2026-08-31T03:02:16.269715+00:00,3.1,229076992,1942257664,266407789,1468756428,3836,python.exe
2026-08-31T03:02:16.783000+00:00,3.0,229076992,1951797248,266407931,1468756622,3836,python.exe
2026-08-31T03:02:17.296851+00:00,3.0,229076992,1942405120,266408180,1468756875,3836,python.exe
2026-08-31T03:02:17.812298+00:00,0.0,229076992,1950924800,266408496,1468757419,3836,python.exe
2026-08-31T03:02:18.325466+00:00,0.0,229076992,1943195648,266408567,1468757486,3836,python.exe
2026-08-31T03:02:18.839781+00:00,6.1,229076992,1952133120,266408622,1468757552,3836,python.exe
2026-08-31T03:02:19.353002+00:00,12.2,229076992,1943810048,266408677,1468757552,3836,python.exe
2026-08-31T03:02:19.871048+00:00,0.0,229076992,1952796672,266408748,1468757685,3836,python.exe
2026-08-31T03:02:20.384387+00:00,3.0,229076992,1944453120,266408748,1468757745,3836,python.exe
2026-08-31T03:02:20.897944+00:00,0.0,229076992,1955590144,266408748,1468757745,3836,python.exe
2026-08-31T03:02:21.411082+00:00,15.2,229076992,1944498176,266408748,1468757805,3836,python.exe
2026-08-31T03:02:21.929411+00:00,0.0,229076992,1952899072,266408748,1468757805,3836,python.exe
2026-08-31T03:02:22.443701+00:00,3.0,229076992,1945186304,266408748,1468757865,3836,python.exe
2026-08-31T03:02:22.961259+00:00,0.0,229076992,1956896768,266408748,1468757865,3836,python.exe
2026-08-31T03:02:23.478803+00:00,9.1,229076992,1945575424,266408819,1468757992,3836,python.exe
2026-08-31T03:02:23.994852+00:00,0.0,229076992,1956044800,266408900,1468758226,3836,python.exe
2026-08-31T03:02:24.511713+00:00,3.0,229076992,1945878528,266408900,1468758286,3836,python.exe
2026-08-31T03:02:25.032105+00:00,3.0,229076992,1956012032,266408900,1468758346,3836,python.exe
2026-08-31T03:02:25.548035+00:00,9.1,229076992,1949995008,266408900,1468758406,3836,python.exe
2026-08-31T03:02:26.060875+00:00,0.0,229076992,1951338496,266408900,1468758466,3836,python.exe
2026-08-31T03:02:26.575970+00:00,6.1,229076992,1951850496,266408900,1468758526,3836,python.exe
2026-08-31T03:02:27.090403+00:00,3.0,229076992,1952391168,266408900,1468758526,3836,python.exe
2026-08-31T03:02:27.605335+00:00,12.1,229076992,1957240832,266409604,1468758526,3836,python.exe
2026-08-31T03:02:28.120286+00:00,3.0,229076992,1947906048,266409658,1468758987,3836,python.exe
2026-08-31T03:02:28.634085+00:00,0.0,229076992,1952985088,266410564,1468759479,3836,python.exe
2026-08-31T03:02:29.149768+00:00,3.0,229076992,1951895552,266410564,1468759539,3836,python.exe
2026-08-31T03:02:29.663853+00:00,3.0,229076992,1960280064,266410701,1468759606,3836,python.exe
2026-08-31T03:02:30.179979+00:00,0.0,229076992,1996439552,266410701,1468759666,3836,python.exe
2026-08-31T03:02:30.692761+00:00,0.0,229076992,2025762816,266410767,1468759666,3836,python.exe
2026-08-31T03:02:31.205172+00:00,6.1,229076992,2016333824,266410767,1468759726,3836,python.exe
2026-08-31T03:02:31.718196+00:00,3.0,229076992,2029117440,266410767,1468759726,3836,python.exe
2026-08-31T03:02:32.233995+00:00,6.1,229076992,2017583104,266410767,1468759726,3836,python.exe
2026-08-31T03:02:32.749638+00:00,0.0,229076992,2022572032,266410875,1468759786,3836,python.exe
