run_id,observation_id,utc_timestamp,mechanism,scenario,repetition,concurrency_level,uav_id,expected_outcome,observed_outcome,expectation_met,decision_latency_ns,decision_latency_ms,challenge_generation_ns,identity_lookup_ns,certificate_validation_ns,contract_call_ns,signature_verification_ns,authorisation_check_ns,audit_submission_ns,audit_confirmation_ns,tx_hash,block_number,gas_used,timeout_error_class,worker_id,payload_size,warmup,request_bytes,response_bytes,notes
n10-identities_c1-conc_mech-x509-1backend_security-battery_r30_audit-off_20260824T233608Z,obs_d0770a2c4e984f6792d86088a8f3e5c5,2026-08-24T23:36:36.233724+00:00,x509,valid_active,0,1,UAV-VALID,ACCEPTED,ACCEPTED,True,11873800,11.8738,56200,3821300,7620400,0,209300,9400,0,0,,,,none,x509-valid_active_0,0,True,239,8,
n10-identities_c1-conc_mech-x509-1backend_security-battery_r30_audit-off_20260824T233608Z,obs_ea5223ac1cef4353810c2e2f8a9f45b1,2026-08-24T23:36:36.242406+00:00,x509,valid_active,1,1,UAV-VALID,ACCEPTED,ACCEPTED,True,1713100,1.7131,47300,90400,1331200,0,167800,5900,0,0,,,,none,x509-valid_active_0,0,True,239,8,
n10-identities_c1-conc_mech-x509-1backend_security-battery_r30_audit-off_20260824T233608Z,obs_10de68b5644f44c98063b72ee13f1c29,2026-08-24T23:36:36.251967+00:00,x509,valid_active,0,1,UAV-VALID,ACCEPTED,ACCEPTED,True,1944400,1.9444,50600,93700,1536900,0,189300,5800,0,0,,,,none,x509-valid_active_0,0,False,239,8,
n10-identities_c1-conc_mech-x509-1backend_security-battery_r30_audit-off_20260824T233608Z,obs_16d21165798342e29f82236b5ee01aaf,2026-08-24T23:36:36.261142+00:00,x509,valid_active,1,1,UAV-VALID,ACCEPTED,ACCEPTED,True,1789800,1.7898,55800,92000,1402400,0,166600,5500,0,0,,,,none,x509-valid_active_0,0,False,240,8,
n10-identities_c1-conc_mech-x509-1backend_security-battery_r30_audit-off_20260824T233608Z,obs_80dbe426c6ae48b8836df5619cff0206,2026-08-24T23:36:36.270151+00:00,x509,valid_active,2,1,UAV-VALID,ACCEPTED,ACCEPTED,True,2413600,2.4136,56200,127600,1950700,0,187100,7400,0,0,,,,none,x509-valid_active_0,0,False,238,8,
n10-identities_c1-conc_mech-x509-1backend_security-battery_r30_audit-off_20260824T233608Z,obs_7a23dd933b4e4f8c8bded30e3365bbc9,2026-08-24T23:36:36.279545+00:00,x509,valid_active,3,1,UAV-VALID,ACCEPTED,ACCEPTED,True,1988200,1.9882,52300,90800,1578200,0,197500,5000,0,0,,,,none,x509-valid_active_0,0,False,238,8,
n10-identities_c1-conc_mech-x509-1backend_security-battery_r30_audit-off_20260824T233608Z,obs_6f8e2765ed2b427aae1f648d7cf9fa83,2026-08-24T23:36:36.288668+00:00,x509,valid_active,4,1,UAV-VALID,ACCEPTED,ACCEPTED,True,1944400,1.9444,50600,109000,1511600,0,200100,5600,0,0,,,,none,x509-valid_active_0,0,False,239,8,
n10-identities_c1-conc_mech-x509-1backend_security-battery_r30_audit-off_20260824T233608Z,obs_4a670febeb2245fe81b8fd5e5ff3ba73,2026-08-24T23:36:36.297267+00:00,x509,valid_active,5,1,UAV-VALID,ACCEPTED,ACCEPTED,True,1516200,1.5162,51000,70300,1160000,0,178300,4800,0,0,,,,none,x509-valid_active_0,0,False,240,8,
n10-identities_c1-conc_mech-x509-1backend_security-battery_r30_audit-off_20260824T233608Z,obs_ad1e0195d46144bc8de47961c11b5862,2026-08-24T23:36:36.306074+00:00,x509,valid_active,6,1,UAV-VALID,ACCEPTED,ACCEPTED,True,2118600,2.1186,50700,88700,1698000,0,195600,6900,0,0,,,,none,x509-valid_active_0,0,False,239,8,
n10-identities_c1-conc_mech-x509-1backend_security-battery_r30_audit-off_20260824T233608Z,obs_524eb7f7396a4d6abd577f2d0dc597cb,2026-08-24T23:36:36.315816+00:00,x509,valid_active,7,1,UAV-VALID,ACCEPTED,ACCEPTED,True,2994500,2.9945,50300,88100,2304400,0,274200,9200,0,0,,,,none,x509-valid_active_0,0,False,239,8,
n10-identities_c1-conc_mech-x509-1backend_security-battery_r30_audit-off_20260824T233608Z,obs_6dd17d543ef9418fa742a2411affdd83,2026-08-24T23:36:36.324730+00:00,x509,valid_active,8,1,UAV-VALID,ACCEPTED,ACCEPTED,True,1754000,1.754,46800,88600,1401700,0,157800,5100,0,0,,,,none,x509-valid_active_0,0,False,238,8,
n10-identities_c1-conc_mech-x509-1backend_security-battery_r30_audit-off_20260824T233608Z,obs_953b5bd5833740fbbbac4e043bcf55a5,2026-08-24T23:36:36.332986+00:00,x509,valid_active,9,1,UAV-VALID,ACCEPTED,ACCEPTED,True,2053000,2.053,40900,81500,1639100,0,201600,5400,0,0,,,,none,x509-valid_active_0,0,False,239,8,
n10-identities_c1-conc_mech-x509-1backend_security-battery_r30_audit-off_20260824T233608Z,obs_ea6175bac9334a30ac9782eee5d4fab9,2026-08-24T23:36:36.341696+00:00,x509,valid_active,10,1,UAV-VALID,ACCEPTED,ACCEPTED,True,1788000,1.788,43600,68500,1466300,0,157900,5000,0,0,,,,none,x509-valid_active_0,0,False,239,8,
n10-identities_c1-conc_mech-x509-1backend_security-battery_r30_audit-off_20260824T233608Z,obs_e727642d3b0e4a5c99358f99044932f5,2026-08-24T23:36:36.349991+00:00,x509,valid_active,11,1,UAV-VALID,ACCEPTED,ACCEPTED,True,2188100,2.1881,36000,77800,1794300,0,197400,5100,0,0,,,,none,x509-valid_active_0,0,False,238,8,
n10-identities_c1-conc_mech-x509-1backend_security-battery_r30_audit-off_20260824T233608Z,obs_60ae336d625348bb9430e194d846034c,2026-08-24T23:36:36.359073+00:00,x509,valid_active,12,1,UAV-VALID,ACCEPTED,ACCEPTED,True,1807300,1.8073,43200,83100,1469000,0,153800,4600,0,0,,,,none,x509-valid_active_0,0,False,240,8,
n10-identities_c1-conc_mech-x509-1backend_security-battery_r30_audit-off_20260824T233608Z,obs_bfa4126438994011a4728979280ae3eb,2026-08-24T23:36:36.366219+00:00,x509,valid_active,13,1,UAV-VALID,ACCEPTED,ACCEPTED,True,2089500,2.0895,35700,72400,1663400,0,189200,5900,0,0,,,,none,x509-valid_active_0,0,False,238,8,
n10-identities_c1-conc_mech-x509-1backend_security-battery_r30_audit-off_20260824T233608Z,obs_054d78f426a141efa084b033114202a6,2026-08-24T23:36:36.375026+00:00,x509,valid_active,14,1,UAV-VALID,ACCEPTED,ACCEPTED,True,1798000,1.798,39200,78300,1458300,0,164700,4400,0,0,,,,none,x509-valid_active_0,0,False,239,8,
n10-identities_c1-conc_mech-x509-1backend_security-battery_r30_audit-off_20260824T233608Z,obs_5f8c1295bf864ca49eaf6cf3fd8453a1,2026-08-24T23:36:36.383779+00:00,x509,valid_active,15,1,UAV-VALID,ACCEPTED,ACCEPTED,True,2095400,2.0954,32300,70400,1744600,0,179100,5800,0,0,,,,none,x509-valid_active_0,0,False,239,8,
n10-identities_c1-conc_mech-x509-1backend_security-battery_r30_audit-off_20260824T233608Z,obs_dba3cc6bede640e0b659d6390153b675,2026-08-24T23:36:36.391947+00:00,x509,valid_active,16,1,UAV-VALID,ACCEPTED,ACCEPTED,True,1700800,1.7008,37700,80000,1364600,0,155700,4800,0,0,,,,none,x509-valid_active_0,0,False,238,8,
n10-identities_c1-conc_mech-x509-1backend_security-battery_r30_audit-off_20260824T233608Z,obs_0df44903fdb641e0b462a571f36836cb,2026-08-24T23:36:36.401200+00:00,x509,valid_active,17,1,UAV-VALID,ACCEPTED,ACCEPTED,True,2762400,2.7624,53100,140400,2316100,0,166100,4500,0,0,,,,none,x509-valid_active_0,0,False,239,8,
n10-identities_c1-conc_mech-x509-1backend_security-battery_r30_audit-off_20260824T233608Z,obs_46072672e4b84cd0a0c3ac8779184bb0,2026-08-24T23:36:36.409596+00:00,x509,valid_active,18,1,UAV-VALID,ACCEPTED,ACCEPTED,True,1778300,1.7783,42000,71500,1452200,0,165300,4400,0,0,,,,none,x509-valid_active_0,0,False,238,8,
n10-identities_c1-conc_mech-x509-1backend_security-battery_r30_audit-off_20260824T233608Z,obs_58b989cb8186422c9f31f7eb3959b8a4,2026-08-24T23:36:36.419513+00:00,x509,valid_active,19,1,UAV-VALID,ACCEPTED,ACCEPTED,True,2418900,2.4189,66200,133700,1935500,0,199100,7200,0,0,,,,none,x509-valid_active_0,0,False,238,8,
n10-identities_c1-conc_mech-x509-1backend_security-battery_r30_audit-off_20260824T233608Z,obs_3cdb8e887d434c2080ec96bb4f52962f,2026-08-24T23:36:36.427405+00:00,x509,valid_active,20,1,UAV-VALID,ACCEPTED,ACCEPTED,True,1623500,1.6235,39800,75000,1308700,0,153400,4400,0,0,,,,none,x509-valid_active_0,0,False,240,8,
n10-identities_c1-conc_mech-x509-1backend_security-battery_r30_audit-off_20260824T233608Z,obs_2ce372a1233f49ac916769746317b2d1,2026-08-24T23:36:36.436272+00:00,x509,valid_active,21,1,UAV-VALID,ACCEPTED,ACCEPTED,True,2033100,2.0331,52400,95900,1594200,0,206000,5800,0,0,,,,none,x509-valid_active_0,0,False,240,8,
n10-identities_c1-conc_mech-x509-1backend_security-battery_r30_audit-off_20260824T233608Z,obs_95ffbfaf84d44c4b9557523357ffa0ec,2026-08-24T23:36:36.445603+00:00,x509,valid_active,22,1,UAV-VALID,ACCEPTED,ACCEPTED,True,1871500,1.8715,46300,91400,1424400,0,233900,7700,0,0,,,,none,x509-valid_active_0,0,False,239,8,
n10-identities_c1-conc_mech-x509-1backend_security-battery_r30_audit-off_20260824T233608Z,obs_aceadf1d1c034b7e997325179474a641,2026-08-24T23:36:36.456655+00:00,x509,valid_active,23,1,UAV-VALID,ACCEPTED,ACCEPTED,True,2319800,2.3198,66700,177300,1792200,0,193500,5400,0,0,,,,none,x509-valid_active_0,0,False,239,8,
n10-identities_c1-conc_mech-x509-1backend_security-battery_r30_audit-off_20260824T233608Z,obs_30bf9e6a8d6043b6ba3be0c0a8823fd8,2026-08-24T23:36:36.465970+00:00,x509,valid_active,24,1,UAV-VALID,ACCEPTED,ACCEPTED,True,2114900,2.1149,49500,97100,1521700,0,203600,7000,0,0,,,,none,x509-valid_active_0,0,False,238,8,
n10-identities_c1-conc_mech-x509-1backend_security-battery_r30_audit-off_20260824T233608Z,obs_d10939ce81784a2db44dfe0554e99ce2,2026-08-24T23:36:36.481188+00:00,x509,valid_active,25,1,UAV-VALID,ACCEPTED,ACCEPTED,True,2139700,2.1397,56800,256100,1553200,0,169500,5800,0,0,,,,none,x509-valid_active_0,0,False,239,8,
n10-identities_c1-conc_mech-x509-1backend_security-battery_r30_audit-off_20260824T233608Z,obs_c9ac853c4c65486da9948bfada70ffb6,2026-08-24T23:36:36.489750+00:00,x509,valid_active,26,1,UAV-VALID,ACCEPTED,ACCEPTED,True,1686600,1.6866,48200,74500,1274900,0,230600,6200,0,0,,,,none,x509-valid_active_0,0,False,239,8,
n10-identities_c1-conc_mech-x509-1backend_security-battery_r30_audit-off_20260824T233608Z,obs_cca0322fbd194c0bb6163289f4b6537c,2026-08-24T23:36:36.499311+00:00,x509,valid_active,27,1,UAV-VALID,ACCEPTED,ACCEPTED,True,1990700,1.9907,43300,80200,1611100,0,188200,4900,0,0,,,,none,x509-valid_active_0,0,False,239,8,
n10-identities_c1-conc_mech-x509-1backend_security-battery_r30_audit-off_20260824T233608Z,obs_446b7af8b47047049d14cececaf1ccbd,2026-08-24T23:36:36.509639+00:00,x509,valid_active,28,1,UAV-VALID,ACCEPTED,ACCEPTED,True,2489100,2.4891,52200,164200,1973500,0,181200,4700,0,0,,,,none,x509-valid_active_0,0,False,239,8,
n10-identities_c1-conc_mech-x509-1backend_security-battery_r30_audit-off_20260824T233608Z,obs_5d77faf19d51463ba86c469ac2ae80f1,2026-08-24T23:36:36.517647+00:00,x509,valid_active,29,1,UAV-VALID,ACCEPTED,ACCEPTED,True,2182200,2.1822,42300,129100,1731500,0,196700,5400,0,0,,,,none,x509-valid_active_0,0,False,239,8,
n10-identities_c1-conc_mech-x509-1backend_security-battery_r30_audit-off_20260824T233608Z,obs_f34f3afeb2ba4d96b9dcf1875a53dcef,2026-08-24T23:36:36.538528+00:00,x509,unknown_uav,0,1,UAV-NOT-REGISTERED,UNKNOWN_IDENTITY,UNKNOWN_IDENTITY,True,238900,0.2389,54900,196200,0,0,0,0,0,0,,,,none,x509-unknown_uav_0,0,True,248,16,
n10-identities_c1-conc_mech-x509-1backend_security-battery_r30_audit-off_20260824T233608Z,obs_57c2af4eed184d3dadfe34153b122735,2026-08-24T23:36:36.545045+00:00,x509,unknown_uav,1,1,UAV-NOT-REGISTERED,UNKNOWN_IDENTITY,UNKNOWN_IDENTITY,True,223800,0.2238,33800,187600,0,0,0,0,0,0,,,,none,x509-unknown_uav_0,0,True,249,16,
n10-identities_c1-conc_mech-x509-1backend_security-battery_r30_audit-off_20260824T233608Z,obs_3643a5f03e4543f49f1a032891064b1d,2026-08-24T23:36:36.550530+00:00,x509,unknown_uav,0,1,UAV-NOT-REGISTERED,UNKNOWN_IDENTITY,UNKNOWN_IDENTITY,True,353400,0.3534,54800,305600,0,0,0,0,0,0,,,,none,x509-unknown_uav_0,0,False,247,16,
n10-identities_c1-conc_mech-x509-1backend_security-battery_r30_audit-off_20260824T233608Z,obs_eb19ee5097c940b7bd162323b947e9eb,2026-08-24T23:36:36.559493+00:00,x509,unknown_uav,1,1,UAV-NOT-REGISTERED,UNKNOWN_IDENTITY,UNKNOWN_IDENTITY,True,231500,0.2315,53100,183800,0,0,0,0,0,0,,,,none,x509-unknown_uav_0,0,False,248,16,
n10-identities_c1-conc_mech-x509-1backend_security-battery_r30_audit-off_20260824T233608Z,obs_429587768acf42a0bda6a88ad3253f3b,2026-08-24T23:36:36.564866+00:00,x509,unknown_uav,2,1,UAV-NOT-REGISTERED,UNKNOWN_IDENTITY,UNKNOWN_IDENTITY,True,183500,0.1835,35800,156800,0,0,0,0,0,0,,,,none,x509-unknown_uav_0,0,False,248,16,
n10-identities_c1-conc_mech-x509-1backend_security-battery_r30_audit-off_20260824T233608Z,obs_ef3f4f4e242a4146b72c91128bc4e47a,2026-08-24T23:36:36.572032+00:00,x509,unknown_uav,3,1,UAV-NOT-REGISTERED,UNKNOWN_IDENTITY,UNKNOWN_IDENTITY,True,162300,0.1623,35500,138200,0,0,0,0,0,0,,,,none,x509-unknown_uav_0,0,False,249,16,
n10-identities_c1-conc_mech-x509-1backend_security-battery_r30_audit-off_20260824T233608Z,obs_12d301d8832645f99641dcc400c0f1b9,2026-08-24T23:36:36.576653+00:00,x509,unknown_uav,4,1,UAV-NOT-REGISTERED,UNKNOWN_IDENTITY,UNKNOWN_IDENTITY,True,170100,0.1701,28100,144900,0,0,0,0,0,0,,,,none,x509-unknown_uav_0,0,False,248,16,
n10-identities_c1-conc_mech-x509-1backend_security-battery_r30_audit-off_20260824T233608Z,obs_001e201e3fa54c32871e3287034657a6,2026-08-24T23:36:36.581097+00:00,x509,unknown_uav,5,1,UAV-NOT-REGISTERED,UNKNOWN_IDENTITY,UNKNOWN_IDENTITY,True,165200,0.1652,33000,131300,0,0,0,0,0,0,,,,none,x509-unknown_uav_0,0,False,247,16,
n10-identities_c1-conc_mech-x509-1backend_security-battery_r30_audit-off_20260824T233608Z,obs_58a0da7d9adc45d0bec7c7e0cd531a6b,2026-08-24T23:36:36.586935+00:00,x509,unknown_uav,6,1,UAV-NOT-REGISTERED,UNKNOWN_IDENTITY,UNKNOWN_IDENTITY,True,211100,0.2111,33600,185100,0,0,0,0,0,0,,,,none,x509-unknown_uav_0,0,False,248,16,
n10-identities_c1-conc_mech-x509-1backend_security-battery_r30_audit-off_20260824T233608Z,obs_649f0c0f7bd047ce8c879591a814f219,2026-08-24T23:36:36.593637+00:00,x509,unknown_uav,7,1,UAV-NOT-REGISTERED,UNKNOWN_IDENTITY,UNKNOWN_IDENTITY,True,186200,0.1862,39200,149600,0,0,0,0,0,0,,,,none,x509-unknown_uav_0,0,False,248,16,
n10-identities_c1-conc_mech-x509-1backend_security-battery_r30_audit-off_20260824T233608Z,obs_4aad86008ca44c4da3f548c310e41b66,2026-08-24T23:36:36.600795+00:00,x509,unknown_uav,8,1,UAV-NOT-REGISTERED,UNKNOWN_IDENTITY,UNKNOWN_IDENTITY,True,409000,0.409,45200,370800,0,0,0,0,0,0,,,,none,x509-unknown_uav_0,0,False,248,16,
n10-identities_c1-conc_mech-x509-1backend_security-battery_r30_audit-off_20260824T233608Z,obs_38da85e6554a40b195f24e43045c0721,2026-08-24T23:36:36.607171+00:00,x509,unknown_uav,9,1,UAV-NOT-REGISTERED,UNKNOWN_IDENTITY,UNKNOWN_IDENTITY,True,213500,0.2135,45900,175200,0,0,0,0,0,0,,,,none,x509-unknown_uav_0,0,False,247,16,
n10-identities_c1-conc_mech-x509-1backend_security-battery_r30_audit-off_20260824T233608Z,obs_60b371302be14cf28f1153fad95a894a,2026-08-24T23:36:36.614021+00:00,x509,unknown_uav,10,1,UAV-NOT-REGISTERED,UNKNOWN_IDENTITY,UNKNOWN_IDENTITY,True,180000,0.18,31600,156000,0,0,0,0,0,0,,,,none,x509-unknown_uav_0,0,False,249,16,
n10-identities_c1-conc_mech-x509-1backend_security-battery_r30_audit-off_20260824T233608Z,obs_a0459e27637c4befbe05370d8e77b70e,2026-08-24T23:36:36.620483+00:00,x509,unknown_uav,11,1,UAV-NOT-REGISTERED,UNKNOWN_IDENTITY,UNKNOWN_IDENTITY,True,169200,0.1692,33700,143600,0,0,0,0,0,0,,,,none,x509-unknown_uav_0,0,False,248,16,
n10-identities_c1-conc_mech-x509-1backend_security-battery_r30_audit-off_20260824T233608Z,obs_27fad8fe936d46638c8e408925810ae9,2026-08-24T23:36:36.625154+00:00,x509,unknown_uav,12,1,UAV-NOT-REGISTERED,UNKNOWN_IDENTITY,UNKNOWN_IDENTITY,True,156300,0.1563,26300,132000,0,0,0,0,0,0,,,,none,x509-unknown_uav_0,0,False,247,16,
n10-identities_c1-conc_mech-x509-1backend_security-battery_r30_audit-off_20260824T233608Z,obs_d8542fb9b27740e78e29967abc8f8716,2026-08-24T23:36:36.631226+00:00,x509,unknown_uav,13,1,UAV-NOT-REGISTERED,UNKNOWN_IDENTITY,UNKNOWN_IDENTITY,True,205800,0.2058,66700,170700,0,0,0,0,0,0,,,,none,x509-unknown_uav_0,0,False,247,16,
n10-identities_c1-conc_mech-x509-1backend_security-battery_r30_audit-off_20260824T233608Z,obs_19c3187f4e6247dfb0a8831b46a4c413,2026-08-24T23:36:36.638961+00:00,x509,unknown_uav,14,1,UAV-NOT-REGISTERED,UNKNOWN_IDENTITY,UNKNOWN_IDENTITY,True,163900,0.1639,32500,139300,0,0,0,0,0,0,,,,none,x509-unknown_uav_0,0,False,248,16,
n10-identities_c1-conc_mech-x509-1backend_security-battery_r30_audit-off_20260824T233608Z,obs_eee8e8620db34045b462788859800dd4,2026-08-24T23:36:36.643004+00:00,x509,unknown_uav,15,1,UAV-NOT-REGISTERED,UNKNOWN_IDENTITY,UNKNOWN_IDENTITY,True,122900,0.1229,24700,99200,0,0,0,0,0,0,,,,none,x509-unknown_uav_0,0,False,249,16,
n10-identities_c1-conc_mech-x509-1backend_security-battery_r30_audit-off_20260824T233608Z,obs_71ea5ead57a14eea88c360f5b2dc228a,2026-08-24T23:36:36.648357+00:00,x509,unknown_uav,16,1,UAV-NOT-REGISTERED,UNKNOWN_IDENTITY,UNKNOWN_IDENTITY,True,167700,0.1677,33000,140200,0,0,0,0,0,0,,,,none,x509-unknown_uav_0,0,False,248,16,
n10-identities_c1-conc_mech-x509-1backend_security-battery_r30_audit-off_20260824T233608Z,obs_8affad90efad40bbb41b6d7a2645a177,2026-08-24T23:36:36.654804+00:00,x509,unknown_uav,17,1,UAV-NOT-REGISTERED,UNKNOWN_IDENTITY,UNKNOWN_IDENTITY,True,173000,0.173,30600,146500,0,0,0,0,0,0,,,,none,x509-unknown_uav_0,0,False,248,16,
n10-identities_c1-conc_mech-x509-1backend_security-battery_r30_audit-off_20260824T233608Z,obs_5c31a4a99f0e474ea997e46c145f2b2c,2026-08-24T23:36:36.659189+00:00,x509,unknown_uav,18,1,UAV-NOT-REGISTERED,UNKNOWN_IDENTITY,UNKNOWN_IDENTITY,True,124300,0.1243,31900,97600,0,0,0,0,0,0,,,,none,x509-unknown_uav_0,0,False,247,16,
n10-identities_c1-conc_mech-x509-1backend_security-battery_r30_audit-off_20260824T233608Z,obs_04f1c6b910c344769af783b2615d7003,2026-08-24T23:36:36.664687+00:00,x509,unknown_uav,19,1,UAV-NOT-REGISTERED,UNKNOWN_IDENTITY,UNKNOWN_IDENTITY,True,329100,0.3291,53700,271200,0,0,0,0,0,0,,,,none,x509-unknown_uav_0,0,False,248,16,
n10-identities_c1-conc_mech-x509-1backend_security-battery_r30_audit-off_20260824T233608Z,obs_8a8a67ce95b447e5905ba5758facafe7,2026-08-24T23:36:36.670897+00:00,x509,unknown_uav,20,1,UAV-NOT-REGISTERED,UNKNOWN_IDENTITY,UNKNOWN_IDENTITY,True,192700,0.1927,33100,166800,0,0,0,0,0,0,,,,none,x509-unknown_uav_0,0,False,249,16,
n10-identities_c1-conc_mech-x509-1backend_security-battery_r30_audit-off_20260824T233608Z,obs_5f1b7239579f4dfb858e59fbcb76b590,2026-08-24T23:36:36.676666+00:00,x509,unknown_uav,21,1,UAV-NOT-REGISTERED,UNKNOWN_IDENTITY,UNKNOWN_IDENTITY,True,230900,0.2309,32800,191900,0,0,0,0,0,0,,,,none,x509-unknown_uav_0,0,False,248,16,
n10-identities_c1-conc_mech-x509-1backend_security-battery_r30_audit-off_20260824T233608Z,obs_f6ae5dc11f874a03ba4323ad0707d224,2026-08-24T23:36:36.683254+00:00,x509,unknown_uav,22,1,UAV-NOT-REGISTERED,UNKNOWN_IDENTITY,UNKNOWN_IDENTITY,True,289900,0.2899,50700,252100,0,0,0,0,0,0,,,,none,x509-unknown_uav_0,0,False,248,16,
n10-identities_c1-conc_mech-x509-1backend_security-battery_r30_audit-off_20260824T233608Z,obs_5c77887fb07b4e819428840e49a5ed9d,2026-08-24T23:36:36.689408+00:00,x509,unknown_uav,23,1,UAV-NOT-REGISTERED,UNKNOWN_IDENTITY,UNKNOWN_IDENTITY,True,226200,0.2262,40200,195400,0,0,0,0,0,0,,,,none,x509-unknown_uav_0,0,False,248,16,
n10-identities_c1-conc_mech-x509-1backend_security-battery_r30_audit-off_20260824T233608Z,obs_38c37ceabf18498bb2767c76814b35d2,2026-08-24T23:36:36.695933+00:00,x509,unknown_uav,24,1,UAV-NOT-REGISTERED,UNKNOWN_IDENTITY,UNKNOWN_IDENTITY,True,192400,0.1924,39600,162300,0,0,0,0,0,0,,,,none,x509-unknown_uav_0,0,False,247,16,
n10-identities_c1-conc_mech-x509-1backend_security-battery_r30_audit-off_20260824T233608Z,obs_c4cbdc8ab894435f82490483a2c2c6b0,2026-08-24T23:36:36.704032+00:00,x509,unknown_uav,25,1,UAV-NOT-REGISTERED,UNKNOWN_IDENTITY,UNKNOWN_IDENTITY,True,220900,0.2209,45300,194600,0,0,0,0,0,0,,,,none,x509-unknown_uav_0,0,False,249,16,
n10-identities_c1-conc_mech-x509-1backend_security-battery_r30_audit-off_20260824T233608Z,obs_22e4ca81f6684fb280a6918a36d6a8eb,2026-08-24T23:36:36.730573+00:00,x509,unknown_uav,26,1,UAV-NOT-REGISTERED,UNKNOWN_IDENTITY,UNKNOWN_IDENTITY,True,353400,0.3534,40200,318700,0,0,0,0,0,0,,,,none,x509-unknown_uav_0,0,False,249,16,
n10-identities_c1-conc_mech-x509-1backend_security-battery_r30_audit-off_20260824T233608Z,obs_3eac6b997a80483a8886f9a9ee80e052,2026-08-24T23:36:36.736647+00:00,x509,unknown_uav,27,1,UAV-NOT-REGISTERED,UNKNOWN_IDENTITY,UNKNOWN_IDENTITY,True,204700,0.2047,34500,180500,0,0,0,0,0,0,,,,none,x509-unknown_uav_0,0,False,248,16,
n10-identities_c1-conc_mech-x509-1backend_security-battery_r30_audit-off_20260824T233608Z,obs_ee60d063db72462bbe247736a23822f4,2026-08-24T23:36:36.743296+00:00,x509,unknown_uav,28,1,UAV-NOT-REGISTERED,UNKNOWN_IDENTITY,UNKNOWN_IDENTITY,True,171400,0.1714,34300,146000,0,0,0,0,0,0,,,,none,x509-unknown_uav_0,0,False,248,16,
n10-identities_c1-conc_mech-x509-1backend_security-battery_r30_audit-off_20260824T233608Z,obs_cbb00e40d5924542abae1215f13eb476,2026-08-24T23:36:36.747713+00:00,x509,unknown_uav,29,1,UAV-NOT-REGISTERED,UNKNOWN_IDENTITY,UNKNOWN_IDENTITY,True,143300,0.1433,30400,121500,0,0,0,0,0,0,,,,none,x509-unknown_uav_0,0,False,249,16,
n10-identities_c1-conc_mech-x509-1backend_security-battery_r30_audit-off_20260824T233608Z,obs_c405b19f68a04e298f107916d950f6a1,2026-08-24T23:36:36.826284+00:00,x509,impersonation_wrong_key,0,1,UAV-VALID,INVALID_SIGNATURE,INVALID_SIGNATURE,True,1495300,1.4953,45000,95100,1150800,0,160700,0,0,0,,,,none,x509-impersonation_wrong_key_0,0,True,239,17,
n10-identities_c1-conc_mech-x509-1backend_security-battery_r30_audit-off_20260824T233608Z,obs_50bb458b01514664a360d2cee03abcfa,2026-08-24T23:36:36.836778+00:00,x509,impersonation_wrong_key,1,1,UAV-VALID,INVALID_SIGNATURE,INVALID_SIGNATURE,True,1855500,1.8555,83700,89400,1466800,0,181100,0,0,0,,,,none,x509-impersonation_wrong_key_0,0,True,240,17,
n10-identities_c1-conc_mech-x509-1backend_security-battery_r30_audit-off_20260824T233608Z,obs_67645355629e400e9f32307e3149af30,2026-08-24T23:36:36.843024+00:00,x509,impersonation_wrong_key,0,1,UAV-VALID,INVALID_SIGNATURE,INVALID_SIGNATURE,True,1306600,1.3066,31000,78600,1032100,0,121700,0,0,0,,,,none,x509-impersonation_wrong_key_0,0,False,239,17,
n10-identities_c1-conc_mech-x509-1backend_security-battery_r30_audit-off_20260824T233608Z,obs_81194e98261f4b7f967bb96c7e2393d6,2026-08-24T23:36:36.852585+00:00,x509,impersonation_wrong_key,1,1,UAV-VALID,INVALID_SIGNATURE,INVALID_SIGNATURE,True,2011000,2.011,68300,111900,1662900,0,148100,0,0,0,,,,none,x509-impersonation_wrong_key_0,0,False,239,17,
n10-identities_c1-conc_mech-x509-1backend_security-battery_r30_audit-off_20260824T233608Z,obs_e04ca5e9311340d69b530fb2585ace66,2026-08-24T23:36:36.861041+00:00,x509,impersonation_wrong_key,2,1,UAV-VALID,INVALID_SIGNATURE,INVALID_SIGNATURE,True,1712100,1.7121,41500,79500,1363100,0,173100,0,0,0,,,,none,x509-impersonation_wrong_key_0,0,False,240,17,
n10-identities_c1-conc_mech-x509-1backend_security-battery_r30_audit-off_20260824T233608Z,obs_39f959a4929f46ee8fcf516761cbdfba,2026-08-24T23:36:36.872162+00:00,x509,impersonation_wrong_key,3,1,UAV-VALID,INVALID_SIGNATURE,INVALID_SIGNATURE,True,1556600,1.5566,46300,83600,1267200,0,125200,0,0,0,,,,none,x509-impersonation_wrong_key_0,0,False,240,17,
n10-identities_c1-conc_mech-x509-1backend_security-battery_r30_audit-off_20260824T233608Z,obs_0c11dcc0e0544c09806e0241a2fc6adb,2026-08-24T23:36:36.880738+00:00,x509,impersonation_wrong_key,4,1,UAV-VALID,INVALID_SIGNATURE,INVALID_SIGNATURE,True,3227300,3.2273,31000,143300,2822300,0,148400,0,0,0,,,,none,x509-impersonation_wrong_key_0,0,False,239,17,
n10-identities_c1-conc_mech-x509-1backend_security-battery_r30_audit-off_20260824T233608Z,obs_ee240403bc0a48f5823442150aa7d300,2026-08-24T23:36:36.889880+00:00,x509,impersonation_wrong_key,5,1,UAV-VALID,INVALID_SIGNATURE,INVALID_SIGNATURE,True,1969600,1.9696,50800,94900,1593600,0,175200,0,0,0,,,,none,x509-impersonation_wrong_key_0,0,False,239,17,
n10-identities_c1-conc_mech-x509-1backend_security-battery_r30_audit-off_20260824T233608Z,obs_b88f8482ecef424997e6d0d381c94a61,2026-08-24T23:36:36.899831+00:00,x509,impersonation_wrong_key,6,1,UAV-VALID,INVALID_SIGNATURE,INVALID_SIGNATURE,True,2255700,2.2557,46000,81400,1785700,0,253600,0,0,0,,,,none,x509-impersonation_wrong_key_0,0,False,238,17,
n10-identities_c1-conc_mech-x509-1backend_security-battery_r30_audit-off_20260824T233608Z,obs_87ee0fa31c094185acbc6315d7814d5e,2026-08-24T23:36:36.908939+00:00,x509,impersonation_wrong_key,7,1,UAV-VALID,INVALID_SIGNATURE,INVALID_SIGNATURE,True,1966400,1.9664,45000,67300,1539000,0,204400,0,0,0,,,,none,x509-impersonation_wrong_key_0,0,False,238,17,
n10-identities_c1-conc_mech-x509-1backend_security-battery_r30_audit-off_20260824T233608Z,obs_6e2b8184445a4298896e2ec5579c6ee7,2026-08-24T23:36:36.920247+00:00,x509,impersonation_wrong_key,8,1,UAV-VALID,INVALID_SIGNATURE,INVALID_SIGNATURE,True,2532600,2.5326,68100,114000,2069300,0,210700,0,0,0,,,,none,x509-impersonation_wrong_key_0,0,False,238,17,
n10-identities_c1-conc_mech-x509-1backend_security-battery_r30_audit-off_20260824T233608Z,obs_8b11da99bf3d4736ac04851b48e01b7e,2026-08-24T23:36:36.929790+00:00,x509,impersonation_wrong_key,9,1,UAV-VALID,INVALID_SIGNATURE,INVALID_SIGNATURE,True,2140600,2.1406,46700,77200,1757600,0,193200,0,0,0,,,,none,x509-impersonation_wrong_key_0,0,False,239,17,
n10-identities_c1-conc_mech-x509-1backend_security-battery_r30_audit-off_20260824T233608Z,obs_87e2169d19cb429d9da86fb6a0e99e54,2026-08-24T23:36:36.939528+00:00,x509,impersonation_wrong_key,10,1,UAV-VALID,INVALID_SIGNATURE,INVALID_SIGNATURE,True,2069500,2.0695,59300,88500,1664100,0,202500,0,0,0,,,,none,x509-impersonation_wrong_key_0,0,False,239,17,
n10-identities_c1-conc_mech-x509-1backend_security-battery_r30_audit-off_20260824T233608Z,obs_e5cfc7fb0ad34806b2a0ccc1b3c660ff,2026-08-24T23:36:36.947942+00:00,x509,impersonation_wrong_key,11,1,UAV-VALID,INVALID_SIGNATURE,INVALID_SIGNATURE,True,1958100,1.9581,45300,60800,1604900,0,195000,0,0,0,,,,none,x509-impersonation_wrong_key_0,0,False,240,17,
n10-identities_c1-conc_mech-x509-1backend_security-battery_r30_audit-off_20260824T233608Z,obs_6907284bf1f6446c90c9bc99528b032e,2026-08-24T23:36:36.958172+00:00,x509,impersonation_wrong_key,12,1,UAV-VALID,INVALID_SIGNATURE,INVALID_SIGNATURE,True,2098300,2.0983,52300,104400,1703600,0,171500,0,0,0,,,,none,x509-impersonation_wrong_key_0,0,False,239,17,
n10-identities_c1-conc_mech-x509-1backend_security-battery_r30_audit-off_20260824T233608Z,obs_bd08ca4fb9354ac4833db1d4b53762ac,2026-08-24T23:36:36.966028+00:00,x509,impersonation_wrong_key,13,1,UAV-VALID,INVALID_SIGNATURE,INVALID_SIGNATURE,True,1859700,1.8597,35600,73300,1399200,0,209700,0,0,0,,,,none,x509-impersonation_wrong_key_0,0,False,239,17,
n10-identities_c1-conc_mech-x509-1backend_security-battery_r30_audit-off_20260824T233608Z,obs_abd7bc96e5104ffa959aa2db10bad720,2026-08-24T23:36:36.975116+00:00,x509,impersonation_wrong_key,14,1,UAV-VALID,INVALID_SIGNATURE,INVALID_SIGNATURE,True,1484300,1.4843,55600,63200,1172200,0,157300,0,0,0,,,,none,x509-impersonation_wrong_key_0,0,False,239,17,
n10-identities_c1-conc_mech-x509-1backend_security-battery_r30_audit-off_20260824T233608Z,obs_ed3cc4318970469e8a8f57ddd4f7425e,2026-08-24T23:36:36.983495+00:00,x509,impersonation_wrong_key,15,1,UAV-VALID,INVALID_SIGNATURE,INVALID_SIGNATURE,True,2134000,2.134,34200,66400,1715100,0,223900,0,0,0,,,,none,x509-impersonation_wrong_key_0,0,False,240,17,
n10-identities_c1-conc_mech-x509-1backend_security-battery_r30_audit-off_20260824T233608Z,obs_f8df8732b2b1471d9a457a43a209cf3a,2026-08-24T23:36:36.993512+00:00,x509,impersonation_wrong_key,16,1,UAV-VALID,INVALID_SIGNATURE,INVALID_SIGNATURE,True,1699500,1.6995,44700,84800,1330600,0,177400,0,0,0,,,,none,x509-impersonation_wrong_key_0,0,False,240,17,
n10-identities_c1-conc_mech-x509-1backend_security-battery_r30_audit-off_20260824T233608Z,obs_953549e0935a4d17b0782ce77672b3f4,2026-08-24T23:36:37.007175+00:00,x509,impersonation_wrong_key,17,1,UAV-VALID,INVALID_SIGNATURE,INVALID_SIGNATURE,True,6020000,6.02,147800,552200,5079000,0,231300,0,0,0,,,,none,x509-impersonation_wrong_key_0,0,False,240,17,
n10-identities_c1-conc_mech-x509-1backend_security-battery_r30_audit-off_20260824T233608Z,obs_ec440f8d84da46768aef5a13fbf347b7,2026-08-24T23:36:37.028517+00:00,x509,impersonation_wrong_key,18,1,UAV-VALID,INVALID_SIGNATURE,INVALID_SIGNATURE,True,3003400,3.0034,84800,124800,2505200,0,216100,0,0,0,,,,none,x509-impersonation_wrong_key_0,0,False,239,17,
n10-identities_c1-conc_mech-x509-1backend_security-battery_r30_audit-off_20260824T233608Z,obs_ba576f6bf74b43049fc9b210d4cf53aa,2026-08-24T23:36:37.044498+00:00,x509,impersonation_wrong_key,19,1,UAV-VALID,INVALID_SIGNATURE,INVALID_SIGNATURE,True,2022800,2.0228,43200,90800,1561400,0,207900,0,0,0,,,,none,x509-impersonation_wrong_key_0,0,False,240,17,
n10-identities_c1-conc_mech-x509-1backend_security-battery_r30_audit-off_20260824T233608Z,obs_66955fa03d8a4e06bdbde17648ac76cc,2026-08-24T23:36:37.059564+00:00,x509,impersonation_wrong_key,20,1,UAV-VALID,INVALID_SIGNATURE,INVALID_SIGNATURE,True,2167700,2.1677,68200,112000,1709900,0,205400,0,0,0,,,,none,x509-impersonation_wrong_key_0,0,False,239,17,
n10-identities_c1-conc_mech-x509-1backend_security-battery_r30_audit-off_20260824T233608Z,obs_193ab9f52bfa463eb632573cb30bf6be,2026-08-24T23:36:37.072600+00:00,x509,impersonation_wrong_key,21,1,UAV-VALID,INVALID_SIGNATURE,INVALID_SIGNATURE,True,1860500,1.8605,53200,96400,1450800,0,195200,0,0,0,,,,none,x509-impersonation_wrong_key_0,0,False,238,17,
n10-identities_c1-conc_mech-x509-1backend_security-battery_r30_audit-off_20260824T233608Z,obs_1682bd324c0c43d9862b650521992b71,2026-08-24T23:36:37.090566+00:00,x509,impersonation_wrong_key,22,1,UAV-VALID,INVALID_SIGNATURE,INVALID_SIGNATURE,True,2165500,2.1655,59300,115200,1735000,0,195800,0,0,0,,,,none,x509-impersonation_wrong_key_0,0,False,239,17,
n10-identities_c1-conc_mech-x509-1backend_security-battery_r30_audit-off_20260824T233608Z,obs_0ca0d03ec4774b89ac2c152017898e13,2026-08-24T23:36:37.104767+00:00,x509,impersonation_wrong_key,23,1,UAV-VALID,INVALID_SIGNATURE,INVALID_SIGNATURE,True,3480300,3.4803,56600,96900,3010900,0,235200,0,0,0,,,,none,x509-impersonation_wrong_key_0,0,False,239,17,
n10-identities_c1-conc_mech-x509-1backend_security-battery_r30_audit-off_20260824T233608Z,obs_f2682353691442128606e7956ece1da6,2026-08-24T23:36:37.135128+00:00,x509,impersonation_wrong_key,24,1,UAV-VALID,INVALID_SIGNATURE,INVALID_SIGNATURE,True,9612200,9.6122,55900,88600,9031300,0,251700,0,0,0,,,,none,x509-impersonation_wrong_key_0,0,False,239,17,
n10-identities_c1-conc_mech-x509-1backend_security-battery_r30_audit-off_20260824T233608Z,obs_029c74eb8ff44884b82f7f6c878b23e4,2026-08-24T23:36:37.152593+00:00,x509,impersonation_wrong_key,25,1,UAV-VALID,INVALID_SIGNATURE,INVALID_SIGNATURE,True,2220000,2.22,48500,100300,1768400,0,215400,0,0,0,,,,none,x509-impersonation_wrong_key_0,0,False,238,17,
n10-identities_c1-conc_mech-x509-1backend_security-battery_r30_audit-off_20260824T233608Z,obs_e24069f9bed240bfaf74ae154cab28be,2026-08-24T23:36:37.164240+00:00,x509,impersonation_wrong_key,26,1,UAV-VALID,INVALID_SIGNATURE,INVALID_SIGNATURE,True,1785800,1.7858,56300,92500,1382300,0,189700,0,0,0,,,,none,x509-impersonation_wrong_key_0,0,False,238,17,
n10-identities_c1-conc_mech-x509-1backend_security-battery_r30_audit-off_20260824T233608Z,obs_54188678b5584b3fa6386583435188a4,2026-08-24T23:36:37.192660+00:00,x509,impersonation_wrong_key,27,1,UAV-VALID,INVALID_SIGNATURE,INVALID_SIGNATURE,True,5384100,5.3841,442400,148800,4902700,0,202800,0,0,0,,,,none,x509-impersonation_wrong_key_0,0,False,240,17,
n10-identities_c1-conc_mech-x509-1backend_security-battery_r30_audit-off_20260824T233608Z,obs_8ef2dd3205014e518cae3d70ff832d0b,2026-08-24T23:36:37.218351+00:00,x509,impersonation_wrong_key,28,1,UAV-VALID,INVALID_SIGNATURE,INVALID_SIGNATURE,True,17112500,17.1125,57900,85000,16604900,0,242800,0,0,0,,,,none,x509-impersonation_wrong_key_0,0,False,238,17,
n10-identities_c1-conc_mech-x509-1backend_security-battery_r30_audit-off_20260824T233608Z,obs_fd5a108ae3d64ca5b67118d4409730d6,2026-08-24T23:36:37.233488+00:00,x509,impersonation_wrong_key,29,1,UAV-VALID,INVALID_SIGNATURE,INVALID_SIGNATURE,True,3029500,3.0295,50500,82800,1825000,0,991500,0,0,0,,,,none,x509-impersonation_wrong_key_0,0,False,239,17,
n10-identities_c1-conc_mech-x509-1backend_security-battery_r30_audit-off_20260824T233608Z,obs_e1b91a96c09347548c6909d471d216ed,2026-08-24T23:36:37.373187+00:00,x509,replay,0,1,UAV-VALID,REPLAY_DETECTED,REPLAY_DETECTED,True,41700,0.0417,62600,0,0,0,0,0,0,0,,,,none,x509-replay_0,0,True,238,15,
n10-identities_c1-conc_mech-x509-1backend_security-battery_r30_audit-off_20260824T233608Z,obs_f6c26bc60dd04c5f8733ce856fc6a5c1,2026-08-24T23:36:37.413602+00:00,x509,replay,1,1,UAV-VALID,REPLAY_DETECTED,REPLAY_DETECTED,True,55200,0.0552,77700,0,0,0,0,0,0,0,,,,none,x509-replay_0,0,True,239,15,
n10-identities_c1-conc_mech-x509-1backend_security-battery_r30_audit-off_20260824T233608Z,obs_5c136bad09ca4384a72da97119d4eb71,2026-08-24T23:36:37.431495+00:00,x509,replay,0,1,UAV-VALID,REPLAY_DETECTED,REPLAY_DETECTED,True,513300,0.5133,64700,0,0,0,0,0,0,0,,,,none,x509-replay_0,0,False,240,15,
n10-identities_c1-conc_mech-x509-1backend_security-battery_r30_audit-off_20260824T233608Z,obs_547b7acf1e8349a2880e47fa00a12adc,2026-08-24T23:36:37.446630+00:00,x509,replay,1,1,UAV-VALID,REPLAY_DETECTED,REPLAY_DETECTED,True,49000,0.049,68500,0,0,0,0,0,0,0,,,,none,x509-replay_0,0,False,240,15,
n10-identities_c1-conc_mech-x509-1backend_security-battery_r30_audit-off_20260824T233608Z,obs_52367b3bd08c4dafac28470c67d4a4fe,2026-08-24T23:36:37.458384+00:00,x509,replay,2,1,UAV-VALID,REPLAY_DETECTED,REPLAY_DETECTED,True,37300,0.0373,86400,0,0,0,0,0,0,0,,,,none,x509-replay_0,0,False,240,15,
n10-identities_c1-conc_mech-x509-1backend_security-battery_r30_audit-off_20260824T233608Z,obs_497207fabd494901a07a05a72a2d0614,2026-08-24T23:36:37.469582+00:00,x509,replay,3,1,UAV-VALID,REPLAY_DETECTED,REPLAY_DETECTED,True,157800,0.1578,66500,0,0,0,0,0,0,0,,,,none,x509-replay_0,0,False,239,15,
n10-identities_c1-conc_mech-x509-1backend_security-battery_r30_audit-off_20260824T233608Z,obs_ce1ed383978941af9e71ffec3d26acfa,2026-08-24T23:36:37.483574+00:00,x509,replay,4,1,UAV-VALID,REPLAY_DETECTED,REPLAY_DETECTED,True,42400,0.0424,49900,0,0,0,0,0,0,0,,,,none,x509-replay_0,0,False,240,15,
n10-identities_c1-conc_mech-x509-1backend_security-battery_r30_audit-off_20260824T233608Z,obs_8a330fff836544d6a044285120b1b186,2026-08-24T23:36:37.495692+00:00,x509,replay,5,1,UAV-VALID,REPLAY_DETECTED,REPLAY_DETECTED,True,36900,0.0369,42200,0,0,0,0,0,0,0,,,,none,x509-replay_0,0,False,239,15,
n10-identities_c1-conc_mech-x509-1backend_security-battery_r30_audit-off_20260824T233608Z,obs_37b621792a1e48f68015edef0075c5ca,2026-08-24T23:36:37.507217+00:00,x509,replay,6,1,UAV-VALID,REPLAY_DETECTED,REPLAY_DETECTED,True,113100,0.1131,58800,0,0,0,0,0,0,0,,,,none,x509-replay_0,0,False,239,15,
n10-identities_c1-conc_mech-x509-1backend_security-battery_r30_audit-off_20260824T233608Z,obs_24a4767b1b1b4ecdb6975f30b09a12ca,2026-08-24T23:36:37.516346+00:00,x509,replay,7,1,UAV-VALID,REPLAY_DETECTED,REPLAY_DETECTED,True,40800,0.0408,39400,0,0,0,0,0,0,0,,,,none,x509-replay_0,0,False,239,15,
n10-identities_c1-conc_mech-x509-1backend_security-battery_r30_audit-off_20260824T233608Z,obs_e11d94a972c6412087c33a542b91c499,2026-08-24T23:36:37.525677+00:00,x509,replay,8,1,UAV-VALID,REPLAY_DETECTED,REPLAY_DETECTED,True,32000,0.032,49000,0,0,0,0,0,0,0,,,,none,x509-replay_0,0,False,238,15,
n10-identities_c1-conc_mech-x509-1backend_security-battery_r30_audit-off_20260824T233608Z,obs_99ff4d66c5e4435e858d91211200abd5,2026-08-24T23:36:37.538093+00:00,x509,replay,9,1,UAV-VALID,REPLAY_DETECTED,REPLAY_DETECTED,True,53700,0.0537,41700,0,0,0,0,0,0,0,,,,none,x509-replay_0,0,False,239,15,
n10-identities_c1-conc_mech-x509-1backend_security-battery_r30_audit-off_20260824T233608Z,obs_31642d8952334f17b5668f7c06ec0eed,2026-08-24T23:36:37.545971+00:00,x509,replay,10,1,UAV-VALID,REPLAY_DETECTED,REPLAY_DETECTED,True,24000,0.024,39200,0,0,0,0,0,0,0,,,,none,x509-replay_0,0,False,240,15,
n10-identities_c1-conc_mech-x509-1backend_security-battery_r30_audit-off_20260824T233608Z,obs_fbe74bac6b2545ca9e6e76a4be05aecb,2026-08-24T23:36:37.555310+00:00,x509,replay,11,1,UAV-VALID,REPLAY_DETECTED,REPLAY_DETECTED,True,28300,0.0283,35300,0,0,0,0,0,0,0,,,,none,x509-replay_0,0,False,239,15,
n10-identities_c1-conc_mech-x509-1backend_security-battery_r30_audit-off_20260824T233608Z,obs_e626f246a0e94f3f99b89a4dc59602a8,2026-08-24T23:36:37.562779+00:00,x509,replay,12,1,UAV-VALID,REPLAY_DETECTED,REPLAY_DETECTED,True,26800,0.0268,38200,0,0,0,0,0,0,0,,,,none,x509-replay_0,0,False,238,15,
n10-identities_c1-conc_mech-x509-1backend_security-battery_r30_audit-off_20260824T233608Z,obs_d7367ffd4ee246859b49250bf38b4b9a,2026-08-24T23:36:37.574621+00:00,x509,replay,13,1,UAV-VALID,REPLAY_DETECTED,REPLAY_DETECTED,True,32100,0.0321,40700,0,0,0,0,0,0,0,,,,none,x509-replay_0,0,False,239,15,
n10-identities_c1-conc_mech-x509-1backend_security-battery_r30_audit-off_20260824T233608Z,obs_5313405cc1c2440a9b451f04b32b1cb0,2026-08-24T23:36:37.586256+00:00,x509,replay,14,1,UAV-VALID,REPLAY_DETECTED,REPLAY_DETECTED,True,35700,0.0357,45000,0,0,0,0,0,0,0,,,,none,x509-replay_0,0,False,238,15,
n10-identities_c1-conc_mech-x509-1backend_security-battery_r30_audit-off_20260824T233608Z,obs_6b5437758b5d4205b2b7aee4e77c326f,2026-08-24T23:36:37.595039+00:00,x509,replay,15,1,UAV-VALID,REPLAY_DETECTED,REPLAY_DETECTED,True,28400,0.0284,39000,0,0,0,0,0,0,0,,,,none,x509-replay_0,0,False,240,15,
n10-identities_c1-conc_mech-x509-1backend_security-battery_r30_audit-off_20260824T233608Z,obs_d3b812c54aba40c1b111c5d00da828e6,2026-08-24T23:36:37.603480+00:00,x509,replay,16,1,UAV-VALID,REPLAY_DETECTED,REPLAY_DETECTED,True,30100,0.0301,37900,0,0,0,0,0,0,0,,,,none,x509-replay_0,0,False,239,15,
n10-identities_c1-conc_mech-x509-1backend_security-battery_r30_audit-off_20260824T233608Z,obs_327535fca0144dafb4cb20b766d61be8,2026-08-24T23:36:37.611731+00:00,x509,replay,17,1,UAV-VALID,REPLAY_DETECTED,REPLAY_DETECTED,True,28300,0.0283,38900,0,0,0,0,0,0,0,,,,none,x509-replay_0,0,False,239,15,
n10-identities_c1-conc_mech-x509-1backend_security-battery_r30_audit-off_20260824T233608Z,obs_f24730955eae43c58dc8aade15e5bf11,2026-08-24T23:36:37.620874+00:00,x509,replay,18,1,UAV-VALID,REPLAY_DETECTED,REPLAY_DETECTED,True,30600,0.0306,45800,0,0,0,0,0,0,0,,,,none,x509-replay_0,0,False,238,15,
n10-identities_c1-conc_mech-x509-1backend_security-battery_r30_audit-off_20260824T233608Z,obs_9f31b148143f4fc3b8443e98f3d06076,2026-08-24T23:36:37.632295+00:00,x509,replay,19,1,UAV-VALID,REPLAY_DETECTED,REPLAY_DETECTED,True,30500,0.0305,56700,0,0,0,0,0,0,0,,,,none,x509-replay_0,0,False,238,15,
n10-identities_c1-conc_mech-x509-1backend_security-battery_r30_audit-off_20260824T233608Z,obs_5ba44a9e443c4369bb63238967dda481,2026-08-24T23:36:37.641347+00:00,x509,replay,20,1,UAV-VALID,REPLAY_DETECTED,REPLAY_DETECTED,True,32700,0.0327,43500,0,0,0,0,0,0,0,,,,none,x509-replay_0,0,False,239,15,
n10-identities_c1-conc_mech-x509-1backend_security-battery_r30_audit-off_20260824T233608Z,obs_337321d1fb9c460e9f514bd2ff2c1f12,2026-08-24T23:36:37.651882+00:00,x509,replay,21,1,UAV-VALID,REPLAY_DETECTED,REPLAY_DETECTED,True,36400,0.0364,53700,0,0,0,0,0,0,0,,,,none,x509-replay_0,0,False,240,15,
n10-identities_c1-conc_mech-x509-1backend_security-battery_r30_audit-off_20260824T233608Z,obs_43259cc0123b44699be0ef655bf9ede6,2026-08-24T23:36:37.660034+00:00,x509,replay,22,1,UAV-VALID,REPLAY_DETECTED,REPLAY_DETECTED,True,34800,0.0348,42800,0,0,0,0,0,0,0,,,,none,x509-replay_0,0,False,239,15,
n10-identities_c1-conc_mech-x509-1backend_security-battery_r30_audit-off_20260824T233608Z,obs_8e73d6ff07934dbda475f0c9ecd72294,2026-08-24T23:36:37.669695+00:00,x509,replay,23,1,UAV-VALID,REPLAY_DETECTED,REPLAY_DETECTED,True,24800,0.0248,45900,0,0,0,0,0,0,0,,,,none,x509-replay_0,0,False,240,15,
n10-identities_c1-conc_mech-x509-1backend_security-battery_r30_audit-off_20260824T233608Z,obs_2a155ad8c9144027a9b9ff4bffdc9115,2026-08-24T23:36:37.678601+00:00,x509,replay,24,1,UAV-VALID,REPLAY_DETECTED,REPLAY_DETECTED,True,34500,0.0345,66400,0,0,0,0,0,0,0,,,,none,x509-replay_0,0,False,239,15,
n10-identities_c1-conc_mech-x509-1backend_security-battery_r30_audit-off_20260824T233608Z,obs_4978129a099b4fae80093a469517ba16,2026-08-24T23:36:37.687870+00:00,x509,replay,25,1,UAV-VALID,REPLAY_DETECTED,REPLAY_DETECTED,True,24000,0.024,47500,0,0,0,0,0,0,0,,,,none,x509-replay_0,0,False,240,15,
n10-identities_c1-conc_mech-x509-1backend_security-battery_r30_audit-off_20260824T233608Z,obs_5438aed3f756496fa1b3f45420cd8f3d,2026-08-24T23:36:37.696640+00:00,x509,replay,26,1,UAV-VALID,REPLAY_DETECTED,REPLAY_DETECTED,True,22500,0.0225,43600,0,0,0,0,0,0,0,,,,none,x509-replay_0,0,False,240,15,
n10-identities_c1-conc_mech-x509-1backend_security-battery_r30_audit-off_20260824T233608Z,obs_5ffdacafc5df4100aa1634d17f72cb14,2026-08-24T23:36:37.704957+00:00,x509,replay,27,1,UAV-VALID,REPLAY_DETECTED,REPLAY_DETECTED,True,20700,0.0207,37200,0,0,0,0,0,0,0,,,,none,x509-replay_0,0,False,239,15,
n10-identities_c1-conc_mech-x509-1backend_security-battery_r30_audit-off_20260824T233608Z,obs_2b29b2f569fd4c6e8814871f58acb441,2026-08-24T23:36:37.712798+00:00,x509,replay,28,1,UAV-VALID,REPLAY_DETECTED,REPLAY_DETECTED,True,28900,0.0289,30600,0,0,0,0,0,0,0,,,,none,x509-replay_0,0,False,239,15,
n10-identities_c1-conc_mech-x509-1backend_security-battery_r30_audit-off_20260824T233608Z,obs_0ff0fa3d114b40b7bfd7fdd3e9625330,2026-08-24T23:36:37.721325+00:00,x509,replay,29,1,UAV-VALID,REPLAY_DETECTED,REPLAY_DETECTED,True,23500,0.0235,41400,0,0,0,0,0,0,0,,,,none,x509-replay_0,0,False,239,15,
n10-identities_c1-conc_mech-x509-1backend_security-battery_r30_audit-off_20260824T233608Z,obs_8cb3145213d84efbadff10ef7677b57b,2026-08-24T23:36:37.745077+00:00,x509,modified_nonce,0,1,UAV-VALID,INVALID_SIGNATURE,INVALID_SIGNATURE,True,20800,0.0208,45300,0,0,0,0,0,0,0,,,,none,x509-modified_nonce_0,0,True,239,17,nonce mismatch
n10-identities_c1-conc_mech-x509-1backend_security-battery_r30_audit-off_20260824T233608Z,obs_5fcd74ca2f704d8c8131477d174c0ad6,2026-08-24T23:36:37.751942+00:00,x509,modified_nonce,1,1,UAV-VALID,INVALID_SIGNATURE,INVALID_SIGNATURE,True,17300,0.0173,53000,0,0,0,0,0,0,0,,,,none,x509-modified_nonce_0,0,True,240,17,nonce mismatch
n10-identities_c1-conc_mech-x509-1backend_security-battery_r30_audit-off_20260824T233608Z,obs_202528e4fdb041de805cba3cbca99cf7,2026-08-24T23:36:37.759251+00:00,x509,modified_nonce,0,1,UAV-VALID,INVALID_SIGNATURE,INVALID_SIGNATURE,True,15800,0.0158,35100,0,0,0,0,0,0,0,,,,none,x509-modified_nonce_0,0,False,240,17,nonce mismatch
n10-identities_c1-conc_mech-x509-1backend_security-battery_r30_audit-off_20260824T233608Z,obs_9499809bf54241c6a8e9208ed011f976,2026-08-24T23:36:37.765044+00:00,x509,modified_nonce,1,1,UAV-VALID,INVALID_SIGNATURE,INVALID_SIGNATURE,True,25900,0.0259,47400,0,0,0,0,0,0,0,,,,none,x509-modified_nonce_0,0,False,238,17,nonce mismatch
n10-identities_c1-conc_mech-x509-1backend_security-battery_r30_audit-off_20260824T233608Z,obs_2d21e9602d1e498c95a0f3246da037e5,2026-08-24T23:36:37.780341+00:00,x509,modified_nonce,2,1,UAV-VALID,INVALID_SIGNATURE,INVALID_SIGNATURE,True,23400,0.0234,53500,0,0,0,0,0,0,0,,,,none,x509-modified_nonce_0,0,False,238,17,nonce mismatch
n10-identities_c1-conc_mech-x509-1backend_security-battery_r30_audit-off_20260824T233608Z,obs_048a3643952c416c838ff91a58ecfefd,2026-08-24T23:36:37.790409+00:00,x509,modified_nonce,3,1,UAV-VALID,INVALID_SIGNATURE,INVALID_SIGNATURE,True,23200,0.0232,57200,0,0,0,0,0,0,0,,,,none,x509-modified_nonce_0,0,False,240,17,nonce mismatch
n10-identities_c1-conc_mech-x509-1backend_security-battery_r30_audit-off_20260824T233608Z,obs_68356118628947b8b7d6460c5b8ea177,2026-08-24T23:36:37.799077+00:00,x509,modified_nonce,4,1,UAV-VALID,INVALID_SIGNATURE,INVALID_SIGNATURE,True,36500,0.0365,58500,0,0,0,0,0,0,0,,,,none,x509-modified_nonce_0,0,False,239,17,nonce mismatch
n10-identities_c1-conc_mech-x509-1backend_security-battery_r30_audit-off_20260824T233608Z,obs_a5d0932a630f4bf482044f9877e0b0c5,2026-08-24T23:36:37.808068+00:00,x509,modified_nonce,5,1,UAV-VALID,INVALID_SIGNATURE,INVALID_SIGNATURE,True,23200,0.0232,70200,0,0,0,0,0,0,0,,,,none,x509-modified_nonce_0,0,False,238,17,nonce mismatch
n10-identities_c1-conc_mech-x509-1backend_security-battery_r30_audit-off_20260824T233608Z,obs_93b8a447f458496db61f44ca44fb0604,2026-08-24T23:36:37.818253+00:00,x509,modified_nonce,6,1,UAV-VALID,INVALID_SIGNATURE,INVALID_SIGNATURE,True,35300,0.0353,58800,0,0,0,0,0,0,0,,,,none,x509-modified_nonce_0,0,False,239,17,nonce mismatch
n10-identities_c1-conc_mech-x509-1backend_security-battery_r30_audit-off_20260824T233608Z,obs_d30c7581344b4c95a1e3d62040c77856,2026-08-24T23:36:37.853276+00:00,x509,modified_nonce,7,1,UAV-VALID,INVALID_SIGNATURE,INVALID_SIGNATURE,True,24600,0.0246,112500,0,0,0,0,0,0,0,,,,none,x509-modified_nonce_0,0,False,239,17,nonce mismatch
n10-identities_c1-conc_mech-x509-1backend_security-battery_r30_audit-off_20260824T233608Z,obs_b2be085c8bd84b3b9a6ab98f85a3abb5,2026-08-24T23:36:37.861533+00:00,x509,modified_nonce,8,1,UAV-VALID,INVALID_SIGNATURE,INVALID_SIGNATURE,True,24300,0.0243,58500,0,0,0,0,0,0,0,,,,none,x509-modified_nonce_0,0,False,238,17,nonce mismatch
n10-identities_c1-conc_mech-x509-1backend_security-battery_r30_audit-off_20260824T233608Z,obs_add4549e98e3467aaa1328faa3b37381,2026-08-24T23:36:37.869941+00:00,x509,modified_nonce,9,1,UAV-VALID,INVALID_SIGNATURE,INVALID_SIGNATURE,True,24300,0.0243,49600,0,0,0,0,0,0,0,,,,none,x509-modified_nonce_0,0,False,238,17,nonce mismatch
n10-identities_c1-conc_mech-x509-1backend_security-battery_r30_audit-off_20260824T233608Z,obs_0b93f1bb292c4f198288c019226fef88,2026-08-24T23:36:37.879158+00:00,x509,modified_nonce,10,1,UAV-VALID,INVALID_SIGNATURE,INVALID_SIGNATURE,True,24800,0.0248,55400,0,0,0,0,0,0,0,,,,none,x509-modified_nonce_0,0,False,239,17,nonce mismatch
n10-identities_c1-conc_mech-x509-1backend_security-battery_r30_audit-off_20260824T233608Z,obs_f180a1474d1c477d8504b2e966e3edff,2026-08-24T23:36:37.887674+00:00,x509,modified_nonce,11,1,UAV-VALID,INVALID_SIGNATURE,INVALID_SIGNATURE,True,25200,0.0252,62400,0,0,0,0,0,0,0,,,,none,x509-modified_nonce_0,0,False,239,17,nonce mismatch
n10-identities_c1-conc_mech-x509-1backend_security-battery_r30_audit-off_20260824T233608Z,obs_93139e3e23e34afda339b0c1db23dd0c,2026-08-24T23:36:37.895931+00:00,x509,modified_nonce,12,1,UAV-VALID,INVALID_SIGNATURE,INVALID_SIGNATURE,True,22200,0.0222,56300,0,0,0,0,0,0,0,,,,none,x509-modified_nonce_0,0,False,238,17,nonce mismatch
n10-identities_c1-conc_mech-x509-1backend_security-battery_r30_audit-off_20260824T233608Z,obs_dd6c342998c94f97a4c02622c3b90d0c,2026-08-24T23:36:37.905267+00:00,x509,modified_nonce,13,1,UAV-VALID,INVALID_SIGNATURE,INVALID_SIGNATURE,True,28100,0.0281,58400,0,0,0,0,0,0,0,,,,none,x509-modified_nonce_0,0,False,240,17,nonce mismatch
n10-identities_c1-conc_mech-x509-1backend_security-battery_r30_audit-off_20260824T233608Z,obs_6f73eb23fdb14ef5b313175d20ada819,2026-08-24T23:36:37.915430+00:00,x509,modified_nonce,14,1,UAV-VALID,INVALID_SIGNATURE,INVALID_SIGNATURE,True,25200,0.0252,39100,0,0,0,0,0,0,0,,,,none,x509-modified_nonce_0,0,False,238,17,nonce mismatch
n10-identities_c1-conc_mech-x509-1backend_security-battery_r30_audit-off_20260824T233608Z,obs_97142bc193fa41e2b6e2126cd429ce3c,2026-08-24T23:36:37.923631+00:00,x509,modified_nonce,15,1,UAV-VALID,INVALID_SIGNATURE,INVALID_SIGNATURE,True,25400,0.0254,55300,0,0,0,0,0,0,0,,,,none,x509-modified_nonce_0,0,False,239,17,nonce mismatch
n10-identities_c1-conc_mech-x509-1backend_security-battery_r30_audit-off_20260824T233608Z,obs_b94a01840ffe4d16a9022b57e8862298,2026-08-24T23:36:37.930012+00:00,x509,modified_nonce,16,1,UAV-VALID,INVALID_SIGNATURE,INVALID_SIGNATURE,True,22900,0.0229,52400,0,0,0,0,0,0,0,,,,none,x509-modified_nonce_0,0,False,239,17,nonce mismatch
n10-identities_c1-conc_mech-x509-1backend_security-battery_r30_audit-off_20260824T233608Z,obs_faad4763cb8b482eaa3241e7fe92e156,2026-08-24T23:36:37.935658+00:00,x509,modified_nonce,17,1,UAV-VALID,INVALID_SIGNATURE,INVALID_SIGNATURE,True,16600,0.0166,47600,0,0,0,0,0,0,0,,,,none,x509-modified_nonce_0,0,False,239,17,nonce mismatch
n10-identities_c1-conc_mech-x509-1backend_security-battery_r30_audit-off_20260824T233608Z,obs_35a959f63c3e42f9ac8bfa0b4545ce44,2026-08-24T23:36:37.940181+00:00,x509,modified_nonce,18,1,UAV-VALID,INVALID_SIGNATURE,INVALID_SIGNATURE,True,15300,0.0153,31900,0,0,0,0,0,0,0,,,,none,x509-modified_nonce_0,0,False,240,17,nonce mismatch
n10-identities_c1-conc_mech-x509-1backend_security-battery_r30_audit-off_20260824T233608Z,obs_132da39784f547659a6ac420c2638dfb,2026-08-24T23:36:37.945428+00:00,x509,modified_nonce,19,1,UAV-VALID,INVALID_SIGNATURE,INVALID_SIGNATURE,True,24500,0.0245,47600,0,0,0,0,0,0,0,,,,none,x509-modified_nonce_0,0,False,238,17,nonce mismatch
n10-identities_c1-conc_mech-x509-1backend_security-battery_r30_audit-off_20260824T233608Z,obs_0d457f1d94354ba6a6b23c50b94a8fed,2026-08-24T23:36:37.952929+00:00,x509,modified_nonce,20,1,UAV-VALID,INVALID_SIGNATURE,INVALID_SIGNATURE,True,22800,0.0228,34600,0,0,0,0,0,0,0,,,,none,x509-modified_nonce_0,0,False,238,17,nonce mismatch
n10-identities_c1-conc_mech-x509-1backend_security-battery_r30_audit-off_20260824T233608Z,obs_cf67e1e50b4c4beab21033ee461e3dca,2026-08-24T23:36:37.957879+00:00,x509,modified_nonce,21,1,UAV-VALID,INVALID_SIGNATURE,INVALID_SIGNATURE,True,15600,0.0156,43100,0,0,0,0,0,0,0,,,,none,x509-modified_nonce_0,0,False,239,17,nonce mismatch
n10-identities_c1-conc_mech-x509-1backend_security-battery_r30_audit-off_20260824T233608Z,obs_5b765cbdb97c4c4fbe8dd1193c4ec0a4,2026-08-24T23:36:37.962439+00:00,x509,modified_nonce,22,1,UAV-VALID,INVALID_SIGNATURE,INVALID_SIGNATURE,True,19100,0.0191,24300,0,0,0,0,0,0,0,,,,none,x509-modified_nonce_0,0,False,239,17,nonce mismatch
n10-identities_c1-conc_mech-x509-1backend_security-battery_r30_audit-off_20260824T233608Z,obs_24e9d8e95c78471b96f6e976b015ad14,2026-08-24T23:36:37.968430+00:00,x509,modified_nonce,23,1,UAV-VALID,INVALID_SIGNATURE,INVALID_SIGNATURE,True,22200,0.0222,54000,0,0,0,0,0,0,0,,,,none,x509-modified_nonce_0,0,False,238,17,nonce mismatch
n10-identities_c1-conc_mech-x509-1backend_security-battery_r30_audit-off_20260824T233608Z,obs_52410c70558f40ee8d00659d07ad96dc,2026-08-24T23:36:37.975549+00:00,x509,modified_nonce,24,1,UAV-VALID,INVALID_SIGNATURE,INVALID_SIGNATURE,True,22000,0.022,43200,0,0,0,0,0,0,0,,,,none,x509-modified_nonce_0,0,False,239,17,nonce mismatch
n10-identities_c1-conc_mech-x509-1backend_security-battery_r30_audit-off_20260824T233608Z,obs_30cd4f0f6179429da03b2371a131b4b1,2026-08-24T23:36:37.983270+00:00,x509,modified_nonce,25,1,UAV-VALID,INVALID_SIGNATURE,INVALID_SIGNATURE,True,92800,0.0928,60000,0,0,0,0,0,0,0,,,,none,x509-modified_nonce_0,0,False,240,17,nonce mismatch
n10-identities_c1-conc_mech-x509-1backend_security-battery_r30_audit-off_20260824T233608Z,obs_36607b37d2b44d8fa6d2b4191d7b867c,2026-08-24T23:36:37.992922+00:00,x509,modified_nonce,26,1,UAV-VALID,INVALID_SIGNATURE,INVALID_SIGNATURE,True,19800,0.0198,58900,0,0,0,0,0,0,0,,,,none,x509-modified_nonce_0,0,False,239,17,nonce mismatch
n10-identities_c1-conc_mech-x509-1backend_security-battery_r30_audit-off_20260824T233608Z,obs_63a831e92d0541f888dbf22b739e9ee9,2026-08-24T23:36:38.002562+00:00,x509,modified_nonce,27,1,UAV-VALID,INVALID_SIGNATURE,INVALID_SIGNATURE,True,29500,0.0295,54300,0,0,0,0,0,0,0,,,,none,x509-modified_nonce_0,0,False,239,17,nonce mismatch
n10-identities_c1-conc_mech-x509-1backend_security-battery_r30_audit-off_20260824T233608Z,obs_e74cc0fd3f794861b012eb41393890ad,2026-08-24T23:36:38.010403+00:00,x509,modified_nonce,28,1,UAV-VALID,INVALID_SIGNATURE,INVALID_SIGNATURE,True,21600,0.0216,44500,0,0,0,0,0,0,0,,,,none,x509-modified_nonce_0,0,False,240,17,nonce mismatch
n10-identities_c1-conc_mech-x509-1backend_security-battery_r30_audit-off_20260824T233608Z,obs_b0753477df1b462c82bb02e9ac284b30,2026-08-24T23:36:38.020025+00:00,x509,modified_nonce,29,1,UAV-VALID,INVALID_SIGNATURE,INVALID_SIGNATURE,True,65700,0.0657,59200,0,0,0,0,0,0,0,,,,none,x509-modified_nonce_0,0,False,239,17,nonce mismatch
n10-identities_c1-conc_mech-x509-1backend_security-battery_r30_audit-off_20260824T233608Z,obs_f80527a5f6b049929e76210a33a3e554,2026-08-24T23:36:38.105682+00:00,x509,modified_uav_id,0,1,UAV-0005,INVALID_SIGNATURE,INVALID_SIGNATURE,True,1996000,1.996,48100,479800,1236100,0,180200,0,0,0,,,,none,x509-modified_uav_id_0,0,True,238,17,
n10-identities_c1-conc_mech-x509-1backend_security-battery_r30_audit-off_20260824T233608Z,obs_00eb4c6bae4e4872947b90ea0ec270df,2026-08-24T23:36:38.120317+00:00,x509,modified_uav_id,1,1,UAV-0005,INVALID_SIGNATURE,INVALID_SIGNATURE,True,4404900,4.4049,41500,1684200,2233500,0,154300,0,0,0,,,,none,x509-modified_uav_id_0,0,True,237,17,
n10-identities_c1-conc_mech-x509-1backend_security-battery_r30_audit-off_20260824T233608Z,obs_1af70375ad034b79a84c9ab4ac7094a4,2026-08-24T23:36:38.133603+00:00,x509,modified_uav_id,0,1,UAV-0005,INVALID_SIGNATURE,INVALID_SIGNATURE,True,3549300,3.5493,36300,721400,2465300,0,216400,0,0,0,,,,none,x509-modified_uav_id_0,0,False,239,17,
n10-identities_c1-conc_mech-x509-1backend_security-battery_r30_audit-off_20260824T233608Z,obs_7cf1ec8c55a1461ab219216880d32f58,2026-08-24T23:36:38.150593+00:00,x509,modified_uav_id,1,1,UAV-0005,INVALID_SIGNATURE,INVALID_SIGNATURE,True,2889000,2.889,95200,473500,2013200,0,230900,0,0,0,,,,none,x509-modified_uav_id_0,0,False,238,17,
n10-identities_c1-conc_mech-x509-1backend_security-battery_r30_audit-off_20260824T233608Z,obs_0826f1326c414575a57474dde6d9e17c,2026-08-24T23:36:38.162230+00:00,x509,modified_uav_id,2,1,UAV-0005,INVALID_SIGNATURE,INVALID_SIGNATURE,True,1711600,1.7116,35600,379000,1109200,0,139700,0,0,0,,,,none,x509-modified_uav_id_0,0,False,238,17,
n10-identities_c1-conc_mech-x509-1backend_security-battery_r30_audit-off_20260824T233608Z,obs_84efa13d803248408786601209ed35b2,2026-08-24T23:36:38.174725+00:00,x509,modified_uav_id,3,1,UAV-0005,INVALID_SIGNATURE,INVALID_SIGNATURE,True,2608000,2.608,53300,545500,1719600,0,206400,0,0,0,,,,none,x509-modified_uav_id_0,0,False,238,17,
n10-identities_c1-conc_mech-x509-1backend_security-battery_r30_audit-off_20260824T233608Z,obs_e33e1cdc3ecd4b6897cba667e1f67c45,2026-08-24T23:36:38.187232+00:00,x509,modified_uav_id,4,1,UAV-0005,INVALID_SIGNATURE,INVALID_SIGNATURE,True,2578300,2.5783,45300,480000,1711600,0,176500,0,0,0,,,,none,x509-modified_uav_id_0,0,False,239,17,
n10-identities_c1-conc_mech-x509-1backend_security-battery_r30_audit-off_20260824T233608Z,obs_9cb298fffddb4ab68e11ba52d4ac7b1e,2026-08-24T23:36:38.199385+00:00,x509,modified_uav_id,5,1,UAV-0005,INVALID_SIGNATURE,INVALID_SIGNATURE,True,2606300,2.6063,54800,542400,1727800,0,234200,0,0,0,,,,none,x509-modified_uav_id_0,0,False,238,17,
n10-identities_c1-conc_mech-x509-1backend_security-battery_r30_audit-off_20260824T233608Z,obs_1f44810e1a2644c4be2c920b69ca4c4a,2026-08-24T23:36:38.211374+00:00,x509,modified_uav_id,6,1,UAV-0005,INVALID_SIGNATURE,INVALID_SIGNATURE,True,2173900,2.1739,55300,419000,1471500,0,182900,0,0,0,,,,none,x509-modified_uav_id_0,0,False,239,17,
n10-identities_c1-conc_mech-x509-1backend_security-battery_r30_audit-off_20260824T233608Z,obs_d4eb2575b5464f4db25ea3f88d9b088a,2026-08-24T23:36:38.224568+00:00,x509,modified_uav_id,7,1,UAV-0005,INVALID_SIGNATURE,INVALID_SIGNATURE,True,2533400,2.5334,52400,549700,1652100,0,202600,0,0,0,,,,none,x509-modified_uav_id_0,0,False,238,17,
n10-identities_c1-conc_mech-x509-1backend_security-battery_r30_audit-off_20260824T233608Z,obs_815d66cce94e4e8c9f10e00f2f5a6c6f,2026-08-24T23:36:38.237882+00:00,x509,modified_uav_id,8,1,UAV-0005,INVALID_SIGNATURE,INVALID_SIGNATURE,True,2121800,2.1218,46800,467900,1379700,0,176300,0,0,0,,,,none,x509-modified_uav_id_0,0,False,238,17,
n10-identities_c1-conc_mech-x509-1backend_security-battery_r30_audit-off_20260824T233608Z,obs_2ef09f9a789e44a096a894d58e954e72,2026-08-24T23:36:38.281179+00:00,x509,modified_uav_id,9,1,UAV-0005,INVALID_SIGNATURE,INVALID_SIGNATURE,True,4699300,4.6993,93800,1255700,3060200,0,223700,0,0,0,,,,none,x509-modified_uav_id_0,0,False,237,17,
n10-identities_c1-conc_mech-x509-1backend_security-battery_r30_audit-off_20260824T233608Z,obs_ee5f490726914cf49b12b5625982760b,2026-08-24T23:36:38.298374+00:00,x509,modified_uav_id,10,1,UAV-0005,INVALID_SIGNATURE,INVALID_SIGNATURE,True,5211600,5.2116,59300,525800,3139900,0,1329700,0,0,0,,,,none,x509-modified_uav_id_0,0,False,237,17,
n10-identities_c1-conc_mech-x509-1backend_security-battery_r30_audit-off_20260824T233608Z,obs_54bb701f79144c0481fb5f8f0fdd1342,2026-08-24T23:36:38.313448+00:00,x509,modified_uav_id,11,1,UAV-0005,INVALID_SIGNATURE,INVALID_SIGNATURE,True,2614100,2.6141,91000,604100,1687900,0,188600,0,0,0,,,,none,x509-modified_uav_id_0,0,False,237,17,
n10-identities_c1-conc_mech-x509-1backend_security-battery_r30_audit-off_20260824T233608Z,obs_5fb87724d13949df983ce174a0b38825,2026-08-24T23:36:38.328731+00:00,x509,modified_uav_id,12,1,UAV-0005,INVALID_SIGNATURE,INVALID_SIGNATURE,True,3143000,3.143,74800,529600,2280500,0,201700,0,0,0,,,,none,x509-modified_uav_id_0,0,False,239,17,
n10-identities_c1-conc_mech-x509-1backend_security-battery_r30_audit-off_20260824T233608Z,obs_3606a1e3db594070935dca7877c64d4e,2026-08-24T23:36:38.344253+00:00,x509,modified_uav_id,13,1,UAV-0005,INVALID_SIGNATURE,INVALID_SIGNATURE,True,2586800,2.5868,62500,568700,1656400,0,221500,0,0,0,,,,none,x509-modified_uav_id_0,0,False,239,17,
n10-identities_c1-conc_mech-x509-1backend_security-battery_r30_audit-off_20260824T233608Z,obs_607e4cbf656c49728bf08743709b6d88,2026-08-24T23:36:38.382309+00:00,x509,modified_uav_id,14,1,UAV-0005,INVALID_SIGNATURE,INVALID_SIGNATURE,True,5494900,5.4949,52600,893200,4137800,0,327200,0,0,0,,,,none,x509-modified_uav_id_0,0,False,237,17,
n10-identities_c1-conc_mech-x509-1backend_security-battery_r30_audit-off_20260824T233608Z,obs_2dc963607f8348c3aa585937b3bb83e2,2026-08-24T23:36:38.396276+00:00,x509,modified_uav_id,15,1,UAV-0005,INVALID_SIGNATURE,INVALID_SIGNATURE,True,2229400,2.2294,70000,439400,1439200,0,224500,0,0,0,,,,none,x509-modified_uav_id_0,0,False,238,17,
n10-identities_c1-conc_mech-x509-1backend_security-battery_r30_audit-off_20260824T233608Z,obs_98225467b5764bd49eb9e7062d835727,2026-08-24T23:36:38.415031+00:00,x509,modified_uav_id,16,1,UAV-0005,INVALID_SIGNATURE,INVALID_SIGNATURE,True,2886100,2.8861,194300,703900,1800900,0,212300,0,0,0,,,,none,x509-modified_uav_id_0,0,False,239,17,
n10-identities_c1-conc_mech-x509-1backend_security-battery_r30_audit-off_20260824T233608Z,obs_7b8e36957e11419d969bda3a7fabe0c2,2026-08-24T23:36:38.428927+00:00,x509,modified_uav_id,17,1,UAV-0005,INVALID_SIGNATURE,INVALID_SIGNATURE,True,2233100,2.2331,49000,478700,1469000,0,176800,0,0,0,,,,none,x509-modified_uav_id_0,0,False,238,17,
n10-identities_c1-conc_mech-x509-1backend_security-battery_r30_audit-off_20260824T233608Z,obs_fe2d0484730f4de096bee5bae482aeec,2026-08-24T23:36:38.443552+00:00,x509,modified_uav_id,18,1,UAV-0005,INVALID_SIGNATURE,INVALID_SIGNATURE,True,3326500,3.3265,59000,679000,2262700,0,233700,0,0,0,,,,none,x509-modified_uav_id_0,0,False,238,17,
n10-identities_c1-conc_mech-x509-1backend_security-battery_r30_audit-off_20260824T233608Z,obs_61ec0dc6962e4bb8b7a0d97098c38a1a,2026-08-24T23:36:38.455866+00:00,x509,modified_uav_id,19,1,UAV-0005,INVALID_SIGNATURE,INVALID_SIGNATURE,True,2268100,2.2681,59000,491500,1468800,0,192000,0,0,0,,,,none,x509-modified_uav_id_0,0,False,239,17,
n10-identities_c1-conc_mech-x509-1backend_security-battery_r30_audit-off_20260824T233608Z,obs_f16606c853824ba5aa1b6e2e7363d20a,2026-08-24T23:36:38.468588+00:00,x509,modified_uav_id,20,1,UAV-0005,INVALID_SIGNATURE,INVALID_SIGNATURE,True,2648900,2.6489,48900,510600,1786400,0,210100,0,0,0,,,,none,x509-modified_uav_id_0,0,False,238,17,
n10-identities_c1-conc_mech-x509-1backend_security-battery_r30_audit-off_20260824T233608Z,obs_8ec3bb42f0224868a06c342518b3a88c,2026-08-24T23:36:38.478989+00:00,x509,modified_uav_id,21,1,UAV-0005,INVALID_SIGNATURE,INVALID_SIGNATURE,True,1952600,1.9526,52600,356100,1327800,0,174500,0,0,0,,,,none,x509-modified_uav_id_0,0,False,238,17,
n10-identities_c1-conc_mech-x509-1backend_security-battery_r30_audit-off_20260824T233608Z,obs_1b4e648fc9d34ebdadce4e8d997bce28,2026-08-24T23:36:38.491409+00:00,x509,modified_uav_id,22,1,UAV-0005,INVALID_SIGNATURE,INVALID_SIGNATURE,True,2549500,2.5495,58900,564700,1675800,0,187700,0,0,0,,,,none,x509-modified_uav_id_0,0,False,238,17,
n10-identities_c1-conc_mech-x509-1backend_security-battery_r30_audit-off_20260824T233608Z,obs_eecdd8e92695479a8a14dc7309875ab8,2026-08-24T23:36:38.506689+00:00,x509,modified_uav_id,23,1,UAV-0005,INVALID_SIGNATURE,INVALID_SIGNATURE,True,2947300,2.9473,42200,727500,1766900,0,274400,0,0,0,,,,none,x509-modified_uav_id_0,0,False,238,17,
n10-identities_c1-conc_mech-x509-1backend_security-battery_r30_audit-off_20260824T233608Z,obs_e95181258b4a4781a655f637a8e351de,2026-08-24T23:36:38.528009+00:00,x509,modified_uav_id,24,1,UAV-0005,INVALID_SIGNATURE,INVALID_SIGNATURE,True,7743600,7.7436,58400,987400,5592900,0,341100,0,0,0,,,,none,x509-modified_uav_id_0,0,False,238,17,
n10-identities_c1-conc_mech-x509-1backend_security-battery_r30_audit-off_20260824T233608Z,obs_7851e672182e4cf9b8e3e4ebe85b94cf,2026-08-24T23:36:38.552594+00:00,x509,modified_uav_id,25,1,UAV-0005,INVALID_SIGNATURE,INVALID_SIGNATURE,True,3294500,3.2945,122600,548100,2393900,0,207300,0,0,0,,,,none,x509-modified_uav_id_0,0,False,238,17,
n10-identities_c1-conc_mech-x509-1backend_security-battery_r30_audit-off_20260824T233608Z,obs_c41998080a8e4f2195909bbca6178820,2026-08-24T23:36:38.568404+00:00,x509,modified_uav_id,26,1,UAV-0005,INVALID_SIGNATURE,INVALID_SIGNATURE,True,3573300,3.5733,60300,815400,2340900,0,254500,0,0,0,,,,none,x509-modified_uav_id_0,0,False,239,17,
n10-identities_c1-conc_mech-x509-1backend_security-battery_r30_audit-off_20260824T233608Z,obs_7dfefde82d304de3bc47e2ce41e2ef8f,2026-08-24T23:36:38.582233+00:00,x509,modified_uav_id,27,1,UAV-0005,INVALID_SIGNATURE,INVALID_SIGNATURE,True,2501700,2.5017,46900,504000,1667800,0,208600,0,0,0,,,,none,x509-modified_uav_id_0,0,False,239,17,
n10-identities_c1-conc_mech-x509-1backend_security-battery_r30_audit-off_20260824T233608Z,obs_24784f548e564a1bac81db1270d854be,2026-08-24T23:36:38.594409+00:00,x509,modified_uav_id,28,1,UAV-0005,INVALID_SIGNATURE,INVALID_SIGNATURE,True,2090100,2.0901,44100,375200,1423600,0,182200,0,0,0,,,,none,x509-modified_uav_id_0,0,False,239,17,
n10-identities_c1-conc_mech-x509-1backend_security-battery_r30_audit-off_20260824T233608Z,obs_3c6d2d09719c455e92c6921855cf64e2,2026-08-24T23:36:38.605814+00:00,x509,modified_uav_id,29,1,UAV-0005,INVALID_SIGNATURE,INVALID_SIGNATURE,True,2157900,2.1579,41400,630500,1253800,0,154800,0,0,0,,,,none,x509-modified_uav_id_0,0,False,239,17,
n10-identities_c1-conc_mech-x509-1backend_security-battery_r30_audit-off_20260824T233608Z,obs_089914e4bc1342cda62edc6013074931,2026-08-24T23:36:38.618441+00:00,x509,modified_operation,0,1,UAV-VALID,INVALID_SIGNATURE,INVALID_SIGNATURE,True,1978300,1.9783,31600,144000,1237100,0,289700,0,0,0,,,,none,x509-modified_operation_0,0,True,240,17,
n10-identities_c1-conc_mech-x509-1backend_security-battery_r30_audit-off_20260824T233608Z,obs_7f0ac331e10646feb2830a2402c177b2,2026-08-24T23:36:38.628993+00:00,x509,modified_operation,1,1,UAV-VALID,INVALID_SIGNATURE,INVALID_SIGNATURE,True,2865600,2.8656,66400,446100,2066900,0,221900,0,0,0,,,,none,x509-modified_operation_0,0,True,240,17,
n10-identities_c1-conc_mech-x509-1backend_security-battery_r30_audit-off_20260824T233608Z,obs_321a3c3970d148b78a3a6fb1530f6db7,2026-08-24T23:36:38.637961+00:00,x509,modified_operation,0,1,UAV-VALID,INVALID_SIGNATURE,INVALID_SIGNATURE,True,1896200,1.8962,47100,91100,1519400,0,188200,0,0,0,,,,none,x509-modified_operation_0,0,False,240,17,
n10-identities_c1-conc_mech-x509-1backend_security-battery_r30_audit-off_20260824T233608Z,obs_12ad7a8a19b9404ebbdd54fda55d53de,2026-08-24T23:36:38.647157+00:00,x509,modified_operation,1,1,UAV-VALID,INVALID_SIGNATURE,INVALID_SIGNATURE,True,2774000,2.774,56400,85700,1797100,0,789900,0,0,0,,,,none,x509-modified_operation_0,0,False,240,17,
n10-identities_c1-conc_mech-x509-1backend_security-battery_r30_audit-off_20260824T233608Z,obs_2e77716ca1ad43eea97652012fe25959,2026-08-24T23:36:38.656313+00:00,x509,modified_operation,2,1,UAV-VALID,INVALID_SIGNATURE,INVALID_SIGNATURE,True,1767700,1.7677,45500,83600,1435800,0,165900,0,0,0,,,,none,x509-modified_operation_0,0,False,241,17,
n10-identities_c1-conc_mech-x509-1backend_security-battery_r30_audit-off_20260824T233608Z,obs_7e426a6fcf6341afbe0831bb7bb10a83,2026-08-24T23:36:38.664504+00:00,x509,modified_operation,3,1,UAV-VALID,INVALID_SIGNATURE,INVALID_SIGNATURE,True,1793300,1.7933,36900,75900,1479200,0,155700,0,0,0,,,,none,x509-modified_operation_0,0,False,241,17,
n10-identities_c1-conc_mech-x509-1backend_security-battery_r30_audit-off_20260824T233608Z,obs_68e4868d8e3e48de981d67145bc82169,2026-08-24T23:36:38.675280+00:00,x509,modified_operation,4,1,UAV-VALID,INVALID_SIGNATURE,INVALID_SIGNATURE,True,1780600,1.7806,42800,84000,1450700,0,164500,0,0,0,,,,none,x509-modified_operation_0,0,False,240,17,
n10-identities_c1-conc_mech-x509-1backend_security-battery_r30_audit-off_20260824T233608Z,obs_ff11a21d5eaf455f8481a89b6078f93c,2026-08-24T23:36:38.686933+00:00,x509,modified_operation,5,1,UAV-VALID,INVALID_SIGNATURE,INVALID_SIGNATURE,True,2249600,2.2496,120400,117700,1825300,0,185600,0,0,0,,,,none,x509-modified_operation_0,0,False,241,17,
n10-identities_c1-conc_mech-x509-1backend_security-battery_r30_audit-off_20260824T233608Z,obs_ed244e28c2dd4ef2a318f677630be7e5,2026-08-24T23:36:38.695844+00:00,x509,modified_operation,6,1,UAV-VALID,INVALID_SIGNATURE,INVALID_SIGNATURE,True,1988900,1.9889,44100,93200,1665900,0,144900,0,0,0,,,,none,x509-modified_operation_0,0,False,241,17,
n10-identities_c1-conc_mech-x509-1backend_security-battery_r30_audit-off_20260824T233608Z,obs_350c5e529b584871bd30833dcaf6cda3,2026-08-24T23:36:38.705451+00:00,x509,modified_operation,7,1,UAV-VALID,INVALID_SIGNATURE,INVALID_SIGNATURE,True,1790300,1.7903,43200,82600,1478900,0,149000,0,0,0,,,,none,x509-modified_operation_0,0,False,240,17,
n10-identities_c1-conc_mech-x509-1backend_security-battery_r30_audit-off_20260824T233608Z,obs_c5981052b5e947018dabd79e989fd749,2026-08-24T23:36:38.713701+00:00,x509,modified_operation,8,1,UAV-VALID,INVALID_SIGNATURE,INVALID_SIGNATURE,True,1818200,1.8182,43200,68800,1499600,0,168700,0,0,0,,,,none,x509-modified_operation_0,0,False,241,17,
n10-identities_c1-conc_mech-x509-1backend_security-battery_r30_audit-off_20260824T233608Z,obs_df479cae434c48118cb8d1774f2ce9ba,2026-08-24T23:36:38.722226+00:00,x509,modified_operation,9,1,UAV-VALID,INVALID_SIGNATURE,INVALID_SIGNATURE,True,1667900,1.6679,44300,59900,1359700,0,172200,0,0,0,,,,none,x509-modified_operation_0,0,False,240,17,
n10-identities_c1-conc_mech-x509-1backend_security-battery_r30_audit-off_20260824T233608Z,obs_d38d6466fb444ada9b07e64fa71cce5a,2026-08-24T23:36:38.731102+00:00,x509,modified_operation,10,1,UAV-VALID,INVALID_SIGNATURE,INVALID_SIGNATURE,True,2219000,2.219,43300,90900,1856200,0,179300,0,0,0,,,,none,x509-modified_operation_0,0,False,241,17,
n10-identities_c1-conc_mech-x509-1backend_security-battery_r30_audit-off_20260824T233608Z,obs_eb2a0ae0a49b411da8ee93999d24766e,2026-08-24T23:36:38.739647+00:00,x509,modified_operation,11,1,UAV-VALID,INVALID_SIGNATURE,INVALID_SIGNATURE,True,1668400,1.6684,47100,86700,1339100,0,165300,0,0,0,,,,none,x509-modified_operation_0,0,False,240,17,
n10-identities_c1-conc_mech-x509-1backend_security-battery_r30_audit-off_20260824T233608Z,obs_ead5c6530bf74c6386b609a17843a9c9,2026-08-24T23:36:38.747768+00:00,x509,modified_operation,12,1,UAV-VALID,INVALID_SIGNATURE,INVALID_SIGNATURE,True,1810100,1.8101,45800,84900,1466000,0,170500,0,0,0,,,,none,x509-modified_operation_0,0,False,240,17,
n10-identities_c1-conc_mech-x509-1backend_security-battery_r30_audit-off_20260824T233608Z,obs_5fadb4cbc7c9488692036570cf56fcb8,2026-08-24T23:36:38.756508+00:00,x509,modified_operation,13,1,UAV-VALID,INVALID_SIGNATURE,INVALID_SIGNATURE,True,1608300,1.6083,46400,81300,1271300,0,169300,0,0,0,,,,none,x509-modified_operation_0,0,False,239,17,
n10-identities_c1-conc_mech-x509-1backend_security-battery_r30_audit-off_20260824T233608Z,obs_1b6b020f29fc4452be436ea7324079af,2026-08-24T23:36:38.765494+00:00,x509,modified_operation,14,1,UAV-VALID,INVALID_SIGNATURE,INVALID_SIGNATURE,True,2089000,2.089,48800,83800,1654700,0,220400,0,0,0,,,,none,x509-modified_operation_0,0,False,239,17,
n10-identities_c1-conc_mech-x509-1backend_security-battery_r30_audit-off_20260824T233608Z,obs_202cc575e7c94bb4a51d5ac5fe00f074,2026-08-24T23:36:38.775294+00:00,x509,modified_operation,15,1,UAV-VALID,INVALID_SIGNATURE,INVALID_SIGNATURE,True,2534800,2.5348,58600,89100,2147500,0,195100,0,0,0,,,,none,x509-modified_operation_0,0,False,241,17,
n10-identities_c1-conc_mech-x509-1backend_security-battery_r30_audit-off_20260824T233608Z,obs_de0a90baeb0a420b93ab5eb0a39faa44,2026-08-24T23:36:38.784814+00:00,x509,modified_operation,16,1,UAV-VALID,INVALID_SIGNATURE,INVALID_SIGNATURE,True,2558100,2.5581,52600,107100,2129900,0,213600,0,0,0,,,,none,x509-modified_operation_0,0,False,241,17,
n10-identities_c1-conc_mech-x509-1backend_security-battery_r30_audit-off_20260824T233608Z,obs_dcf9622348f3402ab656c6c014e5152a,2026-08-24T23:36:38.794667+00:00,x509,modified_operation,17,1,UAV-VALID,INVALID_SIGNATURE,INVALID_SIGNATURE,True,4023500,4.0235,47100,153600,3531100,0,200400,0,0,0,,,,none,x509-modified_operation_0,0,False,240,17,
n10-identities_c1-conc_mech-x509-1backend_security-battery_r30_audit-off_20260824T233608Z,obs_db1fdca5bc12428c984e646cbe47e700,2026-08-24T23:36:38.804187+00:00,x509,modified_operation,18,1,UAV-VALID,INVALID_SIGNATURE,INVALID_SIGNATURE,True,2028400,2.0284,41200,67900,1647700,0,194100,0,0,0,,,,none,x509-modified_operation_0,0,False,240,17,
n10-identities_c1-conc_mech-x509-1backend_security-battery_r30_audit-off_20260824T233608Z,obs_71358b937daf48b1a8a4ee3e94fbfc30,2026-08-24T23:36:38.814600+00:00,x509,modified_operation,19,1,UAV-VALID,INVALID_SIGNATURE,INVALID_SIGNATURE,True,2248900,2.2489,53200,68200,1858200,0,217300,0,0,0,,,,none,x509-modified_operation_0,0,False,241,17,
n10-identities_c1-conc_mech-x509-1backend_security-battery_r30_audit-off_20260824T233608Z,obs_912f19165d154ed68d7131fe386ec27b,2026-08-24T23:36:38.823152+00:00,x509,modified_operation,20,1,UAV-VALID,INVALID_SIGNATURE,INVALID_SIGNATURE,True,1747000,1.747,46000,87400,1414900,0,151600,0,0,0,,,,none,x509-modified_operation_0,0,False,239,17,
n10-identities_c1-conc_mech-x509-1backend_security-battery_r30_audit-off_20260824T233608Z,obs_5e84aac72d3d41f9a33711566c584a32,2026-08-24T23:36:38.832275+00:00,x509,modified_operation,21,1,UAV-VALID,INVALID_SIGNATURE,INVALID_SIGNATURE,True,2089600,2.0896,35700,82500,1620800,0,252900,0,0,0,,,,none,x509-modified_operation_0,0,False,241,17,
n10-identities_c1-conc_mech-x509-1backend_security-battery_r30_audit-off_20260824T233608Z,obs_3136fcdc2588403d9c8c9328af666a89,2026-08-24T23:36:38.842785+00:00,x509,modified_operation,22,1,UAV-VALID,INVALID_SIGNATURE,INVALID_SIGNATURE,True,1888600,1.8886,46700,147200,1474400,0,174300,0,0,0,,,,none,x509-modified_operation_0,0,False,239,17,
n10-identities_c1-conc_mech-x509-1backend_security-battery_r30_audit-off_20260824T233608Z,obs_ed0270605d0f432081b6a3aa601f3a8e,2026-08-24T23:36:38.851804+00:00,x509,modified_operation,23,1,UAV-VALID,INVALID_SIGNATURE,INVALID_SIGNATURE,True,2156500,2.1565,56000,107300,1772100,0,178900,0,0,0,,,,none,x509-modified_operation_0,0,False,239,17,
n10-identities_c1-conc_mech-x509-1backend_security-battery_r30_audit-off_20260824T233608Z,obs_7c0ea012bcd64a9e928aa16ac1cfddd3,2026-08-24T23:36:38.862501+00:00,x509,modified_operation,24,1,UAV-VALID,INVALID_SIGNATURE,INVALID_SIGNATURE,True,1969500,1.9695,49200,99900,1570500,0,194800,0,0,0,,,,none,x509-modified_operation_0,0,False,239,17,
n10-identities_c1-conc_mech-x509-1backend_security-battery_r30_audit-off_20260824T233608Z,obs_8c8e282f6a964c6e862a541c42e6b000,2026-08-24T23:36:38.871541+00:00,x509,modified_operation,25,1,UAV-VALID,INVALID_SIGNATURE,INVALID_SIGNATURE,True,1911500,1.9115,53300,97800,1537900,0,179800,0,0,0,,,,none,x509-modified_operation_0,0,False,239,17,
n10-identities_c1-conc_mech-x509-1backend_security-battery_r30_audit-off_20260824T233608Z,obs_52312658afcb439094e333130aa47c29,2026-08-24T23:36:38.878980+00:00,x509,modified_operation,26,1,UAV-VALID,INVALID_SIGNATURE,INVALID_SIGNATURE,True,1531800,1.5318,40800,87000,1160800,0,194400,0,0,0,,,,none,x509-modified_operation_0,0,False,239,17,
n10-identities_c1-conc_mech-x509-1backend_security-battery_r30_audit-off_20260824T233608Z,obs_061d697282d54144968abad093db2dd7,2026-08-24T23:36:38.908320+00:00,x509,modified_operation,27,1,UAV-VALID,INVALID_SIGNATURE,INVALID_SIGNATURE,True,23192900,23.1929,53300,90400,22834400,0,176200,0,0,0,,,,none,x509-modified_operation_0,0,False,239,17,
n10-identities_c1-conc_mech-x509-1backend_security-battery_r30_audit-off_20260824T233608Z,obs_2a5e17438d9941c58c97466960b61302,2026-08-24T23:36:38.914414+00:00,x509,modified_operation,28,1,UAV-VALID,INVALID_SIGNATURE,INVALID_SIGNATURE,True,1291000,1.291,28800,53300,1064000,0,120600,0,0,0,,,,none,x509-modified_operation_0,0,False,240,17,
n10-identities_c1-conc_mech-x509-1backend_security-battery_r30_audit-off_20260824T233608Z,obs_8b7546b364014c048cf28b0e11eeec4c,2026-08-24T23:36:38.925447+00:00,x509,modified_operation,29,1,UAV-VALID,INVALID_SIGNATURE,INVALID_SIGNATURE,True,1738500,1.7385,41200,81300,1401300,0,172400,0,0,0,,,,none,x509-modified_operation_0,0,False,241,17,
n10-identities_c1-conc_mech-x509-1backend_security-battery_r30_audit-off_20260824T233608Z,obs_b08b1fcc8bf74c1a9d317dc7bfaa5a6c,2026-08-24T23:36:39.060682+00:00,x509,expired_challenge,0,1,UAV-VALID,EXPIRED_CHALLENGE,EXPIRED_CHALLENGE,True,33900,0.0339,32200,0,0,0,0,0,0,0,,,,none,x509-expired_challenge_0,0,True,240,17,
n10-identities_c1-conc_mech-x509-1backend_security-battery_r30_audit-off_20260824T233608Z,obs_a1cd92c76fbd436c9d6fa2196eea260f,2026-08-24T23:36:39.186409+00:00,x509,expired_challenge,1,1,UAV-VALID,EXPIRED_CHALLENGE,EXPIRED_CHALLENGE,True,36300,0.0363,61500,0,0,0,0,0,0,0,,,,none,x509-expired_challenge_0,0,True,238,17,
n10-identities_c1-conc_mech-x509-1backend_security-battery_r30_audit-off_20260824T233608Z,obs_750c046106884328b453655f6d053178,2026-08-24T23:36:39.314325+00:00,x509,expired_challenge,0,1,UAV-VALID,EXPIRED_CHALLENGE,EXPIRED_CHALLENGE,True,29800,0.0298,41900,0,0,0,0,0,0,0,,,,none,x509-expired_challenge_0,0,False,239,17,
n10-identities_c1-conc_mech-x509-1backend_security-battery_r30_audit-off_20260824T233608Z,obs_d7fd4240da5143eea2a6fde8bd08079e,2026-08-24T23:36:39.442815+00:00,x509,expired_challenge,1,1,UAV-VALID,EXPIRED_CHALLENGE,EXPIRED_CHALLENGE,True,36500,0.0365,46800,0,0,0,0,0,0,0,,,,none,x509-expired_challenge_0,0,False,239,17,
n10-identities_c1-conc_mech-x509-1backend_security-battery_r30_audit-off_20260824T233608Z,obs_d07d1ea25b40432bb2d026aeabe7b718,2026-08-24T23:36:39.570697+00:00,x509,expired_challenge,2,1,UAV-VALID,EXPIRED_CHALLENGE,EXPIRED_CHALLENGE,True,37000,0.037,53100,0,0,0,0,0,0,0,,,,none,x509-expired_challenge_0,0,False,239,17,
n10-identities_c1-conc_mech-x509-1backend_security-battery_r30_audit-off_20260824T233608Z,obs_2aef6a53571d4a12918e49b52ab22dba,2026-08-24T23:36:39.697059+00:00,x509,expired_challenge,3,1,UAV-VALID,EXPIRED_CHALLENGE,EXPIRED_CHALLENGE,True,38700,0.0387,31500,0,0,0,0,0,0,0,,,,none,x509-expired_challenge_0,0,False,238,17,
n10-identities_c1-conc_mech-x509-1backend_security-battery_r30_audit-off_20260824T233608Z,obs_495358a390c440bd9cad4e319b2d0d65,2026-08-24T23:36:39.823959+00:00,x509,expired_challenge,4,1,UAV-VALID,EXPIRED_CHALLENGE,EXPIRED_CHALLENGE,True,23300,0.0233,35400,0,0,0,0,0,0,0,,,,none,x509-expired_challenge_0,0,False,238,17,
n10-identities_c1-conc_mech-x509-1backend_security-battery_r30_audit-off_20260824T233608Z,obs_ab98794d8bc54783be82eca69935a3bf,2026-08-24T23:36:39.954632+00:00,x509,expired_challenge,5,1,UAV-VALID,EXPIRED_CHALLENGE,EXPIRED_CHALLENGE,True,35600,0.0356,35600,0,0,0,0,0,0,0,,,,none,x509-expired_challenge_0,0,False,239,17,
n10-identities_c1-conc_mech-x509-1backend_security-battery_r30_audit-off_20260824T233608Z,obs_ff5ed419afec41ca9f0eeda0e8e8c004,2026-08-24T23:36:40.084338+00:00,x509,expired_challenge,6,1,UAV-VALID,EXPIRED_CHALLENGE,EXPIRED_CHALLENGE,True,28700,0.0287,48200,0,0,0,0,0,0,0,,,,none,x509-expired_challenge_0,0,False,239,17,
n10-identities_c1-conc_mech-x509-1backend_security-battery_r30_audit-off_20260824T233608Z,obs_7ea69a7027cc434cbac09ee0b77fce0b,2026-08-24T23:36:40.211002+00:00,x509,expired_challenge,7,1,UAV-VALID,EXPIRED_CHALLENGE,EXPIRED_CHALLENGE,True,38100,0.0381,42000,0,0,0,0,0,0,0,,,,none,x509-expired_challenge_0,0,False,240,17,
n10-identities_c1-conc_mech-x509-1backend_security-battery_r30_audit-off_20260824T233608Z,obs_83a6f5e9a48c4277920e74028f22abe5,2026-08-24T23:36:40.339546+00:00,x509,expired_challenge,8,1,UAV-VALID,EXPIRED_CHALLENGE,EXPIRED_CHALLENGE,True,30800,0.0308,47800,0,0,0,0,0,0,0,,,,none,x509-expired_challenge_0,0,False,239,17,
n10-identities_c1-conc_mech-x509-1backend_security-battery_r30_audit-off_20260824T233608Z,obs_00d42ddb380e4e7dbac5a128a4ad6fa6,2026-08-24T23:36:40.471277+00:00,x509,expired_challenge,9,1,UAV-VALID,EXPIRED_CHALLENGE,EXPIRED_CHALLENGE,True,38300,0.0383,67800,0,0,0,0,0,0,0,,,,none,x509-expired_challenge_0,0,False,239,17,
n10-identities_c1-conc_mech-x509-1backend_security-battery_r30_audit-off_20260824T233608Z,obs_8e417eec8394498fb4547009cbd7ed1f,2026-08-24T23:36:40.597015+00:00,x509,expired_challenge,10,1,UAV-VALID,EXPIRED_CHALLENGE,EXPIRED_CHALLENGE,True,27000,0.027,40900,0,0,0,0,0,0,0,,,,none,x509-expired_challenge_0,0,False,239,17,
n10-identities_c1-conc_mech-x509-1backend_security-battery_r30_audit-off_20260824T233608Z,obs_a3c05e4ef6a0409f992b1483dfe468e5,2026-08-24T23:36:40.725058+00:00,x509,expired_challenge,11,1,UAV-VALID,EXPIRED_CHALLENGE,EXPIRED_CHALLENGE,True,35400,0.0354,74400,0,0,0,0,0,0,0,,,,none,x509-expired_challenge_0,0,False,239,17,
n10-identities_c1-conc_mech-x509-1backend_security-battery_r30_audit-off_20260824T233608Z,obs_ce460ee6c0e84b62bf3c4ebbd47703d1,2026-08-24T23:36:40.851491+00:00,x509,expired_challenge,12,1,UAV-VALID,EXPIRED_CHALLENGE,EXPIRED_CHALLENGE,True,35200,0.0352,34400,0,0,0,0,0,0,0,,,,none,x509-expired_challenge_0,0,False,240,17,
n10-identities_c1-conc_mech-x509-1backend_security-battery_r30_audit-off_20260824T233608Z,obs_3cffa3a4224e4db7b7d1f13bf562e49c,2026-08-24T23:36:40.991047+00:00,x509,expired_challenge,13,1,UAV-VALID,EXPIRED_CHALLENGE,EXPIRED_CHALLENGE,True,20900,0.0209,37800,0,0,0,0,0,0,0,,,,none,x509-expired_challenge_0,0,False,238,17,
n10-identities_c1-conc_mech-x509-1backend_security-battery_r30_audit-off_20260824T233608Z,obs_77ae58f56d9541c59c854bfbab6eb706,2026-08-24T23:36:41.117692+00:00,x509,expired_challenge,14,1,UAV-VALID,EXPIRED_CHALLENGE,EXPIRED_CHALLENGE,True,32000,0.032,36600,0,0,0,0,0,0,0,,,,none,x509-expired_challenge_0,0,False,239,17,
n10-identities_c1-conc_mech-x509-1backend_security-battery_r30_audit-off_20260824T233608Z,obs_040021d2a90547129bc2785a319e1607,2026-08-24T23:36:41.245965+00:00,x509,expired_challenge,15,1,UAV-VALID,EXPIRED_CHALLENGE,EXPIRED_CHALLENGE,True,31300,0.0313,42600,0,0,0,0,0,0,0,,,,none,x509-expired_challenge_0,0,False,240,17,
n10-identities_c1-conc_mech-x509-1backend_security-battery_r30_audit-off_20260824T233608Z,obs_4cce033721e44b11bc5f76dd66a3fad4,2026-08-24T23:36:41.372712+00:00,x509,expired_challenge,16,1,UAV-VALID,EXPIRED_CHALLENGE,EXPIRED_CHALLENGE,True,34100,0.0341,30800,0,0,0,0,0,0,0,,,,none,x509-expired_challenge_0,0,False,238,17,
n10-identities_c1-conc_mech-x509-1backend_security-battery_r30_audit-off_20260824T233608Z,obs_e9ea2b4175f94508966f6df0a56eb69e,2026-08-24T23:36:41.513767+00:00,x509,expired_challenge,17,1,UAV-VALID,EXPIRED_CHALLENGE,EXPIRED_CHALLENGE,True,39700,0.0397,51500,0,0,0,0,0,0,0,,,,none,x509-expired_challenge_0,0,False,238,17,
n10-identities_c1-conc_mech-x509-1backend_security-battery_r30_audit-off_20260824T233608Z,obs_a4fa17cdf17c45b0bfc057bcc8d2dd82,2026-08-24T23:36:41.641794+00:00,x509,expired_challenge,18,1,UAV-VALID,EXPIRED_CHALLENGE,EXPIRED_CHALLENGE,True,52200,0.0522,46700,0,0,0,0,0,0,0,,,,none,x509-expired_challenge_0,0,False,240,17,
n10-identities_c1-conc_mech-x509-1backend_security-battery_r30_audit-off_20260824T233608Z,obs_090ce1f5fc3e42b8a214671b1052b0e1,2026-08-24T23:36:41.772618+00:00,x509,expired_challenge,19,1,UAV-VALID,EXPIRED_CHALLENGE,EXPIRED_CHALLENGE,True,35700,0.0357,89300,0,0,0,0,0,0,0,,,,none,x509-expired_challenge_0,0,False,239,17,
n10-identities_c1-conc_mech-x509-1backend_security-battery_r30_audit-off_20260824T233608Z,obs_68b51290fa084389a45658ed7b2e2475,2026-08-24T23:36:41.900140+00:00,x509,expired_challenge,20,1,UAV-VALID,EXPIRED_CHALLENGE,EXPIRED_CHALLENGE,True,31400,0.0314,47000,0,0,0,0,0,0,0,,,,none,x509-expired_challenge_0,0,False,239,17,
n10-identities_c1-conc_mech-x509-1backend_security-battery_r30_audit-off_20260824T233608Z,obs_b1f4e1c6bacf414892035f0c934d1879,2026-08-24T23:36:42.033137+00:00,x509,expired_challenge,21,1,UAV-VALID,EXPIRED_CHALLENGE,EXPIRED_CHALLENGE,True,49000,0.049,46600,0,0,0,0,0,0,0,,,,none,x509-expired_challenge_0,0,False,240,17,
n10-identities_c1-conc_mech-x509-1backend_security-battery_r30_audit-off_20260824T233608Z,obs_e60cd23f3ad14a43b5ce833643bbd794,2026-08-24T23:36:42.160130+00:00,x509,expired_challenge,22,1,UAV-VALID,EXPIRED_CHALLENGE,EXPIRED_CHALLENGE,True,38400,0.0384,41800,0,0,0,0,0,0,0,,,,none,x509-expired_challenge_0,0,False,240,17,
n10-identities_c1-conc_mech-x509-1backend_security-battery_r30_audit-off_20260824T233608Z,obs_61a17e261a62494a81f5d481f40be844,2026-08-24T23:36:42.287182+00:00,x509,expired_challenge,23,1,UAV-VALID,EXPIRED_CHALLENGE,EXPIRED_CHALLENGE,True,24700,0.0247,80400,0,0,0,0,0,0,0,,,,none,x509-expired_challenge_0,0,False,239,17,
n10-identities_c1-conc_mech-x509-1backend_security-battery_r30_audit-off_20260824T233608Z,obs_ae1522ce0e5b490a80c6f07801c79474,2026-08-24T23:36:42.413591+00:00,x509,expired_challenge,24,1,UAV-VALID,EXPIRED_CHALLENGE,EXPIRED_CHALLENGE,True,53900,0.0539,42100,0,0,0,0,0,0,0,,,,none,x509-expired_challenge_0,0,False,239,17,
n10-identities_c1-conc_mech-x509-1backend_security-battery_r30_audit-off_20260824T233608Z,obs_518289557f0a4eeeb1802f4794935b75,2026-08-24T23:36:42.554692+00:00,x509,expired_challenge,25,1,UAV-VALID,EXPIRED_CHALLENGE,EXPIRED_CHALLENGE,True,32700,0.0327,49400,0,0,0,0,0,0,0,,,,none,x509-expired_challenge_0,0,False,238,17,
n10-identities_c1-conc_mech-x509-1backend_security-battery_r30_audit-off_20260824T233608Z,obs_bb5658e5af564106a9bc8b39256c9692,2026-08-24T23:36:42.681536+00:00,x509,expired_challenge,26,1,UAV-VALID,EXPIRED_CHALLENGE,EXPIRED_CHALLENGE,True,31300,0.0313,40500,0,0,0,0,0,0,0,,,,none,x509-expired_challenge_0,0,False,239,17,
n10-identities_c1-conc_mech-x509-1backend_security-battery_r30_audit-off_20260824T233608Z,obs_6e99447984824269a4daa6c7036cd20b,2026-08-24T23:36:42.808194+00:00,x509,expired_challenge,27,1,UAV-VALID,EXPIRED_CHALLENGE,EXPIRED_CHALLENGE,True,36600,0.0366,32800,0,0,0,0,0,0,0,,,,none,x509-expired_challenge_0,0,False,239,17,
n10-identities_c1-conc_mech-x509-1backend_security-battery_r30_audit-off_20260824T233608Z,obs_c653474358134289bfa219471a9b6e53,2026-08-24T23:36:42.935228+00:00,x509,expired_challenge,28,1,UAV-VALID,EXPIRED_CHALLENGE,EXPIRED_CHALLENGE,True,23800,0.0238,54700,0,0,0,0,0,0,0,,,,none,x509-expired_challenge_0,0,False,239,17,
n10-identities_c1-conc_mech-x509-1backend_security-battery_r30_audit-off_20260824T233608Z,obs_d37c73efd90d482ba35e037d4c52a9a6,2026-08-24T23:36:43.071504+00:00,x509,expired_challenge,29,1,UAV-VALID,EXPIRED_CHALLENGE,EXPIRED_CHALLENGE,True,25800,0.0258,32700,0,0,0,0,0,0,0,,,,none,x509-expired_challenge_0,0,False,238,17,
n10-identities_c1-conc_mech-x509-1backend_security-battery_r30_audit-off_20260824T233608Z,obs_4d13c089401f4c66be64bcfea8e0c673,2026-08-24T23:36:43.081345+00:00,x509,revoked_uav,0,1,UAV-REVOKED,REVOKED_IDENTITY,REVOKED_IDENTITY,True,1591200,1.5912,28900,68900,1469500,0,0,0,0,0,,,,none,x509-revoked_uav_0,0,True,242,16,
n10-identities_c1-conc_mech-x509-1backend_security-battery_r30_audit-off_20260824T233608Z,obs_a46252739bb64631a5b83c9dfd09cb55,2026-08-24T23:36:43.091190+00:00,x509,revoked_uav,1,1,UAV-REVOKED,REVOKED_IDENTITY,REVOKED_IDENTITY,True,1627200,1.6272,34400,67100,1513700,0,0,0,0,0,,,,none,x509-revoked_uav_0,0,True,241,16,
n10-identities_c1-conc_mech-x509-1backend_security-battery_r30_audit-off_20260824T233608Z,obs_8ceb9b647f2740aea95afc63c41bc119,2026-08-24T23:36:43.098576+00:00,x509,revoked_uav,0,1,UAV-REVOKED,REVOKED_IDENTITY,REVOKED_IDENTITY,True,2313200,2.3132,31000,72800,2194400,0,0,0,0,0,,,,none,x509-revoked_uav_0,0,False,241,16,
n10-identities_c1-conc_mech-x509-1backend_security-battery_r30_audit-off_20260824T233608Z,obs_94aa8aa475bf404cb644d9b00b69dc12,2026-08-24T23:36:43.107089+00:00,x509,revoked_uav,1,1,UAV-REVOKED,REVOKED_IDENTITY,REVOKED_IDENTITY,True,1700600,1.7006,45900,118100,1530900,0,0,0,0,0,,,,none,x509-revoked_uav_0,0,False,242,16,
n10-identities_c1-conc_mech-x509-1backend_security-battery_r30_audit-off_20260824T233608Z,obs_308782e235b74f0da905937d5813d715,2026-08-24T23:36:43.117164+00:00,x509,revoked_uav,2,1,UAV-REVOKED,REVOKED_IDENTITY,REVOKED_IDENTITY,True,2082500,2.0825,60900,122600,1898200,0,0,0,0,0,,,,none,x509-revoked_uav_0,0,False,241,16,
n10-identities_c1-conc_mech-x509-1backend_security-battery_r30_audit-off_20260824T233608Z,obs_9885164fb7a145509474b17edc52caf9,2026-08-24T23:36:43.124591+00:00,x509,revoked_uav,3,1,UAV-REVOKED,REVOKED_IDENTITY,REVOKED_IDENTITY,True,1595000,1.595,36000,61300,1494600,0,0,0,0,0,,,,none,x509-revoked_uav_0,0,False,241,16,
n10-identities_c1-conc_mech-x509-1backend_security-battery_r30_audit-off_20260824T233608Z,obs_e3d2da03e70047cf848f8a7bff8b77d2,2026-08-24T23:36:43.134366+00:00,x509,revoked_uav,4,1,UAV-REVOKED,REVOKED_IDENTITY,REVOKED_IDENTITY,True,1926200,1.9262,128900,102700,1762200,0,0,0,0,0,,,,none,x509-revoked_uav_0,0,False,241,16,
n10-identities_c1-conc_mech-x509-1backend_security-battery_r30_audit-off_20260824T233608Z,obs_6cd281d3467645db816d1f8c747b52dc,2026-08-24T23:36:43.140567+00:00,x509,revoked_uav,5,1,UAV-REVOKED,REVOKED_IDENTITY,REVOKED_IDENTITY,True,1219700,1.2197,40200,67900,1112400,0,0,0,0,0,,,,none,x509-revoked_uav_0,0,False,240,16,
n10-identities_c1-conc_mech-x509-1backend_security-battery_r30_audit-off_20260824T233608Z,obs_c25e75b7fac54664820b34f3b2f6bc17,2026-08-24T23:36:43.150362+00:00,x509,revoked_uav,6,1,UAV-REVOKED,REVOKED_IDENTITY,REVOKED_IDENTITY,True,2011900,2.0119,306000,107500,1839200,0,0,0,0,0,,,,none,x509-revoked_uav_0,0,False,240,16,
n10-identities_c1-conc_mech-x509-1backend_security-battery_r30_audit-off_20260824T233608Z,obs_dc3d307398b54b6e8be1f1344a2fadf8,2026-08-24T23:36:43.156936+00:00,x509,revoked_uav,7,1,UAV-REVOKED,REVOKED_IDENTITY,REVOKED_IDENTITY,True,1491900,1.4919,31600,59800,1393100,0,0,0,0,0,,,,none,x509-revoked_uav_0,0,False,240,16,
n10-identities_c1-conc_mech-x509-1backend_security-battery_r30_audit-off_20260824T233608Z,obs_093f9546f54f4e568dfaf598d9aea2d8,2026-08-24T23:36:43.166448+00:00,x509,revoked_uav,8,1,UAV-REVOKED,REVOKED_IDENTITY,REVOKED_IDENTITY,True,2159500,2.1595,55000,120200,1964600,0,0,0,0,0,,,,none,x509-revoked_uav_0,0,False,241,16,
n10-identities_c1-conc_mech-x509-1backend_security-battery_r30_audit-off_20260824T233608Z,obs_ab6303aa85874b46ae290831dbe729f8,2026-08-24T23:36:43.173139+00:00,x509,revoked_uav,9,1,UAV-REVOKED,REVOKED_IDENTITY,REVOKED_IDENTITY,True,1526700,1.5267,32200,69400,1417100,0,0,0,0,0,,,,none,x509-revoked_uav_0,0,False,241,16,
n10-identities_c1-conc_mech-x509-1backend_security-battery_r30_audit-off_20260824T233608Z,obs_cf44a744f55b45dc81a1ed4197e03b28,2026-08-24T23:36:43.181097+00:00,x509,revoked_uav,10,1,UAV-REVOKED,REVOKED_IDENTITY,REVOKED_IDENTITY,True,1993200,1.9932,57800,68600,1877300,0,0,0,0,0,,,,none,x509-revoked_uav_0,0,False,241,16,
n10-identities_c1-conc_mech-x509-1backend_security-battery_r30_audit-off_20260824T233608Z,obs_5d0fbeede31f40a09ce6c43ba44fd8e1,2026-08-24T23:36:43.190226+00:00,x509,revoked_uav,11,1,UAV-REVOKED,REVOKED_IDENTITY,REVOKED_IDENTITY,True,2012900,2.0129,40600,111100,1842100,0,0,0,0,0,,,,none,x509-revoked_uav_0,0,False,241,16,
n10-identities_c1-conc_mech-x509-1backend_security-battery_r30_audit-off_20260824T233608Z,obs_4fc2e89ec15d41e9ba4ff9891020b0a8,2026-08-24T23:36:43.198747+00:00,x509,revoked_uav,12,1,UAV-REVOKED,REVOKED_IDENTITY,REVOKED_IDENTITY,True,1985800,1.9858,31000,105600,1820100,0,0,0,0,0,,,,none,x509-revoked_uav_0,0,False,242,16,
n10-identities_c1-conc_mech-x509-1backend_security-battery_r30_audit-off_20260824T233608Z,obs_203c52d2b4f14db4943537013288dac5,2026-08-24T23:36:43.204980+00:00,x509,revoked_uav,13,1,UAV-REVOKED,REVOKED_IDENTITY,REVOKED_IDENTITY,True,1316300,1.3163,44400,55400,1223600,0,0,0,0,0,,,,none,x509-revoked_uav_0,0,False,242,16,
n10-identities_c1-conc_mech-x509-1backend_security-battery_r30_audit-off_20260824T233608Z,obs_0b8827fe5afa47438c31fdc698e89d8d,2026-08-24T23:36:43.213465+00:00,x509,revoked_uav,14,1,UAV-REVOKED,REVOKED_IDENTITY,REVOKED_IDENTITY,True,1660000,1.66,43500,83200,1524400,0,0,0,0,0,,,,none,x509-revoked_uav_0,0,False,240,16,
n10-identities_c1-conc_mech-x509-1backend_security-battery_r30_audit-off_20260824T233608Z,obs_1a5c758f818144c092b0cb17f2e3b32f,2026-08-24T23:36:43.221230+00:00,x509,revoked_uav,15,1,UAV-REVOKED,REVOKED_IDENTITY,REVOKED_IDENTITY,True,1508500,1.5085,34700,76800,1384000,0,0,0,0,0,,,,none,x509-revoked_uav_0,0,False,241,16,
n10-identities_c1-conc_mech-x509-1backend_security-battery_r30_audit-off_20260824T233608Z,obs_6b6cf8cc0252498391922dbb1ac415b3,2026-08-24T23:36:43.228884+00:00,x509,revoked_uav,16,1,UAV-REVOKED,REVOKED_IDENTITY,REVOKED_IDENTITY,True,1502900,1.5029,31900,84900,1371400,0,0,0,0,0,,,,none,x509-revoked_uav_0,0,False,240,16,
n10-identities_c1-conc_mech-x509-1backend_security-battery_r30_audit-off_20260824T233608Z,obs_0f90e294fe8b4d91a06385bc7aad85e4,2026-08-24T23:36:43.236833+00:00,x509,revoked_uav,17,1,UAV-REVOKED,REVOKED_IDENTITY,REVOKED_IDENTITY,True,1712700,1.7127,41500,81900,1581200,0,0,0,0,0,,,,none,x509-revoked_uav_0,0,False,241,16,
n10-identities_c1-conc_mech-x509-1backend_security-battery_r30_audit-off_20260824T233608Z,obs_2334f26ce164404182744c10ad0748e3,2026-08-24T23:36:43.245136+00:00,x509,revoked_uav,18,1,UAV-REVOKED,REVOKED_IDENTITY,REVOKED_IDENTITY,True,1364300,1.3643,44300,66700,1233300,0,0,0,0,0,,,,none,x509-revoked_uav_0,0,False,240,16,
n10-identities_c1-conc_mech-x509-1backend_security-battery_r30_audit-off_20260824T233608Z,obs_15d786714cd640da856566f2a6e390cf,2026-08-24T23:36:43.254715+00:00,x509,revoked_uav,19,1,UAV-REVOKED,REVOKED_IDENTITY,REVOKED_IDENTITY,True,1771700,1.7717,45500,111600,1594100,0,0,0,0,0,,,,none,x509-revoked_uav_0,0,False,241,16,
n10-identities_c1-conc_mech-x509-1backend_security-battery_r30_audit-off_20260824T233608Z,obs_73c57b6064ec44be8e29fbf1f0412267,2026-08-24T23:36:43.262824+00:00,x509,revoked_uav,20,1,UAV-REVOKED,REVOKED_IDENTITY,REVOKED_IDENTITY,True,1660800,1.6608,44300,85000,1526800,0,0,0,0,0,,,,none,x509-revoked_uav_0,0,False,240,16,
n10-identities_c1-conc_mech-x509-1backend_security-battery_r30_audit-off_20260824T233608Z,obs_c34279ee848d4390a13d383714fd7d0a,2026-08-24T23:36:43.272666+00:00,x509,revoked_uav,21,1,UAV-REVOKED,REVOKED_IDENTITY,REVOKED_IDENTITY,True,1848000,1.848,58300,98500,1692400,0,0,0,0,0,,,,none,x509-revoked_uav_0,0,False,240,16,
n10-identities_c1-conc_mech-x509-1backend_security-battery_r30_audit-off_20260824T233608Z,obs_c4a8ae0abfc34cafbd344ea6fb4660f0,2026-08-24T23:36:43.280814+00:00,x509,revoked_uav,22,1,UAV-REVOKED,REVOKED_IDENTITY,REVOKED_IDENTITY,True,1994200,1.9942,43500,71100,1875600,0,0,0,0,0,,,,none,x509-revoked_uav_0,0,False,240,16,
n10-identities_c1-conc_mech-x509-1backend_security-battery_r30_audit-off_20260824T233608Z,obs_14938052e973439f9f98a68faf6e13e6,2026-08-24T23:36:43.291416+00:00,x509,revoked_uav,23,1,UAV-REVOKED,REVOKED_IDENTITY,REVOKED_IDENTITY,True,1596400,1.5964,55800,88800,1451700,0,0,0,0,0,,,,none,x509-revoked_uav_0,0,False,241,16,
n10-identities_c1-conc_mech-x509-1backend_security-battery_r30_audit-off_20260824T233608Z,obs_5d73bae347614f7081de425df07b457d,2026-08-24T23:36:43.302532+00:00,x509,revoked_uav,24,1,UAV-REVOKED,REVOKED_IDENTITY,REVOKED_IDENTITY,True,4045300,4.0453,52300,274700,3548100,0,0,0,0,0,,,,none,x509-revoked_uav_0,0,False,241,16,
n10-identities_c1-conc_mech-x509-1backend_security-battery_r30_audit-off_20260824T233608Z,obs_137f3d5f02a34648823f5869f935db55,2026-08-24T23:36:43.311054+00:00,x509,revoked_uav,25,1,UAV-REVOKED,REVOKED_IDENTITY,REVOKED_IDENTITY,True,1641100,1.6411,40500,79700,1512100,0,0,0,0,0,,,,none,x509-revoked_uav_0,0,False,241,16,
n10-identities_c1-conc_mech-x509-1backend_security-battery_r30_audit-off_20260824T233608Z,obs_60a4e52b6abb43dc86ed506bdb990a5a,2026-08-24T23:36:43.322323+00:00,x509,revoked_uav,26,1,UAV-REVOKED,REVOKED_IDENTITY,REVOKED_IDENTITY,True,1601500,1.6015,38400,80500,1475300,0,0,0,0,0,,,,none,x509-revoked_uav_0,0,False,240,16,
n10-identities_c1-conc_mech-x509-1backend_security-battery_r30_audit-off_20260824T233608Z,obs_2897bf97fd9e4bfcb20766634ff041b4,2026-08-24T23:36:43.330435+00:00,x509,revoked_uav,27,1,UAV-REVOKED,REVOKED_IDENTITY,REVOKED_IDENTITY,True,1836700,1.8367,44600,84700,1698100,0,0,0,0,0,,,,none,x509-revoked_uav_0,0,False,242,16,
n10-identities_c1-conc_mech-x509-1backend_security-battery_r30_audit-off_20260824T233608Z,obs_1d86d1cc20e24f38bb6a8e1b1751ea15,2026-08-24T23:36:43.340702+00:00,x509,revoked_uav,28,1,UAV-REVOKED,REVOKED_IDENTITY,REVOKED_IDENTITY,True,1710500,1.7105,44200,85300,1572600,0,0,0,0,0,,,,none,x509-revoked_uav_0,0,False,241,16,
n10-identities_c1-conc_mech-x509-1backend_security-battery_r30_audit-off_20260824T233608Z,obs_4abe087de0cf4919902034439d2636fa,2026-08-24T23:36:43.352234+00:00,x509,revoked_uav,29,1,UAV-REVOKED,REVOKED_IDENTITY,REVOKED_IDENTITY,True,2604800,2.6048,53100,263900,2246800,0,0,0,0,0,,,,none,x509-revoked_uav_0,0,False,240,16,
n10-identities_c1-conc_mech-x509-1backend_security-battery_r30_audit-off_20260824T233608Z,obs_fae8d37d026444c29f1b6e2bf6d09ca0,2026-08-24T23:36:43.386215+00:00,x509,unauthorised_operation,0,1,UAV-LIMITED,UNAUTHORISED_OPERATION,UNAUTHORISED_OPERATION,True,1663100,1.6631,46100,96700,1307600,0,156100,4600,0,0,,,,none,x509-unauthorised_operation_0,0,True,242,22,
n10-identities_c1-conc_mech-x509-1backend_security-battery_r30_audit-off_20260824T233608Z,obs_f22d03cbdd5a419794ba6ee7a8c21a93,2026-08-24T23:36:43.394665+00:00,x509,unauthorised_operation,1,1,UAV-LIMITED,UNAUTHORISED_OPERATION,UNAUTHORISED_OPERATION,True,2258100,2.2581,34700,78800,1830700,0,199000,6800,0,0,,,,none,x509-unauthorised_operation_0,0,True,241,22,
n10-identities_c1-conc_mech-x509-1backend_security-battery_r30_audit-off_20260824T233608Z,obs_ab168390388c41f3b570aaa8b29ce28e,2026-08-24T23:36:43.403993+00:00,x509,unauthorised_operation,0,1,UAV-LIMITED,UNAUTHORISED_OPERATION,UNAUTHORISED_OPERATION,True,1815600,1.8156,43300,82700,1464100,0,168800,4500,0,0,,,,none,x509-unauthorised_operation_0,0,False,242,22,
n10-identities_c1-conc_mech-x509-1backend_security-battery_r30_audit-off_20260824T233608Z,obs_7f993ec28cb74356a49bdf8e7ed14824,2026-08-24T23:36:43.412539+00:00,x509,unauthorised_operation,1,1,UAV-LIMITED,UNAUTHORISED_OPERATION,UNAUTHORISED_OPERATION,True,1806000,1.806,120600,97300,1431800,0,165100,4000,0,0,,,,none,x509-unauthorised_operation_0,0,False,243,22,
n10-identities_c1-conc_mech-x509-1backend_security-battery_r30_audit-off_20260824T233608Z,obs_d7c54a86fdee44a0ad5cfbe003f4e3b9,2026-08-24T23:36:43.421142+00:00,x509,unauthorised_operation,2,1,UAV-LIMITED,UNAUTHORISED_OPERATION,UNAUTHORISED_OPERATION,True,1813400,1.8134,43000,75100,1500600,0,146400,3500,0,0,,,,none,x509-unauthorised_operation_0,0,False,243,22,
n10-identities_c1-conc_mech-x509-1backend_security-battery_r30_audit-off_20260824T233608Z,obs_be59be3b7038455e81c3cf50cd86f47c,2026-08-24T23:36:43.428840+00:00,x509,unauthorised_operation,3,1,UAV-LIMITED,UNAUTHORISED_OPERATION,UNAUTHORISED_OPERATION,True,1720500,1.7205,45100,78000,1399600,0,150400,3800,0,0,,,,none,x509-unauthorised_operation_0,0,False,242,22,
n10-identities_c1-conc_mech-x509-1backend_security-battery_r30_audit-off_20260824T233608Z,obs_5daca3eaf6724f8e8f82e751ab4c2314,2026-08-24T23:36:43.437933+00:00,x509,unauthorised_operation,4,1,UAV-LIMITED,UNAUTHORISED_OPERATION,UNAUTHORISED_OPERATION,True,1659200,1.6592,38300,78900,1306200,0,169300,4500,0,0,,,,none,x509-unauthorised_operation_0,0,False,242,22,
n10-identities_c1-conc_mech-x509-1backend_security-battery_r30_audit-off_20260824T233608Z,obs_900e27db1b8f4ce2852defc70485d287,2026-08-24T23:36:43.446581+00:00,x509,unauthorised_operation,5,1,UAV-LIMITED,UNAUTHORISED_OPERATION,UNAUTHORISED_OPERATION,True,1732200,1.7322,45200,79400,1368300,0,171400,6300,0,0,,,,none,x509-unauthorised_operation_0,0,False,242,22,
n10-identities_c1-conc_mech-x509-1backend_security-battery_r30_audit-off_20260824T233608Z,obs_3830b956667a4998af94d9fe07e6ef14,2026-08-24T23:36:43.456779+00:00,x509,unauthorised_operation,6,1,UAV-LIMITED,UNAUTHORISED_OPERATION,UNAUTHORISED_OPERATION,True,2179400,2.1794,45800,85200,1729800,0,237500,7000,0,0,,,,none,x509-unauthorised_operation_0,0,False,242,22,
n10-identities_c1-conc_mech-x509-1backend_security-battery_r30_audit-off_20260824T233608Z,obs_60da0f23346849c08d0f2aa6d116800a,2026-08-24T23:36:43.466341+00:00,x509,unauthorised_operation,7,1,UAV-LIMITED,UNAUTHORISED_OPERATION,UNAUTHORISED_OPERATION,True,2218900,2.2189,77600,117500,1773700,0,187100,5300,0,0,,,,none,x509-unauthorised_operation_0,0,False,243,22,
n10-identities_c1-conc_mech-x509-1backend_security-battery_r30_audit-off_20260824T233608Z,obs_2849aebafd814a44bff9aad5868dbb8b,2026-08-24T23:36:43.474515+00:00,x509,unauthorised_operation,8,1,UAV-LIMITED,UNAUTHORISED_OPERATION,UNAUTHORISED_OPERATION,True,1813300,1.8133,50900,94000,1458800,0,156400,4100,0,0,,,,none,x509-unauthorised_operation_0,0,False,242,22,
n10-identities_c1-conc_mech-x509-1backend_security-battery_r30_audit-off_20260824T233608Z,obs_453657aa00c6452992ca7fb3d7bdf977,2026-08-24T23:36:43.483038+00:00,x509,unauthorised_operation,9,1,UAV-LIMITED,UNAUTHORISED_OPERATION,UNAUTHORISED_OPERATION,True,2400100,2.4001,57800,135900,1981300,0,169200,3300,0,0,,,,none,x509-unauthorised_operation_0,0,False,241,22,
n10-identities_c1-conc_mech-x509-1backend_security-battery_r30_audit-off_20260824T233608Z,obs_660579f0ced04b7eb06d67dbe48efecc,2026-08-24T23:36:43.492148+00:00,x509,unauthorised_operation,10,1,UAV-LIMITED,UNAUTHORISED_OPERATION,UNAUTHORISED_OPERATION,True,1872000,1.872,52700,79600,1504700,0,168600,4900,0,0,,,,none,x509-unauthorised_operation_0,0,False,242,22,
n10-identities_c1-conc_mech-x509-1backend_security-battery_r30_audit-off_20260824T233608Z,obs_a8e4cc3a8ab64abbab7451851f40f275,2026-08-24T23:36:43.500833+00:00,x509,unauthorised_operation,11,1,UAV-LIMITED,UNAUTHORISED_OPERATION,UNAUTHORISED_OPERATION,True,1818000,1.818,54200,83100,1465600,0,162400,4300,0,0,,,,none,x509-unauthorised_operation_0,0,False,242,22,
n10-identities_c1-conc_mech-x509-1backend_security-battery_r30_audit-off_20260824T233608Z,obs_d4e529835ec54c05b1f7265cc9c5463d,2026-08-24T23:36:43.509599+00:00,x509,unauthorised_operation,12,1,UAV-LIMITED,UNAUTHORISED_OPERATION,UNAUTHORISED_OPERATION,True,1709800,1.7098,37000,87700,1352400,0,162700,4600,0,0,,,,none,x509-unauthorised_operation_0,0,False,243,22,
n10-identities_c1-conc_mech-x509-1backend_security-battery_r30_audit-off_20260824T233608Z,obs_aad1d1635c8841fb892aa21084af29d0,2026-08-24T23:36:43.518009+00:00,x509,unauthorised_operation,13,1,UAV-LIMITED,UNAUTHORISED_OPERATION,UNAUTHORISED_OPERATION,True,2032600,2.0326,48900,65800,1686500,0,176200,5800,0,0,,,,none,x509-unauthorised_operation_0,0,False,241,22,
n10-identities_c1-conc_mech-x509-1backend_security-battery_r30_audit-off_20260824T233608Z,obs_367d9180e59048ad8067fdb1396f4487,2026-08-24T23:36:43.526961+00:00,x509,unauthorised_operation,14,1,UAV-LIMITED,UNAUTHORISED_OPERATION,UNAUTHORISED_OPERATION,True,1638100,1.6381,43100,81500,1278900,0,172600,4900,0,0,,,,none,x509-unauthorised_operation_0,0,False,242,22,
n10-identities_c1-conc_mech-x509-1backend_security-battery_r30_audit-off_20260824T233608Z,obs_89923b1525994384a3e164858543fbdb,2026-08-24T23:36:43.536282+00:00,x509,unauthorised_operation,15,1,UAV-LIMITED,UNAUTHORISED_OPERATION,UNAUTHORISED_OPERATION,True,2371200,2.3712,48000,67800,1902800,0,243900,6000,0,0,,,,none,x509-unauthorised_operation_0,0,False,243,22,
n10-identities_c1-conc_mech-x509-1backend_security-battery_r30_audit-off_20260824T233608Z,obs_5df551e06fe4481aabc8b56a3cfcc3cc,2026-08-24T23:36:43.544259+00:00,x509,unauthorised_operation,16,1,UAV-LIMITED,UNAUTHORISED_OPERATION,UNAUTHORISED_OPERATION,True,1746200,1.7462,37800,71900,1420900,0,162300,4300,0,0,,,,none,x509-unauthorised_operation_0,0,False,241,22,
n10-identities_c1-conc_mech-x509-1backend_security-battery_r30_audit-off_20260824T233608Z,obs_9c89c6f0cbf74db4809a18b56984af42,2026-08-24T23:36:43.553844+00:00,x509,unauthorised_operation,17,1,UAV-LIMITED,UNAUTHORISED_OPERATION,UNAUTHORISED_OPERATION,True,2248500,2.2485,53100,114600,1810000,0,172700,4500,0,0,,,,none,x509-unauthorised_operation_0,0,False,241,22,
n10-identities_c1-conc_mech-x509-1backend_security-battery_r30_audit-off_20260824T233608Z,obs_e38c3982314846b0bd1a6135c3b3a0c1,2026-08-24T23:36:43.561179+00:00,x509,unauthorised_operation,18,1,UAV-LIMITED,UNAUTHORISED_OPERATION,UNAUTHORISED_OPERATION,True,1749500,1.7495,55200,85700,1382500,0,169800,4900,0,0,,,,none,x509-unauthorised_operation_0,0,False,242,22,
n10-identities_c1-conc_mech-x509-1backend_security-battery_r30_audit-off_20260824T233608Z,obs_ccd0584209cf4c8198d5c8d094b81a4b,2026-08-24T23:36:43.571809+00:00,x509,unauthorised_operation,19,1,UAV-LIMITED,UNAUTHORISED_OPERATION,UNAUTHORISED_OPERATION,True,2191800,2.1918,65300,99100,1778100,0,188000,6300,0,0,,,,none,x509-unauthorised_operation_0,0,False,243,22,
n10-identities_c1-conc_mech-x509-1backend_security-battery_r30_audit-off_20260824T233608Z,obs_611af8b8fd2b4e94ac8da4d3136603fc,2026-08-24T23:36:43.602380+00:00,x509,unauthorised_operation,20,1,UAV-LIMITED,UNAUTHORISED_OPERATION,UNAUTHORISED_OPERATION,True,1756900,1.7569,48400,85300,1422300,0,141400,4100,0,0,,,,none,x509-unauthorised_operation_0,0,False,243,22,
n10-identities_c1-conc_mech-x509-1backend_security-battery_r30_audit-off_20260824T233608Z,obs_75acc4c935104045b80e23bbe9d06a93,2026-08-24T23:36:43.610221+00:00,x509,unauthorised_operation,21,1,UAV-LIMITED,UNAUTHORISED_OPERATION,UNAUTHORISED_OPERATION,True,1778400,1.7784,37200,83600,1438200,0,149300,5000,0,0,,,,none,x509-unauthorised_operation_0,0,False,243,22,
n10-identities_c1-conc_mech-x509-1backend_security-battery_r30_audit-off_20260824T233608Z,obs_f3864832320e4579a670ea353ebc995d,2026-08-24T23:36:43.618680+00:00,x509,unauthorised_operation,22,1,UAV-LIMITED,UNAUTHORISED_OPERATION,UNAUTHORISED_OPERATION,True,1774400,1.7744,46200,96400,1423200,0,149100,5100,0,0,,,,none,x509-unauthorised_operation_0,0,False,241,22,
n10-identities_c1-conc_mech-x509-1backend_security-battery_r30_audit-off_20260824T233608Z,obs_51bf8849cf6e4aca9c38cf9a6f1a8d15,2026-08-24T23:36:43.628353+00:00,x509,unauthorised_operation,23,1,UAV-LIMITED,UNAUTHORISED_OPERATION,UNAUTHORISED_OPERATION,True,2265500,2.2655,55600,154100,1416400,0,550400,7600,0,0,,,,none,x509-unauthorised_operation_0,0,False,241,22,
n10-identities_c1-conc_mech-x509-1backend_security-battery_r30_audit-off_20260824T233608Z,obs_a82b48e925c041afb04b209853e7168b,2026-08-24T23:36:43.639364+00:00,x509,unauthorised_operation,24,1,UAV-LIMITED,UNAUTHORISED_OPERATION,UNAUTHORISED_OPERATION,True,2902600,2.9026,52900,160400,2369600,0,229600,7000,0,0,,,,none,x509-unauthorised_operation_0,0,False,242,22,
n10-identities_c1-conc_mech-x509-1backend_security-battery_r30_audit-off_20260824T233608Z,obs_e26b2750ddfa413db0d1e2cfca522e0d,2026-08-24T23:36:43.651141+00:00,x509,unauthorised_operation,25,1,UAV-LIMITED,UNAUTHORISED_OPERATION,UNAUTHORISED_OPERATION,True,2446100,2.4461,64600,184900,1856500,0,204300,6600,0,0,,,,none,x509-unauthorised_operation_0,0,False,241,22,
n10-identities_c1-conc_mech-x509-1backend_security-battery_r30_audit-off_20260824T233608Z,obs_b7e182d8a7a14307808c4036a6e2fd55,2026-08-24T23:36:43.662070+00:00,x509,unauthorised_operation,26,1,UAV-LIMITED,UNAUTHORISED_OPERATION,UNAUTHORISED_OPERATION,True,3114100,3.1141,55200,222700,2407400,0,209000,4900,0,0,,,,none,x509-unauthorised_operation_0,0,False,243,22,
n10-identities_c1-conc_mech-x509-1backend_security-battery_r30_audit-off_20260824T233608Z,obs_4c7a67764821442e9c3ccf0dc1741cbf,2026-08-24T23:36:43.672298+00:00,x509,unauthorised_operation,27,1,UAV-LIMITED,UNAUTHORISED_OPERATION,UNAUTHORISED_OPERATION,True,2181000,2.181,51300,98400,1679800,0,251600,8000,0,0,,,,none,x509-unauthorised_operation_0,0,False,242,22,
n10-identities_c1-conc_mech-x509-1backend_security-battery_r30_audit-off_20260824T233608Z,obs_b3e3ded5d6244cae807f0f10985adc8e,2026-08-24T23:36:43.684412+00:00,x509,unauthorised_operation,28,1,UAV-LIMITED,UNAUTHORISED_OPERATION,UNAUTHORISED_OPERATION,True,3213100,3.2131,73700,101400,2750500,0,214300,6500,0,0,,,,none,x509-unauthorised_operation_0,0,False,242,22,
n10-identities_c1-conc_mech-x509-1backend_security-battery_r30_audit-off_20260824T233608Z,obs_6c939f7728da45518a8b4e7e61516f40,2026-08-24T23:36:43.694802+00:00,x509,unauthorised_operation,29,1,UAV-LIMITED,UNAUTHORISED_OPERATION,UNAUTHORISED_OPERATION,True,2023600,2.0236,52500,92600,1620600,0,180100,4600,0,0,,,,none,x509-unauthorised_operation_0,0,False,243,22,
n10-identities_c1-conc_mech-x509-1backend_security-battery_r30_audit-off_20260824T233608Z,obs_456ef72244d84ed6b4e97751aa0520da,2026-08-24T23:36:43.725993+00:00,x509,malformed,0,1,UAV-VALID,MALFORMED_REQUEST,MALFORMED_REQUEST,True,15500,0.0155,55300,0,0,0,0,0,0,0,,,,none,x509-malformed_0,0,True,26,17,malformed authentication object: missing magic
n10-identities_c1-conc_mech-x509-1backend_security-battery_r30_audit-off_20260824T233608Z,obs_36f93b780a4d404d98a436f747de3608,2026-08-24T23:36:43.733031+00:00,x509,malformed,1,1,UAV-VALID,MALFORMED_REQUEST,MALFORMED_REQUEST,True,16000,0.016,55000,0,0,0,0,0,0,0,,,,none,x509-malformed_0,0,True,26,17,malformed authentication object: missing magic
n10-identities_c1-conc_mech-x509-1backend_security-battery_r30_audit-off_20260824T233608Z,obs_92205db32619469eb0c8d110459b1242,2026-08-24T23:36:43.740073+00:00,x509,malformed,0,1,UAV-VALID,MALFORMED_REQUEST,MALFORMED_REQUEST,True,10800,0.0108,52100,0,0,0,0,0,0,0,,,,none,x509-malformed_0,0,False,26,17,malformed authentication object: missing magic
n10-identities_c1-conc_mech-x509-1backend_security-battery_r30_audit-off_20260824T233608Z,obs_ddf8f9591e9d474185385d27d17bbd7f,2026-08-24T23:36:43.746026+00:00,x509,malformed,1,1,UAV-VALID,MALFORMED_REQUEST,MALFORMED_REQUEST,True,11200,0.0112,40100,0,0,0,0,0,0,0,,,,none,x509-malformed_0,0,False,26,17,malformed authentication object: missing magic
n10-identities_c1-conc_mech-x509-1backend_security-battery_r30_audit-off_20260824T233608Z,obs_63204fff31ee40d2af5772712e1e4dea,2026-08-24T23:36:43.752925+00:00,x509,malformed,2,1,UAV-VALID,MALFORMED_REQUEST,MALFORMED_REQUEST,True,14000,0.014,68400,0,0,0,0,0,0,0,,,,none,x509-malformed_0,0,False,26,17,malformed authentication object: missing magic
n10-identities_c1-conc_mech-x509-1backend_security-battery_r30_audit-off_20260824T233608Z,obs_9e3bf88936324327ae07fea162371a9d,2026-08-24T23:36:43.759154+00:00,x509,malformed,3,1,UAV-VALID,MALFORMED_REQUEST,MALFORMED_REQUEST,True,12200,0.0122,46200,0,0,0,0,0,0,0,,,,none,x509-malformed_0,0,False,26,17,malformed authentication object: missing magic
n10-identities_c1-conc_mech-x509-1backend_security-battery_r30_audit-off_20260824T233608Z,obs_75f8aa53c39b4563aef387fd9b32f9f6,2026-08-24T23:36:43.764794+00:00,x509,malformed,4,1,UAV-VALID,MALFORMED_REQUEST,MALFORMED_REQUEST,True,11600,0.0116,61600,0,0,0,0,0,0,0,,,,none,x509-malformed_0,0,False,26,17,malformed authentication object: missing magic
n10-identities_c1-conc_mech-x509-1backend_security-battery_r30_audit-off_20260824T233608Z,obs_b0ff2a534373488d93a92761bea72a8c,2026-08-24T23:36:43.772228+00:00,x509,malformed,5,1,UAV-VALID,MALFORMED_REQUEST,MALFORMED_REQUEST,True,10800,0.0108,41600,0,0,0,0,0,0,0,,,,none,x509-malformed_0,0,False,26,17,malformed authentication object: missing magic
n10-identities_c1-conc_mech-x509-1backend_security-battery_r30_audit-off_20260824T233608Z,obs_f57c7c0a22644e3dac4435e6d39c5793,2026-08-24T23:36:43.778520+00:00,x509,malformed,6,1,UAV-VALID,MALFORMED_REQUEST,MALFORMED_REQUEST,True,13200,0.0132,45500,0,0,0,0,0,0,0,,,,none,x509-malformed_0,0,False,26,17,malformed authentication object: missing magic
n10-identities_c1-conc_mech-x509-1backend_security-battery_r30_audit-off_20260824T233608Z,obs_b0e70f117c284f2c9e2cacb4de085a6b,2026-08-24T23:36:43.786200+00:00,x509,malformed,7,1,UAV-VALID,MALFORMED_REQUEST,MALFORMED_REQUEST,True,13300,0.0133,58400,0,0,0,0,0,0,0,,,,none,x509-malformed_0,0,False,26,17,malformed authentication object: missing magic
n10-identities_c1-conc_mech-x509-1backend_security-battery_r30_audit-off_20260824T233608Z,obs_376cc1751e3d491b82d9efb0d2d6cfc0,2026-08-24T23:36:43.792518+00:00,x509,malformed,8,1,UAV-VALID,MALFORMED_REQUEST,MALFORMED_REQUEST,True,8700,0.0087,40700,0,0,0,0,0,0,0,,,,none,x509-malformed_0,0,False,26,17,malformed authentication object: missing magic
n10-identities_c1-conc_mech-x509-1backend_security-battery_r30_audit-off_20260824T233608Z,obs_05c6c9a7430c4dfaa52be77bc6482553,2026-08-24T23:36:43.798805+00:00,x509,malformed,9,1,UAV-VALID,MALFORMED_REQUEST,MALFORMED_REQUEST,True,11900,0.0119,52600,0,0,0,0,0,0,0,,,,none,x509-malformed_0,0,False,26,17,malformed authentication object: missing magic
n10-identities_c1-conc_mech-x509-1backend_security-battery_r30_audit-off_20260824T233608Z,obs_9f17faa95a954d949080b04dc228ed88,2026-08-24T23:36:43.806417+00:00,x509,malformed,10,1,UAV-VALID,MALFORMED_REQUEST,MALFORMED_REQUEST,True,11200,0.0112,46600,0,0,0,0,0,0,0,,,,none,x509-malformed_0,0,False,26,17,malformed authentication object: missing magic
n10-identities_c1-conc_mech-x509-1backend_security-battery_r30_audit-off_20260824T233608Z,obs_2ff5cb38559b41c5b378b58f426ae44c,2026-08-24T23:36:43.812529+00:00,x509,malformed,11,1,UAV-VALID,MALFORMED_REQUEST,MALFORMED_REQUEST,True,14000,0.014,45900,0,0,0,0,0,0,0,,,,none,x509-malformed_0,0,False,26,17,malformed authentication object: missing magic
n10-identities_c1-conc_mech-x509-1backend_security-battery_r30_audit-off_20260824T233608Z,obs_014b91b6c25c4d718ddd0a9f05968f02,2026-08-24T23:36:43.820802+00:00,x509,malformed,12,1,UAV-VALID,MALFORMED_REQUEST,MALFORMED_REQUEST,True,11600,0.0116,49600,0,0,0,0,0,0,0,,,,none,x509-malformed_0,0,False,26,17,malformed authentication object: missing magic
n10-identities_c1-conc_mech-x509-1backend_security-battery_r30_audit-off_20260824T233608Z,obs_8c4c6117ac2e4697a2d6e2e8c561fa28,2026-08-24T23:36:43.827158+00:00,x509,malformed,13,1,UAV-VALID,MALFORMED_REQUEST,MALFORMED_REQUEST,True,10700,0.0107,63000,0,0,0,0,0,0,0,,,,none,x509-malformed_0,0,False,26,17,malformed authentication object: missing magic
n10-identities_c1-conc_mech-x509-1backend_security-battery_r30_audit-off_20260824T233608Z,obs_a7e448d304014927ac50c801449ced59,2026-08-24T23:36:43.835204+00:00,x509,malformed,14,1,UAV-VALID,MALFORMED_REQUEST,MALFORMED_REQUEST,True,10800,0.0108,50500,0,0,0,0,0,0,0,,,,none,x509-malformed_0,0,False,26,17,malformed authentication object: missing magic
n10-identities_c1-conc_mech-x509-1backend_security-battery_r30_audit-off_20260824T233608Z,obs_d5b67a2e37ec41b6a657d31a41600910,2026-08-24T23:36:43.840785+00:00,x509,malformed,15,1,UAV-VALID,MALFORMED_REQUEST,MALFORMED_REQUEST,True,12900,0.0129,48500,0,0,0,0,0,0,0,,,,none,x509-malformed_0,0,False,26,17,malformed authentication object: missing magic
n10-identities_c1-conc_mech-x509-1backend_security-battery_r30_audit-off_20260824T233608Z,obs_cd1faa4379434315979d25ebd7686f3a,2026-08-24T23:36:43.848512+00:00,x509,malformed,16,1,UAV-VALID,MALFORMED_REQUEST,MALFORMED_REQUEST,True,13300,0.0133,58400,0,0,0,0,0,0,0,,,,none,x509-malformed_0,0,False,26,17,malformed authentication object: missing magic
n10-identities_c1-conc_mech-x509-1backend_security-battery_r30_audit-off_20260824T233608Z,obs_0c4214fc728e40d2ba0d36d225551730,2026-08-24T23:36:43.854535+00:00,x509,malformed,17,1,UAV-VALID,MALFORMED_REQUEST,MALFORMED_REQUEST,True,7800,0.0078,35300,0,0,0,0,0,0,0,,,,none,x509-malformed_0,0,False,26,17,malformed authentication object: missing magic
n10-identities_c1-conc_mech-x509-1backend_security-battery_r30_audit-off_20260824T233608Z,obs_a5e6142fbab6455894f2454716de08ea,2026-08-24T23:36:43.861271+00:00,x509,malformed,18,1,UAV-VALID,MALFORMED_REQUEST,MALFORMED_REQUEST,True,16100,0.0161,51200,0,0,0,0,0,0,0,,,,none,x509-malformed_0,0,False,26,17,malformed authentication object: missing magic
n10-identities_c1-conc_mech-x509-1backend_security-battery_r30_audit-off_20260824T233608Z,obs_acd4a8c5ee6f4f3e805d493d9c07b470,2026-08-24T23:36:43.870146+00:00,x509,malformed,19,1,UAV-VALID,MALFORMED_REQUEST,MALFORMED_REQUEST,True,10600,0.0106,50000,0,0,0,0,0,0,0,,,,none,x509-malformed_0,0,False,26,17,malformed authentication object: missing magic
n10-identities_c1-conc_mech-x509-1backend_security-battery_r30_audit-off_20260824T233608Z,obs_c25d1cc09e97484686f7b7cb4af962b3,2026-08-24T23:36:43.875584+00:00,x509,malformed,20,1,UAV-VALID,MALFORMED_REQUEST,MALFORMED_REQUEST,True,11300,0.0113,43800,0,0,0,0,0,0,0,,,,none,x509-malformed_0,0,False,26,17,malformed authentication object: missing magic
n10-identities_c1-conc_mech-x509-1backend_security-battery_r30_audit-off_20260824T233608Z,obs_8387260c05824c5ab7bacafbc335abe1,2026-08-24T23:36:43.882360+00:00,x509,malformed,21,1,UAV-VALID,MALFORMED_REQUEST,MALFORMED_REQUEST,True,13100,0.0131,55100,0,0,0,0,0,0,0,,,,none,x509-malformed_0,0,False,26,17,malformed authentication object: missing magic
n10-identities_c1-conc_mech-x509-1backend_security-battery_r30_audit-off_20260824T233608Z,obs_3c878f5705774d8b8c4738d6d8e4a723,2026-08-24T23:36:43.889174+00:00,x509,malformed,22,1,UAV-VALID,MALFORMED_REQUEST,MALFORMED_REQUEST,True,10600,0.0106,54200,0,0,0,0,0,0,0,,,,none,x509-malformed_0,0,False,26,17,malformed authentication object: missing magic
n10-identities_c1-conc_mech-x509-1backend_security-battery_r30_audit-off_20260824T233608Z,obs_68f7792d64dc407fa04cc5c06a6196d1,2026-08-24T23:36:43.896795+00:00,x509,malformed,23,1,UAV-VALID,MALFORMED_REQUEST,MALFORMED_REQUEST,True,15500,0.0155,90900,0,0,0,0,0,0,0,,,,none,x509-malformed_0,0,False,26,17,malformed authentication object: missing magic
n10-identities_c1-conc_mech-x509-1backend_security-battery_r30_audit-off_20260824T233608Z,obs_38832d68e18b4bad94b0ec9f29436bc4,2026-08-24T23:36:43.904328+00:00,x509,malformed,24,1,UAV-VALID,MALFORMED_REQUEST,MALFORMED_REQUEST,True,8400,0.0084,39200,0,0,0,0,0,0,0,,,,none,x509-malformed_0,0,False,26,17,malformed authentication object: missing magic
n10-identities_c1-conc_mech-x509-1backend_security-battery_r30_audit-off_20260824T233608Z,obs_3210b4edeaff44de87ada8333ee38313,2026-08-24T23:36:43.910567+00:00,x509,malformed,25,1,UAV-VALID,MALFORMED_REQUEST,MALFORMED_REQUEST,True,11500,0.0115,58800,0,0,0,0,0,0,0,,,,none,x509-malformed_0,0,False,26,17,malformed authentication object: missing magic
n10-identities_c1-conc_mech-x509-1backend_security-battery_r30_audit-off_20260824T233608Z,obs_8bebf1d9979c449591d8190e6649bcd9,2026-08-24T23:36:43.917866+00:00,x509,malformed,26,1,UAV-VALID,MALFORMED_REQUEST,MALFORMED_REQUEST,True,14100,0.0141,60800,0,0,0,0,0,0,0,,,,none,x509-malformed_0,0,False,26,17,malformed authentication object: missing magic
n10-identities_c1-conc_mech-x509-1backend_security-battery_r30_audit-off_20260824T233608Z,obs_e19c740d19cd4fc9944c6cedc1700700,2026-08-24T23:36:43.924318+00:00,x509,malformed,27,1,UAV-VALID,MALFORMED_REQUEST,MALFORMED_REQUEST,True,7900,0.0079,34200,0,0,0,0,0,0,0,,,,none,x509-malformed_0,0,False,26,17,malformed authentication object: missing magic
n10-identities_c1-conc_mech-x509-1backend_security-battery_r30_audit-off_20260824T233608Z,obs_72832973be1b4cffb3ab1880af4c6cbb,2026-08-24T23:36:43.930664+00:00,x509,malformed,28,1,UAV-VALID,MALFORMED_REQUEST,MALFORMED_REQUEST,True,12100,0.0121,51300,0,0,0,0,0,0,0,,,,none,x509-malformed_0,0,False,26,17,malformed authentication object: missing magic
n10-identities_c1-conc_mech-x509-1backend_security-battery_r30_audit-off_20260824T233608Z,obs_5122d210d292440aae5619745053b983,2026-08-24T23:36:43.935862+00:00,x509,malformed,29,1,UAV-VALID,MALFORMED_REQUEST,MALFORMED_REQUEST,True,10100,0.0101,33900,0,0,0,0,0,0,0,,,,none,x509-malformed_0,0,False,26,17,malformed authentication object: missing magic
n10-identities_c1-conc_mech-x509-1backend_security-battery_r30_audit-off_20260824T233608Z,obs_09c5eff71d9a4251aa04cf8ce2224979,2026-08-24T23:36:43.993439+00:00,x509,expired_certificate,0,1,UAV-EXPIRED,CERTIFICATE_EXPIRED,CERTIFICATE_EXPIRED,True,123300,0.1233,34300,76000,17000,0,0,0,0,0,,,,none,x509-expired_certificate_0,0,True,241,19,
n10-identities_c1-conc_mech-x509-1backend_security-battery_r30_audit-off_20260824T233608Z,obs_fde2537b02e446908ff3764925feba3b,2026-08-24T23:36:43.999008+00:00,x509,expired_certificate,1,1,UAV-EXPIRED,CERTIFICATE_EXPIRED,CERTIFICATE_EXPIRED,True,155500,0.1555,53600,85200,21700,0,0,0,0,0,,,,none,x509-expired_certificate_0,0,True,240,19,
n10-identities_c1-conc_mech-x509-1backend_security-battery_r30_audit-off_20260824T233608Z,obs_f8e6a0f58d7a46f3b1712464c1670503,2026-08-24T23:36:44.005217+00:00,x509,expired_certificate,0,1,UAV-EXPIRED,CERTIFICATE_EXPIRED,CERTIFICATE_EXPIRED,True,122000,0.122,38900,70300,15200,0,0,0,0,0,,,,none,x509-expired_certificate_0,0,False,241,19,
n10-identities_c1-conc_mech-x509-1backend_security-battery_r30_audit-off_20260824T233608Z,obs_22cd8859680948ad8f302073539f8d18,2026-08-24T23:36:44.010100+00:00,x509,expired_certificate,1,1,UAV-EXPIRED,CERTIFICATE_EXPIRED,CERTIFICATE_EXPIRED,True,103200,0.1032,32700,54700,15300,0,0,0,0,0,,,,none,x509-expired_certificate_0,0,False,240,19,
n10-identities_c1-conc_mech-x509-1backend_security-battery_r30_audit-off_20260824T233608Z,obs_692fa45a1cd74b3c8609e7ce234c7aae,2026-08-24T23:36:44.015370+00:00,x509,expired_certificate,2,1,UAV-EXPIRED,CERTIFICATE_EXPIRED,CERTIFICATE_EXPIRED,True,153300,0.1533,60300,85900,21500,0,0,0,0,0,,,,none,x509-expired_certificate_0,0,False,241,19,
n10-identities_c1-conc_mech-x509-1backend_security-battery_r30_audit-off_20260824T233608Z,obs_8ab9c3308fed4346a75d49be5c688545,2026-08-24T23:36:44.022576+00:00,x509,expired_certificate,3,1,UAV-EXPIRED,CERTIFICATE_EXPIRED,CERTIFICATE_EXPIRED,True,109200,0.1092,35500,59100,16400,0,0,0,0,0,,,,none,x509-expired_certificate_0,0,False,242,19,
n10-identities_c1-conc_mech-x509-1backend_security-battery_r30_audit-off_20260824T233608Z,obs_d8a7a964a7304df28c28e3b91fd60d5c,2026-08-24T23:36:44.027545+00:00,x509,expired_certificate,4,1,UAV-EXPIRED,CERTIFICATE_EXPIRED,CERTIFICATE_EXPIRED,True,108100,0.1081,27100,57000,15000,0,0,0,0,0,,,,none,x509-expired_certificate_0,0,False,241,19,
n10-identities_c1-conc_mech-x509-1backend_security-battery_r30_audit-off_20260824T233608Z,obs_b247f63603ae473d872ff3a6afb637f2,2026-08-24T23:36:44.033372+00:00,x509,expired_certificate,5,1,UAV-EXPIRED,CERTIFICATE_EXPIRED,CERTIFICATE_EXPIRED,True,229300,0.2293,51900,123700,29800,0,0,0,0,0,,,,none,x509-expired_certificate_0,0,False,240,19,
n10-identities_c1-conc_mech-x509-1backend_security-battery_r30_audit-off_20260824T233608Z,obs_5ded3d94a8b64bb882f5d8a68a964212,2026-08-24T23:36:44.041755+00:00,x509,expired_certificate,6,1,UAV-EXPIRED,CERTIFICATE_EXPIRED,CERTIFICATE_EXPIRED,True,145000,0.145,41200,80800,21000,0,0,0,0,0,,,,none,x509-expired_certificate_0,0,False,241,19,
n10-identities_c1-conc_mech-x509-1backend_security-battery_r30_audit-off_20260824T233608Z,obs_34ca12a656a845e1be1d1cf4371caa05,2026-08-24T23:36:44.048143+00:00,x509,expired_certificate,7,1,UAV-EXPIRED,CERTIFICATE_EXPIRED,CERTIFICATE_EXPIRED,True,298800,0.2988,48700,173200,74200,0,0,0,0,0,,,,none,x509-expired_certificate_0,0,False,241,19,
n10-identities_c1-conc_mech-x509-1backend_security-battery_r30_audit-off_20260824T233608Z,obs_2a0c818a3f7a48c99e432848d5c2fad6,2026-08-24T23:36:44.055617+00:00,x509,expired_certificate,8,1,UAV-EXPIRED,CERTIFICATE_EXPIRED,CERTIFICATE_EXPIRED,True,118300,0.1183,40800,65400,16800,0,0,0,0,0,,,,none,x509-expired_certificate_0,0,False,241,19,
n10-identities_c1-conc_mech-x509-1backend_security-battery_r30_audit-off_20260824T233608Z,obs_d9123cc63f794da5a7d188b383634beb,2026-08-24T23:36:44.060687+00:00,x509,expired_certificate,9,1,UAV-EXPIRED,CERTIFICATE_EXPIRED,CERTIFICATE_EXPIRED,True,139300,0.1393,31200,79700,21300,0,0,0,0,0,,,,none,x509-expired_certificate_0,0,False,240,19,
n10-identities_c1-conc_mech-x509-1backend_security-battery_r30_audit-off_20260824T233608Z,obs_7ec36a33578e42929cfb63a6e3d3e3da,2026-08-24T23:36:44.068815+00:00,x509,expired_certificate,10,1,UAV-EXPIRED,CERTIFICATE_EXPIRED,CERTIFICATE_EXPIRED,True,147400,0.1474,55600,85000,19500,0,0,0,0,0,,,,none,x509-expired_certificate_0,0,False,240,19,
n10-identities_c1-conc_mech-x509-1backend_security-battery_r30_audit-off_20260824T233608Z,obs_f45e49cf1c914bbab222445ea89909ba,2026-08-24T23:36:44.074096+00:00,x509,expired_certificate,11,1,UAV-EXPIRED,CERTIFICATE_EXPIRED,CERTIFICATE_EXPIRED,True,115800,0.1158,40300,62500,17200,0,0,0,0,0,,,,none,x509-expired_certificate_0,0,False,241,19,
n10-identities_c1-conc_mech-x509-1backend_security-battery_r30_audit-off_20260824T233608Z,obs_145a8a420a8848119a1cfb4da03f2681,2026-08-24T23:36:44.080581+00:00,x509,expired_certificate,12,1,UAV-EXPIRED,CERTIFICATE_EXPIRED,CERTIFICATE_EXPIRED,True,338800,0.3388,51000,160500,113600,0,0,0,0,0,,,,none,x509-expired_certificate_0,0,False,242,19,
n10-identities_c1-conc_mech-x509-1backend_security-battery_r30_audit-off_20260824T233608Z,obs_cb9f6277b94e42b0aee3277a2b94063c,2026-08-24T23:36:44.086627+00:00,x509,expired_certificate,13,1,UAV-EXPIRED,CERTIFICATE_EXPIRED,CERTIFICATE_EXPIRED,True,100800,0.1008,32100,57700,15400,0,0,0,0,0,,,,none,x509-expired_certificate_0,0,False,241,19,
n10-identities_c1-conc_mech-x509-1backend_security-battery_r30_audit-off_20260824T233608Z,obs_bf730fef363942a98de088b1fdb42992,2026-08-24T23:36:44.090953+00:00,x509,expired_certificate,14,1,UAV-EXPIRED,CERTIFICATE_EXPIRED,CERTIFICATE_EXPIRED,True,88100,0.0881,26600,51000,12400,0,0,0,0,0,,,,none,x509-expired_certificate_0,0,False,241,19,
n10-identities_c1-conc_mech-x509-1backend_security-battery_r30_audit-off_20260824T233608Z,obs_698a3c77291748bba21ec01c714cf9dd,2026-08-24T23:36:44.097937+00:00,x509,expired_certificate,15,1,UAV-EXPIRED,CERTIFICATE_EXPIRED,CERTIFICATE_EXPIRED,True,193500,0.1935,60600,117500,22100,0,0,0,0,0,,,,none,x509-expired_certificate_0,0,False,242,19,
n10-identities_c1-conc_mech-x509-1backend_security-battery_r30_audit-off_20260824T233608Z,obs_336c27c9646d450bb9384e59c9bd2e0e,2026-08-24T23:36:44.124801+00:00,x509,expired_certificate,16,1,UAV-EXPIRED,CERTIFICATE_EXPIRED,CERTIFICATE_EXPIRED,True,137100,0.1371,42400,64600,39400,0,0,0,0,0,,,,none,x509-expired_certificate_0,0,False,240,19,
n10-identities_c1-conc_mech-x509-1backend_security-battery_r30_audit-off_20260824T233608Z,obs_372db5577ad040d49cecf4962a845fac,2026-08-24T23:36:44.132013+00:00,x509,expired_certificate,17,1,UAV-EXPIRED,CERTIFICATE_EXPIRED,CERTIFICATE_EXPIRED,True,183600,0.1836,49500,97200,19100,0,0,0,0,0,,,,none,x509-expired_certificate_0,0,False,240,19,
n10-identities_c1-conc_mech-x509-1backend_security-battery_r30_audit-off_20260824T233608Z,obs_2bd0d1f3020b493d9c6688d6ac780c9f,2026-08-24T23:36:44.139461+00:00,x509,expired_certificate,18,1,UAV-EXPIRED,CERTIFICATE_EXPIRED,CERTIFICATE_EXPIRED,True,194600,0.1946,47700,120400,24700,0,0,0,0,0,,,,none,x509-expired_certificate_0,0,False,241,19,
n10-identities_c1-conc_mech-x509-1backend_security-battery_r30_audit-off_20260824T233608Z,obs_106f84305d6d497eb97432d19a197923,2026-08-24T23:36:44.147423+00:00,x509,expired_certificate,19,1,UAV-EXPIRED,CERTIFICATE_EXPIRED,CERTIFICATE_EXPIRED,True,191600,0.1916,68100,108600,26200,0,0,0,0,0,,,,none,x509-expired_certificate_0,0,False,240,19,
n10-identities_c1-conc_mech-x509-1backend_security-battery_r30_audit-off_20260824T233608Z,obs_bd1913b52750403b97bc695311a120ef,2026-08-24T23:36:44.155997+00:00,x509,expired_certificate,20,1,UAV-EXPIRED,CERTIFICATE_EXPIRED,CERTIFICATE_EXPIRED,True,147300,0.1473,134800,84400,20600,0,0,0,0,0,,,,none,x509-expired_certificate_0,0,False,241,19,
n10-identities_c1-conc_mech-x509-1backend_security-battery_r30_audit-off_20260824T233608Z,obs_3651b8db50a943519888af0dcc642266,2026-08-24T23:36:44.163807+00:00,x509,expired_certificate,21,1,UAV-EXPIRED,CERTIFICATE_EXPIRED,CERTIFICATE_EXPIRED,True,182100,0.1821,33600,101800,25700,0,0,0,0,0,,,,none,x509-expired_certificate_0,0,False,242,19,
n10-identities_c1-conc_mech-x509-1backend_security-battery_r30_audit-off_20260824T233608Z,obs_0738853fd9f04605afdf8ee044b8c2f5,2026-08-24T23:36:44.170598+00:00,x509,expired_certificate,22,1,UAV-EXPIRED,CERTIFICATE_EXPIRED,CERTIFICATE_EXPIRED,True,105500,0.1055,33500,58500,15100,0,0,0,0,0,,,,none,x509-expired_certificate_0,0,False,240,19,
n10-identities_c1-conc_mech-x509-1backend_security-battery_r30_audit-off_20260824T233608Z,obs_81a26c74a4be4104a8cb0d8e692f0d79,2026-08-24T23:36:44.176638+00:00,x509,expired_certificate,23,1,UAV-EXPIRED,CERTIFICATE_EXPIRED,CERTIFICATE_EXPIRED,True,121800,0.1218,37000,62000,17300,0,0,0,0,0,,,,none,x509-expired_certificate_0,0,False,241,19,
n10-identities_c1-conc_mech-x509-1backend_security-battery_r30_audit-off_20260824T233608Z,obs_f392aa3d3d0a4266949a973e57c56eca,2026-08-24T23:36:44.182657+00:00,x509,expired_certificate,24,1,UAV-EXPIRED,CERTIFICATE_EXPIRED,CERTIFICATE_EXPIRED,True,158900,0.1589,48800,90700,21700,0,0,0,0,0,,,,none,x509-expired_certificate_0,0,False,241,19,
n10-identities_c1-conc_mech-x509-1backend_security-battery_r30_audit-off_20260824T233608Z,obs_69601aefdb5a4280ad4dc3f37ff28a4a,2026-08-24T23:36:44.187575+00:00,x509,expired_certificate,25,1,UAV-EXPIRED,CERTIFICATE_EXPIRED,CERTIFICATE_EXPIRED,True,111200,0.1112,34900,60500,18100,0,0,0,0,0,,,,none,x509-expired_certificate_0,0,False,241,19,
n10-identities_c1-conc_mech-x509-1backend_security-battery_r30_audit-off_20260824T233608Z,obs_850ff24c7e504beaa662de5126f9e5f3,2026-08-24T23:36:44.193770+00:00,x509,expired_certificate,26,1,UAV-EXPIRED,CERTIFICATE_EXPIRED,CERTIFICATE_EXPIRED,True,118000,0.118,38100,65800,16700,0,0,0,0,0,,,,none,x509-expired_certificate_0,0,False,241,19,
n10-identities_c1-conc_mech-x509-1backend_security-battery_r30_audit-off_20260824T233608Z,obs_17d1346ddd8f47dc9bc417d75de7143a,2026-08-24T23:36:44.200145+00:00,x509,expired_certificate,27,1,UAV-EXPIRED,CERTIFICATE_EXPIRED,CERTIFICATE_EXPIRED,True,170100,0.1701,53300,97300,22800,0,0,0,0,0,,,,none,x509-expired_certificate_0,0,False,242,19,
n10-identities_c1-conc_mech-x509-1backend_security-battery_r30_audit-off_20260824T233608Z,obs_1a5efd43278743dd80e42fd2b5718e66,2026-08-24T23:36:44.207632+00:00,x509,expired_certificate,28,1,UAV-EXPIRED,CERTIFICATE_EXPIRED,CERTIFICATE_EXPIRED,True,156400,0.1564,40500,88000,21700,0,0,0,0,0,,,,none,x509-expired_certificate_0,0,False,241,19,
n10-identities_c1-conc_mech-x509-1backend_security-battery_r30_audit-off_20260824T233608Z,obs_758c84d0c713408fac4f04c88b374bf6,2026-08-24T23:36:44.213743+00:00,x509,expired_certificate,29,1,UAV-EXPIRED,CERTIFICATE_EXPIRED,CERTIFICATE_EXPIRED,True,180200,0.1802,47300,103100,24700,0,0,0,0,0,,,,none,x509-expired_certificate_0,0,False,240,19,
n10-identities_c1-conc_mech-x509-1backend_security-battery_r30_audit-off_20260824T233608Z,obs_abe2c2b8e8f044db9e21f6159d4ff317,2026-08-24T23:36:44.269514+00:00,x509,untrusted_issuer,0,1,UAV-UNTRUSTED,UNTRUSTED_ISSUER,UNTRUSTED_ISSUER,True,777100,0.7771,55900,109000,616200,0,0,0,0,0,,,,none,x509-untrusted_issuer_0,0,True,242,16,
n10-identities_c1-conc_mech-x509-1backend_security-battery_r30_audit-off_20260824T233608Z,obs_9dc657041ea64b89b4cca6f6de82b61f,2026-08-24T23:36:44.276757+00:00,x509,untrusted_issuer,1,1,UAV-UNTRUSTED,UNTRUSTED_ISSUER,UNTRUSTED_ISSUER,True,737000,0.737,46900,92700,590200,0,0,0,0,0,,,,none,x509-untrusted_issuer_0,0,True,243,16,
n10-identities_c1-conc_mech-x509-1backend_security-battery_r30_audit-off_20260824T233608Z,obs_776c328b3adf4173bbbd4a1603af09db,2026-08-24T23:36:44.285080+00:00,x509,untrusted_issuer,0,1,UAV-UNTRUSTED,UNTRUSTED_ISSUER,UNTRUSTED_ISSUER,True,775400,0.7754,53900,87700,639400,0,0,0,0,0,,,,none,x509-untrusted_issuer_0,0,False,243,16,
n10-identities_c1-conc_mech-x509-1backend_security-battery_r30_audit-off_20260824T233608Z,obs_20bddcff1f82421782e50efc36723ada,2026-08-24T23:36:44.292242+00:00,x509,untrusted_issuer,1,1,UAV-UNTRUSTED,UNTRUSTED_ISSUER,UNTRUSTED_ISSUER,True,804800,0.8048,37200,63600,707300,0,0,0,0,0,,,,none,x509-untrusted_issuer_0,0,False,242,16,
n10-identities_c1-conc_mech-x509-1backend_security-battery_r30_audit-off_20260824T233608Z,obs_9871e82b435f4a1dbbec41bd69079819,2026-08-24T23:36:44.301004+00:00,x509,untrusted_issuer,2,1,UAV-UNTRUSTED,UNTRUSTED_ISSUER,UNTRUSTED_ISSUER,True,1344900,1.3449,53800,127100,1149500,0,0,0,0,0,,,,none,x509-untrusted_issuer_0,0,False,244,16,
n10-identities_c1-conc_mech-x509-1backend_security-battery_r30_audit-off_20260824T233608Z,obs_81c611c519b1422d9de57c7c59a88c19,2026-08-24T23:36:44.307351+00:00,x509,untrusted_issuer,3,1,UAV-UNTRUSTED,UNTRUSTED_ISSUER,UNTRUSTED_ISSUER,True,517500,0.5175,39600,60500,422200,0,0,0,0,0,,,,none,x509-untrusted_issuer_0,0,False,242,16,
n10-identities_c1-conc_mech-x509-1backend_security-battery_r30_audit-off_20260824T233608Z,obs_ef07da58940e4ec69875715decc744f8,2026-08-24T23:36:44.314116+00:00,x509,untrusted_issuer,4,1,UAV-UNTRUSTED,UNTRUSTED_ISSUER,UNTRUSTED_ISSUER,True,1183000,1.183,36500,107600,958500,0,0,0,0,0,,,,none,x509-untrusted_issuer_0,0,False,244,16,
n10-identities_c1-conc_mech-x509-1backend_security-battery_r30_audit-off_20260824T233608Z,obs_56473372a6814d01817595ef85395bbf,2026-08-24T23:36:44.321469+00:00,x509,untrusted_issuer,5,1,UAV-UNTRUSTED,UNTRUSTED_ISSUER,UNTRUSTED_ISSUER,True,865900,0.8659,40200,84800,734500,0,0,0,0,0,,,,none,x509-untrusted_issuer_0,0,False,243,16,
n10-identities_c1-conc_mech-x509-1backend_security-battery_r30_audit-off_20260824T233608Z,obs_b71128dd9f1e498e864b21edb6cc228b,2026-08-24T23:36:44.327859+00:00,x509,untrusted_issuer,6,1,UAV-UNTRUSTED,UNTRUSTED_ISSUER,UNTRUSTED_ISSUER,True,610900,0.6109,35400,71700,496500,0,0,0,0,0,,,,none,x509-untrusted_issuer_0,0,False,242,16,
n10-identities_c1-conc_mech-x509-1backend_security-battery_r30_audit-off_20260824T233608Z,obs_75a28b38883042638eb71ce9412e60f0,2026-08-24T23:36:44.335784+00:00,x509,untrusted_issuer,7,1,UAV-UNTRUSTED,UNTRUSTED_ISSUER,UNTRUSTED_ISSUER,True,719100,0.7191,43000,87100,580500,0,0,0,0,0,,,,none,x509-untrusted_issuer_0,0,False,242,16,
n10-identities_c1-conc_mech-x509-1backend_security-battery_r30_audit-off_20260824T233608Z,obs_ba03c3741f8e453583f546dad5cc1b32,2026-08-24T23:36:44.342468+00:00,x509,untrusted_issuer,8,1,UAV-UNTRUSTED,UNTRUSTED_ISSUER,UNTRUSTED_ISSUER,True,612200,0.6122,34900,84200,481800,0,0,0,0,0,,,,none,x509-untrusted_issuer_0,0,False,244,16,
n10-identities_c1-conc_mech-x509-1backend_security-battery_r30_audit-off_20260824T233608Z,obs_38b6eb87c20746fe96a6e9cfeb9e1395,2026-08-24T23:36:44.350595+00:00,x509,untrusted_issuer,9,1,UAV-UNTRUSTED,UNTRUSTED_ISSUER,UNTRUSTED_ISSUER,True,997400,0.9974,45000,88900,852600,0,0,0,0,0,,,,none,x509-untrusted_issuer_0,0,False,244,16,
n10-identities_c1-conc_mech-x509-1backend_security-battery_r30_audit-off_20260824T233608Z,obs_d3c60ba5a931435d8c411f87b1030e4a,2026-08-24T23:36:44.357282+00:00,x509,untrusted_issuer,10,1,UAV-UNTRUSTED,UNTRUSTED_ISSUER,UNTRUSTED_ISSUER,True,643600,0.6436,41400,82200,512500,0,0,0,0,0,,,,none,x509-untrusted_issuer_0,0,False,242,16,
n10-identities_c1-conc_mech-x509-1backend_security-battery_r30_audit-off_20260824T233608Z,obs_3de01d58028f4cbab0d0068a5e00c7d7,2026-08-24T23:36:44.364113+00:00,x509,untrusted_issuer,11,1,UAV-UNTRUSTED,UNTRUSTED_ISSUER,UNTRUSTED_ISSUER,True,762800,0.7628,44500,84800,622400,0,0,0,0,0,,,,none,x509-untrusted_issuer_0,0,False,243,16,
n10-identities_c1-conc_mech-x509-1backend_security-battery_r30_audit-off_20260824T233608Z,obs_80dfa489bdcf4a93b9b4f9ee540b9caf,2026-08-24T23:36:44.370721+00:00,x509,untrusted_issuer,12,1,UAV-UNTRUSTED,UNTRUSTED_ISSUER,UNTRUSTED_ISSUER,True,802900,0.8029,43500,58500,711300,0,0,0,0,0,,,,none,x509-untrusted_issuer_0,0,False,243,16,
n10-identities_c1-conc_mech-x509-1backend_security-battery_r30_audit-off_20260824T233608Z,obs_f22d15e897934b2f8ffc5e912e9e0a10,2026-08-24T23:36:44.377920+00:00,x509,untrusted_issuer,13,1,UAV-UNTRUSTED,UNTRUSTED_ISSUER,UNTRUSTED_ISSUER,True,776000,0.776,47300,95700,626300,0,0,0,0,0,,,,none,x509-untrusted_issuer_0,0,False,244,16,
n10-identities_c1-conc_mech-x509-1backend_security-battery_r30_audit-off_20260824T233608Z,obs_0d50cc69a01b4bd3a22f5180a5b59b06,2026-08-24T23:36:44.386020+00:00,x509,untrusted_issuer,14,1,UAV-UNTRUSTED,UNTRUSTED_ISSUER,UNTRUSTED_ISSUER,True,803400,0.8034,47200,91600,659300,0,0,0,0,0,,,,none,x509-untrusted_issuer_0,0,False,243,16,
n10-identities_c1-conc_mech-x509-1backend_security-battery_r30_audit-off_20260824T233608Z,obs_6fa23128de354dabbf0b6118613503c8,2026-08-24T23:36:44.393304+00:00,x509,untrusted_issuer,15,1,UAV-UNTRUSTED,UNTRUSTED_ISSUER,UNTRUSTED_ISSUER,True,922400,0.9224,38200,83300,783300,0,0,0,0,0,,,,none,x509-untrusted_issuer_0,0,False,243,16,
n10-identities_c1-conc_mech-x509-1backend_security-battery_r30_audit-off_20260824T233608Z,obs_50f100dee0df4bb384ee092726b8fe95,2026-08-24T23:36:44.401463+00:00,x509,untrusted_issuer,16,1,UAV-UNTRUSTED,UNTRUSTED_ISSUER,UNTRUSTED_ISSUER,True,976400,0.9764,56100,90900,831300,0,0,0,0,0,,,,none,x509-untrusted_issuer_0,0,False,242,16,
n10-identities_c1-conc_mech-x509-1backend_security-battery_r30_audit-off_20260824T233608Z,obs_213a4f38f1eb44a9b3da5fc4d6ca044e,2026-08-24T23:36:44.408154+00:00,x509,untrusted_issuer,17,1,UAV-UNTRUSTED,UNTRUSTED_ISSUER,UNTRUSTED_ISSUER,True,669200,0.6692,41200,82500,538700,0,0,0,0,0,,,,none,x509-untrusted_issuer_0,0,False,243,16,
n10-identities_c1-conc_mech-x509-1backend_security-battery_r30_audit-off_20260824T233608Z,obs_9e527a2eef5748d4a8139ea8049488b1,2026-08-24T23:36:44.415466+00:00,x509,untrusted_issuer,18,1,UAV-UNTRUSTED,UNTRUSTED_ISSUER,UNTRUSTED_ISSUER,True,768300,0.7683,48800,94300,621300,0,0,0,0,0,,,,none,x509-untrusted_issuer_0,0,False,242,16,
n10-identities_c1-conc_mech-x509-1backend_security-battery_r30_audit-off_20260824T233608Z,obs_41dc6942e68c45c0b1e4a648555702b6,2026-08-24T23:36:44.423699+00:00,x509,untrusted_issuer,19,1,UAV-UNTRUSTED,UNTRUSTED_ISSUER,UNTRUSTED_ISSUER,True,1051500,1.0515,55800,83600,915600,0,0,0,0,0,,,,none,x509-untrusted_issuer_0,0,False,244,16,
n10-identities_c1-conc_mech-x509-1backend_security-battery_r30_audit-off_20260824T233608Z,obs_f1074f3db6d54237b35cd170b35b2195,2026-08-24T23:36:44.432595+00:00,x509,untrusted_issuer,20,1,UAV-UNTRUSTED,UNTRUSTED_ISSUER,UNTRUSTED_ISSUER,True,1174900,1.1749,58900,105900,1001000,0,0,0,0,0,,,,none,x509-untrusted_issuer_0,0,False,243,16,
n10-identities_c1-conc_mech-x509-1backend_security-battery_r30_audit-off_20260824T233608Z,obs_814fdc0c48c64b5ebc5c9848e7f28d70,2026-08-24T23:36:44.441280+00:00,x509,untrusted_issuer,21,1,UAV-UNTRUSTED,UNTRUSTED_ISSUER,UNTRUSTED_ISSUER,True,833900,0.8339,52700,94400,685400,0,0,0,0,0,,,,none,x509-untrusted_issuer_0,0,False,243,16,
n10-identities_c1-conc_mech-x509-1backend_security-battery_r30_audit-off_20260824T233608Z,obs_ca71d31fff7f435f9fd4dc2a76a0219e,2026-08-24T23:36:44.448430+00:00,x509,untrusted_issuer,22,1,UAV-UNTRUSTED,UNTRUSTED_ISSUER,UNTRUSTED_ISSUER,True,800600,0.8006,50500,88700,659000,0,0,0,0,0,,,,none,x509-untrusted_issuer_0,0,False,243,16,
n10-identities_c1-conc_mech-x509-1backend_security-battery_r30_audit-off_20260824T233608Z,obs_daadc10564564f6ab58be2caefb3589d,2026-08-24T23:36:44.455265+00:00,x509,untrusted_issuer,23,1,UAV-UNTRUSTED,UNTRUSTED_ISSUER,UNTRUSTED_ISSUER,True,745000,0.745,42000,88600,609400,0,0,0,0,0,,,,none,x509-untrusted_issuer_0,0,False,243,16,
n10-identities_c1-conc_mech-x509-1backend_security-battery_r30_audit-off_20260824T233608Z,obs_e2ffd5028ca74611a21e1fddd8505c1e,2026-08-24T23:36:44.463183+00:00,x509,untrusted_issuer,24,1,UAV-UNTRUSTED,UNTRUSTED_ISSUER,UNTRUSTED_ISSUER,True,1279300,1.2793,49500,98300,1119800,0,0,0,0,0,,,,none,x509-untrusted_issuer_0,0,False,242,16,
n10-identities_c1-conc_mech-x509-1backend_security-battery_r30_audit-off_20260824T233608Z,obs_c43b7cfe49ff449fb5247ee853966a9a,2026-08-24T23:36:44.470465+00:00,x509,untrusted_issuer,25,1,UAV-UNTRUSTED,UNTRUSTED_ISSUER,UNTRUSTED_ISSUER,True,702400,0.7024,44500,89300,568900,0,0,0,0,0,,,,none,x509-untrusted_issuer_0,0,False,244,16,
n10-identities_c1-conc_mech-x509-1backend_security-battery_r30_audit-off_20260824T233608Z,obs_f5ecc7898b0f494ba959f61afc000d16,2026-08-24T23:36:44.477027+00:00,x509,untrusted_issuer,26,1,UAV-UNTRUSTED,UNTRUSTED_ISSUER,UNTRUSTED_ISSUER,True,721800,0.7218,39300,73500,606400,0,0,0,0,0,,,,none,x509-untrusted_issuer_0,0,False,243,16,
n10-identities_c1-conc_mech-x509-1backend_security-battery_r30_audit-off_20260824T233608Z,obs_b9623425638e47f9b5484ef80faf97f7,2026-08-24T23:36:44.485350+00:00,x509,untrusted_issuer,27,1,UAV-UNTRUSTED,UNTRUSTED_ISSUER,UNTRUSTED_ISSUER,True,986300,0.9863,48700,90500,829900,0,0,0,0,0,,,,none,x509-untrusted_issuer_0,0,False,242,16,
n10-identities_c1-conc_mech-x509-1backend_security-battery_r30_audit-off_20260824T233608Z,obs_f363e91928434688b2cc84a3db4faa65,2026-08-24T23:36:44.491910+00:00,x509,untrusted_issuer,28,1,UAV-UNTRUSTED,UNTRUSTED_ISSUER,UNTRUSTED_ISSUER,True,602100,0.6021,41300,60700,501200,0,0,0,0,0,,,,none,x509-untrusted_issuer_0,0,False,243,16,
n10-identities_c1-conc_mech-x509-1backend_security-battery_r30_audit-off_20260824T233608Z,obs_6075c6a2074a4257ba12822d308732c3,2026-08-24T23:36:44.499397+00:00,x509,untrusted_issuer,29,1,UAV-UNTRUSTED,UNTRUSTED_ISSUER,UNTRUSTED_ISSUER,True,905000,0.905,51500,88900,763700,0,0,0,0,0,,,,none,x509-untrusted_issuer_0,0,False,244,16,
n10-identities_c1-conc_mech-blockchain-1backend_security-battery_r30_audit-off_20260824T233645Z,obs_d6c63197abf64dc0b10c7f143ba73e18,2026-08-24T23:36:55.056571+00:00,blockchain,valid_active,0,1,UAV-VALID,ACCEPTED,ACCEPTED,True,43546800,43.5468,235700,43154600,0,7400,232500,6300,0,0,,,,none,blockchain-valid_active_0,0,True,238,8,
n10-identities_c1-conc_mech-blockchain-1backend_security-battery_r30_audit-off_20260824T233645Z,obs_84ec9693b9284708b0e702de833afba7,2026-08-24T23:36:55.086682+00:00,blockchain,valid_active,1,1,UAV-VALID,ACCEPTED,ACCEPTED,True,21814700,21.8147,54100,21414600,0,6400,228000,7000,0,0,,,,none,blockchain-valid_active_0,0,True,239,8,
n10-identities_c1-conc_mech-blockchain-1backend_security-battery_r30_audit-off_20260824T233645Z,obs_777eca55f8b84b6ba194b80c9bda658f,2026-08-24T23:36:55.116469+00:00,blockchain,valid_active,0,1,UAV-VALID,ACCEPTED,ACCEPTED,True,22647900,22.6479,64500,22259200,0,4800,233300,7000,0,0,,,,none,blockchain-valid_active_0,0,False,238,8,
n10-identities_c1-conc_mech-blockchain-1backend_security-battery_r30_audit-off_20260824T233645Z,obs_94124f6f943649499ea93181821115d1,2026-08-24T23:36:55.151588+00:00,blockchain,valid_active,1,1,UAV-VALID,ACCEPTED,ACCEPTED,True,27501000,27.501,61600,27106200,0,4800,230500,6200,0,0,,,,none,blockchain-valid_active_0,0,False,239,8,
n10-identities_c1-conc_mech-blockchain-1backend_security-battery_r30_audit-off_20260824T233645Z,obs_58d83f249d574ccdb2946a94f3109ec5,2026-08-24T23:36:55.184246+00:00,blockchain,valid_active,2,1,UAV-VALID,ACCEPTED,ACCEPTED,True,22545500,22.5455,56400,22174000,0,3300,235500,5400,0,0,,,,none,blockchain-valid_active_0,0,False,240,8,
n10-identities_c1-conc_mech-blockchain-1backend_security-battery_r30_audit-off_20260824T233645Z,obs_a79d38d5c11a41d987268ee83261939b,2026-08-24T23:36:55.215867+00:00,blockchain,valid_active,3,1,UAV-VALID,ACCEPTED,ACCEPTED,True,25151600,25.1516,49000,24728400,0,6100,245600,8000,0,0,,,,none,blockchain-valid_active_0,0,False,239,8,
n10-identities_c1-conc_mech-blockchain-1backend_security-battery_r30_audit-off_20260824T233645Z,obs_cfa0db9efe784a89a648872a837527e4,2026-08-24T23:36:55.246262+00:00,blockchain,valid_active,4,1,UAV-VALID,ACCEPTED,ACCEPTED,True,21613300,21.6133,49300,21252900,0,4500,221200,7300,0,0,,,,none,blockchain-valid_active_0,0,False,239,8,
n10-identities_c1-conc_mech-blockchain-1backend_security-battery_r30_audit-off_20260824T233645Z,obs_e2db10ae25c74ece8c220005bd8ee053,2026-08-24T23:36:55.276112+00:00,blockchain,valid_active,5,1,UAV-VALID,ACCEPTED,ACCEPTED,True,22769200,22.7692,58000,22116200,0,3700,488400,9300,0,0,,,,none,blockchain-valid_active_0,0,False,240,8,
n10-identities_c1-conc_mech-blockchain-1backend_security-battery_r30_audit-off_20260824T233645Z,obs_5e29d218a93b49e9ba61bda6d22dc7e0,2026-08-24T23:36:55.316011+00:00,blockchain,valid_active,6,1,UAV-VALID,ACCEPTED,ACCEPTED,True,28858600,28.8586,50300,28316900,0,4000,288600,9100,0,0,,,,none,blockchain-valid_active_0,0,False,239,8,
n10-identities_c1-conc_mech-blockchain-1backend_security-battery_r30_audit-off_20260824T233645Z,obs_f5948162666d4d05ab72acca21b623ed,2026-08-24T23:36:55.354364+00:00,blockchain,valid_active,7,1,UAV-VALID,ACCEPTED,ACCEPTED,True,29232900,29.2329,57900,28755100,0,6100,281200,6800,0,0,,,,none,blockchain-valid_active_0,0,False,239,8,
n10-identities_c1-conc_mech-blockchain-1backend_security-battery_r30_audit-off_20260824T233645Z,obs_5e0605f185d24149bb9cae4255b21598,2026-08-24T23:36:55.391969+00:00,blockchain,valid_active,8,1,UAV-VALID,ACCEPTED,ACCEPTED,True,28943200,28.9432,87700,28542200,0,4400,245000,6300,0,0,,,,none,blockchain-valid_active_0,0,False,238,8,
n10-identities_c1-conc_mech-blockchain-1backend_security-battery_r30_audit-off_20260824T233645Z,obs_509096806b9a412899a7119e624e4baf,2026-08-24T23:36:55.422617+00:00,blockchain,valid_active,9,1,UAV-VALID,ACCEPTED,ACCEPTED,True,22645000,22.645,76500,22270000,0,4100,218100,5800,0,0,,,,none,blockchain-valid_active_0,0,False,239,8,
n10-identities_c1-conc_mech-blockchain-1backend_security-battery_r30_audit-off_20260824T233645Z,obs_902533785a21437da1f5c207bdd4c346,2026-08-24T23:36:55.456464+00:00,blockchain,valid_active,10,1,UAV-VALID,ACCEPTED,ACCEPTED,True,25702400,25.7024,57600,25323200,0,4300,226600,6700,0,0,,,,none,blockchain-valid_active_0,0,False,238,8,
n10-identities_c1-conc_mech-blockchain-1backend_security-battery_r30_audit-off_20260824T233645Z,obs_f1fa9d016a07425497ee2316660fd410,2026-08-24T23:36:55.560338+00:00,blockchain,valid_active,11,1,UAV-VALID,ACCEPTED,ACCEPTED,True,94044100,94.0441,59300,93604300,0,5500,251600,7700,0,0,,,,none,blockchain-valid_active_0,0,False,239,8,
n10-identities_c1-conc_mech-blockchain-1backend_security-battery_r30_audit-off_20260824T233645Z,obs_d8a97ce163fb4392aa807a0de0e86e96,2026-08-24T23:36:55.608811+00:00,blockchain,valid_active,12,1,UAV-VALID,ACCEPTED,ACCEPTED,True,35557600,35.5576,77200,35111100,0,6000,274800,7500,0,0,,,,none,blockchain-valid_active_0,0,False,239,8,
n10-identities_c1-conc_mech-blockchain-1backend_security-battery_r30_audit-off_20260824T233645Z,obs_5f120004349b4e0d8f3e3e1180987ee5,2026-08-24T23:36:55.665830+00:00,blockchain,valid_active,13,1,UAV-VALID,ACCEPTED,ACCEPTED,True,44850900,44.8509,69000,44426800,0,4000,242500,5700,0,0,,,,none,blockchain-valid_active_0,0,False,240,8,
n10-identities_c1-conc_mech-blockchain-1backend_security-battery_r30_audit-off_20260824T233645Z,obs_2cc247ffbe904ad38324231f8484fa11,2026-08-24T23:36:55.724618+00:00,blockchain,valid_active,14,1,UAV-VALID,ACCEPTED,ACCEPTED,True,48606400,48.6064,56800,48189300,0,5400,238100,5200,0,0,,,,none,blockchain-valid_active_0,0,False,240,8,
n10-identities_c1-conc_mech-blockchain-1backend_security-battery_r30_audit-off_20260824T233645Z,obs_eed9da18fb7b4a58a6a61958a5740219,2026-08-24T23:36:55.768492+00:00,blockchain,valid_active,15,1,UAV-VALID,ACCEPTED,ACCEPTED,True,34829700,34.8297,60400,34102500,0,3800,554400,9800,0,0,,,,none,blockchain-valid_active_0,0,False,240,8,
n10-identities_c1-conc_mech-blockchain-1backend_security-battery_r30_audit-off_20260824T233645Z,obs_cf23f9b2e19546309126c35308919fb8,2026-08-24T23:36:55.804637+00:00,blockchain,valid_active,16,1,UAV-VALID,ACCEPTED,ACCEPTED,True,27677200,27.6772,679400,26670400,0,56000,321900,7800,0,0,,,,none,blockchain-valid_active_0,0,False,238,8,
n10-identities_c1-conc_mech-blockchain-1backend_security-battery_r30_audit-off_20260824T233645Z,obs_731756fd589244d9917a51a6ea26d693,2026-08-24T23:36:55.839124+00:00,blockchain,valid_active,17,1,UAV-VALID,ACCEPTED,ACCEPTED,True,25856600,25.8566,62000,25457300,0,4900,239300,6900,0,0,,,,none,blockchain-valid_active_0,0,False,239,8,
n10-identities_c1-conc_mech-blockchain-1backend_security-battery_r30_audit-off_20260824T233645Z,obs_86268f84849542a89e674034fd44a23c,2026-08-24T23:36:55.867930+00:00,blockchain,valid_active,18,1,UAV-VALID,ACCEPTED,ACCEPTED,True,20370900,20.3709,71800,20047500,0,2400,192500,5500,0,0,,,,none,blockchain-valid_active_0,0,False,240,8,
n10-identities_c1-conc_mech-blockchain-1backend_security-battery_r30_audit-off_20260824T233645Z,obs_f0c1776526244f83aede8ea24d8d5f37,2026-08-24T23:36:55.892434+00:00,blockchain,valid_active,19,1,UAV-VALID,ACCEPTED,ACCEPTED,True,18076100,18.0761,53300,17519100,0,2900,279400,13700,0,0,,,,none,blockchain-valid_active_0,0,False,240,8,
n10-identities_c1-conc_mech-blockchain-1backend_security-battery_r30_audit-off_20260824T233645Z,obs_5b44b776f13d4b6780a7f4ac8bec142d,2026-08-24T23:36:55.920791+00:00,blockchain,valid_active,20,1,UAV-VALID,ACCEPTED,ACCEPTED,True,20898200,20.8982,56300,20530800,0,3200,223300,5900,0,0,,,,none,blockchain-valid_active_0,0,False,239,8,
n10-identities_c1-conc_mech-blockchain-1backend_security-battery_r30_audit-off_20260824T233645Z,obs_750d49cedc064912bd21d5177a85120a,2026-08-24T23:36:55.946713+00:00,blockchain,valid_active,21,1,UAV-VALID,ACCEPTED,ACCEPTED,True,17140400,17.1404,68300,16738700,0,4400,248100,7700,0,0,,,,none,blockchain-valid_active_0,0,False,239,8,
n10-identities_c1-conc_mech-blockchain-1backend_security-battery_r30_audit-off_20260824T233645Z,obs_f8f521f0e0b646838bc50b2e7ea1d92c,2026-08-24T23:36:55.971289+00:00,blockchain,valid_active,22,1,UAV-VALID,ACCEPTED,ACCEPTED,True,18652000,18.652,47200,18275800,0,4600,230400,8100,0,0,,,,none,blockchain-valid_active_0,0,False,239,8,
n10-identities_c1-conc_mech-blockchain-1backend_security-battery_r30_audit-off_20260824T233645Z,obs_5c21a449b20242c88d6c2907aef0bb89,2026-08-24T23:36:55.996481+00:00,blockchain,valid_active,23,1,UAV-VALID,ACCEPTED,ACCEPTED,True,18315500,18.3155,91800,17941900,0,3000,172300,4000,0,0,,,,none,blockchain-valid_active_0,0,False,238,8,
n10-identities_c1-conc_mech-blockchain-1backend_security-battery_r30_audit-off_20260824T233645Z,obs_c3c6ccc823484b4d8a571e1e55128b2e,2026-08-24T23:36:56.020469+00:00,blockchain,valid_active,24,1,UAV-VALID,ACCEPTED,ACCEPTED,True,18080700,18.0807,38100,17811400,0,2700,159400,4300,0,0,,,,none,blockchain-valid_active_0,0,False,239,8,
n10-identities_c1-conc_mech-blockchain-1backend_security-battery_r30_audit-off_20260824T233645Z,obs_4ac4e55371fd4932a854b4f09429fcb4,2026-08-24T23:36:56.068170+00:00,blockchain,valid_active,25,1,UAV-VALID,ACCEPTED,ACCEPTED,True,42755400,42.7554,34300,42324000,0,3400,214400,5500,0,0,,,,none,blockchain-valid_active_0,0,False,239,8,
n10-identities_c1-conc_mech-blockchain-1backend_security-battery_r30_audit-off_20260824T233645Z,obs_73fdea1ee8324d8da9e1e7184a53ec6b,2026-08-24T23:36:56.090878+00:00,blockchain,valid_active,26,1,UAV-VALID,ACCEPTED,ACCEPTED,True,16800000,16.8,43700,16542200,0,3200,150600,3300,0,0,,,,none,blockchain-valid_active_0,0,False,240,8,
n10-identities_c1-conc_mech-blockchain-1backend_security-battery_r30_audit-off_20260824T233645Z,obs_78c3f7395e334bdeae183e15f9f9fe2f,2026-08-24T23:36:56.114402+00:00,blockchain,valid_active,27,1,UAV-VALID,ACCEPTED,ACCEPTED,True,16339000,16.339,36800,16064400,0,2700,178900,4800,0,0,,,,none,blockchain-valid_active_0,0,False,240,8,
n10-identities_c1-conc_mech-blockchain-1backend_security-battery_r30_audit-off_20260824T233645Z,obs_2ba87c97c5e64db88cea38df5d6d21bd,2026-08-24T23:36:56.135732+00:00,blockchain,valid_active,28,1,UAV-VALID,ACCEPTED,ACCEPTED,True,15165300,15.1653,45700,14912800,0,2200,152800,3500,0,0,,,,none,blockchain-valid_active_0,0,False,239,8,
n10-identities_c1-conc_mech-blockchain-1backend_security-battery_r30_audit-off_20260824T233645Z,obs_8d312b8b0b964002afdd388ee28b6d21,2026-08-24T23:36:56.160184+00:00,blockchain,valid_active,29,1,UAV-VALID,ACCEPTED,ACCEPTED,True,18360300,18.3603,40300,17916900,0,4500,273000,9600,0,0,,,,none,blockchain-valid_active_0,0,False,240,8,
n10-identities_c1-conc_mech-blockchain-1backend_security-battery_r30_audit-off_20260824T233645Z,obs_9e1ff4f834584925b89d156226fb00fe,2026-08-24T23:36:56.195583+00:00,blockchain,unknown_uav,0,1,UAV-NOT-REGISTERED,UNKNOWN_IDENTITY,UNKNOWN_IDENTITY,True,18595900,18.5959,44600,18551100,0,18551100,0,0,0,0,,,,none,blockchain-unknown_uav_0,0,True,248,16,
n10-identities_c1-conc_mech-blockchain-1backend_security-battery_r30_audit-off_20260824T233645Z,obs_e849e6b26afc40828ee38dcb620f3614,2026-08-24T23:36:56.219846+00:00,blockchain,unknown_uav,1,1,UAV-NOT-REGISTERED,UNKNOWN_IDENTITY,UNKNOWN_IDENTITY,True,15640100,15.6401,50600,15606800,0,15606800,0,0,0,0,,,,none,blockchain-unknown_uav_0,0,True,248,16,
n10-identities_c1-conc_mech-blockchain-1backend_security-battery_r30_audit-off_20260824T233645Z,obs_7cd4549a30e04cd0a28f273afb8a7ff8,2026-08-24T23:36:56.244741+00:00,blockchain,unknown_uav,0,1,UAV-NOT-REGISTERED,UNKNOWN_IDENTITY,UNKNOWN_IDENTITY,True,18904200,18.9042,73900,18854000,0,18854000,0,0,0,0,,,,none,blockchain-unknown_uav_0,0,False,249,16,
n10-identities_c1-conc_mech-blockchain-1backend_security-battery_r30_audit-off_20260824T233645Z,obs_797159db5dca4843b3e8cb1e8eaa6ae8,2026-08-24T23:36:56.267647+00:00,blockchain,unknown_uav,1,1,UAV-NOT-REGISTERED,UNKNOWN_IDENTITY,UNKNOWN_IDENTITY,True,17313800,17.3138,46300,17273600,0,17273600,0,0,0,0,,,,none,blockchain-unknown_uav_0,0,False,248,16,
n10-identities_c1-conc_mech-blockchain-1backend_security-battery_r30_audit-off_20260824T233645Z,obs_7386116771fd4ef1a9f977bfcb4f6f2e,2026-08-24T23:36:56.292482+00:00,blockchain,unknown_uav,2,1,UAV-NOT-REGISTERED,UNKNOWN_IDENTITY,UNKNOWN_IDENTITY,True,19348400,19.3484,45900,19303700,0,19303700,0,0,0,0,,,,none,blockchain-unknown_uav_0,0,False,248,16,
n10-identities_c1-conc_mech-blockchain-1backend_security-battery_r30_audit-off_20260824T233645Z,obs_8161811cee6342ed87db5835182b59a1,2026-08-24T23:36:56.321156+00:00,blockchain,unknown_uav,3,1,UAV-NOT-REGISTERED,UNKNOWN_IDENTITY,UNKNOWN_IDENTITY,True,21362000,21.362,67100,21316100,0,21316100,0,0,0,0,,,,none,blockchain-unknown_uav_0,0,False,247,16,
n10-identities_c1-conc_mech-blockchain-1backend_security-battery_r30_audit-off_20260824T233645Z,obs_eafd60b359844113b51d97600a9cdb1b,2026-08-24T23:36:56.347436+00:00,blockchain,unknown_uav,4,1,UAV-NOT-REGISTERED,UNKNOWN_IDENTITY,UNKNOWN_IDENTITY,True,18576800,18.5768,53000,18534100,0,18534100,0,0,0,0,,,,none,blockchain-unknown_uav_0,0,False,248,16,
n10-identities_c1-conc_mech-blockchain-1backend_security-battery_r30_audit-off_20260824T233645Z,obs_bd96821558aa4a09a429b992bd924f91,2026-08-24T23:36:56.373537+00:00,blockchain,unknown_uav,5,1,UAV-NOT-REGISTERED,UNKNOWN_IDENTITY,UNKNOWN_IDENTITY,True,19559200,19.5592,47100,19520000,0,19520000,0,0,0,0,,,,none,blockchain-unknown_uav_0,0,False,247,16,
n10-identities_c1-conc_mech-blockchain-1backend_security-battery_r30_audit-off_20260824T233645Z,obs_db261bdcf5344b7ebe130722202df148,2026-08-24T23:36:56.398770+00:00,blockchain,unknown_uav,6,1,UAV-NOT-REGISTERED,UNKNOWN_IDENTITY,UNKNOWN_IDENTITY,True,17455800,17.4558,49800,17408200,0,17408200,0,0,0,0,,,,none,blockchain-unknown_uav_0,0,False,247,16,
n10-identities_c1-conc_mech-blockchain-1backend_security-battery_r30_audit-off_20260824T233645Z,obs_d5ebdb32fbdb4676bb5bb4ce902d6e5f,2026-08-24T23:36:56.429149+00:00,blockchain,unknown_uav,7,1,UAV-NOT-REGISTERED,UNKNOWN_IDENTITY,UNKNOWN_IDENTITY,True,22675200,22.6752,48600,22536500,0,22536500,0,0,0,0,,,,none,blockchain-unknown_uav_0,0,False,248,16,
n10-identities_c1-conc_mech-blockchain-1backend_security-battery_r30_audit-off_20260824T233645Z,obs_a2c144a773c04a2e8fff41f8a484f4ab,2026-08-24T23:36:56.456033+00:00,blockchain,unknown_uav,8,1,UAV-NOT-REGISTERED,UNKNOWN_IDENTITY,UNKNOWN_IDENTITY,True,19629200,19.6292,52200,19582300,0,19582300,0,0,0,0,,,,none,blockchain-unknown_uav_0,0,False,249,16,
n10-identities_c1-conc_mech-blockchain-1backend_security-battery_r30_audit-off_20260824T233645Z,obs_e838bbc7035e4c19922c19792743e11e,2026-08-24T23:36:56.491321+00:00,blockchain,unknown_uav,9,1,UAV-NOT-REGISTERED,UNKNOWN_IDENTITY,UNKNOWN_IDENTITY,True,25489200,25.4892,64300,25437800,0,25437800,0,0,0,0,,,,none,blockchain-unknown_uav_0,0,False,247,16,
n10-identities_c1-conc_mech-blockchain-1backend_security-battery_r30_audit-off_20260824T233645Z,obs_d1e70ecada57414ba89c3fe7a79bfd3b,2026-08-24T23:36:56.526104+00:00,blockchain,unknown_uav,10,1,UAV-NOT-REGISTERED,UNKNOWN_IDENTITY,UNKNOWN_IDENTITY,True,26444500,26.4445,56300,26386600,0,26386600,0,0,0,0,,,,none,blockchain-unknown_uav_0,0,False,248,16,
n10-identities_c1-conc_mech-blockchain-1backend_security-battery_r30_audit-off_20260824T233645Z,obs_187b957ba6054345b3b4bdf86ad3d21e,2026-08-24T23:36:56.563694+00:00,blockchain,unknown_uav,11,1,UAV-NOT-REGISTERED,UNKNOWN_IDENTITY,UNKNOWN_IDENTITY,True,29962800,29.9628,54100,29910700,0,29910700,0,0,0,0,,,,none,blockchain-unknown_uav_0,0,False,247,16,
n10-identities_c1-conc_mech-blockchain-1backend_security-battery_r30_audit-off_20260824T233645Z,obs_e027ffa743004475937c3833b49a57bf,2026-08-24T23:36:56.613707+00:00,blockchain,unknown_uav,12,1,UAV-NOT-REGISTERED,UNKNOWN_IDENTITY,UNKNOWN_IDENTITY,True,19201100,19.2011,60200,19153500,0,19153500,0,0,0,0,,,,none,blockchain-unknown_uav_0,0,False,248,16,
n10-identities_c1-conc_mech-blockchain-1backend_security-battery_r30_audit-off_20260824T233645Z,obs_3746f4c48de44a81bb1f84fcfbab09bc,2026-08-24T23:36:56.641247+00:00,blockchain,unknown_uav,13,1,UAV-NOT-REGISTERED,UNKNOWN_IDENTITY,UNKNOWN_IDENTITY,True,18789600,18.7896,54900,18736300,0,18736300,0,0,0,0,,,,none,blockchain-unknown_uav_0,0,False,247,16,
n10-identities_c1-conc_mech-blockchain-1backend_security-battery_r30_audit-off_20260824T233645Z,obs_e12b3547d2394d3f9c8d59704077976d,2026-08-24T23:36:56.670653+00:00,blockchain,unknown_uav,14,1,UAV-NOT-REGISTERED,UNKNOWN_IDENTITY,UNKNOWN_IDENTITY,True,19929800,19.9298,46800,19897500,0,19897500,0,0,0,0,,,,none,blockchain-unknown_uav_0,0,False,248,16,
n10-identities_c1-conc_mech-blockchain-1backend_security-battery_r30_audit-off_20260824T233645Z,obs_97e6633d8f7a4225b98c53e9192db387,2026-08-24T23:36:56.698982+00:00,blockchain,unknown_uav,15,1,UAV-NOT-REGISTERED,UNKNOWN_IDENTITY,UNKNOWN_IDENTITY,True,19890600,19.8906,71300,19829200,0,19829200,0,0,0,0,,,,none,blockchain-unknown_uav_0,0,False,248,16,
n10-identities_c1-conc_mech-blockchain-1backend_security-battery_r30_audit-off_20260824T233645Z,obs_d741fda6e1954e2ba4df3cab0ba58602,2026-08-24T23:36:56.726720+00:00,blockchain,unknown_uav,16,1,UAV-NOT-REGISTERED,UNKNOWN_IDENTITY,UNKNOWN_IDENTITY,True,21363200,21.3632,47700,21317200,0,21317200,0,0,0,0,,,,none,blockchain-unknown_uav_0,0,False,248,16,
n10-identities_c1-conc_mech-blockchain-1backend_security-battery_r30_audit-off_20260824T233645Z,obs_99837dbd717c4c998c971353c4962596,2026-08-24T23:36:56.758381+00:00,blockchain,unknown_uav,17,1,UAV-NOT-REGISTERED,UNKNOWN_IDENTITY,UNKNOWN_IDENTITY,True,24140200,24.1402,47500,24099800,0,24099800,0,0,0,0,,,,none,blockchain-unknown_uav_0,0,False,249,16,
n10-identities_c1-conc_mech-blockchain-1backend_security-battery_r30_audit-off_20260824T233645Z,obs_cd4b7725765048e3ab1ac498dd2850b7,2026-08-24T23:36:56.794252+00:00,blockchain,unknown_uav,18,1,UAV-NOT-REGISTERED,UNKNOWN_IDENTITY,UNKNOWN_IDENTITY,True,26008400,26.0084,60100,25952200,0,25952200,0,0,0,0,,,,none,blockchain-unknown_uav_0,0,False,248,16,
n10-identities_c1-conc_mech-blockchain-1backend_security-battery_r30_audit-off_20260824T233645Z,obs_423cb4ebfbe14f1aaf8d93b78750ffbd,2026-08-24T23:36:56.824591+00:00,blockchain,unknown_uav,19,1,UAV-NOT-REGISTERED,UNKNOWN_IDENTITY,UNKNOWN_IDENTITY,True,21414600,21.4146,62800,21369200,0,21369200,0,0,0,0,,,,none,blockchain-unknown_uav_0,0,False,248,16,
n10-identities_c1-conc_mech-blockchain-1backend_security-battery_r30_audit-off_20260824T233645Z,obs_76faf9751c124ffa83e252fc851c8354,2026-08-24T23:36:56.853387+00:00,blockchain,unknown_uav,20,1,UAV-NOT-REGISTERED,UNKNOWN_IDENTITY,UNKNOWN_IDENTITY,True,19890400,19.8904,52800,19844200,0,19844200,0,0,0,0,,,,none,blockchain-unknown_uav_0,0,False,248,16,
n10-identities_c1-conc_mech-blockchain-1backend_security-battery_r30_audit-off_20260824T233645Z,obs_aac7359b9bbb4958be2e72585cbb9d2a,2026-08-24T23:36:56.884681+00:00,blockchain,unknown_uav,21,1,UAV-NOT-REGISTERED,UNKNOWN_IDENTITY,UNKNOWN_IDENTITY,True,23256100,23.2561,108000,23186500,0,23186500,0,0,0,0,,,,none,blockchain-unknown_uav_0,0,False,248,16,
n10-identities_c1-conc_mech-blockchain-1backend_security-battery_r30_audit-off_20260824T233645Z,obs_e9e6652bc72d4977bd897139b6110975,2026-08-24T23:36:56.916433+00:00,blockchain,unknown_uav,22,1,UAV-NOT-REGISTERED,UNKNOWN_IDENTITY,UNKNOWN_IDENTITY,True,23926300,23.9263,59000,23813800,0,23813800,0,0,0,0,,,,none,blockchain-unknown_uav_0,0,False,248,16,
n10-identities_c1-conc_mech-blockchain-1backend_security-battery_r30_audit-off_20260824T233645Z,obs_3205e26802c8408a86853d95c08d56bc,2026-08-24T23:36:56.944309+00:00,blockchain,unknown_uav,23,1,UAV-NOT-REGISTERED,UNKNOWN_IDENTITY,UNKNOWN_IDENTITY,True,21123700,21.1237,44900,21007900,0,21007900,0,0,0,0,,,,none,blockchain-unknown_uav_0,0,False,247,16,
n10-identities_c1-conc_mech-blockchain-1backend_security-battery_r30_audit-off_20260824T233645Z,obs_9418a5e6548b4ef889004ec5af7ea549,2026-08-24T23:36:56.971272+00:00,blockchain,unknown_uav,24,1,UAV-NOT-REGISTERED,UNKNOWN_IDENTITY,UNKNOWN_IDENTITY,True,19996600,19.9966,49600,19948700,0,19948700,0,0,0,0,,,,none,blockchain-unknown_uav_0,0,False,247,16,
n10-identities_c1-conc_mech-blockchain-1backend_security-battery_r30_audit-off_20260824T233645Z,obs_fcf733e0eee0450eb384130ab6d17886,2026-08-24T23:36:56.997345+00:00,blockchain,unknown_uav,25,1,UAV-NOT-REGISTERED,UNKNOWN_IDENTITY,UNKNOWN_IDENTITY,True,18585200,18.5852,58600,18540800,0,18540800,0,0,0,0,,,,none,blockchain-unknown_uav_0,0,False,248,16,
n10-identities_c1-conc_mech-blockchain-1backend_security-battery_r30_audit-off_20260824T233645Z,obs_ecf8e991061c4baeb412f36091cc8e7c,2026-08-24T23:36:57.046637+00:00,blockchain,unknown_uav,26,1,UAV-NOT-REGISTERED,UNKNOWN_IDENTITY,UNKNOWN_IDENTITY,True,41426800,41.4268,53400,41376600,0,41376600,0,0,0,0,,,,none,blockchain-unknown_uav_0,0,False,248,16,
n10-identities_c1-conc_mech-blockchain-1backend_security-battery_r30_audit-off_20260824T233645Z,obs_72e9736d2e5f48b590971b2d7af1106a,2026-08-24T23:36:57.081116+00:00,blockchain,unknown_uav,27,1,UAV-NOT-REGISTERED,UNKNOWN_IDENTITY,UNKNOWN_IDENTITY,True,26603400,26.6034,69700,26544000,0,26544000,0,0,0,0,,,,none,blockchain-unknown_uav_0,0,False,248,16,
n10-identities_c1-conc_mech-blockchain-1backend_security-battery_r30_audit-off_20260824T233645Z,obs_9758e8b242fb413b825524d640f141ba,2026-08-24T23:36:57.135588+00:00,blockchain,unknown_uav,28,1,UAV-NOT-REGISTERED,UNKNOWN_IDENTITY,UNKNOWN_IDENTITY,True,46959000,46.959,55500,46915800,0,46915800,0,0,0,0,,,,none,blockchain-unknown_uav_0,0,False,247,16,
n10-identities_c1-conc_mech-blockchain-1backend_security-battery_r30_audit-off_20260824T233645Z,obs_dd6a5ea7cac14715b55a646c11437702,2026-08-24T23:36:57.165164+00:00,blockchain,unknown_uav,29,1,UAV-NOT-REGISTERED,UNKNOWN_IDENTITY,UNKNOWN_IDENTITY,True,20831800,20.8318,61000,20775500,0,20775500,0,0,0,0,,,,none,blockchain-unknown_uav_0,0,False,247,16,
n10-identities_c1-conc_mech-blockchain-1backend_security-battery_r30_audit-off_20260824T233645Z,obs_2e1b7dc11d4d4b11a406217b705ff052,2026-08-24T23:36:57.212146+00:00,blockchain,impersonation_wrong_key,0,1,UAV-VALID,INVALID_SIGNATURE,INVALID_SIGNATURE,True,22504700,22.5047,56700,22068400,0,5400,282500,0,0,0,,,,none,blockchain-impersonation_wrong_key_0,0,True,240,17,
n10-identities_c1-conc_mech-blockchain-1backend_security-battery_r30_audit-off_20260824T233645Z,obs_6c1904eb43f14799a108675b104af509,2026-08-24T23:36:57.236719+00:00,blockchain,impersonation_wrong_key,1,1,UAV-VALID,INVALID_SIGNATURE,INVALID_SIGNATURE,True,17347600,17.3476,51700,16974300,0,4100,231300,0,0,0,,,,none,blockchain-impersonation_wrong_key_0,0,True,239,17,
n10-identities_c1-conc_mech-blockchain-1backend_security-battery_r30_audit-off_20260824T233645Z,obs_64c7c10199ba4a3494fb6cfc3d74b4c0,2026-08-24T23:36:57.262656+00:00,blockchain,impersonation_wrong_key,0,1,UAV-VALID,INVALID_SIGNATURE,INVALID_SIGNATURE,True,18117800,18.1178,67800,17729000,0,4800,234000,0,0,0,,,,none,blockchain-impersonation_wrong_key_0,0,False,240,17,
n10-identities_c1-conc_mech-blockchain-1backend_security-battery_r30_audit-off_20260824T233645Z,obs_86d8c3c596304a45ba4daa7ce713de1f,2026-08-24T23:36:57.289169+00:00,blockchain,impersonation_wrong_key,1,1,UAV-VALID,INVALID_SIGNATURE,INVALID_SIGNATURE,True,18711400,18.7114,56100,18440400,0,2500,166500,0,0,0,,,,none,blockchain-impersonation_wrong_key_0,0,False,238,17,
n10-identities_c1-conc_mech-blockchain-1backend_security-battery_r30_audit-off_20260824T233645Z,obs_d1ee9e0697a14ba188fc3c8f0c720f56,2026-08-24T23:36:57.316458+00:00,blockchain,impersonation_wrong_key,2,1,UAV-VALID,INVALID_SIGNATURE,INVALID_SIGNATURE,True,18831500,18.8315,52800,18568700,0,2500,160600,0,0,0,,,,none,blockchain-impersonation_wrong_key_0,0,False,240,17,
n10-identities_c1-conc_mech-blockchain-1backend_security-battery_r30_audit-off_20260824T233645Z,obs_8d71891693c14528a1e9939fef23b286,2026-08-24T23:36:57.337469+00:00,blockchain,impersonation_wrong_key,3,1,UAV-VALID,INVALID_SIGNATURE,INVALID_SIGNATURE,True,15440900,15.4409,32900,15082800,0,4000,235600,0,0,0,,,,none,blockchain-impersonation_wrong_key_0,0,False,238,17,
n10-identities_c1-conc_mech-blockchain-1backend_security-battery_r30_audit-off_20260824T233645Z,obs_6b8cb8b37f064013ba4268d4a8bf9893,2026-08-24T23:36:57.363218+00:00,blockchain,impersonation_wrong_key,4,1,UAV-VALID,INVALID_SIGNATURE,INVALID_SIGNATURE,True,18201600,18.2016,73200,17834700,0,4500,224300,0,0,0,,,,none,blockchain-impersonation_wrong_key_0,0,False,239,17,
n10-identities_c1-conc_mech-blockchain-1backend_security-battery_r30_audit-off_20260824T233645Z,obs_c7e0fe0d7a7942cf9ae1728b4b88418b,2026-08-24T23:36:57.387634+00:00,blockchain,impersonation_wrong_key,5,1,UAV-VALID,INVALID_SIGNATURE,INVALID_SIGNATURE,True,16701700,16.7017,41200,16433500,0,3100,172300,0,0,0,,,,none,blockchain-impersonation_wrong_key_0,0,False,238,17,
n10-identities_c1-conc_mech-blockchain-1backend_security-battery_r30_audit-off_20260824T233645Z,obs_c5374b46d25949259403535c9674cacd,2026-08-24T23:36:57.410582+00:00,blockchain,impersonation_wrong_key,6,1,UAV-VALID,INVALID_SIGNATURE,INVALID_SIGNATURE,True,15944400,15.9444,65600,15555100,0,4600,240600,0,0,0,,,,none,blockchain-impersonation_wrong_key_0,0,False,239,17,
n10-identities_c1-conc_mech-blockchain-1backend_security-battery_r30_audit-off_20260824T233645Z,obs_090cab23115e4a62bcdb725a938b6158,2026-08-24T23:36:57.435768+00:00,blockchain,impersonation_wrong_key,7,1,UAV-VALID,INVALID_SIGNATURE,INVALID_SIGNATURE,True,17961200,17.9612,51400,17681100,0,2600,170700,0,0,0,,,,none,blockchain-impersonation_wrong_key_0,0,False,239,17,
n10-identities_c1-conc_mech-blockchain-1backend_security-battery_r30_audit-off_20260824T233645Z,obs_a6569cc260ae4c1ba098735061ce98c4,2026-08-24T23:36:57.462108+00:00,blockchain,impersonation_wrong_key,8,1,UAV-VALID,INVALID_SIGNATURE,INVALID_SIGNATURE,True,20602200,20.6022,54300,20200700,0,4300,248000,0,0,0,,,,none,blockchain-impersonation_wrong_key_0,0,False,239,17,
n10-identities_c1-conc_mech-blockchain-1backend_security-battery_r30_audit-off_20260824T233645Z,obs_6d4c719657e340c99326e22924ea1d58,2026-08-24T23:36:57.501423+00:00,blockchain,impersonation_wrong_key,9,1,UAV-VALID,INVALID_SIGNATURE,INVALID_SIGNATURE,True,31450300,31.4503,53300,31045300,0,5300,251900,0,0,0,,,,none,blockchain-impersonation_wrong_key_0,0,False,239,17,
n10-identities_c1-conc_mech-blockchain-1backend_security-battery_r30_audit-off_20260824T233645Z,obs_f932e8ed7417471e997f3a7bee282132,2026-08-24T23:36:57.536506+00:00,blockchain,impersonation_wrong_key,10,1,UAV-VALID,INVALID_SIGNATURE,INVALID_SIGNATURE,True,26821600,26.8216,58200,26416400,0,3700,245900,0,0,0,,,,none,blockchain-impersonation_wrong_key_0,0,False,238,17,
n10-identities_c1-conc_mech-blockchain-1backend_security-battery_r30_audit-off_20260824T233645Z,obs_9141eec6a76f4998bde966009e35b80c,2026-08-24T23:36:57.566393+00:00,blockchain,impersonation_wrong_key,11,1,UAV-VALID,INVALID_SIGNATURE,INVALID_SIGNATURE,True,20721700,20.7217,82500,20316200,0,3800,223700,0,0,0,,,,none,blockchain-impersonation_wrong_key_0,0,False,239,17,
n10-identities_c1-conc_mech-blockchain-1backend_security-battery_r30_audit-off_20260824T233645Z,obs_b7d7bb01df644f519f62c222d7ef72e1,2026-08-24T23:36:57.596476+00:00,blockchain,impersonation_wrong_key,12,1,UAV-VALID,INVALID_SIGNATURE,INVALID_SIGNATURE,True,22154500,22.1545,52900,21761700,0,4200,242900,0,0,0,,,,none,blockchain-impersonation_wrong_key_0,0,False,239,17,
n10-identities_c1-conc_mech-blockchain-1backend_security-battery_r30_audit-off_20260824T233645Z,obs_7e5133ae747c4031aa164b25f1645241,2026-08-24T23:36:57.659298+00:00,blockchain,impersonation_wrong_key,13,1,UAV-VALID,INVALID_SIGNATURE,INVALID_SIGNATURE,True,51442400,51.4424,58900,51002100,0,4300,276000,0,0,0,,,,none,blockchain-impersonation_wrong_key_0,0,False,240,17,
n10-identities_c1-conc_mech-blockchain-1backend_security-battery_r30_audit-off_20260824T233645Z,obs_da9b373e8993469fb58b3c1977ba8726,2026-08-24T23:36:57.700927+00:00,blockchain,impersonation_wrong_key,14,1,UAV-VALID,INVALID_SIGNATURE,INVALID_SIGNATURE,True,32972400,32.9724,57000,32507000,0,5000,296800,0,0,0,,,,none,blockchain-impersonation_wrong_key_0,0,False,239,17,
n10-identities_c1-conc_mech-blockchain-1backend_security-battery_r30_audit-off_20260824T233645Z,obs_d863cf0f4cf04c8d9cab97e21a6eaaee,2026-08-24T23:36:57.743501+00:00,blockchain,impersonation_wrong_key,15,1,UAV-VALID,INVALID_SIGNATURE,INVALID_SIGNATURE,True,34001200,34.0012,63100,33525900,0,4500,307900,0,0,0,,,,none,blockchain-impersonation_wrong_key_0,0,False,239,17,
n10-identities_c1-conc_mech-blockchain-1backend_security-battery_r30_audit-off_20260824T233645Z,obs_4c2b0c17978941d595031c97f9df0108,2026-08-24T23:36:57.789369+00:00,blockchain,impersonation_wrong_key,16,1,UAV-VALID,INVALID_SIGNATURE,INVALID_SIGNATURE,True,37050200,37.0502,55500,36551100,0,5100,274300,0,0,0,,,,none,blockchain-impersonation_wrong_key_0,0,False,238,17,
n10-identities_c1-conc_mech-blockchain-1backend_security-battery_r30_audit-off_20260824T233645Z,obs_efa4090ecb6f4d8f872c3d01f81d3d02,2026-08-24T23:36:57.839678+00:00,blockchain,impersonation_wrong_key,17,1,UAV-VALID,INVALID_SIGNATURE,INVALID_SIGNATURE,True,41854300,41.8543,71200,41450300,0,4400,246100,0,0,0,,,,none,blockchain-impersonation_wrong_key_0,0,False,239,17,
n10-identities_c1-conc_mech-blockchain-1backend_security-battery_r30_audit-off_20260824T233645Z,obs_beb0dd4573ca43d2a721533236f461a4,2026-08-24T23:36:57.897359+00:00,blockchain,impersonation_wrong_key,18,1,UAV-VALID,INVALID_SIGNATURE,INVALID_SIGNATURE,True,49746900,49.7469,62100,49378600,0,4100,226400,0,0,0,,,,none,blockchain-impersonation_wrong_key_0,0,False,240,17,
n10-identities_c1-conc_mech-blockchain-1backend_security-battery_r30_audit-off_20260824T233645Z,obs_ff1a4a85706c4bc483e42e0409f50818,2026-08-24T23:36:57.931148+00:00,blockchain,impersonation_wrong_key,19,1,UAV-VALID,INVALID_SIGNATURE,INVALID_SIGNATURE,True,26086700,26.0867,60900,25720700,0,3400,228300,0,0,0,,,,none,blockchain-impersonation_wrong_key_0,0,False,240,17,
n10-identities_c1-conc_mech-blockchain-1backend_security-battery_r30_audit-off_20260824T233645Z,obs_79f11035e14f495d94191a08556f266a,2026-08-24T23:36:57.964558+00:00,blockchain,impersonation_wrong_key,20,1,UAV-VALID,INVALID_SIGNATURE,INVALID_SIGNATURE,True,26455400,26.4554,57200,26057400,0,3700,237600,0,0,0,,,,none,blockchain-impersonation_wrong_key_0,0,False,239,17,
n10-identities_c1-conc_mech-blockchain-1backend_security-battery_r30_audit-off_20260824T233645Z,obs_3921d4d99e03490497ccc20a0681b517,2026-08-24T23:36:58.002004+00:00,blockchain,impersonation_wrong_key,21,1,UAV-VALID,INVALID_SIGNATURE,INVALID_SIGNATURE,True,29680400,29.6804,56300,29163000,0,4100,344100,0,0,0,,,,none,blockchain-impersonation_wrong_key_0,0,False,240,17,
n10-identities_c1-conc_mech-blockchain-1backend_security-battery_r30_audit-off_20260824T233645Z,obs_b355f13a3fe8479292b9dc2ec3bd88d1,2026-08-24T23:36:58.039695+00:00,blockchain,impersonation_wrong_key,22,1,UAV-VALID,INVALID_SIGNATURE,INVALID_SIGNATURE,True,28320500,28.3205,80800,27903300,0,5300,245400,0,0,0,,,,none,blockchain-impersonation_wrong_key_0,0,False,239,17,
n10-identities_c1-conc_mech-blockchain-1backend_security-battery_r30_audit-off_20260824T233645Z,obs_9c0318fa324647c9b992e0098ecdc498,2026-08-24T23:36:58.077259+00:00,blockchain,impersonation_wrong_key,23,1,UAV-VALID,INVALID_SIGNATURE,INVALID_SIGNATURE,True,28430800,28.4308,78400,27907000,0,5200,352800,0,0,0,,,,none,blockchain-impersonation_wrong_key_0,0,False,239,17,
n10-identities_c1-conc_mech-blockchain-1backend_security-battery_r30_audit-off_20260824T233645Z,obs_a71dfc4c185f45ae8dcab58d66ec0635,2026-08-24T23:36:58.108698+00:00,blockchain,impersonation_wrong_key,24,1,UAV-VALID,INVALID_SIGNATURE,INVALID_SIGNATURE,True,22490500,22.4905,62600,22052600,0,4800,253800,0,0,0,,,,none,blockchain-impersonation_wrong_key_0,0,False,239,17,
n10-identities_c1-conc_mech-blockchain-1backend_security-battery_r30_audit-off_20260824T233645Z,obs_95aa4bca88a8410e93cea22de4e42c7b,2026-08-24T23:36:58.141561+00:00,blockchain,impersonation_wrong_key,25,1,UAV-VALID,INVALID_SIGNATURE,INVALID_SIGNATURE,True,24116600,24.1166,56500,23211100,0,12100,573300,0,0,0,,,,none,blockchain-impersonation_wrong_key_0,0,False,240,17,
n10-identities_c1-conc_mech-blockchain-1backend_security-battery_r30_audit-off_20260824T233645Z,obs_bc6529b992e34f359899716007390b69,2026-08-24T23:36:58.231102+00:00,blockchain,impersonation_wrong_key,26,1,UAV-VALID,INVALID_SIGNATURE,INVALID_SIGNATURE,True,77466400,77.4664,87100,77023300,0,3800,254800,0,0,0,,,,none,blockchain-impersonation_wrong_key_0,0,False,239,17,
n10-identities_c1-conc_mech-blockchain-1backend_security-battery_r30_audit-off_20260824T233645Z,obs_7c2b73826c5c4b82a128200c4f83ab74,2026-08-24T23:36:58.265919+00:00,blockchain,impersonation_wrong_key,27,1,UAV-VALID,INVALID_SIGNATURE,INVALID_SIGNATURE,True,25382300,25.3823,73100,24979100,0,3900,241200,0,0,0,,,,none,blockchain-impersonation_wrong_key_0,0,False,238,17,
n10-identities_c1-conc_mech-blockchain-1backend_security-battery_r30_audit-off_20260824T233645Z,obs_cdabf12fe6a04467b153b5ca03799e39,2026-08-24T23:36:58.314603+00:00,blockchain,impersonation_wrong_key,28,1,UAV-VALID,INVALID_SIGNATURE,INVALID_SIGNATURE,True,39769600,39.7696,62500,39260100,0,3300,241300,0,0,0,,,,none,blockchain-impersonation_wrong_key_0,0,False,240,17,
n10-identities_c1-conc_mech-blockchain-1backend_security-battery_r30_audit-off_20260824T233645Z,obs_24e916a885cd4b3da9d766bdfd8e7f50,2026-08-24T23:36:58.355344+00:00,blockchain,impersonation_wrong_key,29,1,UAV-VALID,INVALID_SIGNATURE,INVALID_SIGNATURE,True,32759600,32.7596,53100,32367100,0,3800,235900,0,0,0,,,,none,blockchain-impersonation_wrong_key_0,0,False,240,17,
n10-identities_c1-conc_mech-blockchain-1backend_security-battery_r30_audit-off_20260824T233645Z,obs_ead6b8ee294f4bf084839f5330df0031,2026-08-24T23:36:58.442250+00:00,blockchain,replay,0,1,UAV-VALID,REPLAY_DETECTED,REPLAY_DETECTED,True,48700,0.0487,231500,0,0,0,0,0,0,0,,,,none,blockchain-replay_0,0,True,240,15,
n10-identities_c1-conc_mech-blockchain-1backend_security-battery_r30_audit-off_20260824T233645Z,obs_45bef900602a4ef58d45c90b54df8d88,2026-08-24T23:36:58.475128+00:00,blockchain,replay,1,1,UAV-VALID,REPLAY_DETECTED,REPLAY_DETECTED,True,45900,0.0459,81800,0,0,0,0,0,0,0,,,,none,blockchain-replay_0,0,True,240,15,
n10-identities_c1-conc_mech-blockchain-1backend_security-battery_r30_audit-off_20260824T233645Z,obs_f1abcd40d67b470081bbc47ae01e3744,2026-08-24T23:36:58.561630+00:00,blockchain,replay,0,1,UAV-VALID,REPLAY_DETECTED,REPLAY_DETECTED,True,38600,0.0386,62600,0,0,0,0,0,0,0,,,,none,blockchain-replay_0,0,False,239,15,
n10-identities_c1-conc_mech-blockchain-1backend_security-battery_r30_audit-off_20260824T233645Z,obs_94d98f32dc6a43b68a739bb66e09e4f4,2026-08-24T23:36:58.642372+00:00,blockchain,replay,1,1,UAV-VALID,REPLAY_DETECTED,REPLAY_DETECTED,True,44000,0.044,57000,0,0,0,0,0,0,0,,,,none,blockchain-replay_0,0,False,239,15,
n10-identities_c1-conc_mech-blockchain-1backend_security-battery_r30_audit-off_20260824T233645Z,obs_5f486cd3cf8a4143883ddac0f74794c8,2026-08-24T23:36:58.699161+00:00,blockchain,replay,2,1,UAV-VALID,REPLAY_DETECTED,REPLAY_DETECTED,True,42900,0.0429,50800,0,0,0,0,0,0,0,,,,none,blockchain-replay_0,0,False,238,15,
n10-identities_c1-conc_mech-blockchain-1backend_security-battery_r30_audit-off_20260824T233645Z,obs_42c8c26d6c5846928c8811bbc7d659b1,2026-08-24T23:36:58.785595+00:00,blockchain,replay,3,1,UAV-VALID,REPLAY_DETECTED,REPLAY_DETECTED,True,43900,0.0439,62300,0,0,0,0,0,0,0,,,,none,blockchain-replay_0,0,False,239,15,
n10-identities_c1-conc_mech-blockchain-1backend_security-battery_r30_audit-off_20260824T233645Z,obs_cfb711d149b7498cae872a1739330212,2026-08-24T23:36:58.889641+00:00,blockchain,replay,4,1,UAV-VALID,REPLAY_DETECTED,REPLAY_DETECTED,True,43100,0.0431,70800,0,0,0,0,0,0,0,,,,none,blockchain-replay_0,0,False,240,15,
n10-identities_c1-conc_mech-blockchain-1backend_security-battery_r30_audit-off_20260824T233645Z,obs_23c7b94d9ecb4cac91fc846aec4b2d47,2026-08-24T23:36:58.988825+00:00,blockchain,replay,5,1,UAV-VALID,REPLAY_DETECTED,REPLAY_DETECTED,True,79600,0.0796,53800,0,0,0,0,0,0,0,,,,none,blockchain-replay_0,0,False,240,15,
n10-identities_c1-conc_mech-blockchain-1backend_security-battery_r30_audit-off_20260824T233645Z,obs_2f2bfd28f4354eceb2984f9c7cc67997,2026-08-24T23:36:59.127435+00:00,blockchain,replay,6,1,UAV-VALID,REPLAY_DETECTED,REPLAY_DETECTED,True,39700,0.0397,56100,0,0,0,0,0,0,0,,,,none,blockchain-replay_0,0,False,238,15,
n10-identities_c1-conc_mech-blockchain-1backend_security-battery_r30_audit-off_20260824T233645Z,obs_1d294f554667471cb2da000020cdef13,2026-08-24T23:36:59.165704+00:00,blockchain,replay,7,1,UAV-VALID,REPLAY_DETECTED,REPLAY_DETECTED,True,39200,0.0392,57500,0,0,0,0,0,0,0,,,,none,blockchain-replay_0,0,False,239,15,
n10-identities_c1-conc_mech-blockchain-1backend_security-battery_r30_audit-off_20260824T233645Z,obs_39b80a2dfe1d41b6afebd68eed48fb4a,2026-08-24T23:36:59.213991+00:00,blockchain,replay,8,1,UAV-VALID,REPLAY_DETECTED,REPLAY_DETECTED,True,35800,0.0358,64000,0,0,0,0,0,0,0,,,,none,blockchain-replay_0,0,False,239,15,
n10-identities_c1-conc_mech-blockchain-1backend_security-battery_r30_audit-off_20260824T233645Z,obs_668c65078fe147e4b68fa6ec25d9329d,2026-08-24T23:36:59.288390+00:00,blockchain,replay,9,1,UAV-VALID,REPLAY_DETECTED,REPLAY_DETECTED,True,37100,0.0371,51500,0,0,0,0,0,0,0,,,,none,blockchain-replay_0,0,False,239,15,
n10-identities_c1-conc_mech-blockchain-1backend_security-battery_r30_audit-off_20260824T233645Z,obs_df4d00e149fd4f6ab1452d0ca6ff9b9e,2026-08-24T23:36:59.323513+00:00,blockchain,replay,10,1,UAV-VALID,REPLAY_DETECTED,REPLAY_DETECTED,True,36000,0.036,70300,0,0,0,0,0,0,0,,,,none,blockchain-replay_0,0,False,238,15,
n10-identities_c1-conc_mech-blockchain-1backend_security-battery_r30_audit-off_20260824T233645Z,obs_61a1bce9729a4843af2446820d3a82d4,2026-08-24T23:36:59.353623+00:00,blockchain,replay,11,1,UAV-VALID,REPLAY_DETECTED,REPLAY_DETECTED,True,42400,0.0424,58800,0,0,0,0,0,0,0,,,,none,blockchain-replay_0,0,False,240,15,
n10-identities_c1-conc_mech-blockchain-1backend_security-battery_r30_audit-off_20260824T233645Z,obs_0d99b663dd774398a20b93fc6b1f9d38,2026-08-24T23:36:59.390680+00:00,blockchain,replay,12,1,UAV-VALID,REPLAY_DETECTED,REPLAY_DETECTED,True,39600,0.0396,76400,0,0,0,0,0,0,0,,,,none,blockchain-replay_0,0,False,240,15,
n10-identities_c1-conc_mech-blockchain-1backend_security-battery_r30_audit-off_20260824T233645Z,obs_34afe31ef6fa472aa6832a6b04346f8d,2026-08-24T23:36:59.441139+00:00,blockchain,replay,13,1,UAV-VALID,REPLAY_DETECTED,REPLAY_DETECTED,True,49700,0.0497,92100,0,0,0,0,0,0,0,,,,none,blockchain-replay_0,0,False,240,15,
n10-identities_c1-conc_mech-blockchain-1backend_security-battery_r30_audit-off_20260824T233645Z,obs_57523fcb1c6e44fc9858723391f23827,2026-08-24T23:36:59.468282+00:00,blockchain,replay,14,1,UAV-VALID,REPLAY_DETECTED,REPLAY_DETECTED,True,42300,0.0423,65200,0,0,0,0,0,0,0,,,,none,blockchain-replay_0,0,False,239,15,
n10-identities_c1-conc_mech-blockchain-1backend_security-battery_r30_audit-off_20260824T233645Z,obs_0e5c43d3e2544d9e9b0ab2d3a37a0a97,2026-08-24T23:36:59.501546+00:00,blockchain,replay,15,1,UAV-VALID,REPLAY_DETECTED,REPLAY_DETECTED,True,42100,0.0421,62700,0,0,0,0,0,0,0,,,,none,blockchain-replay_0,0,False,240,15,
n10-identities_c1-conc_mech-blockchain-1backend_security-battery_r30_audit-off_20260824T233645Z,obs_b2e7231c894c4091a266e1bd0f4d9762,2026-08-24T23:36:59.536164+00:00,blockchain,replay,16,1,UAV-VALID,REPLAY_DETECTED,REPLAY_DETECTED,True,27800,0.0278,42300,0,0,0,0,0,0,0,,,,none,blockchain-replay_0,0,False,238,15,
n10-identities_c1-conc_mech-blockchain-1backend_security-battery_r30_audit-off_20260824T233645Z,obs_1e01f5348c2e4711921010473bf61b5e,2026-08-24T23:36:59.564946+00:00,blockchain,replay,17,1,UAV-VALID,REPLAY_DETECTED,REPLAY_DETECTED,True,37700,0.0377,73400,0,0,0,0,0,0,0,,,,none,blockchain-replay_0,0,False,240,15,
n10-identities_c1-conc_mech-blockchain-1backend_security-battery_r30_audit-off_20260824T233645Z,obs_a9556b41ccf1443aa3a10972ceedc6b6,2026-08-24T23:36:59.597277+00:00,blockchain,replay,18,1,UAV-VALID,REPLAY_DETECTED,REPLAY_DETECTED,True,49800,0.0498,118900,0,0,0,0,0,0,0,,,,none,blockchain-replay_0,0,False,239,15,
n10-identities_c1-conc_mech-blockchain-1backend_security-battery_r30_audit-off_20260824T233645Z,obs_c92c6217750347d4a959beb420914d05,2026-08-24T23:36:59.624103+00:00,blockchain,replay,19,1,UAV-VALID,REPLAY_DETECTED,REPLAY_DETECTED,True,28300,0.0283,62500,0,0,0,0,0,0,0,,,,none,blockchain-replay_0,0,False,239,15,
n10-identities_c1-conc_mech-blockchain-1backend_security-battery_r30_audit-off_20260824T233645Z,obs_ee3de8e3d88c4069b125e8031c6bd8a9,2026-08-24T23:36:59.652113+00:00,blockchain,replay,20,1,UAV-VALID,REPLAY_DETECTED,REPLAY_DETECTED,True,25600,0.0256,57800,0,0,0,0,0,0,0,,,,none,blockchain-replay_0,0,False,240,15,
n10-identities_c1-conc_mech-blockchain-1backend_security-battery_r30_audit-off_20260824T233645Z,obs_448f7f72e4ba45bfb9ace14d004f8c05,2026-08-24T23:36:59.675237+00:00,blockchain,replay,21,1,UAV-VALID,REPLAY_DETECTED,REPLAY_DETECTED,True,44500,0.0445,39500,0,0,0,0,0,0,0,,,,none,blockchain-replay_0,0,False,240,15,
n10-identities_c1-conc_mech-blockchain-1backend_security-battery_r30_audit-off_20260824T233645Z,obs_bbd01c42f2ca480da7e55352c542d940,2026-08-24T23:36:59.696662+00:00,blockchain,replay,22,1,UAV-VALID,REPLAY_DETECTED,REPLAY_DETECTED,True,57400,0.0574,36600,0,0,0,0,0,0,0,,,,none,blockchain-replay_0,0,False,239,15,
n10-identities_c1-conc_mech-blockchain-1backend_security-battery_r30_audit-off_20260824T233645Z,obs_377630b7600b4179a5c2218c82f896e7,2026-08-24T23:36:59.724844+00:00,blockchain,replay,23,1,UAV-VALID,REPLAY_DETECTED,REPLAY_DETECTED,True,31400,0.0314,56500,0,0,0,0,0,0,0,,,,none,blockchain-replay_0,0,False,239,15,
n10-identities_c1-conc_mech-blockchain-1backend_security-battery_r30_audit-off_20260824T233645Z,obs_b9c2698ed20240bd96cdd0813b3ca80a,2026-08-24T23:36:59.752427+00:00,blockchain,replay,24,1,UAV-VALID,REPLAY_DETECTED,REPLAY_DETECTED,True,36900,0.0369,61300,0,0,0,0,0,0,0,,,,none,blockchain-replay_0,0,False,239,15,
n10-identities_c1-conc_mech-blockchain-1backend_security-battery_r30_audit-off_20260824T233645Z,obs_d0c65a555baa4dd8bf8f0bc2cec004f5,2026-08-24T23:36:59.800016+00:00,blockchain,replay,25,1,UAV-VALID,REPLAY_DETECTED,REPLAY_DETECTED,True,33500,0.0335,65700,0,0,0,0,0,0,0,,,,none,blockchain-replay_0,0,False,238,15,
n10-identities_c1-conc_mech-blockchain-1backend_security-battery_r30_audit-off_20260824T233645Z,obs_045ada17666d4d57bb0831d780a4d939,2026-08-24T23:36:59.833813+00:00,blockchain,replay,26,1,UAV-VALID,REPLAY_DETECTED,REPLAY_DETECTED,True,41500,0.0415,56200,0,0,0,0,0,0,0,,,,none,blockchain-replay_0,0,False,239,15,
n10-identities_c1-conc_mech-blockchain-1backend_security-battery_r30_audit-off_20260824T233645Z,obs_e5329f8b91a04c2cbd4b30b2ffcb1295,2026-08-24T23:36:59.873723+00:00,blockchain,replay,27,1,UAV-VALID,REPLAY_DETECTED,REPLAY_DETECTED,True,68100,0.0681,101900,0,0,0,0,0,0,0,,,,none,blockchain-replay_0,0,False,239,15,
n10-identities_c1-conc_mech-blockchain-1backend_security-battery_r30_audit-off_20260824T233645Z,obs_cbcfb17d66d44e8b8900ecfe8f67c242,2026-08-24T23:36:59.908250+00:00,blockchain,replay,28,1,UAV-VALID,REPLAY_DETECTED,REPLAY_DETECTED,True,52800,0.0528,69400,0,0,0,0,0,0,0,,,,none,blockchain-replay_0,0,False,240,15,
n10-identities_c1-conc_mech-blockchain-1backend_security-battery_r30_audit-off_20260824T233645Z,obs_0efeb29b3e3144f2bcd9cdc200859675,2026-08-24T23:36:59.935973+00:00,blockchain,replay,29,1,UAV-VALID,REPLAY_DETECTED,REPLAY_DETECTED,True,34700,0.0347,55300,0,0,0,0,0,0,0,,,,none,blockchain-replay_0,0,False,238,15,
n10-identities_c1-conc_mech-blockchain-1backend_security-battery_r30_audit-off_20260824T233645Z,obs_d1dc894361684e488322236cafbf92c9,2026-08-24T23:36:59.964451+00:00,blockchain,modified_nonce,0,1,UAV-VALID,INVALID_SIGNATURE,INVALID_SIGNATURE,True,24600,0.0246,66200,0,0,0,0,0,0,0,,,,none,blockchain-modified_nonce_0,0,True,239,17,nonce mismatch
n10-identities_c1-conc_mech-blockchain-1backend_security-battery_r30_audit-off_20260824T233645Z,obs_69e9aaa3d3064e71a59d6a729b0dcfcf,2026-08-24T23:36:59.972602+00:00,blockchain,modified_nonce,1,1,UAV-VALID,INVALID_SIGNATURE,INVALID_SIGNATURE,True,26100,0.0261,53900,0,0,0,0,0,0,0,,,,none,blockchain-modified_nonce_0,0,True,239,17,nonce mismatch
n10-identities_c1-conc_mech-blockchain-1backend_security-battery_r30_audit-off_20260824T233645Z,obs_ae34ab8e1fb44b4fbe0ac5c778e3cb92,2026-08-24T23:36:59.980719+00:00,blockchain,modified_nonce,0,1,UAV-VALID,INVALID_SIGNATURE,INVALID_SIGNATURE,True,21600,0.0216,54100,0,0,0,0,0,0,0,,,,none,blockchain-modified_nonce_0,0,False,239,17,nonce mismatch
n10-identities_c1-conc_mech-blockchain-1backend_security-battery_r30_audit-off_20260824T233645Z,obs_1225c90887ba43ec9701af04dc998308,2026-08-24T23:36:59.988671+00:00,blockchain,modified_nonce,1,1,UAV-VALID,INVALID_SIGNATURE,INVALID_SIGNATURE,True,25600,0.0256,65000,0,0,0,0,0,0,0,,,,none,blockchain-modified_nonce_0,0,False,238,17,nonce mismatch
n10-identities_c1-conc_mech-blockchain-1backend_security-battery_r30_audit-off_20260824T233645Z,obs_b68f0a1b865f4d1baef9eb703ed4e9e8,2026-08-24T23:36:59.996248+00:00,blockchain,modified_nonce,2,1,UAV-VALID,INVALID_SIGNATURE,INVALID_SIGNATURE,True,23700,0.0237,55800,0,0,0,0,0,0,0,,,,none,blockchain-modified_nonce_0,0,False,240,17,nonce mismatch
n10-identities_c1-conc_mech-blockchain-1backend_security-battery_r30_audit-off_20260824T233645Z,obs_9925c843e64b4e70894fe7131b619eed,2026-08-24T23:37:00.005916+00:00,blockchain,modified_nonce,3,1,UAV-VALID,INVALID_SIGNATURE,INVALID_SIGNATURE,True,24700,0.0247,74200,0,0,0,0,0,0,0,,,,none,blockchain-modified_nonce_0,0,False,239,17,nonce mismatch
n10-identities_c1-conc_mech-blockchain-1backend_security-battery_r30_audit-off_20260824T233645Z,obs_fc2535feccda4e4ebf3bc9f2acf69c3d,2026-08-24T23:37:00.015361+00:00,blockchain,modified_nonce,4,1,UAV-VALID,INVALID_SIGNATURE,INVALID_SIGNATURE,True,23600,0.0236,52800,0,0,0,0,0,0,0,,,,none,blockchain-modified_nonce_0,0,False,239,17,nonce mismatch
n10-identities_c1-conc_mech-blockchain-1backend_security-battery_r30_audit-off_20260824T233645Z,obs_b8408503e6b944dba4efeda98803f876,2026-08-24T23:37:00.024049+00:00,blockchain,modified_nonce,5,1,UAV-VALID,INVALID_SIGNATURE,INVALID_SIGNATURE,True,25300,0.0253,57400,0,0,0,0,0,0,0,,,,none,blockchain-modified_nonce_0,0,False,239,17,nonce mismatch
n10-identities_c1-conc_mech-blockchain-1backend_security-battery_r30_audit-off_20260824T233645Z,obs_c3b286516deb43b39f54411aff229d97,2026-08-24T23:37:00.032691+00:00,blockchain,modified_nonce,6,1,UAV-VALID,INVALID_SIGNATURE,INVALID_SIGNATURE,True,25000,0.025,62000,0,0,0,0,0,0,0,,,,none,blockchain-modified_nonce_0,0,False,239,17,nonce mismatch
n10-identities_c1-conc_mech-blockchain-1backend_security-battery_r30_audit-off_20260824T233645Z,obs_3c6c7ed6e0894a0da9bb437823528ebb,2026-08-24T23:37:00.042503+00:00,blockchain,modified_nonce,7,1,UAV-VALID,INVALID_SIGNATURE,INVALID_SIGNATURE,True,23600,0.0236,53400,0,0,0,0,0,0,0,,,,none,blockchain-modified_nonce_0,0,False,239,17,nonce mismatch
n10-identities_c1-conc_mech-blockchain-1backend_security-battery_r30_audit-off_20260824T233645Z,obs_686309b6037d47aebe88cdf58e7fa66b,2026-08-24T23:37:00.050600+00:00,blockchain,modified_nonce,8,1,UAV-VALID,INVALID_SIGNATURE,INVALID_SIGNATURE,True,71200,0.0712,231400,0,0,0,0,0,0,0,,,,none,blockchain-modified_nonce_0,0,False,238,17,nonce mismatch
n10-identities_c1-conc_mech-blockchain-1backend_security-battery_r30_audit-off_20260824T233645Z,obs_b17f0aca63774accb01b01a9ebae04ef,2026-08-24T23:37:00.058821+00:00,blockchain,modified_nonce,9,1,UAV-VALID,INVALID_SIGNATURE,INVALID_SIGNATURE,True,21900,0.0219,58000,0,0,0,0,0,0,0,,,,none,blockchain-modified_nonce_0,0,False,239,17,nonce mismatch
n10-identities_c1-conc_mech-blockchain-1backend_security-battery_r30_audit-off_20260824T233645Z,obs_648332f0f9f643d2b5a5ca7ae3578a3c,2026-08-24T23:37:00.066593+00:00,blockchain,modified_nonce,10,1,UAV-VALID,INVALID_SIGNATURE,INVALID_SIGNATURE,True,19200,0.0192,47900,0,0,0,0,0,0,0,,,,none,blockchain-modified_nonce_0,0,False,239,17,nonce mismatch
n10-identities_c1-conc_mech-blockchain-1backend_security-battery_r30_audit-off_20260824T233645Z,obs_13f0e6f7ffbd4192ba53f581298a99b0,2026-08-24T23:37:00.075173+00:00,blockchain,modified_nonce,11,1,UAV-VALID,INVALID_SIGNATURE,INVALID_SIGNATURE,True,23500,0.0235,57400,0,0,0,0,0,0,0,,,,none,blockchain-modified_nonce_0,0,False,240,17,nonce mismatch
n10-identities_c1-conc_mech-blockchain-1backend_security-battery_r30_audit-off_20260824T233645Z,obs_350cb8b364ae45b081d87a2f56f64d5b,2026-08-24T23:37:00.083213+00:00,blockchain,modified_nonce,12,1,UAV-VALID,INVALID_SIGNATURE,INVALID_SIGNATURE,True,20600,0.0206,44100,0,0,0,0,0,0,0,,,,none,blockchain-modified_nonce_0,0,False,239,17,nonce mismatch
n10-identities_c1-conc_mech-blockchain-1backend_security-battery_r30_audit-off_20260824T233645Z,obs_7f88f99d778d4d4d83fe7fe1e2fd89ec,2026-08-24T23:37:00.090472+00:00,blockchain,modified_nonce,13,1,UAV-VALID,INVALID_SIGNATURE,INVALID_SIGNATURE,True,22000,0.022,56300,0,0,0,0,0,0,0,,,,none,blockchain-modified_nonce_0,0,False,239,17,nonce mismatch
n10-identities_c1-conc_mech-blockchain-1backend_security-battery_r30_audit-off_20260824T233645Z,obs_65c3b7654d2842968a3ec72c796bbfcb,2026-08-24T23:37:00.100163+00:00,blockchain,modified_nonce,14,1,UAV-VALID,INVALID_SIGNATURE,INVALID_SIGNATURE,True,22700,0.0227,55100,0,0,0,0,0,0,0,,,,none,blockchain-modified_nonce_0,0,False,238,17,nonce mismatch
n10-identities_c1-conc_mech-blockchain-1backend_security-battery_r30_audit-off_20260824T233645Z,obs_9c744df3d2ce49b4a73d38636c0b8507,2026-08-24T23:37:00.110536+00:00,blockchain,modified_nonce,15,1,UAV-VALID,INVALID_SIGNATURE,INVALID_SIGNATURE,True,24000,0.024,63700,0,0,0,0,0,0,0,,,,none,blockchain-modified_nonce_0,0,False,239,17,nonce mismatch
n10-identities_c1-conc_mech-blockchain-1backend_security-battery_r30_audit-off_20260824T233645Z,obs_bf2ae1d23bb34a11980607e68d36e08d,2026-08-24T23:37:00.122023+00:00,blockchain,modified_nonce,16,1,UAV-VALID,INVALID_SIGNATURE,INVALID_SIGNATURE,True,21000,0.021,49800,0,0,0,0,0,0,0,,,,none,blockchain-modified_nonce_0,0,False,239,17,nonce mismatch
n10-identities_c1-conc_mech-blockchain-1backend_security-battery_r30_audit-off_20260824T233645Z,obs_1f51bba5ca344a97b28f0282cb4227da,2026-08-24T23:37:00.136727+00:00,blockchain,modified_nonce,17,1,UAV-VALID,INVALID_SIGNATURE,INVALID_SIGNATURE,True,21700,0.0217,61300,0,0,0,0,0,0,0,,,,none,blockchain-modified_nonce_0,0,False,240,17,nonce mismatch
n10-identities_c1-conc_mech-blockchain-1backend_security-battery_r30_audit-off_20260824T233645Z,obs_fec2d47d6dc64d858712327ab5422a3a,2026-08-24T23:37:00.145047+00:00,blockchain,modified_nonce,18,1,UAV-VALID,INVALID_SIGNATURE,INVALID_SIGNATURE,True,23800,0.0238,54300,0,0,0,0,0,0,0,,,,none,blockchain-modified_nonce_0,0,False,240,17,nonce mismatch
n10-identities_c1-conc_mech-blockchain-1backend_security-battery_r30_audit-off_20260824T233645Z,obs_fee4a3b7ac0148f3b63702cc5b3778d4,2026-08-24T23:37:00.155437+00:00,blockchain,modified_nonce,19,1,UAV-VALID,INVALID_SIGNATURE,INVALID_SIGNATURE,True,25400,0.0254,131500,0,0,0,0,0,0,0,,,,none,blockchain-modified_nonce_0,0,False,238,17,nonce mismatch
n10-identities_c1-conc_mech-blockchain-1backend_security-battery_r30_audit-off_20260824T233645Z,obs_375259d43650476c8132eea4d6c26e59,2026-08-24T23:37:00.164775+00:00,blockchain,modified_nonce,20,1,UAV-VALID,INVALID_SIGNATURE,INVALID_SIGNATURE,True,25600,0.0256,84200,0,0,0,0,0,0,0,,,,none,blockchain-modified_nonce_0,0,False,239,17,nonce mismatch
n10-identities_c1-conc_mech-blockchain-1backend_security-battery_r30_audit-off_20260824T233645Z,obs_6e9a69c4d5e14e21b3619511b59f1cd7,2026-08-24T23:37:00.177397+00:00,blockchain,modified_nonce,21,1,UAV-VALID,INVALID_SIGNATURE,INVALID_SIGNATURE,True,24600,0.0246,54600,0,0,0,0,0,0,0,,,,none,blockchain-modified_nonce_0,0,False,240,17,nonce mismatch
n10-identities_c1-conc_mech-blockchain-1backend_security-battery_r30_audit-off_20260824T233645Z,obs_58f57e9dd0224c5dbe509256a507fdd9,2026-08-24T23:37:00.185245+00:00,blockchain,modified_nonce,22,1,UAV-VALID,INVALID_SIGNATURE,INVALID_SIGNATURE,True,26100,0.0261,58900,0,0,0,0,0,0,0,,,,none,blockchain-modified_nonce_0,0,False,240,17,nonce mismatch
n10-identities_c1-conc_mech-blockchain-1backend_security-battery_r30_audit-off_20260824T233645Z,obs_7922c46d813c4ed5863d546d59e92474,2026-08-24T23:37:00.197580+00:00,blockchain,modified_nonce,23,1,UAV-VALID,INVALID_SIGNATURE,INVALID_SIGNATURE,True,25000,0.025,52300,0,0,0,0,0,0,0,,,,none,blockchain-modified_nonce_0,0,False,240,17,nonce mismatch
n10-identities_c1-conc_mech-blockchain-1backend_security-battery_r30_audit-off_20260824T233645Z,obs_7fdc49bc7f1f468ab39b63c3d3f2d487,2026-08-24T23:37:00.207040+00:00,blockchain,modified_nonce,24,1,UAV-VALID,INVALID_SIGNATURE,INVALID_SIGNATURE,True,25600,0.0256,65100,0,0,0,0,0,0,0,,,,none,blockchain-modified_nonce_0,0,False,239,17,nonce mismatch
n10-identities_c1-conc_mech-blockchain-1backend_security-battery_r30_audit-off_20260824T233645Z,obs_084313996121462c878c2ee0c8ef5e7d,2026-08-24T23:37:00.221405+00:00,blockchain,modified_nonce,25,1,UAV-VALID,INVALID_SIGNATURE,INVALID_SIGNATURE,True,25200,0.0252,142600,0,0,0,0,0,0,0,,,,none,blockchain-modified_nonce_0,0,False,240,17,nonce mismatch
n10-identities_c1-conc_mech-blockchain-1backend_security-battery_r30_audit-off_20260824T233645Z,obs_22c03b1c79474e50af6bed98b419495a,2026-08-24T23:37:00.229734+00:00,blockchain,modified_nonce,26,1,UAV-VALID,INVALID_SIGNATURE,INVALID_SIGNATURE,True,23100,0.0231,48700,0,0,0,0,0,0,0,,,,none,blockchain-modified_nonce_0,0,False,239,17,nonce mismatch
n10-identities_c1-conc_mech-blockchain-1backend_security-battery_r30_audit-off_20260824T233645Z,obs_6270f044102f4cae8b5cce37470dcfca,2026-08-24T23:37:00.237850+00:00,blockchain,modified_nonce,27,1,UAV-VALID,INVALID_SIGNATURE,INVALID_SIGNATURE,True,27300,0.0273,87000,0,0,0,0,0,0,0,,,,none,blockchain-modified_nonce_0,0,False,238,17,nonce mismatch
n10-identities_c1-conc_mech-blockchain-1backend_security-battery_r30_audit-off_20260824T233645Z,obs_01cc1d4fed89421bb8e1a2317a12f943,2026-08-24T23:37:00.245491+00:00,blockchain,modified_nonce,28,1,UAV-VALID,INVALID_SIGNATURE,INVALID_SIGNATURE,True,29100,0.0291,98100,0,0,0,0,0,0,0,,,,none,blockchain-modified_nonce_0,0,False,240,17,nonce mismatch
n10-identities_c1-conc_mech-blockchain-1backend_security-battery_r30_audit-off_20260824T233645Z,obs_e863f4893cdb402d8ea7022cd9da87c1,2026-08-24T23:37:00.253411+00:00,blockchain,modified_nonce,29,1,UAV-VALID,INVALID_SIGNATURE,INVALID_SIGNATURE,True,25100,0.0251,55800,0,0,0,0,0,0,0,,,,none,blockchain-modified_nonce_0,0,False,239,17,nonce mismatch
n10-identities_c1-conc_mech-blockchain-1backend_security-battery_r30_audit-off_20260824T233645Z,obs_a1c090c0dac548d482ef3750e3079e26,2026-08-24T23:37:00.390130+00:00,blockchain,modified_uav_id,0,1,UAV-0005,INVALID_SIGNATURE,INVALID_SIGNATURE,True,25719600,25.7196,50600,25242200,0,4100,300100,0,0,0,,,,none,blockchain-modified_uav_id_0,0,True,238,17,
n10-identities_c1-conc_mech-blockchain-1backend_security-battery_r30_audit-off_20260824T233645Z,obs_06aac7166bdd4458ac3f2ec4ad8ed794,2026-08-24T23:37:00.429840+00:00,blockchain,modified_uav_id,1,1,UAV-0005,INVALID_SIGNATURE,INVALID_SIGNATURE,True,28400700,28.4007,50000,27976800,0,4100,264700,0,0,0,,,,none,blockchain-modified_uav_id_0,0,True,237,17,
n10-identities_c1-conc_mech-blockchain-1backend_security-battery_r30_audit-off_20260824T233645Z,obs_ca113519a8a14c40b2895a177f0c66e8,2026-08-24T23:37:00.463470+00:00,blockchain,modified_uav_id,0,1,UAV-0005,INVALID_SIGNATURE,INVALID_SIGNATURE,True,21336600,21.3366,49100,20875700,0,4500,281700,0,0,0,,,,none,blockchain-modified_uav_id_0,0,False,238,17,
n10-identities_c1-conc_mech-blockchain-1backend_security-battery_r30_audit-off_20260824T233645Z,obs_2ffc2832d068495d93d667cff9074925,2026-08-24T23:37:00.499625+00:00,blockchain,modified_uav_id,1,1,UAV-0005,INVALID_SIGNATURE,INVALID_SIGNATURE,True,22525400,22.5254,67400,22023900,0,4700,301200,0,0,0,,,,none,blockchain-modified_uav_id_0,0,False,237,17,
n10-identities_c1-conc_mech-blockchain-1backend_security-battery_r30_audit-off_20260824T233645Z,obs_f0ed9ed1fcc44408a3ec1c34c3e2f953,2026-08-24T23:37:00.533990+00:00,blockchain,modified_uav_id,2,1,UAV-0005,INVALID_SIGNATURE,INVALID_SIGNATURE,True,22250900,22.2509,72700,21830200,0,4000,256100,0,0,0,,,,none,blockchain-modified_uav_id_0,0,False,238,17,
n10-identities_c1-conc_mech-blockchain-1backend_security-battery_r30_audit-off_20260824T233645Z,obs_e6ce5403ccc74428b00b4f22d2832a13,2026-08-24T23:37:00.565080+00:00,blockchain,modified_uav_id,3,1,UAV-0005,INVALID_SIGNATURE,INVALID_SIGNATURE,True,18928900,18.9289,684000,17864300,0,4300,240400,0,0,0,,,,none,blockchain-modified_uav_id_0,0,False,239,17,
n10-identities_c1-conc_mech-blockchain-1backend_security-battery_r30_audit-off_20260824T233645Z,obs_3270c2a371c54825be7407af62714dde,2026-08-24T23:37:00.603549+00:00,blockchain,modified_uav_id,4,1,UAV-0005,INVALID_SIGNATURE,INVALID_SIGNATURE,True,27753200,27.7532,54300,27034700,0,4300,377900,0,0,0,,,,none,blockchain-modified_uav_id_0,0,False,237,17,
n10-identities_c1-conc_mech-blockchain-1backend_security-battery_r30_audit-off_20260824T233645Z,obs_26b63a7e32e04a5dac95d341d342cb58,2026-08-24T23:37:00.648753+00:00,blockchain,modified_uav_id,5,1,UAV-0005,INVALID_SIGNATURE,INVALID_SIGNATURE,True,31237700,31.2377,80200,30759700,0,5800,283600,0,0,0,,,,none,blockchain-modified_uav_id_0,0,False,238,17,
n10-identities_c1-conc_mech-blockchain-1backend_security-battery_r30_audit-off_20260824T233645Z,obs_3dd7de12c636442ba1092f59ff98cdcc,2026-08-24T23:37:00.696474+00:00,blockchain,modified_uav_id,6,1,UAV-0005,INVALID_SIGNATURE,INVALID_SIGNATURE,True,31031500,31.0315,77800,30596600,0,4600,260200,0,0,0,,,,none,blockchain-modified_uav_id_0,0,False,237,17,
n10-identities_c1-conc_mech-blockchain-1backend_security-battery_r30_audit-off_20260824T233645Z,obs_532eb1c167ba40ce88d156199a0b02bf,2026-08-24T23:37:00.739063+00:00,blockchain,modified_uav_id,7,1,UAV-0005,INVALID_SIGNATURE,INVALID_SIGNATURE,True,28573900,28.5739,103300,28062000,0,5300,306900,0,0,0,,,,none,blockchain-modified_uav_id_0,0,False,238,17,
n10-identities_c1-conc_mech-blockchain-1backend_security-battery_r30_audit-off_20260824T233645Z,obs_8808807cbd7440d9b002cba11d3e253d,2026-08-24T23:37:00.782892+00:00,blockchain,modified_uav_id,8,1,UAV-0005,INVALID_SIGNATURE,INVALID_SIGNATURE,True,32391400,32.3914,59700,31957200,0,4900,274800,0,0,0,,,,none,blockchain-modified_uav_id_0,0,False,238,17,
n10-identities_c1-conc_mech-blockchain-1backend_security-battery_r30_audit-off_20260824T233645Z,obs_37cf80fe046042f08892abb753ede781,2026-08-24T23:37:00.826394+00:00,blockchain,modified_uav_id,9,1,UAV-0005,INVALID_SIGNATURE,INVALID_SIGNATURE,True,27311900,27.3119,51900,26881400,0,5100,259100,0,0,0,,,,none,blockchain-modified_uav_id_0,0,False,239,17,
n10-identities_c1-conc_mech-blockchain-1backend_security-battery_r30_audit-off_20260824T233645Z,obs_6fae84855c504e09b0f7f973b5106d7d,2026-08-24T23:37:00.916034+00:00,blockchain,modified_uav_id,10,1,UAV-0005,INVALID_SIGNATURE,INVALID_SIGNATURE,True,30121100,30.1211,68600,29697300,0,4200,252900,0,0,0,,,,none,blockchain-modified_uav_id_0,0,False,237,17,
n10-identities_c1-conc_mech-blockchain-1backend_security-battery_r30_audit-off_20260824T233645Z,obs_f4457600beea46f8845f9b23e8304d90,2026-08-24T23:37:00.952270+00:00,blockchain,modified_uav_id,11,1,UAV-0005,INVALID_SIGNATURE,INVALID_SIGNATURE,True,22289200,22.2892,445100,21886600,0,3500,248100,0,0,0,,,,none,blockchain-modified_uav_id_0,0,False,238,17,
n10-identities_c1-conc_mech-blockchain-1backend_security-battery_r30_audit-off_20260824T233645Z,obs_78af0ecb85ef427fb58aa650cf6544a6,2026-08-24T23:37:00.988681+00:00,blockchain,modified_uav_id,12,1,UAV-0005,INVALID_SIGNATURE,INVALID_SIGNATURE,True,23936900,23.9369,49200,23539800,0,4500,248000,0,0,0,,,,none,blockchain-modified_uav_id_0,0,False,238,17,
n10-identities_c1-conc_mech-blockchain-1backend_security-battery_r30_audit-off_20260824T233645Z,obs_a230af51c03249748a108b26913ef0f3,2026-08-24T23:37:01.081810+00:00,blockchain,modified_uav_id,13,1,UAV-0005,INVALID_SIGNATURE,INVALID_SIGNATURE,True,81988700,81.9887,49100,81494000,0,7100,272900,0,0,0,,,,none,blockchain-modified_uav_id_0,0,False,237,17,
n10-identities_c1-conc_mech-blockchain-1backend_security-battery_r30_audit-off_20260824T233645Z,obs_dcab189d8f564f6d896ea77390180e68,2026-08-24T23:37:01.124077+00:00,blockchain,modified_uav_id,14,1,UAV-0005,INVALID_SIGNATURE,INVALID_SIGNATURE,True,30798300,30.7983,51200,30115700,0,39900,475100,0,0,0,,,,none,blockchain-modified_uav_id_0,0,False,238,17,
n10-identities_c1-conc_mech-blockchain-1backend_security-battery_r30_audit-off_20260824T233645Z,obs_77a463fa69524f4db8abe9f5a4c53a41,2026-08-24T23:37:01.170562+00:00,blockchain,modified_uav_id,15,1,UAV-0005,INVALID_SIGNATURE,INVALID_SIGNATURE,True,35945800,35.9458,48500,35571900,0,3700,230000,0,0,0,,,,none,blockchain-modified_uav_id_0,0,False,237,17,
n10-identities_c1-conc_mech-blockchain-1backend_security-battery_r30_audit-off_20260824T233645Z,obs_cc45fa5a3ea94091a76f4b6431bd1dfb,2026-08-24T23:37:01.213322+00:00,blockchain,modified_uav_id,16,1,UAV-0005,INVALID_SIGNATURE,INVALID_SIGNATURE,True,31954000,31.954,52200,31539200,0,3900,273300,0,0,0,,,,none,blockchain-modified_uav_id_0,0,False,237,17,
n10-identities_c1-conc_mech-blockchain-1backend_security-battery_r30_audit-off_20260824T233645Z,obs_0f7332aeb770499b99a4b011ce58d60d,2026-08-24T23:37:01.267629+00:00,blockchain,modified_uav_id,17,1,UAV-0005,INVALID_SIGNATURE,INVALID_SIGNATURE,True,36058400,36.0584,63800,35569200,0,5200,311500,0,0,0,,,,none,blockchain-modified_uav_id_0,0,False,237,17,
n10-identities_c1-conc_mech-blockchain-1backend_security-battery_r30_audit-off_20260824T233645Z,obs_9e0f6a1b757a437eb2873ec727704ecf,2026-08-24T23:37:01.322405+00:00,blockchain,modified_uav_id,18,1,UAV-0005,INVALID_SIGNATURE,INVALID_SIGNATURE,True,38747400,38.7474,64700,38236500,0,3400,356200,0,0,0,,,,none,blockchain-modified_uav_id_0,0,False,238,17,
n10-identities_c1-conc_mech-blockchain-1backend_security-battery_r30_audit-off_20260824T233645Z,obs_4f996731eb9a4d5fa3f061254b14c666,2026-08-24T23:37:01.365851+00:00,blockchain,modified_uav_id,19,1,UAV-0005,INVALID_SIGNATURE,INVALID_SIGNATURE,True,29967800,29.9678,56500,29560600,0,3900,250300,0,0,0,,,,none,blockchain-modified_uav_id_0,0,False,237,17,
n10-identities_c1-conc_mech-blockchain-1backend_security-battery_r30_audit-off_20260824T233645Z,obs_71286f23f2204392b204d8750a886e0a,2026-08-24T23:37:01.432344+00:00,blockchain,modified_uav_id,20,1,UAV-0005,INVALID_SIGNATURE,INVALID_SIGNATURE,True,52356000,52.356,50600,51908600,0,4900,263900,0,0,0,,,,none,blockchain-modified_uav_id_0,0,False,239,17,
n10-identities_c1-conc_mech-blockchain-1backend_security-battery_r30_audit-off_20260824T233645Z,obs_b234d3b82dc64310a2ed648c4f4c7288,2026-08-24T23:37:01.468752+00:00,blockchain,modified_uav_id,21,1,UAV-0005,INVALID_SIGNATURE,INVALID_SIGNATURE,True,22790700,22.7907,57100,22284200,0,5900,319800,0,0,0,,,,none,blockchain-modified_uav_id_0,0,False,239,17,
n10-identities_c1-conc_mech-blockchain-1backend_security-battery_r30_audit-off_20260824T233645Z,obs_30d51b9362a0452ab4953017da9562c9,2026-08-24T23:37:01.503933+00:00,blockchain,modified_uav_id,22,1,UAV-0005,INVALID_SIGNATURE,INVALID_SIGNATURE,True,22632800,22.6328,60600,22227400,0,4300,248200,0,0,0,,,,none,blockchain-modified_uav_id_0,0,False,238,17,
n10-identities_c1-conc_mech-blockchain-1backend_security-battery_r30_audit-off_20260824T233645Z,obs_4410f7331a13402d9a4f6724f1c98827,2026-08-24T23:37:01.542987+00:00,blockchain,modified_uav_id,23,1,UAV-0005,INVALID_SIGNATURE,INVALID_SIGNATURE,True,24291800,24.2918,62300,23868500,0,4200,242100,0,0,0,,,,none,blockchain-modified_uav_id_0,0,False,238,17,
n10-identities_c1-conc_mech-blockchain-1backend_security-battery_r30_audit-off_20260824T233645Z,obs_f120d0e2beb9420f88c029fb0494f331,2026-08-24T23:37:01.575820+00:00,blockchain,modified_uav_id,24,1,UAV-0005,INVALID_SIGNATURE,INVALID_SIGNATURE,True,21300800,21.3008,66400,20871500,0,4100,265700,0,0,0,,,,none,blockchain-modified_uav_id_0,0,False,238,17,
n10-identities_c1-conc_mech-blockchain-1backend_security-battery_r30_audit-off_20260824T233645Z,obs_fdc4c5079e7d44f6a0f72b0f68076347,2026-08-24T23:37:01.612281+00:00,blockchain,modified_uav_id,25,1,UAV-0005,INVALID_SIGNATURE,INVALID_SIGNATURE,True,24396200,24.3962,59000,23948700,0,4000,267200,0,0,0,,,,none,blockchain-modified_uav_id_0,0,False,238,17,
n10-identities_c1-conc_mech-blockchain-1backend_security-battery_r30_audit-off_20260824T233645Z,obs_632712d349d04b9592cb9bb243137a1b,2026-08-24T23:37:01.650616+00:00,blockchain,modified_uav_id,26,1,UAV-0005,INVALID_SIGNATURE,INVALID_SIGNATURE,True,27009500,27.0095,51000,26539800,0,5600,291700,0,0,0,,,,none,blockchain-modified_uav_id_0,0,False,238,17,
n10-identities_c1-conc_mech-blockchain-1backend_security-battery_r30_audit-off_20260824T233645Z,obs_73cdf53fee1741eda26c807c1c354d96,2026-08-24T23:37:01.697521+00:00,blockchain,modified_uav_id,27,1,UAV-0005,INVALID_SIGNATURE,INVALID_SIGNATURE,True,29596500,29.5965,100600,29058000,0,3800,305200,0,0,0,,,,none,blockchain-modified_uav_id_0,0,False,237,17,
n10-identities_c1-conc_mech-blockchain-1backend_security-battery_r30_audit-off_20260824T233645Z,obs_c691cb2ab8d14582ba9ce37fb250bcd2,2026-08-24T23:37:01.732161+00:00,blockchain,modified_uav_id,28,1,UAV-0005,INVALID_SIGNATURE,INVALID_SIGNATURE,True,21696200,21.6962,51700,21282100,0,4700,253000,0,0,0,,,,none,blockchain-modified_uav_id_0,0,False,238,17,
n10-identities_c1-conc_mech-blockchain-1backend_security-battery_r30_audit-off_20260824T233645Z,obs_afa3cdc7d454471aa5312bfa299b3a99,2026-08-24T23:37:01.770519+00:00,blockchain,modified_uav_id,29,1,UAV-0005,INVALID_SIGNATURE,INVALID_SIGNATURE,True,23983100,23.9831,68700,23590500,0,4400,236300,0,0,0,,,,none,blockchain-modified_uav_id_0,0,False,239,17,
n10-identities_c1-conc_mech-blockchain-1backend_security-battery_r30_audit-off_20260824T233645Z,obs_ed50117d6f6046bc8a291eee69395997,2026-08-24T23:37:01.820836+00:00,blockchain,modified_operation,0,1,UAV-VALID,INVALID_SIGNATURE,INVALID_SIGNATURE,True,23834400,23.8344,46700,23477500,0,3700,231900,0,0,0,,,,none,blockchain-modified_operation_0,0,True,241,17,
n10-identities_c1-conc_mech-blockchain-1backend_security-battery_r30_audit-off_20260824T233645Z,obs_ba2d6a26f31f4d90a6c7525a54e4ecdf,2026-08-24T23:37:01.849498+00:00,blockchain,modified_operation,1,1,UAV-VALID,INVALID_SIGNATURE,INVALID_SIGNATURE,True,21021900,21.0219,51600,20656500,0,4600,239900,0,0,0,,,,none,blockchain-modified_operation_0,0,True,241,17,
n10-identities_c1-conc_mech-blockchain-1backend_security-battery_r30_audit-off_20260824T233645Z,obs_6553388815b34c3f847241954905ddef,2026-08-24T23:37:01.878951+00:00,blockchain,modified_operation,0,1,UAV-VALID,INVALID_SIGNATURE,INVALID_SIGNATURE,True,21672800,21.6728,59300,21129500,0,7100,357500,0,0,0,,,,none,blockchain-modified_operation_0,0,False,241,17,
n10-identities_c1-conc_mech-blockchain-1backend_security-battery_r30_audit-off_20260824T233645Z,obs_55c08b706633434dba78a68d6129a413,2026-08-24T23:37:01.910484+00:00,blockchain,modified_operation,1,1,UAV-VALID,INVALID_SIGNATURE,INVALID_SIGNATURE,True,22916200,22.9162,62800,22507100,0,4900,263400,0,0,0,,,,none,blockchain-modified_operation_0,0,False,241,17,
n10-identities_c1-conc_mech-blockchain-1backend_security-battery_r30_audit-off_20260824T233645Z,obs_05a6682316094088835996ab16aac11e,2026-08-24T23:37:01.964125+00:00,blockchain,modified_operation,2,1,UAV-VALID,INVALID_SIGNATURE,INVALID_SIGNATURE,True,22605700,22.6057,55000,22196600,0,4200,253100,0,0,0,,,,none,blockchain-modified_operation_0,0,False,241,17,
n10-identities_c1-conc_mech-blockchain-1backend_security-battery_r30_audit-off_20260824T233645Z,obs_35aa5b813da5481880b4b7d4aaa11a95,2026-08-24T23:37:01.993258+00:00,blockchain,modified_operation,3,1,UAV-VALID,INVALID_SIGNATURE,INVALID_SIGNATURE,True,20744200,20.7442,63200,20330800,0,25500,243600,0,0,0,,,,none,blockchain-modified_operation_0,0,False,241,17,
n10-identities_c1-conc_mech-blockchain-1backend_security-battery_r30_audit-off_20260824T233645Z,obs_3b8d414998fe490182bd0ef5e757a44a,2026-08-24T23:37:02.020965+00:00,blockchain,modified_operation,4,1,UAV-VALID,INVALID_SIGNATURE,INVALID_SIGNATURE,True,20515100,20.5151,60000,20256300,0,2800,165400,0,0,0,,,,none,blockchain-modified_operation_0,0,False,239,17,
n10-identities_c1-conc_mech-blockchain-1backend_security-battery_r30_audit-off_20260824T233645Z,obs_07cd72670ca44a2aa02b0929ba5e1122,2026-08-24T23:37:02.050586+00:00,blockchain,modified_operation,5,1,UAV-VALID,INVALID_SIGNATURE,INVALID_SIGNATURE,True,21614600,21.6146,61900,21208400,0,2900,263700,0,0,0,,,,none,blockchain-modified_operation_0,0,False,241,17,
n10-identities_c1-conc_mech-blockchain-1backend_security-battery_r30_audit-off_20260824T233645Z,obs_bafe2fa8ffe649bd94c1cffce49992ae,2026-08-24T23:37:02.078996+00:00,blockchain,modified_operation,6,1,UAV-VALID,INVALID_SIGNATURE,INVALID_SIGNATURE,True,20574300,20.5743,82200,20187400,0,3800,256200,0,0,0,,,,none,blockchain-modified_operation_0,0,False,240,17,
n10-identities_c1-conc_mech-blockchain-1backend_security-battery_r30_audit-off_20260824T233645Z,obs_e247085c9d9b435c91fc4221bc03e2d3,2026-08-24T23:37:02.107348+00:00,blockchain,modified_operation,7,1,UAV-VALID,INVALID_SIGNATURE,INVALID_SIGNATURE,True,20357900,20.3579,53700,19983800,0,4300,245300,0,0,0,,,,none,blockchain-modified_operation_0,0,False,240,17,
n10-identities_c1-conc_mech-blockchain-1backend_security-battery_r30_audit-off_20260824T233645Z,obs_b696ac4479084407b3b01c837464b979,2026-08-24T23:37:02.140094+00:00,blockchain,modified_operation,8,1,UAV-VALID,INVALID_SIGNATURE,INVALID_SIGNATURE,True,25054500,25.0545,62100,24676000,0,4100,248400,0,0,0,,,,none,blockchain-modified_operation_0,0,False,240,17,
n10-identities_c1-conc_mech-blockchain-1backend_security-battery_r30_audit-off_20260824T233645Z,obs_1ee55e01235d48a0be3c01d5b3e292e6,2026-08-24T23:37:02.170098+00:00,blockchain,modified_operation,9,1,UAV-VALID,INVALID_SIGNATURE,INVALID_SIGNATURE,True,21847100,21.8471,57100,21395000,0,4600,312600,0,0,0,,,,none,blockchain-modified_operation_0,0,False,239,17,
n10-identities_c1-conc_mech-blockchain-1backend_security-battery_r30_audit-off_20260824T233645Z,obs_706c85816a46496ba528226f49823bb2,2026-08-24T23:37:02.205916+00:00,blockchain,modified_operation,10,1,UAV-VALID,INVALID_SIGNATURE,INVALID_SIGNATURE,True,27199500,27.1995,58100,26807200,0,4800,261400,0,0,0,,,,none,blockchain-modified_operation_0,0,False,241,17,
n10-identities_c1-conc_mech-blockchain-1backend_security-battery_r30_audit-off_20260824T233645Z,obs_f59d6b4f44b148d8923496f4f7713eb6,2026-08-24T23:37:02.241446+00:00,blockchain,modified_operation,11,1,UAV-VALID,INVALID_SIGNATURE,INVALID_SIGNATURE,True,26415100,26.4151,74900,25996400,0,4400,267100,0,0,0,,,,none,blockchain-modified_operation_0,0,False,239,17,
n10-identities_c1-conc_mech-blockchain-1backend_security-battery_r30_audit-off_20260824T233645Z,obs_c90814f8f3d94030b0a0d57cc4e8cb2c,2026-08-24T23:37:02.278708+00:00,blockchain,modified_operation,12,1,UAV-VALID,INVALID_SIGNATURE,INVALID_SIGNATURE,True,28140300,28.1403,51800,27710800,0,7400,264300,0,0,0,,,,none,blockchain-modified_operation_0,0,False,239,17,
n10-identities_c1-conc_mech-blockchain-1backend_security-battery_r30_audit-off_20260824T233645Z,obs_c4774b18a0b04351849abcebe4bc3295,2026-08-24T23:37:02.314222+00:00,blockchain,modified_operation,13,1,UAV-VALID,INVALID_SIGNATURE,INVALID_SIGNATURE,True,27395000,27.395,54100,26991100,0,4700,266500,0,0,0,,,,none,blockchain-modified_operation_0,0,False,239,17,
n10-identities_c1-conc_mech-blockchain-1backend_security-battery_r30_audit-off_20260824T233645Z,obs_346c507c33b740179ba5cf8eb0d12b1a,2026-08-24T23:37:02.346338+00:00,blockchain,modified_operation,14,1,UAV-VALID,INVALID_SIGNATURE,INVALID_SIGNATURE,True,24226700,24.2267,51200,23818800,0,4200,271800,0,0,0,,,,none,blockchain-modified_operation_0,0,False,239,17,
n10-identities_c1-conc_mech-blockchain-1backend_security-battery_r30_audit-off_20260824T233645Z,obs_5f8d82decb6940c3be9474fc30b0c0cb,2026-08-24T23:37:02.376664+00:00,blockchain,modified_operation,15,1,UAV-VALID,INVALID_SIGNATURE,INVALID_SIGNATURE,True,21682200,21.6822,69300,21269100,0,3600,270600,0,0,0,,,,none,blockchain-modified_operation_0,0,False,241,17,
n10-identities_c1-conc_mech-blockchain-1backend_security-battery_r30_audit-off_20260824T233645Z,obs_5f17b5bb61a5480ea33ea6da99cc242b,2026-08-24T23:37:02.413446+00:00,blockchain,modified_operation,16,1,UAV-VALID,INVALID_SIGNATURE,INVALID_SIGNATURE,True,27231700,27.2317,61400,26780700,0,4500,320000,0,0,0,,,,none,blockchain-modified_operation_0,0,False,239,17,
n10-identities_c1-conc_mech-blockchain-1backend_security-battery_r30_audit-off_20260824T233645Z,obs_ec31241ad0a64b4f97b95535e33fa522,2026-08-24T23:37:02.475798+00:00,blockchain,modified_operation,17,1,UAV-VALID,INVALID_SIGNATURE,INVALID_SIGNATURE,True,50841600,50.8416,168900,50430800,0,4200,249800,0,0,0,,,,none,blockchain-modified_operation_0,0,False,239,17,
n10-identities_c1-conc_mech-blockchain-1backend_security-battery_r30_audit-off_20260824T233645Z,obs_963bf07a205f4579a3dd687c6733cecc,2026-08-24T23:37:02.514306+00:00,blockchain,modified_operation,18,1,UAV-VALID,INVALID_SIGNATURE,INVALID_SIGNATURE,True,29146300,29.1463,57300,28529600,0,4600,415200,0,0,0,,,,none,blockchain-modified_operation_0,0,False,241,17,
n10-identities_c1-conc_mech-blockchain-1backend_security-battery_r30_audit-off_20260824T233645Z,obs_7920682bfd51496b8e5c04617690b816,2026-08-24T23:37:02.552840+00:00,blockchain,modified_operation,19,1,UAV-VALID,INVALID_SIGNATURE,INVALID_SIGNATURE,True,28127500,28.1275,239600,27365100,0,2800,634100,0,0,0,,,,none,blockchain-modified_operation_0,0,False,240,17,
n10-identities_c1-conc_mech-blockchain-1backend_security-battery_r30_audit-off_20260824T233645Z,obs_9e9afaef93fa425fbd6cdeb0cc480383,2026-08-24T23:37:02.577469+00:00,blockchain,modified_operation,20,1,UAV-VALID,INVALID_SIGNATURE,INVALID_SIGNATURE,True,17695200,17.6952,67700,17417800,0,2700,184200,0,0,0,,,,none,blockchain-modified_operation_0,0,False,239,17,
n10-identities_c1-conc_mech-blockchain-1backend_security-battery_r30_audit-off_20260824T233645Z,obs_a591f41a10044e5da88c4f3c74f62fb0,2026-08-24T23:37:02.603272+00:00,blockchain,modified_operation,21,1,UAV-VALID,INVALID_SIGNATURE,INVALID_SIGNATURE,True,18246400,18.2464,48400,17948300,0,3500,194200,0,0,0,,,,none,blockchain-modified_operation_0,0,False,241,17,
n10-identities_c1-conc_mech-blockchain-1backend_security-battery_r30_audit-off_20260824T233645Z,obs_706c16a0f1684f8ba41a2121bee1bc89,2026-08-24T23:37:02.631333+00:00,blockchain,modified_operation,22,1,UAV-VALID,INVALID_SIGNATURE,INVALID_SIGNATURE,True,21300500,21.3005,53100,20851700,0,3800,270400,0,0,0,,,,none,blockchain-modified_operation_0,0,False,239,17,
n10-identities_c1-conc_mech-blockchain-1backend_security-battery_r30_audit-off_20260824T233645Z,obs_7b74d8a7209640308f7c77e79ddf24ba,2026-08-24T23:37:02.669937+00:00,blockchain,modified_operation,23,1,UAV-VALID,INVALID_SIGNATURE,INVALID_SIGNATURE,True,29632300,29.6323,59500,29235500,0,3800,243800,0,0,0,,,,none,blockchain-modified_operation_0,0,False,240,17,
n10-identities_c1-conc_mech-blockchain-1backend_security-battery_r30_audit-off_20260824T233645Z,obs_789dfea2f8f14a50ab0f4a7a3bb98856,2026-08-24T23:37:02.697334+00:00,blockchain,modified_operation,24,1,UAV-VALID,INVALID_SIGNATURE,INVALID_SIGNATURE,True,20084700,20.0847,65600,19690800,0,4000,243600,0,0,0,,,,none,blockchain-modified_operation_0,0,False,239,17,
n10-identities_c1-conc_mech-blockchain-1backend_security-battery_r30_audit-off_20260824T233645Z,obs_90cff084548449b1b6694c68b7d413f2,2026-08-24T23:37:02.727607+00:00,blockchain,modified_operation,25,1,UAV-VALID,INVALID_SIGNATURE,INVALID_SIGNATURE,True,21948000,21.948,62100,21598000,0,3700,220000,0,0,0,,,,none,blockchain-modified_operation_0,0,False,239,17,
n10-identities_c1-conc_mech-blockchain-1backend_security-battery_r30_audit-off_20260824T233645Z,obs_08c12cf631f14c24b5ee3088bd938597,2026-08-24T23:37:02.751574+00:00,blockchain,modified_operation,26,1,UAV-VALID,INVALID_SIGNATURE,INVALID_SIGNATURE,True,17152200,17.1522,43900,16805500,0,3300,234900,0,0,0,,,,none,blockchain-modified_operation_0,0,False,239,17,
n10-identities_c1-conc_mech-blockchain-1backend_security-battery_r30_audit-off_20260824T233645Z,obs_46b9d40eba244cb1b757ed8c3dc15fc5,2026-08-24T23:37:02.776922+00:00,blockchain,modified_operation,27,1,UAV-VALID,INVALID_SIGNATURE,INVALID_SIGNATURE,True,18288800,18.2888,79400,17936900,0,4200,230400,0,0,0,,,,none,blockchain-modified_operation_0,0,False,240,17,
n10-identities_c1-conc_mech-blockchain-1backend_security-battery_r30_audit-off_20260824T233645Z,obs_a8ab6920bcdc4d08a0d64adca115c617,2026-08-24T23:37:02.809000+00:00,blockchain,modified_operation,28,1,UAV-VALID,INVALID_SIGNATURE,INVALID_SIGNATURE,True,24047100,24.0471,66100,23634400,0,5200,252700,0,0,0,,,,none,blockchain-modified_operation_0,0,False,239,17,
n10-identities_c1-conc_mech-blockchain-1backend_security-battery_r30_audit-off_20260824T233645Z,obs_aa0754d0a62f43debba8bdaeeec0b364,2026-08-24T23:37:02.838680+00:00,blockchain,modified_operation,29,1,UAV-VALID,INVALID_SIGNATURE,INVALID_SIGNATURE,True,21521100,21.5211,63300,21138300,0,4900,247500,0,0,0,,,,none,blockchain-modified_operation_0,0,False,240,17,
n10-identities_c1-conc_mech-blockchain-1backend_security-battery_r30_audit-off_20260824T233645Z,obs_5dde3216225145e1996da8e8ff9606dd,2026-08-24T23:37:02.998519+00:00,blockchain,expired_challenge,0,1,UAV-VALID,EXPIRED_CHALLENGE,EXPIRED_CHALLENGE,True,34900,0.0349,90400,0,0,0,0,0,0,0,,,,none,blockchain-expired_challenge_0,0,True,239,17,
n10-identities_c1-conc_mech-blockchain-1backend_security-battery_r30_audit-off_20260824T233645Z,obs_47c56de55ae64c5d876d3428fec6c4a6,2026-08-24T23:37:03.125229+00:00,blockchain,expired_challenge,1,1,UAV-VALID,EXPIRED_CHALLENGE,EXPIRED_CHALLENGE,True,43000,0.043,45000,0,0,0,0,0,0,0,,,,none,blockchain-expired_challenge_0,0,True,239,17,
n10-identities_c1-conc_mech-blockchain-1backend_security-battery_r30_audit-off_20260824T233645Z,obs_5a35968f7faa461889a0fda97e8a8a7e,2026-08-24T23:37:03.252662+00:00,blockchain,expired_challenge,0,1,UAV-VALID,EXPIRED_CHALLENGE,EXPIRED_CHALLENGE,True,25700,0.0257,49600,0,0,0,0,0,0,0,,,,none,blockchain-expired_challenge_0,0,False,239,17,
n10-identities_c1-conc_mech-blockchain-1backend_security-battery_r30_audit-off_20260824T233645Z,obs_3f201c25470f4e01b04a93a8bf3c9f90,2026-08-24T23:37:03.378219+00:00,blockchain,expired_challenge,1,1,UAV-VALID,EXPIRED_CHALLENGE,EXPIRED_CHALLENGE,True,29300,0.0293,47500,0,0,0,0,0,0,0,,,,none,blockchain-expired_challenge_0,0,False,238,17,
n10-identities_c1-conc_mech-blockchain-1backend_security-battery_r30_audit-off_20260824T233645Z,obs_265a87a5919a4b7eb773ac65377327b4,2026-08-24T23:37:03.518556+00:00,blockchain,expired_challenge,2,1,UAV-VALID,EXPIRED_CHALLENGE,EXPIRED_CHALLENGE,True,35900,0.0359,74100,0,0,0,0,0,0,0,,,,none,blockchain-expired_challenge_0,0,False,239,17,
n10-identities_c1-conc_mech-blockchain-1backend_security-battery_r30_audit-off_20260824T233645Z,obs_43ac5feef67d4dbab92d8ad57c525acc,2026-08-24T23:37:03.647072+00:00,blockchain,expired_challenge,3,1,UAV-VALID,EXPIRED_CHALLENGE,EXPIRED_CHALLENGE,True,40400,0.0404,74100,0,0,0,0,0,0,0,,,,none,blockchain-expired_challenge_0,0,False,240,17,
n10-identities_c1-conc_mech-blockchain-1backend_security-battery_r30_audit-off_20260824T233645Z,obs_c55dcd0c894f41dba2a5624a60382011,2026-08-24T23:37:03.775378+00:00,blockchain,expired_challenge,4,1,UAV-VALID,EXPIRED_CHALLENGE,EXPIRED_CHALLENGE,True,303600,0.3036,53600,0,0,0,0,0,0,0,,,,none,blockchain-expired_challenge_0,0,False,240,17,
n10-identities_c1-conc_mech-blockchain-1backend_security-battery_r30_audit-off_20260824T233645Z,obs_2316d1601a044811a4a5cee53fde7cc5,2026-08-24T23:37:03.901335+00:00,blockchain,expired_challenge,5,1,UAV-VALID,EXPIRED_CHALLENGE,EXPIRED_CHALLENGE,True,39400,0.0394,41800,0,0,0,0,0,0,0,,,,none,blockchain-expired_challenge_0,0,False,239,17,
n10-identities_c1-conc_mech-blockchain-1backend_security-battery_r30_audit-off_20260824T233645Z,obs_555acfed85bc409586a8bcadeeada1b5,2026-08-24T23:37:04.038858+00:00,blockchain,expired_challenge,6,1,UAV-VALID,EXPIRED_CHALLENGE,EXPIRED_CHALLENGE,True,39400,0.0394,105400,0,0,0,0,0,0,0,,,,none,blockchain-expired_challenge_0,0,False,240,17,
n10-identities_c1-conc_mech-blockchain-1backend_security-battery_r30_audit-off_20260824T233645Z,obs_4930ed993a704629b622328f6f00aa92,2026-08-24T23:37:04.166389+00:00,blockchain,expired_challenge,7,1,UAV-VALID,EXPIRED_CHALLENGE,EXPIRED_CHALLENGE,True,24700,0.0247,57800,0,0,0,0,0,0,0,,,,none,blockchain-expired_challenge_0,0,False,239,17,
n10-identities_c1-conc_mech-blockchain-1backend_security-battery_r30_audit-off_20260824T233645Z,obs_86c8e0b0b73b415593b9e01efdb5f711,2026-08-24T23:37:04.292536+00:00,blockchain,expired_challenge,8,1,UAV-VALID,EXPIRED_CHALLENGE,EXPIRED_CHALLENGE,True,489100,0.4891,30200,0,0,0,0,0,0,0,,,,none,blockchain-expired_challenge_0,0,False,239,17,
n10-identities_c1-conc_mech-blockchain-1backend_security-battery_r30_audit-off_20260824T233645Z,obs_abc4af66f4d541cebe3a73c68b3ec30e,2026-08-24T23:37:04.421049+00:00,blockchain,expired_challenge,9,1,UAV-VALID,EXPIRED_CHALLENGE,EXPIRED_CHALLENGE,True,46800,0.0468,56800,0,0,0,0,0,0,0,,,,none,blockchain-expired_challenge_0,0,False,239,17,
n10-identities_c1-conc_mech-blockchain-1backend_security-battery_r30_audit-off_20260824T233645Z,obs_fc2fbd7ef2414d63ba781badd2e5dbea,2026-08-24T23:37:04.566470+00:00,blockchain,expired_challenge,10,1,UAV-VALID,EXPIRED_CHALLENGE,EXPIRED_CHALLENGE,True,47900,0.0479,40400,0,0,0,0,0,0,0,,,,none,blockchain-expired_challenge_0,0,False,240,17,
n10-identities_c1-conc_mech-blockchain-1backend_security-battery_r30_audit-off_20260824T233645Z,obs_e44f216c6c69465b930f0a80268a433f,2026-08-24T23:37:04.695784+00:00,blockchain,expired_challenge,11,1,UAV-VALID,EXPIRED_CHALLENGE,EXPIRED_CHALLENGE,True,47900,0.0479,66500,0,0,0,0,0,0,0,,,,none,blockchain-expired_challenge_0,0,False,240,17,
n10-identities_c1-conc_mech-blockchain-1backend_security-battery_r30_audit-off_20260824T233645Z,obs_aba0d783b01f4e05852a8a1010b3a79c,2026-08-24T23:37:04.823113+00:00,blockchain,expired_challenge,12,1,UAV-VALID,EXPIRED_CHALLENGE,EXPIRED_CHALLENGE,True,50400,0.0504,37100,0,0,0,0,0,0,0,,,,none,blockchain-expired_challenge_0,0,False,239,17,
n10-identities_c1-conc_mech-blockchain-1backend_security-battery_r30_audit-off_20260824T233645Z,obs_a214b7387f0a430887336b00d4fe3a94,2026-08-24T23:37:04.952008+00:00,blockchain,expired_challenge,13,1,UAV-VALID,EXPIRED_CHALLENGE,EXPIRED_CHALLENGE,True,30200,0.0302,42400,0,0,0,0,0,0,0,,,,none,blockchain-expired_challenge_0,0,False,239,17,
n10-identities_c1-conc_mech-blockchain-1backend_security-battery_r30_audit-off_20260824T233645Z,obs_8681d935f6f54c36b7e80b73b8cf43b7,2026-08-24T23:37:05.081410+00:00,blockchain,expired_challenge,14,1,UAV-VALID,EXPIRED_CHALLENGE,EXPIRED_CHALLENGE,True,52800,0.0528,48500,0,0,0,0,0,0,0,,,,none,blockchain-expired_challenge_0,0,False,238,17,
n10-identities_c1-conc_mech-blockchain-1backend_security-battery_r30_audit-off_20260824T233645Z,obs_b79027e90df844978018458f0210965a,2026-08-24T23:37:05.206240+00:00,blockchain,expired_challenge,15,1,UAV-VALID,EXPIRED_CHALLENGE,EXPIRED_CHALLENGE,True,66100,0.0661,52500,0,0,0,0,0,0,0,,,,none,blockchain-expired_challenge_0,0,False,239,17,
n10-identities_c1-conc_mech-blockchain-1backend_security-battery_r30_audit-off_20260824T233645Z,obs_33d0445a3f044018b12d43c5fce3f0ac,2026-08-24T23:37:05.335309+00:00,blockchain,expired_challenge,16,1,UAV-VALID,EXPIRED_CHALLENGE,EXPIRED_CHALLENGE,True,34400,0.0344,42800,0,0,0,0,0,0,0,,,,none,blockchain-expired_challenge_0,0,False,240,17,
n10-identities_c1-conc_mech-blockchain-1backend_security-battery_r30_audit-off_20260824T233645Z,obs_065cf617ff1148aeaaecc59adde96706,2026-08-24T23:37:05.461316+00:00,blockchain,expired_challenge,17,1,UAV-VALID,EXPIRED_CHALLENGE,EXPIRED_CHALLENGE,True,47800,0.0478,135700,0,0,0,0,0,0,0,,,,none,blockchain-expired_challenge_0,0,False,239,17,
n10-identities_c1-conc_mech-blockchain-1backend_security-battery_r30_audit-off_20260824T233645Z,obs_ca50cdecf66d4b96b6edaac5529f0b3c,2026-08-24T23:37:05.601782+00:00,blockchain,expired_challenge,18,1,UAV-VALID,EXPIRED_CHALLENGE,EXPIRED_CHALLENGE,True,36400,0.0364,51000,0,0,0,0,0,0,0,,,,none,blockchain-expired_challenge_0,0,False,239,17,
n10-identities_c1-conc_mech-blockchain-1backend_security-battery_r30_audit-off_20260824T233645Z,obs_e6dbe382ed2b4ada98a258ba4f1e6d7c,2026-08-24T23:37:05.732635+00:00,blockchain,expired_challenge,19,1,UAV-VALID,EXPIRED_CHALLENGE,EXPIRED_CHALLENGE,True,37700,0.0377,63300,0,0,0,0,0,0,0,,,,none,blockchain-expired_challenge_0,0,False,238,17,
n10-identities_c1-conc_mech-blockchain-1backend_security-battery_r30_audit-off_20260824T233645Z,obs_fd285c2c078045cea62c322dee567a66,2026-08-24T23:37:05.859214+00:00,blockchain,expired_challenge,20,1,UAV-VALID,EXPIRED_CHALLENGE,EXPIRED_CHALLENGE,True,39200,0.0392,58100,0,0,0,0,0,0,0,,,,none,blockchain-expired_challenge_0,0,False,238,17,
n10-identities_c1-conc_mech-blockchain-1backend_security-battery_r30_audit-off_20260824T233645Z,obs_b15113cda17a44f392a72542aa8891d5,2026-08-24T23:37:05.986049+00:00,blockchain,expired_challenge,21,1,UAV-VALID,EXPIRED_CHALLENGE,EXPIRED_CHALLENGE,True,37900,0.0379,46000,0,0,0,0,0,0,0,,,,none,blockchain-expired_challenge_0,0,False,238,17,
n10-identities_c1-conc_mech-blockchain-1backend_security-battery_r30_audit-off_20260824T233645Z,obs_ec3b4f5236034c4b81e79e9fed8d3407,2026-08-24T23:37:06.119416+00:00,blockchain,expired_challenge,22,1,UAV-VALID,EXPIRED_CHALLENGE,EXPIRED_CHALLENGE,True,38800,0.0388,49300,0,0,0,0,0,0,0,,,,none,blockchain-expired_challenge_0,0,False,240,17,
n10-identities_c1-conc_mech-blockchain-1backend_security-battery_r30_audit-off_20260824T233645Z,obs_86f22df8a4074c24926b00046e3ff167,2026-08-24T23:37:06.246025+00:00,blockchain,expired_challenge,23,1,UAV-VALID,EXPIRED_CHALLENGE,EXPIRED_CHALLENGE,True,25300,0.0253,61900,0,0,0,0,0,0,0,,,,none,blockchain-expired_challenge_0,0,False,239,17,
n10-identities_c1-conc_mech-blockchain-1backend_security-battery_r30_audit-off_20260824T233645Z,obs_8c58fc7e316f413596b84a91adb771dd,2026-08-24T23:37:06.371268+00:00,blockchain,expired_challenge,24,1,UAV-VALID,EXPIRED_CHALLENGE,EXPIRED_CHALLENGE,True,33400,0.0334,28600,0,0,0,0,0,0,0,,,,none,blockchain-expired_challenge_0,0,False,238,17,
n10-identities_c1-conc_mech-blockchain-1backend_security-battery_r30_audit-off_20260824T233645Z,obs_755cb037113a4a3e8120d36d68d68123,2026-08-24T23:37:06.498682+00:00,blockchain,expired_challenge,25,1,UAV-VALID,EXPIRED_CHALLENGE,EXPIRED_CHALLENGE,True,39300,0.0393,47400,0,0,0,0,0,0,0,,,,none,blockchain-expired_challenge_0,0,False,239,17,
n10-identities_c1-conc_mech-blockchain-1backend_security-battery_r30_audit-off_20260824T233645Z,obs_d6b913940870464b987d5f63f2d0f7ce,2026-08-24T23:37:06.646500+00:00,blockchain,expired_challenge,26,1,UAV-VALID,EXPIRED_CHALLENGE,EXPIRED_CHALLENGE,True,50000,0.05,48600,0,0,0,0,0,0,0,,,,none,blockchain-expired_challenge_0,0,False,239,17,
n10-identities_c1-conc_mech-blockchain-1backend_security-battery_r30_audit-off_20260824T233645Z,obs_9036760aff8a4172a5a632a96199e676,2026-08-24T23:37:06.773098+00:00,blockchain,expired_challenge,27,1,UAV-VALID,EXPIRED_CHALLENGE,EXPIRED_CHALLENGE,True,45500,0.0455,40600,0,0,0,0,0,0,0,,,,none,blockchain-expired_challenge_0,0,False,238,17,
n10-identities_c1-conc_mech-blockchain-1backend_security-battery_r30_audit-off_20260824T233645Z,obs_58fe6292e9fb4e40abee32bb662bc593,2026-08-24T23:37:06.899438+00:00,blockchain,expired_challenge,28,1,UAV-VALID,EXPIRED_CHALLENGE,EXPIRED_CHALLENGE,True,26100,0.0261,45400,0,0,0,0,0,0,0,,,,none,blockchain-expired_challenge_0,0,False,238,17,
n10-identities_c1-conc_mech-blockchain-1backend_security-battery_r30_audit-off_20260824T233645Z,obs_b6c055a54cf44e51a0893067d0417386,2026-08-24T23:37:07.025298+00:00,blockchain,expired_challenge,29,1,UAV-VALID,EXPIRED_CHALLENGE,EXPIRED_CHALLENGE,True,51900,0.0519,30200,0,0,0,0,0,0,0,,,,none,blockchain-expired_challenge_0,0,False,238,17,
n10-identities_c1-conc_mech-blockchain-1backend_security-battery_r30_audit-off_20260824T233645Z,obs_a6aad89424a1403d81757f9bc50e14f4,2026-08-24T23:37:07.069343+00:00,blockchain,revoked_uav,0,1,UAV-REVOKED,REVOKED_IDENTITY,REVOKED_IDENTITY,True,20990100,20.9901,57500,20938100,0,2300,0,0,0,0,,,,none,blockchain-revoked_uav_0,0,True,241,16,
n10-identities_c1-conc_mech-blockchain-1backend_security-battery_r30_audit-off_20260824T233645Z,obs_22ee83c40ce44246a541e906f96aeb4c,2026-08-24T23:37:07.091097+00:00,blockchain,revoked_uav,1,1,UAV-REVOKED,REVOKED_IDENTITY,REVOKED_IDENTITY,True,15865500,15.8655,43200,15819300,0,3700,0,0,0,0,,,,none,blockchain-revoked_uav_0,0,True,241,16,
n10-identities_c1-conc_mech-blockchain-1backend_security-battery_r30_audit-off_20260824T233645Z,obs_3b0a7c462cfa4829b2f7222c4664de35,2026-08-24T23:37:07.114821+00:00,blockchain,revoked_uav,0,1,UAV-REVOKED,REVOKED_IDENTITY,REVOKED_IDENTITY,True,16379900,16.3799,42400,16322300,0,4100,0,0,0,0,,,,none,blockchain-revoked_uav_0,0,False,240,16,
n10-identities_c1-conc_mech-blockchain-1backend_security-battery_r30_audit-off_20260824T233645Z,obs_a54d1e97d15d48a2a7593380579c8595,2026-08-24T23:37:07.139460+00:00,blockchain,revoked_uav,1,1,UAV-REVOKED,REVOKED_IDENTITY,REVOKED_IDENTITY,True,16805200,16.8052,80900,16733800,0,3700,0,0,0,0,,,,none,blockchain-revoked_uav_0,0,False,241,16,
n10-identities_c1-conc_mech-blockchain-1backend_security-battery_r30_audit-off_20260824T233645Z,obs_d6aebc1313194360acf2b2e87a938ce8,2026-08-24T23:37:07.179040+00:00,blockchain,revoked_uav,2,1,UAV-REVOKED,REVOKED_IDENTITY,REVOKED_IDENTITY,True,33835800,33.8358,48900,33775800,0,2900,0,0,0,0,,,,none,blockchain-revoked_uav_0,0,False,241,16,
n10-identities_c1-conc_mech-blockchain-1backend_security-battery_r30_audit-off_20260824T233645Z,obs_08e2081efe3f4224a6b325c98ae336ba,2026-08-24T23:37:07.197749+00:00,blockchain,revoked_uav,3,1,UAV-REVOKED,REVOKED_IDENTITY,REVOKED_IDENTITY,True,13242300,13.2423,33500,13195400,0,3000,0,0,0,0,,,,none,blockchain-revoked_uav_0,0,False,241,16,
n10-identities_c1-conc_mech-blockchain-1backend_security-battery_r30_audit-off_20260824T233645Z,obs_e4bb25d259ad4856b32dc91b46fe261f,2026-08-24T23:37:07.220432+00:00,blockchain,revoked_uav,4,1,UAV-REVOKED,REVOKED_IDENTITY,REVOKED_IDENTITY,True,16860800,16.8608,45400,16817000,0,3400,0,0,0,0,,,,none,blockchain-revoked_uav_0,0,False,241,16,
n10-identities_c1-conc_mech-blockchain-1backend_security-battery_r30_audit-off_20260824T233645Z,obs_18ee8569085f415abe790a10dcb52fe4,2026-08-24T23:37:07.243382+00:00,blockchain,revoked_uav,5,1,UAV-REVOKED,REVOKED_IDENTITY,REVOKED_IDENTITY,True,16015700,16.0157,42800,15965700,0,3500,0,0,0,0,,,,none,blockchain-revoked_uav_0,0,False,242,16,
n10-identities_c1-conc_mech-blockchain-1backend_security-battery_r30_audit-off_20260824T233645Z,obs_f55045efdeac45fbbc5cf502797e7688,2026-08-24T23:37:07.265745+00:00,blockchain,revoked_uav,6,1,UAV-REVOKED,REVOKED_IDENTITY,REVOKED_IDENTITY,True,16367800,16.3678,47200,16318600,0,3200,0,0,0,0,,,,none,blockchain-revoked_uav_0,0,False,241,16,
n10-identities_c1-conc_mech-blockchain-1backend_security-battery_r30_audit-off_20260824T233645Z,obs_f5943e7eeee94e7e822fab84651cc890,2026-08-24T23:37:07.287574+00:00,blockchain,revoked_uav,7,1,UAV-REVOKED,REVOKED_IDENTITY,REVOKED_IDENTITY,True,16039300,16.0393,40800,15992100,0,3500,0,0,0,0,,,,none,blockchain-revoked_uav_0,0,False,242,16,
n10-identities_c1-conc_mech-blockchain-1backend_security-battery_r30_audit-off_20260824T233645Z,obs_5bd00dfc8ed040209463a0609ba7662b,2026-08-24T23:37:07.310035+00:00,blockchain,revoked_uav,8,1,UAV-REVOKED,REVOKED_IDENTITY,REVOKED_IDENTITY,True,15552900,15.5529,44200,15509800,0,2400,0,0,0,0,,,,none,blockchain-revoked_uav_0,0,False,241,16,
n10-identities_c1-conc_mech-blockchain-1backend_security-battery_r30_audit-off_20260824T233645Z,obs_9596c9c0fc414983a8114d6cd2dd5b5e,2026-08-24T23:37:07.333369+00:00,blockchain,revoked_uav,9,1,UAV-REVOKED,REVOKED_IDENTITY,REVOKED_IDENTITY,True,17795200,17.7952,44100,17756800,0,3600,0,0,0,0,,,,none,blockchain-revoked_uav_0,0,False,241,16,
n10-identities_c1-conc_mech-blockchain-1backend_security-battery_r30_audit-off_20260824T233645Z,obs_f5ee90787c15492593c4420bb19a31f9,2026-08-24T23:37:07.354989+00:00,blockchain,revoked_uav,10,1,UAV-REVOKED,REVOKED_IDENTITY,REVOKED_IDENTITY,True,15915800,15.9158,60200,15857100,0,3700,0,0,0,0,,,,none,blockchain-revoked_uav_0,0,False,242,16,
n10-identities_c1-conc_mech-blockchain-1backend_security-battery_r30_audit-off_20260824T233645Z,obs_5fe20feefd1e4fc588568c266508554d,2026-08-24T23:37:07.377846+00:00,blockchain,revoked_uav,11,1,UAV-REVOKED,REVOKED_IDENTITY,REVOKED_IDENTITY,True,16566300,16.5663,42000,16499500,0,3600,0,0,0,0,,,,none,blockchain-revoked_uav_0,0,False,240,16,
n10-identities_c1-conc_mech-blockchain-1backend_security-battery_r30_audit-off_20260824T233645Z,obs_1d4dd54a54af4992bb20da2b153f7375,2026-08-24T23:37:07.402812+00:00,blockchain,revoked_uav,12,1,UAV-REVOKED,REVOKED_IDENTITY,REVOKED_IDENTITY,True,18234400,18.2344,50500,18174300,0,3700,0,0,0,0,,,,none,blockchain-revoked_uav_0,0,False,241,16,
n10-identities_c1-conc_mech-blockchain-1backend_security-battery_r30_audit-off_20260824T233645Z,obs_c5aaab05aea04f699a4baf61c4e57850,2026-08-24T23:37:07.427490+00:00,blockchain,revoked_uav,13,1,UAV-REVOKED,REVOKED_IDENTITY,REVOKED_IDENTITY,True,17610900,17.6109,46200,17566100,0,2400,0,0,0,0,,,,none,blockchain-revoked_uav_0,0,False,242,16,
n10-identities_c1-conc_mech-blockchain-1backend_security-battery_r30_audit-off_20260824T233645Z,obs_5c84c5de7ef5477f8536950ce6e732d4,2026-08-24T23:37:07.449587+00:00,blockchain,revoked_uav,14,1,UAV-REVOKED,REVOKED_IDENTITY,REVOKED_IDENTITY,True,16527500,16.5275,35100,16485500,0,3400,0,0,0,0,,,,none,blockchain-revoked_uav_0,0,False,240,16,
n10-identities_c1-conc_mech-blockchain-1backend_security-battery_r30_audit-off_20260824T233645Z,obs_43a9a67733c440719f289b9e8fa08923,2026-08-24T23:37:07.471319+00:00,blockchain,revoked_uav,15,1,UAV-REVOKED,REVOKED_IDENTITY,REVOKED_IDENTITY,True,15578100,15.5781,87500,15523300,0,3200,0,0,0,0,,,,none,blockchain-revoked_uav_0,0,False,242,16,
n10-identities_c1-conc_mech-blockchain-1backend_security-battery_r30_audit-off_20260824T233645Z,obs_3b1fe0c2173047058d2ca070ea1a048f,2026-08-24T23:37:07.500211+00:00,blockchain,revoked_uav,16,1,UAV-REVOKED,REVOKED_IDENTITY,REVOKED_IDENTITY,True,22943100,22.9431,60300,22881300,0,2900,0,0,0,0,,,,none,blockchain-revoked_uav_0,0,False,240,16,
n10-identities_c1-conc_mech-blockchain-1backend_security-battery_r30_audit-off_20260824T233645Z,obs_5983005467b54ac2b6dd52ad69ba911f,2026-08-24T23:37:07.529082+00:00,blockchain,revoked_uav,17,1,UAV-REVOKED,REVOKED_IDENTITY,REVOKED_IDENTITY,True,18803800,18.8038,824800,18742000,0,2600,0,0,0,0,,,,none,blockchain-revoked_uav_0,0,False,242,16,
n10-identities_c1-conc_mech-blockchain-1backend_security-battery_r30_audit-off_20260824T233645Z,obs_471e56102bba4d979e394e72fdbcee96,2026-08-24T23:37:07.565023+00:00,blockchain,revoked_uav,18,1,UAV-REVOKED,REVOKED_IDENTITY,REVOKED_IDENTITY,True,29638900,29.6389,38900,29589200,0,4200,0,0,0,0,,,,none,blockchain-revoked_uav_0,0,False,241,16,
n10-identities_c1-conc_mech-blockchain-1backend_security-battery_r30_audit-off_20260824T233645Z,obs_8338e4b6508442218b626b8155ab0d22,2026-08-24T23:37:07.593126+00:00,blockchain,revoked_uav,19,1,UAV-REVOKED,REVOKED_IDENTITY,REVOKED_IDENTITY,True,19871900,19.8719,72000,19805000,0,4600,0,0,0,0,,,,none,blockchain-revoked_uav_0,0,False,240,16,
n10-identities_c1-conc_mech-blockchain-1backend_security-battery_r30_audit-off_20260824T233645Z,obs_69a445531ced4d59810aa0551859ed5d,2026-08-24T23:37:07.625659+00:00,blockchain,revoked_uav,20,1,UAV-REVOKED,REVOKED_IDENTITY,REVOKED_IDENTITY,True,25367500,25.3675,82500,25302800,0,4900,0,0,0,0,,,,none,blockchain-revoked_uav_0,0,False,242,16,
n10-identities_c1-conc_mech-blockchain-1backend_security-battery_r30_audit-off_20260824T233645Z,obs_d82608b178eb47fd80b67afacf77f9d2,2026-08-24T23:37:07.660421+00:00,blockchain,revoked_uav,21,1,UAV-REVOKED,REVOKED_IDENTITY,REVOKED_IDENTITY,True,26483700,26.4837,58500,26410800,0,4100,0,0,0,0,,,,none,blockchain-revoked_uav_0,0,False,242,16,
n10-identities_c1-conc_mech-blockchain-1backend_security-battery_r30_audit-off_20260824T233645Z,obs_adb7d34d18384bb88f437e47d2cf5161,2026-08-24T23:37:07.703942+00:00,blockchain,revoked_uav,22,1,UAV-REVOKED,REVOKED_IDENTITY,REVOKED_IDENTITY,True,35886400,35.8864,49600,35838800,0,3500,0,0,0,0,,,,none,blockchain-revoked_uav_0,0,False,240,16,
n10-identities_c1-conc_mech-blockchain-1backend_security-battery_r30_audit-off_20260824T233645Z,obs_f6b4a3ca4a324d2e951130cde7bd9ae3,2026-08-24T23:37:07.731615+00:00,blockchain,revoked_uav,23,1,UAV-REVOKED,REVOKED_IDENTITY,REVOKED_IDENTITY,True,19421000,19.421,53100,19364100,0,3200,0,0,0,0,,,,none,blockchain-revoked_uav_0,0,False,241,16,
n10-identities_c1-conc_mech-blockchain-1backend_security-battery_r30_audit-off_20260824T233645Z,obs_526bc934904b4ab1b96af9366e46f487,2026-08-24T23:37:07.761239+00:00,blockchain,revoked_uav,24,1,UAV-REVOKED,REVOKED_IDENTITY,REVOKED_IDENTITY,True,22483100,22.4831,84300,22420900,0,4100,0,0,0,0,,,,none,blockchain-revoked_uav_0,0,False,240,16,
n10-identities_c1-conc_mech-blockchain-1backend_security-battery_r30_audit-off_20260824T233645Z,obs_326fce7cfd7e4886825f9813cdf53d2f,2026-08-24T23:37:07.785814+00:00,blockchain,revoked_uav,25,1,UAV-REVOKED,REVOKED_IDENTITY,REVOKED_IDENTITY,True,17713100,17.7131,45600,17660900,0,4100,0,0,0,0,,,,none,blockchain-revoked_uav_0,0,False,241,16,
n10-identities_c1-conc_mech-blockchain-1backend_security-battery_r30_audit-off_20260824T233645Z,obs_7e0b1f858c9c41f1a2de9de63766ec06,2026-08-24T23:37:07.813318+00:00,blockchain,revoked_uav,26,1,UAV-REVOKED,REVOKED_IDENTITY,REVOKED_IDENTITY,True,18435200,18.4352,47400,18379100,0,4200,0,0,0,0,,,,none,blockchain-revoked_uav_0,0,False,241,16,
n10-identities_c1-conc_mech-blockchain-1backend_security-battery_r30_audit-off_20260824T233645Z,obs_5f9627c69b01469ab74ed3d7688613b2,2026-08-24T23:37:07.852664+00:00,blockchain,revoked_uav,27,1,UAV-REVOKED,REVOKED_IDENTITY,REVOKED_IDENTITY,True,27841100,27.8411,103000,27773700,0,4500,0,0,0,0,,,,none,blockchain-revoked_uav_0,0,False,241,16,
n10-identities_c1-conc_mech-blockchain-1backend_security-battery_r30_audit-off_20260824T233645Z,obs_709001aec39f4a3cb3ac5ddb05730cf4,2026-08-24T23:37:07.884255+00:00,blockchain,revoked_uav,28,1,UAV-REVOKED,REVOKED_IDENTITY,REVOKED_IDENTITY,True,23050700,23.0507,54600,23000200,0,3300,0,0,0,0,,,,none,blockchain-revoked_uav_0,0,False,240,16,
n10-identities_c1-conc_mech-blockchain-1backend_security-battery_r30_audit-off_20260824T233645Z,obs_d92c00a5ff384b1487cd55dc69125b64,2026-08-24T23:37:07.910747+00:00,blockchain,revoked_uav,29,1,UAV-REVOKED,REVOKED_IDENTITY,REVOKED_IDENTITY,True,18574800,18.5748,93000,18515200,0,4200,0,0,0,0,,,,none,blockchain-revoked_uav_0,0,False,242,16,
n10-identities_c1-conc_mech-blockchain-1backend_security-battery_r30_audit-off_20260824T233645Z,obs_b76a0fb8928c47a7abce101ffb6d2d1d,2026-08-24T23:37:07.967332+00:00,blockchain,unauthorised_operation,0,1,UAV-LIMITED,UNAUTHORISED_OPERATION,UNAUTHORISED_OPERATION,True,31894500,31.8945,58000,31506600,0,3500,236100,5500,0,0,,,,none,blockchain-unauthorised_operation_0,0,True,242,22,
n10-identities_c1-conc_mech-blockchain-1backend_security-battery_r30_audit-off_20260824T233645Z,obs_9dd3ba73781c4d99bb8d708a91f26cfd,2026-08-24T23:37:07.995793+00:00,blockchain,unauthorised_operation,1,1,UAV-LIMITED,UNAUTHORISED_OPERATION,UNAUTHORISED_OPERATION,True,18564800,18.5648,69700,18204800,0,3500,210500,6300,0,0,,,,none,blockchain-unauthorised_operation_0,0,True,242,22,
n10-identities_c1-conc_mech-blockchain-1backend_security-battery_r30_audit-off_20260824T233645Z,obs_0a5f43026a5f49a991e3fe5937e84af0,2026-08-24T23:37:08.023977+00:00,blockchain,unauthorised_operation,0,1,UAV-LIMITED,UNAUTHORISED_OPERATION,UNAUTHORISED_OPERATION,True,21260700,21.2607,48200,20853500,0,4400,248200,8300,0,0,,,,none,blockchain-unauthorised_operation_0,0,False,241,22,
n10-identities_c1-conc_mech-blockchain-1backend_security-battery_r30_audit-off_20260824T233645Z,obs_d106531ff91742c497ecba7d20b908f5,2026-08-24T23:37:08.053864+00:00,blockchain,unauthorised_operation,1,1,UAV-LIMITED,UNAUTHORISED_OPERATION,UNAUTHORISED_OPERATION,True,22480100,22.4801,52400,22104200,0,4400,224400,6600,0,0,,,,none,blockchain-unauthorised_operation_0,0,False,242,22,
n10-identities_c1-conc_mech-blockchain-1backend_security-battery_r30_audit-off_20260824T233645Z,obs_36c33f06f5414993b0779186693e64ff,2026-08-24T23:37:08.083601+00:00,blockchain,unauthorised_operation,2,1,UAV-LIMITED,UNAUTHORISED_OPERATION,UNAUTHORISED_OPERATION,True,22637800,22.6378,40100,22236000,0,4400,251900,8600,0,0,,,,none,blockchain-unauthorised_operation_0,0,False,242,22,
n10-identities_c1-conc_mech-blockchain-1backend_security-battery_r30_audit-off_20260824T233645Z,obs_0f0c0e5aee1f4bf6bfebaff9dc582232,2026-08-24T23:37:08.112228+00:00,blockchain,unauthorised_operation,3,1,UAV-LIMITED,UNAUTHORISED_OPERATION,UNAUTHORISED_OPERATION,True,21452700,21.4527,58200,21000800,0,4200,292000,6300,0,0,,,,none,blockchain-unauthorised_operation_0,0,False,241,22,
n10-identities_c1-conc_mech-blockchain-1backend_security-battery_r30_audit-off_20260824T233645Z,obs_37fd708e4365497eb530f07f5272dd48,2026-08-24T23:37:08.135696+00:00,blockchain,unauthorised_operation,4,1,UAV-LIMITED,UNAUTHORISED_OPERATION,UNAUTHORISED_OPERATION,True,17804300,17.8043,43800,17501100,0,2400,176800,14100,0,0,,,,none,blockchain-unauthorised_operation_0,0,False,243,22,
n10-identities_c1-conc_mech-blockchain-1backend_security-battery_r30_audit-off_20260824T233645Z,obs_7a569037d39f4e68a1973cfa362256e0,2026-08-24T23:37:08.172038+00:00,blockchain,unauthorised_operation,5,1,UAV-LIMITED,UNAUTHORISED_OPERATION,UNAUTHORISED_OPERATION,True,25271000,25.271,49200,24848700,0,3800,241600,5700,0,0,,,,none,blockchain-unauthorised_operation_0,0,False,242,22,
n10-identities_c1-conc_mech-blockchain-1backend_security-battery_r30_audit-off_20260824T233645Z,obs_bad2cca6ebce4c44aa7ebb698fd9454b,2026-08-24T23:37:08.212760+00:00,blockchain,unauthorised_operation,6,1,UAV-LIMITED,UNAUTHORISED_OPERATION,UNAUTHORISED_OPERATION,True,33064100,33.0641,56400,32787500,0,2500,162300,3600,0,0,,,,none,blockchain-unauthorised_operation_0,0,False,242,22,
n10-identities_c1-conc_mech-blockchain-1backend_security-battery_r30_audit-off_20260824T233645Z,obs_cc7ea1e3c4b34e18bb6429f2dea5966c,2026-08-24T23:37:08.233516+00:00,blockchain,unauthorised_operation,7,1,UAV-LIMITED,UNAUTHORISED_OPERATION,UNAUTHORISED_OPERATION,True,15640500,15.6405,45800,15363600,0,2800,161600,3800,0,0,,,,none,blockchain-unauthorised_operation_0,0,False,243,22,
n10-identities_c1-conc_mech-blockchain-1backend_security-battery_r30_audit-off_20260824T233645Z,obs_fd15bee0117f426394c9ee2c7aa2255b,2026-08-24T23:37:08.254565+00:00,blockchain,unauthorised_operation,8,1,UAV-LIMITED,UNAUTHORISED_OPERATION,UNAUTHORISED_OPERATION,True,15785200,15.7852,110000,15405700,0,3500,230600,5700,0,0,,,,none,blockchain-unauthorised_operation_0,0,False,243,22,
n10-identities_c1-conc_mech-blockchain-1backend_security-battery_r30_audit-off_20260824T233645Z,obs_379c19dafd044ee180abe1690a76a87e,2026-08-24T23:37:08.285771+00:00,blockchain,unauthorised_operation,9,1,UAV-LIMITED,UNAUTHORISED_OPERATION,UNAUTHORISED_OPERATION,True,22925300,22.9253,69500,22643700,0,2900,165800,4500,0,0,,,,none,blockchain-unauthorised_operation_0,0,False,243,22,
n10-identities_c1-conc_mech-blockchain-1backend_security-battery_r30_audit-off_20260824T233645Z,obs_4e4ce684c9ef48d0a8714daf44e7bec7,2026-08-24T23:37:08.311949+00:00,blockchain,unauthorised_operation,10,1,UAV-LIMITED,UNAUTHORISED_OPERATION,UNAUTHORISED_OPERATION,True,19125500,19.1255,56800,18753700,0,3600,222200,5000,0,0,,,,none,blockchain-unauthorised_operation_0,0,False,242,22,
n10-identities_c1-conc_mech-blockchain-1backend_security-battery_r30_audit-off_20260824T233645Z,obs_3eac39ed04e44b068bb90a27513b48dc,2026-08-24T23:37:08.335748+00:00,blockchain,unauthorised_operation,11,1,UAV-LIMITED,UNAUTHORISED_OPERATION,UNAUTHORISED_OPERATION,True,16929100,16.9291,51700,16661400,0,2600,160500,4200,0,0,,,,none,blockchain-unauthorised_operation_0,0,False,243,22,
n10-identities_c1-conc_mech-blockchain-1backend_security-battery_r30_audit-off_20260824T233645Z,obs_7cd4b9f4c9744781abe2c417db4514b3,2026-08-24T23:37:08.380237+00:00,blockchain,unauthorised_operation,12,1,UAV-LIMITED,UNAUTHORISED_OPERATION,UNAUTHORISED_OPERATION,True,37141100,37.1411,42700,36725700,0,5300,269900,6500,0,0,,,,none,blockchain-unauthorised_operation_0,0,False,243,22,
n10-identities_c1-conc_mech-blockchain-1backend_security-battery_r30_audit-off_20260824T233645Z,obs_44819483a51d4cd093e4977b329716d7,2026-08-24T23:37:08.411311+00:00,blockchain,unauthorised_operation,13,1,UAV-LIMITED,UNAUTHORISED_OPERATION,UNAUTHORISED_OPERATION,True,23171000,23.171,53300,22676000,0,4400,259300,8800,0,0,,,,none,blockchain-unauthorised_operation_0,0,False,242,22,
n10-identities_c1-conc_mech-blockchain-1backend_security-battery_r30_audit-off_20260824T233645Z,obs_a4359cc8044f4afaaacbf869591f1ce5,2026-08-24T23:37:08.459804+00:00,blockchain,unauthorised_operation,14,1,UAV-LIMITED,UNAUTHORISED_OPERATION,UNAUTHORISED_OPERATION,True,35298100,35.2981,155900,34831600,0,4500,271800,7400,0,0,,,,none,blockchain-unauthorised_operation_0,0,False,242,22,
n10-identities_c1-conc_mech-blockchain-1backend_security-battery_r30_audit-off_20260824T233645Z,obs_c98b008f838943078498fc17a5152332,2026-08-24T23:37:08.494276+00:00,blockchain,unauthorised_operation,15,1,UAV-LIMITED,UNAUTHORISED_OPERATION,UNAUTHORISED_OPERATION,True,25988900,25.9889,64400,25543300,0,4800,251400,7900,0,0,,,,none,blockchain-unauthorised_operation_0,0,False,243,22,
n10-identities_c1-conc_mech-blockchain-1backend_security-battery_r30_audit-off_20260824T233645Z,obs_3019aa13a3ec4550abe4fefa6add0b93,2026-08-24T23:37:08.530575+00:00,blockchain,unauthorised_operation,16,1,UAV-LIMITED,UNAUTHORISED_OPERATION,UNAUTHORISED_OPERATION,True,28481400,28.4814,58400,28064400,0,3300,256800,8100,0,0,,,,none,blockchain-unauthorised_operation_0,0,False,243,22,
n10-identities_c1-conc_mech-blockchain-1backend_security-battery_r30_audit-off_20260824T233645Z,obs_8f9f09a705014f1db1e62b4b20cc9597,2026-08-24T23:37:08.597042+00:00,blockchain,unauthorised_operation,17,1,UAV-LIMITED,UNAUTHORISED_OPERATION,UNAUTHORISED_OPERATION,True,58127500,58.1275,328900,57626300,0,4000,251200,7900,0,0,,,,none,blockchain-unauthorised_operation_0,0,False,242,22,
n10-identities_c1-conc_mech-blockchain-1backend_security-battery_r30_audit-off_20260824T233645Z,obs_a1a35fe1f70d4416acb77b767ba81931,2026-08-24T23:37:08.640429+00:00,blockchain,unauthorised_operation,18,1,UAV-LIMITED,UNAUTHORISED_OPERATION,UNAUTHORISED_OPERATION,True,34749500,34.7495,66900,34275900,0,5000,302100,7500,0,0,,,,none,blockchain-unauthorised_operation_0,0,False,240,22,
n10-identities_c1-conc_mech-blockchain-1backend_security-battery_r30_audit-off_20260824T233645Z,obs_0ad1c5a0766541e3a09f093422daaf07,2026-08-24T23:37:08.764007+00:00,blockchain,unauthorised_operation,19,1,UAV-LIMITED,UNAUTHORISED_OPERATION,UNAUTHORISED_OPERATION,True,114892900,114.8929,62600,114469100,0,5000,256900,7600,0,0,,,,none,blockchain-unauthorised_operation_0,0,False,242,22,
n10-identities_c1-conc_mech-blockchain-1backend_security-battery_r30_audit-off_20260824T233645Z,obs_2611034498dd4070b484ef2d1c948759,2026-08-24T23:37:08.804083+00:00,blockchain,unauthorised_operation,20,1,UAV-LIMITED,UNAUTHORISED_OPERATION,UNAUTHORISED_OPERATION,True,30077700,30.0777,56700,29675300,0,4200,240800,6700,0,0,,,,none,blockchain-unauthorised_operation_0,0,False,241,22,
n10-identities_c1-conc_mech-blockchain-1backend_security-battery_r30_audit-off_20260824T233645Z,obs_b0ab1c4ac41841dfa22368f89d924ca7,2026-08-24T23:37:08.838612+00:00,blockchain,unauthorised_operation,21,1,UAV-LIMITED,UNAUTHORISED_OPERATION,UNAUTHORISED_OPERATION,True,26105400,26.1054,52600,25608200,0,4200,264500,8400,0,0,,,,none,blockchain-unauthorised_operation_0,0,False,241,22,
n10-identities_c1-conc_mech-blockchain-1backend_security-battery_r30_audit-off_20260824T233645Z,obs_1755139ab1bc488b9b98e9e71aae7556,2026-08-24T23:37:08.866863+00:00,blockchain,unauthorised_operation,22,1,UAV-LIMITED,UNAUTHORISED_OPERATION,UNAUTHORISED_OPERATION,True,21024800,21.0248,49800,20666400,0,3700,212500,4500,0,0,,,,none,blockchain-unauthorised_operation_0,0,False,242,22,
n10-identities_c1-conc_mech-blockchain-1backend_security-battery_r30_audit-off_20260824T233645Z,obs_a9b2119caa9b477f953a73928976acba,2026-08-24T23:37:08.892300+00:00,blockchain,unauthorised_operation,23,1,UAV-LIMITED,UNAUTHORISED_OPERATION,UNAUTHORISED_OPERATION,True,17513800,17.5138,48700,17124300,0,4700,234700,6200,0,0,,,,none,blockchain-unauthorised_operation_0,0,False,243,22,
n10-identities_c1-conc_mech-blockchain-1backend_security-battery_r30_audit-off_20260824T233645Z,obs_8ad3f26fb2844221afd4aae8661f0325,2026-08-24T23:37:08.915360+00:00,blockchain,unauthorised_operation,24,1,UAV-LIMITED,UNAUTHORISED_OPERATION,UNAUTHORISED_OPERATION,True,16021200,16.0212,45300,15705700,0,3400,196600,3900,0,0,,,,none,blockchain-unauthorised_operation_0,0,False,242,22,
n10-identities_c1-conc_mech-blockchain-1backend_security-battery_r30_audit-off_20260824T233645Z,obs_5851c0678ad14ce2a7e5f5757c585f41,2026-08-24T23:37:08.937527+00:00,blockchain,unauthorised_operation,25,1,UAV-LIMITED,UNAUTHORISED_OPERATION,UNAUTHORISED_OPERATION,True,16396500,16.3965,37300,16082500,0,3200,193600,4800,0,0,,,,none,blockchain-unauthorised_operation_0,0,False,242,22,
n10-identities_c1-conc_mech-blockchain-1backend_security-battery_r30_audit-off_20260824T233645Z,obs_1077a96675bf459aab8085382228bf66,2026-08-24T23:37:08.961686+00:00,blockchain,unauthorised_operation,26,1,UAV-LIMITED,UNAUTHORISED_OPERATION,UNAUTHORISED_OPERATION,True,16620000,16.62,50100,16258200,0,3900,229000,4900,0,0,,,,none,blockchain-unauthorised_operation_0,0,False,242,22,
n10-identities_c1-conc_mech-blockchain-1backend_security-battery_r30_audit-off_20260824T233645Z,obs_43dcf771389c44899c9f6d6c31399785,2026-08-24T23:37:08.982919+00:00,blockchain,unauthorised_operation,27,1,UAV-LIMITED,UNAUTHORISED_OPERATION,UNAUTHORISED_OPERATION,True,15838500,15.8385,39200,15523200,0,3500,195900,5000,0,0,,,,none,blockchain-unauthorised_operation_0,0,False,243,22,
n10-identities_c1-conc_mech-blockchain-1backend_security-battery_r30_audit-off_20260824T233645Z,obs_6dc9229a6a2445849509ebad21c7b280,2026-08-24T23:37:09.006113+00:00,blockchain,unauthorised_operation,28,1,UAV-LIMITED,UNAUTHORISED_OPERATION,UNAUTHORISED_OPERATION,True,15937500,15.9375,53500,15292500,0,5100,275300,9200,0,0,,,,none,blockchain-unauthorised_operation_0,0,False,243,22,
n10-identities_c1-conc_mech-blockchain-1backend_security-battery_r30_audit-off_20260824T233645Z,obs_751c75b2a8aa412594d381bb282a692d,2026-08-24T23:37:09.041624+00:00,blockchain,unauthorised_operation,29,1,UAV-LIMITED,UNAUTHORISED_OPERATION,UNAUTHORISED_OPERATION,True,18074900,18.0749,78500,17568900,0,2800,215600,4200,0,0,,,,none,blockchain-unauthorised_operation_0,0,False,243,22,
n10-identities_c1-conc_mech-blockchain-1backend_security-battery_r30_audit-off_20260824T233645Z,obs_9da3a9639916445da3e6592463eb5b0f,2026-08-24T23:37:09.058999+00:00,blockchain,malformed,0,1,UAV-VALID,MALFORMED_REQUEST,MALFORMED_REQUEST,True,11500,0.0115,49200,0,0,0,0,0,0,0,,,,none,blockchain-malformed_0,0,True,26,17,malformed authentication object: missing magic
n10-identities_c1-conc_mech-blockchain-1backend_security-battery_r30_audit-off_20260824T233645Z,obs_c0e3c94b202d48d4b382fe6562b58030,2026-08-24T23:37:09.065410+00:00,blockchain,malformed,1,1,UAV-VALID,MALFORMED_REQUEST,MALFORMED_REQUEST,True,9200,0.0092,41000,0,0,0,0,0,0,0,,,,none,blockchain-malformed_0,0,True,26,17,malformed authentication object: missing magic
n10-identities_c1-conc_mech-blockchain-1backend_security-battery_r30_audit-off_20260824T233645Z,obs_326a5c4d339646dc838aff1d38750cdf,2026-08-24T23:37:09.070871+00:00,blockchain,malformed,0,1,UAV-VALID,MALFORMED_REQUEST,MALFORMED_REQUEST,True,11000,0.011,41700,0,0,0,0,0,0,0,,,,none,blockchain-malformed_0,0,False,26,17,malformed authentication object: missing magic
n10-identities_c1-conc_mech-blockchain-1backend_security-battery_r30_audit-off_20260824T233645Z,obs_a25584e5631344b498c834d2f940ac98,2026-08-24T23:37:09.077736+00:00,blockchain,malformed,1,1,UAV-VALID,MALFORMED_REQUEST,MALFORMED_REQUEST,True,10900,0.0109,33600,0,0,0,0,0,0,0,,,,none,blockchain-malformed_0,0,False,26,17,malformed authentication object: missing magic
n10-identities_c1-conc_mech-blockchain-1backend_security-battery_r30_audit-off_20260824T233645Z,obs_607fce4957664702bd25c70bc42d2f58,2026-08-24T23:37:09.083885+00:00,blockchain,malformed,2,1,UAV-VALID,MALFORMED_REQUEST,MALFORMED_REQUEST,True,11000,0.011,45100,0,0,0,0,0,0,0,,,,none,blockchain-malformed_0,0,False,26,17,malformed authentication object: missing magic
n10-identities_c1-conc_mech-blockchain-1backend_security-battery_r30_audit-off_20260824T233645Z,obs_d95ce92b8d754358b294fc86c93dc7a3,2026-08-24T23:37:09.090091+00:00,blockchain,malformed,3,1,UAV-VALID,MALFORMED_REQUEST,MALFORMED_REQUEST,True,13100,0.0131,56000,0,0,0,0,0,0,0,,,,none,blockchain-malformed_0,0,False,26,17,malformed authentication object: missing magic
n10-identities_c1-conc_mech-blockchain-1backend_security-battery_r30_audit-off_20260824T233645Z,obs_2cc5fe2885a34a018b60dedf7a27e50b,2026-08-24T23:37:09.097405+00:00,blockchain,malformed,4,1,UAV-VALID,MALFORMED_REQUEST,MALFORMED_REQUEST,True,11900,0.0119,45900,0,0,0,0,0,0,0,,,,none,blockchain-malformed_0,0,False,26,17,malformed authentication object: missing magic
n10-identities_c1-conc_mech-blockchain-1backend_security-battery_r30_audit-off_20260824T233645Z,obs_636d3c0304db48278b3b0b817496c369,2026-08-24T23:37:09.103156+00:00,blockchain,malformed,5,1,UAV-VALID,MALFORMED_REQUEST,MALFORMED_REQUEST,True,10500,0.0105,42400,0,0,0,0,0,0,0,,,,none,blockchain-malformed_0,0,False,26,17,malformed authentication object: missing magic
n10-identities_c1-conc_mech-blockchain-1backend_security-battery_r30_audit-off_20260824T233645Z,obs_3dc4027303b44f15a1e752155fbdd472,2026-08-24T23:37:09.109229+00:00,blockchain,malformed,6,1,UAV-VALID,MALFORMED_REQUEST,MALFORMED_REQUEST,True,8900,0.0089,33500,0,0,0,0,0,0,0,,,,none,blockchain-malformed_0,0,False,26,17,malformed authentication object: missing magic
n10-identities_c1-conc_mech-blockchain-1backend_security-battery_r30_audit-off_20260824T233645Z,obs_2dab20e5ba4a41ff86e110959a496ea2,2026-08-24T23:37:09.116352+00:00,blockchain,malformed,7,1,UAV-VALID,MALFORMED_REQUEST,MALFORMED_REQUEST,True,10100,0.0101,40700,0,0,0,0,0,0,0,,,,none,blockchain-malformed_0,0,False,26,17,malformed authentication object: missing magic
n10-identities_c1-conc_mech-blockchain-1backend_security-battery_r30_audit-off_20260824T233645Z,obs_b47ebbdeac484fe4b36f2dd83d4f528f,2026-08-24T23:37:09.121695+00:00,blockchain,malformed,8,1,UAV-VALID,MALFORMED_REQUEST,MALFORMED_REQUEST,True,12600,0.0126,79100,0,0,0,0,0,0,0,,,,none,blockchain-malformed_0,0,False,26,17,malformed authentication object: missing magic
n10-identities_c1-conc_mech-blockchain-1backend_security-battery_r30_audit-off_20260824T233645Z,obs_269eb4a78cec4f54b7d64a4b2773962c,2026-08-24T23:37:09.128511+00:00,blockchain,malformed,9,1,UAV-VALID,MALFORMED_REQUEST,MALFORMED_REQUEST,True,12100,0.0121,45900,0,0,0,0,0,0,0,,,,none,blockchain-malformed_0,0,False,26,17,malformed authentication object: missing magic
n10-identities_c1-conc_mech-blockchain-1backend_security-battery_r30_audit-off_20260824T233645Z,obs_879f2ceb0a0444b88916b115a05151d8,2026-08-24T23:37:09.134179+00:00,blockchain,malformed,10,1,UAV-VALID,MALFORMED_REQUEST,MALFORMED_REQUEST,True,10300,0.0103,37500,0,0,0,0,0,0,0,,,,none,blockchain-malformed_0,0,False,26,17,malformed authentication object: missing magic
n10-identities_c1-conc_mech-blockchain-1backend_security-battery_r30_audit-off_20260824T233645Z,obs_e15b2959944c479fbdc656040b3bf95b,2026-08-24T23:37:09.139416+00:00,blockchain,malformed,11,1,UAV-VALID,MALFORMED_REQUEST,MALFORMED_REQUEST,True,12400,0.0124,42300,0,0,0,0,0,0,0,,,,none,blockchain-malformed_0,0,False,26,17,malformed authentication object: missing magic
n10-identities_c1-conc_mech-blockchain-1backend_security-battery_r30_audit-off_20260824T233645Z,obs_59662fb2a7ea449c948278894c9a9be4,2026-08-24T23:37:09.145442+00:00,blockchain,malformed,12,1,UAV-VALID,MALFORMED_REQUEST,MALFORMED_REQUEST,True,9800,0.0098,48000,0,0,0,0,0,0,0,,,,none,blockchain-malformed_0,0,False,26,17,malformed authentication object: missing magic
n10-identities_c1-conc_mech-blockchain-1backend_security-battery_r30_audit-off_20260824T233645Z,obs_3ae615cb7d8649639b7e714ff7314e4e,2026-08-24T23:37:09.151785+00:00,blockchain,malformed,13,1,UAV-VALID,MALFORMED_REQUEST,MALFORMED_REQUEST,True,8700,0.0087,38400,0,0,0,0,0,0,0,,,,none,blockchain-malformed_0,0,False,26,17,malformed authentication object: missing magic
n10-identities_c1-conc_mech-blockchain-1backend_security-battery_r30_audit-off_20260824T233645Z,obs_5c5929bde9a240398e0f05161762047a,2026-08-24T23:37:09.159509+00:00,blockchain,malformed,14,1,UAV-VALID,MALFORMED_REQUEST,MALFORMED_REQUEST,True,13700,0.0137,121400,0,0,0,0,0,0,0,,,,none,blockchain-malformed_0,0,False,26,17,malformed authentication object: missing magic
n10-identities_c1-conc_mech-blockchain-1backend_security-battery_r30_audit-off_20260824T233645Z,obs_0231b9b073924b619db2918e778c1eca,2026-08-24T23:37:09.165925+00:00,blockchain,malformed,15,1,UAV-VALID,MALFORMED_REQUEST,MALFORMED_REQUEST,True,11000,0.011,43100,0,0,0,0,0,0,0,,,,none,blockchain-malformed_0,0,False,26,17,malformed authentication object: missing magic
n10-identities_c1-conc_mech-blockchain-1backend_security-battery_r30_audit-off_20260824T233645Z,obs_41e4c7e64cb94bcaac8d973e22c92688,2026-08-24T23:37:09.171501+00:00,blockchain,malformed,16,1,UAV-VALID,MALFORMED_REQUEST,MALFORMED_REQUEST,True,11900,0.0119,52200,0,0,0,0,0,0,0,,,,none,blockchain-malformed_0,0,False,26,17,malformed authentication object: missing magic
n10-identities_c1-conc_mech-blockchain-1backend_security-battery_r30_audit-off_20260824T233645Z,obs_f2cc12c6c55240cf9feb5a1a43e302a9,2026-08-24T23:37:09.178412+00:00,blockchain,malformed,17,1,UAV-VALID,MALFORMED_REQUEST,MALFORMED_REQUEST,True,9800,0.0098,48100,0,0,0,0,0,0,0,,,,none,blockchain-malformed_0,0,False,26,17,malformed authentication object: missing magic
n10-identities_c1-conc_mech-blockchain-1backend_security-battery_r30_audit-off_20260824T233645Z,obs_964ba92a857c43b29f5fa75c68351a9f,2026-08-24T23:37:09.184398+00:00,blockchain,malformed,18,1,UAV-VALID,MALFORMED_REQUEST,MALFORMED_REQUEST,True,11400,0.0114,47600,0,0,0,0,0,0,0,,,,none,blockchain-malformed_0,0,False,26,17,malformed authentication object: missing magic
n10-identities_c1-conc_mech-blockchain-1backend_security-battery_r30_audit-off_20260824T233645Z,obs_470e658138414356b0e4fb089fc6e4b6,2026-08-24T23:37:09.192126+00:00,blockchain,malformed,19,1,UAV-VALID,MALFORMED_REQUEST,MALFORMED_REQUEST,True,17800,0.0178,67500,0,0,0,0,0,0,0,,,,none,blockchain-malformed_0,0,False,26,17,malformed authentication object: missing magic
n10-identities_c1-conc_mech-blockchain-1backend_security-battery_r30_audit-off_20260824T233645Z,obs_1dbce133ea744bcb8c7da9b990568687,2026-08-24T23:37:09.198732+00:00,blockchain,malformed,20,1,UAV-VALID,MALFORMED_REQUEST,MALFORMED_REQUEST,True,10900,0.0109,41000,0,0,0,0,0,0,0,,,,none,blockchain-malformed_0,0,False,26,17,malformed authentication object: missing magic
n10-identities_c1-conc_mech-blockchain-1backend_security-battery_r30_audit-off_20260824T233645Z,obs_62c750e26dc54028af4112d8c351aa64,2026-08-24T23:37:09.207699+00:00,blockchain,malformed,21,1,UAV-VALID,MALFORMED_REQUEST,MALFORMED_REQUEST,True,14100,0.0141,51900,0,0,0,0,0,0,0,,,,none,blockchain-malformed_0,0,False,26,17,malformed authentication object: missing magic
n10-identities_c1-conc_mech-blockchain-1backend_security-battery_r30_audit-off_20260824T233645Z,obs_c3c05d196e0b4cec9c274cb0e9e1465d,2026-08-24T23:37:09.214094+00:00,blockchain,malformed,22,1,UAV-VALID,MALFORMED_REQUEST,MALFORMED_REQUEST,True,11200,0.0112,45600,0,0,0,0,0,0,0,,,,none,blockchain-malformed_0,0,False,26,17,malformed authentication object: missing magic
n10-identities_c1-conc_mech-blockchain-1backend_security-battery_r30_audit-off_20260824T233645Z,obs_62d3d958700246e8b2f1a4c77058045a,2026-08-24T23:37:09.220775+00:00,blockchain,malformed,23,1,UAV-VALID,MALFORMED_REQUEST,MALFORMED_REQUEST,True,13800,0.0138,52900,0,0,0,0,0,0,0,,,,none,blockchain-malformed_0,0,False,26,17,malformed authentication object: missing magic
n10-identities_c1-conc_mech-blockchain-1backend_security-battery_r30_audit-off_20260824T233645Z,obs_d4801723d7c74c5f9ef4ef091e6f96b0,2026-08-24T23:37:09.227629+00:00,blockchain,malformed,24,1,UAV-VALID,MALFORMED_REQUEST,MALFORMED_REQUEST,True,13400,0.0134,55400,0,0,0,0,0,0,0,,,,none,blockchain-malformed_0,0,False,26,17,malformed authentication object: missing magic
n10-identities_c1-conc_mech-blockchain-1backend_security-battery_r30_audit-off_20260824T233645Z,obs_282a8db5f7b84ecf9c70c22248ba1f34,2026-08-24T23:37:09.233293+00:00,blockchain,malformed,25,1,UAV-VALID,MALFORMED_REQUEST,MALFORMED_REQUEST,True,9700,0.0097,39800,0,0,0,0,0,0,0,,,,none,blockchain-malformed_0,0,False,26,17,malformed authentication object: missing magic
n10-identities_c1-conc_mech-blockchain-1backend_security-battery_r30_audit-off_20260824T233645Z,obs_f2da62b5e38a4287afc043a10f3a6174,2026-08-24T23:37:09.241292+00:00,blockchain,malformed,26,1,UAV-VALID,MALFORMED_REQUEST,MALFORMED_REQUEST,True,11500,0.0115,46400,0,0,0,0,0,0,0,,,,none,blockchain-malformed_0,0,False,26,17,malformed authentication object: missing magic
n10-identities_c1-conc_mech-blockchain-1backend_security-battery_r30_audit-off_20260824T233645Z,obs_51d15fb89a074ed7871b3c7a55e2db9b,2026-08-24T23:37:09.249774+00:00,blockchain,malformed,27,1,UAV-VALID,MALFORMED_REQUEST,MALFORMED_REQUEST,True,1387000,1.387,239500,0,0,0,0,0,0,0,,,,none,blockchain-malformed_0,0,False,26,17,malformed authentication object: missing magic
n10-identities_c1-conc_mech-blockchain-1backend_security-battery_r30_audit-off_20260824T233645Z,obs_84a6791f446446deb88d1f9b3a367b6f,2026-08-24T23:37:09.256630+00:00,blockchain,malformed,28,1,UAV-VALID,MALFORMED_REQUEST,MALFORMED_REQUEST,True,12000,0.012,63600,0,0,0,0,0,0,0,,,,none,blockchain-malformed_0,0,False,26,17,malformed authentication object: missing magic
n10-identities_c1-conc_mech-blockchain-1backend_security-battery_r30_audit-off_20260824T233645Z,obs_6c73b1895a82460aa297ed7b6a0a7afc,2026-08-24T23:37:09.262690+00:00,blockchain,malformed,29,1,UAV-VALID,MALFORMED_REQUEST,MALFORMED_REQUEST,True,11700,0.0117,45000,0,0,0,0,0,0,0,,,,none,blockchain-malformed_0,0,False,26,17,malformed authentication object: missing magic
n10-identities_c1-conc_mech-blockchain-1backend_security-battery_r30_audit-off_20260824T233645Z,obs_26f0e71024df412b841973b2e3eb1f7c,2026-08-24T23:37:16.276935+00:00,blockchain,rpc_unavailable,0,1,UAV-VALID,IDENTITY_SERVICE_UNAVAILABLE,IDENTITY_SERVICE_UNAVAILABLE,True,6912169400,6912.1694,35000,6912141400,0,6912141400,0,0,0,0,,,,none,blockchain-rpc_unavailable_0,0,True,240,28,
n10-identities_c1-conc_mech-blockchain-1backend_security-battery_r30_audit-off_20260824T233645Z,obs_ab2778834b074869913f17268de0cdc2,2026-08-24T23:37:23.214803+00:00,blockchain,rpc_unavailable,1,1,UAV-VALID,IDENTITY_SERVICE_UNAVAILABLE,IDENTITY_SERVICE_UNAVAILABLE,True,6930880300,6930.8803,45400,6930837100,0,6930837100,0,0,0,0,,,,none,blockchain-rpc_unavailable_0,0,True,240,28,
n10-identities_c1-conc_mech-blockchain-1backend_security-battery_r30_audit-off_20260824T233645Z,obs_416229aa54224197ad4dba2cfaa00c8d,2026-08-24T23:37:30.153872+00:00,blockchain,rpc_unavailable,0,1,UAV-VALID,IDENTITY_SERVICE_UNAVAILABLE,IDENTITY_SERVICE_UNAVAILABLE,True,6932337700,6932.3377,57600,6932300000,0,6932300000,0,0,0,0,,,,none,blockchain-rpc_unavailable_0,0,False,240,28,
n10-identities_c1-conc_mech-blockchain-1backend_security-battery_r30_audit-off_20260824T233645Z,obs_5e5cd30b8b424b2c8283e360f813e5b0,2026-08-24T23:37:37.078835+00:00,blockchain,rpc_unavailable,1,1,UAV-VALID,IDENTITY_SERVICE_UNAVAILABLE,IDENTITY_SERVICE_UNAVAILABLE,True,6915978600,6915.9786,57100,6915937200,0,6915937200,0,0,0,0,,,,none,blockchain-rpc_unavailable_0,0,False,239,28,
n10-identities_c1-conc_mech-blockchain-1backend_security-battery_r30_audit-off_20260824T233645Z,obs_268d0d4c9aed484f8c302d120eb86764,2026-08-24T23:37:44.021517+00:00,blockchain,rpc_unavailable,2,1,UAV-VALID,IDENTITY_SERVICE_UNAVAILABLE,IDENTITY_SERVICE_UNAVAILABLE,True,6934867800,6934.8678,39700,6934837900,0,6934837900,0,0,0,0,,,,none,blockchain-rpc_unavailable_0,0,False,238,28,
n10-identities_c1-conc_mech-blockchain-1backend_security-battery_r30_audit-off_20260824T233645Z,obs_6a7275e095a64d0bacaba9387e12e6d4,2026-08-24T23:37:50.955107+00:00,blockchain,rpc_unavailable,3,1,UAV-VALID,IDENTITY_SERVICE_UNAVAILABLE,IDENTITY_SERVICE_UNAVAILABLE,True,6924512400,6924.5124,55100,6924467300,0,6924467300,0,0,0,0,,,,none,blockchain-rpc_unavailable_0,0,False,240,28,
n10-identities_c1-conc_mech-blockchain-1backend_security-battery_r30_audit-off_20260824T233645Z,obs_c38d3c48566b4d5fac9e698440329e5c,2026-08-24T23:37:57.911628+00:00,blockchain,rpc_unavailable,4,1,UAV-VALID,IDENTITY_SERVICE_UNAVAILABLE,IDENTITY_SERVICE_UNAVAILABLE,True,6948486700,6948.4867,46400,6948452800,0,6948452800,0,0,0,0,,,,none,blockchain-rpc_unavailable_0,0,False,238,28,
n10-identities_c1-conc_mech-blockchain-1backend_security-battery_r30_audit-off_20260824T233645Z,obs_f84c8f52900241d18e052c6d40b40c7f,2026-08-24T23:38:04.852967+00:00,blockchain,rpc_unavailable,5,1,UAV-VALID,IDENTITY_SERVICE_UNAVAILABLE,IDENTITY_SERVICE_UNAVAILABLE,True,6936217100,6936.2171,61600,6936192500,0,6936192500,0,0,0,0,,,,none,blockchain-rpc_unavailable_0,0,False,239,28,
n10-identities_c1-conc_mech-blockchain-1backend_security-battery_r30_audit-off_20260824T233645Z,obs_5ba0dec4257b4b72bb6d6f5c7ca76860,2026-08-24T23:38:11.779928+00:00,blockchain,rpc_unavailable,6,1,UAV-VALID,IDENTITY_SERVICE_UNAVAILABLE,IDENTITY_SERVICE_UNAVAILABLE,True,6919716500,6919.7165,39700,6919683100,0,6919683100,0,0,0,0,,,,none,blockchain-rpc_unavailable_0,0,False,239,28,
n10-identities_c1-conc_mech-blockchain-1backend_security-battery_r30_audit-off_20260824T233645Z,obs_f0d4fbde124d41ea8e226509ddfefd1a,2026-08-24T23:38:18.741933+00:00,blockchain,rpc_unavailable,7,1,UAV-VALID,IDENTITY_SERVICE_UNAVAILABLE,IDENTITY_SERVICE_UNAVAILABLE,True,6953714800,6953.7148,50100,6953647800,0,6953647800,0,0,0,0,,,,none,blockchain-rpc_unavailable_0,0,False,239,28,
n10-identities_c1-conc_mech-blockchain-1backend_security-battery_r30_audit-off_20260824T233645Z,obs_d479b5ee430b42fcae199d442879e5d4,2026-08-24T23:38:25.689517+00:00,blockchain,rpc_unavailable,8,1,UAV-VALID,IDENTITY_SERVICE_UNAVAILABLE,IDENTITY_SERVICE_UNAVAILABLE,True,6940406900,6940.4069,122100,6940307800,0,6940307800,0,0,0,0,,,,none,blockchain-rpc_unavailable_0,0,False,240,28,
n10-identities_c1-conc_mech-blockchain-1backend_security-battery_r30_audit-off_20260824T233645Z,obs_be9fbfab04044e3abb8ff9ade2335b04,2026-08-24T23:38:32.622637+00:00,blockchain,rpc_unavailable,9,1,UAV-VALID,IDENTITY_SERVICE_UNAVAILABLE,IDENTITY_SERVICE_UNAVAILABLE,True,6926650100,6926.6501,56900,6926600500,0,6926600500,0,0,0,0,,,,none,blockchain-rpc_unavailable_0,0,False,240,28,
n10-identities_c1-conc_mech-blockchain-1backend_security-battery_r30_audit-off_20260824T233645Z,obs_7990dbc41fc64c66a27bcfe9be822d96,2026-08-24T23:38:39.539470+00:00,blockchain,rpc_unavailable,10,1,UAV-VALID,IDENTITY_SERVICE_UNAVAILABLE,IDENTITY_SERVICE_UNAVAILABLE,True,6908250700,6908.2507,45200,6908210300,0,6908210300,0,0,0,0,,,,none,blockchain-rpc_unavailable_0,0,False,240,28,
n10-identities_c1-conc_mech-blockchain-1backend_security-battery_r30_audit-off_20260824T233645Z,obs_83be385e3e9e4fa0b3e875439c25cf02,2026-08-24T23:38:46.519123+00:00,blockchain,rpc_unavailable,11,1,UAV-VALID,IDENTITY_SERVICE_UNAVAILABLE,IDENTITY_SERVICE_UNAVAILABLE,True,6971315300,6971.3153,59200,6971271600,0,6971271600,0,0,0,0,,,,none,blockchain-rpc_unavailable_0,0,False,238,28,
n10-identities_c1-conc_mech-blockchain-1backend_security-battery_r30_audit-off_20260824T233645Z,obs_4174cf5b0be04ce7b039e7037d043fd7,2026-08-24T23:38:53.464547+00:00,blockchain,rpc_unavailable,12,1,UAV-VALID,IDENTITY_SERVICE_UNAVAILABLE,IDENTITY_SERVICE_UNAVAILABLE,True,6936709900,6936.7099,53200,6936666600,0,6936666600,0,0,0,0,,,,none,blockchain-rpc_unavailable_0,0,False,239,28,
n10-identities_c1-conc_mech-blockchain-1backend_security-battery_r30_audit-off_20260824T233645Z,obs_ed23b7560e5d44c0b44e76499dde22d1,2026-08-24T23:39:00.403804+00:00,blockchain,rpc_unavailable,13,1,UAV-VALID,IDENTITY_SERVICE_UNAVAILABLE,IDENTITY_SERVICE_UNAVAILABLE,True,6929941000,6929.941,50500,6929899400,0,6929899400,0,0,0,0,,,,none,blockchain-rpc_unavailable_0,0,False,239,28,
n10-identities_c1-conc_mech-blockchain-1backend_security-battery_r30_audit-off_20260824T233645Z,obs_e027a515b3894e16ae41a7fdddba1a8b,2026-08-24T23:39:07.329333+00:00,blockchain,rpc_unavailable,14,1,UAV-VALID,IDENTITY_SERVICE_UNAVAILABLE,IDENTITY_SERVICE_UNAVAILABLE,True,6918248000,6918.248,47800,6918204600,0,6918204600,0,0,0,0,,,,none,blockchain-rpc_unavailable_0,0,False,238,28,
n10-identities_c1-conc_mech-blockchain-1backend_security-battery_r30_audit-off_20260824T233645Z,obs_64d11222a5ad49bc82dd9d28a4c85049,2026-08-24T23:39:14.263086+00:00,blockchain,rpc_unavailable,15,1,UAV-VALID,IDENTITY_SERVICE_UNAVAILABLE,IDENTITY_SERVICE_UNAVAILABLE,True,6925081100,6925.0811,48100,6925037800,0,6925037800,0,0,0,0,,,,none,blockchain-rpc_unavailable_0,0,False,239,28,
n10-identities_c1-conc_mech-blockchain-1backend_security-battery_r30_audit-off_20260824T233645Z,obs_70f50c53549c480eb09dc84b643db85e,2026-08-24T23:39:21.233079+00:00,blockchain,rpc_unavailable,16,1,UAV-VALID,IDENTITY_SERVICE_UNAVAILABLE,IDENTITY_SERVICE_UNAVAILABLE,True,6961222600,6961.2226,56700,6961176200,0,6961176200,0,0,0,0,,,,none,blockchain-rpc_unavailable_0,0,False,238,28,
n10-identities_c1-conc_mech-blockchain-1backend_security-battery_r30_audit-off_20260824T233645Z,obs_032134ef37af4d7cb78c554a3415d87a,2026-08-24T23:39:28.170925+00:00,blockchain,rpc_unavailable,17,1,UAV-VALID,IDENTITY_SERVICE_UNAVAILABLE,IDENTITY_SERVICE_UNAVAILABLE,True,6928915600,6928.9156,49700,6928874800,0,6928874800,0,0,0,0,,,,none,blockchain-rpc_unavailable_0,0,False,238,28,
n10-identities_c1-conc_mech-blockchain-1backend_security-battery_r30_audit-off_20260824T233645Z,obs_438bdec69db546bfb3b4dea06ea0df6d,2026-08-24T23:39:35.146219+00:00,blockchain,rpc_unavailable,18,1,UAV-VALID,IDENTITY_SERVICE_UNAVAILABLE,IDENTITY_SERVICE_UNAVAILABLE,True,6964362200,6964.3622,74100,6964294900,0,6964294900,0,0,0,0,,,,none,blockchain-rpc_unavailable_0,0,False,239,28,
n10-identities_c1-conc_mech-blockchain-1backend_security-battery_r30_audit-off_20260824T233645Z,obs_fdd3bc8f5e4d42e1bfa09820091e143e,2026-08-24T23:39:42.118614+00:00,blockchain,rpc_unavailable,19,1,UAV-VALID,IDENTITY_SERVICE_UNAVAILABLE,IDENTITY_SERVICE_UNAVAILABLE,True,6961881000,6961.881,70300,6961836600,0,6961836600,0,0,0,0,,,,none,blockchain-rpc_unavailable_0,0,False,238,28,
n10-identities_c1-conc_mech-blockchain-1backend_security-battery_r30_audit-off_20260824T233645Z,obs_50e74c86f43b4e4c99cac8e84d6a45bc,2026-08-24T23:39:49.060927+00:00,blockchain,rpc_unavailable,20,1,UAV-VALID,IDENTITY_SERVICE_UNAVAILABLE,IDENTITY_SERVICE_UNAVAILABLE,True,6929698500,6929.6985,68500,6929631100,0,6929631100,0,0,0,0,,,,none,blockchain-rpc_unavailable_0,0,False,238,28,
n10-identities_c1-conc_mech-blockchain-1backend_security-battery_r30_audit-off_20260824T233645Z,obs_8ce1e03580c34718b602d8bbc5cca76b,2026-08-24T23:39:56.056806+00:00,blockchain,rpc_unavailable,21,1,UAV-VALID,IDENTITY_SERVICE_UNAVAILABLE,IDENTITY_SERVICE_UNAVAILABLE,True,6984774500,6984.7745,63900,6984727700,0,6984727700,0,0,0,0,,,,none,blockchain-rpc_unavailable_0,0,False,239,28,
n10-identities_c1-conc_mech-blockchain-1backend_security-battery_r30_audit-off_20260824T233645Z,obs_aefc6698e7874d05833de71c80fa6b34,2026-08-24T23:40:02.988808+00:00,blockchain,rpc_unavailable,22,1,UAV-VALID,IDENTITY_SERVICE_UNAVAILABLE,IDENTITY_SERVICE_UNAVAILABLE,True,6922074300,6922.0743,78600,6922009800,0,6922009800,0,0,0,0,,,,none,blockchain-rpc_unavailable_0,0,False,239,28,
n10-identities_c1-conc_mech-blockchain-1backend_security-battery_r30_audit-off_20260824T233645Z,obs_5d2dc149f2b148f3bab5a96a029badbf,2026-08-24T23:40:09.969664+00:00,blockchain,rpc_unavailable,23,1,UAV-VALID,IDENTITY_SERVICE_UNAVAILABLE,IDENTITY_SERVICE_UNAVAILABLE,True,6923255700,6923.2557,66800,6923176600,0,6923176600,0,0,0,0,,,,none,blockchain-rpc_unavailable_0,0,False,239,28,
n10-identities_c1-conc_mech-blockchain-1backend_security-battery_r30_audit-off_20260824T233645Z,obs_d9cc5c64b7f84b0c9dd97ab873e7e5ef,2026-08-24T23:40:16.942265+00:00,blockchain,rpc_unavailable,24,1,UAV-VALID,IDENTITY_SERVICE_UNAVAILABLE,IDENTITY_SERVICE_UNAVAILABLE,True,6959002700,6959.0027,76200,6958935200,0,6958935200,0,0,0,0,,,,none,blockchain-rpc_unavailable_0,0,False,238,28,
n10-identities_c1-conc_mech-blockchain-1backend_security-battery_r30_audit-off_20260824T233645Z,obs_722fda235edd4ac098cb7740ce3b529e,2026-08-24T23:40:23.898023+00:00,blockchain,rpc_unavailable,25,1,UAV-VALID,IDENTITY_SERVICE_UNAVAILABLE,IDENTITY_SERVICE_UNAVAILABLE,True,6943467400,6943.4674,62900,6943411600,0,6943411600,0,0,0,0,,,,none,blockchain-rpc_unavailable_0,0,False,238,28,
n10-identities_c1-conc_mech-blockchain-1backend_security-battery_r30_audit-off_20260824T233645Z,obs_10137dc22fc741908cc949809b88b9db,2026-08-24T23:40:30.842101+00:00,blockchain,rpc_unavailable,26,1,UAV-VALID,IDENTITY_SERVICE_UNAVAILABLE,IDENTITY_SERVICE_UNAVAILABLE,True,6931102500,6931.1025,73400,6931030200,0,6931030200,0,0,0,0,,,,none,blockchain-rpc_unavailable_0,0,False,239,28,
n10-identities_c1-conc_mech-blockchain-1backend_security-battery_r30_audit-off_20260824T233645Z,obs_5f64df139ca84dacb58ae710da2d67e2,2026-08-24T23:40:37.839326+00:00,blockchain,rpc_unavailable,27,1,UAV-VALID,IDENTITY_SERVICE_UNAVAILABLE,IDENTITY_SERVICE_UNAVAILABLE,True,6986450200,6986.4502,65200,6986384300,0,6986384300,0,0,0,0,,,,none,blockchain-rpc_unavailable_0,0,False,238,28,
n10-identities_c1-conc_mech-blockchain-1backend_security-battery_r30_audit-off_20260824T233645Z,obs_334a8ca1ac754cf7a7e7b27f438286f4,2026-08-24T23:40:44.893076+00:00,blockchain,rpc_unavailable,28,1,UAV-VALID,IDENTITY_SERVICE_UNAVAILABLE,IDENTITY_SERVICE_UNAVAILABLE,True,6990240700,6990.2407,120900,6989972300,0,6989972300,0,0,0,0,,,,none,blockchain-rpc_unavailable_0,0,False,239,28,
n10-identities_c1-conc_mech-blockchain-1backend_security-battery_r30_audit-off_20260824T233645Z,obs_996498fb59e94595abe23841a2f9a961,2026-08-24T23:40:51.952031+00:00,blockchain,rpc_unavailable,29,1,UAV-VALID,IDENTITY_SERVICE_UNAVAILABLE,IDENTITY_SERVICE_UNAVAILABLE,True,7048131900,7048.1319,58700,7048072200,0,7048072200,0,0,0,0,,,,none,blockchain-rpc_unavailable_0,0,False,239,28,
