run_id,observation_id,utc_timestamp,mechanism,scenario,repetition,concurrency_level,uav_id,expected_outcome,observed_outcome,expectation_met,decision_latency_ns,decision_latency_ms,challenge_generation_ns,identity_lookup_ns,certificate_validation_ns,contract_call_ns,signature_verification_ns,authorisation_check_ns,audit_submission_ns,audit_confirmation_ns,tx_hash,block_number,gas_used,timeout_error_class,worker_id,payload_size,warmup,request_bytes,response_bytes,notes
n10-identities_c1-conc_mech-x509-1backend_valid-active_r30_audit-off_20260824T234054Z,obs_5f2c203424c04dc187981a39fe1cbc47,2026-08-24T23:41:15.832816+00:00,x509,valid_active,0,1,UAV-VALID,ACCEPTED,ACCEPTED,True,3861800,3.8618,91700,201900,3059200,0,396300,8800,0,0,,,,none,x509-valid_active_0,0,True,238,8,
n10-identities_c1-conc_mech-x509-1backend_valid-active_r30_audit-off_20260824T234054Z,obs_084b0db66dbc4125b4baeb8bad6eac43,2026-08-24T23:41:15.854168+00:00,x509,valid_active,1,1,UAV-VALID,ACCEPTED,ACCEPTED,True,5453700,5.4537,69700,161500,4705700,0,357800,9800,0,0,,,,none,x509-valid_active_0,0,True,240,8,
n10-identities_c1-conc_mech-x509-1backend_valid-active_r30_audit-off_20260824T234054Z,obs_46d7a68fdc904f8d8f514b8aebaa909a,2026-08-24T23:41:15.883760+00:00,x509,valid_active,0,1,UAV-VALID,ACCEPTED,ACCEPTED,True,7752400,7.7524,195900,180600,6928300,0,372200,25500,0,0,,,,none,x509-valid_active_0,0,False,238,8,
n10-identities_c1-conc_mech-x509-1backend_valid-active_r30_audit-off_20260824T234054Z,obs_d4fb58975a9b49aeaabfa779da76e6b5,2026-08-24T23:41:15.935745+00:00,x509,valid_active,1,1,UAV-VALID,ACCEPTED,ACCEPTED,True,4485800,4.4858,84100,211000,3342000,0,354600,10000,0,0,,,,none,x509-valid_active_0,0,False,239,8,
n10-identities_c1-conc_mech-x509-1backend_valid-active_r30_audit-off_20260824T234054Z,obs_9a9039baf46f4e838b02f3329005404b,2026-08-24T23:41:15.973061+00:00,x509,valid_active,2,1,UAV-VALID,ACCEPTED,ACCEPTED,True,8839100,8.8391,211800,256400,6583400,0,1220100,18500,0,0,,,,none,x509-valid_active_0,0,False,239,8,
n10-identities_c1-conc_mech-x509-1backend_valid-active_r30_audit-off_20260824T234054Z,obs_0b14fe6a2b254e03bc59da37c1bc985a,2026-08-24T23:41:16.001210+00:00,x509,valid_active,3,1,UAV-VALID,ACCEPTED,ACCEPTED,True,7221900,7.2219,320300,305700,5698900,0,399200,10600,0,0,,,,none,x509-valid_active_0,0,False,239,8,
n10-identities_c1-conc_mech-x509-1backend_valid-active_r30_audit-off_20260824T234054Z,obs_09caafc00e8642118aa94bc168b48140,2026-08-24T23:41:16.031250+00:00,x509,valid_active,4,1,UAV-VALID,ACCEPTED,ACCEPTED,True,4217200,4.2172,82300,149600,3210000,0,599100,11100,0,0,,,,none,x509-valid_active_0,0,False,237,8,
n10-identities_c1-conc_mech-x509-1backend_valid-active_r30_audit-off_20260824T234054Z,obs_0e2e4b1963e34c03b7399b72e41baca1,2026-08-24T23:41:16.056596+00:00,x509,valid_active,5,1,UAV-VALID,ACCEPTED,ACCEPTED,True,4902100,4.9021,84100,169300,4118000,0,362500,10300,0,0,,,,none,x509-valid_active_0,0,False,240,8,
n10-identities_c1-conc_mech-x509-1backend_valid-active_r30_audit-off_20260824T234054Z,obs_098bcc257fa14123837e421e87413679,2026-08-24T23:41:16.085914+00:00,x509,valid_active,6,1,UAV-VALID,ACCEPTED,ACCEPTED,True,5704100,5.7041,75200,169000,4482600,0,385400,9900,0,0,,,,none,x509-valid_active_0,0,False,240,8,
n10-identities_c1-conc_mech-x509-1backend_valid-active_r30_audit-off_20260824T234054Z,obs_df5c1a2852a0464e85e30140a86f3d04,2026-08-24T23:41:16.107162+00:00,x509,valid_active,7,1,UAV-VALID,ACCEPTED,ACCEPTED,True,3901800,3.9018,128500,171500,3137600,0,357500,10400,0,0,,,,none,x509-valid_active_0,0,False,239,8,
n10-identities_c1-conc_mech-x509-1backend_valid-active_r30_audit-off_20260824T234054Z,obs_01fe6671e0324fa4b33f450f40cc5699,2026-08-24T23:41:16.125767+00:00,x509,valid_active,8,1,UAV-VALID,ACCEPTED,ACCEPTED,True,3881300,3.8813,78500,174700,3028800,0,432900,12800,0,0,,,,none,x509-valid_active_0,0,False,240,8,
n10-identities_c1-conc_mech-x509-1backend_valid-active_r30_audit-off_20260824T234054Z,obs_b8173ede00fc419fba3de6b9289f8b0e,2026-08-24T23:41:16.147547+00:00,x509,valid_active,9,1,UAV-VALID,ACCEPTED,ACCEPTED,True,5049600,5.0496,69900,132100,4029800,0,560000,13600,0,0,,,,none,x509-valid_active_0,0,False,239,8,
n10-identities_c1-conc_mech-x509-1backend_valid-active_r30_audit-off_20260824T234054Z,obs_197135992ae948d980a91a304677f1c1,2026-08-24T23:41:16.166986+00:00,x509,valid_active,10,1,UAV-VALID,ACCEPTED,ACCEPTED,True,3899900,3.8999,80400,225000,2964900,0,315700,9500,0,0,,,,none,x509-valid_active_0,0,False,239,8,
n10-identities_c1-conc_mech-x509-1backend_valid-active_r30_audit-off_20260824T234054Z,obs_73de115fd27e4971a92f431ff48e546a,2026-08-24T23:41:16.186762+00:00,x509,valid_active,11,1,UAV-VALID,ACCEPTED,ACCEPTED,True,3019600,3.0196,84600,112700,2371800,0,337400,8200,0,0,,,,none,x509-valid_active_0,0,False,238,8,
n10-identities_c1-conc_mech-x509-1backend_valid-active_r30_audit-off_20260824T234054Z,obs_4f62dcd9c382466caa23092cc20572d0,2026-08-24T23:41:16.206122+00:00,x509,valid_active,12,1,UAV-VALID,ACCEPTED,ACCEPTED,True,3921000,3.921,67600,154900,3146600,0,358000,9100,0,0,,,,none,x509-valid_active_0,0,False,239,8,
n10-identities_c1-conc_mech-x509-1backend_valid-active_r30_audit-off_20260824T234054Z,obs_8cb5b0a4c71444c381ccaf3c5734e7be,2026-08-24T23:41:16.224738+00:00,x509,valid_active,13,1,UAV-VALID,ACCEPTED,ACCEPTED,True,4580200,4.5802,67900,103600,3899000,0,363200,10900,0,0,,,,none,x509-valid_active_0,0,False,240,8,
n10-identities_c1-conc_mech-x509-1backend_valid-active_r30_audit-off_20260824T234054Z,obs_6e9ef9ce63354ff6a924e68dc1853d25,2026-08-24T23:41:16.246024+00:00,x509,valid_active,14,1,UAV-VALID,ACCEPTED,ACCEPTED,True,5706600,5.7066,120000,190900,4993000,0,271800,7400,0,0,,,,none,x509-valid_active_0,0,False,239,8,
n10-identities_c1-conc_mech-x509-1backend_valid-active_r30_audit-off_20260824T234054Z,obs_f55b53c7f6f74b15b19af81db2f31220,2026-08-24T23:41:16.264652+00:00,x509,valid_active,15,1,UAV-VALID,ACCEPTED,ACCEPTED,True,3785600,3.7856,77600,172400,3086600,0,301700,10200,0,0,,,,none,x509-valid_active_0,0,False,239,8,
n10-identities_c1-conc_mech-x509-1backend_valid-active_r30_audit-off_20260824T234054Z,obs_d398252d86ab4641aa69a1c0cc5aac6b,2026-08-24T23:41:16.284710+00:00,x509,valid_active,16,1,UAV-VALID,ACCEPTED,ACCEPTED,True,4982100,4.9821,68700,150000,4055200,0,474500,12200,0,0,,,,none,x509-valid_active_0,0,False,240,8,
n10-identities_c1-conc_mech-x509-1backend_valid-active_r30_audit-off_20260824T234054Z,obs_54a43beca1dc4ae3bba86d93a5ff7225,2026-08-24T23:41:16.303234+00:00,x509,valid_active,17,1,UAV-VALID,ACCEPTED,ACCEPTED,True,3690400,3.6904,71200,119200,3028600,0,343900,9700,0,0,,,,none,x509-valid_active_0,0,False,239,8,
n10-identities_c1-conc_mech-x509-1backend_valid-active_r30_audit-off_20260824T234054Z,obs_3017a9b948dc4cdca284584b29a2086b,2026-08-24T23:41:16.360839+00:00,x509,valid_active,18,1,UAV-VALID,ACCEPTED,ACCEPTED,True,4202800,4.2028,80300,191900,3424000,0,359000,9000,0,0,,,,none,x509-valid_active_0,0,False,240,8,
n10-identities_c1-conc_mech-x509-1backend_valid-active_r30_audit-off_20260824T234054Z,obs_5aaccf2362a44272b1b948e585f63b31,2026-08-24T23:41:16.382071+00:00,x509,valid_active,19,1,UAV-VALID,ACCEPTED,ACCEPTED,True,6815200,6.8152,75500,161800,6117300,0,325900,8100,0,0,,,,none,x509-valid_active_0,0,False,239,8,
n10-identities_c1-conc_mech-x509-1backend_valid-active_r30_audit-off_20260824T234054Z,obs_548a96d5af974d9d867743ca9b64b698,2026-08-24T23:41:16.401767+00:00,x509,valid_active,20,1,UAV-VALID,ACCEPTED,ACCEPTED,True,4496400,4.4964,81200,282900,3294900,0,355500,10100,0,0,,,,none,x509-valid_active_0,0,False,240,8,
n10-identities_c1-conc_mech-x509-1backend_valid-active_r30_audit-off_20260824T234054Z,obs_b46289d214774f24812813b914e2f909,2026-08-24T23:41:16.420475+00:00,x509,valid_active,21,1,UAV-VALID,ACCEPTED,ACCEPTED,True,3913400,3.9134,84500,149500,3226700,0,328900,10000,0,0,,,,none,x509-valid_active_0,0,False,239,8,
n10-identities_c1-conc_mech-x509-1backend_valid-active_r30_audit-off_20260824T234054Z,obs_da25b81d1422467294ed76b20962ed41,2026-08-24T23:41:16.438488+00:00,x509,valid_active,22,1,UAV-VALID,ACCEPTED,ACCEPTED,True,4080400,4.0804,134400,152400,2836800,0,858100,10200,0,0,,,,none,x509-valid_active_0,0,False,240,8,
n10-identities_c1-conc_mech-x509-1backend_valid-active_r30_audit-off_20260824T234054Z,obs_aa404dde8b9e489f87559afbfd667bfb,2026-08-24T23:41:16.463700+00:00,x509,valid_active,23,1,UAV-VALID,ACCEPTED,ACCEPTED,True,7821100,7.8211,77100,197600,6807900,0,378900,11700,0,0,,,,none,x509-valid_active_0,0,False,238,8,
n10-identities_c1-conc_mech-x509-1backend_valid-active_r30_audit-off_20260824T234054Z,obs_23b0a6a930434120be41e87c7c439b74,2026-08-24T23:41:16.483273+00:00,x509,valid_active,24,1,UAV-VALID,ACCEPTED,ACCEPTED,True,4703000,4.703,77200,166500,3961600,0,332800,9200,0,0,,,,none,x509-valid_active_0,0,False,240,8,
n10-identities_c1-conc_mech-x509-1backend_valid-active_r30_audit-off_20260824T234054Z,obs_6677977be11344cebdcbf331ba08040b,2026-08-24T23:41:16.503776+00:00,x509,valid_active,25,1,UAV-VALID,ACCEPTED,ACCEPTED,True,3492700,3.4927,77300,113600,2746900,0,398900,11200,0,0,,,,none,x509-valid_active_0,0,False,238,8,
n10-identities_c1-conc_mech-x509-1backend_valid-active_r30_audit-off_20260824T234054Z,obs_3d58476b530d4b8aa3b2af56d0874362,2026-08-24T23:41:16.520932+00:00,x509,valid_active,26,1,UAV-VALID,ACCEPTED,ACCEPTED,True,3598000,3.598,71700,155300,2738400,0,428400,14100,0,0,,,,none,x509-valid_active_0,0,False,239,8,
n10-identities_c1-conc_mech-x509-1backend_valid-active_r30_audit-off_20260824T234054Z,obs_d38b7408a5214069a5397019759f4e7f,2026-08-24T23:41:16.542286+00:00,x509,valid_active,27,1,UAV-VALID,ACCEPTED,ACCEPTED,True,7543900,7.5439,76000,158300,6754000,0,387400,11400,0,0,,,,none,x509-valid_active_0,0,False,239,8,
n10-identities_c1-conc_mech-x509-1backend_valid-active_r30_audit-off_20260824T234054Z,obs_aac187e012bf49a1b24b328105006043,2026-08-24T23:41:16.560290+00:00,x509,valid_active,28,1,UAV-VALID,ACCEPTED,ACCEPTED,True,4313800,4.3138,101000,379700,3334300,0,366600,11400,0,0,,,,none,x509-valid_active_0,0,False,238,8,
n10-identities_c1-conc_mech-x509-1backend_valid-active_r30_audit-off_20260824T234054Z,obs_99a79e2672c44391a39193a7930ad60f,2026-08-24T23:41:16.581939+00:00,x509,valid_active,29,1,UAV-VALID,ACCEPTED,ACCEPTED,True,4812200,4.8122,68100,166100,3967800,0,357000,11300,0,0,,,,none,x509-valid_active_0,0,False,240,8,
n10-identities_c1-conc_mech-blockchain-1backend_valid-active_r30_audit-off_20260824T234119Z,obs_31f780a48a2540baae9f06c92f5ee8dd,2026-08-24T23:41:39.759308+00:00,blockchain,valid_active,0,1,UAV-VALID,ACCEPTED,ACCEPTED,True,38281300,38.2813,92200,37572800,0,6500,447600,16800,0,0,,,,none,blockchain-valid_active_0,0,True,239,8,
n10-identities_c1-conc_mech-blockchain-1backend_valid-active_r30_audit-off_20260824T234119Z,obs_c1e66de2f87d4dce8714c0dbf8220d7d,2026-08-24T23:41:39.875475+00:00,blockchain,valid_active,1,1,UAV-VALID,ACCEPTED,ACCEPTED,True,54754200,54.7542,105000,53737000,0,7100,636500,12100,0,0,,,,none,blockchain-valid_active_0,0,True,238,8,
n10-identities_c1-conc_mech-blockchain-1backend_valid-active_r30_audit-off_20260824T234119Z,obs_f6a93ac87b0a4e4f84c7dea1f3963b79,2026-08-24T23:41:39.972935+00:00,blockchain,valid_active,0,1,UAV-VALID,ACCEPTED,ACCEPTED,True,66332200,66.3322,76300,65479600,0,12900,412300,9600,0,0,,,,none,blockchain-valid_active_0,0,False,240,8,
n10-identities_c1-conc_mech-blockchain-1backend_valid-active_r30_audit-off_20260824T234119Z,obs_65f40d9cbd6048bab4f8fa0c622b0432,2026-08-24T23:41:40.058865+00:00,blockchain,valid_active,1,1,UAV-VALID,ACCEPTED,ACCEPTED,True,41417100,41.4171,90900,40647700,0,7300,466400,11600,0,0,,,,none,blockchain-valid_active_0,0,False,239,8,
n10-identities_c1-conc_mech-blockchain-1backend_valid-active_r30_audit-off_20260824T234119Z,obs_09db36fdd9744aeabd3671a3c817d37f,2026-08-24T23:41:40.133890+00:00,blockchain,valid_active,2,1,UAV-VALID,ACCEPTED,ACCEPTED,True,47632000,47.632,84600,46609600,0,7200,481800,10400,0,0,,,,none,blockchain-valid_active_0,0,False,238,8,
n10-identities_c1-conc_mech-blockchain-1backend_valid-active_r30_audit-off_20260824T234119Z,obs_f5834a3b2e5e4d2abed296fa5e58023f,2026-08-24T23:41:40.298055+00:00,blockchain,valid_active,3,1,UAV-VALID,ACCEPTED,ACCEPTED,True,143410400,143.4104,88700,142642200,0,6600,408300,11100,0,0,,,,none,blockchain-valid_active_0,0,False,239,8,
n10-identities_c1-conc_mech-blockchain-1backend_valid-active_r30_audit-off_20260824T234119Z,obs_5de7d309c58644de868dc60c20abfef7,2026-08-24T23:41:40.384687+00:00,blockchain,valid_active,4,1,UAV-VALID,ACCEPTED,ACCEPTED,True,67406400,67.4064,82400,61640700,0,40100,470700,14800,0,0,,,,none,blockchain-valid_active_0,0,False,238,8,
n10-identities_c1-conc_mech-blockchain-1backend_valid-active_r30_audit-off_20260824T234119Z,obs_94ebf0f7f357438199f801a533f67251,2026-08-24T23:41:40.466364+00:00,blockchain,valid_active,5,1,UAV-VALID,ACCEPTED,ACCEPTED,True,44414000,44.414,84900,43350100,0,9600,492100,13300,0,0,,,,none,blockchain-valid_active_0,0,False,238,8,
n10-identities_c1-conc_mech-blockchain-1backend_valid-active_r30_audit-off_20260824T234119Z,obs_fa95927e79cb47669b0d01e354b6d52b,2026-08-24T23:41:40.527299+00:00,blockchain,valid_active,6,1,UAV-VALID,ACCEPTED,ACCEPTED,True,42477300,42.4773,83600,41912600,0,4800,331700,7100,0,0,,,,none,blockchain-valid_active_0,0,False,239,8,
n10-identities_c1-conc_mech-blockchain-1backend_valid-active_r30_audit-off_20260824T234119Z,obs_2a7cf824dde14a11b14466bb2a852010,2026-08-24T23:41:40.577676+00:00,blockchain,valid_active,7,1,UAV-VALID,ACCEPTED,ACCEPTED,True,32256700,32.2567,59300,31345000,0,6400,625700,14000,0,0,,,,none,blockchain-valid_active_0,0,False,240,8,
n10-identities_c1-conc_mech-blockchain-1backend_valid-active_r30_audit-off_20260824T234119Z,obs_b7d74950dc394b1aa0c3af89c8603d5e,2026-08-24T23:41:40.626969+00:00,blockchain,valid_active,8,1,UAV-VALID,ACCEPTED,ACCEPTED,True,36827900,36.8279,74800,36134600,0,5900,413000,10200,0,0,,,,none,blockchain-valid_active_0,0,False,239,8,
n10-identities_c1-conc_mech-blockchain-1backend_valid-active_r30_audit-off_20260824T234119Z,obs_56c569bbedea4885951f6a06be76872d,2026-08-24T23:41:40.683948+00:00,blockchain,valid_active,9,1,UAV-VALID,ACCEPTED,ACCEPTED,True,38408700,38.4087,77000,37447000,0,17000,648600,12700,0,0,,,,none,blockchain-valid_active_0,0,False,240,8,
n10-identities_c1-conc_mech-blockchain-1backend_valid-active_r30_audit-off_20260824T234119Z,obs_caf5c35da91e429286434882d41439be,2026-08-24T23:41:40.736595+00:00,blockchain,valid_active,10,1,UAV-VALID,ACCEPTED,ACCEPTED,True,32405500,32.4055,76800,31618900,0,6400,494100,12600,0,0,,,,none,blockchain-valid_active_0,0,False,239,8,
n10-identities_c1-conc_mech-blockchain-1backend_valid-active_r30_audit-off_20260824T234119Z,obs_d435960334f24b74b43fd07f0c857a31,2026-08-24T23:41:40.789661+00:00,blockchain,valid_active,11,1,UAV-VALID,ACCEPTED,ACCEPTED,True,37927900,37.9279,75300,37239300,0,12100,410900,9700,0,0,,,,none,blockchain-valid_active_0,0,False,239,8,
n10-identities_c1-conc_mech-blockchain-1backend_valid-active_r30_audit-off_20260824T234119Z,obs_e20466d0f1cc4cb5987d6e8b5b8b5985,2026-08-24T23:41:40.934654+00:00,blockchain,valid_active,12,1,UAV-VALID,ACCEPTED,ACCEPTED,True,46438600,46.4386,313200,45804400,0,7300,369000,11500,0,0,,,,none,blockchain-valid_active_0,0,False,239,8,
n10-identities_c1-conc_mech-blockchain-1backend_valid-active_r30_audit-off_20260824T234119Z,obs_9e938d5961144eaa9c5be2b07371f560,2026-08-24T23:41:41.021832+00:00,blockchain,valid_active,13,1,UAV-VALID,ACCEPTED,ACCEPTED,True,71041000,71.041,202400,70187100,0,8000,459300,10800,0,0,,,,none,blockchain-valid_active_0,0,False,238,8,
n10-identities_c1-conc_mech-blockchain-1backend_valid-active_r30_audit-off_20260824T234119Z,obs_1d31d08b8f5344c89baa9be15d065266,2026-08-24T23:41:41.133935+00:00,blockchain,valid_active,14,1,UAV-VALID,ACCEPTED,ACCEPTED,True,50849500,50.8495,90100,49168700,0,7200,565300,14000,0,0,,,,none,blockchain-valid_active_0,0,False,238,8,
n10-identities_c1-conc_mech-blockchain-1backend_valid-active_r30_audit-off_20260824T234119Z,obs_002a697d19fc4bf0ae8177fe439b9305,2026-08-24T23:41:41.228414+00:00,blockchain,valid_active,15,1,UAV-VALID,ACCEPTED,ACCEPTED,True,57074700,57.0747,78800,55220900,0,7300,457600,11700,0,0,,,,none,blockchain-valid_active_0,0,False,240,8,
n10-identities_c1-conc_mech-blockchain-1backend_valid-active_r30_audit-off_20260824T234119Z,obs_d485a9674eba476395c02cc468a6eddc,2026-08-24T23:41:41.284016+00:00,blockchain,valid_active,16,1,UAV-VALID,ACCEPTED,ACCEPTED,True,34705700,34.7057,77700,33975900,0,6000,357700,9800,0,0,,,,none,blockchain-valid_active_0,0,False,239,8,
n10-identities_c1-conc_mech-blockchain-1backend_valid-active_r30_audit-off_20260824T234119Z,obs_ed541aa3e985476e9bbe6973a45f644b,2026-08-24T23:41:41.355974+00:00,blockchain,valid_active,17,1,UAV-VALID,ACCEPTED,ACCEPTED,True,50002100,50.0021,96100,49233100,0,6300,391000,10000,0,0,,,,none,blockchain-valid_active_0,0,False,240,8,
n10-identities_c1-conc_mech-blockchain-1backend_valid-active_r30_audit-off_20260824T234119Z,obs_1f2480dea1884d52a3b3aa4006834b74,2026-08-24T23:41:41.490893+00:00,blockchain,valid_active,18,1,UAV-VALID,ACCEPTED,ACCEPTED,True,48428200,48.4282,211500,47634800,0,7100,433200,12500,0,0,,,,none,blockchain-valid_active_0,0,False,240,8,
n10-identities_c1-conc_mech-blockchain-1backend_valid-active_r30_audit-off_20260824T234119Z,obs_163b6db84c97496780179bf6d1e644cb,2026-08-24T23:41:41.559033+00:00,blockchain,valid_active,19,1,UAV-VALID,ACCEPTED,ACCEPTED,True,52072400,52.0724,84800,51423600,0,7100,392000,10800,0,0,,,,none,blockchain-valid_active_0,0,False,238,8,
n10-identities_c1-conc_mech-blockchain-1backend_valid-active_r30_audit-off_20260824T234119Z,obs_d72fc32fe6894e4eb3b10391175a8755,2026-08-24T23:41:41.642290+00:00,blockchain,valid_active,20,1,UAV-VALID,ACCEPTED,ACCEPTED,True,58188400,58.1884,84600,57536700,0,6900,392600,10000,0,0,,,,none,blockchain-valid_active_0,0,False,239,8,
n10-identities_c1-conc_mech-blockchain-1backend_valid-active_r30_audit-off_20260824T234119Z,obs_59828820f72d45b2aab0ef34791081ac,2026-08-24T23:41:41.709741+00:00,blockchain,valid_active,21,1,UAV-VALID,ACCEPTED,ACCEPTED,True,49131900,49.1319,83700,48455200,0,6700,419300,10100,0,0,,,,none,blockchain-valid_active_0,0,False,239,8,
n10-identities_c1-conc_mech-blockchain-1backend_valid-active_r30_audit-off_20260824T234119Z,obs_b52fd1715b2b48e18313202d16fc1674,2026-08-24T23:41:41.777814+00:00,blockchain,valid_active,22,1,UAV-VALID,ACCEPTED,ACCEPTED,True,44930400,44.9304,80900,44080600,0,6600,511600,12500,0,0,,,,none,blockchain-valid_active_0,0,False,239,8,
n10-identities_c1-conc_mech-blockchain-1backend_valid-active_r30_audit-off_20260824T234119Z,obs_1b1e787ce6194e8f91660d804c2195e5,2026-08-24T23:41:41.870704+00:00,blockchain,valid_active,23,1,UAV-VALID,ACCEPTED,ACCEPTED,True,63481100,63.4811,81400,62606100,0,6300,424000,11900,0,0,,,,none,blockchain-valid_active_0,0,False,240,8,
n10-identities_c1-conc_mech-blockchain-1backend_valid-active_r30_audit-off_20260824T234119Z,obs_a2416ae3402b4dfbbb6d88b7d529bf5a,2026-08-24T23:41:42.010234+00:00,blockchain,valid_active,24,1,UAV-VALID,ACCEPTED,ACCEPTED,True,101015300,101.0153,81600,100362100,0,6600,395100,9700,0,0,,,,none,blockchain-valid_active_0,0,False,240,8,
n10-identities_c1-conc_mech-blockchain-1backend_valid-active_r30_audit-off_20260824T234119Z,obs_69b1aaa037744f76ba8b615db4aa522c,2026-08-24T23:41:42.089910+00:00,blockchain,valid_active,25,1,UAV-VALID,ACCEPTED,ACCEPTED,True,43422900,43.4229,329000,42545300,0,7200,412000,13200,0,0,,,,none,blockchain-valid_active_0,0,False,239,8,
n10-identities_c1-conc_mech-blockchain-1backend_valid-active_r30_audit-off_20260824T234119Z,obs_1f1e6350783043ebb5345897e147025c,2026-08-24T23:41:42.216763+00:00,blockchain,valid_active,26,1,UAV-VALID,ACCEPTED,ACCEPTED,True,89842300,89.8423,92000,87781300,0,7000,985100,14900,0,0,,,,none,blockchain-valid_active_0,0,False,239,8,
n10-identities_c1-conc_mech-blockchain-1backend_valid-active_r30_audit-off_20260824T234119Z,obs_0091b42ec8ea4ec9bede35d9d41a2072,2026-08-24T23:41:42.286710+00:00,blockchain,valid_active,27,1,UAV-VALID,ACCEPTED,ACCEPTED,True,47298100,47.2981,84400,45491300,0,7700,1502500,15500,0,0,,,,none,blockchain-valid_active_0,0,False,237,8,
n10-identities_c1-conc_mech-blockchain-1backend_valid-active_r30_audit-off_20260824T234119Z,obs_5c69f2cf0f894ec3ac84d0df890097ea,2026-08-24T23:41:42.352006+00:00,blockchain,valid_active,28,1,UAV-VALID,ACCEPTED,ACCEPTED,True,37676200,37.6762,85900,36638200,0,7400,612200,13500,0,0,,,,none,blockchain-valid_active_0,0,False,238,8,
n10-identities_c1-conc_mech-blockchain-1backend_valid-active_r30_audit-off_20260824T234119Z,obs_9d7acffb79d4465b8523173f79c4f901,2026-08-24T23:41:42.749383+00:00,blockchain,valid_active,29,1,UAV-VALID,ACCEPTED,ACCEPTED,True,329374900,329.3749,78100,328697400,0,6900,410400,12400,0,0,,,,none,blockchain-valid_active_0,0,False,240,8,
n10-identities_c5-conc_mech-x509-1backend_valid-active_r30_audit-off_20260824T234403Z,obs_5bbc51eb58e643209225004d1b57f9b3,2026-08-24T23:44:04.160863+00:00,x509,valid_active,1,5,UAV-VALID,ACCEPTED,ACCEPTED,True,7397800,7.3978,65700,250200,6749300,0,202800,8200,0,0,,,,none,x509-valid_active_1,0,True,239,8,
n10-identities_c5-conc_mech-x509-1backend_valid-active_r30_audit-off_20260824T234403Z,obs_08f4aa2bbd1f45729645df20467bdbb8,2026-08-24T23:44:04.161607+00:00,x509,valid_active,0,5,UAV-VALID,ACCEPTED,ACCEPTED,True,7126800,7.1268,46100,174200,6596300,0,204200,8500,0,0,,,,none,x509-valid_active_0,0,True,239,8,
n10-identities_c5-conc_mech-x509-1backend_valid-active_r30_audit-off_20260824T234403Z,obs_8b254ff4af6f4bc5bd01c5d466bc5689,2026-08-24T23:44:04.162447+00:00,x509,valid_active,0,5,UAV-VALID,ACCEPTED,ACCEPTED,True,7357700,7.3577,37400,86400,6950100,0,192100,6600,0,0,,,,none,x509-valid_active_2,0,False,238,8,
n10-identities_c5-conc_mech-x509-1backend_valid-active_r30_audit-off_20260824T234403Z,obs_f02c0dc4f7c7436e961bacb05b94d4db,2026-08-24T23:44:04.163171+00:00,x509,valid_active,1,5,UAV-VALID,ACCEPTED,ACCEPTED,True,7705800,7.7058,39300,56200,7360600,0,177000,5100,0,0,,,,none,x509-valid_active_3,0,False,238,8,
n10-identities_c5-conc_mech-x509-1backend_valid-active_r30_audit-off_20260824T234403Z,obs_6767ea82a8f342d7826b0300f324c76d,2026-08-24T23:44:04.167421+00:00,x509,valid_active,2,5,UAV-VALID,ACCEPTED,ACCEPTED,True,11573800,11.5738,37700,81000,11049600,0,225800,53600,0,0,,,,none,x509-valid_active_4,0,False,240,8,
n10-identities_c5-conc_mech-x509-1backend_valid-active_r30_audit-off_20260824T234403Z,obs_0dbd220538e443be81941aa284541889,2026-08-24T23:44:04.199541+00:00,x509,valid_active,3,5,UAV-VALID,ACCEPTED,ACCEPTED,True,9251500,9.2515,44200,92700,8824000,0,200500,5100,0,0,,,,none,x509-valid_active_1,0,False,238,8,
n10-identities_c5-conc_mech-x509-1backend_valid-active_r30_audit-off_20260824T234403Z,obs_e3205e802ae34f96be09e1cb68082f31,2026-08-24T23:44:04.203657+00:00,x509,valid_active,5,5,UAV-VALID,ACCEPTED,ACCEPTED,True,11983000,11.983,56800,108300,11456100,0,245700,5600,0,0,,,,none,x509-valid_active_2,0,False,238,8,
n10-identities_c5-conc_mech-x509-1backend_valid-active_r30_audit-off_20260824T234403Z,obs_fb000e389f694be9871bb1fd5552607f,2026-08-24T23:44:04.205741+00:00,x509,valid_active,4,5,UAV-VALID,ACCEPTED,ACCEPTED,True,13093000,13.093,49600,76400,12663500,0,217400,6300,0,0,,,,none,x509-valid_active_0,0,False,239,8,
n10-identities_c5-conc_mech-x509-1backend_valid-active_r30_audit-off_20260824T234403Z,obs_c6408a2952c54e7aa0bf3011cf456640,2026-08-24T23:44:04.206643+00:00,x509,valid_active,7,5,UAV-VALID,ACCEPTED,ACCEPTED,True,9922900,9.9229,41700,48400,9541200,0,206900,6800,0,0,,,,none,x509-valid_active_4,0,False,238,8,
n10-identities_c5-conc_mech-x509-1backend_valid-active_r30_audit-off_20260824T234403Z,obs_8cb51591649543b787eaeb152d266154,2026-08-24T23:44:04.218201+00:00,x509,valid_active,6,5,UAV-VALID,ACCEPTED,ACCEPTED,True,17824900,17.8249,32900,86200,17156100,0,414200,7900,0,0,,,,none,x509-valid_active_3,0,False,239,8,
n10-identities_c5-conc_mech-x509-1backend_valid-active_r30_audit-off_20260824T234403Z,obs_31120b5139ac41778233e8ecbbe7d482,2026-08-24T23:44:04.236936+00:00,x509,valid_active,8,5,UAV-VALID,ACCEPTED,ACCEPTED,True,15370500,15.3705,62700,105400,14866900,0,233400,6000,0,0,,,,none,x509-valid_active_1,0,False,238,8,
n10-identities_c5-conc_mech-x509-1backend_valid-active_r30_audit-off_20260824T234403Z,obs_3092fd73428c421cb4924477f3b687e8,2026-08-24T23:44:04.252031+00:00,x509,valid_active,9,5,UAV-VALID,ACCEPTED,ACCEPTED,True,14729700,14.7297,63700,97600,14126800,0,256500,8500,0,0,,,,none,x509-valid_active_2,0,False,239,8,
n10-identities_c5-conc_mech-x509-1backend_valid-active_r30_audit-off_20260824T234403Z,obs_9892bbc42d1040b89020ecd545a1d4a4,2026-08-24T23:44:04.260072+00:00,x509,valid_active,10,5,UAV-VALID,ACCEPTED,ACCEPTED,True,14581500,14.5815,47200,108900,14137500,0,199200,6100,0,0,,,,none,x509-valid_active_0,0,False,239,8,
n10-identities_c5-conc_mech-x509-1backend_valid-active_r30_audit-off_20260824T234403Z,obs_5853344251ca43f1a8207be7d681d482,2026-08-24T23:44:04.260845+00:00,x509,valid_active,11,5,UAV-VALID,ACCEPTED,ACCEPTED,True,21991400,21.9914,56900,90700,21612100,0,176500,4800,0,0,,,,none,x509-valid_active_4,0,False,239,8,
n10-identities_c5-conc_mech-x509-1backend_valid-active_r30_audit-off_20260824T234403Z,obs_1d59c9b1f35a493bb0adf3cea89fec89,2026-08-24T23:44:04.264009+00:00,x509,valid_active,12,5,UAV-VALID,ACCEPTED,ACCEPTED,True,11260000,11.26,43100,124600,10746400,0,216500,6100,0,0,,,,none,x509-valid_active_3,0,False,239,8,
n10-identities_c5-conc_mech-x509-1backend_valid-active_r30_audit-off_20260824T234403Z,obs_3fcb3d94e601401f859f3e2286c4cfb2,2026-08-24T23:44:04.273496+00:00,x509,valid_active,13,5,UAV-VALID,ACCEPTED,ACCEPTED,True,15131500,15.1315,34300,101200,14652400,0,231000,7300,0,0,,,,none,x509-valid_active_1,0,False,239,8,
n10-identities_c5-conc_mech-x509-1backend_valid-active_r30_audit-off_20260824T234403Z,obs_9cedaa74497e4d58aac06fbcd6fa2972,2026-08-24T23:44:04.292739+00:00,x509,valid_active,14,5,UAV-VALID,ACCEPTED,ACCEPTED,True,15877000,15.877,58800,95500,15483800,0,183400,5100,0,0,,,,none,x509-valid_active_2,0,False,240,8,
n10-identities_c5-conc_mech-x509-1backend_valid-active_r30_audit-off_20260824T234403Z,obs_42bb4b789f124c9b9350ea23627dfe84,2026-08-24T23:44:04.306370+00:00,x509,valid_active,16,5,UAV-VALID,ACCEPTED,ACCEPTED,True,13164200,13.1642,42500,75500,12815200,0,171800,4700,0,0,,,,none,x509-valid_active_4,0,False,238,8,
n10-identities_c5-conc_mech-x509-1backend_valid-active_r30_audit-off_20260824T234403Z,obs_0f2e6497b17846d2aff812982a53fc28,2026-08-24T23:44:04.306834+00:00,x509,valid_active,15,5,UAV-VALID,ACCEPTED,ACCEPTED,True,12295100,12.2951,40300,65400,12012900,0,124700,3800,0,0,,,,none,x509-valid_active_0,0,False,240,8,
n10-identities_c5-conc_mech-x509-1backend_valid-active_r30_audit-off_20260824T234403Z,obs_d6eb91845bd34efc9ac4adad9bb57022,2026-08-24T23:44:04.307558+00:00,x509,valid_active,18,5,UAV-VALID,ACCEPTED,ACCEPTED,True,5972300,5.9723,23400,91400,5545000,0,218300,4500,0,0,,,,none,x509-valid_active_1,0,False,239,8,
n10-identities_c5-conc_mech-x509-1backend_valid-active_r30_audit-off_20260824T234403Z,obs_eab0eace62654b2bbb27870a1c6d3507,2026-08-24T23:44:04.317148+00:00,x509,valid_active,17,5,UAV-VALID,ACCEPTED,ACCEPTED,True,14833600,14.8336,31800,80300,14364700,0,232800,9200,0,0,,,,none,x509-valid_active_3,0,False,239,8,
n10-identities_c5-conc_mech-x509-1backend_valid-active_r30_audit-off_20260824T234403Z,obs_d6f816c9167147a0a1eb74c95a731e8e,2026-08-24T23:44:04.318295+00:00,x509,valid_active,19,5,UAV-VALID,ACCEPTED,ACCEPTED,True,13171400,13.1714,41900,74100,12727200,0,228500,7200,0,0,,,,none,x509-valid_active_2,0,False,239,8,
n10-identities_c5-conc_mech-x509-1backend_valid-active_r30_audit-off_20260824T234403Z,obs_04c0827cdf2948da839fce34e759a500,2026-08-24T23:44:04.350870+00:00,x509,valid_active,20,5,UAV-VALID,ACCEPTED,ACCEPTED,True,15186000,15.186,34400,91900,14571500,0,258100,7100,0,0,,,,none,x509-valid_active_4,0,False,239,8,
n10-identities_c5-conc_mech-x509-1backend_valid-active_r30_audit-off_20260824T234403Z,obs_53ee1731fe5e4b65a4d685b2c5e5e49f,2026-08-24T23:44:04.351726+00:00,x509,valid_active,22,5,UAV-VALID,ACCEPTED,ACCEPTED,True,9272400,9.2724,47100,86000,8835500,0,217900,5900,0,0,,,,none,x509-valid_active_1,0,False,239,8,
n10-identities_c5-conc_mech-x509-1backend_valid-active_r30_audit-off_20260824T234403Z,obs_bea61ce70996444b8098ac704a0998b0,2026-08-24T23:44:04.352568+00:00,x509,valid_active,24,5,UAV-VALID,ACCEPTED,ACCEPTED,True,6176400,6.1764,46900,75300,5782200,0,192600,5500,0,0,,,,none,x509-valid_active_2,0,False,238,8,
n10-identities_c5-conc_mech-x509-1backend_valid-active_r30_audit-off_20260824T234403Z,obs_39e77c4b2b7945eeab51fc85e138def5,2026-08-24T23:44:04.358075+00:00,x509,valid_active,23,5,UAV-VALID,ACCEPTED,ACCEPTED,True,11005000,11.005,33600,76100,10541400,0,239000,5600,0,0,,,,none,x509-valid_active_3,0,False,238,8,
n10-identities_c5-conc_mech-x509-1backend_valid-active_r30_audit-off_20260824T234403Z,obs_c877a25c4a524629bfc49f57d00a8645,2026-08-24T23:44:04.365246+00:00,x509,valid_active,21,5,UAV-VALID,ACCEPTED,ACCEPTED,True,21608200,21.6082,48900,65300,21112300,0,261900,8700,0,0,,,,none,x509-valid_active_0,0,False,240,8,
n10-identities_c5-conc_mech-x509-1backend_valid-active_r30_audit-off_20260824T234403Z,obs_6f5bc8bf6bf74f9d8a84b18702708319,2026-08-24T23:44:04.396468+00:00,x509,valid_active,26,5,UAV-VALID,ACCEPTED,ACCEPTED,True,6547600,6.5476,46000,125100,5880700,0,228100,5900,0,0,,,,none,x509-valid_active_1,0,False,239,8,
n10-identities_c5-conc_mech-x509-1backend_valid-active_r30_audit-off_20260824T234403Z,obs_944f8ac6dae54e19ae1259e367bfe08f,2026-08-24T23:44:04.397129+00:00,x509,valid_active,27,5,UAV-VALID,ACCEPTED,ACCEPTED,True,6326600,6.3266,52800,82800,5938700,0,195900,4900,0,0,,,,none,x509-valid_active_2,0,False,238,8,
n10-identities_c5-conc_mech-x509-1backend_valid-active_r30_audit-off_20260824T234403Z,obs_ddcdd912185d4fce80534f2b4df4497c,2026-08-24T23:44:04.399040+00:00,x509,valid_active,29,5,UAV-VALID,ACCEPTED,ACCEPTED,True,7348800,7.3488,45900,74100,6906800,0,233100,6900,0,0,,,,none,x509-valid_active_0,0,False,240,8,
n10-identities_c5-conc_mech-x509-1backend_valid-active_r30_audit-off_20260824T234403Z,obs_1fdfc15e024e4e8d85288cc4e9996e20,2026-08-24T23:44:04.399475+00:00,x509,valid_active,25,5,UAV-VALID,ACCEPTED,ACCEPTED,True,8261100,8.2611,52600,68500,7956600,0,145300,3900,0,0,,,,none,x509-valid_active_4,0,False,238,8,
n10-identities_c5-conc_mech-x509-1backend_valid-active_r30_audit-off_20260824T234403Z,obs_0ac40f784a874c3fb628b799ef3b9982,2026-08-24T23:44:04.400120+00:00,x509,valid_active,28,5,UAV-VALID,ACCEPTED,ACCEPTED,True,7775600,7.7756,49300,67500,7397800,0,200100,5400,0,0,,,,none,x509-valid_active_3,0,False,240,8,
n10-identities_c5-conc_mech-blockchain-1backend_valid-active_r30_audit-off_20260824T234405Z,obs_8af6c55a0b2c4e02ac52793e10987d9d,2026-08-24T23:44:20.021515+00:00,blockchain,valid_active,0,5,UAV-VALID,ACCEPTED,ACCEPTED,True,56683000,56.683,56200,56193700,0,6900,312100,8300,0,0,,,,none,blockchain-valid_active_0,0,True,239,8,
n10-identities_c5-conc_mech-blockchain-1backend_valid-active_r30_audit-off_20260824T234405Z,obs_600cddcad7804bda872e0b87c9c3316e,2026-08-24T23:44:20.035198+00:00,blockchain,valid_active,1,5,UAV-VALID,ACCEPTED,ACCEPTED,True,53299600,53.2996,31500,52708300,0,5200,400300,29800,0,0,,,,none,blockchain-valid_active_3,0,False,238,8,
n10-identities_c5-conc_mech-blockchain-1backend_valid-active_r30_audit-off_20260824T234405Z,obs_76423e8d03934a06abdf9e1eb9b48000,2026-08-24T23:44:20.037192+00:00,blockchain,valid_active,0,5,UAV-VALID,ACCEPTED,ACCEPTED,True,57678900,57.6789,35900,57401600,0,3300,177400,4800,0,0,,,,none,blockchain-valid_active_2,0,False,239,8,
n10-identities_c5-conc_mech-blockchain-1backend_valid-active_r30_audit-off_20260824T234405Z,obs_d2b878e8cb674349aea8e740d1e63a78,2026-08-24T23:44:20.038731+00:00,blockchain,valid_active,1,5,UAV-VALID,ACCEPTED,ACCEPTED,True,63938200,63.9382,36600,63688500,0,2900,156800,3500,0,0,,,,none,blockchain-valid_active_1,0,True,239,8,
n10-identities_c5-conc_mech-blockchain-1backend_valid-active_r30_audit-off_20260824T234405Z,obs_de66cfaf4093402e98ad4d1389b56a96,2026-08-24T23:44:20.039896+00:00,blockchain,valid_active,2,5,UAV-VALID,ACCEPTED,ACCEPTED,True,55098300,55.0983,41000,54868000,0,2300,146300,2900,0,0,,,,none,blockchain-valid_active_4,0,False,238,8,
n10-identities_c5-conc_mech-blockchain-1backend_valid-active_r30_audit-off_20260824T234405Z,obs_e04e1b1e0625494d9df257867380b71d,2026-08-24T23:44:20.105681+00:00,blockchain,valid_active,3,5,UAV-VALID,ACCEPTED,ACCEPTED,True,55092400,55.0924,51200,54766500,0,3400,172200,4100,0,0,,,,none,blockchain-valid_active_0,0,False,239,8,
n10-identities_c5-conc_mech-blockchain-1backend_valid-active_r30_audit-off_20260824T234405Z,obs_53d5dd4a96764cde97f95b92e3f07b26,2026-08-24T23:44:20.118225+00:00,blockchain,valid_active,7,5,UAV-VALID,ACCEPTED,ACCEPTED,True,46581500,46.5815,26600,46128000,0,5500,273500,10900,0,0,,,,none,blockchain-valid_active_4,0,False,238,8,
n10-identities_c5-conc_mech-blockchain-1backend_valid-active_r30_audit-off_20260824T234405Z,obs_9df07b377a2644bca11138a20bf46e18,2026-08-24T23:44:20.119749+00:00,blockchain,valid_active,6,5,UAV-VALID,ACCEPTED,ACCEPTED,True,52918300,52.9183,38800,52651900,0,3000,167900,3700,0,0,,,,none,blockchain-valid_active_1,0,False,240,8,
n10-identities_c5-conc_mech-blockchain-1backend_valid-active_r30_audit-off_20260824T234405Z,obs_42065ea858c14906abf829d3502f1177,2026-08-24T23:44:20.122062+00:00,blockchain,valid_active,4,5,UAV-VALID,ACCEPTED,ACCEPTED,True,54516300,54.5163,51500,54256600,0,2500,164200,3500,0,0,,,,none,blockchain-valid_active_3,0,False,238,8,
n10-identities_c5-conc_mech-blockchain-1backend_valid-active_r30_audit-off_20260824T234405Z,obs_7b4f7532e623485dbf60d7426d8b12fb,2026-08-24T23:44:20.139117+00:00,blockchain,valid_active,5,5,UAV-VALID,ACCEPTED,ACCEPTED,True,69959000,69.959,26400,69521800,0,5700,285300,6500,0,0,,,,none,blockchain-valid_active_2,0,False,238,8,
n10-identities_c5-conc_mech-blockchain-1backend_valid-active_r30_audit-off_20260824T234405Z,obs_b67f8e751bfc40b49c6f098b091ec7df,2026-08-24T23:44:20.210949+00:00,blockchain,valid_active,8,5,UAV-VALID,ACCEPTED,ACCEPTED,True,74748800,74.7488,48200,72268600,0,8200,1272600,14400,0,0,,,,none,blockchain-valid_active_0,0,False,239,8,
n10-identities_c5-conc_mech-blockchain-1backend_valid-active_r30_audit-off_20260824T234405Z,obs_8e2d52b466d4437b8bf35932006b18d1,2026-08-24T23:44:20.227560+00:00,blockchain,valid_active,9,5,UAV-VALID,ACCEPTED,ACCEPTED,True,72262100,72.2621,50100,71785800,0,5400,276100,11400,0,0,,,,none,blockchain-valid_active_4,0,False,239,8,
n10-identities_c5-conc_mech-blockchain-1backend_valid-active_r30_audit-off_20260824T234405Z,obs_73e0736142f242b58d3723bde98ee12b,2026-08-24T23:44:20.234540+00:00,blockchain,valid_active,10,5,UAV-VALID,ACCEPTED,ACCEPTED,True,90747300,90.7473,56800,90338100,0,4300,246500,7000,0,0,,,,none,blockchain-valid_active_1,0,False,239,8,
n10-identities_c5-conc_mech-blockchain-1backend_valid-active_r30_audit-off_20260824T234405Z,obs_0be4cec8b3654d80871fc3a4c031c1ec,2026-08-24T23:44:20.236613+00:00,blockchain,valid_active,11,5,UAV-VALID,ACCEPTED,ACCEPTED,True,84789300,84.7893,35100,84268200,0,4700,234200,7800,0,0,,,,none,blockchain-valid_active_3,0,False,240,8,
n10-identities_c5-conc_mech-blockchain-1backend_valid-active_r30_audit-off_20260824T234405Z,obs_771f19813adc4155b8091e61cf7c9a75,2026-08-24T23:44:20.249698+00:00,blockchain,valid_active,12,5,UAV-VALID,ACCEPTED,ACCEPTED,True,73557500,73.5575,55500,73167100,0,4000,230500,6200,0,0,,,,none,blockchain-valid_active_2,0,False,240,8,
n10-identities_c5-conc_mech-blockchain-1backend_valid-active_r30_audit-off_20260824T234405Z,obs_05a47c9b1cd7406281aae65e5db07028,2026-08-24T23:44:20.340475+00:00,blockchain,valid_active,14,5,UAV-VALID,ACCEPTED,ACCEPTED,True,74689600,74.6896,52800,74270200,0,6700,258000,6600,0,0,,,,none,blockchain-valid_active_4,0,False,239,8,
n10-identities_c5-conc_mech-blockchain-1backend_valid-active_r30_audit-off_20260824T234405Z,obs_9862602096ac4e10a1a2734b6e8ec280,2026-08-24T23:44:20.345848+00:00,blockchain,valid_active,16,5,UAV-VALID,ACCEPTED,ACCEPTED,True,72899000,72.899,102800,72333700,0,4600,362700,8000,0,0,,,,none,blockchain-valid_active_3,0,False,238,8,
n10-identities_c5-conc_mech-blockchain-1backend_valid-active_r30_audit-off_20260824T234405Z,obs_625512e25b394f2ea018616a0daf0223,2026-08-24T23:44:20.348880+00:00,blockchain,valid_active,13,5,UAV-VALID,ACCEPTED,ACCEPTED,True,102274300,102.2743,55600,101866200,0,5300,247400,6200,0,0,,,,none,blockchain-valid_active_0,0,False,240,8,
n10-identities_c5-conc_mech-blockchain-1backend_valid-active_r30_audit-off_20260824T234405Z,obs_b6b20e74b69d411da28555e5665f68fa,2026-08-24T23:44:20.431354+00:00,blockchain,valid_active,17,5,UAV-VALID,ACCEPTED,ACCEPTED,True,125171700,125.1717,82600,124731200,0,7200,261000,7400,0,0,,,,none,blockchain-valid_active_2,0,False,240,8,
n10-identities_c5-conc_mech-blockchain-1backend_valid-active_r30_audit-off_20260824T234405Z,obs_fdb9451dcd3a448c9a8fa49651016fe8,2026-08-24T23:44:20.503462+00:00,blockchain,valid_active,15,5,UAV-VALID,ACCEPTED,ACCEPTED,True,188879900,188.8799,214600,188399400,0,6200,279600,7000,0,0,,,,none,blockchain-valid_active_1,0,False,239,8,
n10-identities_c5-conc_mech-blockchain-1backend_valid-active_r30_audit-off_20260824T234405Z,obs_efdb4bf6563541bb982556e1123b0802,2026-08-24T23:44:20.515809+00:00,blockchain,valid_active,19,5,UAV-VALID,ACCEPTED,ACCEPTED,True,132470400,132.4704,80800,131967400,0,6600,275500,8000,0,0,,,,none,blockchain-valid_active_3,0,False,240,8,
n10-identities_c5-conc_mech-blockchain-1backend_valid-active_r30_audit-off_20260824T234405Z,obs_70ab58c91c8c4cde8e1eac71367049e0,2026-08-24T23:44:20.519128+00:00,blockchain,valid_active,20,5,UAV-VALID,ACCEPTED,ACCEPTED,True,134550800,134.5508,57600,134117300,0,4600,275900,6700,0,0,,,,none,blockchain-valid_active_0,0,False,240,8,
n10-identities_c5-conc_mech-blockchain-1backend_valid-active_r30_audit-off_20260824T234405Z,obs_edfd86f2684e4af9aadc835b1ac293a7,2026-08-24T23:44:20.521253+00:00,blockchain,valid_active,18,5,UAV-VALID,ACCEPTED,ACCEPTED,True,145082200,145.0822,75600,144665000,0,4300,236000,7300,0,0,,,,none,blockchain-valid_active_4,0,False,239,8,
n10-identities_c5-conc_mech-blockchain-1backend_valid-active_r30_audit-off_20260824T234405Z,obs_0de3ab72d68240c9be2fa1332c906a56,2026-08-24T23:44:20.619428+00:00,blockchain,valid_active,23,5,UAV-VALID,ACCEPTED,ACCEPTED,True,57806800,57.8068,74500,57340700,0,5600,283900,5400,0,0,,,,none,blockchain-valid_active_3,0,False,239,8,
n10-identities_c5-conc_mech-blockchain-1backend_valid-active_r30_audit-off_20260824T234405Z,obs_48f43468d0a24223b62d21e92821ec22,2026-08-24T23:44:20.621107+00:00,blockchain,valid_active,25,5,UAV-VALID,ACCEPTED,ACCEPTED,True,57446700,57.4467,50600,57065000,0,4000,233400,6800,0,0,,,,none,blockchain-valid_active_4,0,False,238,8,
n10-identities_c5-conc_mech-blockchain-1backend_valid-active_r30_audit-off_20260824T234405Z,obs_9b333e06f8ae49a1aa6119d4ec724011,2026-08-24T23:44:20.624341+00:00,blockchain,valid_active,21,5,UAV-VALID,ACCEPTED,ACCEPTED,True,111327700,111.3277,71800,110875700,0,4500,268300,7600,0,0,,,,none,blockchain-valid_active_2,0,False,239,8,
n10-identities_c5-conc_mech-blockchain-1backend_valid-active_r30_audit-off_20260824T234405Z,obs_712ccc34462f4712a67a0b2756e491c9,2026-08-24T23:44:20.641964+00:00,blockchain,valid_active,24,5,UAV-VALID,ACCEPTED,ACCEPTED,True,71874700,71.8747,134300,71456300,0,5700,249000,5600,0,0,,,,none,blockchain-valid_active_0,0,False,240,8,
n10-identities_c5-conc_mech-blockchain-1backend_valid-active_r30_audit-off_20260824T234405Z,obs_3f15a24a2b9247a49a24b926c25bd4ca,2026-08-24T23:44:20.654893+00:00,blockchain,valid_active,22,5,UAV-VALID,ACCEPTED,ACCEPTED,True,88201500,88.2015,53700,87361600,0,9400,545400,27300,0,0,,,,none,blockchain-valid_active_1,0,False,239,8,
n10-identities_c5-conc_mech-blockchain-1backend_valid-active_r30_audit-off_20260824T234405Z,obs_6f3ba89fac5d4d2da422683ad7af2b42,2026-08-24T23:44:20.737409+00:00,blockchain,valid_active,27,5,UAV-VALID,ACCEPTED,ACCEPTED,True,81159100,81.1591,54100,80682700,0,5200,269700,8900,0,0,,,,none,blockchain-valid_active_4,0,False,239,8,
n10-identities_c5-conc_mech-blockchain-1backend_valid-active_r30_audit-off_20260824T234405Z,obs_35b489e3893c4c579e2744b2eadd709e,2026-08-24T23:44:20.761217+00:00,blockchain,valid_active,28,5,UAV-VALID,ACCEPTED,ACCEPTED,True,74986500,74.9865,65700,74482100,0,6800,326500,8700,0,0,,,,none,blockchain-valid_active_2,0,False,239,8,
n10-identities_c5-conc_mech-blockchain-1backend_valid-active_r30_audit-off_20260824T234405Z,obs_b66a7ca1e6c44a71b180afc011d1efc2,2026-08-24T23:44:20.763183+00:00,blockchain,valid_active,26,5,UAV-VALID,ACCEPTED,ACCEPTED,True,75009200,75.0092,142100,74580700,0,5300,264200,6900,0,0,,,,none,blockchain-valid_active_3,0,False,239,8,
n10-identities_c5-conc_mech-blockchain-1backend_valid-active_r30_audit-off_20260824T234405Z,obs_2f10460e7d5546149795e51b4bc72dfb,2026-08-24T23:44:20.765433+00:00,blockchain,valid_active,29,5,UAV-VALID,ACCEPTED,ACCEPTED,True,71835500,71.8355,69900,71379300,0,5200,273600,7900,0,0,,,,none,blockchain-valid_active_0,0,False,238,8,
n10-identities_c10-conc_mech-x509-1backend_valid-active_r30_audit-off_20260824T234422Z,obs_f09f019129854cb2a8d255e2ea93578a,2026-08-24T23:44:22.510753+00:00,x509,valid_active,1,10,UAV-VALID,ACCEPTED,ACCEPTED,True,38847400,38.8474,50700,116400,38337100,0,245700,8300,0,0,,,,none,x509-valid_active_1,0,True,238,8,
n10-identities_c10-conc_mech-x509-1backend_valid-active_r30_audit-off_20260824T234422Z,obs_c3b85a205252491f937d783af73ca87a,2026-08-24T23:44:22.513121+00:00,x509,valid_active,0,10,UAV-VALID,ACCEPTED,ACCEPTED,True,48936900,48.9369,50700,137900,48395800,0,247900,5900,0,0,,,,none,x509-valid_active_0,0,True,239,8,
n10-identities_c10-conc_mech-x509-1backend_valid-active_r30_audit-off_20260824T234422Z,obs_518bd764b412459fbe5ec2713cbca598,2026-08-24T23:44:22.514627+00:00,x509,valid_active,0,10,UAV-VALID,ACCEPTED,ACCEPTED,True,41233800,41.2338,52100,104300,40792200,0,212200,6000,0,0,,,,none,x509-valid_active_2,0,False,239,8,
n10-identities_c10-conc_mech-x509-1backend_valid-active_r30_audit-off_20260824T234422Z,obs_efe41bd45aec45b4a78aef40d792adcb,2026-08-24T23:44:22.534780+00:00,x509,valid_active,3,10,UAV-VALID,ACCEPTED,ACCEPTED,True,25292200,25.2922,61400,161000,24605600,0,221600,6100,0,0,,,,none,x509-valid_active_5,0,False,238,8,
n10-identities_c10-conc_mech-x509-1backend_valid-active_r30_audit-off_20260824T234422Z,obs_e21cc8ed3c1048caa8197ebc558a0360,2026-08-24T23:44:22.544431+00:00,x509,valid_active,4,10,UAV-VALID,ACCEPTED,ACCEPTED,True,33244000,33.244,59700,119800,32786100,0,202500,6600,0,0,,,,none,x509-valid_active_6,0,False,239,8,
n10-identities_c10-conc_mech-x509-1backend_valid-active_r30_audit-off_20260824T234422Z,obs_c5b55f29dd7b410c9899015e05aef272,2026-08-24T23:44:22.545550+00:00,x509,valid_active,1,10,UAV-VALID,ACCEPTED,ACCEPTED,True,53592000,53.592,69800,140900,53105800,0,202100,6500,0,0,,,,none,x509-valid_active_3,0,False,239,8,
n10-identities_c10-conc_mech-x509-1backend_valid-active_r30_audit-off_20260824T234422Z,obs_c0d353bc4cbb4b169d6492df1d606bd3,2026-08-24T23:44:22.550033+00:00,x509,valid_active,7,10,UAV-VALID,ACCEPTED,ACCEPTED,True,31128000,31.128,47900,126600,30538800,0,299000,7400,0,0,,,,none,x509-valid_active_9,0,False,239,8,
n10-identities_c10-conc_mech-x509-1backend_valid-active_r30_audit-off_20260824T234422Z,obs_8108807abcf848d3be3412d178de43db,2026-08-24T23:44:22.551898+00:00,x509,valid_active,2,10,UAV-VALID,ACCEPTED,ACCEPTED,True,37959400,37.9594,49900,87100,37406100,0,274100,7100,0,0,,,,none,x509-valid_active_4,0,False,239,8,
n10-identities_c10-conc_mech-x509-1backend_valid-active_r30_audit-off_20260824T234422Z,obs_50ea5ee6c6504b3db1c49ff4ad0b9991,2026-08-24T23:44:22.578072+00:00,x509,valid_active,5,10,UAV-VALID,ACCEPTED,ACCEPTED,True,46523500,46.5235,32000,109400,46089300,0,202300,4300,0,0,,,,none,x509-valid_active_7,0,False,239,8,
n10-identities_c10-conc_mech-x509-1backend_valid-active_r30_audit-off_20260824T234422Z,obs_7a43120aea694c038ea8e5d3a43bc3fb,2026-08-24T23:44:22.579411+00:00,x509,valid_active,6,10,UAV-VALID,ACCEPTED,ACCEPTED,True,38809600,38.8096,55300,312300,38000100,0,303500,6200,0,0,,,,none,x509-valid_active_8,0,False,239,8,
n10-identities_c10-conc_mech-x509-1backend_valid-active_r30_audit-off_20260824T234422Z,obs_3fc03b144abe446c87e72ba2b5159e50,2026-08-24T23:44:22.593786+00:00,x509,valid_active,8,10,UAV-VALID,ACCEPTED,ACCEPTED,True,49009300,49.0093,30300,100800,48621400,0,173500,4900,0,0,,,,none,x509-valid_active_1,0,False,239,8,
n10-identities_c10-conc_mech-x509-1backend_valid-active_r30_audit-off_20260824T234422Z,obs_5be9c52e0fa94fd9af2404ba925c883b,2026-08-24T23:44:22.602021+00:00,x509,valid_active,10,10,UAV-VALID,ACCEPTED,ACCEPTED,True,51259400,51.2594,83500,98900,50755000,0,247800,7000,0,0,,,,none,x509-valid_active_2,0,False,239,8,
n10-identities_c10-conc_mech-x509-1backend_valid-active_r30_audit-off_20260824T234422Z,obs_280f75e1703f460d82c06e4d1bea0f5d,2026-08-24T23:44:22.628825+00:00,x509,valid_active,11,10,UAV-VALID,ACCEPTED,ACCEPTED,True,42051500,42.0515,61600,102200,41541700,0,238100,7000,0,0,,,,none,x509-valid_active_5,0,False,239,8,
n10-identities_c10-conc_mech-x509-1backend_valid-active_r30_audit-off_20260824T234422Z,obs_faa260cf6ea74f938f43d36032438e2c,2026-08-24T23:44:22.630502+00:00,x509,valid_active,9,10,UAV-VALID,ACCEPTED,ACCEPTED,True,33615600,33.6156,39500,86900,32933300,0,468100,5100,0,0,,,,none,x509-valid_active_0,0,False,240,8,
n10-identities_c10-conc_mech-x509-1backend_valid-active_r30_audit-off_20260824T234422Z,obs_32e1dee163a54f188233b1855d8c95fe,2026-08-24T23:44:22.639240+00:00,x509,valid_active,14,10,UAV-VALID,ACCEPTED,ACCEPTED,True,20261200,20.2612,48400,180600,19797200,0,151500,4300,0,0,,,,none,x509-valid_active_9,0,False,239,8,
n10-identities_c10-conc_mech-x509-1backend_valid-active_r30_audit-off_20260824T234422Z,obs_2ebf08d72b6642b4adf174aeaf9f06e2,2026-08-24T23:44:22.640724+00:00,x509,valid_active,15,10,UAV-VALID,ACCEPTED,ACCEPTED,True,14529600,14.5296,39900,79500,14193000,0,158300,3900,0,0,,,,none,x509-valid_active_4,0,False,240,8,
n10-identities_c10-conc_mech-x509-1backend_valid-active_r30_audit-off_20260824T234422Z,obs_fb7fb653eaa740fe86454e070aa18a92,2026-08-24T23:44:22.641163+00:00,x509,valid_active,12,10,UAV-VALID,ACCEPTED,ACCEPTED,True,32835800,32.8358,48100,135700,32432400,0,142400,3700,0,0,,,,none,x509-valid_active_6,0,False,239,8,
n10-identities_c10-conc_mech-x509-1backend_valid-active_r30_audit-off_20260824T234422Z,obs_394450ef92574714a9f25c4ca5e9957e,2026-08-24T23:44:22.665943+00:00,x509,valid_active,13,10,UAV-VALID,ACCEPTED,ACCEPTED,True,43878600,43.8786,36600,59900,43190900,0,416700,8500,0,0,,,,none,x509-valid_active_3,0,False,238,8,
n10-identities_c10-conc_mech-x509-1backend_valid-active_r30_audit-off_20260824T234422Z,obs_47c3f29a70b2405c8fc18a9754f44ad2,2026-08-24T23:44:22.666743+00:00,x509,valid_active,17,10,UAV-VALID,ACCEPTED,ACCEPTED,True,31257800,31.2578,47800,56300,30873600,0,218900,4800,0,0,,,,none,x509-valid_active_8,0,False,240,8,
n10-identities_c10-conc_mech-x509-1backend_valid-active_r30_audit-off_20260824T234422Z,obs_67b16c187ef04e669229951a206c0caf,2026-08-24T23:44:22.668466+00:00,x509,valid_active,18,10,UAV-VALID,ACCEPTED,ACCEPTED,True,33541700,33.5417,76400,71400,33191800,0,178900,4600,0,0,,,,none,x509-valid_active_1,0,False,239,8,
n10-identities_c10-conc_mech-x509-1backend_valid-active_r30_audit-off_20260824T234422Z,obs_bcdb022ca3104093b401711636e0ee59,2026-08-24T23:44:22.669151+00:00,x509,valid_active,19,10,UAV-VALID,ACCEPTED,ACCEPTED,True,30593100,30.5931,39500,73700,30269400,0,147500,3500,0,0,,,,none,x509-valid_active_2,0,False,239,8,
n10-identities_c10-conc_mech-x509-1backend_valid-active_r30_audit-off_20260824T234422Z,obs_979df261370a41eba08d588ec7530ab0,2026-08-24T23:44:22.670068+00:00,x509,valid_active,16,10,UAV-VALID,ACCEPTED,ACCEPTED,True,43353600,43.3536,54300,55700,43079800,0,136600,3300,0,0,,,,none,x509-valid_active_7,0,False,239,8,
n10-identities_c10-conc_mech-x509-1backend_valid-active_r30_audit-off_20260824T234422Z,obs_667f23826f24495dbec4e3a4f46af979,2026-08-24T23:44:22.710711+00:00,x509,valid_active,20,10,UAV-VALID,ACCEPTED,ACCEPTED,True,41266800,41.2668,39400,68600,40887200,0,191800,5600,0,0,,,,none,x509-valid_active_5,0,False,239,8,
n10-identities_c10-conc_mech-x509-1backend_valid-active_r30_audit-off_20260824T234422Z,obs_66dacea27172499da16c10830bb7f9be,2026-08-24T23:44:22.715245+00:00,x509,valid_active,22,10,UAV-VALID,ACCEPTED,ACCEPTED,True,29460000,29.46,47800,87500,29112700,0,157100,4100,0,0,,,,none,x509-valid_active_9,0,False,238,8,
n10-identities_c10-conc_mech-x509-1backend_valid-active_r30_audit-off_20260824T234422Z,obs_3486f3dea32e4bd58adc1fe042e25694,2026-08-24T23:44:22.718249+00:00,x509,valid_active,21,10,UAV-VALID,ACCEPTED,ACCEPTED,True,22825500,22.8255,27000,135900,22443700,0,145800,3800,0,0,,,,none,x509-valid_active_0,0,False,238,8,
n10-identities_c10-conc_mech-x509-1backend_valid-active_r30_audit-off_20260824T234422Z,obs_616ea717dfd34cedb24209e2a04b350c,2026-08-24T23:44:22.719229+00:00,x509,valid_active,24,10,UAV-VALID,ACCEPTED,ACCEPTED,True,7557200,7.5572,43700,70800,7161000,0,208300,5800,0,0,,,,none,x509-valid_active_6,0,False,240,8,
n10-identities_c10-conc_mech-x509-1backend_valid-active_r30_audit-off_20260824T234422Z,obs_3a7b21c73a2f40318888df8927e47976,2026-08-24T23:44:22.723299+00:00,x509,valid_active,29,10,UAV-VALID,ACCEPTED,ACCEPTED,True,7684900,7.6849,34000,88900,7335000,0,154300,6000,0,0,,,,none,x509-valid_active_7,0,False,238,8,
n10-identities_c10-conc_mech-x509-1backend_valid-active_r30_audit-off_20260824T234422Z,obs_0e08a157869c4a4d90786088dd1b6653,2026-08-24T23:44:22.724273+00:00,x509,valid_active,26,10,UAV-VALID,ACCEPTED,ACCEPTED,True,10754100,10.7541,37500,109000,10280300,0,214800,6600,0,0,,,,none,x509-valid_active_8,0,False,239,8,
n10-identities_c10-conc_mech-x509-1backend_valid-active_r30_audit-off_20260824T234422Z,obs_e0891daaaa584774be86de381f57a038,2026-08-24T23:44:22.725801+00:00,x509,valid_active,27,10,UAV-VALID,ACCEPTED,ACCEPTED,True,8111300,8.1113,138500,73400,7718500,0,195300,6600,0,0,,,,none,x509-valid_active_1,0,False,238,8,
n10-identities_c10-conc_mech-x509-1backend_valid-active_r30_audit-off_20260824T234422Z,obs_54f1acb101fd4a4685f290a4149879a4,2026-08-24T23:44:22.726381+00:00,x509,valid_active,23,10,UAV-VALID,ACCEPTED,ACCEPTED,True,15150000,15.15,53500,85200,14744900,0,199600,5500,0,0,,,,none,x509-valid_active_4,0,False,239,8,
n10-identities_c10-conc_mech-x509-1backend_valid-active_r30_audit-off_20260824T234422Z,obs_041c55b960b847c79734ca99dd898894,2026-08-24T23:44:22.726910+00:00,x509,valid_active,25,10,UAV-VALID,ACCEPTED,ACCEPTED,True,12652300,12.6523,36100,91100,12317000,0,142500,3100,0,0,,,,none,x509-valid_active_3,0,False,238,8,
n10-identities_c10-conc_mech-x509-1backend_valid-active_r30_audit-off_20260824T234422Z,obs_14b467d7fb294f5baf6042d8c7dc2172,2026-08-24T23:44:22.727645+00:00,x509,valid_active,28,10,UAV-VALID,ACCEPTED,ACCEPTED,True,7936300,7.9363,35600,61300,7501100,0,257100,6700,0,0,,,,none,x509-valid_active_2,0,False,238,8,
n10-identities_c10-conc_mech-blockchain-1backend_valid-active_r30_audit-off_20260824T234423Z,obs_2470c6a931d647f981bd474b646e99e9,2026-08-24T23:44:24.237618+00:00,blockchain,valid_active,0,10,UAV-VALID,ACCEPTED,ACCEPTED,True,160561400,160.5614,94900,160108300,0,5300,270500,7800,0,0,,,,none,blockchain-valid_active_0,0,True,238,8,
n10-identities_c10-conc_mech-blockchain-1backend_valid-active_r30_audit-off_20260824T234423Z,obs_c1dd41d013cd4a6d9646133326f5c63b,2026-08-24T23:44:24.241876+00:00,blockchain,valid_active,0,10,UAV-VALID,ACCEPTED,ACCEPTED,True,126213300,126.2133,53200,125750500,0,4700,278400,8500,0,0,,,,none,blockchain-valid_active_2,0,False,239,8,
n10-identities_c10-conc_mech-blockchain-1backend_valid-active_r30_audit-off_20260824T234423Z,obs_cb94a8d2d55043efb94e6252187661d3,2026-08-24T23:44:24.250621+00:00,blockchain,valid_active,1,10,UAV-VALID,ACCEPTED,ACCEPTED,True,114392900,114.3929,52200,113957300,0,5400,266700,8500,0,0,,,,none,blockchain-valid_active_3,0,False,239,8,
n10-identities_c10-conc_mech-blockchain-1backend_valid-active_r30_audit-off_20260824T234423Z,obs_2b4fe201d5d248a48421bca8747bd105,2026-08-24T23:44:24.268372+00:00,blockchain,valid_active,4,10,UAV-VALID,ACCEPTED,ACCEPTED,True,122937900,122.9379,57400,122528100,0,6600,244800,7700,0,0,,,,none,blockchain-valid_active_6,0,False,239,8,
n10-identities_c10-conc_mech-blockchain-1backend_valid-active_r30_audit-off_20260824T234423Z,obs_1cfe450d22d64551a9048a213025bca0,2026-08-24T23:44:24.277151+00:00,blockchain,valid_active,5,10,UAV-VALID,ACCEPTED,ACCEPTED,True,134298000,134.298,60300,133836100,0,7100,272100,7800,0,0,,,,none,blockchain-valid_active_7,0,False,239,8,
n10-identities_c10-conc_mech-blockchain-1backend_valid-active_r30_audit-off_20260824T234423Z,obs_0346fca97ab54a289cbf7de8062024cf,2026-08-24T23:44:24.278835+00:00,blockchain,valid_active,3,10,UAV-VALID,ACCEPTED,ACCEPTED,True,145928000,145.928,52400,145566000,0,5000,210400,7100,0,0,,,,none,blockchain-valid_active_5,0,False,239,8,
n10-identities_c10-conc_mech-blockchain-1backend_valid-active_r30_audit-off_20260824T234423Z,obs_33e389d71d214fec9ef933499bbdcd4d,2026-08-24T23:44:24.284828+00:00,blockchain,valid_active,1,10,UAV-VALID,ACCEPTED,ACCEPTED,True,167551600,167.5516,40900,167084800,0,4300,326900,8000,0,0,,,,none,blockchain-valid_active_1,0,True,239,8,
n10-identities_c10-conc_mech-blockchain-1backend_valid-active_r30_audit-off_20260824T234423Z,obs_e6e64c68cc2b4fca9e34b5a43f9173fb,2026-08-24T23:44:24.316506+00:00,blockchain,valid_active,7,10,UAV-VALID,ACCEPTED,ACCEPTED,True,151405500,151.4055,61800,150954800,0,7000,273300,7000,0,0,,,,none,blockchain-valid_active_9,0,False,239,8,
n10-identities_c10-conc_mech-blockchain-1backend_valid-active_r30_audit-off_20260824T234423Z,obs_8e0f1a98f72643b196aefc193ef5346f,2026-08-24T23:44:24.333380+00:00,blockchain,valid_active,6,10,UAV-VALID,ACCEPTED,ACCEPTED,True,182185200,182.1852,49900,181790400,0,4000,245500,7800,0,0,,,,none,blockchain-valid_active_8,0,False,239,8,
n10-identities_c10-conc_mech-blockchain-1backend_valid-active_r30_audit-off_20260824T234423Z,obs_0e4c905c5a734038a9ecdec78bf88bca,2026-08-24T23:44:24.357275+00:00,blockchain,valid_active,2,10,UAV-VALID,ACCEPTED,ACCEPTED,True,235532900,235.5329,31700,235166900,0,19600,230400,5800,0,0,,,,none,blockchain-valid_active_4,0,False,240,8,
n10-identities_c10-conc_mech-blockchain-1backend_valid-active_r30_audit-off_20260824T234423Z,obs_d9c8fcf7943b4421b0562162adcdfd0c,2026-08-24T23:44:24.435782+00:00,blockchain,valid_active,9,10,UAV-VALID,ACCEPTED,ACCEPTED,True,104423900,104.4239,61300,103957100,0,13500,263600,6600,0,0,,,,none,blockchain-valid_active_2,0,False,239,8,
n10-identities_c10-conc_mech-blockchain-1backend_valid-active_r30_audit-off_20260824T234423Z,obs_542699f37ea84fd0a042dab6f1a27ebb,2026-08-24T23:44:24.469136+00:00,blockchain,valid_active,10,10,UAV-VALID,ACCEPTED,ACCEPTED,True,134764400,134.7644,41000,134356000,0,5800,253800,7100,0,0,,,,none,blockchain-valid_active_3,0,False,239,8,
n10-identities_c10-conc_mech-blockchain-1backend_valid-active_r30_audit-off_20260824T234423Z,obs_8fa3ad3cd1784b1996161b68eaded367,2026-08-24T23:44:24.491421+00:00,blockchain,valid_active,11,10,UAV-VALID,ACCEPTED,ACCEPTED,True,127667600,127.6676,68000,126898800,0,5000,576500,10300,0,0,,,,none,blockchain-valid_active_6,0,False,239,8,
n10-identities_c10-conc_mech-blockchain-1backend_valid-active_r30_audit-off_20260824T234423Z,obs_78c6be63c03145e39c91ae5a859af955,2026-08-24T23:44:24.505613+00:00,blockchain,valid_active,12,10,UAV-VALID,ACCEPTED,ACCEPTED,True,151429100,151.4291,51100,151034800,0,5700,228200,6900,0,0,,,,none,blockchain-valid_active_7,0,False,239,8,
n10-identities_c10-conc_mech-blockchain-1backend_valid-active_r30_audit-off_20260824T234423Z,obs_7a1410f0f40f4ff188b5842ddd41f20a,2026-08-24T23:44:24.530383+00:00,blockchain,valid_active,8,10,UAV-VALID,ACCEPTED,ACCEPTED,True,175241200,175.2412,36700,174137800,0,6800,890700,12000,0,0,,,,none,blockchain-valid_active_0,0,False,240,8,
n10-identities_c10-conc_mech-blockchain-1backend_valid-active_r30_audit-off_20260824T234423Z,obs_ca9c1f3396db4114b320ca9076094ee1,2026-08-24T23:44:24.537481+00:00,blockchain,valid_active,13,10,UAV-VALID,ACCEPTED,ACCEPTED,True,154644400,154.6444,113700,154222500,0,4800,240200,7300,0,0,,,,none,blockchain-valid_active_5,0,False,238,8,
n10-identities_c10-conc_mech-blockchain-1backend_valid-active_r30_audit-off_20260824T234423Z,obs_8bb9103d9a274ec2bf2cd80a00c81569,2026-08-24T23:44:24.549550+00:00,blockchain,valid_active,14,10,UAV-VALID,ACCEPTED,ACCEPTED,True,174796900,174.7969,65400,174411300,0,5700,236000,6000,0,0,,,,none,blockchain-valid_active_1,0,False,238,8,
n10-identities_c10-conc_mech-blockchain-1backend_valid-active_r30_audit-off_20260824T234423Z,obs_b21f460ced4744bd8f7b79fbbc8884b4,2026-08-24T23:44:24.595878+00:00,blockchain,valid_active,16,10,UAV-VALID,ACCEPTED,ACCEPTED,True,187240600,187.2406,62600,186852800,0,4800,235500,6300,0,0,,,,none,blockchain-valid_active_8,0,False,239,8,
n10-identities_c10-conc_mech-blockchain-1backend_valid-active_r30_audit-off_20260824T234423Z,obs_1ad94bcd1dc7458e9f6a82d6765a5310,2026-08-24T23:44:24.597961+00:00,blockchain,valid_active,15,10,UAV-VALID,ACCEPTED,ACCEPTED,True,195342100,195.3421,55800,194930800,0,4300,260500,9800,0,0,,,,none,blockchain-valid_active_9,0,False,238,8,
n10-identities_c10-conc_mech-blockchain-1backend_valid-active_r30_audit-off_20260824T234423Z,obs_8e9f0fef1c3f43dcad387c2d401fe9dd,2026-08-24T23:44:24.616144+00:00,blockchain,valid_active,17,10,UAV-VALID,ACCEPTED,ACCEPTED,True,202633700,202.6337,48600,202231500,0,4300,256800,7700,0,0,,,,none,blockchain-valid_active_4,0,False,240,8,
n10-identities_c10-conc_mech-blockchain-1backend_valid-active_r30_audit-off_20260824T234423Z,obs_81621ba744e04014b8ec91f251e6161f,2026-08-24T23:44:24.664553+00:00,blockchain,valid_active,18,10,UAV-VALID,ACCEPTED,ACCEPTED,True,186910200,186.9102,71000,186544900,0,4200,181000,4000,0,0,,,,none,blockchain-valid_active_2,0,False,239,8,
n10-identities_c10-conc_mech-blockchain-1backend_valid-active_r30_audit-off_20260824T234423Z,obs_31f94c4e3d0b4dd7afd1737640125da4,2026-08-24T23:44:24.704800+00:00,blockchain,valid_active,19,10,UAV-VALID,ACCEPTED,ACCEPTED,True,196351300,196.3513,62600,195910200,0,4200,271000,7500,0,0,,,,none,blockchain-valid_active_3,0,False,239,8,
n10-identities_c10-conc_mech-blockchain-1backend_valid-active_r30_audit-off_20260824T234423Z,obs_b6603b22fa29426296533fd9f0af2250,2026-08-24T23:44:24.748054+00:00,blockchain,valid_active,20,10,UAV-VALID,ACCEPTED,ACCEPTED,True,203609900,203.6099,118100,203039600,0,4900,287400,8200,0,0,,,,none,blockchain-valid_active_6,0,False,240,8,
n10-identities_c10-conc_mech-blockchain-1backend_valid-active_r30_audit-off_20260824T234423Z,obs_78a2154086584f79aedcbde41bee458f,2026-08-24T23:44:24.764000+00:00,blockchain,valid_active,21,10,UAV-VALID,ACCEPTED,ACCEPTED,True,151209700,151.2097,91100,150592000,0,4900,400800,11600,0,0,,,,none,blockchain-valid_active_7,0,False,239,8,
n10-identities_c10-conc_mech-blockchain-1backend_valid-active_r30_audit-off_20260824T234423Z,obs_96f7239bd083422f84d99e57696b195a,2026-08-24T23:44:24.817946+00:00,blockchain,valid_active,23,10,UAV-VALID,ACCEPTED,ACCEPTED,True,188474000,188.474,202100,188015500,0,5200,257600,8300,0,0,,,,none,blockchain-valid_active_5,0,False,239,8,
n10-identities_c10-conc_mech-blockchain-1backend_valid-active_r30_audit-off_20260824T234423Z,obs_b4ca7463dacd4e149f089e9b9acf374d,2026-08-24T23:44:24.822899+00:00,blockchain,valid_active,22,10,UAV-VALID,ACCEPTED,ACCEPTED,True,172779600,172.7796,64900,169999500,0,5100,2581800,12000,0,0,,,,none,blockchain-valid_active_0,0,False,238,8,
n10-identities_c10-conc_mech-blockchain-1backend_valid-active_r30_audit-off_20260824T234423Z,obs_405b3e7a38f444f39e91956840e00736,2026-08-24T23:44:24.827711+00:00,blockchain,valid_active,28,10,UAV-VALID,ACCEPTED,ACCEPTED,True,107201900,107.2019,56900,106755900,0,4400,277800,8500,0,0,,,,none,blockchain-valid_active_2,0,False,239,8,
n10-identities_c10-conc_mech-blockchain-1backend_valid-active_r30_audit-off_20260824T234423Z,obs_dadef1c42d8f4c2ab0beb50223fb4ef5,2026-08-24T23:44:24.842686+00:00,blockchain,valid_active,27,10,UAV-VALID,ACCEPTED,ACCEPTED,True,141319400,141.3194,57700,140865800,0,4800,273300,8200,0,0,,,,none,blockchain-valid_active_4,0,False,239,8,
n10-identities_c10-conc_mech-blockchain-1backend_valid-active_r30_audit-off_20260824T234423Z,obs_36eae12445de4aaf89a9ef9d1eb28d5c,2026-08-24T23:44:24.849687+00:00,blockchain,valid_active,26,10,UAV-VALID,ACCEPTED,ACCEPTED,True,159866100,159.8661,61900,159466100,0,4600,243000,6800,0,0,,,,none,blockchain-valid_active_9,0,False,238,8,
n10-identities_c10-conc_mech-blockchain-1backend_valid-active_r30_audit-off_20260824T234423Z,obs_ebc4a13028124eaeacaea19dceff22dd,2026-08-24T23:44:24.853038+00:00,blockchain,valid_active,24,10,UAV-VALID,ACCEPTED,ACCEPTED,True,193309700,193.3097,59000,192859900,0,5000,268000,8200,0,0,,,,none,blockchain-valid_active_1,0,False,239,8,
n10-identities_c10-conc_mech-blockchain-1backend_valid-active_r30_audit-off_20260824T234423Z,obs_08b907d83b9241dea4fb71dcea6e2143,2026-08-24T23:44:24.856081+00:00,blockchain,valid_active,29,10,UAV-VALID,ACCEPTED,ACCEPTED,True,91034700,91.0347,41600,90574700,0,4400,270300,6900,0,0,,,,none,blockchain-valid_active_3,0,False,239,8,
n10-identities_c10-conc_mech-blockchain-1backend_valid-active_r30_audit-off_20260824T234423Z,obs_d8c13463f9394b4e83aad142a51984e6,2026-08-24T23:44:24.869658+00:00,blockchain,valid_active,25,10,UAV-VALID,ACCEPTED,ACCEPTED,True,154167000,154.167,530100,153687400,0,4800,255700,7800,0,0,,,,none,blockchain-valid_active_8,0,False,238,8,
n10-identities_c25-conc_mech-x509-1backend_valid-active_r30_audit-off_20260824T234426Z,obs_3b7b031931c84314b6c791c1432a3b46,2026-08-24T23:44:26.735658+00:00,x509,valid_active,1,25,UAV-VALID,ACCEPTED,ACCEPTED,True,60436700,60.4367,55300,138500,59920100,0,224500,5900,0,0,,,,none,x509-valid_active_1,0,True,239,8,
n10-identities_c25-conc_mech-x509-1backend_valid-active_r30_audit-off_20260824T234426Z,obs_a9cef0e004894eb885497759a217ee63,2026-08-24T23:44:26.664470+00:00,x509,valid_active,0,25,UAV-VALID,ACCEPTED,ACCEPTED,True,32092100,32.0921,57200,148600,31430800,0,239200,6600,0,0,,,,none,x509-valid_active_0,0,True,240,8,
n10-identities_c25-conc_mech-x509-1backend_valid-active_r30_audit-off_20260824T234426Z,obs_aaf50bbd7d8942a4ba33988127f53995,2026-08-24T23:44:26.757948+00:00,x509,valid_active,2,25,UAV-VALID,ACCEPTED,ACCEPTED,True,70433400,70.4334,34100,144600,69856600,0,265700,9300,0,0,,,,none,x509-valid_active_4,0,False,239,8,
n10-identities_c25-conc_mech-x509-1backend_valid-active_r30_audit-off_20260824T234426Z,obs_e5bd058f9bd845d3a52784dceefbfbd8,2026-08-24T23:44:26.758676+00:00,x509,valid_active,3,25,UAV-VALID,ACCEPTED,ACCEPTED,True,55639400,55.6394,41700,91800,55194500,0,230500,5800,0,0,,,,none,x509-valid_active_5,0,False,238,8,
n10-identities_c25-conc_mech-x509-1backend_valid-active_r30_audit-off_20260824T234426Z,obs_41c48e1d32fe4a65b1337ed9bcd98301,2026-08-24T23:44:26.812208+00:00,x509,valid_active,8,25,UAV-VALID,ACCEPTED,ACCEPTED,True,60031500,60.0315,41700,77300,59579000,0,237100,6500,0,0,,,,none,x509-valid_active_9,0,False,239,8,
n10-identities_c25-conc_mech-x509-1backend_valid-active_r30_audit-off_20260824T234426Z,obs_40f3a45b4f2941cf9ec3c8c7b62ad69a,2026-08-24T23:44:26.774487+00:00,x509,valid_active,1,25,UAV-VALID,ACCEPTED,ACCEPTED,True,63681100,63.6811,40500,102500,63130600,0,286700,7400,0,0,,,,none,x509-valid_active_3,0,False,239,8,
n10-identities_c25-conc_mech-x509-1backend_valid-active_r30_audit-off_20260824T234426Z,obs_70de39012c8d446487c62cd508abe3e0,2026-08-24T23:44:26.801420+00:00,x509,valid_active,5,25,UAV-VALID,ACCEPTED,ACCEPTED,True,70940400,70.9404,38700,104000,70592000,0,147900,4800,0,0,,,,none,x509-valid_active_7,0,False,239,8,
n10-identities_c25-conc_mech-x509-1backend_valid-active_r30_audit-off_20260824T234426Z,obs_0252ff2c70cd4649a342beebaefc10ae,2026-08-24T23:44:26.837386+00:00,x509,valid_active,0,25,UAV-VALID,ACCEPTED,ACCEPTED,True,123857200,123.8572,54400,72900,123398700,0,248600,6300,0,0,,,,none,x509-valid_active_2,0,False,239,8,
n10-identities_c25-conc_mech-x509-1backend_valid-active_r30_audit-off_20260824T234426Z,obs_155ba9a495024d45a13fc345215bb31a,2026-08-24T23:44:26.876287+00:00,x509,valid_active,4,25,UAV-VALID,ACCEPTED,ACCEPTED,True,122890700,122.8907,35500,102400,122422700,0,231100,8500,0,0,,,,none,x509-valid_active_6,0,False,238,8,
n10-identities_c25-conc_mech-x509-1backend_valid-active_r30_audit-off_20260824T234426Z,obs_64ae3b73af904dc9a4db84c64053b93e,2026-08-24T23:44:26.879669+00:00,x509,valid_active,10,25,UAV-VALID,ACCEPTED,ACCEPTED,True,82939500,82.9395,111500,113100,82318400,0,352600,5600,0,0,,,,none,x509-valid_active_11,0,False,239,8,
n10-identities_c25-conc_mech-x509-1backend_valid-active_r30_audit-off_20260824T234426Z,obs_120a187a44604fc8addc1e136fd8a590,2026-08-24T23:44:26.881161+00:00,x509,valid_active,7,25,UAV-VALID,ACCEPTED,ACCEPTED,True,118817700,118.8177,48800,111600,118349500,0,210500,7300,0,0,,,,none,x509-valid_active_0,0,False,239,8,
n10-identities_c25-conc_mech-x509-1backend_valid-active_r30_audit-off_20260824T234426Z,obs_567e3a872cef4a1787d6dca4fd6114b3,2026-08-24T23:44:26.889676+00:00,x509,valid_active,6,25,UAV-VALID,ACCEPTED,ACCEPTED,True,136981400,136.9814,65300,78700,136576400,0,199100,6500,0,0,,,,none,x509-valid_active_8,0,False,239,8,
n10-identities_c25-conc_mech-x509-1backend_valid-active_r30_audit-off_20260824T234426Z,obs_4ec8cf8cfa264b47a5f7c2835bfc512e,2026-08-24T23:44:26.894183+00:00,x509,valid_active,11,25,UAV-VALID,ACCEPTED,ACCEPTED,True,118973800,118.9738,55100,118500,118461100,0,240300,7600,0,0,,,,none,x509-valid_active_12,0,False,239,8,
n10-identities_c25-conc_mech-x509-1backend_valid-active_r30_audit-off_20260824T234426Z,obs_d67745aa7d9b49a1b34401a0c04d9b55,2026-08-24T23:44:26.904458+00:00,x509,valid_active,9,25,UAV-VALID,ACCEPTED,ACCEPTED,True,85914000,85.914,35700,141500,85492400,0,156000,4600,0,0,,,,none,x509-valid_active_10,0,False,238,8,
n10-identities_c25-conc_mech-x509-1backend_valid-active_r30_audit-off_20260824T234426Z,obs_a929596ccc174abb83efb9bc800bd538,2026-08-24T23:44:26.908576+00:00,x509,valid_active,14,25,UAV-VALID,ACCEPTED,ACCEPTED,True,70710200,70.7102,52800,110800,70094800,0,347400,7300,0,0,,,,none,x509-valid_active_15,0,False,240,8,
n10-identities_c25-conc_mech-x509-1backend_valid-active_r30_audit-off_20260824T234426Z,obs_4706f211c49e4b3d89d889ca23efe68e,2026-08-24T23:44:26.911097+00:00,x509,valid_active,22,25,UAV-VALID,ACCEPTED,ACCEPTED,True,22982000,22.982,57200,121900,22500500,0,231000,6700,0,0,,,,none,x509-valid_active_20,0,False,238,8,
n10-identities_c25-conc_mech-x509-1backend_valid-active_r30_audit-off_20260824T234426Z,obs_17b504981e804883a3a2c2182205860b,2026-08-24T23:44:26.913468+00:00,x509,valid_active,20,25,UAV-VALID,ACCEPTED,ACCEPTED,True,42538000,42.538,33000,74800,42135600,0,202300,5500,0,0,,,,none,x509-valid_active_4,0,False,239,8,
n10-identities_c25-conc_mech-x509-1backend_valid-active_r30_audit-off_20260824T234426Z,obs_bdc0b7182fba4c18b4b5df09c3fa8679,2026-08-24T23:44:26.914818+00:00,x509,valid_active,13,25,UAV-VALID,ACCEPTED,ACCEPTED,True,71496000,71.496,48500,99800,71075400,0,191900,5200,0,0,,,,none,x509-valid_active_14,0,False,240,8,
n10-identities_c25-conc_mech-x509-1backend_valid-active_r30_audit-off_20260824T234426Z,obs_05bb8557f0074fba85b1c0085b949679,2026-08-24T23:44:26.921067+00:00,x509,valid_active,16,25,UAV-VALID,ACCEPTED,ACCEPTED,True,39454300,39.4543,48000,154400,39064700,0,135300,3100,0,0,,,,none,x509-valid_active_1,0,False,240,8,
n10-identities_c25-conc_mech-x509-1backend_valid-active_r30_audit-off_20260824T234426Z,obs_1adee14b75554e14a3ef1c292bf8b2ca,2026-08-24T23:44:26.921830+00:00,x509,valid_active,21,25,UAV-VALID,ACCEPTED,ACCEPTED,True,41867900,41.8679,47900,89500,41546600,0,134600,2900,0,0,,,,none,x509-valid_active_5,0,False,239,8,
n10-identities_c25-conc_mech-x509-1backend_valid-active_r30_audit-off_20260824T234426Z,obs_46592e7a294940d99f2e1a36472f24ff,2026-08-24T23:44:26.922541+00:00,x509,valid_active,27,25,UAV-VALID,ACCEPTED,ACCEPTED,True,13481100,13.4811,44900,122300,13063700,0,182200,4500,0,0,,,,none,x509-valid_active_23,0,False,238,8,
n10-identities_c25-conc_mech-x509-1backend_valid-active_r30_audit-off_20260824T234426Z,obs_e48440824658490f8c378043df1a2cbc,2026-08-24T23:44:26.923837+00:00,x509,valid_active,12,25,UAV-VALID,ACCEPTED,ACCEPTED,True,34870000,34.87,48200,87300,34455000,0,215200,7400,0,0,,,,none,x509-valid_active_13,0,False,239,8,
n10-identities_c25-conc_mech-x509-1backend_valid-active_r30_audit-off_20260824T234426Z,obs_8740de2b3fca4ce99de860dba4e11e7d,2026-08-24T23:44:26.924332+00:00,x509,valid_active,15,25,UAV-VALID,ACCEPTED,ACCEPTED,True,57698900,57.6989,53900,138500,57240000,0,200600,5000,0,0,,,,none,x509-valid_active_16,0,False,239,8,
n10-identities_c25-conc_mech-x509-1backend_valid-active_r30_audit-off_20260824T234426Z,obs_5a7aa1e8d0fa43c5b2308f08fe90c47e,2026-08-24T23:44:26.924838+00:00,x509,valid_active,19,25,UAV-VALID,ACCEPTED,ACCEPTED,True,33705100,33.7051,57600,134200,33275600,0,182900,4400,0,0,,,,none,x509-valid_active_19,0,False,239,8,
n10-identities_c25-conc_mech-x509-1backend_valid-active_r30_audit-off_20260824T234426Z,obs_adf578c5a3c54c67ab85c1bf2b5c94ae,2026-08-24T23:44:26.927175+00:00,x509,valid_active,23,25,UAV-VALID,ACCEPTED,ACCEPTED,True,23826000,23.826,50900,75600,23292300,0,199800,9800,0,0,,,,none,x509-valid_active_3,0,False,239,8,
n10-identities_c25-conc_mech-x509-1backend_valid-active_r30_audit-off_20260824T234426Z,obs_8b008461cd1d42ee99c82e9da61154de,2026-08-24T23:44:26.930919+00:00,x509,valid_active,24,25,UAV-VALID,ACCEPTED,ACCEPTED,True,15776300,15.7763,100100,93700,15371300,0,177900,7100,0,0,,,,none,x509-valid_active_21,0,False,239,8,
n10-identities_c25-conc_mech-x509-1backend_valid-active_r30_audit-off_20260824T234426Z,obs_c22e31cf9bce4e67ab5b8fe9f358f6a1,2026-08-24T23:44:26.932871+00:00,x509,valid_active,29,25,UAV-VALID,ACCEPTED,ACCEPTED,True,12402700,12.4027,45100,75100,12082100,0,153500,4100,0,0,,,,none,x509-valid_active_24,0,False,239,8,
n10-identities_c25-conc_mech-x509-1backend_valid-active_r30_audit-off_20260824T234426Z,obs_cf1247d0fc49443ca1e027917cc5b676,2026-08-24T23:44:26.933381+00:00,x509,valid_active,26,25,UAV-VALID,ACCEPTED,ACCEPTED,True,17264700,17.2647,35200,70400,16900300,0,189000,5700,0,0,,,,none,x509-valid_active_7,0,False,240,8,
n10-identities_c25-conc_mech-x509-1backend_valid-active_r30_audit-off_20260824T234426Z,obs_b3f08369056443cf8b20a0bf7591fd2a,2026-08-24T23:44:26.933802+00:00,x509,valid_active,18,25,UAV-VALID,ACCEPTED,ACCEPTED,True,26896900,26.8969,50600,141600,26521200,0,135400,2900,0,0,,,,none,x509-valid_active_18,0,False,240,8,
n10-identities_c25-conc_mech-x509-1backend_valid-active_r30_audit-off_20260824T234426Z,obs_2037dc87e23b487b9cc10988bdd5171a,2026-08-24T23:44:26.934255+00:00,x509,valid_active,25,25,UAV-VALID,ACCEPTED,ACCEPTED,True,29507300,29.5073,35500,96100,29114300,0,212700,6200,0,0,,,,none,x509-valid_active_22,0,False,239,8,
n10-identities_c25-conc_mech-x509-1backend_valid-active_r30_audit-off_20260824T234426Z,obs_55e182cc36be4cc7ba451cbd89161d54,2026-08-24T23:44:26.934802+00:00,x509,valid_active,17,25,UAV-VALID,ACCEPTED,ACCEPTED,True,19062400,19.0624,61200,73200,18779900,0,131500,2700,0,0,,,,none,x509-valid_active_17,0,False,239,8,
n10-identities_c25-conc_mech-x509-1backend_valid-active_r30_audit-off_20260824T234426Z,obs_cae83cfe30b54147a02105105aa575d1,2026-08-24T23:44:26.935241+00:00,x509,valid_active,28,25,UAV-VALID,ACCEPTED,ACCEPTED,True,13887900,13.8879,53900,47000,13559900,0,184700,4500,0,0,,,,none,x509-valid_active_9,0,False,240,8,
n10-identities_c25-conc_mech-blockchain-1backend_valid-active_r30_audit-off_20260824T234428Z,obs_531d369876204ae59673e51d2fbe8ba9,2026-08-24T23:44:28.516576+00:00,blockchain,valid_active,1,25,UAV-VALID,ACCEPTED,ACCEPTED,True,189260200,189.2602,73100,188668400,0,4800,411100,6500,0,0,,,,none,blockchain-valid_active_1,0,True,238,8,
n10-identities_c25-conc_mech-blockchain-1backend_valid-active_r30_audit-off_20260824T234428Z,obs_94a64dbd0f4d4afe8f1a9fa24663b249,2026-08-24T23:44:28.591551+00:00,blockchain,valid_active,0,25,UAV-VALID,ACCEPTED,ACCEPTED,True,285427600,285.4276,48700,284993800,0,5800,252000,8200,0,0,,,,none,blockchain-valid_active_0,0,True,239,8,
n10-identities_c25-conc_mech-blockchain-1backend_valid-active_r30_audit-off_20260824T234428Z,obs_785165a9565943e1896e66913b6f4409,2026-08-24T23:44:28.648749+00:00,blockchain,valid_active,3,25,UAV-VALID,ACCEPTED,ACCEPTED,True,295522400,295.5224,60800,293943200,0,44900,501000,11800,0,0,,,,none,blockchain-valid_active_5,0,False,238,8,
n10-identities_c25-conc_mech-blockchain-1backend_valid-active_r30_audit-off_20260824T234428Z,obs_4038525571e24748bbde51779d470b2e,2026-08-24T23:44:28.684432+00:00,blockchain,valid_active,0,25,UAV-VALID,ACCEPTED,ACCEPTED,True,351421700,351.4217,55100,350985900,0,4800,262100,9000,0,0,,,,none,blockchain-valid_active_2,0,False,239,8,
n10-identities_c25-conc_mech-blockchain-1backend_valid-active_r30_audit-off_20260824T234428Z,obs_f2ecb4d9831d4238aa844ebbc8eaffcf,2026-08-24T23:44:28.773306+00:00,blockchain,valid_active,5,25,UAV-VALID,ACCEPTED,ACCEPTED,True,380798600,380.7986,55100,379945800,0,4500,655500,11200,0,0,,,,none,blockchain-valid_active_7,0,False,238,8,
n10-identities_c25-conc_mech-blockchain-1backend_valid-active_r30_audit-off_20260824T234428Z,obs_2302a8730aac41d3941921729b5a5fc4,2026-08-24T23:44:28.820609+00:00,blockchain,valid_active,4,25,UAV-VALID,ACCEPTED,ACCEPTED,True,439737600,439.7376,51500,439270300,0,5100,273300,8600,0,0,,,,none,blockchain-valid_active_6,0,False,239,8,
n10-identities_c25-conc_mech-blockchain-1backend_valid-active_r30_audit-off_20260824T234428Z,obs_a540ab98142e4f589d3275b978a7acff,2026-08-24T23:44:28.861534+00:00,blockchain,valid_active,8,25,UAV-VALID,ACCEPTED,ACCEPTED,True,431588100,431.5881,54700,431108000,0,5300,298500,8000,0,0,,,,none,blockchain-valid_active_10,0,False,239,8,
n10-identities_c25-conc_mech-blockchain-1backend_valid-active_r30_audit-off_20260824T234428Z,obs_50e54d89cc534f06997215d3eb21d521,2026-08-24T23:44:28.888340+00:00,blockchain,valid_active,11,25,UAV-VALID,ACCEPTED,ACCEPTED,True,424446000,424.446,80000,423947100,0,5300,316900,9600,0,0,,,,none,blockchain-valid_active_13,0,False,239,8,
n10-identities_c25-conc_mech-blockchain-1backend_valid-active_r30_audit-off_20260824T234428Z,obs_af7a9acb27414172a4e1256419c46868,2026-08-24T23:44:28.900956+00:00,blockchain,valid_active,2,25,UAV-VALID,ACCEPTED,ACCEPTED,True,545837000,545.837,58400,545400200,0,5300,264300,8200,0,0,,,,none,blockchain-valid_active_4,0,False,239,8,
n10-identities_c25-conc_mech-blockchain-1backend_valid-active_r30_audit-off_20260824T234428Z,obs_8d5277e94ee34613a1650c0a7d546ba5,2026-08-24T23:44:28.924932+00:00,blockchain,valid_active,7,25,UAV-VALID,ACCEPTED,ACCEPTED,True,529240800,529.2408,61800,528464300,0,4400,579600,11100,0,0,,,,none,blockchain-valid_active_9,0,False,240,8,
n10-identities_c25-conc_mech-blockchain-1backend_valid-active_r30_audit-off_20260824T234428Z,obs_093990e646aa4279b9607a2d8ec5ac41,2026-08-24T23:44:28.935146+00:00,blockchain,valid_active,1,25,UAV-VALID,ACCEPTED,ACCEPTED,True,578747700,578.7477,41100,578312200,0,4200,268900,7500,0,0,,,,none,blockchain-valid_active_3,0,False,238,8,
n10-identities_c25-conc_mech-blockchain-1backend_valid-active_r30_audit-off_20260824T234428Z,obs_a2c7ab5d8e824e239b5a68ef3ae153b6,2026-08-24T23:44:28.949879+00:00,blockchain,valid_active,6,25,UAV-VALID,ACCEPTED,ACCEPTED,True,516981700,516.9817,71500,516561400,0,4200,257400,15900,0,0,,,,none,blockchain-valid_active_8,0,False,239,8,
n10-identities_c25-conc_mech-blockchain-1backend_valid-active_r30_audit-off_20260824T234428Z,obs_d2ea78f1782d451aaa4a6d78114a1dbe,2026-08-24T23:44:28.963291+00:00,blockchain,valid_active,12,25,UAV-VALID,ACCEPTED,ACCEPTED,True,439781600,439.7816,61700,439334900,0,4500,267000,7100,0,0,,,,none,blockchain-valid_active_14,0,False,239,8,
n10-identities_c25-conc_mech-blockchain-1backend_valid-active_r30_audit-off_20260824T234428Z,obs_e565c063de8b437fb7ec8f186efc1018,2026-08-24T23:44:28.966117+00:00,blockchain,valid_active,13,25,UAV-VALID,ACCEPTED,ACCEPTED,True,461930300,461.9303,52800,461558700,0,3000,237600,6000,0,0,,,,none,blockchain-valid_active_15,0,False,238,8,
n10-identities_c25-conc_mech-blockchain-1backend_valid-active_r30_audit-off_20260824T234428Z,obs_62782e34dccf47f6a45d166354befc18,2026-08-24T23:44:28.977046+00:00,blockchain,valid_active,19,25,UAV-VALID,ACCEPTED,ACCEPTED,True,388942500,388.9425,55500,388610900,0,2600,194600,4500,0,0,,,,none,blockchain-valid_active_21,0,False,240,8,
n10-identities_c25-conc_mech-blockchain-1backend_valid-active_r30_audit-off_20260824T234428Z,obs_b16ee89b937c44a9a81af5044e86ec80,2026-08-24T23:44:29.001629+00:00,blockchain,valid_active,10,25,UAV-VALID,ACCEPTED,ACCEPTED,True,519964900,519.9649,63800,519419300,0,9700,301300,6500,0,0,,,,none,blockchain-valid_active_12,0,False,239,8,
n10-identities_c25-conc_mech-blockchain-1backend_valid-active_r30_audit-off_20260824T234428Z,obs_c2215a58770d4c90ae8c62b9746667e6,2026-08-24T23:44:29.009789+00:00,blockchain,valid_active,14,25,UAV-VALID,ACCEPTED,ACCEPTED,True,445159500,445.1595,59300,444601400,0,5400,290000,8400,0,0,,,,none,blockchain-valid_active_16,0,False,240,8,
n10-identities_c25-conc_mech-blockchain-1backend_valid-active_r30_audit-off_20260824T234428Z,obs_c908b7b72a7c44f090530ba702a51d6b,2026-08-24T23:44:29.055710+00:00,blockchain,valid_active,16,25,UAV-VALID,ACCEPTED,ACCEPTED,True,488611800,488.6118,56700,488148600,0,5600,267100,8200,0,0,,,,none,blockchain-valid_active_18,0,False,239,8,
n10-identities_c25-conc_mech-blockchain-1backend_valid-active_r30_audit-off_20260824T234428Z,obs_9788f69f1c994b50af4217591fddb9a9,2026-08-24T23:44:29.061310+00:00,blockchain,valid_active,17,25,UAV-VALID,ACCEPTED,ACCEPTED,True,436573500,436.5735,55000,436212500,0,2600,210800,6700,0,0,,,,none,blockchain-valid_active_19,0,False,238,8,
n10-identities_c25-conc_mech-blockchain-1backend_valid-active_r30_audit-off_20260824T234428Z,obs_f0727e9226ef4334ac42e5105b442458,2026-08-24T23:44:29.066418+00:00,blockchain,valid_active,15,25,UAV-VALID,ACCEPTED,ACCEPTED,True,513826300,513.8263,55200,513489900,0,3300,199100,5900,0,0,,,,none,blockchain-valid_active_17,0,False,240,8,
n10-identities_c25-conc_mech-blockchain-1backend_valid-active_r30_audit-off_20260824T234428Z,obs_cb17022bd7864f4b9e404fe884b37b1a,2026-08-24T23:44:29.073065+00:00,blockchain,valid_active,20,25,UAV-VALID,ACCEPTED,ACCEPTED,True,367827500,367.8275,62800,366963900,0,4900,597100,12200,0,0,,,,none,blockchain-valid_active_22,0,False,240,8,
n10-identities_c25-conc_mech-blockchain-1backend_valid-active_r30_audit-off_20260824T234428Z,obs_b8da8c6f367a472bb6095e71ad802dae,2026-08-24T23:44:29.075891+00:00,blockchain,valid_active,9,25,UAV-VALID,ACCEPTED,ACCEPTED,True,613293300,613.2933,60800,612791600,0,5100,305300,7600,0,0,,,,none,blockchain-valid_active_11,0,False,240,8,
n10-identities_c25-conc_mech-blockchain-1backend_valid-active_r30_audit-off_20260824T234428Z,obs_76cc797d69964671b8c6e3d0f07545c4,2026-08-24T23:44:29.105672+00:00,blockchain,valid_active,21,25,UAV-VALID,ACCEPTED,ACCEPTED,True,356720300,356.7203,62300,356107700,0,8300,351400,10700,0,0,,,,none,blockchain-valid_active_1,0,False,239,8,
n10-identities_c25-conc_mech-blockchain-1backend_valid-active_r30_audit-off_20260824T234428Z,obs_fd861acdd1bb4c1394b8eb81228d89f0,2026-08-24T23:44:29.113587+00:00,blockchain,valid_active,22,25,UAV-VALID,ACCEPTED,ACCEPTED,True,376892800,376.8928,53000,376394500,0,4400,281100,8400,0,0,,,,none,blockchain-valid_active_23,0,False,239,8,
n10-identities_c25-conc_mech-blockchain-1backend_valid-active_r30_audit-off_20260824T234428Z,obs_2abddc9a41b749c8ba11186480800df5,2026-08-24T23:44:29.122401+00:00,blockchain,valid_active,18,25,UAV-VALID,ACCEPTED,ACCEPTED,True,495471700,495.4717,63000,495044000,0,4000,263700,9500,0,0,,,,none,blockchain-valid_active_20,0,False,239,8,
n10-identities_c25-conc_mech-blockchain-1backend_valid-active_r30_audit-off_20260824T234428Z,obs_0cff14227eb940a6a635041001638386,2026-08-24T23:44:29.128808+00:00,blockchain,valid_active,25,25,UAV-VALID,ACCEPTED,ACCEPTED,True,238382500,238.3825,63600,238025800,0,3000,192100,4600,0,0,,,,none,blockchain-valid_active_5,0,False,238,8,
n10-identities_c25-conc_mech-blockchain-1backend_valid-active_r30_audit-off_20260824T234428Z,obs_29b735358db345d5839268bb559f13f2,2026-08-24T23:44:29.135239+00:00,blockchain,valid_active,26,25,UAV-VALID,ACCEPTED,ACCEPTED,True,213137100,213.1371,59600,212693600,0,4400,255700,7400,0,0,,,,none,blockchain-valid_active_2,0,False,239,8,
n10-identities_c25-conc_mech-blockchain-1backend_valid-active_r30_audit-off_20260824T234428Z,obs_f3cf5eb0af3d427e9d66993f3732cf28,2026-08-24T23:44:29.138879+00:00,blockchain,valid_active,28,25,UAV-VALID,ACCEPTED,ACCEPTED,True,181123200,181.1232,88000,180600200,0,4800,307000,9300,0,0,,,,none,blockchain-valid_active_6,0,False,240,8,
n10-identities_c25-conc_mech-blockchain-1backend_valid-active_r30_audit-off_20260824T234428Z,obs_3859f4f8087440a99094a51c65c148c0,2026-08-24T23:44:29.143142+00:00,blockchain,valid_active,23,25,UAV-VALID,ACCEPTED,ACCEPTED,True,376302500,376.3025,53100,375645400,0,5100,431400,11500,0,0,,,,none,blockchain-valid_active_24,0,False,238,8,
n10-identities_c25-conc_mech-blockchain-1backend_valid-active_r30_audit-off_20260824T234428Z,obs_6ef8ffa6803c4973a9cf38f28fe39a37,2026-08-24T23:44:29.155704+00:00,blockchain,valid_active,24,25,UAV-VALID,ACCEPTED,ACCEPTED,True,377694800,377.6948,53200,377138900,0,4800,381600,8800,0,0,,,,none,blockchain-valid_active_0,0,False,240,8,
n10-identities_c25-conc_mech-blockchain-1backend_valid-active_r30_audit-off_20260824T234428Z,obs_224b2252c73d46f28f6c7a5aafb9e91a,2026-08-24T23:44:29.174178+00:00,blockchain,valid_active,29,25,UAV-VALID,ACCEPTED,ACCEPTED,True,155647000,155.647,866800,155165200,0,5500,280000,7800,0,0,,,,none,blockchain-valid_active_10,0,False,239,8,
n10-identities_c25-conc_mech-blockchain-1backend_valid-active_r30_audit-off_20260824T234428Z,obs_93fd2f506917430180b6fc693df7eca8,2026-08-24T23:44:29.176985+00:00,blockchain,valid_active,27,25,UAV-VALID,ACCEPTED,ACCEPTED,True,182448300,182.4483,39700,181991600,0,5000,300700,8600,0,0,,,,none,blockchain-valid_active_7,0,False,239,8,
n10-identities_c50-conc_mech-x509-1backend_valid-active_r30_audit-off_20260824T234430Z,obs_bcb715eb32f94ddfa5824a4a2ac3722d,2026-08-24T23:44:31.201795+00:00,x509,valid_active,6,50,UAV-VALID,ACCEPTED,ACCEPTED,True,60004600,60.0046,57400,259900,59337000,0,239900,7600,0,0,,,,none,x509-valid_active_8,0,False,238,8,
n10-identities_c50-conc_mech-x509-1backend_valid-active_r30_audit-off_20260824T234430Z,obs_a0142dcd0c8646a8aa44291e9932deae,2026-08-24T23:44:31.193549+00:00,x509,valid_active,4,50,UAV-VALID,ACCEPTED,ACCEPTED,True,69283200,69.2832,36500,130300,68723400,0,259300,7800,0,0,,,,none,x509-valid_active_6,0,False,240,8,
n10-identities_c50-conc_mech-x509-1backend_valid-active_r30_audit-off_20260824T234430Z,obs_5b872a66322f48c39b09dcb1e8b328c3,2026-08-24T23:44:31.107004+00:00,x509,valid_active,0,50,UAV-VALID,ACCEPTED,ACCEPTED,True,42233500,42.2335,43400,148400,41608200,0,266200,7100,0,0,,,,none,x509-valid_active_0,0,True,238,8,
n10-identities_c50-conc_mech-x509-1backend_valid-active_r30_audit-off_20260824T234430Z,obs_59f7d87f1e8e4c58ba3b2b03c14a1800,2026-08-24T23:44:31.195700+00:00,x509,valid_active,5,50,UAV-VALID,ACCEPTED,ACCEPTED,True,70536500,70.5365,44900,103200,70014600,0,262300,6800,0,0,,,,none,x509-valid_active_7,0,False,239,8,
n10-identities_c50-conc_mech-x509-1backend_valid-active_r30_audit-off_20260824T234430Z,obs_3a331749eefb40df8d94cc8f2a72b423,2026-08-24T23:44:31.196302+00:00,x509,valid_active,1,50,UAV-VALID,ACCEPTED,ACCEPTED,True,95264700,95.2647,50200,129900,94770800,0,220800,6500,0,0,,,,none,x509-valid_active_3,0,False,238,8,
n10-identities_c50-conc_mech-x509-1backend_valid-active_r30_audit-off_20260824T234430Z,obs_5f80d29a586f4816bdc973ddcfff79f3,2026-08-24T23:44:31.234497+00:00,x509,valid_active,7,50,UAV-VALID,ACCEPTED,ACCEPTED,True,98443400,98.4434,56800,124200,97887400,0,267900,7400,0,0,,,,none,x509-valid_active_9,0,False,239,8,
n10-identities_c50-conc_mech-x509-1backend_valid-active_r30_audit-off_20260824T234430Z,obs_7077fd366da04756a6e7c1ac7f632953,2026-08-24T23:44:31.181183+00:00,x509,valid_active,0,50,UAV-VALID,ACCEPTED,ACCEPTED,True,79490400,79.4904,47200,81400,79057400,0,222000,5900,0,0,,,,none,x509-valid_active_2,0,False,238,8,
n10-identities_c50-conc_mech-x509-1backend_valid-active_r30_audit-off_20260824T234430Z,obs_b7c5932247134552a831d8ae79b41a7f,2026-08-24T23:44:31.191958+00:00,x509,valid_active,1,50,UAV-VALID,ACCEPTED,ACCEPTED,True,93979900,93.9799,37900,104800,93320600,0,373900,10300,0,0,,,,none,x509-valid_active_1,0,True,238,8,
n10-identities_c50-conc_mech-x509-1backend_valid-active_r30_audit-off_20260824T234430Z,obs_6f2d16a98998440383e9fdf10bf35772,2026-08-24T23:44:31.187455+00:00,x509,valid_active,2,50,UAV-VALID,ACCEPTED,ACCEPTED,True,79828700,79.8287,43100,111000,79286200,0,259100,7900,0,0,,,,none,x509-valid_active_4,0,False,239,8,
n10-identities_c50-conc_mech-x509-1backend_valid-active_r30_audit-off_20260824T234430Z,obs_416f528233e7414fa32659cf2712681d,2026-08-24T23:44:31.224319+00:00,x509,valid_active,3,50,UAV-VALID,ACCEPTED,ACCEPTED,True,106458400,106.4584,31400,141100,105741000,0,392700,9000,0,0,,,,none,x509-valid_active_5,0,False,238,8,
n10-identities_c50-conc_mech-x509-1backend_valid-active_r30_audit-off_20260824T234430Z,obs_5dd3a98b15514d0fa522912fdc8c4ee4,2026-08-24T23:44:31.316330+00:00,x509,valid_active,8,50,UAV-VALID,ACCEPTED,ACCEPTED,True,115562300,115.5623,66400,132000,114981800,0,270300,8400,0,0,,,,none,x509-valid_active_10,0,False,238,8,
n10-identities_c50-conc_mech-x509-1backend_valid-active_r30_audit-off_20260824T234430Z,obs_220d6670e1ab4f2d94a7e42120d356d6,2026-08-24T23:44:31.340975+00:00,x509,valid_active,12,50,UAV-VALID,ACCEPTED,ACCEPTED,True,114954300,114.9543,93600,150700,114373000,0,247400,10000,0,0,,,,none,x509-valid_active_13,0,False,239,8,
n10-identities_c50-conc_mech-x509-1backend_valid-active_r30_audit-off_20260824T234430Z,obs_1abd3ab34b71406b8fb1ac6ffd4849e4,2026-08-24T23:44:31.341758+00:00,x509,valid_active,11,50,UAV-VALID,ACCEPTED,ACCEPTED,True,131839100,131.8391,56300,130900,131258400,0,281100,7500,0,0,,,,none,x509-valid_active_0,0,False,239,8,
n10-identities_c50-conc_mech-x509-1backend_valid-active_r30_audit-off_20260824T234430Z,obs_2782aa2b70ce4575a08c78c2b3584529,2026-08-24T23:44:31.358418+00:00,x509,valid_active,9,50,UAV-VALID,ACCEPTED,ACCEPTED,True,136729500,136.7295,251000,135700,133532900,0,350800,10900,0,0,,,,none,x509-valid_active_11,0,False,240,8,
n10-identities_c50-conc_mech-x509-1backend_valid-active_r30_audit-off_20260824T234430Z,obs_3ebe80eae80e4a72a391f254b5233392,2026-08-24T23:44:31.370497+00:00,x509,valid_active,10,50,UAV-VALID,ACCEPTED,ACCEPTED,True,85177500,85.1775,68000,123100,84594700,0,282300,8600,0,0,,,,none,x509-valid_active_12,0,False,239,8,
n10-identities_c50-conc_mech-x509-1backend_valid-active_r30_audit-off_20260824T234430Z,obs_b8555b81efef44d480fabc9ddaa0c7f7,2026-08-24T23:44:31.388121+00:00,x509,valid_active,13,50,UAV-VALID,ACCEPTED,ACCEPTED,True,147859300,147.8593,64500,98500,147056200,0,366900,9400,0,0,,,,none,x509-valid_active_14,0,False,239,8,
n10-identities_c50-conc_mech-x509-1backend_valid-active_r30_audit-off_20260824T234430Z,obs_490a6b58a826416bb7bb9d9ca76903a8,2026-08-24T23:44:31.393895+00:00,x509,valid_active,14,50,UAV-VALID,ACCEPTED,ACCEPTED,True,107747700,107.7477,58600,117600,106038400,0,1413400,11000,0,0,,,,none,x509-valid_active_15,0,False,238,8,
n10-identities_c50-conc_mech-x509-1backend_valid-active_r30_audit-off_20260824T234430Z,obs_9994401b720b4877a9cc3b2a67533016,2026-08-24T23:44:31.398309+00:00,x509,valid_active,15,50,UAV-VALID,ACCEPTED,ACCEPTED,True,99704500,99.7045,58600,344400,98940700,0,247100,7600,0,0,,,,none,x509-valid_active_16,0,False,240,8,
n10-identities_c50-conc_mech-x509-1backend_valid-active_r30_audit-off_20260824T234430Z,obs_2b80b6ff17c047548c4f24a362e5dffc,2026-08-24T23:44:31.401207+00:00,x509,valid_active,18,50,UAV-VALID,ACCEPTED,ACCEPTED,True,69896300,69.8963,59800,119500,67171900,0,2423200,12400,0,0,,,,none,x509-valid_active_19,0,False,239,8,
n10-identities_c50-conc_mech-x509-1backend_valid-active_r30_audit-off_20260824T234430Z,obs_6aee181da2a5416798447f1ffddc8856,2026-08-24T23:44:31.404450+00:00,x509,valid_active,16,50,UAV-VALID,ACCEPTED,ACCEPTED,True,75957700,75.9577,56400,109800,75462700,0,248100,6600,0,0,,,,none,x509-valid_active_17,0,False,238,8,
n10-identities_c50-conc_mech-x509-1backend_valid-active_r30_audit-off_20260824T234430Z,obs_afd433c0e8b6405c90b53616b990a31d,2026-08-24T23:44:31.413851+00:00,x509,valid_active,24,50,UAV-VALID,ACCEPTED,ACCEPTED,True,61834500,61.8345,106600,119200,61308700,0,244300,6300,0,0,,,,none,x509-valid_active_6,0,False,239,8,
n10-identities_c50-conc_mech-x509-1backend_valid-active_r30_audit-off_20260824T234430Z,obs_2a7b5e129aa64f8097b12bc1f6d63eea,2026-08-24T23:44:31.420584+00:00,x509,valid_active,21,50,UAV-VALID,ACCEPTED,ACCEPTED,True,90157700,90.1577,51900,105200,89483100,0,281000,9800,0,0,,,,none,x509-valid_active_21,0,False,239,8,
n10-identities_c50-conc_mech-x509-1backend_valid-active_r30_audit-off_20260824T234430Z,obs_4c7da5a6e50043f5a2acc4bff77db0ea,2026-08-24T23:44:31.429844+00:00,x509,valid_active,23,50,UAV-VALID,ACCEPTED,ACCEPTED,True,33674700,33.6747,90200,152400,32746300,0,594900,9300,0,0,,,,none,x509-valid_active_1,0,False,239,8,
n10-identities_c50-conc_mech-x509-1backend_valid-active_r30_audit-off_20260824T234430Z,obs_3827975c37b248eaa55213439691e7af,2026-08-24T23:44:31.431340+00:00,x509,valid_active,19,50,UAV-VALID,ACCEPTED,ACCEPTED,True,86294000,86.294,79100,137200,85666400,0,278800,7200,0,0,,,,none,x509-valid_active_20,0,False,240,8,
n10-identities_c50-conc_mech-x509-1backend_valid-active_r30_audit-off_20260824T234430Z,obs_af83f2953bf94698ab244738cffb85fc,2026-08-24T23:44:31.432185+00:00,x509,valid_active,27,50,UAV-VALID,ACCEPTED,ACCEPTED,True,41396200,41.3962,44100,92000,40929800,0,230800,5600,0,0,,,,none,x509-valid_active_3,0,False,239,8,
n10-identities_c50-conc_mech-x509-1backend_valid-active_r30_audit-off_20260824T234430Z,obs_565a334e8b394c9a837e048202dce514,2026-08-24T23:44:31.432956+00:00,x509,valid_active,28,50,UAV-VALID,ACCEPTED,ACCEPTED,True,43647500,43.6475,69000,119800,43172000,0,218600,6900,0,0,,,,none,x509-valid_active_8,0,False,239,8,
n10-identities_c50-conc_mech-x509-1backend_valid-active_r30_audit-off_20260824T234430Z,obs_c2fe0702fcc740d78aeaa27e1c7084cb,2026-08-24T23:44:31.435355+00:00,x509,valid_active,17,50,UAV-VALID,ACCEPTED,ACCEPTED,True,45238300,45.2383,53200,120200,44687300,0,266400,8900,0,0,,,,none,x509-valid_active_18,0,False,240,8,
n10-identities_c50-conc_mech-x509-1backend_valid-active_r30_audit-off_20260824T234430Z,obs_a66ee252af99411b8435ea0c825f0e96,2026-08-24T23:44:31.436027+00:00,x509,valid_active,22,50,UAV-VALID,ACCEPTED,ACCEPTED,True,98242800,98.2428,66900,107600,97733400,0,254100,7000,0,0,,,,none,x509-valid_active_4,0,False,240,8,
n10-identities_c50-conc_mech-x509-1backend_valid-active_r30_audit-off_20260824T234430Z,obs_72c6448b5b5f49e2a21f37a3a6a9536e,2026-08-24T23:44:31.436841+00:00,x509,valid_active,20,50,UAV-VALID,ACCEPTED,ACCEPTED,True,57246200,57.2462,62200,207500,56500800,0,356900,6700,0,0,,,,none,x509-valid_active_2,0,False,240,8,
n10-identities_c50-conc_mech-x509-1backend_valid-active_r30_audit-off_20260824T234430Z,obs_3687fe411b424c40a4bdf51da440b934,2026-08-24T23:44:31.442861+00:00,x509,valid_active,26,50,UAV-VALID,ACCEPTED,ACCEPTED,True,36184000,36.184,55700,99600,35576100,0,320900,8800,0,0,,,,none,x509-valid_active_7,0,False,238,8,
n10-identities_c50-conc_mech-x509-1backend_valid-active_r30_audit-off_20260824T234430Z,obs_b247cb4942ff4ce89ca507bafa3b1c52,2026-08-24T23:44:31.446124+00:00,x509,valid_active,25,50,UAV-VALID,ACCEPTED,ACCEPTED,True,42751300,42.7513,2902600,119200,42207200,0,264200,7700,0,0,,,,none,x509-valid_active_22,0,False,239,8,
n10-identities_c50-conc_mech-x509-1backend_valid-active_r30_audit-off_20260824T234430Z,obs_1af8fa62e85c4660a4969e4282bd97cf,2026-08-24T23:44:31.449046+00:00,x509,valid_active,29,50,UAV-VALID,ACCEPTED,ACCEPTED,True,33666700,33.6667,57100,2685500,28455300,0,2325200,13300,0,0,,,,none,x509-valid_active_5,0,False,239,8,
n10-identities_c50-conc_mech-blockchain-1backend_valid-active_r30_audit-off_20260824T234433Z,obs_bad0919f43ad481980ed36d774958455,2026-08-24T23:44:33.522196+00:00,blockchain,valid_active,0,50,UAV-VALID,ACCEPTED,ACCEPTED,True,279462700,279.4627,50600,279001700,0,6000,283500,9300,0,0,,,,none,blockchain-valid_active_2,0,False,240,8,
n10-identities_c50-conc_mech-blockchain-1backend_valid-active_r30_audit-off_20260824T234433Z,obs_65353758cd394c009dfcad56a5049e41,2026-08-24T23:44:33.593940+00:00,blockchain,valid_active,1,50,UAV-VALID,ACCEPTED,ACCEPTED,True,339698400,339.6984,73400,339271500,0,5500,260000,8600,0,0,,,,none,blockchain-valid_active_3,0,False,238,8,
n10-identities_c50-conc_mech-blockchain-1backend_valid-active_r30_audit-off_20260824T234433Z,obs_30c1bc53dc524301bed582367a2d54b1,2026-08-24T23:44:33.631179+00:00,blockchain,valid_active,0,50,UAV-VALID,ACCEPTED,ACCEPTED,True,364547700,364.5477,39500,364067500,0,6200,321700,9200,0,0,,,,none,blockchain-valid_active_0,0,True,239,8,
n10-identities_c50-conc_mech-blockchain-1backend_valid-active_r30_audit-off_20260824T234433Z,obs_ae24c4b2e9284835bfc6b22f08b3e93b,2026-08-24T23:44:33.665237+00:00,blockchain,valid_active,1,50,UAV-VALID,ACCEPTED,ACCEPTED,True,408486500,408.4865,61700,408025400,0,5700,261000,8900,0,0,,,,none,blockchain-valid_active_1,0,True,238,8,
n10-identities_c50-conc_mech-blockchain-1backend_valid-active_r30_audit-off_20260824T234433Z,obs_26c50350449a41fdbac460488a1a6a50,2026-08-24T23:44:33.676265+00:00,blockchain,valid_active,5,50,UAV-VALID,ACCEPTED,ACCEPTED,True,382946000,382.946,65300,382271600,0,184300,278200,9300,0,0,,,,none,blockchain-valid_active_7,0,False,239,8,
n10-identities_c50-conc_mech-blockchain-1backend_valid-active_r30_audit-off_20260824T234433Z,obs_5bff9787718c4f3fbe44fa2d58e81130,2026-08-24T23:44:33.688871+00:00,blockchain,valid_active,4,50,UAV-VALID,ACCEPTED,ACCEPTED,True,386746300,386.7463,55700,386273900,0,6500,280100,7600,0,0,,,,none,blockchain-valid_active_6,0,False,238,8,
n10-identities_c50-conc_mech-blockchain-1backend_valid-active_r30_audit-off_20260824T234433Z,obs_8039a28160184f658f2ad201bc8a6e40,2026-08-24T23:44:33.695998+00:00,blockchain,valid_active,2,50,UAV-VALID,ACCEPTED,ACCEPTED,True,382124400,382.1244,55300,381687900,0,5600,267500,7400,0,0,,,,none,blockchain-valid_active_4,0,False,238,8,
n10-identities_c50-conc_mech-blockchain-1backend_valid-active_r30_audit-off_20260824T234433Z,obs_75272804284443918636373b92895f41,2026-08-24T23:44:33.704584+00:00,blockchain,valid_active,7,50,UAV-VALID,ACCEPTED,ACCEPTED,True,360768400,360.7684,47700,360107100,0,6500,446700,10100,0,0,,,,none,blockchain-valid_active_9,0,False,238,8,
n10-identities_c50-conc_mech-blockchain-1backend_valid-active_r30_audit-off_20260824T234433Z,obs_cd6de8a1f4bc46b49ec2b93d2bf48f22,2026-08-24T23:44:33.797764+00:00,blockchain,valid_active,6,50,UAV-VALID,ACCEPTED,ACCEPTED,True,448898600,448.8986,199200,448444900,0,5600,263600,6100,0,0,,,,none,blockchain-valid_active_8,0,False,239,8,
n10-identities_c50-conc_mech-blockchain-1backend_valid-active_r30_audit-off_20260824T234433Z,obs_47957e947ab843039961e9540a0e3b39,2026-08-24T23:44:33.825908+00:00,blockchain,valid_active,9,50,UAV-VALID,ACCEPTED,ACCEPTED,True,419598500,419.5985,55000,418892600,0,7000,324600,10400,0,0,,,,none,blockchain-valid_active_11,0,False,239,8,
n10-identities_c50-conc_mech-blockchain-1backend_valid-active_r30_audit-off_20260824T234433Z,obs_03310857ecee4f76b846af63cf0fab51,2026-08-24T23:44:33.833373+00:00,blockchain,valid_active,10,50,UAV-VALID,ACCEPTED,ACCEPTED,True,451878400,451.8784,62200,451420600,0,5500,237000,7600,0,0,,,,none,blockchain-valid_active_12,0,False,239,8,
n10-identities_c50-conc_mech-blockchain-1backend_valid-active_r30_audit-off_20260824T234433Z,obs_b182c646e1374c869d443a7872b3e606,2026-08-24T23:44:33.840130+00:00,blockchain,valid_active,3,50,UAV-VALID,ACCEPTED,ACCEPTED,True,500823000,500.823,60500,500383200,0,5100,269700,8000,0,0,,,,none,blockchain-valid_active_5,0,False,238,8,
n10-identities_c50-conc_mech-blockchain-1backend_valid-active_r30_audit-off_20260824T234433Z,obs_e80d3382cbfa4e9e8203cc68b9de551a,2026-08-24T23:44:33.868941+00:00,blockchain,valid_active,16,50,UAV-VALID,ACCEPTED,ACCEPTED,True,383358400,383.3584,44200,383014400,0,3700,189200,4500,0,0,,,,none,blockchain-valid_active_18,0,False,238,8,
n10-identities_c50-conc_mech-blockchain-1backend_valid-active_r30_audit-off_20260824T234433Z,obs_4adbcf3d74114d32870922d4d4917919,2026-08-24T23:44:33.874626+00:00,blockchain,valid_active,12,50,UAV-VALID,ACCEPTED,ACCEPTED,True,454912600,454.9126,39100,454470500,0,5800,281600,7800,0,0,,,,none,blockchain-valid_active_14,0,False,239,8,
n10-identities_c50-conc_mech-blockchain-1backend_valid-active_r30_audit-off_20260824T234433Z,obs_4d451ee96870495f907e5976df682242,2026-08-24T23:44:33.879142+00:00,blockchain,valid_active,11,50,UAV-VALID,ACCEPTED,ACCEPTED,True,428413300,428.4133,41500,427988500,0,3100,245700,5500,0,0,,,,none,blockchain-valid_active_13,0,False,239,8,
n10-identities_c50-conc_mech-blockchain-1backend_valid-active_r30_audit-off_20260824T234433Z,obs_083f0d619a0c4e6f82a856b0ee5db2ed,2026-08-24T23:44:33.882411+00:00,blockchain,valid_active,15,50,UAV-VALID,ACCEPTED,ACCEPTED,True,392536200,392.5362,60100,392082200,0,5000,284100,7200,0,0,,,,none,blockchain-valid_active_17,0,False,239,8,
n10-identities_c50-conc_mech-blockchain-1backend_valid-active_r30_audit-off_20260824T234433Z,obs_fc81413d6ec94bd4aaa46e83eba44863,2026-08-24T23:44:33.886920+00:00,blockchain,valid_active,8,50,UAV-VALID,ACCEPTED,ACCEPTED,True,524409300,524.4093,57700,523985800,0,5400,255300,7700,0,0,,,,none,blockchain-valid_active_10,0,False,240,8,
n10-identities_c50-conc_mech-blockchain-1backend_valid-active_r30_audit-off_20260824T234433Z,obs_41ed0a29ce994c26bdc81116c2663a3d,2026-08-24T23:44:33.894042+00:00,blockchain,valid_active,13,50,UAV-VALID,ACCEPTED,ACCEPTED,True,414319400,414.3194,61700,413963200,0,3700,205100,4800,0,0,,,,none,blockchain-valid_active_15,0,False,238,8,
n10-identities_c50-conc_mech-blockchain-1backend_valid-active_r30_audit-off_20260824T234433Z,obs_5cd9649da9d046a3adfca070b4fa3de3,2026-08-24T23:44:33.900097+00:00,blockchain,valid_active,17,50,UAV-VALID,ACCEPTED,ACCEPTED,True,337892900,337.8929,66300,337416500,0,4600,209400,5700,0,0,,,,none,blockchain-valid_active_19,0,False,239,8,
n10-identities_c50-conc_mech-blockchain-1backend_valid-active_r30_audit-off_20260824T234433Z,obs_0a475d4ae6d34b16b843c82da769b4f8,2026-08-24T23:44:33.920696+00:00,blockchain,valid_active,21,50,UAV-VALID,ACCEPTED,ACCEPTED,True,392364700,392.3647,49000,391936800,0,6200,249300,6900,0,0,,,,none,blockchain-valid_active_23,0,False,239,8,
n10-identities_c50-conc_mech-blockchain-1backend_valid-active_r30_audit-off_20260824T234433Z,obs_fc8d6cce514841e1975a1393745c9b33,2026-08-24T23:44:33.927552+00:00,blockchain,valid_active,24,50,UAV-VALID,ACCEPTED,ACCEPTED,True,302092800,302.0928,59300,301162100,0,4600,735400,11200,0,0,,,,none,blockchain-valid_active_26,0,False,240,8,
n10-identities_c50-conc_mech-blockchain-1backend_valid-active_r30_audit-off_20260824T234433Z,obs_74128156ce3f4030816c6cec40a9235e,2026-08-24T23:44:33.935794+00:00,blockchain,valid_active,18,50,UAV-VALID,ACCEPTED,ACCEPTED,True,332053200,332.0532,55000,331611600,0,4100,237100,7900,0,0,,,,none,blockchain-valid_active_20,0,False,240,8,
n10-identities_c50-conc_mech-blockchain-1backend_valid-active_r30_audit-off_20260824T234433Z,obs_cd360d26ac11468a8aa311e427437739,2026-08-24T23:44:33.945027+00:00,blockchain,valid_active,14,50,UAV-VALID,ACCEPTED,ACCEPTED,True,429711200,429.7112,46200,429221700,0,5800,319300,8600,0,0,,,,none,blockchain-valid_active_16,0,False,239,8,
n10-identities_c50-conc_mech-blockchain-1backend_valid-active_r30_audit-off_20260824T234433Z,obs_0d985b3a93ee4fffbee757b7f3552b31,2026-08-24T23:44:33.954986+00:00,blockchain,valid_active,27,50,UAV-VALID,ACCEPTED,ACCEPTED,True,275689900,275.6899,53900,275220600,0,7000,285900,9000,0,0,,,,none,blockchain-valid_active_2,0,False,238,8,
n10-identities_c50-conc_mech-blockchain-1backend_valid-active_r30_audit-off_20260824T234433Z,obs_ed9b26717d4a4287ad87c93ee076af60,2026-08-24T23:44:33.957700+00:00,blockchain,valid_active,22,50,UAV-VALID,ACCEPTED,ACCEPTED,True,340432800,340.4328,44200,339561700,0,5600,416500,8200,0,0,,,,none,blockchain-valid_active_24,0,False,238,8,
n10-identities_c50-conc_mech-blockchain-1backend_valid-active_r30_audit-off_20260824T234433Z,obs_3944091509124c7bbb2ab863f44d7d22,2026-08-24T23:44:33.962119+00:00,blockchain,valid_active,19,50,UAV-VALID,ACCEPTED,ACCEPTED,True,403522700,403.5227,111900,403115000,0,5200,248600,7000,0,0,,,,none,blockchain-valid_active_21,0,False,238,8,
n10-identities_c50-conc_mech-blockchain-1backend_valid-active_r30_audit-off_20260824T234433Z,obs_a1c58ab5d8344a82a0a9d182a62e783d,2026-08-24T23:44:33.967068+00:00,blockchain,valid_active,25,50,UAV-VALID,ACCEPTED,ACCEPTED,True,295125700,295.1257,68900,294724700,0,3800,233200,5000,0,0,,,,none,blockchain-valid_active_27,0,False,239,8,
n10-identities_c50-conc_mech-blockchain-1backend_valid-active_r30_audit-off_20260824T234433Z,obs_fe7d6599658141f8aef6ffe0b50bda3e,2026-08-24T23:44:33.968617+00:00,blockchain,valid_active,20,50,UAV-VALID,ACCEPTED,ACCEPTED,True,390023700,390.0237,61800,389739100,0,2300,166000,4500,0,0,,,,none,blockchain-valid_active_22,0,False,240,8,
n10-identities_c50-conc_mech-blockchain-1backend_valid-active_r30_audit-off_20260824T234433Z,obs_05909df17b7e43ffae46577172835efb,2026-08-24T23:44:33.971283+00:00,blockchain,valid_active,26,50,UAV-VALID,ACCEPTED,ACCEPTED,True,258991500,258.9915,67900,258446400,0,3700,368500,8200,0,0,,,,none,blockchain-valid_active_28,0,False,240,8,
n10-identities_c50-conc_mech-blockchain-1backend_valid-active_r30_audit-off_20260824T234433Z,obs_6fc093130f5241ae9d6e39ed439d7a77,2026-08-24T23:44:33.979848+00:00,blockchain,valid_active,23,50,UAV-VALID,ACCEPTED,ACCEPTED,True,322802800,322.8028,58500,322384500,0,5000,249500,6300,0,0,,,,none,blockchain-valid_active_25,0,False,239,8,
n10-identities_c50-conc_mech-blockchain-1backend_valid-active_r30_audit-off_20260824T234433Z,obs_9fbc3a476df34c5e831406c04ac4081f,2026-08-24T23:44:33.981596+00:00,blockchain,valid_active,29,50,UAV-VALID,ACCEPTED,ACCEPTED,True,200222300,200.2223,46000,199877700,0,3900,209300,4800,0,0,,,,none,blockchain-valid_active_30,0,False,240,8,
n10-identities_c50-conc_mech-blockchain-1backend_valid-active_r30_audit-off_20260824T234433Z,obs_74d30352b0a44a22a64ada2a26d73bab,2026-08-24T23:44:33.983246+00:00,blockchain,valid_active,28,50,UAV-VALID,ACCEPTED,ACCEPTED,True,240622600,240.6226,39800,240368300,0,2800,160200,3500,0,0,,,,none,blockchain-valid_active_29,0,False,238,8,
n50-identities_c1-conc_mech-x509-1backend_valid-active_r30_audit-off_20260824T234435Z,obs_60e1aefe86d9472b95e165d7850ab1a4,2026-08-24T23:44:35.529847+00:00,x509,valid_active,0,1,UAV-VALID,ACCEPTED,ACCEPTED,True,2211700,2.2117,60000,134200,1711800,0,207800,6100,0,0,,,,none,x509-valid_active_0,0,True,240,8,
n50-identities_c1-conc_mech-x509-1backend_valid-active_r30_audit-off_20260824T234435Z,obs_31b9bf835b4e49af88011dc9a45ab67c,2026-08-24T23:44:35.542201+00:00,x509,valid_active,1,1,UAV-VALID,ACCEPTED,ACCEPTED,True,3029800,3.0298,56100,98400,2418200,0,342800,9200,0,0,,,,none,x509-valid_active_0,0,True,239,8,
n50-identities_c1-conc_mech-x509-1backend_valid-active_r30_audit-off_20260824T234435Z,obs_686fbe9056c04da993be9e5087c111a4,2026-08-24T23:44:35.552465+00:00,x509,valid_active,0,1,UAV-VALID,ACCEPTED,ACCEPTED,True,1944300,1.9443,40000,94100,1533900,0,199100,5700,0,0,,,,none,x509-valid_active_0,0,False,238,8,
n50-identities_c1-conc_mech-x509-1backend_valid-active_r30_audit-off_20260824T234435Z,obs_2ddaaa1fbff0499697e456fad5203824,2026-08-24T23:44:35.566861+00:00,x509,valid_active,1,1,UAV-VALID,ACCEPTED,ACCEPTED,True,2174100,2.1741,59500,131000,1668600,0,231300,6500,0,0,,,,none,x509-valid_active_0,0,False,240,8,
n50-identities_c1-conc_mech-x509-1backend_valid-active_r30_audit-off_20260824T234435Z,obs_91e7e29bdcf54adc911fa7d6c8406d03,2026-08-24T23:44:35.579605+00:00,x509,valid_active,2,1,UAV-VALID,ACCEPTED,ACCEPTED,True,2683600,2.6836,63900,117400,2199400,0,215800,6400,0,0,,,,none,x509-valid_active_0,0,False,239,8,
n50-identities_c1-conc_mech-x509-1backend_valid-active_r30_audit-off_20260824T234435Z,obs_520da02ff2b74e7588d1200934a79e99,2026-08-24T23:44:35.591682+00:00,x509,valid_active,3,1,UAV-VALID,ACCEPTED,ACCEPTED,True,2567800,2.5678,62700,109900,2173500,0,165500,4700,0,0,,,,none,x509-valid_active_0,0,False,240,8,
n50-identities_c1-conc_mech-x509-1backend_valid-active_r30_audit-off_20260824T234435Z,obs_b50cd72be24b4af191ff44dc19d6e15d,2026-08-24T23:44:35.603233+00:00,x509,valid_active,4,1,UAV-VALID,ACCEPTED,ACCEPTED,True,2420500,2.4205,43700,105500,1953200,0,223100,6200,0,0,,,,none,x509-valid_active_0,0,False,240,8,
n50-identities_c1-conc_mech-x509-1backend_valid-active_r30_audit-off_20260824T234435Z,obs_edfc8ca53a734008bce143bbaf1bfe91,2026-08-24T23:44:35.614954+00:00,x509,valid_active,5,1,UAV-VALID,ACCEPTED,ACCEPTED,True,2220700,2.2207,53500,101600,1746600,0,223700,7700,0,0,,,,none,x509-valid_active_0,0,False,240,8,
n50-identities_c1-conc_mech-x509-1backend_valid-active_r30_audit-off_20260824T234435Z,obs_aaa7a0026d6a4a42bb53d21d07ae6297,2026-08-24T23:44:35.631096+00:00,x509,valid_active,6,1,UAV-VALID,ACCEPTED,ACCEPTED,True,2619600,2.6196,57400,110800,2087200,0,249200,6300,0,0,,,,none,x509-valid_active_0,0,False,238,8,
n50-identities_c1-conc_mech-x509-1backend_valid-active_r30_audit-off_20260824T234435Z,obs_8556ac026d29439f860463b580483787,2026-08-24T23:44:35.644672+00:00,x509,valid_active,7,1,UAV-VALID,ACCEPTED,ACCEPTED,True,3284900,3.2849,56100,99800,2633900,0,367500,7400,0,0,,,,none,x509-valid_active_0,0,False,240,8,
n50-identities_c1-conc_mech-x509-1backend_valid-active_r30_audit-off_20260824T234435Z,obs_ca3999fe18434d11973e7253c77e9f35,2026-08-24T23:44:35.658344+00:00,x509,valid_active,8,1,UAV-VALID,ACCEPTED,ACCEPTED,True,3000600,3.0006,66500,109400,2235500,0,423900,8700,0,0,,,,none,x509-valid_active_0,0,False,239,8,
n50-identities_c1-conc_mech-x509-1backend_valid-active_r30_audit-off_20260824T234435Z,obs_7e22bcd200644423b1c0e97645a44f52,2026-08-24T23:44:35.671504+00:00,x509,valid_active,9,1,UAV-VALID,ACCEPTED,ACCEPTED,True,2446000,2.446,51300,109500,1943500,0,240800,8000,0,0,,,,none,x509-valid_active_0,0,False,239,8,
n50-identities_c1-conc_mech-x509-1backend_valid-active_r30_audit-off_20260824T234435Z,obs_614dff2453f347799a7cffb5b04148e5,2026-08-24T23:44:35.684277+00:00,x509,valid_active,10,1,UAV-VALID,ACCEPTED,ACCEPTED,True,3567800,3.5678,49000,101200,2878100,0,252700,9600,0,0,,,,none,x509-valid_active_0,0,False,239,8,
n50-identities_c1-conc_mech-x509-1backend_valid-active_r30_audit-off_20260824T234435Z,obs_29a6d4a188574110b7d393c359777c0b,2026-08-24T23:44:35.699060+00:00,x509,valid_active,11,1,UAV-VALID,ACCEPTED,ACCEPTED,True,4334600,4.3346,53700,110400,3486600,0,511200,9800,0,0,,,,none,x509-valid_active_0,0,False,240,8,
n50-identities_c1-conc_mech-x509-1backend_valid-active_r30_audit-off_20260824T234435Z,obs_02df71d4170c40b587ade61838083455,2026-08-24T23:44:35.714749+00:00,x509,valid_active,12,1,UAV-VALID,ACCEPTED,ACCEPTED,True,5628800,5.6288,131100,157100,5038100,0,260500,7700,0,0,,,,none,x509-valid_active_0,0,False,238,8,
n50-identities_c1-conc_mech-x509-1backend_valid-active_r30_audit-off_20260824T234435Z,obs_c3a01b134c8f4d4ebf8b5a9fc630d090,2026-08-24T23:44:35.727927+00:00,x509,valid_active,13,1,UAV-VALID,ACCEPTED,ACCEPTED,True,4326900,4.3269,57900,111200,3747400,0,262300,7100,0,0,,,,none,x509-valid_active_0,0,False,240,8,
n50-identities_c1-conc_mech-x509-1backend_valid-active_r30_audit-off_20260824T234435Z,obs_61dbade998bf4d85801d06e901bfbede,2026-08-24T23:44:35.736644+00:00,x509,valid_active,14,1,UAV-VALID,ACCEPTED,ACCEPTED,True,2154000,2.154,39500,104700,1727200,0,189700,5000,0,0,,,,none,x509-valid_active_0,0,False,240,8,
n50-identities_c1-conc_mech-x509-1backend_valid-active_r30_audit-off_20260824T234435Z,obs_990dc5b3ee18498e8b2fca4e9af47206,2026-08-24T23:44:35.749289+00:00,x509,valid_active,15,1,UAV-VALID,ACCEPTED,ACCEPTED,True,2330500,2.3305,44700,70600,1890700,0,243300,6300,0,0,,,,none,x509-valid_active_0,0,False,238,8,
n50-identities_c1-conc_mech-x509-1backend_valid-active_r30_audit-off_20260824T234435Z,obs_c596caeadbda49298a1e51b820f7be96,2026-08-24T23:44:35.762965+00:00,x509,valid_active,16,1,UAV-VALID,ACCEPTED,ACCEPTED,True,4902400,4.9024,52600,115800,4404300,0,237000,5700,0,0,,,,none,x509-valid_active_0,0,False,238,8,
n50-identities_c1-conc_mech-x509-1backend_valid-active_r30_audit-off_20260824T234435Z,obs_94e2b03e2e8f4474b4865287ead22f35,2026-08-24T23:44:35.778106+00:00,x509,valid_active,17,1,UAV-VALID,ACCEPTED,ACCEPTED,True,6034500,6.0345,60800,76300,5224400,0,336600,9000,0,0,,,,none,x509-valid_active_0,0,False,239,8,
n50-identities_c1-conc_mech-x509-1backend_valid-active_r30_audit-off_20260824T234435Z,obs_38adb697ab5643d18aff6a62e3f2ef88,2026-08-24T23:44:35.792719+00:00,x509,valid_active,18,1,UAV-VALID,ACCEPTED,ACCEPTED,True,3782100,3.7821,376600,115000,2691200,0,765900,10100,0,0,,,,none,x509-valid_active_0,0,False,239,8,
n50-identities_c1-conc_mech-x509-1backend_valid-active_r30_audit-off_20260824T234435Z,obs_4a8151a2d71c4300baa676d6b4af247c,2026-08-24T23:44:35.804264+00:00,x509,valid_active,19,1,UAV-VALID,ACCEPTED,ACCEPTED,True,2721900,2.7219,59100,104600,1776500,0,690600,8600,0,0,,,,none,x509-valid_active_0,0,False,240,8,
n50-identities_c1-conc_mech-x509-1backend_valid-active_r30_audit-off_20260824T234435Z,obs_8e304df7bc9d4dac9d1f2ad9a6936ee3,2026-08-24T23:44:35.819637+00:00,x509,valid_active,20,1,UAV-VALID,ACCEPTED,ACCEPTED,True,2487500,2.4875,56000,100200,2023300,0,214600,7400,0,0,,,,none,x509-valid_active_0,0,False,240,8,
n50-identities_c1-conc_mech-x509-1backend_valid-active_r30_audit-off_20260824T234435Z,obs_511d1b3e50e0401a9220c26280d875b5,2026-08-24T23:44:35.842535+00:00,x509,valid_active,21,1,UAV-VALID,ACCEPTED,ACCEPTED,True,7609200,7.6092,68500,121700,6606000,0,527400,7800,0,0,,,,none,x509-valid_active_0,0,False,239,8,
n50-identities_c1-conc_mech-x509-1backend_valid-active_r30_audit-off_20260824T234435Z,obs_0d40b5bb7ca34c5fafde5cc801145694,2026-08-24T23:44:35.866073+00:00,x509,valid_active,22,1,UAV-VALID,ACCEPTED,ACCEPTED,True,8052300,8.0523,240800,164400,7406000,0,292700,8500,0,0,,,,none,x509-valid_active_0,0,False,239,8,
n50-identities_c1-conc_mech-x509-1backend_valid-active_r30_audit-off_20260824T234435Z,obs_6ec078db1a5948e49e226722cdb0b141,2026-08-24T23:44:35.880492+00:00,x509,valid_active,23,1,UAV-VALID,ACCEPTED,ACCEPTED,True,2430200,2.4302,51500,115800,1929300,0,227500,7400,0,0,,,,none,x509-valid_active_0,0,False,240,8,
n50-identities_c1-conc_mech-x509-1backend_valid-active_r30_audit-off_20260824T234435Z,obs_707ea2eeae174465bbb8b7fc563f19e1,2026-08-24T23:44:35.894621+00:00,x509,valid_active,24,1,UAV-VALID,ACCEPTED,ACCEPTED,True,4132600,4.1326,67000,133500,3427700,0,306200,7300,0,0,,,,none,x509-valid_active_0,0,False,238,8,
n50-identities_c1-conc_mech-x509-1backend_valid-active_r30_audit-off_20260824T234435Z,obs_1f904d0cc9384f1a9a1e2a7ecafd7948,2026-08-24T23:44:35.911172+00:00,x509,valid_active,25,1,UAV-VALID,ACCEPTED,ACCEPTED,True,3273700,3.2737,63200,152800,2685900,0,245200,8100,0,0,,,,none,x509-valid_active_0,0,False,240,8,
n50-identities_c1-conc_mech-x509-1backend_valid-active_r30_audit-off_20260824T234435Z,obs_67da784628d444a197c2503308c642a5,2026-08-24T23:44:35.925902+00:00,x509,valid_active,26,1,UAV-VALID,ACCEPTED,ACCEPTED,True,2952200,2.9522,58600,121900,2441500,0,235900,7300,0,0,,,,none,x509-valid_active_0,0,False,239,8,
n50-identities_c1-conc_mech-x509-1backend_valid-active_r30_audit-off_20260824T234435Z,obs_1189f9a2858a4a3abdabb32d4e9d8e36,2026-08-24T23:44:35.939263+00:00,x509,valid_active,27,1,UAV-VALID,ACCEPTED,ACCEPTED,True,2902500,2.9025,59900,99100,2396300,0,258000,6700,0,0,,,,none,x509-valid_active_0,0,False,239,8,
n50-identities_c1-conc_mech-x509-1backend_valid-active_r30_audit-off_20260824T234435Z,obs_a8e7bce8f9c24d61aac550382d71ef12,2026-08-24T23:44:35.951212+00:00,x509,valid_active,28,1,UAV-VALID,ACCEPTED,ACCEPTED,True,2371800,2.3718,44300,133000,1936200,0,165800,4800,0,0,,,,none,x509-valid_active_0,0,False,238,8,
n50-identities_c1-conc_mech-x509-1backend_valid-active_r30_audit-off_20260824T234435Z,obs_f70b2b7826044444a82a46499d4b95dd,2026-08-24T23:44:35.963513+00:00,x509,valid_active,29,1,UAV-VALID,ACCEPTED,ACCEPTED,True,2604600,2.6046,69300,113400,2089300,0,244400,6800,0,0,,,,none,x509-valid_active_0,0,False,239,8,
n50-identities_c1-conc_mech-blockchain-1backend_valid-active_r30_audit-off_20260824T234437Z,obs_7e344bc86eb04f29bdb78b58d7c85de1,2026-08-24T23:44:37.254922+00:00,blockchain,valid_active,0,1,UAV-VALID,ACCEPTED,ACCEPTED,True,20867400,20.8674,49700,20439600,0,5100,262500,7600,0,0,,,,none,blockchain-valid_active_0,0,True,240,8,
n50-identities_c1-conc_mech-blockchain-1backend_valid-active_r30_audit-off_20260824T234437Z,obs_f150fcdae681488aa227301a699f187f,2026-08-24T23:44:37.286195+00:00,blockchain,valid_active,1,1,UAV-VALID,ACCEPTED,ACCEPTED,True,20302500,20.3025,57700,19881100,0,5200,259100,6500,0,0,,,,none,blockchain-valid_active_0,0,True,238,8,
n50-identities_c1-conc_mech-blockchain-1backend_valid-active_r30_audit-off_20260824T234437Z,obs_5458b8ddf87640219944ea9d3723e98b,2026-08-24T23:44:37.315286+00:00,blockchain,valid_active,0,1,UAV-VALID,ACCEPTED,ACCEPTED,True,19757700,19.7577,49300,19344600,0,4600,275400,6300,0,0,,,,none,blockchain-valid_active_0,0,False,240,8,
n50-identities_c1-conc_mech-blockchain-1backend_valid-active_r30_audit-off_20260824T234437Z,obs_741a5251475e49c3a821b3e65320d82c,2026-08-24T23:44:37.360049+00:00,blockchain,valid_active,1,1,UAV-VALID,ACCEPTED,ACCEPTED,True,32577700,32.5777,200800,32156200,0,5800,245800,6600,0,0,,,,none,blockchain-valid_active_0,0,False,239,8,
n50-identities_c1-conc_mech-blockchain-1backend_valid-active_r30_audit-off_20260824T234437Z,obs_27c4911c95824f0e821bb25da0812546,2026-08-24T23:44:37.393044+00:00,blockchain,valid_active,2,1,UAV-VALID,ACCEPTED,ACCEPTED,True,24027300,24.0273,59400,23633900,0,5100,239900,7100,0,0,,,,none,blockchain-valid_active_0,0,False,239,8,
n50-identities_c1-conc_mech-blockchain-1backend_valid-active_r30_audit-off_20260824T234437Z,obs_0a57358d240740e392cb29b064790994,2026-08-24T23:44:37.425012+00:00,blockchain,valid_active,3,1,UAV-VALID,ACCEPTED,ACCEPTED,True,19942800,19.9428,67500,19395900,0,5000,303900,7700,0,0,,,,none,blockchain-valid_active_0,0,False,240,8,
n50-identities_c1-conc_mech-blockchain-1backend_valid-active_r30_audit-off_20260824T234437Z,obs_57a999ea3c664ca186a3748b1a6091b1,2026-08-24T23:44:37.460155+00:00,blockchain,valid_active,4,1,UAV-VALID,ACCEPTED,ACCEPTED,True,24998000,24.998,50800,24120600,0,9100,660200,8600,0,0,,,,none,blockchain-valid_active_0,0,False,239,8,
n50-identities_c1-conc_mech-blockchain-1backend_valid-active_r30_audit-off_20260824T234437Z,obs_88b44e9a6ca6403998f8cae5fd585613,2026-08-24T23:44:37.487422+00:00,blockchain,valid_active,5,1,UAV-VALID,ACCEPTED,ACCEPTED,True,19334000,19.334,50700,18884300,0,6000,270900,8500,0,0,,,,none,blockchain-valid_active_0,0,False,238,8,
n50-identities_c1-conc_mech-blockchain-1backend_valid-active_r30_audit-off_20260824T234437Z,obs_7c94a3fefa114b6583f5aaa16fc7fcd0,2026-08-24T23:44:37.515438+00:00,blockchain,valid_active,6,1,UAV-VALID,ACCEPTED,ACCEPTED,True,18629600,18.6296,56300,18248200,0,5400,233700,5600,0,0,,,,none,blockchain-valid_active_0,0,False,238,8,
n50-identities_c1-conc_mech-blockchain-1backend_valid-active_r30_audit-off_20260824T234437Z,obs_4d08ccde0a7940bc82aa460730b97660,2026-08-24T23:44:37.542936+00:00,blockchain,valid_active,7,1,UAV-VALID,ACCEPTED,ACCEPTED,True,18151800,18.1518,60800,17752500,0,4700,234000,6200,0,0,,,,none,blockchain-valid_active_0,0,False,238,8,
n50-identities_c1-conc_mech-blockchain-1backend_valid-active_r30_audit-off_20260824T234437Z,obs_73baff5475084130bbdf4e3f59cad475,2026-08-24T23:44:37.570813+00:00,blockchain,valid_active,8,1,UAV-VALID,ACCEPTED,ACCEPTED,True,19692700,19.6927,114100,19162500,0,6300,292500,8300,0,0,,,,none,blockchain-valid_active_0,0,False,238,8,
n50-identities_c1-conc_mech-blockchain-1backend_valid-active_r30_audit-off_20260824T234437Z,obs_7fee3eaf1dc94b128c29b34badcb6e38,2026-08-24T23:44:37.603469+00:00,blockchain,valid_active,9,1,UAV-VALID,ACCEPTED,ACCEPTED,True,23021600,23.0216,330500,22556100,0,7600,258700,7600,0,0,,,,none,blockchain-valid_active_0,0,False,239,8,
n50-identities_c1-conc_mech-blockchain-1backend_valid-active_r30_audit-off_20260824T234437Z,obs_b694287369914d2eb9691323c384a4e3,2026-08-24T23:44:37.635127+00:00,blockchain,valid_active,10,1,UAV-VALID,ACCEPTED,ACCEPTED,True,22495600,22.4956,60600,21968700,0,4900,272700,9600,0,0,,,,none,blockchain-valid_active_0,0,False,239,8,
n50-identities_c1-conc_mech-blockchain-1backend_valid-active_r30_audit-off_20260824T234437Z,obs_e9a7ae2c2bce4dd5b55741e633f2e586,2026-08-24T23:44:37.664234+00:00,blockchain,valid_active,11,1,UAV-VALID,ACCEPTED,ACCEPTED,True,20437500,20.4375,62700,20124900,0,3700,187300,4100,0,0,,,,none,blockchain-valid_active_0,0,False,238,8,
n50-identities_c1-conc_mech-blockchain-1backend_valid-active_r30_audit-off_20260824T234437Z,obs_5750672d9dea4c85beb972411aaf7d30,2026-08-24T23:44:37.698144+00:00,blockchain,valid_active,12,1,UAV-VALID,ACCEPTED,ACCEPTED,True,23650700,23.6507,213900,23209300,0,5300,257900,7200,0,0,,,,none,blockchain-valid_active_0,0,False,238,8,
n50-identities_c1-conc_mech-blockchain-1backend_valid-active_r30_audit-off_20260824T234437Z,obs_4ecf234e9c3c4666af8aab49598e1557,2026-08-24T23:44:37.759743+00:00,blockchain,valid_active,13,1,UAV-VALID,ACCEPTED,ACCEPTED,True,51306100,51.3061,188200,50874800,0,5600,255100,6300,0,0,,,,none,blockchain-valid_active_0,0,False,240,8,
n50-identities_c1-conc_mech-blockchain-1backend_valid-active_r30_audit-off_20260824T234437Z,obs_36043caccd184f7995934965ee95ec8f,2026-08-24T23:44:37.788861+00:00,blockchain,valid_active,14,1,UAV-VALID,ACCEPTED,ACCEPTED,True,18585900,18.5859,70300,18111000,0,6000,292600,7000,0,0,,,,none,blockchain-valid_active_0,0,False,239,8,
n50-identities_c1-conc_mech-blockchain-1backend_valid-active_r30_audit-off_20260824T234437Z,obs_2567307d65284266b7b05ad85c188343,2026-08-24T23:44:37.815970+00:00,blockchain,valid_active,15,1,UAV-VALID,ACCEPTED,ACCEPTED,True,18954300,18.9543,55100,18474100,0,5100,316900,8800,0,0,,,,none,blockchain-valid_active_0,0,False,238,8,
n50-identities_c1-conc_mech-blockchain-1backend_valid-active_r30_audit-off_20260824T234437Z,obs_314cd50ad73a4fd3853974274cfc3683,2026-08-24T23:44:37.843944+00:00,blockchain,valid_active,16,1,UAV-VALID,ACCEPTED,ACCEPTED,True,17955900,17.9559,62300,17487800,0,5900,295100,7700,0,0,,,,none,blockchain-valid_active_0,0,False,238,8,
n50-identities_c1-conc_mech-blockchain-1backend_valid-active_r30_audit-off_20260824T234437Z,obs_016af7c366a44bc1908f7df14d6dcc6c,2026-08-24T23:44:37.871665+00:00,blockchain,valid_active,17,1,UAV-VALID,ACCEPTED,ACCEPTED,True,18653700,18.6537,47500,18138400,0,6100,333400,9100,0,0,,,,none,blockchain-valid_active_0,0,False,239,8,
n50-identities_c1-conc_mech-blockchain-1backend_valid-active_r30_audit-off_20260824T234437Z,obs_fe47112ec55d48d19c721d563f8162d9,2026-08-24T23:44:37.896276+00:00,blockchain,valid_active,18,1,UAV-VALID,ACCEPTED,ACCEPTED,True,17379800,17.3798,39500,17090200,0,3700,180100,3700,0,0,,,,none,blockchain-valid_active_0,0,False,239,8,
n50-identities_c1-conc_mech-blockchain-1backend_valid-active_r30_audit-off_20260824T234437Z,obs_93997c8679fe4f34bbafaf987fae736c,2026-08-24T23:44:37.922599+00:00,blockchain,valid_active,19,1,UAV-VALID,ACCEPTED,ACCEPTED,True,16866600,16.8666,66700,16255500,0,7700,297600,7900,0,0,,,,none,blockchain-valid_active_0,0,False,238,8,
n50-identities_c1-conc_mech-blockchain-1backend_valid-active_r30_audit-off_20260824T234437Z,obs_ecc9dca27e794bc191a65a49ec6a628a,2026-08-24T23:44:37.944459+00:00,blockchain,valid_active,20,1,UAV-VALID,ACCEPTED,ACCEPTED,True,14733200,14.7332,39200,14456100,0,2300,178300,3400,0,0,,,,none,blockchain-valid_active_0,0,False,240,8,
n50-identities_c1-conc_mech-blockchain-1backend_valid-active_r30_audit-off_20260824T234437Z,obs_ba7e423218d94ec4a0e1636e1e415659,2026-08-24T23:44:37.968806+00:00,blockchain,valid_active,21,1,UAV-VALID,ACCEPTED,ACCEPTED,True,15534700,15.5347,59600,15124300,0,3500,245000,5300,0,0,,,,none,blockchain-valid_active_0,0,False,239,8,
n50-identities_c1-conc_mech-blockchain-1backend_valid-active_r30_audit-off_20260824T234437Z,obs_fcdf3dde11af44e4a9f5859b43f2bd60,2026-08-24T23:44:37.995431+00:00,blockchain,valid_active,22,1,UAV-VALID,ACCEPTED,ACCEPTED,True,18602700,18.6027,56600,18169200,0,3500,275300,7700,0,0,,,,none,blockchain-valid_active_0,0,False,240,8,
n50-identities_c1-conc_mech-blockchain-1backend_valid-active_r30_audit-off_20260824T234437Z,obs_2d0358505a904a0d80f60dac790f7d0b,2026-08-24T23:44:38.019855+00:00,blockchain,valid_active,23,1,UAV-VALID,ACCEPTED,ACCEPTED,True,14989400,14.9894,50200,14473400,0,2200,375800,9700,0,0,,,,none,blockchain-valid_active_0,0,False,240,8,
n50-identities_c1-conc_mech-blockchain-1backend_valid-active_r30_audit-off_20260824T234437Z,obs_e0fd5031c9204cfeb55727a9819843b6,2026-08-24T23:44:38.047446+00:00,blockchain,valid_active,24,1,UAV-VALID,ACCEPTED,ACCEPTED,True,18818000,18.818,56800,18480800,0,5300,199900,6000,0,0,,,,none,blockchain-valid_active_0,0,False,238,8,
n50-identities_c1-conc_mech-blockchain-1backend_valid-active_r30_audit-off_20260824T234437Z,obs_a97e3948d52849938627958a8bd9426b,2026-08-24T23:44:38.080486+00:00,blockchain,valid_active,25,1,UAV-VALID,ACCEPTED,ACCEPTED,True,20142000,20.142,58000,19533600,0,3800,234300,6100,0,0,,,,none,blockchain-valid_active_0,0,False,238,8,
n50-identities_c1-conc_mech-blockchain-1backend_valid-active_r30_audit-off_20260824T234437Z,obs_d10ff8bb2dd047dcab0eec78603535ac,2026-08-24T23:44:38.110620+00:00,blockchain,valid_active,26,1,UAV-VALID,ACCEPTED,ACCEPTED,True,19127900,19.1279,72900,18784400,0,3300,204600,5300,0,0,,,,none,blockchain-valid_active_0,0,False,239,8,
n50-identities_c1-conc_mech-blockchain-1backend_valid-active_r30_audit-off_20260824T234437Z,obs_91c67a5d738d46fd952b59296271b6ae,2026-08-24T23:44:38.141898+00:00,blockchain,valid_active,27,1,UAV-VALID,ACCEPTED,ACCEPTED,True,21706100,21.7061,65700,21274000,0,3700,262700,6200,0,0,,,,none,blockchain-valid_active_0,0,False,238,8,
n50-identities_c1-conc_mech-blockchain-1backend_valid-active_r30_audit-off_20260824T234437Z,obs_178ebae8fc2b49d18b9439e1829d00bb,2026-08-24T23:44:38.174126+00:00,blockchain,valid_active,28,1,UAV-VALID,ACCEPTED,ACCEPTED,True,20245900,20.2459,123500,19786700,0,3800,275700,7800,0,0,,,,none,blockchain-valid_active_0,0,False,239,8,
n50-identities_c1-conc_mech-blockchain-1backend_valid-active_r30_audit-off_20260824T234437Z,obs_4eeedbb8ef364cdeb6a56e0abdc810a2,2026-08-24T23:44:38.207549+00:00,blockchain,valid_active,29,1,UAV-VALID,ACCEPTED,ACCEPTED,True,21960300,21.9603,43600,21443100,0,4300,261000,8600,0,0,,,,none,blockchain-valid_active_0,0,False,238,8,
n50-identities_c5-conc_mech-x509-1backend_valid-active_r30_audit-off_20260824T234439Z,obs_1b64f4ee522149b98f15610256dfdced,2026-08-24T23:44:39.671271+00:00,x509,valid_active,0,5,UAV-VALID,ACCEPTED,ACCEPTED,True,32806200,32.8062,55500,182000,32206100,0,241400,7500,0,0,,,,none,x509-valid_active_0,0,True,239,8,
n50-identities_c5-conc_mech-x509-1backend_valid-active_r30_audit-off_20260824T234439Z,obs_ded0fd62eee641308e58c07bcaec9f05,2026-08-24T23:44:39.685332+00:00,x509,valid_active,0,5,UAV-VALID,ACCEPTED,ACCEPTED,True,23660200,23.6602,55500,525700,22620900,0,237600,5700,0,0,,,,none,x509-valid_active_2,0,False,240,8,
n50-identities_c5-conc_mech-x509-1backend_valid-active_r30_audit-off_20260824T234439Z,obs_0d580c3e8d4a450eb09d52ab4d757778,2026-08-24T23:44:39.687597+00:00,x509,valid_active,1,5,UAV-VALID,ACCEPTED,ACCEPTED,True,22562700,22.5627,67500,140000,22032600,0,229700,5900,0,0,,,,none,x509-valid_active_1,0,True,239,8,
n50-identities_c5-conc_mech-x509-1backend_valid-active_r30_audit-off_20260824T234439Z,obs_8fd9612a2d1c4ef5a4fa3ba763990bbc,2026-08-24T23:44:39.698669+00:00,x509,valid_active,1,5,UAV-VALID,ACCEPTED,ACCEPTED,True,28624500,28.6245,62200,376600,27886500,0,212200,4300,0,0,,,,none,x509-valid_active_3,0,False,239,8,
n50-identities_c5-conc_mech-x509-1backend_valid-active_r30_audit-off_20260824T234439Z,obs_a8436222834d4974a6a4810a9f19d47d,2026-08-24T23:44:39.727862+00:00,x509,valid_active,2,5,UAV-VALID,ACCEPTED,ACCEPTED,True,30028000,30.028,50000,100700,29425800,0,277800,9300,0,0,,,,none,x509-valid_active_4,0,False,238,8,
n50-identities_c5-conc_mech-x509-1backend_valid-active_r30_audit-off_20260824T234439Z,obs_4b50609d3bd04074b534ff1a7a54670f,2026-08-24T23:44:39.729750+00:00,x509,valid_active,4,5,UAV-VALID,ACCEPTED,ACCEPTED,True,6212100,6.2121,58900,102700,5730900,0,218000,7500,0,0,,,,none,x509-valid_active_2,0,False,238,8,
n50-identities_c5-conc_mech-x509-1backend_valid-active_r30_audit-off_20260824T234439Z,obs_3a45c31bc1db4544980599d2e07fbdf9,2026-08-24T23:44:39.731726+00:00,x509,valid_active,3,5,UAV-VALID,ACCEPTED,ACCEPTED,True,19046000,19.046,81800,109800,18548500,0,239900,6900,0,0,,,,none,x509-valid_active_0,0,False,240,8,
n50-identities_c5-conc_mech-x509-1backend_valid-active_r30_audit-off_20260824T234439Z,obs_5306e85b450a4c778f98880d0587556d,2026-08-24T23:44:39.736368+00:00,x509,valid_active,5,5,UAV-VALID,ACCEPTED,ACCEPTED,True,10936400,10.9364,62700,89400,10383700,0,276800,9100,0,0,,,,none,x509-valid_active_1,0,False,239,8,
n50-identities_c5-conc_mech-x509-1backend_valid-active_r30_audit-off_20260824T234439Z,obs_c63db6125f0644e783112ecfadd68199,2026-08-24T23:44:39.737201+00:00,x509,valid_active,6,5,UAV-VALID,ACCEPTED,ACCEPTED,True,12378100,12.3781,53400,103400,11832900,0,257800,7400,0,0,,,,none,x509-valid_active_3,0,False,239,8,
n50-identities_c5-conc_mech-x509-1backend_valid-active_r30_audit-off_20260824T234439Z,obs_7e1c8428e6ba49e7ac579e0cf47440ee,2026-08-24T23:44:39.782166+00:00,x509,valid_active,8,5,UAV-VALID,ACCEPTED,ACCEPTED,True,14398500,14.3985,71000,107600,13937800,0,227300,8200,0,0,,,,none,x509-valid_active_2,0,False,238,8,
n50-identities_c5-conc_mech-x509-1backend_valid-active_r30_audit-off_20260824T234439Z,obs_15ab72940f074b69bddade81c1f6b3f1,2026-08-24T23:44:39.784380+00:00,x509,valid_active,7,5,UAV-VALID,ACCEPTED,ACCEPTED,True,7206700,7.2067,89700,72300,6814000,0,201200,6400,0,0,,,,none,x509-valid_active_4,0,False,240,8,
n50-identities_c5-conc_mech-x509-1backend_valid-active_r30_audit-off_20260824T234439Z,obs_bb6f41fb87504b9f86683890df420bc8,2026-08-24T23:44:39.786625+00:00,x509,valid_active,11,5,UAV-VALID,ACCEPTED,ACCEPTED,True,8799500,8.7995,52300,68600,8235300,0,295200,8100,0,0,,,,none,x509-valid_active_3,0,False,240,8,
n50-identities_c5-conc_mech-x509-1backend_valid-active_r30_audit-off_20260824T234439Z,obs_3ac43b245ed8477880ecd09a6ed87d2d,2026-08-24T23:44:39.790967+00:00,x509,valid_active,9,5,UAV-VALID,ACCEPTED,ACCEPTED,True,11905800,11.9058,45800,78700,11418700,0,254000,8900,0,0,,,,none,x509-valid_active_0,0,False,238,8,
n50-identities_c5-conc_mech-x509-1backend_valid-active_r30_audit-off_20260824T234439Z,obs_6d88c20d030341e68ae8baae455d4f1f,2026-08-24T23:44:39.801195+00:00,x509,valid_active,10,5,UAV-VALID,ACCEPTED,ACCEPTED,True,20330900,20.3309,44900,59600,19832400,0,284500,8300,0,0,,,,none,x509-valid_active_1,0,False,238,8,
n50-identities_c5-conc_mech-x509-1backend_valid-active_r30_audit-off_20260824T234439Z,obs_23bc3d7c1e6e4e09a19cb759ddf85484,2026-08-24T23:44:39.831954+00:00,x509,valid_active,12,5,UAV-VALID,ACCEPTED,ACCEPTED,True,10179100,10.1791,249400,105600,9474600,0,341900,103500,0,0,,,,none,x509-valid_active_2,0,False,238,8,
n50-identities_c5-conc_mech-x509-1backend_valid-active_r30_audit-off_20260824T234439Z,obs_77a60d920c4d4f8fa7476bc965319e9b,2026-08-24T23:44:39.832716+00:00,x509,valid_active,14,5,UAV-VALID,ACCEPTED,ACCEPTED,True,7575000,7.575,55800,96700,7122800,0,216500,5900,0,0,,,,none,x509-valid_active_3,0,False,240,8,
n50-identities_c5-conc_mech-x509-1backend_valid-active_r30_audit-off_20260824T234439Z,obs_1680557c5fa1454a985a33eb05791552,2026-08-24T23:44:39.833669+00:00,x509,valid_active,13,5,UAV-VALID,ACCEPTED,ACCEPTED,True,7881500,7.8815,48800,86100,7463600,0,208000,5700,0,0,,,,none,x509-valid_active_4,0,False,238,8,
n50-identities_c5-conc_mech-x509-1backend_valid-active_r30_audit-off_20260824T234439Z,obs_cbcd6831392b4a94bc9f3c4dbf6a7640,2026-08-24T23:44:39.842903+00:00,x509,valid_active,16,5,UAV-VALID,ACCEPTED,ACCEPTED,True,14055600,14.0556,43800,80900,13591500,0,238700,7500,0,0,,,,none,x509-valid_active_1,0,False,239,8,
n50-identities_c5-conc_mech-x509-1backend_valid-active_r30_audit-off_20260824T234439Z,obs_145b09b8d5af496584678ee235b064e1,2026-08-24T23:44:39.843528+00:00,x509,valid_active,15,5,UAV-VALID,ACCEPTED,ACCEPTED,True,15894900,15.8949,38300,79200,15455500,0,224900,6400,0,0,,,,none,x509-valid_active_0,0,False,239,8,
n50-identities_c5-conc_mech-x509-1backend_valid-active_r30_audit-off_20260824T234439Z,obs_c7edf324d9c642e2a7ddecfb28b5222b,2026-08-24T23:44:39.884468+00:00,x509,valid_active,17,5,UAV-VALID,ACCEPTED,ACCEPTED,True,14955700,14.9557,73900,124000,14415800,0,237800,7100,0,0,,,,none,x509-valid_active_2,0,False,239,8,
n50-identities_c5-conc_mech-x509-1backend_valid-active_r30_audit-off_20260824T234439Z,obs_f2f3fae15c9a4927ac30d585d914a5da,2026-08-24T23:44:39.892221+00:00,x509,valid_active,18,5,UAV-VALID,ACCEPTED,ACCEPTED,True,21876400,21.8764,58300,70600,21367700,0,267700,8700,0,0,,,,none,x509-valid_active_3,0,False,240,8,
n50-identities_c5-conc_mech-x509-1backend_valid-active_r30_audit-off_20260824T234439Z,obs_e9f5eb3169284f04892a161198855f9d,2026-08-24T23:44:39.908453+00:00,x509,valid_active,19,5,UAV-VALID,ACCEPTED,ACCEPTED,True,21130400,21.1304,42300,107700,20635600,0,229400,7500,0,0,,,,none,x509-valid_active_4,0,False,239,8,
n50-identities_c5-conc_mech-x509-1backend_valid-active_r30_audit-off_20260824T234439Z,obs_764a540e55fc4e4e88f417d56d8c7686,2026-08-24T23:44:39.909270+00:00,x509,valid_active,21,5,UAV-VALID,ACCEPTED,ACCEPTED,True,16502100,16.5021,57900,108200,15933000,0,284200,7900,0,0,,,,none,x509-valid_active_0,0,False,238,8,
n50-identities_c5-conc_mech-x509-1backend_valid-active_r30_audit-off_20260824T234439Z,obs_47f5f60298b746cab38710b70c191c25,2026-08-24T23:44:39.911760+00:00,x509,valid_active,20,5,UAV-VALID,ACCEPTED,ACCEPTED,True,23812500,23.8125,39500,65900,23401100,0,206300,6500,0,0,,,,none,x509-valid_active_1,0,False,240,8,
n50-identities_c5-conc_mech-x509-1backend_valid-active_r30_audit-off_20260824T234439Z,obs_567e1105cdcd4f8ea1aab4395bf6a0f7,2026-08-24T23:44:39.915954+00:00,x509,valid_active,22,5,UAV-VALID,ACCEPTED,ACCEPTED,True,9431100,9.4311,47100,76600,9043300,0,182900,4000,0,0,,,,none,x509-valid_active_2,0,False,238,8,
n50-identities_c5-conc_mech-x509-1backend_valid-active_r30_audit-off_20260824T234439Z,obs_06e2aef006944018a5aae4dc4fb38b3a,2026-08-24T23:44:39.917580+00:00,x509,valid_active,23,5,UAV-VALID,ACCEPTED,ACCEPTED,True,10000000,10.0,59200,87100,9542600,0,228400,7000,0,0,,,,none,x509-valid_active_3,0,False,239,8,
n50-identities_c5-conc_mech-x509-1backend_valid-active_r30_audit-off_20260824T234439Z,obs_4c69748555ae45f1a7a967017490a95f,2026-08-24T23:44:39.958934+00:00,x509,valid_active,26,5,UAV-VALID,ACCEPTED,ACCEPTED,True,9680900,9.6809,85200,97300,9247800,0,198700,6400,0,0,,,,none,x509-valid_active_1,0,False,239,8,
n50-identities_c5-conc_mech-x509-1backend_valid-active_r30_audit-off_20260824T234439Z,obs_ddd765967be34a6ab88434d14a140bcc,2026-08-24T23:44:39.960308+00:00,x509,valid_active,25,5,UAV-VALID,ACCEPTED,ACCEPTED,True,10558700,10.5587,54100,76900,10192600,0,182900,5200,0,0,,,,none,x509-valid_active_0,0,False,239,8,
n50-identities_c5-conc_mech-x509-1backend_valid-active_r30_audit-off_20260824T234439Z,obs_9eed13c8c7db42ba825618f418546237,2026-08-24T23:44:39.961072+00:00,x509,valid_active,27,5,UAV-VALID,ACCEPTED,ACCEPTED,True,9516000,9.516,47000,72100,9127300,0,204800,5100,0,0,,,,none,x509-valid_active_2,0,False,238,8,
n50-identities_c5-conc_mech-x509-1backend_valid-active_r30_audit-off_20260824T234439Z,obs_30ce70f70e844e5d8ea4498052320636,2026-08-24T23:44:39.961911+00:00,x509,valid_active,24,5,UAV-VALID,ACCEPTED,ACCEPTED,True,11614900,11.6149,52100,80300,11245900,0,178700,5400,0,0,,,,none,x509-valid_active_4,0,False,239,8,
n50-identities_c5-conc_mech-x509-1backend_valid-active_r30_audit-off_20260824T234439Z,obs_39b6135485bc41b4bcc396d7a1f3520a,2026-08-24T23:44:39.964708+00:00,x509,valid_active,28,5,UAV-VALID,ACCEPTED,ACCEPTED,True,12119500,12.1195,31000,76400,11732700,0,199100,4600,0,0,,,,none,x509-valid_active_3,0,False,238,8,
n50-identities_c5-conc_mech-x509-1backend_valid-active_r30_audit-off_20260824T234439Z,obs_3bac67668e7f41c0b13875d2f3deaf49,2026-08-24T23:44:39.972307+00:00,x509,valid_active,29,5,UAV-VALID,ACCEPTED,ACCEPTED,True,3497800,3.4978,42100,289300,2830400,0,230500,5900,0,0,,,,none,x509-valid_active_1,0,False,238,8,
n50-identities_c5-conc_mech-blockchain-1backend_valid-active_r30_audit-off_20260824T234441Z,obs_b454bb7dd2ee44abad40896199228815,2026-08-24T23:44:41.493825+00:00,blockchain,valid_active,0,5,UAV-VALID,ACCEPTED,ACCEPTED,True,125529900,125.5299,65200,124917100,0,5400,292800,15800,0,0,,,,none,blockchain-valid_active_0,0,True,240,8,
n50-identities_c5-conc_mech-blockchain-1backend_valid-active_r30_audit-off_20260824T234441Z,obs_80b8e4e81fe34fc2a8e5aabf1f1b060b,2026-08-24T23:44:41.509206+00:00,blockchain,valid_active,1,5,UAV-VALID,ACCEPTED,ACCEPTED,True,110971500,110.9715,53300,110525000,0,9200,265700,7900,0,0,,,,none,blockchain-valid_active_1,0,True,239,8,
n50-identities_c5-conc_mech-blockchain-1backend_valid-active_r30_audit-off_20260824T234441Z,obs_560723031a2b4c67aa56cb19f436c814,2026-08-24T23:44:41.519329+00:00,blockchain,valid_active,2,5,UAV-VALID,ACCEPTED,ACCEPTED,True,118067800,118.0678,55100,117589900,0,4900,288300,8800,0,0,,,,none,blockchain-valid_active_4,0,False,239,8,
n50-identities_c5-conc_mech-blockchain-1backend_valid-active_r30_audit-off_20260824T234441Z,obs_a0fcabcf753f4a7688ea218d6223e97b,2026-08-24T23:44:41.550523+00:00,blockchain,valid_active,0,5,UAV-VALID,ACCEPTED,ACCEPTED,True,138631400,138.6314,72300,138113000,0,15500,331500,8900,0,0,,,,none,blockchain-valid_active_2,0,False,240,8,
n50-identities_c5-conc_mech-blockchain-1backend_valid-active_r30_audit-off_20260824T234441Z,obs_4839272e70b64989838f64b66a125ea1,2026-08-24T23:44:41.592682+00:00,blockchain,valid_active,1,5,UAV-VALID,ACCEPTED,ACCEPTED,True,159365500,159.3655,56900,158792000,0,6500,336300,12700,0,0,,,,none,blockchain-valid_active_3,0,False,240,8,
n50-identities_c5-conc_mech-blockchain-1backend_valid-active_r30_audit-off_20260824T234441Z,obs_353822af69bb4f95806b0ae1d58aaf4f,2026-08-24T23:44:41.606077+00:00,blockchain,valid_active,3,5,UAV-VALID,ACCEPTED,ACCEPTED,True,85076600,85.0766,54500,84402200,0,5500,297900,9900,0,0,,,,none,blockchain-valid_active_0,0,False,239,8,
n50-identities_c5-conc_mech-blockchain-1backend_valid-active_r30_audit-off_20260824T234441Z,obs_4b6323252455498ead208db9066cdfbd,2026-08-24T23:44:41.637483+00:00,blockchain,valid_active,4,5,UAV-VALID,ACCEPTED,ACCEPTED,True,95240300,95.2403,153800,94685300,0,5100,301000,9100,0,0,,,,none,blockchain-valid_active_1,0,False,240,8,
n50-identities_c5-conc_mech-blockchain-1backend_valid-active_r30_audit-off_20260824T234441Z,obs_be694c3fe0264ede92f2dd8eb35905d6,2026-08-24T23:44:41.664645+00:00,blockchain,valid_active,5,5,UAV-VALID,ACCEPTED,ACCEPTED,True,107014600,107.0146,84100,106597300,0,3900,252600,7200,0,0,,,,none,blockchain-valid_active_4,0,False,238,8,
n50-identities_c5-conc_mech-blockchain-1backend_valid-active_r30_audit-off_20260824T234441Z,obs_cf0f126a8fe3495b9cb4cba4edcaa172,2026-08-24T23:44:41.716351+00:00,blockchain,valid_active,6,5,UAV-VALID,ACCEPTED,ACCEPTED,True,118729700,118.7297,88900,118178700,0,6100,315700,7600,0,0,,,,none,blockchain-valid_active_2,0,False,239,8,
n50-identities_c5-conc_mech-blockchain-1backend_valid-active_r30_audit-off_20260824T234441Z,obs_a6c2977572264fca97bd297982921c10,2026-08-24T23:44:41.741609+00:00,blockchain,valid_active,8,5,UAV-VALID,ACCEPTED,ACCEPTED,True,86229700,86.2297,367000,85754200,0,4600,276100,7100,0,0,,,,none,blockchain-valid_active_0,0,False,240,8,
n50-identities_c5-conc_mech-blockchain-1backend_valid-active_r30_audit-off_20260824T234441Z,obs_47ef3f41c0814a3ea17160c1c18375bd,2026-08-24T23:44:41.764721+00:00,blockchain,valid_active,9,5,UAV-VALID,ACCEPTED,ACCEPTED,True,98489900,98.4899,50900,97969100,0,4500,290800,9200,0,0,,,,none,blockchain-valid_active_1,0,False,239,8,
n50-identities_c5-conc_mech-blockchain-1backend_valid-active_r30_audit-off_20260824T234441Z,obs_a5c99c5d17c443e0be8e7d8980857cb4,2026-08-24T23:44:41.777516+00:00,blockchain,valid_active,10,5,UAV-VALID,ACCEPTED,ACCEPTED,True,82809600,82.8096,57500,82280900,0,5100,314500,7900,0,0,,,,none,blockchain-valid_active_4,0,False,239,8,
n50-identities_c5-conc_mech-blockchain-1backend_valid-active_r30_audit-off_20260824T234441Z,obs_4922d6ac6b954ec4acecb96a5e94c564,2026-08-24T23:44:41.780303+00:00,blockchain,valid_active,7,5,UAV-VALID,ACCEPTED,ACCEPTED,True,133668200,133.6682,67300,133207400,0,4400,260200,7300,0,0,,,,none,blockchain-valid_active_3,0,False,239,8,
n50-identities_c5-conc_mech-blockchain-1backend_valid-active_r30_audit-off_20260824T234441Z,obs_7fb0923534ea416da022717913063871,2026-08-24T23:44:41.900318+00:00,blockchain,valid_active,11,5,UAV-VALID,ACCEPTED,ACCEPTED,True,133938600,133.9386,58800,133439300,0,5000,309400,9000,0,0,,,,none,blockchain-valid_active_2,0,False,239,8,
n50-identities_c5-conc_mech-blockchain-1backend_valid-active_r30_audit-off_20260824T234441Z,obs_639f7860ede74d8283842a5a5d11d651,2026-08-24T23:44:41.910788+00:00,blockchain,valid_active,14,5,UAV-VALID,ACCEPTED,ACCEPTED,True,95234400,95.2344,64300,94775900,0,4800,277400,8900,0,0,,,,none,blockchain-valid_active_4,0,False,238,8,
n50-identities_c5-conc_mech-blockchain-1backend_valid-active_r30_audit-off_20260824T234441Z,obs_6d28b76a6d46424a84de4264aa9020ff,2026-08-24T23:44:41.918565+00:00,blockchain,valid_active,12,5,UAV-VALID,ACCEPTED,ACCEPTED,True,128211700,128.2117,66700,127567900,0,4300,424500,9500,0,0,,,,none,blockchain-valid_active_0,0,False,239,8,
n50-identities_c5-conc_mech-blockchain-1backend_valid-active_r30_audit-off_20260824T234441Z,obs_3f83c239b3804cd597da6529b1526665,2026-08-24T23:44:41.921576+00:00,blockchain,valid_active,13,5,UAV-VALID,ACCEPTED,ACCEPTED,True,115888400,115.8884,58600,115360400,0,5900,283400,8800,0,0,,,,none,blockchain-valid_active_1,0,False,239,8,
n50-identities_c5-conc_mech-blockchain-1backend_valid-active_r30_audit-off_20260824T234441Z,obs_371ebf0055794dd8b06b634782781124,2026-08-24T23:44:41.997664+00:00,blockchain,valid_active,15,5,UAV-VALID,ACCEPTED,ACCEPTED,True,168409300,168.4093,61600,167895900,0,4500,274500,8500,0,0,,,,none,blockchain-valid_active_3,0,False,239,8,
n50-identities_c5-conc_mech-blockchain-1backend_valid-active_r30_audit-off_20260824T234441Z,obs_68d0c91f749d4d8bb5f233760106ca9a,2026-08-24T23:44:42.045362+00:00,blockchain,valid_active,18,5,UAV-VALID,ACCEPTED,ACCEPTED,True,69000300,69.0003,73500,68476200,0,4500,332500,10700,0,0,,,,none,blockchain-valid_active_0,0,False,238,8,
n50-identities_c5-conc_mech-blockchain-1backend_valid-active_r30_audit-off_20260824T234441Z,obs_d0a0768909804fb1bb0b685ba4c034e2,2026-08-24T23:44:42.052877+00:00,blockchain,valid_active,19,5,UAV-VALID,ACCEPTED,ACCEPTED,True,80707200,80.7072,60100,80132700,0,5500,378500,10000,0,0,,,,none,blockchain-valid_active_1,0,False,238,8,
n50-identities_c5-conc_mech-blockchain-1backend_valid-active_r30_audit-off_20260824T234441Z,obs_e466de465e1f4213aaf6287649405256,2026-08-24T23:44:42.055490+00:00,blockchain,valid_active,17,5,UAV-VALID,ACCEPTED,ACCEPTED,True,91465400,91.4654,65200,90973600,0,5200,288000,14300,0,0,,,,none,blockchain-valid_active_4,0,False,239,8,
n50-identities_c5-conc_mech-blockchain-1backend_valid-active_r30_audit-off_20260824T234441Z,obs_a163d175262245ff979d4ddbaa976b66,2026-08-24T23:44:42.092113+00:00,blockchain,valid_active,16,5,UAV-VALID,ACCEPTED,ACCEPTED,True,123287300,123.2873,372900,122800300,0,5300,298900,6900,0,0,,,,none,blockchain-valid_active_2,0,False,239,8,
n50-identities_c5-conc_mech-blockchain-1backend_valid-active_r30_audit-off_20260824T234441Z,obs_6245f45f8bf147a88bc5ad34bd60fb9d,2026-08-24T23:44:42.139731+00:00,blockchain,valid_active,20,5,UAV-VALID,ACCEPTED,ACCEPTED,True,110713200,110.7132,72500,110288000,0,5100,252100,13400,0,0,,,,none,blockchain-valid_active_3,0,False,238,8,
n50-identities_c5-conc_mech-blockchain-1backend_valid-active_r30_audit-off_20260824T234441Z,obs_2667d1dd8b824cb3ade63dafed4b4eeb,2026-08-24T23:44:42.155193+00:00,blockchain,valid_active,21,5,UAV-VALID,ACCEPTED,ACCEPTED,True,62001300,62.0013,47100,61567700,0,4800,256700,6400,0,0,,,,none,blockchain-valid_active_0,0,False,240,8,
n50-identities_c5-conc_mech-blockchain-1backend_valid-active_r30_audit-off_20260824T234441Z,obs_9a4f0ed2303443faa255151b18a7df85,2026-08-24T23:44:42.168804+00:00,blockchain,valid_active,22,5,UAV-VALID,ACCEPTED,ACCEPTED,True,71435800,71.4358,41000,70926000,0,6400,292500,7000,0,0,,,,none,blockchain-valid_active_1,0,False,240,8,
n50-identities_c5-conc_mech-blockchain-1backend_valid-active_r30_audit-off_20260824T234441Z,obs_f0fd5a6f88c143098302972edc9c908e,2026-08-24T23:44:42.170906+00:00,blockchain,valid_active,23,5,UAV-VALID,ACCEPTED,ACCEPTED,True,74613700,74.6137,37600,74193700,0,4200,267200,7300,0,0,,,,none,blockchain-valid_active_4,0,False,238,8,
n50-identities_c5-conc_mech-blockchain-1backend_valid-active_r30_audit-off_20260824T234441Z,obs_491086bdc38f4947a40f28436f2a0801,2026-08-24T23:44:42.233564+00:00,blockchain,valid_active,24,5,UAV-VALID,ACCEPTED,ACCEPTED,True,97305300,97.3053,66400,96927900,0,4300,217600,6000,0,0,,,,none,blockchain-valid_active_2,0,False,240,8,
n50-identities_c5-conc_mech-blockchain-1backend_valid-active_r30_audit-off_20260824T234441Z,obs_d7efa2c89bb948aa9605a59010058353,2026-08-24T23:44:42.261288+00:00,blockchain,valid_active,28,5,UAV-VALID,ACCEPTED,ACCEPTED,True,55953200,55.9532,62000,55465400,0,4400,280800,9600,0,0,,,,none,blockchain-valid_active_4,0,False,239,8,
n50-identities_c5-conc_mech-blockchain-1backend_valid-active_r30_audit-off_20260824T234441Z,obs_9d7d5631a8984b30b0a5df5f9203196b,2026-08-24T23:44:42.264576+00:00,blockchain,valid_active,26,5,UAV-VALID,ACCEPTED,ACCEPTED,True,73929500,73.9295,55100,73535200,0,3500,246100,7700,0,0,,,,none,blockchain-valid_active_0,0,False,239,8,
n50-identities_c5-conc_mech-blockchain-1backend_valid-active_r30_audit-off_20260824T234441Z,obs_afb11e89cf0b400a8d79b6d1863f574c,2026-08-24T23:44:42.274754+00:00,blockchain,valid_active,27,5,UAV-VALID,ACCEPTED,ACCEPTED,True,66989100,66.9891,60100,66325500,0,4200,449300,9700,0,0,,,,none,blockchain-valid_active_1,0,False,239,8,
n50-identities_c5-conc_mech-blockchain-1backend_valid-active_r30_audit-off_20260824T234441Z,obs_9663a788255d4286b40645549f735447,2026-08-24T23:44:42.278175+00:00,blockchain,valid_active,25,5,UAV-VALID,ACCEPTED,ACCEPTED,True,89441100,89.4411,59300,89010400,0,4200,255300,6900,0,0,,,,none,blockchain-valid_active_3,0,False,239,8,
n50-identities_c5-conc_mech-blockchain-1backend_valid-active_r30_audit-off_20260824T234441Z,obs_d11b83588b664ebe959c4e0536fdcd58,2026-08-24T23:44:42.299756+00:00,blockchain,valid_active,29,5,UAV-VALID,ACCEPTED,ACCEPTED,True,33311000,33.311,47900,32860700,0,5200,281400,7400,0,0,,,,none,blockchain-valid_active_2,0,False,239,8,
n50-identities_c10-conc_mech-x509-1backend_valid-active_r30_audit-off_20260824T234443Z,obs_56810ddf328f44658efda72c63bb59e7,2026-08-24T23:44:43.643280+00:00,x509,valid_active,0,10,UAV-VALID,ACCEPTED,ACCEPTED,True,29906600,29.9066,77100,132500,29341600,0,271100,6900,0,0,,,,none,x509-valid_active_2,0,False,240,8,
n50-identities_c10-conc_mech-x509-1backend_valid-active_r30_audit-off_20260824T234443Z,obs_7c13b70450d049fe9f7b0bffbb3ad4ca,2026-08-24T23:44:43.643911+00:00,x509,valid_active,1,10,UAV-VALID,ACCEPTED,ACCEPTED,True,33215400,33.2154,40700,145700,32682600,0,238900,6000,0,0,,,,none,x509-valid_active_3,0,False,239,8,
n50-identities_c10-conc_mech-x509-1backend_valid-active_r30_audit-off_20260824T234443Z,obs_c7850e86f8db44c883e53ce1096079cb,2026-08-24T23:44:43.668388+00:00,x509,valid_active,0,10,UAV-VALID,ACCEPTED,ACCEPTED,True,52448600,52.4486,58400,98000,51919500,0,265300,7500,0,0,,,,none,x509-valid_active_0,0,True,239,8,
n50-identities_c10-conc_mech-x509-1backend_valid-active_r30_audit-off_20260824T234443Z,obs_359a9b7c01a643218d4b4529ee5478ab,2026-08-24T23:44:43.685737+00:00,x509,valid_active,2,10,UAV-VALID,ACCEPTED,ACCEPTED,True,68056800,68.0568,56200,99600,67504600,0,276900,8600,0,0,,,,none,x509-valid_active_4,0,False,238,8,
n50-identities_c10-conc_mech-x509-1backend_valid-active_r30_audit-off_20260824T234443Z,obs_b1a86c3db3de4f69bba4a4b8e2f4eb32,2026-08-24T23:44:43.688157+00:00,x509,valid_active,4,10,UAV-VALID,ACCEPTED,ACCEPTED,True,54197900,54.1979,80900,138100,53555800,0,325400,8800,0,0,,,,none,x509-valid_active_6,0,False,239,8,
n50-identities_c10-conc_mech-x509-1backend_valid-active_r30_audit-off_20260824T234443Z,obs_c5758e7d367044499a43d41654192b3f,2026-08-24T23:44:43.697541+00:00,x509,valid_active,1,10,UAV-VALID,ACCEPTED,ACCEPTED,True,80445300,80.4453,57300,107800,79966200,0,219700,24700,0,0,,,,none,x509-valid_active_1,0,True,239,8,
n50-identities_c10-conc_mech-x509-1backend_valid-active_r30_audit-off_20260824T234443Z,obs_a2e43c9f50ab4a4babb5b4d7db2ccd29,2026-08-24T23:44:43.709748+00:00,x509,valid_active,5,10,UAV-VALID,ACCEPTED,ACCEPTED,True,60561500,60.5615,64100,129600,59972000,0,276700,9100,0,0,,,,none,x509-valid_active_7,0,False,239,8,
n50-identities_c10-conc_mech-x509-1backend_valid-active_r30_audit-off_20260824T234443Z,obs_23411cda191548e19c3c2d04f4a756f3,2026-08-24T23:44:43.712056+00:00,x509,valid_active,3,10,UAV-VALID,ACCEPTED,ACCEPTED,True,57708100,57.7081,63500,138900,57144300,0,253900,7900,0,0,,,,none,x509-valid_active_5,0,False,239,8,
n50-identities_c10-conc_mech-x509-1backend_valid-active_r30_audit-off_20260824T234443Z,obs_1b06bd9cb69a46c697db91e2cdb48b7c,2026-08-24T23:44:43.726859+00:00,x509,valid_active,6,10,UAV-VALID,ACCEPTED,ACCEPTED,True,40440700,40.4407,63400,142900,39829700,0,285300,8600,0,0,,,,none,x509-valid_active_8,0,False,240,8,
n50-identities_c10-conc_mech-x509-1backend_valid-active_r30_audit-off_20260824T234443Z,obs_3f810f207bfa4aec9560cb56327bd32b,2026-08-24T23:44:43.735963+00:00,x509,valid_active,9,10,UAV-VALID,ACCEPTED,ACCEPTED,True,25782000,25.782,54200,106500,25217800,0,279900,7700,0,0,,,,none,x509-valid_active_3,0,False,238,8,
n50-identities_c10-conc_mech-x509-1backend_valid-active_r30_audit-off_20260824T234443Z,obs_aa85288ef8d44a189e39593f471c66b5,2026-08-24T23:44:43.750162+00:00,x509,valid_active,7,10,UAV-VALID,ACCEPTED,ACCEPTED,True,51699200,51.6992,61700,126500,51190200,0,227600,7300,0,0,,,,none,x509-valid_active_9,0,False,239,8,
n50-identities_c10-conc_mech-x509-1backend_valid-active_r30_audit-off_20260824T234443Z,obs_37da037c946641d98ed0d0f58e18ef6f,2026-08-24T23:44:43.758868+00:00,x509,valid_active,8,10,UAV-VALID,ACCEPTED,ACCEPTED,True,30496700,30.4967,51600,87900,29900200,0,329500,9700,0,0,,,,none,x509-valid_active_2,0,False,239,8,
n50-identities_c10-conc_mech-x509-1backend_valid-active_r30_audit-off_20260824T234443Z,obs_3e3f2be3da414fa587890408f00720da,2026-08-24T23:44:43.774540+00:00,x509,valid_active,12,10,UAV-VALID,ACCEPTED,ACCEPTED,True,36949100,36.9491,64600,188800,36388100,0,200400,5800,0,0,,,,none,x509-valid_active_6,0,False,239,8,
n50-identities_c10-conc_mech-x509-1backend_valid-active_r30_audit-off_20260824T234443Z,obs_6c42da8a82054002beb9da826b5f1b41,2026-08-24T23:44:43.786228+00:00,x509,valid_active,10,10,UAV-VALID,ACCEPTED,ACCEPTED,True,40308000,40.308,58300,87200,39906400,0,195500,4500,0,0,,,,none,x509-valid_active_0,0,False,238,8,
n50-identities_c10-conc_mech-x509-1backend_valid-active_r30_audit-off_20260824T234443Z,obs_dd2a8be993e34d7aa1bc592585528da6,2026-08-24T23:44:43.799498+00:00,x509,valid_active,14,10,UAV-VALID,ACCEPTED,ACCEPTED,True,31343400,31.3434,53700,119000,30779800,0,270500,6700,0,0,,,,none,x509-valid_active_7,0,False,239,8,
n50-identities_c10-conc_mech-x509-1backend_valid-active_r30_audit-off_20260824T234443Z,obs_d43f4a928d48481ca8c79aa3015889c7,2026-08-24T23:44:43.814149+00:00,x509,valid_active,17,10,UAV-VALID,ACCEPTED,ACCEPTED,True,18411000,18.411,50700,72900,18030400,0,192000,5000,0,0,,,,none,x509-valid_active_3,0,False,239,8,
n50-identities_c10-conc_mech-x509-1backend_valid-active_r30_audit-off_20260824T234443Z,obs_e91c23a6a4a14bf290556b79628e8d83,2026-08-24T23:44:43.814924+00:00,x509,valid_active,11,10,UAV-VALID,ACCEPTED,ACCEPTED,True,35885500,35.8855,68100,71600,35488200,0,201300,6000,0,0,,,,none,x509-valid_active_4,0,False,240,8,
n50-identities_c10-conc_mech-x509-1backend_valid-active_r30_audit-off_20260824T234443Z,obs_90c859f7246c49bf8592cd2604423e79,2026-08-24T23:44:43.820228+00:00,x509,valid_active,20,10,UAV-VALID,ACCEPTED,ACCEPTED,True,20368600,20.3686,56800,93900,19872700,0,242500,13800,0,0,,,,none,x509-valid_active_6,0,False,238,8,
n50-identities_c10-conc_mech-x509-1backend_valid-active_r30_audit-off_20260824T234443Z,obs_755fa06473284b5b870e8a8569b2947a,2026-08-24T23:44:43.820920+00:00,x509,valid_active,19,10,UAV-VALID,ACCEPTED,ACCEPTED,True,20034100,20.0341,56200,104200,19555300,0,226300,7200,0,0,,,,none,x509-valid_active_2,0,False,238,8,
n50-identities_c10-conc_mech-x509-1backend_valid-active_r30_audit-off_20260824T234443Z,obs_6589fcd50f894edfa8457e981366c2b5,2026-08-24T23:44:43.830626+00:00,x509,valid_active,16,10,UAV-VALID,ACCEPTED,ACCEPTED,True,45939800,45.9398,38100,109200,45388500,0,236300,43000,0,0,,,,none,x509-valid_active_8,0,False,240,8,
n50-identities_c10-conc_mech-x509-1backend_valid-active_r30_audit-off_20260824T234443Z,obs_60a160b71f114b00a173cc405c3e7a34,2026-08-24T23:44:43.834629+00:00,x509,valid_active,15,10,UAV-VALID,ACCEPTED,ACCEPTED,True,42993800,42.9938,41900,80900,42415000,0,335700,9000,0,0,,,,none,x509-valid_active_5,0,False,239,8,
n50-identities_c10-conc_mech-x509-1backend_valid-active_r30_audit-off_20260824T234443Z,obs_369c1cf6e29e44f78bdc60caca9574d0,2026-08-24T23:44:43.836098+00:00,x509,valid_active,13,10,UAV-VALID,ACCEPTED,ACCEPTED,True,56498300,56.4983,36900,70600,56073900,0,226200,5200,0,0,,,,none,x509-valid_active_1,0,False,239,8,
n50-identities_c10-conc_mech-x509-1backend_valid-active_r30_audit-off_20260824T234443Z,obs_84ec43cb6ad64923af50d51b3adc5dea,2026-08-24T23:44:43.877082+00:00,x509,valid_active,18,10,UAV-VALID,ACCEPTED,ACCEPTED,True,54571200,54.5712,47700,113800,54170100,0,162000,8200,0,0,,,,none,x509-valid_active_9,0,False,240,8,
n50-identities_c10-conc_mech-x509-1backend_valid-active_r30_audit-off_20260824T234443Z,obs_c8ea7d91d3a34588833756625b8a1e55,2026-08-24T23:44:43.879024+00:00,x509,valid_active,23,10,UAV-VALID,ACCEPTED,ACCEPTED,True,17796400,17.7964,60400,98500,17419500,0,167300,3900,0,0,,,,none,x509-valid_active_3,0,False,239,8,
n50-identities_c10-conc_mech-x509-1backend_valid-active_r30_audit-off_20260824T234443Z,obs_5ca850315c564124ae55b0b637cacb5a,2026-08-24T23:44:43.879649+00:00,x509,valid_active,21,10,UAV-VALID,ACCEPTED,ACCEPTED,True,22168700,22.1687,33000,93200,21820100,0,158300,4600,0,0,,,,none,x509-valid_active_0,0,False,239,8,
n50-identities_c10-conc_mech-x509-1backend_valid-active_r30_audit-off_20260824T234443Z,obs_ffeba6b5fb8042839e1733bdd0bf3ac9,2026-08-24T23:44:43.880467+00:00,x509,valid_active,22,10,UAV-VALID,ACCEPTED,ACCEPTED,True,25389700,25.3897,39000,77100,25097800,0,133500,3500,0,0,,,,none,x509-valid_active_7,0,False,239,8,
n50-identities_c10-conc_mech-x509-1backend_valid-active_r30_audit-off_20260824T234443Z,obs_94142eca7c6a4f16a0154dbcccfabd6f,2026-08-24T23:44:43.884747+00:00,x509,valid_active,25,10,UAV-VALID,ACCEPTED,ACCEPTED,True,11406500,11.4065,51000,76400,10571100,0,539600,7100,0,0,,,,none,x509-valid_active_6,0,False,240,8,
n50-identities_c10-conc_mech-x509-1backend_valid-active_r30_audit-off_20260824T234443Z,obs_a2a3e9ec98db41f79041b9e03f8dd5fb,2026-08-24T23:44:43.887123+00:00,x509,valid_active,24,10,UAV-VALID,ACCEPTED,ACCEPTED,True,13292000,13.292,34400,246000,12706300,0,206400,19600,0,0,,,,none,x509-valid_active_4,0,False,240,8,
n50-identities_c10-conc_mech-x509-1backend_valid-active_r30_audit-off_20260824T234443Z,obs_bffb9665fa1749db865e338f1f57af07,2026-08-24T23:44:43.889394+00:00,x509,valid_active,26,10,UAV-VALID,ACCEPTED,ACCEPTED,True,7919900,7.9199,32800,54500,7548500,0,207000,7100,0,0,,,,none,x509-valid_active_2,0,False,238,8,
n50-identities_c10-conc_mech-x509-1backend_valid-active_r30_audit-off_20260824T234443Z,obs_5907964d996b4ab989571f3d470bc8e7,2026-08-24T23:44:43.889949+00:00,x509,valid_active,29,10,UAV-VALID,ACCEPTED,ACCEPTED,True,8138600,8.1386,42800,69000,7824200,0,153200,3800,0,0,,,,none,x509-valid_active_1,0,False,239,8,
n50-identities_c10-conc_mech-x509-1backend_valid-active_r30_audit-off_20260824T234443Z,obs_5893dd418c814208978c9b9e5dc2a5f5,2026-08-24T23:44:43.890820+00:00,x509,valid_active,27,10,UAV-VALID,ACCEPTED,ACCEPTED,True,10815400,10.8154,51600,55300,10509000,0,157700,3600,0,0,,,,none,x509-valid_active_8,0,False,240,8,
n50-identities_c10-conc_mech-x509-1backend_valid-active_r30_audit-off_20260824T234443Z,obs_ca465348a628407799771cf415efff37,2026-08-24T23:44:43.891377+00:00,x509,valid_active,28,10,UAV-VALID,ACCEPTED,ACCEPTED,True,8044100,8.0441,22400,78100,7736700,0,135100,3400,0,0,,,,none,x509-valid_active_5,0,False,238,8,
n50-identities_c10-conc_mech-blockchain-1backend_valid-active_r30_audit-off_20260824T234445Z,obs_8debfcb3e44546879031a4cc9fed48bf,2026-08-24T23:44:45.791599+00:00,blockchain,valid_active,0,10,UAV-VALID,ACCEPTED,ACCEPTED,True,155529000,155.529,46900,155013600,0,6200,331500,9900,0,0,,,,none,blockchain-valid_active_0,0,True,240,8,
n50-identities_c10-conc_mech-blockchain-1backend_valid-active_r30_audit-off_20260824T234445Z,obs_132afd969b6e450b89a1333ecc0020f3,2026-08-24T23:44:45.813845+00:00,blockchain,valid_active,5,10,UAV-VALID,ACCEPTED,ACCEPTED,True,103958700,103.9587,68700,103596300,0,4000,224400,5700,0,0,,,,none,blockchain-valid_active_7,0,False,238,8,
n50-identities_c10-conc_mech-blockchain-1backend_valid-active_r30_audit-off_20260824T234445Z,obs_8d4619fe55eb4847b9bdbe4dd811cf9f,2026-08-24T23:44:45.819027+00:00,blockchain,valid_active,1,10,UAV-VALID,ACCEPTED,ACCEPTED,True,152806200,152.8062,54600,152219500,0,5400,393200,10200,0,0,,,,none,blockchain-valid_active_3,0,False,238,8,
n50-identities_c10-conc_mech-blockchain-1backend_valid-active_r30_audit-off_20260824T234445Z,obs_d801fbafeb7f4faea5a3f1907150be40,2026-08-24T23:44:45.839854+00:00,blockchain,valid_active,2,10,UAV-VALID,ACCEPTED,ACCEPTED,True,170021400,170.0214,72200,169405900,0,6400,323100,9300,0,0,,,,none,blockchain-valid_active_4,0,False,239,8,
n50-identities_c10-conc_mech-blockchain-1backend_valid-active_r30_audit-off_20260824T234445Z,obs_f26cbb9c2c6b4f14acd6805c413e20cf,2026-08-24T23:44:45.871357+00:00,blockchain,valid_active,6,10,UAV-VALID,ACCEPTED,ACCEPTED,True,151524800,151.5248,62000,150822700,0,10300,389600,10700,0,0,,,,none,blockchain-valid_active_8,0,False,238,8,
n50-identities_c10-conc_mech-blockchain-1backend_valid-active_r30_audit-off_20260824T234445Z,obs_9df2f9a4f253488885af5f02165d9110,2026-08-24T23:44:45.914421+00:00,blockchain,valid_active,1,10,UAV-VALID,ACCEPTED,ACCEPTED,True,263618900,263.6189,64300,263181000,0,5600,259100,9300,0,0,,,,none,blockchain-valid_active_1,0,True,238,8,
n50-identities_c10-conc_mech-blockchain-1backend_valid-active_r30_audit-off_20260824T234445Z,obs_2d04bc1cf37a4a2796de66d789d9e4c9,2026-08-24T23:44:45.923661+00:00,blockchain,valid_active,4,10,UAV-VALID,ACCEPTED,ACCEPTED,True,230233800,230.2338,51200,226618600,0,6800,3319600,17800,0,0,,,,none,blockchain-valid_active_6,0,False,240,8,
n50-identities_c10-conc_mech-blockchain-1backend_valid-active_r30_audit-off_20260824T234445Z,obs_21b883eacf6746e68306d3c0d5e8402b,2026-08-24T23:44:45.928353+00:00,blockchain,valid_active,0,10,UAV-VALID,ACCEPTED,ACCEPTED,True,274555200,274.5552,60500,274080700,0,5200,288600,8600,0,0,,,,none,blockchain-valid_active_2,0,False,239,8,
n50-identities_c10-conc_mech-blockchain-1backend_valid-active_r30_audit-off_20260824T234445Z,obs_b7b54eb7eda44194841e72c60e173665,2026-08-24T23:44:45.958462+00:00,blockchain,valid_active,3,10,UAV-VALID,ACCEPTED,ACCEPTED,True,222567800,222.5678,62800,222076200,0,6200,290600,8600,0,0,,,,none,blockchain-valid_active_5,0,False,240,8,
n50-identities_c10-conc_mech-blockchain-1backend_valid-active_r30_audit-off_20260824T234445Z,obs_eb68885e48ff49c9a5c64729a1eda3a7,2026-08-24T23:44:46.011036+00:00,blockchain,valid_active,8,10,UAV-VALID,ACCEPTED,ACCEPTED,True,165429000,165.429,60200,164961800,0,5800,295300,9100,0,0,,,,none,blockchain-valid_active_0,0,False,238,8,
n50-identities_c10-conc_mech-blockchain-1backend_valid-active_r30_audit-off_20260824T234445Z,obs_0ec418546283447c9efbf8f4d147a28c,2026-08-24T23:44:46.032140+00:00,blockchain,valid_active,9,10,UAV-VALID,ACCEPTED,ACCEPTED,True,175269000,175.269,72000,174768600,0,7400,307500,9000,0,0,,,,none,blockchain-valid_active_7,0,False,240,8,
n50-identities_c10-conc_mech-blockchain-1backend_valid-active_r30_audit-off_20260824T234445Z,obs_291083e91d704bab8598526e6fd05e17,2026-08-24T23:44:46.074055+00:00,blockchain,valid_active,11,10,UAV-VALID,ACCEPTED,ACCEPTED,True,172987300,172.9873,61900,172427000,0,6600,354600,9900,0,0,,,,none,blockchain-valid_active_4,0,False,239,8,
n50-identities_c10-conc_mech-blockchain-1backend_valid-active_r30_audit-off_20260824T234445Z,obs_780ba33c210a41169194f279a8d60f31,2026-08-24T23:44:46.078939+00:00,blockchain,valid_active,7,10,UAV-VALID,ACCEPTED,ACCEPTED,True,303325300,303.3253,72300,302633100,0,5200,493300,9500,0,0,,,,none,blockchain-valid_active_9,0,False,239,8,
n50-identities_c10-conc_mech-blockchain-1backend_valid-active_r30_audit-off_20260824T234445Z,obs_794f7858bf774c8c9fc4769189f86d1e,2026-08-24T23:44:46.081786+00:00,blockchain,valid_active,10,10,UAV-VALID,ACCEPTED,ACCEPTED,True,193853200,193.8532,69400,193402400,0,4400,259400,8400,0,0,,,,none,blockchain-valid_active_3,0,False,240,8,
n50-identities_c10-conc_mech-blockchain-1backend_valid-active_r30_audit-off_20260824T234445Z,obs_3354b2b1cb754112a74d6cdd810d6f78,2026-08-24T23:44:46.156884+00:00,blockchain,valid_active,12,10,UAV-VALID,ACCEPTED,ACCEPTED,True,202007200,202.0072,60400,201364600,0,5300,464500,10000,0,0,,,,none,blockchain-valid_active_8,0,False,240,8,
n50-identities_c10-conc_mech-blockchain-1backend_valid-active_r30_audit-off_20260824T234445Z,obs_aaad0a4285db43c5ad392fa5845a9620,2026-08-24T23:44:46.237772+00:00,blockchain,valid_active,14,10,UAV-VALID,ACCEPTED,ACCEPTED,True,229314600,229.3146,52700,228673900,0,6300,450800,10300,0,0,,,,none,blockchain-valid_active_6,0,False,238,8,
n50-identities_c10-conc_mech-blockchain-1backend_valid-active_r30_audit-off_20260824T234445Z,obs_e0294103a0c84981a2f4e5be7c043039,2026-08-24T23:44:46.245440+00:00,blockchain,valid_active,18,10,UAV-VALID,ACCEPTED,ACCEPTED,True,169425000,169.425,62000,168597200,0,6900,620900,9700,0,0,,,,none,blockchain-valid_active_7,0,False,239,8,
n50-identities_c10-conc_mech-blockchain-1backend_valid-active_r30_audit-off_20260824T234445Z,obs_d71fa3f27c654385876186d3b2b4f57b,2026-08-24T23:44:46.261112+00:00,blockchain,valid_active,15,10,UAV-VALID,ACCEPTED,ACCEPTED,True,248708100,248.7081,66500,248239300,0,5800,280800,9500,0,0,,,,none,blockchain-valid_active_2,0,False,239,8,
n50-identities_c10-conc_mech-blockchain-1backend_valid-active_r30_audit-off_20260824T234445Z,obs_3fa017917d5e49d58a58bb7fef493e46,2026-08-24T23:44:46.284722+00:00,blockchain,valid_active,13,10,UAV-VALID,ACCEPTED,ACCEPTED,True,258422200,258.4222,134900,257669700,0,13200,387100,8800,0,0,,,,none,blockchain-valid_active_1,0,False,239,8,
n50-identities_c10-conc_mech-blockchain-1backend_valid-active_r30_audit-off_20260824T234445Z,obs_9bcd7484332a4421b00de63fe759e1e8,2026-08-24T23:44:46.293604+00:00,blockchain,valid_active,19,10,UAV-VALID,ACCEPTED,ACCEPTED,True,129388400,129.3884,55800,128438500,0,10800,617600,10300,0,0,,,,none,blockchain-valid_active_4,0,False,239,8,
n50-identities_c10-conc_mech-blockchain-1backend_valid-active_r30_audit-off_20260824T234445Z,obs_37b9ce84ce434c94a2f63fef38bc8ad3,2026-08-24T23:44:46.302046+00:00,blockchain,valid_active,17,10,UAV-VALID,ACCEPTED,ACCEPTED,True,171362600,171.3626,79900,169902600,0,6100,961200,53200,0,0,,,,none,blockchain-valid_active_0,0,False,240,8,
n50-identities_c10-conc_mech-blockchain-1backend_valid-active_r30_audit-off_20260824T234445Z,obs_6685fc539c1a4e7abf90ea267d21fbb9,2026-08-24T23:44:46.342139+00:00,blockchain,valid_active,21,10,UAV-VALID,ACCEPTED,ACCEPTED,True,154139100,154.1391,63600,153721000,0,5300,248000,7800,0,0,,,,none,blockchain-valid_active_3,0,False,240,8,
n50-identities_c10-conc_mech-blockchain-1backend_valid-active_r30_audit-off_20260824T234445Z,obs_57ac759bd11541479a1e445d8ab9cdfb,2026-08-24T23:44:46.360038+00:00,blockchain,valid_active,16,10,UAV-VALID,ACCEPTED,ACCEPTED,True,276721400,276.7214,85600,276353900,0,4100,217800,6800,0,0,,,,none,blockchain-valid_active_5,0,False,239,8,
n50-identities_c10-conc_mech-blockchain-1backend_valid-active_r30_audit-off_20260824T234445Z,obs_022eaa39a880441cb62f2555769ce1fa,2026-08-24T23:44:46.375972+00:00,blockchain,valid_active,20,10,UAV-VALID,ACCEPTED,ACCEPTED,True,195177000,195.177,53700,194768400,0,4600,255900,9500,0,0,,,,none,blockchain-valid_active_9,0,False,240,8,
n50-identities_c10-conc_mech-blockchain-1backend_valid-active_r30_audit-off_20260824T234445Z,obs_6a94c5b42a8e45758bd5eae331037ca4,2026-08-24T23:44:46.397482+00:00,blockchain,valid_active,22,10,UAV-VALID,ACCEPTED,ACCEPTED,True,141951700,141.9517,81600,141493200,0,4600,275500,7000,0,0,,,,none,blockchain-valid_active_8,0,False,239,8,
n50-identities_c10-conc_mech-blockchain-1backend_valid-active_r30_audit-off_20260824T234445Z,obs_0bfd7b1ec04a42a1a1e1419dacf1478b,2026-08-24T23:44:46.425131+00:00,blockchain,valid_active,24,10,UAV-VALID,ACCEPTED,ACCEPTED,True,109813700,109.8137,57600,109324600,0,6500,302500,9200,0,0,,,,none,blockchain-valid_active_7,0,False,240,8,
n50-identities_c10-conc_mech-blockchain-1backend_valid-active_r30_audit-off_20260824T234445Z,obs_8040835292b64bc2abd04c935b52a1dd,2026-08-24T23:44:46.448717+00:00,blockchain,valid_active,23,10,UAV-VALID,ACCEPTED,ACCEPTED,True,121554800,121.5548,42000,121156900,0,5900,259600,6200,0,0,,,,none,blockchain-valid_active_6,0,False,238,8,
n50-identities_c10-conc_mech-blockchain-1backend_valid-active_r30_audit-off_20260824T234445Z,obs_8dff61164cc14722bb68a737184736dc,2026-08-24T23:44:46.458158+00:00,blockchain,valid_active,27,10,UAV-VALID,ACCEPTED,ACCEPTED,True,96124900,96.1249,50000,95760700,0,4800,216400,8600,0,0,,,,none,blockchain-valid_active_4,0,False,238,8,
n50-identities_c10-conc_mech-blockchain-1backend_valid-active_r30_audit-off_20260824T234445Z,obs_bd82d62129ab48798705a52d6e58662a,2026-08-24T23:44:46.461035+00:00,blockchain,valid_active,28,10,UAV-VALID,ACCEPTED,ACCEPTED,True,103102600,103.1026,53900,102669500,0,6200,259200,8000,0,0,,,,none,blockchain-valid_active_0,0,False,240,8,
n50-identities_c10-conc_mech-blockchain-1backend_valid-active_r30_audit-off_20260824T234445Z,obs_210ae164df074795ad2443d5359cd647,2026-08-24T23:44:46.469770+00:00,blockchain,valid_active,26,10,UAV-VALID,ACCEPTED,ACCEPTED,True,88400900,88.4009,54200,87950200,0,6400,276500,7800,0,0,,,,none,blockchain-valid_active_1,0,False,239,8,
n50-identities_c10-conc_mech-blockchain-1backend_valid-active_r30_audit-off_20260824T234445Z,obs_5380229c9fd241c5ba8012922a5d1ef0,2026-08-24T23:44:46.476065+00:00,blockchain,valid_active,29,10,UAV-VALID,ACCEPTED,ACCEPTED,True,81522700,81.5227,51000,81031500,0,5500,266200,8100,0,0,,,,none,blockchain-valid_active_3,0,False,239,8,
n50-identities_c10-conc_mech-blockchain-1backend_valid-active_r30_audit-off_20260824T234445Z,obs_d25c24fcac69478782ad5bd0d982ac3d,2026-08-24T23:44:46.479136+00:00,blockchain,valid_active,25,10,UAV-VALID,ACCEPTED,ACCEPTED,True,107488300,107.4883,60300,107158000,0,3300,196700,5600,0,0,,,,none,blockchain-valid_active_2,0,False,238,8,
n50-identities_c25-conc_mech-x509-1backend_valid-active_r30_audit-off_20260824T234447Z,obs_dde5bf0f72134710a1fb121fd01b7c05,2026-08-24T23:44:48.051184+00:00,x509,valid_active,3,25,UAV-VALID,ACCEPTED,ACCEPTED,True,76174300,76.1743,34200,117700,75452900,0,405900,18400,0,0,,,,none,x509-valid_active_5,0,False,239,8,
n50-identities_c25-conc_mech-x509-1backend_valid-active_r30_audit-off_20260824T234447Z,obs_fc1ba4d7e9d240e48ef40597036b399d,2026-08-24T23:44:48.020365+00:00,x509,valid_active,1,25,UAV-VALID,ACCEPTED,ACCEPTED,True,57627200,57.6272,49400,95500,57095100,0,258100,8200,0,0,,,,none,x509-valid_active_1,0,True,240,8,
n50-identities_c25-conc_mech-x509-1backend_valid-active_r30_audit-off_20260824T234447Z,obs_1c1d770244e94bddae770a0d3989cf53,2026-08-24T23:44:47.974625+00:00,x509,valid_active,0,25,UAV-VALID,ACCEPTED,ACCEPTED,True,39819900,39.8199,44900,105400,39240700,0,292500,8600,0,0,,,,none,x509-valid_active_0,0,True,238,8,
n50-identities_c25-conc_mech-x509-1backend_valid-active_r30_audit-off_20260824T234447Z,obs_71c3901794184503aedcc5e92e5eb38c,2026-08-24T23:44:48.077317+00:00,x509,valid_active,7,25,UAV-VALID,ACCEPTED,ACCEPTED,True,46953400,46.9534,48900,130700,46521500,0,179900,4500,0,0,,,,none,x509-valid_active_9,0,False,239,8,
n50-identities_c25-conc_mech-x509-1backend_valid-active_r30_audit-off_20260824T234447Z,obs_0576a126398f40e79a5120def785ccd5,2026-08-24T23:44:48.114703+00:00,x509,valid_active,0,25,UAV-VALID,ACCEPTED,ACCEPTED,True,119703800,119.7038,43500,109900,119243400,0,212200,5600,0,0,,,,none,x509-valid_active_2,0,False,240,8,
n50-identities_c25-conc_mech-x509-1backend_valid-active_r30_audit-off_20260824T234447Z,obs_6859a2eff49148dd8c5d90e712d37a8c,2026-08-24T23:44:48.070967+00:00,x509,valid_active,4,25,UAV-VALID,ACCEPTED,ACCEPTED,True,62866900,62.8669,52400,100800,62119500,0,295400,11600,0,0,,,,none,x509-valid_active_6,0,False,240,8,
n50-identities_c25-conc_mech-x509-1backend_valid-active_r30_audit-off_20260824T234447Z,obs_bb90b562d0e74752b935383bb93f08e5,2026-08-24T23:44:48.079251+00:00,x509,valid_active,1,25,UAV-VALID,ACCEPTED,ACCEPTED,True,89467600,89.4676,51200,75100,89130600,0,171400,3500,0,0,,,,none,x509-valid_active_3,0,False,239,8,
n50-identities_c25-conc_mech-x509-1backend_valid-active_r30_audit-off_20260824T234447Z,obs_94889b4a72bf4856b5d92ad5457cf77c,2026-08-24T23:44:48.073087+00:00,x509,valid_active,2,25,UAV-VALID,ACCEPTED,ACCEPTED,True,81758600,81.7586,48700,80000,81427100,0,152500,4300,0,0,,,,none,x509-valid_active_4,0,False,239,8,
n50-identities_c25-conc_mech-x509-1backend_valid-active_r30_audit-off_20260824T234447Z,obs_f785aad0678f48b8a64dfa92afce22a3,2026-08-24T23:44:48.134202+00:00,x509,valid_active,8,25,UAV-VALID,ACCEPTED,ACCEPTED,True,101532200,101.5322,36200,85600,100901100,0,376900,10100,0,0,,,,none,x509-valid_active_10,0,False,239,8,
n50-identities_c25-conc_mech-x509-1backend_valid-active_r30_audit-off_20260824T234447Z,obs_bbc3c58e1abd4885be7b7de68989c409,2026-08-24T23:44:48.145446+00:00,x509,valid_active,6,25,UAV-VALID,ACCEPTED,ACCEPTED,True,114183900,114.1839,44300,102400,113618200,0,275600,8000,0,0,,,,none,x509-valid_active_8,0,False,238,8,
n50-identities_c25-conc_mech-x509-1backend_valid-active_r30_audit-off_20260824T234447Z,obs_4fda1f51fd3144228227b449731e9da1,2026-08-24T23:44:48.159765+00:00,x509,valid_active,10,25,UAV-VALID,ACCEPTED,ACCEPTED,True,87363000,87.363,70200,107500,86829600,0,253400,8500,0,0,,,,none,x509-valid_active_12,0,False,240,8,
n50-identities_c25-conc_mech-x509-1backend_valid-active_r30_audit-off_20260824T234447Z,obs_94e6e30a0ccf4da7b62890aa57cd76a7,2026-08-24T23:44:48.179432+00:00,x509,valid_active,12,25,UAV-VALID,ACCEPTED,ACCEPTED,True,114293800,114.2938,44800,135800,113753400,0,242900,7200,0,0,,,,none,x509-valid_active_13,0,False,240,8,
n50-identities_c25-conc_mech-x509-1backend_valid-active_r30_audit-off_20260824T234447Z,obs_287438a6d05d45a1b1ff9aeb076b7155,2026-08-24T23:44:48.206078+00:00,x509,valid_active,11,25,UAV-VALID,ACCEPTED,ACCEPTED,True,131925700,131.9257,59500,66600,131250400,0,436700,9200,0,0,,,,none,x509-valid_active_0,0,False,239,8,
n50-identities_c25-conc_mech-x509-1backend_valid-active_r30_audit-off_20260824T234447Z,obs_de0af33a674c492fb7d321802d256b7f,2026-08-24T23:44:48.207427+00:00,x509,valid_active,16,25,UAV-VALID,ACCEPTED,ACCEPTED,True,75062100,75.0621,67800,117900,74473100,0,285300,9800,0,0,,,,none,x509-valid_active_1,0,False,238,8,
n50-identities_c25-conc_mech-x509-1backend_valid-active_r30_audit-off_20260824T234447Z,obs_f33ddf847b454224a31ad157a3125398,2026-08-24T23:44:48.212607+00:00,x509,valid_active,15,25,UAV-VALID,ACCEPTED,ACCEPTED,True,105762900,105.7629,46900,122400,105319900,0,198600,6200,0,0,,,,none,x509-valid_active_16,0,False,240,8,
n50-identities_c25-conc_mech-x509-1backend_valid-active_r30_audit-off_20260824T234447Z,obs_d1c0f2824c65408cab024cdef5ea039e,2026-08-24T23:44:48.213846+00:00,x509,valid_active,5,25,UAV-VALID,ACCEPTED,ACCEPTED,True,175820600,175.8206,43100,112300,175437700,0,163400,4900,0,0,,,,none,x509-valid_active_7,0,False,239,8,
n50-identities_c25-conc_mech-x509-1backend_valid-active_r30_audit-off_20260824T234447Z,obs_67c01aa48e5a4648bc2ec0dcc6743cef,2026-08-24T23:44:48.215045+00:00,x509,valid_active,9,25,UAV-VALID,ACCEPTED,ACCEPTED,True,76469100,76.4691,39800,131400,76058400,0,158200,4000,0,0,,,,none,x509-valid_active_11,0,False,239,8,
n50-identities_c25-conc_mech-x509-1backend_valid-active_r30_audit-off_20260824T234447Z,obs_2d3b3724a9484e208557d8c3164cd0c5,2026-08-24T23:44:48.222526+00:00,x509,valid_active,17,25,UAV-VALID,ACCEPTED,ACCEPTED,True,41384200,41.3842,49100,115600,40947300,0,189100,5700,0,0,,,,none,x509-valid_active_17,0,False,239,8,
n50-identities_c25-conc_mech-x509-1backend_valid-active_r30_audit-off_20260824T234447Z,obs_aecb99a3fa804a25815de40b05c33953,2026-08-24T23:44:48.227218+00:00,x509,valid_active,23,25,UAV-VALID,ACCEPTED,ACCEPTED,True,48848300,48.8483,54300,144700,48351500,0,202600,4700,0,0,,,,none,x509-valid_active_20,0,False,239,8,
n50-identities_c25-conc_mech-x509-1backend_valid-active_r30_audit-off_20260824T234447Z,obs_af48d6b4fe524d7d82c453bd4f2765d0,2026-08-24T23:44:48.229521+00:00,x509,valid_active,13,25,UAV-VALID,ACCEPTED,ACCEPTED,True,35983100,35.9831,60900,115600,35566600,0,175500,5000,0,0,,,,none,x509-valid_active_14,0,False,238,8,
n50-identities_c25-conc_mech-x509-1backend_valid-active_r30_audit-off_20260824T234447Z,obs_51f5e95982ff4f62bab9427596e30773,2026-08-24T23:44:48.230784+00:00,x509,valid_active,24,25,UAV-VALID,ACCEPTED,ACCEPTED,True,39584600,39.5846,198200,108800,39199800,0,158700,3800,0,0,,,,none,x509-valid_active_9,0,False,240,8,
n50-identities_c25-conc_mech-x509-1backend_valid-active_r30_audit-off_20260824T234447Z,obs_bc5459778c794c42ba61a4d7744011e4,2026-08-24T23:44:48.238527+00:00,x509,valid_active,14,25,UAV-VALID,ACCEPTED,ACCEPTED,True,41773200,41.7732,48100,98300,41290600,0,248400,6700,0,0,,,,none,x509-valid_active_15,0,False,239,8,
n50-identities_c25-conc_mech-x509-1backend_valid-active_r30_audit-off_20260824T234447Z,obs_a83e976c37aa4727b23d048def3c1f6f,2026-08-24T23:44:48.240533+00:00,x509,valid_active,19,25,UAV-VALID,ACCEPTED,ACCEPTED,True,27450900,27.4509,60200,74900,27018300,0,230400,6700,0,0,,,,none,x509-valid_active_5,0,False,239,8,
n50-identities_c25-conc_mech-x509-1backend_valid-active_r30_audit-off_20260824T234447Z,obs_77b2d0e6dcdd4432afdd4ef1964e2739,2026-08-24T23:44:48.241500+00:00,x509,valid_active,18,25,UAV-VALID,ACCEPTED,ACCEPTED,True,44169600,44.1696,51400,79900,43748400,0,219900,5900,0,0,,,,none,x509-valid_active_18,0,False,239,8,
n50-identities_c25-conc_mech-x509-1backend_valid-active_r30_audit-off_20260824T234447Z,obs_003bc838694f461eb3dcbe7069fb9da5,2026-08-24T23:44:48.243046+00:00,x509,valid_active,21,25,UAV-VALID,ACCEPTED,ACCEPTED,True,34018400,34.0184,48500,100100,33547600,0,222000,6500,0,0,,,,none,x509-valid_active_6,0,False,240,8,
n50-identities_c25-conc_mech-x509-1backend_valid-active_r30_audit-off_20260824T234447Z,obs_860b8186a4984a1894541991178fe05c,2026-08-24T23:44:48.243561+00:00,x509,valid_active,26,25,UAV-VALID,ACCEPTED,ACCEPTED,True,27372100,27.3721,48800,92200,26963300,0,198500,5400,0,0,,,,none,x509-valid_active_21,0,False,240,8,
n50-identities_c25-conc_mech-x509-1backend_valid-active_r30_audit-off_20260824T234447Z,obs_7cf587e5374146c99ccc2d4909e0b7c6,2026-08-24T23:44:48.244192+00:00,x509,valid_active,25,25,UAV-VALID,ACCEPTED,ACCEPTED,True,32993800,32.9938,43900,72700,32607500,0,196200,5300,0,0,,,,none,x509-valid_active_3,0,False,239,8,
n50-identities_c25-conc_mech-x509-1backend_valid-active_r30_audit-off_20260824T234447Z,obs_e184122c0edb493db4bc11664415d0c3,2026-08-24T23:44:48.244727+00:00,x509,valid_active,22,25,UAV-VALID,ACCEPTED,ACCEPTED,True,34212600,34.2126,68500,83700,33810800,0,196100,5800,0,0,,,,none,x509-valid_active_4,0,False,240,8,
n50-identities_c25-conc_mech-x509-1backend_valid-active_r30_audit-off_20260824T234447Z,obs_dfacf5a5bacc44e18beb15b72b80b8af,2026-08-24T23:44:48.245871+00:00,x509,valid_active,20,25,UAV-VALID,ACCEPTED,ACCEPTED,True,30222600,30.2226,51400,76100,29827400,0,206700,5500,0,0,,,,none,x509-valid_active_19,0,False,239,8,
n50-identities_c25-conc_mech-x509-1backend_valid-active_r30_audit-off_20260824T234447Z,obs_00e13cdc75bf4913a91a8ca9b77e8247,2026-08-24T23:44:48.246466+00:00,x509,valid_active,27,25,UAV-VALID,ACCEPTED,ACCEPTED,True,26862700,26.8627,46400,179600,26051300,0,179100,5800,0,0,,,,none,x509-valid_active_22,0,False,239,8,
n50-identities_c25-conc_mech-x509-1backend_valid-active_r30_audit-off_20260824T234447Z,obs_d4c9052b893d4ccabd80656f900484f4,2026-08-24T23:44:48.248057+00:00,x509,valid_active,28,25,UAV-VALID,ACCEPTED,ACCEPTED,True,18188100,18.1881,66200,87900,17798000,0,180800,4600,0,0,,,,none,x509-valid_active_23,0,False,240,8,
n50-identities_c25-conc_mech-x509-1backend_valid-active_r30_audit-off_20260824T234447Z,obs_82422b796342476990c3a746fe0d39f9,2026-08-24T23:44:48.250287+00:00,x509,valid_active,29,25,UAV-VALID,ACCEPTED,ACCEPTED,True,5167500,5.1675,34000,82600,4680200,0,253200,6700,0,0,,,,none,x509-valid_active_2,0,False,238,8,
n50-identities_c25-conc_mech-blockchain-1backend_valid-active_r30_audit-off_20260824T234855Z,obs_f336cb59ef86461fa530c259f332be65,2026-08-24T23:48:56.838831+00:00,blockchain,valid_active,15,25,UAV-VALID,ACCEPTED,ACCEPTED,True,194968100,194.9681,49200,194510900,0,20600,244900,10400,0,0,,,,none,blockchain-valid_active_17,0,False,239,8,
n50-identities_c25-conc_mech-blockchain-1backend_valid-active_r30_audit-off_20260824T234855Z,obs_238b6528c14a45de8ae1bec525570f97,2026-08-24T23:48:56.841568+00:00,blockchain,valid_active,12,25,UAV-VALID,ACCEPTED,ACCEPTED,True,200820800,200.8208,117700,200436600,0,6600,238600,7400,0,0,,,,none,blockchain-valid_active_14,0,False,238,8,
n50-identities_c25-conc_mech-blockchain-1backend_valid-active_r30_audit-off_20260824T234855Z,obs_b0dbab41afae42edafda32c4dc3e7d54,2026-08-24T23:48:56.843464+00:00,blockchain,valid_active,4,25,UAV-VALID,ACCEPTED,ACCEPTED,True,207037900,207.0379,53200,206382300,0,20400,456800,8400,0,0,,,,none,blockchain-valid_active_6,0,False,239,8,
n50-identities_c25-conc_mech-blockchain-1backend_valid-active_r30_audit-off_20260824T234855Z,obs_34a19f1ce95d4db680340fc71c259844,2026-08-24T23:48:56.846239+00:00,blockchain,valid_active,11,25,UAV-VALID,ACCEPTED,ACCEPTED,True,205092200,205.0922,52900,204721900,0,4000,242000,6700,0,0,,,,none,blockchain-valid_active_13,0,False,239,8,
n50-identities_c25-conc_mech-blockchain-1backend_valid-active_r30_audit-off_20260824T234855Z,obs_a0eb4b5c2da943998b8d5e9174c95eb5,2026-08-24T23:48:56.848393+00:00,blockchain,valid_active,1,25,UAV-VALID,ACCEPTED,ACCEPTED,True,216202800,216.2028,48600,215715000,0,3300,191900,5400,0,0,,,,none,blockchain-valid_active_1,0,True,238,8,
n50-identities_c25-conc_mech-blockchain-1backend_valid-active_r30_audit-off_20260824T234855Z,obs_26fb0562a42e490b8dbeb4a154ab6f12,2026-08-24T23:48:56.854771+00:00,blockchain,valid_active,3,25,UAV-VALID,ACCEPTED,ACCEPTED,True,219237800,219.2378,50400,218827400,0,3600,227900,7600,0,0,,,,none,blockchain-valid_active_5,0,False,239,8,
n50-identities_c25-conc_mech-blockchain-1backend_valid-active_r30_audit-off_20260824T234855Z,obs_debbbe62a800455297bdda392b8095a7,2026-08-24T23:48:56.860985+00:00,blockchain,valid_active,2,25,UAV-VALID,ACCEPTED,ACCEPTED,True,225944500,225.9445,27500,225592600,0,3500,209600,6000,0,0,,,,none,blockchain-valid_active_4,0,False,240,8,
n50-identities_c25-conc_mech-blockchain-1backend_valid-active_r30_audit-off_20260824T234855Z,obs_dbe33b6be60c49d0bdfd02e977659ce0,2026-08-24T23:48:56.919877+00:00,blockchain,valid_active,5,25,UAV-VALID,ACCEPTED,ACCEPTED,True,282627700,282.6277,28800,282190300,0,4900,276100,8900,0,0,,,,none,blockchain-valid_active_7,0,False,239,8,
n50-identities_c25-conc_mech-blockchain-1backend_valid-active_r30_audit-off_20260824T234855Z,obs_2d9893cdc4934c22a5c18248419ce9cc,2026-08-24T23:48:56.923858+00:00,blockchain,valid_active,10,25,UAV-VALID,ACCEPTED,ACCEPTED,True,281826200,281.8262,30500,281385400,0,8100,265000,7200,0,0,,,,none,blockchain-valid_active_12,0,False,238,8,
n50-identities_c25-conc_mech-blockchain-1backend_valid-active_r30_audit-off_20260824T234855Z,obs_11b121b7b5614f9abc678b1f78cfd527,2026-08-24T23:48:56.927657+00:00,blockchain,valid_active,7,25,UAV-VALID,ACCEPTED,ACCEPTED,True,289374700,289.3747,101000,288951100,0,4400,286000,6300,0,0,,,,none,blockchain-valid_active_9,0,False,239,8,
n50-identities_c25-conc_mech-blockchain-1backend_valid-active_r30_audit-off_20260824T234855Z,obs_90d13713e93b4a6d820d9ff739e6ede5,2026-08-24T23:48:56.932910+00:00,blockchain,valid_active,0,25,UAV-VALID,ACCEPTED,ACCEPTED,True,298305000,298.305,37200,297435200,0,6000,662200,9000,0,0,,,,none,blockchain-valid_active_2,0,False,240,8,
n50-identities_c25-conc_mech-blockchain-1backend_valid-active_r30_audit-off_20260824T234855Z,obs_99d3ca66806743ad8a01fe40054c82a8,2026-08-24T23:48:56.949039+00:00,blockchain,valid_active,1,25,UAV-VALID,ACCEPTED,ACCEPTED,True,315126700,315.1267,48400,314502200,0,3900,445100,9500,0,0,,,,none,blockchain-valid_active_3,0,False,239,8,
n50-identities_c25-conc_mech-blockchain-1backend_valid-active_r30_audit-off_20260824T234855Z,obs_716cb621a5fb4dd9a4dd756d91a7de73,2026-08-24T23:48:56.960791+00:00,blockchain,valid_active,17,25,UAV-VALID,ACCEPTED,ACCEPTED,True,305685500,305.6855,40600,305073300,0,4800,396800,47000,0,0,,,,none,blockchain-valid_active_19,0,False,239,8,
n50-identities_c25-conc_mech-blockchain-1backend_valid-active_r30_audit-off_20260824T234855Z,obs_fc1871d2e931438aafe97aa1a31bafda,2026-08-24T23:48:56.989521+00:00,blockchain,valid_active,13,25,UAV-VALID,ACCEPTED,ACCEPTED,True,346524800,346.5248,36300,346142300,0,4200,244500,6900,0,0,,,,none,blockchain-valid_active_15,0,False,240,8,
n50-identities_c25-conc_mech-blockchain-1backend_valid-active_r30_audit-off_20260824T234855Z,obs_e1bd0fd9758d45c394a8a733b223fbc5,2026-08-24T23:48:57.008133+00:00,blockchain,valid_active,8,25,UAV-VALID,ACCEPTED,ACCEPTED,True,367736500,367.7365,48800,367085400,0,9400,276000,50300,0,0,,,,none,blockchain-valid_active_10,0,False,238,8,
n50-identities_c25-conc_mech-blockchain-1backend_valid-active_r30_audit-off_20260824T234855Z,obs_c927de73c41c454d872022f9fb47070b,2026-08-24T23:48:57.010879+00:00,blockchain,valid_active,19,25,UAV-VALID,ACCEPTED,ACCEPTED,True,354937300,354.9373,26300,354223200,0,4400,542600,8000,0,0,,,,none,blockchain-valid_active_21,0,False,239,8,
n50-identities_c25-conc_mech-blockchain-1backend_valid-active_r30_audit-off_20260824T234855Z,obs_cff1bfdf36d348cfa612d9d258f85cb4,2026-08-24T23:48:57.020878+00:00,blockchain,valid_active,0,25,UAV-VALID,ACCEPTED,ACCEPTED,True,389191600,389.1916,55500,388629500,0,4400,276200,6800,0,0,,,,none,blockchain-valid_active_0,0,True,239,8,
n50-identities_c25-conc_mech-blockchain-1backend_valid-active_r30_audit-off_20260824T234855Z,obs_2e2805704fa44b0d84637aa9b761aee7,2026-08-24T23:48:57.028149+00:00,blockchain,valid_active,20,25,UAV-VALID,ACCEPTED,ACCEPTED,True,356184900,356.1849,56100,355737700,0,4500,265000,9400,0,0,,,,none,blockchain-valid_active_22,0,False,239,8,
n50-identities_c25-conc_mech-blockchain-1backend_valid-active_r30_audit-off_20260824T234855Z,obs_38099f86d99a42ccbcf0ecd1bba10d03,2026-08-24T23:48:57.050013+00:00,blockchain,valid_active,21,25,UAV-VALID,ACCEPTED,ACCEPTED,True,380629800,380.6298,42300,380216300,0,5200,232500,6700,0,0,,,,none,blockchain-valid_active_23,0,False,240,8,
n50-identities_c25-conc_mech-blockchain-1backend_valid-active_r30_audit-off_20260824T234855Z,obs_b4f8d3eadddc46f984a04ceea9629063,2026-08-24T23:48:57.073866+00:00,blockchain,valid_active,16,25,UAV-VALID,ACCEPTED,ACCEPTED,True,427166600,427.1666,28400,426539700,0,5000,439700,8100,0,0,,,,none,blockchain-valid_active_18,0,False,239,8,
n50-identities_c25-conc_mech-blockchain-1backend_valid-active_r30_audit-off_20260824T234855Z,obs_807931a195b846d6a13fc68429d00f11,2026-08-24T23:48:57.088141+00:00,blockchain,valid_active,6,25,UAV-VALID,ACCEPTED,ACCEPTED,True,450318000,450.318,28400,449895900,0,4600,255900,8900,0,0,,,,none,blockchain-valid_active_8,0,False,240,8,
n50-identities_c25-conc_mech-blockchain-1backend_valid-active_r30_audit-off_20260824T234855Z,obs_a786bb0f141a4d5ca45d41d0a414dfba,2026-08-24T23:48:57.105296+00:00,blockchain,valid_active,9,25,UAV-VALID,ACCEPTED,ACCEPTED,True,465305000,465.305,61700,464908400,0,4200,243200,7700,0,0,,,,none,blockchain-valid_active_11,0,False,239,8,
n50-identities_c25-conc_mech-blockchain-1backend_valid-active_r30_audit-off_20260824T234855Z,obs_b1b8e018304c480ea603b956a89039d6,2026-08-24T23:48:57.108558+00:00,blockchain,valid_active,14,25,UAV-VALID,ACCEPTED,ACCEPTED,True,465982400,465.9824,47500,465597500,0,4200,240300,6300,0,0,,,,none,blockchain-valid_active_16,0,False,239,8,
n50-identities_c25-conc_mech-blockchain-1backend_valid-active_r30_audit-off_20260824T234855Z,obs_de6f4ce5ead4459f84a3f02e63f7bca5,2026-08-24T23:48:57.111124+00:00,blockchain,valid_active,18,25,UAV-VALID,ACCEPTED,ACCEPTED,True,463854000,463.854,33100,463466300,0,4400,237500,6700,0,0,,,,none,blockchain-valid_active_20,0,False,240,8,
n50-identities_c25-conc_mech-blockchain-1backend_valid-active_r30_audit-off_20260824T234855Z,obs_49e23e4fe8e446d5b2a12be9080b73b5,2026-08-24T23:48:57.140480+00:00,blockchain,valid_active,22,25,UAV-VALID,ACCEPTED,ACCEPTED,True,466556800,466.5568,38100,465632900,0,3900,595500,39800,0,0,,,,none,blockchain-valid_active_24,0,False,240,8,
n50-identities_c25-conc_mech-blockchain-1backend_valid-active_r30_audit-off_20260824T234855Z,obs_4a6674e60438474ba572db74f34d52eb,2026-08-24T23:48:57.161989+00:00,blockchain,valid_active,27,25,UAV-VALID,ACCEPTED,ACCEPTED,True,138649900,138.6499,60300,138230900,0,4700,254900,7400,0,0,,,,none,blockchain-valid_active_1,0,False,239,8,
n50-identities_c25-conc_mech-blockchain-1backend_valid-active_r30_audit-off_20260824T234855Z,obs_85e012cb0e354ec5aae977823bcdc1e5,2026-08-24T23:48:57.165354+00:00,blockchain,valid_active,24,25,UAV-VALID,ACCEPTED,ACCEPTED,True,134974400,134.9744,59300,134574300,0,4300,237500,8200,0,0,,,,none,blockchain-valid_active_14,0,False,238,8,
n50-identities_c25-conc_mech-blockchain-1backend_valid-active_r30_audit-off_20260824T234855Z,obs_426267914bc44b96b1226e158790ee82,2026-08-24T23:48:57.177938+00:00,blockchain,valid_active,23,25,UAV-VALID,ACCEPTED,ACCEPTED,True,80426400,80.4264,53100,80016300,0,5000,244300,7000,0,0,,,,none,blockchain-valid_active_17,0,False,239,8,
n50-identities_c25-conc_mech-blockchain-1backend_valid-active_r30_audit-off_20260824T234855Z,obs_d0617ab8da2941d3a7097bf43fcad5fd,2026-08-24T23:48:57.180077+00:00,blockchain,valid_active,28,25,UAV-VALID,ACCEPTED,ACCEPTED,True,89631600,89.6316,234000,89270600,0,2900,211700,4800,0,0,,,,none,blockchain-valid_active_5,0,False,240,8,
n50-identities_c25-conc_mech-blockchain-1backend_valid-active_r30_audit-off_20260824T234855Z,obs_8db3232b8f6d4c82ad39873f4722ad58,2026-08-24T23:48:57.181720+00:00,blockchain,valid_active,25,25,UAV-VALID,ACCEPTED,ACCEPTED,True,183094400,183.0944,70900,182683700,0,4100,223500,26500,0,0,,,,none,blockchain-valid_active_6,0,False,239,8,
n50-identities_c25-conc_mech-blockchain-1backend_valid-active_r30_audit-off_20260824T234855Z,obs_5a365b0a928c4c5393d26c0d6ea1f761,2026-08-24T23:48:57.191087+00:00,blockchain,valid_active,26,25,UAV-VALID,ACCEPTED,ACCEPTED,True,75780500,75.7805,51900,75341400,0,3800,258500,5900,0,0,,,,none,blockchain-valid_active_13,0,False,238,8,
n50-identities_c25-conc_mech-blockchain-1backend_valid-active_r30_audit-off_20260824T234855Z,obs_f9c78f0a54134827bd092cc9ebd72eef,2026-08-24T23:48:57.193115+00:00,blockchain,valid_active,29,25,UAV-VALID,ACCEPTED,ACCEPTED,True,116376400,116.3764,56300,115802600,0,4000,183900,4200,0,0,,,,none,blockchain-valid_active_4,0,False,239,8,
n50-identities_c50-conc_mech-x509-1backend_valid-active_r30_audit-off_20260824T234452Z,obs_565e755e7c5e41fc8f7f7dab3d04a4c0,2026-08-24T23:44:52.380213+00:00,x509,valid_active,0,50,UAV-VALID,ACCEPTED,ACCEPTED,True,73818000,73.818,38000,113300,73403700,0,183700,4700,0,0,,,,none,x509-valid_active_0,0,True,238,8,
n50-identities_c50-conc_mech-x509-1backend_valid-active_r30_audit-off_20260824T234452Z,obs_42bc798227014f9a828053f1ea381878,2026-08-24T23:44:52.454949+00:00,x509,valid_active,8,50,UAV-VALID,ACCEPTED,ACCEPTED,True,62664000,62.664,44300,113600,62153900,0,239900,6500,0,0,,,,none,x509-valid_active_10,0,False,239,8,
n50-identities_c50-conc_mech-x509-1backend_valid-active_r30_audit-off_20260824T234452Z,obs_038b52e1746448fbb84d6ba75923ec1b,2026-08-24T23:44:52.482688+00:00,x509,valid_active,5,50,UAV-VALID,ACCEPTED,ACCEPTED,True,89839600,89.8396,58600,95000,89446000,0,186000,4500,0,0,,,,none,x509-valid_active_7,0,False,240,8,
n50-identities_c50-conc_mech-x509-1backend_valid-active_r30_audit-off_20260824T234452Z,obs_8674c9066ab04c95a6d59dd9f965d285,2026-08-24T23:44:52.446424+00:00,x509,valid_active,2,50,UAV-VALID,ACCEPTED,ACCEPTED,True,75451700,75.4517,47400,237800,74937400,0,170700,4300,0,0,,,,none,x509-valid_active_4,0,False,239,8,
n50-identities_c50-conc_mech-x509-1backend_valid-active_r30_audit-off_20260824T234452Z,obs_e3e066b5ff6d44c3a4d5fec258eb45f2,2026-08-24T23:44:52.380748+00:00,x509,valid_active,0,50,UAV-VALID,ACCEPTED,ACCEPTED,True,72827600,72.8276,38800,134700,72414900,0,157900,4100,0,0,,,,none,x509-valid_active_2,0,False,240,8,
n50-identities_c50-conc_mech-x509-1backend_valid-active_r30_audit-off_20260824T234452Z,obs_1955b218500440578a9d0674f929d76d,2026-08-24T23:44:52.402669+00:00,x509,valid_active,3,50,UAV-VALID,ACCEPTED,ACCEPTED,True,36833300,36.8333,39700,132500,36339900,0,220700,6100,0,0,,,,none,x509-valid_active_5,0,False,238,8,
n50-identities_c50-conc_mech-x509-1backend_valid-active_r30_audit-off_20260824T234452Z,obs_5e3d50bff940488e88e5d00f87b2a09e,2026-08-24T23:44:52.401890+00:00,x509,valid_active,1,50,UAV-VALID,ACCEPTED,ACCEPTED,True,85734600,85.7346,60800,140100,85196800,0,231700,8000,0,0,,,,none,x509-valid_active_1,0,True,239,8,
n50-identities_c50-conc_mech-x509-1backend_valid-active_r30_audit-off_20260824T234452Z,obs_e873b95373e04fafa72caa3d602b398b,2026-08-24T23:44:52.412869+00:00,x509,valid_active,4,50,UAV-VALID,ACCEPTED,ACCEPTED,True,60830800,60.8308,39500,136700,60300900,0,242400,6700,0,0,,,,none,x509-valid_active_6,0,False,240,8,
n50-identities_c50-conc_mech-x509-1backend_valid-active_r30_audit-off_20260824T234452Z,obs_2f206064e5e24207815e291ad736185f,2026-08-24T23:44:52.492776+00:00,x509,valid_active,7,50,UAV-VALID,ACCEPTED,ACCEPTED,True,122972600,122.9726,58800,130400,122427700,0,237700,5500,0,0,,,,none,x509-valid_active_9,0,False,240,8,
n50-identities_c50-conc_mech-x509-1backend_valid-active_r30_audit-off_20260824T234452Z,obs_88b4c404474f43409325578520b28658,2026-08-24T23:44:52.495887+00:00,x509,valid_active,6,50,UAV-VALID,ACCEPTED,ACCEPTED,True,84559800,84.5598,37100,94600,84122900,0,200600,5100,0,0,,,,none,x509-valid_active_8,0,False,239,8,
n50-identities_c50-conc_mech-x509-1backend_valid-active_r30_audit-off_20260824T234452Z,obs_1d3b27147eeb4585983411a8c5586bce,2026-08-24T23:44:52.498880+00:00,x509,valid_active,1,50,UAV-VALID,ACCEPTED,ACCEPTED,True,117267200,117.2672,39600,131600,116804600,0,195000,5100,0,0,,,,none,x509-valid_active_3,0,False,239,8,
n50-identities_c50-conc_mech-x509-1backend_valid-active_r30_audit-off_20260824T234452Z,obs_354d4a246db240fb91a0f8dd76084e6a,2026-08-24T23:44:52.519869+00:00,x509,valid_active,12,50,UAV-VALID,ACCEPTED,ACCEPTED,True,59262600,59.2626,46600,88500,58907200,0,169300,4900,0,0,,,,none,x509-valid_active_14,0,False,238,8,
n50-identities_c50-conc_mech-x509-1backend_valid-active_r30_audit-off_20260824T234452Z,obs_5d88bb2457894c2bae99611103184e50,2026-08-24T23:44:52.522126+00:00,x509,valid_active,9,50,UAV-VALID,ACCEPTED,ACCEPTED,True,83732000,83.732,70000,85000,83407800,0,150000,3800,0,0,,,,none,x509-valid_active_11,0,False,240,8,
n50-identities_c50-conc_mech-x509-1backend_valid-active_r30_audit-off_20260824T234452Z,obs_78fa00128c6c49eba4472e61086d8833,2026-08-24T23:44:52.531479+00:00,x509,valid_active,10,50,UAV-VALID,ACCEPTED,ACCEPTED,True,73127500,73.1275,55500,88700,72665400,0,261100,8200,0,0,,,,none,x509-valid_active_12,0,False,239,8,
n50-identities_c50-conc_mech-x509-1backend_valid-active_r30_audit-off_20260824T234452Z,obs_f61cbb9e4fb2494c9fc289037c517ed0,2026-08-24T23:44:52.532682+00:00,x509,valid_active,11,50,UAV-VALID,ACCEPTED,ACCEPTED,True,51765600,51.7656,37800,118100,51269500,0,233100,5600,0,0,,,,none,x509-valid_active_13,0,False,239,8,
n50-identities_c50-conc_mech-x509-1backend_valid-active_r30_audit-off_20260824T234452Z,obs_a5c52f9356af4e1b850bc0c755cdece5,2026-08-24T23:44:52.539966+00:00,x509,valid_active,13,50,UAV-VALID,ACCEPTED,ACCEPTED,True,56913500,56.9135,36300,116700,56544800,0,150500,3900,0,0,,,,none,x509-valid_active_15,0,False,240,8,
n50-identities_c50-conc_mech-x509-1backend_valid-active_r30_audit-off_20260824T234452Z,obs_0bc32402d84b44a9a81549733c41e02a,2026-08-24T23:44:52.540393+00:00,x509,valid_active,18,50,UAV-VALID,ACCEPTED,ACCEPTED,True,66137600,66.1376,33100,99600,65804800,0,139900,3600,0,0,,,,none,x509-valid_active_18,0,False,238,8,
n50-identities_c50-conc_mech-x509-1backend_valid-active_r30_audit-off_20260824T234452Z,obs_211b6667d20d484fb832a5e289073cc0,2026-08-24T23:44:52.541342+00:00,x509,valid_active,14,50,UAV-VALID,ACCEPTED,ACCEPTED,True,52971200,52.9712,30800,91600,52582400,0,188700,5200,0,0,,,,none,x509-valid_active_16,0,False,239,8,
n50-identities_c50-conc_mech-x509-1backend_valid-active_r30_audit-off_20260824T234452Z,obs_71f0ca0ca69b4507ae4b07d832ed3f11,2026-08-24T23:44:52.544692+00:00,x509,valid_active,17,50,UAV-VALID,ACCEPTED,ACCEPTED,True,41746900,41.7469,43600,75400,41418900,0,156600,4700,0,0,,,,none,x509-valid_active_17,0,False,240,8,
n50-identities_c50-conc_mech-x509-1backend_valid-active_r30_audit-off_20260824T234452Z,obs_50c86783787345b99808548ba0a7ec78,2026-08-24T23:44:52.545923+00:00,x509,valid_active,19,50,UAV-VALID,ACCEPTED,ACCEPTED,True,39566700,39.5667,53500,61200,39260600,0,152000,4500,0,0,,,,none,x509-valid_active_1,0,False,240,8,
n50-identities_c50-conc_mech-x509-1backend_valid-active_r30_audit-off_20260824T234452Z,obs_9f8e347499224eeda7222f395c8fe367,2026-08-24T23:44:52.546903+00:00,x509,valid_active,22,50,UAV-VALID,ACCEPTED,ACCEPTED,True,20484900,20.4849,28000,105500,20130500,0,146600,4300,0,0,,,,none,x509-valid_active_6,0,False,237,8,
n50-identities_c50-conc_mech-x509-1backend_valid-active_r30_audit-off_20260824T234452Z,obs_c53a5c7437dd459fa3c4e2c50b4fa015,2026-08-24T23:44:52.553738+00:00,x509,valid_active,23,50,UAV-VALID,ACCEPTED,ACCEPTED,True,30725500,30.7255,38500,65500,30324300,0,216800,6200,0,0,,,,none,x509-valid_active_20,0,False,239,8,
n50-identities_c50-conc_mech-x509-1backend_valid-active_r30_audit-off_20260824T234452Z,obs_802f43a633cb430f9e0d3c1f238b840e,2026-08-24T23:44:52.554849+00:00,x509,valid_active,24,50,UAV-VALID,ACCEPTED,ACCEPTED,True,19834300,19.8343,39900,326700,19094100,0,212600,6000,0,0,,,,none,x509-valid_active_21,0,False,239,8,
n50-identities_c50-conc_mech-x509-1backend_valid-active_r30_audit-off_20260824T234452Z,obs_ec93b09e268042849c71ece0549e5839,2026-08-24T23:44:52.555330+00:00,x509,valid_active,25,50,UAV-VALID,ACCEPTED,ACCEPTED,True,19182500,19.1825,27200,128800,18739000,0,193500,4400,0,0,,,,none,x509-valid_active_22,0,False,240,8,
n50-identities_c50-conc_mech-x509-1backend_valid-active_r30_audit-off_20260824T234452Z,obs_8469c4a45e4046f5aade3d6ff6fffe51,2026-08-24T23:44:52.555809+00:00,x509,valid_active,27,50,UAV-VALID,ACCEPTED,ACCEPTED,True,15132600,15.1326,26800,78500,14765100,0,185500,3900,0,0,,,,none,x509-valid_active_4,0,False,240,8,
n50-identities_c50-conc_mech-x509-1backend_valid-active_r30_audit-off_20260824T234452Z,obs_38fb628fde4d471a96963244c397617d,2026-08-24T23:44:52.556389+00:00,x509,valid_active,15,50,UAV-VALID,ACCEPTED,ACCEPTED,True,25626100,25.6261,42100,65700,25254200,0,197900,5600,0,0,,,,none,x509-valid_active_0,0,False,240,8,
n50-identities_c50-conc_mech-x509-1backend_valid-active_r30_audit-off_20260824T234452Z,obs_ddcb3c30f97045879651bc4321e7ac0a,2026-08-24T23:44:52.557462+00:00,x509,valid_active,21,50,UAV-VALID,ACCEPTED,ACCEPTED,True,18392100,18.3921,44000,91900,17956900,0,217700,7400,0,0,,,,none,x509-valid_active_19,0,False,238,8,
n50-identities_c50-conc_mech-x509-1backend_valid-active_r30_audit-off_20260824T234452Z,obs_3e7d16c21a4240118541ec0ea8cf704d,2026-08-24T23:44:52.559287+00:00,x509,valid_active,20,50,UAV-VALID,ACCEPTED,ACCEPTED,True,25092100,25.0921,40200,102000,24724700,0,161500,4000,0,0,,,,none,x509-valid_active_5,0,False,238,8,
n50-identities_c50-conc_mech-x509-1backend_valid-active_r30_audit-off_20260824T234452Z,obs_03a5877fdc73445d876a2ca58d59e54f,2026-08-24T23:44:52.559626+00:00,x509,valid_active,26,50,UAV-VALID,ACCEPTED,ACCEPTED,True,21046900,21.0469,39500,91800,20731800,0,136800,4100,0,0,,,,none,x509-valid_active_23,0,False,239,8,
n50-identities_c50-conc_mech-x509-1backend_valid-active_r30_audit-off_20260824T234452Z,obs_9b0acc7b1f8a4211a3fe903a13057ba8,2026-08-24T23:44:52.561100+00:00,x509,valid_active,28,50,UAV-VALID,ACCEPTED,ACCEPTED,True,11836700,11.8367,32700,66900,11540400,0,138900,3400,0,0,,,,none,x509-valid_active_10,0,False,240,8,
n50-identities_c50-conc_mech-x509-1backend_valid-active_r30_audit-off_20260824T234452Z,obs_9df3555fc2024f82b6c5d327ed750677,2026-08-24T23:44:52.561490+00:00,x509,valid_active,16,50,UAV-VALID,ACCEPTED,ACCEPTED,True,15206100,15.2061,52600,59400,14893500,0,173700,4200,0,0,,,,none,x509-valid_active_2,0,False,238,8,
n50-identities_c50-conc_mech-x509-1backend_valid-active_r30_audit-off_20260824T234452Z,obs_de300ead8ede4dde8cd8f768905a9326,2026-08-24T23:44:52.561930+00:00,x509,valid_active,29,50,UAV-VALID,ACCEPTED,ACCEPTED,True,16731700,16.7317,52300,75800,16372800,0,184200,4600,0,0,,,,none,x509-valid_active_24,0,False,240,8,
n50-identities_c50-conc_mech-blockchain-1backend_valid-active_r30_audit-off_20260824T234453Z,obs_c0e34d737eaa494b83647239f5b79741,2026-08-24T23:44:54.638697+00:00,blockchain,valid_active,0,50,UAV-VALID,ACCEPTED,ACCEPTED,True,554541900,554.5419,51400,554080900,0,6300,291500,6800,0,0,,,,none,blockchain-valid_active_2,0,False,240,8,
n50-identities_c50-conc_mech-blockchain-1backend_valid-active_r30_audit-off_20260824T234453Z,obs_a7739b6ea6584d64a0062e249c5428d2,2026-08-24T23:44:54.444333+00:00,blockchain,valid_active,0,50,UAV-VALID,ACCEPTED,ACCEPTED,True,399087700,399.0877,49200,398679300,0,4600,247800,6800,0,0,,,,none,blockchain-valid_active_0,0,True,240,8,
n50-identities_c50-conc_mech-blockchain-1backend_valid-active_r30_audit-off_20260824T234453Z,obs_9860814aafe148af8054bbf966d1f094,2026-08-24T23:44:54.625038+00:00,blockchain,valid_active,1,50,UAV-VALID,ACCEPTED,ACCEPTED,True,547321300,547.3213,48800,546866500,0,6400,288000,6800,0,0,,,,none,blockchain-valid_active_3,0,False,238,8,
n50-identities_c50-conc_mech-blockchain-1backend_valid-active_r30_audit-off_20260824T234453Z,obs_7e37f58b28ca41c4b25d5bfd28a5d19c,2026-08-24T23:44:54.633363+00:00,blockchain,valid_active,9,50,UAV-VALID,ACCEPTED,ACCEPTED,True,313334400,313.3344,66400,312814700,0,7100,314800,8700,0,0,,,,none,blockchain-valid_active_11,0,False,238,8,
n50-identities_c50-conc_mech-blockchain-1backend_valid-active_r30_audit-off_20260824T234453Z,obs_31676657efbb43d287ea72af7520a7de,2026-08-24T23:44:54.672099+00:00,blockchain,valid_active,5,50,UAV-VALID,ACCEPTED,ACCEPTED,True,395906000,395.906,58500,395441200,0,5800,282600,6800,0,0,,,,none,blockchain-valid_active_7,0,False,240,8,
n50-identities_c50-conc_mech-blockchain-1backend_valid-active_r30_audit-off_20260824T234453Z,obs_6e86f1015c5540d1b4384d7be339e33e,2026-08-24T23:44:54.678767+00:00,blockchain,valid_active,2,50,UAV-VALID,ACCEPTED,ACCEPTED,True,588446700,588.4467,54500,588121900,0,3300,197700,4900,0,0,,,,none,blockchain-valid_active_4,0,False,238,8,
n50-identities_c50-conc_mech-blockchain-1backend_valid-active_r30_audit-off_20260824T234453Z,obs_e491f238053448c682f5afd0689a2999,2026-08-24T23:44:54.715960+00:00,blockchain,valid_active,1,50,UAV-VALID,ACCEPTED,ACCEPTED,True,623627700,623.6277,41700,623147400,0,5900,285600,9500,0,0,,,,none,blockchain-valid_active_1,0,True,239,8,
n50-identities_c50-conc_mech-blockchain-1backend_valid-active_r30_audit-off_20260824T234453Z,obs_4b31f36344d24b7e97037b823713fa81,2026-08-24T23:44:54.729859+00:00,blockchain,valid_active,6,50,UAV-VALID,ACCEPTED,ACCEPTED,True,420184200,420.1842,80800,419736300,0,13500,253200,7400,0,0,,,,none,blockchain-valid_active_8,0,False,239,8,
n50-identities_c50-conc_mech-blockchain-1backend_valid-active_r30_audit-off_20260824T234453Z,obs_fb079e4a1bb34235964b5c41bdf0ec61,2026-08-24T23:44:54.790757+00:00,blockchain,valid_active,4,50,UAV-VALID,ACCEPTED,ACCEPTED,True,460385100,460.3851,49100,459923400,0,6800,300500,7200,0,0,,,,none,blockchain-valid_active_6,0,False,239,8,
n50-identities_c50-conc_mech-blockchain-1backend_valid-active_r30_audit-off_20260824T234453Z,obs_a441814ec24e49f1b56a8ae779286dec,2026-08-24T23:44:54.793916+00:00,blockchain,valid_active,10,50,UAV-VALID,ACCEPTED,ACCEPTED,True,388636300,388.6363,66000,388293800,0,3600,194900,4300,0,0,,,,none,blockchain-valid_active_12,0,False,238,8,
n50-identities_c50-conc_mech-blockchain-1backend_valid-active_r30_audit-off_20260824T234453Z,obs_bfbd5f5fffda47bea0059e331a35d650,2026-08-24T23:44:54.831285+00:00,blockchain,valid_active,13,50,UAV-VALID,ACCEPTED,ACCEPTED,True,389691700,389.6917,62300,389262600,0,5900,231700,7300,0,0,,,,none,blockchain-valid_active_15,0,False,239,8,
n50-identities_c50-conc_mech-blockchain-1backend_valid-active_r30_audit-off_20260824T234453Z,obs_36558f67cbf040ab93c3f7b41b918fc3,2026-08-24T23:44:54.845234+00:00,blockchain,valid_active,7,50,UAV-VALID,ACCEPTED,ACCEPTED,True,491308300,491.3083,72500,490829800,0,5300,261400,7600,0,0,,,,none,blockchain-valid_active_9,0,False,238,8,
n50-identities_c50-conc_mech-blockchain-1backend_valid-active_r30_audit-off_20260824T234453Z,obs_06d3bf4ba6e548c3a95043dbb52ee90d,2026-08-24T23:44:54.870102+00:00,blockchain,valid_active,8,50,UAV-VALID,ACCEPTED,ACCEPTED,True,524820200,524.8202,173800,524319000,0,7000,293300,8900,0,0,,,,none,blockchain-valid_active_10,0,False,239,8,
n50-identities_c50-conc_mech-blockchain-1backend_valid-active_r30_audit-off_20260824T234453Z,obs_8d901e90e97c48318f57aff685ed32aa,2026-08-24T23:44:54.887766+00:00,blockchain,valid_active,14,50,UAV-VALID,ACCEPTED,ACCEPTED,True,432279500,432.2795,85200,431763500,0,6300,282400,8200,0,0,,,,none,blockchain-valid_active_16,0,False,240,8,
n50-identities_c50-conc_mech-blockchain-1backend_valid-active_r30_audit-off_20260824T234453Z,obs_f461c2773539471ea28a1c0427c9bcec,2026-08-24T23:44:54.900550+00:00,blockchain,valid_active,11,50,UAV-VALID,ACCEPTED,ACCEPTED,True,471305300,471.3053,72900,470830100,0,6400,278400,9000,0,0,,,,none,blockchain-valid_active_13,0,False,239,8,
n50-identities_c50-conc_mech-blockchain-1backend_valid-active_r30_audit-off_20260824T234453Z,obs_e106117056514f8f96cb1df4d69c4c8c,2026-08-24T23:44:54.989268+00:00,blockchain,valid_active,18,50,UAV-VALID,ACCEPTED,ACCEPTED,True,353758400,353.7584,67500,353227100,0,6200,331500,9600,0,0,,,,none,blockchain-valid_active_20,0,False,239,8,
n50-identities_c50-conc_mech-blockchain-1backend_valid-active_r30_audit-off_20260824T234453Z,obs_668c2bc792b14db0b0b22ca96e480cb0,2026-08-24T23:44:54.992213+00:00,blockchain,valid_active,17,50,UAV-VALID,ACCEPTED,ACCEPTED,True,436093500,436.0935,68300,435488700,0,5300,374400,21800,0,0,,,,none,blockchain-valid_active_19,0,False,240,8,
n50-identities_c50-conc_mech-blockchain-1backend_valid-active_r30_audit-off_20260824T234453Z,obs_e9dfa23e180e45f4abbf2a63bcc519ef,2026-08-24T23:44:54.996017+00:00,blockchain,valid_active,23,50,UAV-VALID,ACCEPTED,ACCEPTED,True,301274700,301.2747,65700,300804100,0,6100,280800,6900,0,0,,,,none,blockchain-valid_active_24,0,False,239,8,
n50-identities_c50-conc_mech-blockchain-1backend_valid-active_r30_audit-off_20260824T234453Z,obs_ef719133a13d4123be6fa27c32ad4257,2026-08-24T23:44:54.998513+00:00,blockchain,valid_active,20,50,UAV-VALID,ACCEPTED,ACCEPTED,True,280855700,280.8557,62900,280326300,0,6100,334300,10700,0,0,,,,none,blockchain-valid_active_0,0,False,239,8,
n50-identities_c50-conc_mech-blockchain-1backend_valid-active_r30_audit-off_20260824T234453Z,obs_01f91ec482434569b02d1912b10c420c,2026-08-24T23:44:55.013102+00:00,blockchain,valid_active,12,50,UAV-VALID,ACCEPTED,ACCEPTED,True,533855400,533.8554,53400,528261700,0,41200,4439000,14800,0,0,,,,none,blockchain-valid_active_14,0,False,239,8,
n50-identities_c50-conc_mech-blockchain-1backend_valid-active_r30_audit-off_20260824T234453Z,obs_c84997b88b884350b58ba98396b4257c,2026-08-24T23:44:55.057111+00:00,blockchain,valid_active,29,50,UAV-VALID,ACCEPTED,ACCEPTED,True,273194900,273.1949,71000,272734100,0,6800,267300,9000,0,0,,,,none,blockchain-valid_active_3,0,False,239,8,
n50-identities_c50-conc_mech-blockchain-1backend_valid-active_r30_audit-off_20260824T234453Z,obs_2133b8f701a24629a93f71a8b94c09de,2026-08-24T23:44:55.084958+00:00,blockchain,valid_active,26,50,UAV-VALID,ACCEPTED,ACCEPTED,True,325890100,325.8901,116200,323871500,0,10700,700300,12300,0,0,,,,none,blockchain-valid_active_27,0,False,240,8,
n50-identities_c50-conc_mech-blockchain-1backend_valid-active_r30_audit-off_20260824T234453Z,obs_1793017506af42758c8e0a54aef206e4,2026-08-24T23:44:55.093211+00:00,blockchain,valid_active,22,50,UAV-VALID,ACCEPTED,ACCEPTED,True,406872400,406.8724,59000,406543800,0,3900,205400,4800,0,0,,,,none,blockchain-valid_active_23,0,False,240,8,
n50-identities_c50-conc_mech-blockchain-1backend_valid-active_r30_audit-off_20260824T234453Z,obs_c3ccaa82d5aa43beb953e0ccbbb9cb13,2026-08-24T23:44:55.127859+00:00,blockchain,valid_active,27,50,UAV-VALID,ACCEPTED,ACCEPTED,True,347740800,347.7408,48200,347225800,0,4900,327700,8600,0,0,,,,none,blockchain-valid_active_28,0,False,239,8,
n50-identities_c50-conc_mech-blockchain-1backend_valid-active_r30_audit-off_20260824T234453Z,obs_340aa4ab7bf34081be37a817e3e5af5b,2026-08-24T23:44:55.138925+00:00,blockchain,valid_active,15,50,UAV-VALID,ACCEPTED,ACCEPTED,True,442300000,442.3,40900,441898900,0,4500,245700,6400,0,0,,,,none,blockchain-valid_active_17,0,False,238,8,
n50-identities_c50-conc_mech-blockchain-1backend_valid-active_r30_audit-off_20260824T234453Z,obs_fc8df2ce0ab14ed297dd115f16524509,2026-08-24T23:44:55.140212+00:00,blockchain,valid_active,19,50,UAV-VALID,ACCEPTED,ACCEPTED,True,450949600,450.9496,60900,450632200,0,3100,179600,4900,0,0,,,,none,blockchain-valid_active_21,0,False,238,8,
n50-identities_c50-conc_mech-blockchain-1backend_valid-active_r30_audit-off_20260824T234453Z,obs_018a48c3af3a46f488b18e03ee9a568f,2026-08-24T23:44:55.146913+00:00,blockchain,valid_active,16,50,UAV-VALID,ACCEPTED,ACCEPTED,True,481015400,481.0154,76400,480328400,0,5400,479800,9700,0,0,,,,none,blockchain-valid_active_18,0,False,238,8,
n50-identities_c50-conc_mech-blockchain-1backend_valid-active_r30_audit-off_20260824T234453Z,obs_f979e9e8717d40bdbc41e893da946d18,2026-08-24T23:44:55.152732+00:00,blockchain,valid_active,24,50,UAV-VALID,ACCEPTED,ACCEPTED,True,442568100,442.5681,72600,442147900,0,3100,253000,6700,0,0,,,,none,blockchain-valid_active_25,0,False,239,8,
n50-identities_c50-conc_mech-blockchain-1backend_valid-active_r30_audit-off_20260824T234453Z,obs_030bc522ab494a58a38d59d2f767e5e1,2026-08-24T23:44:55.155102+00:00,blockchain,valid_active,21,50,UAV-VALID,ACCEPTED,ACCEPTED,True,411784100,411.7841,43200,411445300,0,3900,218800,4400,0,0,,,,none,blockchain-valid_active_22,0,False,238,8,
n50-identities_c50-conc_mech-blockchain-1backend_valid-active_r30_audit-off_20260824T234453Z,obs_1afb23d19656486189b3dd7caa97aba3,2026-08-24T23:44:55.157279+00:00,blockchain,valid_active,25,50,UAV-VALID,ACCEPTED,ACCEPTED,True,371850500,371.8505,36100,371475400,0,4000,235100,4800,0,0,,,,none,blockchain-valid_active_26,0,False,239,8,
n50-identities_c50-conc_mech-blockchain-1backend_valid-active_r30_audit-off_20260824T234453Z,obs_9b03eec6319c490b92fcc799c2741998,2026-08-24T23:44:55.160352+00:00,blockchain,valid_active,28,50,UAV-VALID,ACCEPTED,ACCEPTED,True,388278900,388.2789,68400,387391000,0,4700,656900,66300,0,0,,,,none,blockchain-valid_active_29,0,False,239,8,
n50-identities_c50-conc_mech-blockchain-1backend_valid-active_r30_audit-off_20260824T234453Z,obs_47b23dc87d7c4f1097f5c3a4f1f63bf7,2026-08-24T23:44:55.186699+00:00,blockchain,valid_active,3,50,UAV-VALID,ACCEPTED,ACCEPTED,True,127109000,127.109,52100,126660300,0,5000,275100,7700,0,0,,,,none,blockchain-valid_active_5,0,False,238,8,
n100-identities_c1-conc_mech-x509-1backend_valid-active_r30_audit-off_20260824T234456Z,obs_8669956df2764935ac558aacee6ee5f0,2026-08-24T23:44:57.144532+00:00,x509,valid_active,0,1,UAV-VALID,ACCEPTED,ACCEPTED,True,2022900,2.0229,43000,134500,1512800,0,242200,8100,0,0,,,,none,x509-valid_active_0,0,True,238,8,
n100-identities_c1-conc_mech-x509-1backend_valid-active_r30_audit-off_20260824T234456Z,obs_924c822f779a46e5ab14ec2539b3ab02,2026-08-24T23:44:57.156879+00:00,x509,valid_active,1,1,UAV-VALID,ACCEPTED,ACCEPTED,True,2067900,2.0679,46300,92000,1643100,0,208100,6400,0,0,,,,none,x509-valid_active_0,0,True,239,8,
n100-identities_c1-conc_mech-x509-1backend_valid-active_r30_audit-off_20260824T234456Z,obs_dfbd120ea5e24a2ea4e47464e4ae9206,2026-08-24T23:44:57.169273+00:00,x509,valid_active,0,1,UAV-VALID,ACCEPTED,ACCEPTED,True,2435300,2.4353,57800,107100,1967300,0,219500,5500,0,0,,,,none,x509-valid_active_0,0,False,240,8,
n100-identities_c1-conc_mech-x509-1backend_valid-active_r30_audit-off_20260824T234456Z,obs_fcf02b1518a44a7982cf8263b5800c97,2026-08-24T23:44:57.181454+00:00,x509,valid_active,1,1,UAV-VALID,ACCEPTED,ACCEPTED,True,3025100,3.0251,67200,130400,2535700,0,216900,6700,0,0,,,,none,x509-valid_active_0,0,False,239,8,
n100-identities_c1-conc_mech-x509-1backend_valid-active_r30_audit-off_20260824T234456Z,obs_9612cac17b594d56abf0078e270425b8,2026-08-24T23:44:57.191268+00:00,x509,valid_active,2,1,UAV-VALID,ACCEPTED,ACCEPTED,True,2170300,2.1703,49700,95800,1724300,0,218800,6000,0,0,,,,none,x509-valid_active_0,0,False,240,8,
n100-identities_c1-conc_mech-x509-1backend_valid-active_r30_audit-off_20260824T234456Z,obs_3778891c85d74a67a34a79f4b701861d,2026-08-24T23:44:57.205613+00:00,x509,valid_active,3,1,UAV-VALID,ACCEPTED,ACCEPTED,True,2482900,2.4829,60800,109900,1982000,0,244300,5400,0,0,,,,none,x509-valid_active_0,0,False,239,8,
n100-identities_c1-conc_mech-x509-1backend_valid-active_r30_audit-off_20260824T234456Z,obs_1257c767948940f198a38b7d3f44324c,2026-08-24T23:44:57.218454+00:00,x509,valid_active,4,1,UAV-VALID,ACCEPTED,ACCEPTED,True,2307600,2.3076,62400,78300,1814200,0,280900,5800,0,0,,,,none,x509-valid_active_0,0,False,239,8,
n100-identities_c1-conc_mech-x509-1backend_valid-active_r30_audit-off_20260824T234456Z,obs_e22156f692364df389c5f93c8d86481f,2026-08-24T23:44:57.229616+00:00,x509,valid_active,5,1,UAV-VALID,ACCEPTED,ACCEPTED,True,2308200,2.3082,90300,107500,1828500,0,230300,6400,0,0,,,,none,x509-valid_active_0,0,False,238,8,
n100-identities_c1-conc_mech-x509-1backend_valid-active_r30_audit-off_20260824T234456Z,obs_622e8cdcf484403080095f4323e6b5e0,2026-08-24T23:44:57.238758+00:00,x509,valid_active,6,1,UAV-VALID,ACCEPTED,ACCEPTED,True,1892400,1.8924,56100,74800,1496500,0,204400,4600,0,0,,,,none,x509-valid_active_0,0,False,240,8,
n100-identities_c1-conc_mech-x509-1backend_valid-active_r30_audit-off_20260824T234456Z,obs_8b67b3f507bf468aabda3ee0d12c986e,2026-08-24T23:44:57.249246+00:00,x509,valid_active,7,1,UAV-VALID,ACCEPTED,ACCEPTED,True,3084900,3.0849,36200,501800,2231500,0,218100,4600,0,0,,,,none,x509-valid_active_0,0,False,240,8,
n100-identities_c1-conc_mech-x509-1backend_valid-active_r30_audit-off_20260824T234456Z,obs_6001e086b93a4ac089f8e2068dfd25b0,2026-08-24T23:44:57.261991+00:00,x509,valid_active,8,1,UAV-VALID,ACCEPTED,ACCEPTED,True,2349600,2.3496,58300,108300,1873800,0,210600,5300,0,0,,,,none,x509-valid_active_0,0,False,239,8,
n100-identities_c1-conc_mech-x509-1backend_valid-active_r30_audit-off_20260824T234456Z,obs_bc716bfd7f784314a17e8fa85706754d,2026-08-24T23:44:57.274845+00:00,x509,valid_active,9,1,UAV-VALID,ACCEPTED,ACCEPTED,True,2586100,2.5861,58100,110300,2107900,0,229700,6800,0,0,,,,none,x509-valid_active_0,0,False,239,8,
n100-identities_c1-conc_mech-x509-1backend_valid-active_r30_audit-off_20260824T234456Z,obs_45dd82433c6946589c878b400e754fb7,2026-08-24T23:44:57.290048+00:00,x509,valid_active,10,1,UAV-VALID,ACCEPTED,ACCEPTED,True,5414000,5.414,62200,109400,4870300,0,262400,7900,0,0,,,,none,x509-valid_active_0,0,False,238,8,
n100-identities_c1-conc_mech-x509-1backend_valid-active_r30_audit-off_20260824T234456Z,obs_17b73860684541309afb0c09647e4de9,2026-08-24T23:44:57.305817+00:00,x509,valid_active,11,1,UAV-VALID,ACCEPTED,ACCEPTED,True,4736000,4.736,325200,1802300,2543000,0,225200,5800,0,0,,,,none,x509-valid_active_0,0,False,240,8,
n100-identities_c1-conc_mech-x509-1backend_valid-active_r30_audit-off_20260824T234456Z,obs_8c8e5377089341b4bdc83f34b98d46a9,2026-08-24T23:44:57.319035+00:00,x509,valid_active,12,1,UAV-VALID,ACCEPTED,ACCEPTED,True,4020100,4.0201,69200,113800,3292700,0,426100,9700,0,0,,,,none,x509-valid_active_0,0,False,239,8,
n100-identities_c1-conc_mech-x509-1backend_valid-active_r30_audit-off_20260824T234456Z,obs_6168573866044774b7ed53232947e4ec,2026-08-24T23:44:57.332349+00:00,x509,valid_active,13,1,UAV-VALID,ACCEPTED,ACCEPTED,True,3615800,3.6158,57800,100000,3024800,0,311100,10300,0,0,,,,none,x509-valid_active_0,0,False,240,8,
n100-identities_c1-conc_mech-x509-1backend_valid-active_r30_audit-off_20260824T234456Z,obs_9f87ba0d09634c7ca0bb5eace804bdf0,2026-08-24T23:44:57.344024+00:00,x509,valid_active,14,1,UAV-VALID,ACCEPTED,ACCEPTED,True,2527400,2.5274,52600,104300,2037300,0,229000,7500,0,0,,,,none,x509-valid_active_0,0,False,239,8,
n100-identities_c1-conc_mech-x509-1backend_valid-active_r30_audit-off_20260824T234456Z,obs_fc6b639aad1b41ae8e3be09b11d61387,2026-08-24T23:44:57.358027+00:00,x509,valid_active,15,1,UAV-VALID,ACCEPTED,ACCEPTED,True,2268100,2.2681,48700,94500,1874800,0,178700,4800,0,0,,,,none,x509-valid_active_0,0,False,239,8,
n100-identities_c1-conc_mech-x509-1backend_valid-active_r30_audit-off_20260824T234456Z,obs_25c28513b7034b54b952adba91723f98,2026-08-24T23:44:57.373610+00:00,x509,valid_active,16,1,UAV-VALID,ACCEPTED,ACCEPTED,True,4466700,4.4667,73200,112400,3935400,0,239800,7600,0,0,,,,none,x509-valid_active_0,0,False,238,8,
n100-identities_c1-conc_mech-x509-1backend_valid-active_r30_audit-off_20260824T234456Z,obs_9379f53e93984c958e625397154d46ac,2026-08-24T23:44:57.386241+00:00,x509,valid_active,17,1,UAV-VALID,ACCEPTED,ACCEPTED,True,2240700,2.2407,57800,106500,1832600,0,175200,4800,0,0,,,,none,x509-valid_active_0,0,False,238,8,
n100-identities_c1-conc_mech-x509-1backend_valid-active_r30_audit-off_20260824T234456Z,obs_6e230d4fdb5a421cae49bbc9b781e388,2026-08-24T23:44:57.398218+00:00,x509,valid_active,18,1,UAV-VALID,ACCEPTED,ACCEPTED,True,3200500,3.2005,62400,159700,2296700,0,557400,12200,0,0,,,,none,x509-valid_active_0,0,False,239,8,
n100-identities_c1-conc_mech-x509-1backend_valid-active_r30_audit-off_20260824T234456Z,obs_d2aa6a9c451642f4af9119c6b74b5a26,2026-08-24T23:44:57.409100+00:00,x509,valid_active,19,1,UAV-VALID,ACCEPTED,ACCEPTED,True,2277600,2.2776,53900,93200,1701300,0,287300,8400,0,0,,,,none,x509-valid_active_0,0,False,239,8,
n100-identities_c1-conc_mech-x509-1backend_valid-active_r30_audit-off_20260824T234456Z,obs_09dbcfe25e8b4208bf9179efff6a536b,2026-08-24T23:44:57.420116+00:00,x509,valid_active,20,1,UAV-VALID,ACCEPTED,ACCEPTED,True,2232200,2.2322,42300,97400,1803100,0,206400,6400,0,0,,,,none,x509-valid_active_0,0,False,239,8,
n100-identities_c1-conc_mech-x509-1backend_valid-active_r30_audit-off_20260824T234456Z,obs_55c39f0d334d4fde9b93d87739bfb69a,2026-08-24T23:44:57.431874+00:00,x509,valid_active,21,1,UAV-VALID,ACCEPTED,ACCEPTED,True,3299000,3.299,51000,104500,2804500,0,230400,8800,0,0,,,,none,x509-valid_active_0,0,False,239,8,
n100-identities_c1-conc_mech-x509-1backend_valid-active_r30_audit-off_20260824T234456Z,obs_bea2d06467b0459cb65caa029137422b,2026-08-24T23:44:57.443862+00:00,x509,valid_active,22,1,UAV-VALID,ACCEPTED,ACCEPTED,True,3157200,3.1572,51300,116300,2486800,0,352800,7700,0,0,,,,none,x509-valid_active_0,0,False,240,8,
n100-identities_c1-conc_mech-x509-1backend_valid-active_r30_audit-off_20260824T234456Z,obs_f70a19b20e9e48cd985dbd460f8adaaf,2026-08-24T23:44:57.454457+00:00,x509,valid_active,23,1,UAV-VALID,ACCEPTED,ACCEPTED,True,1915900,1.9159,48800,79200,1527500,0,191000,5400,0,0,,,,none,x509-valid_active_0,0,False,240,8,
n100-identities_c1-conc_mech-x509-1backend_valid-active_r30_audit-off_20260824T234456Z,obs_d8660e2e26f44179a7e6482f8632c74c,2026-08-24T23:44:57.466317+00:00,x509,valid_active,24,1,UAV-VALID,ACCEPTED,ACCEPTED,True,2523600,2.5236,102100,103000,1980700,0,303100,6600,0,0,,,,none,x509-valid_active_0,0,False,239,8,
n100-identities_c1-conc_mech-x509-1backend_valid-active_r30_audit-off_20260824T234456Z,obs_b8a1cbec9479407b9fbd7eb69914e18d,2026-08-24T23:44:57.477749+00:00,x509,valid_active,25,1,UAV-VALID,ACCEPTED,ACCEPTED,True,2959600,2.9596,113100,105000,2531200,0,206200,5000,0,0,,,,none,x509-valid_active_0,0,False,239,8,
n100-identities_c1-conc_mech-x509-1backend_valid-active_r30_audit-off_20260824T234456Z,obs_10365a0cf9c54d01910bdccf1424049a,2026-08-24T23:44:57.488514+00:00,x509,valid_active,26,1,UAV-VALID,ACCEPTED,ACCEPTED,True,2142900,2.1429,52500,85800,1724500,0,208100,6400,0,0,,,,none,x509-valid_active_0,0,False,240,8,
n100-identities_c1-conc_mech-x509-1backend_valid-active_r30_audit-off_20260824T234456Z,obs_9c43edc0fbc045af8246d7983245a5f0,2026-08-24T23:44:57.500064+00:00,x509,valid_active,27,1,UAV-VALID,ACCEPTED,ACCEPTED,True,2452700,2.4527,53800,119500,1982500,0,212600,6300,0,0,,,,none,x509-valid_active_0,0,False,239,8,
n100-identities_c1-conc_mech-x509-1backend_valid-active_r30_audit-off_20260824T234456Z,obs_5e80384316d840a0be6294e29ec89a6f,2026-08-24T23:44:57.511673+00:00,x509,valid_active,28,1,UAV-VALID,ACCEPTED,ACCEPTED,True,2354200,2.3542,58700,92700,1910800,0,217600,6600,0,0,,,,none,x509-valid_active_0,0,False,239,8,
n100-identities_c1-conc_mech-x509-1backend_valid-active_r30_audit-off_20260824T234456Z,obs_d6f4927d540a4d4fb894192184a7e0ab,2026-08-24T23:44:57.524807+00:00,x509,valid_active,29,1,UAV-VALID,ACCEPTED,ACCEPTED,True,2385900,2.3859,606300,127500,1915400,0,195600,5700,0,0,,,,none,x509-valid_active_0,0,False,239,8,
n100-identities_c1-conc_mech-blockchain-1backend_valid-active_r30_audit-off_20260824T234458Z,obs_5d0e6774831a4e92bf8eccc762f779f3,2026-08-24T23:44:58.803993+00:00,blockchain,valid_active,0,1,UAV-VALID,ACCEPTED,ACCEPTED,True,31573600,31.5736,65600,31135700,0,5400,257000,7800,0,0,,,,none,blockchain-valid_active_0,0,True,239,8,
n100-identities_c1-conc_mech-blockchain-1backend_valid-active_r30_audit-off_20260824T234458Z,obs_d4dd10cc2fac48589caba9c6dae51a68,2026-08-24T23:44:58.877736+00:00,blockchain,valid_active,1,1,UAV-VALID,ACCEPTED,ACCEPTED,True,52889400,52.8894,67200,52312900,0,4000,402800,6100,0,0,,,,none,blockchain-valid_active_0,0,True,239,8,
n100-identities_c1-conc_mech-blockchain-1backend_valid-active_r30_audit-off_20260824T234458Z,obs_17462d2cd6584ebf9d006d2511b9c8ef,2026-08-24T23:44:58.923370+00:00,blockchain,valid_active,0,1,UAV-VALID,ACCEPTED,ACCEPTED,True,33937800,33.9378,80700,33419800,0,4300,297100,7600,0,0,,,,none,blockchain-valid_active_0,0,False,239,8,
n100-identities_c1-conc_mech-blockchain-1backend_valid-active_r30_audit-off_20260824T234458Z,obs_e6ecfcb0b093491796aaf294a36a2288,2026-08-24T23:44:58.959879+00:00,blockchain,valid_active,1,1,UAV-VALID,ACCEPTED,ACCEPTED,True,25911900,25.9119,220200,25442600,0,4100,253500,5100,0,0,,,,none,blockchain-valid_active_0,0,False,238,8,
n100-identities_c1-conc_mech-blockchain-1backend_valid-active_r30_audit-off_20260824T234458Z,obs_bf54ee390a094b28a5626c6720cf71a4,2026-08-24T23:44:58.990337+00:00,blockchain,valid_active,2,1,UAV-VALID,ACCEPTED,ACCEPTED,True,21515400,21.5154,53700,21023300,0,5400,300300,7300,0,0,,,,none,blockchain-valid_active_0,0,False,240,8,
n100-identities_c1-conc_mech-blockchain-1backend_valid-active_r30_audit-off_20260824T234458Z,obs_d4de24fc2baf44d68899be1b2902ab49,2026-08-24T23:44:59.036005+00:00,blockchain,valid_active,3,1,UAV-VALID,ACCEPTED,ACCEPTED,True,36604000,36.604,59400,36092500,0,5300,288500,9400,0,0,,,,none,blockchain-valid_active_0,0,False,240,8,
n100-identities_c1-conc_mech-blockchain-1backend_valid-active_r30_audit-off_20260824T234458Z,obs_9b84b3a844834e58bb100978c466e59c,2026-08-24T23:44:59.074606+00:00,blockchain,valid_active,4,1,UAV-VALID,ACCEPTED,ACCEPTED,True,29176900,29.1769,58200,28725600,0,5400,280400,6700,0,0,,,,none,blockchain-valid_active_0,0,False,239,8,
n100-identities_c1-conc_mech-blockchain-1backend_valid-active_r30_audit-off_20260824T234458Z,obs_1784c960d07047eb879ec6e79c4129f0,2026-08-24T23:44:59.106410+00:00,blockchain,valid_active,5,1,UAV-VALID,ACCEPTED,ACCEPTED,True,21218400,21.2184,68100,20758500,0,4100,286900,6100,0,0,,,,none,blockchain-valid_active_0,0,False,238,8,
n100-identities_c1-conc_mech-blockchain-1backend_valid-active_r30_audit-off_20260824T234458Z,obs_93a2eda2ced649f1b7fb2128520bc3b7,2026-08-24T23:44:59.164627+00:00,blockchain,valid_active,6,1,UAV-VALID,ACCEPTED,ACCEPTED,True,41642400,41.6424,69600,40796200,0,4800,647700,10600,0,0,,,,none,blockchain-valid_active_0,0,False,238,8,
n100-identities_c1-conc_mech-blockchain-1backend_valid-active_r30_audit-off_20260824T234458Z,obs_68f6c83640954a57ab03a434105d7d29,2026-08-24T23:44:59.226092+00:00,blockchain,valid_active,7,1,UAV-VALID,ACCEPTED,ACCEPTED,True,43239500,43.2395,65700,42752600,0,4900,299000,7300,0,0,,,,none,blockchain-valid_active_0,0,False,238,8,
n100-identities_c1-conc_mech-blockchain-1backend_valid-active_r30_audit-off_20260824T234458Z,obs_0d171bd6c1564185b43da3f70122f83d,2026-08-24T23:44:59.296724+00:00,blockchain,valid_active,8,1,UAV-VALID,ACCEPTED,ACCEPTED,True,57598900,57.5989,193000,57035900,0,5000,350000,10900,0,0,,,,none,blockchain-valid_active_0,0,False,240,8,
n100-identities_c1-conc_mech-blockchain-1backend_valid-active_r30_audit-off_20260824T234458Z,obs_76f50a36862d40f79bd789e09f8a10d8,2026-08-24T23:44:59.356889+00:00,blockchain,valid_active,9,1,UAV-VALID,ACCEPTED,ACCEPTED,True,47631500,47.6315,105600,47036400,0,11100,344700,14100,0,0,,,,none,blockchain-valid_active_0,0,False,239,8,
n100-identities_c1-conc_mech-blockchain-1backend_valid-active_r30_audit-off_20260824T234458Z,obs_8a048b7c401e4a4ea21e1330ae5433ce,2026-08-24T23:44:59.451874+00:00,blockchain,valid_active,10,1,UAV-VALID,ACCEPTED,ACCEPTED,True,49870600,49.8706,71900,49076900,0,4500,506000,10400,0,0,,,,none,blockchain-valid_active_0,0,False,239,8,
n100-identities_c1-conc_mech-blockchain-1backend_valid-active_r30_audit-off_20260824T234458Z,obs_edf99c8cc7354c7e9e27edfc4fa942a4,2026-08-24T23:44:59.511535+00:00,blockchain,valid_active,11,1,UAV-VALID,ACCEPTED,ACCEPTED,True,35275300,35.2753,61500,34810200,0,4300,288000,7500,0,0,,,,none,blockchain-valid_active_0,0,False,239,8,
n100-identities_c1-conc_mech-blockchain-1backend_valid-active_r30_audit-off_20260824T234458Z,obs_8b36cab1787c43268cb4202540b1341d,2026-08-24T23:44:59.563250+00:00,blockchain,valid_active,12,1,UAV-VALID,ACCEPTED,ACCEPTED,True,36174000,36.174,78800,34917500,0,4900,1051900,12100,0,0,,,,none,blockchain-valid_active_0,0,False,239,8,
n100-identities_c1-conc_mech-blockchain-1backend_valid-active_r30_audit-off_20260824T234458Z,obs_bd8ee6ac2b744ec79395556116984964,2026-08-24T23:44:59.611758+00:00,blockchain,valid_active,13,1,UAV-VALID,ACCEPTED,ACCEPTED,True,34164800,34.1648,67300,33683300,0,4200,299300,7900,0,0,,,,none,blockchain-valid_active_0,0,False,238,8,
n100-identities_c1-conc_mech-blockchain-1backend_valid-active_r30_audit-off_20260824T234458Z,obs_a50e31a042ef4298aa7def82508ecb81,2026-08-24T23:44:59.655372+00:00,blockchain,valid_active,14,1,UAV-VALID,ACCEPTED,ACCEPTED,True,26867400,26.8674,62700,26396200,0,4700,283200,7200,0,0,,,,none,blockchain-valid_active_0,0,False,239,8,
n100-identities_c1-conc_mech-blockchain-1backend_valid-active_r30_audit-off_20260824T234458Z,obs_334066da623d4b059b7af5b51f77f20a,2026-08-24T23:44:59.691999+00:00,blockchain,valid_active,15,1,UAV-VALID,ACCEPTED,ACCEPTED,True,23073000,23.073,60100,22689600,0,4000,244100,8900,0,0,,,,none,blockchain-valid_active_0,0,False,238,8,
n100-identities_c1-conc_mech-blockchain-1backend_valid-active_r30_audit-off_20260824T234458Z,obs_e2a386dd446c4eefbb513f00fdb332e9,2026-08-24T23:44:59.733514+00:00,blockchain,valid_active,16,1,UAV-VALID,ACCEPTED,ACCEPTED,True,25515100,25.5151,61200,25060700,0,4300,269200,7800,0,0,,,,none,blockchain-valid_active_0,0,False,238,8,
n100-identities_c1-conc_mech-blockchain-1backend_valid-active_r30_audit-off_20260824T234458Z,obs_8cf3e97e0a8848cf805ee5bbc6067a05,2026-08-24T23:44:59.771172+00:00,blockchain,valid_active,17,1,UAV-VALID,ACCEPTED,ACCEPTED,True,27456200,27.4562,109200,26929600,0,4900,315200,8400,0,0,,,,none,blockchain-valid_active_0,0,False,239,8,
n100-identities_c1-conc_mech-blockchain-1backend_valid-active_r30_audit-off_20260824T234458Z,obs_768961b88302426b875bfb8b2dabd96c,2026-08-24T23:44:59.830190+00:00,blockchain,valid_active,18,1,UAV-VALID,ACCEPTED,ACCEPTED,True,48827300,48.8273,66800,48242800,0,4400,373700,10200,0,0,,,,none,blockchain-valid_active_0,0,False,240,8,
n100-identities_c1-conc_mech-blockchain-1backend_valid-active_r30_audit-off_20260824T234458Z,obs_84c8c8a56ef14155b2b27e1e9958afcb,2026-08-24T23:44:59.861173+00:00,blockchain,valid_active,19,1,UAV-VALID,ACCEPTED,ACCEPTED,True,21201800,21.2018,49400,20773200,0,2700,255500,5100,0,0,,,,none,blockchain-valid_active_0,0,False,238,8,
n100-identities_c1-conc_mech-blockchain-1backend_valid-active_r30_audit-off_20260824T234458Z,obs_4b2c7dd083dc476c9d19801eabfc9e50,2026-08-24T23:44:59.891270+00:00,blockchain,valid_active,20,1,UAV-VALID,ACCEPTED,ACCEPTED,True,20128200,20.1282,70900,19630700,0,4000,270300,7600,0,0,,,,none,blockchain-valid_active_0,0,False,238,8,
n100-identities_c1-conc_mech-blockchain-1backend_valid-active_r30_audit-off_20260824T234458Z,obs_84cc710136f04f0f8e6aa085a5057a2c,2026-08-24T23:44:59.922346+00:00,blockchain,valid_active,21,1,UAV-VALID,ACCEPTED,ACCEPTED,True,20399100,20.3991,49000,19966300,0,4800,264100,7400,0,0,,,,none,blockchain-valid_active_0,0,False,238,8,
n100-identities_c1-conc_mech-blockchain-1backend_valid-active_r30_audit-off_20260824T234458Z,obs_e7c0964495dd4b3b8f7576fae3412d95,2026-08-24T23:44:59.955071+00:00,blockchain,valid_active,22,1,UAV-VALID,ACCEPTED,ACCEPTED,True,22047400,22.0474,77100,21531300,0,3100,276700,8000,0,0,,,,none,blockchain-valid_active_0,0,False,239,8,
n100-identities_c1-conc_mech-blockchain-1backend_valid-active_r30_audit-off_20260824T234458Z,obs_ac0e88e2ad494bf688c62d63f5acc6a3,2026-08-24T23:44:59.993464+00:00,blockchain,valid_active,23,1,UAV-VALID,ACCEPTED,ACCEPTED,True,26477100,26.4771,72900,25973000,0,4600,298200,8700,0,0,,,,none,blockchain-valid_active_0,0,False,240,8,
n100-identities_c1-conc_mech-blockchain-1backend_valid-active_r30_audit-off_20260824T234458Z,obs_5bff418fe22649388ccaf92864e233bb,2026-08-24T23:45:00.057724+00:00,blockchain,valid_active,24,1,UAV-VALID,ACCEPTED,ACCEPTED,True,52631800,52.6318,54100,43613500,0,5500,8758000,17600,0,0,,,,none,blockchain-valid_active_0,0,False,238,8,
n100-identities_c1-conc_mech-blockchain-1backend_valid-active_r30_audit-off_20260824T234458Z,obs_ff170041de174d5d931d9a4578f62e14,2026-08-24T23:45:00.109546+00:00,blockchain,valid_active,25,1,UAV-VALID,ACCEPTED,ACCEPTED,True,32577200,32.5772,67500,32072400,0,5000,299500,9600,0,0,,,,none,blockchain-valid_active_0,0,False,239,8,
n100-identities_c1-conc_mech-blockchain-1backend_valid-active_r30_audit-off_20260824T234458Z,obs_53525b5022514a59ae75578c4311f74e,2026-08-24T23:45:00.149495+00:00,blockchain,valid_active,26,1,UAV-VALID,ACCEPTED,ACCEPTED,True,28600600,28.6006,59900,28124600,0,4900,272700,7400,0,0,,,,none,blockchain-valid_active_0,0,False,239,8,
n100-identities_c1-conc_mech-blockchain-1backend_valid-active_r30_audit-off_20260824T234458Z,obs_2f1980e6191f4a07bef8dad86085b8cc,2026-08-24T23:45:00.201499+00:00,blockchain,valid_active,27,1,UAV-VALID,ACCEPTED,ACCEPTED,True,39827200,39.8272,1189100,39250200,0,4200,353000,10100,0,0,,,,none,blockchain-valid_active_0,0,False,239,8,
n100-identities_c1-conc_mech-blockchain-1backend_valid-active_r30_audit-off_20260824T234458Z,obs_8414d75d51c94d16939524073a3bd2ce,2026-08-24T23:45:00.250299+00:00,blockchain,valid_active,28,1,UAV-VALID,ACCEPTED,ACCEPTED,True,30732500,30.7325,129200,30111500,0,5700,347800,9300,0,0,,,,none,blockchain-valid_active_0,0,False,240,8,
n100-identities_c1-conc_mech-blockchain-1backend_valid-active_r30_audit-off_20260824T234458Z,obs_7b66b12ec9f0467196c0d97506615915,2026-08-24T23:45:00.289698+00:00,blockchain,valid_active,29,1,UAV-VALID,ACCEPTED,ACCEPTED,True,22630700,22.6307,79800,22184200,0,3200,261500,5700,0,0,,,,none,blockchain-valid_active_0,0,False,239,8,
n100-identities_c5-conc_mech-x509-1backend_valid-active_r30_audit-off_20260824T234501Z,obs_eff6fe5ff1954342a687fc65bd42e4c3,2026-08-24T23:45:01.686004+00:00,x509,valid_active,0,5,UAV-VALID,ACCEPTED,ACCEPTED,True,20045900,20.0459,47400,214700,19432300,0,213100,6000,0,0,,,,none,x509-valid_active_0,0,True,240,8,
n100-identities_c5-conc_mech-x509-1backend_valid-active_r30_audit-off_20260824T234501Z,obs_1c325e53f60f484fa844102af9991b72,2026-08-24T23:45:01.704215+00:00,x509,valid_active,1,5,UAV-VALID,ACCEPTED,ACCEPTED,True,17076100,17.0761,64800,92900,16584300,0,252700,9000,0,0,,,,none,x509-valid_active_3,0,False,238,8,
n100-identities_c5-conc_mech-x509-1backend_valid-active_r30_audit-off_20260824T234501Z,obs_fbf840bfee36413d96c62822dc4f25f2,2026-08-24T23:45:01.704774+00:00,x509,valid_active,1,5,UAV-VALID,ACCEPTED,ACCEPTED,True,16203400,16.2034,56100,144000,15799600,0,169700,4200,0,0,,,,none,x509-valid_active_1,0,True,239,8,
n100-identities_c5-conc_mech-x509-1backend_valid-active_r30_audit-off_20260824T234501Z,obs_04b32af34dc44856a07de81b2a874d23,2026-08-24T23:45:01.708208+00:00,x509,valid_active,0,5,UAV-VALID,ACCEPTED,ACCEPTED,True,15851200,15.8512,41800,120700,15342300,0,239000,7600,0,0,,,,none,x509-valid_active_2,0,False,239,8,
n100-identities_c5-conc_mech-x509-1backend_valid-active_r30_audit-off_20260824T234501Z,obs_5601499db76d42f39e8f58ec37419f90,2026-08-24T23:45:01.716548+00:00,x509,valid_active,2,5,UAV-VALID,ACCEPTED,ACCEPTED,True,23330900,23.3309,37900,84900,22830000,0,269500,8800,0,0,,,,none,x509-valid_active_4,0,False,238,8,
n100-identities_c5-conc_mech-x509-1backend_valid-active_r30_audit-off_20260824T234501Z,obs_0f6d676a0c344cc4a25a17f3b9a9b1a4,2026-08-24T23:45:01.740307+00:00,x509,valid_active,3,5,UAV-VALID,ACCEPTED,ACCEPTED,True,24835600,24.8356,55700,130300,24361100,0,190000,4700,0,0,,,,none,x509-valid_active_0,0,False,238,8,
n100-identities_c5-conc_mech-x509-1backend_valid-active_r30_audit-off_20260824T234501Z,obs_f5165022d5a2469a9d5e59fa6a5428d7,2026-08-24T23:45:01.762983+00:00,x509,valid_active,4,5,UAV-VALID,ACCEPTED,ACCEPTED,True,21755100,21.7551,67200,100700,21193600,0,262300,8700,0,0,,,,none,x509-valid_active_3,0,False,240,8,
n100-identities_c5-conc_mech-x509-1backend_valid-active_r30_audit-off_20260824T234501Z,obs_4fc8a6df8f00496c9f3032db63bdb923,2026-08-24T23:45:01.765732+00:00,x509,valid_active,7,5,UAV-VALID,ACCEPTED,ACCEPTED,True,12536800,12.5368,106200,91000,11971100,0,308100,7700,0,0,,,,none,x509-valid_active_4,0,False,240,8,
n100-identities_c5-conc_mech-x509-1backend_valid-active_r30_audit-off_20260824T234501Z,obs_35963eda69da4e168621ac5e6df58371,2026-08-24T23:45:01.770038+00:00,x509,valid_active,5,5,UAV-VALID,ACCEPTED,ACCEPTED,True,30554700,30.5547,33300,113800,30005400,0,260500,7800,0,0,,,,none,x509-valid_active_1,0,False,239,8,
n100-identities_c5-conc_mech-x509-1backend_valid-active_r30_audit-off_20260824T234501Z,obs_1268bd58627d485f93447821749a3f02,2026-08-24T23:45:01.785472+00:00,x509,valid_active,6,5,UAV-VALID,ACCEPTED,ACCEPTED,True,32983700,32.9837,52800,126800,32394700,0,271600,7400,0,0,,,,none,x509-valid_active_2,0,False,239,8,
n100-identities_c5-conc_mech-x509-1backend_valid-active_r30_audit-off_20260824T234501Z,obs_665c22377efd415ca2ba67a78a741889,2026-08-24T23:45:01.790159+00:00,x509,valid_active,8,5,UAV-VALID,ACCEPTED,ACCEPTED,True,18675400,18.6754,62800,67000,18261200,0,199100,8800,0,0,,,,none,x509-valid_active_0,0,False,239,8,
n100-identities_c5-conc_mech-x509-1backend_valid-active_r30_audit-off_20260824T234501Z,obs_2b0fdc33f9dc4830a9b882f66da85c71,2026-08-24T23:45:01.818644+00:00,x509,valid_active,9,5,UAV-VALID,ACCEPTED,ACCEPTED,True,17111300,17.1113,36600,80400,16665600,0,232500,6200,0,0,,,,none,x509-valid_active_3,0,False,240,8,
n100-identities_c5-conc_mech-x509-1backend_valid-active_r30_audit-off_20260824T234501Z,obs_1f17ffb47f6a4c0b8395365b6c72928a,2026-08-24T23:45:01.819802+00:00,x509,valid_active,11,5,UAV-VALID,ACCEPTED,ACCEPTED,True,17648300,17.6483,59600,94600,17258700,0,171300,4500,0,0,,,,none,x509-valid_active_1,0,False,239,8,
n100-identities_c5-conc_mech-x509-1backend_valid-active_r30_audit-off_20260824T234501Z,obs_db26f7b80cf44f5e8eb8a12a261e1475,2026-08-24T23:45:01.820276+00:00,x509,valid_active,10,5,UAV-VALID,ACCEPTED,ACCEPTED,True,16980100,16.9801,45300,98800,16617700,0,158100,3700,0,0,,,,none,x509-valid_active_4,0,False,238,8,
n100-identities_c5-conc_mech-x509-1backend_valid-active_r30_audit-off_20260824T234501Z,obs_0e13415ff241470689adbd0af77aef4c,2026-08-24T23:45:01.833589+00:00,x509,valid_active,12,5,UAV-VALID,ACCEPTED,ACCEPTED,True,17347500,17.3475,62000,167000,16722200,0,262400,6100,0,0,,,,none,x509-valid_active_2,0,False,238,8,
n100-identities_c5-conc_mech-x509-1backend_valid-active_r30_audit-off_20260824T234501Z,obs_59217afcf041449aa59b7875fc6b0aee,2026-08-24T23:45:01.837819+00:00,x509,valid_active,13,5,UAV-VALID,ACCEPTED,ACCEPTED,True,23166200,23.1662,55000,108400,22600600,0,281700,6300,0,0,,,,none,x509-valid_active_0,0,False,240,8,
n100-identities_c5-conc_mech-x509-1backend_valid-active_r30_audit-off_20260824T234501Z,obs_c4fdd1c86acd4e02a194f68dd021aa17,2026-08-24T23:45:01.864987+00:00,x509,valid_active,14,5,UAV-VALID,ACCEPTED,ACCEPTED,True,18162200,18.1622,41200,122800,17637300,0,241800,6400,0,0,,,,none,x509-valid_active_3,0,False,238,8,
n100-identities_c5-conc_mech-x509-1backend_valid-active_r30_audit-off_20260824T234501Z,obs_c7ab0f92e600409ea1bf84fee7750e9e,2026-08-24T23:45:01.865713+00:00,x509,valid_active,16,5,UAV-VALID,ACCEPTED,ACCEPTED,True,11826400,11.8264,54600,72400,11436200,0,204100,5300,0,0,,,,none,x509-valid_active_4,0,False,239,8,
n100-identities_c5-conc_mech-x509-1backend_valid-active_r30_audit-off_20260824T234501Z,obs_fb49ac923b2c4729b536c84a3f88d647,2026-08-24T23:45:01.875230+00:00,x509,valid_active,15,5,UAV-VALID,ACCEPTED,ACCEPTED,True,14014000,14.014,37500,70400,13554000,0,253300,8800,0,0,,,,none,x509-valid_active_1,0,False,239,8,
n100-identities_c5-conc_mech-x509-1backend_valid-active_r30_audit-off_20260824T234501Z,obs_7624ca3d4d3042298ba53c68b21601f7,2026-08-24T23:45:01.889491+00:00,x509,valid_active,18,5,UAV-VALID,ACCEPTED,ACCEPTED,True,20905200,20.9052,36200,116300,20426600,0,212300,5200,0,0,,,,none,x509-valid_active_0,0,False,240,8,
n100-identities_c5-conc_mech-x509-1backend_valid-active_r30_audit-off_20260824T234501Z,obs_cd7703f15e484c9894fc6e1724d5a6df,2026-08-24T23:45:01.896219+00:00,x509,valid_active,17,5,UAV-VALID,ACCEPTED,ACCEPTED,True,22132300,22.1323,55400,98400,21628900,0,251000,8100,0,0,,,,none,x509-valid_active_2,0,False,238,8,
n100-identities_c5-conc_mech-x509-1backend_valid-active_r30_audit-off_20260824T234501Z,obs_8bc25995f8e44b73b3e71297a6390452,2026-08-24T23:45:01.914461+00:00,x509,valid_active,20,5,UAV-VALID,ACCEPTED,ACCEPTED,True,20627800,20.6278,91000,113600,20087900,0,233000,5700,0,0,,,,none,x509-valid_active_4,0,False,239,8,
n100-identities_c5-conc_mech-x509-1backend_valid-active_r30_audit-off_20260824T234501Z,obs_2e2e1629e56c4ed8814bf8629411a095,2026-08-24T23:45:01.916176+00:00,x509,valid_active,19,5,UAV-VALID,ACCEPTED,ACCEPTED,True,21050100,21.0501,48200,109500,20497700,0,272500,8100,0,0,,,,none,x509-valid_active_3,0,False,240,8,
n100-identities_c5-conc_mech-x509-1backend_valid-active_r30_audit-off_20260824T234501Z,obs_b270c131af19484db021225749678ea1,2026-08-24T23:45:01.924784+00:00,x509,valid_active,21,5,UAV-VALID,ACCEPTED,ACCEPTED,True,15001200,15.0012,50800,94700,14503200,0,251600,6600,0,0,,,,none,x509-valid_active_1,0,False,238,8,
n100-identities_c5-conc_mech-x509-1backend_valid-active_r30_audit-off_20260824T234501Z,obs_0afc150cfd0f4ad39176f118f3b271d7,2026-08-24T23:45:01.943555+00:00,x509,valid_active,22,5,UAV-VALID,ACCEPTED,ACCEPTED,True,17864000,17.864,37600,91200,17493300,0,171000,4900,0,0,,,,none,x509-valid_active_0,0,False,240,8,
n100-identities_c5-conc_mech-x509-1backend_valid-active_r30_audit-off_20260824T234501Z,obs_359926c6a0db4c37974148e81b1cbd3a,2026-08-24T23:45:01.950259+00:00,x509,valid_active,23,5,UAV-VALID,ACCEPTED,ACCEPTED,True,21806700,21.8067,47300,115600,21222700,0,284600,7400,0,0,,,,none,x509-valid_active_2,0,False,240,8,
n100-identities_c5-conc_mech-x509-1backend_valid-active_r30_audit-off_20260824T234501Z,obs_34b9829e93af4720ba702af3f1318488,2026-08-24T23:45:01.959632+00:00,x509,valid_active,24,5,UAV-VALID,ACCEPTED,ACCEPTED,True,18013600,18.0136,53800,100600,17600800,0,186200,4500,0,0,,,,none,x509-valid_active_4,0,False,239,8,
n100-identities_c5-conc_mech-x509-1backend_valid-active_r30_audit-off_20260824T234501Z,obs_32b6d21dd9574152815b026824c3792e,2026-08-24T23:45:01.968534+00:00,x509,valid_active,25,5,UAV-VALID,ACCEPTED,ACCEPTED,True,17794600,17.7946,38400,75500,17445600,0,170300,4600,0,0,,,,none,x509-valid_active_3,0,False,239,8,
n100-identities_c5-conc_mech-x509-1backend_valid-active_r30_audit-off_20260824T234501Z,obs_c7bb9ce56bba46c5bc49f13acbaf524f,2026-08-24T23:45:01.984374+00:00,x509,valid_active,26,5,UAV-VALID,ACCEPTED,ACCEPTED,True,17262700,17.2627,43000,93900,16843900,0,190900,5600,0,0,,,,none,x509-valid_active_1,0,False,238,8,
n100-identities_c5-conc_mech-x509-1backend_valid-active_r30_audit-off_20260824T234501Z,obs_2efd0b3685004835b96433d5ba5cbb3e,2026-08-24T23:45:01.985022+00:00,x509,valid_active,27,5,UAV-VALID,ACCEPTED,ACCEPTED,True,11154200,11.1542,40300,102800,10715800,0,195000,5100,0,0,,,,none,x509-valid_active_0,0,False,238,8,
n100-identities_c5-conc_mech-x509-1backend_valid-active_r30_audit-off_20260824T234501Z,obs_c741b419c9154e8e9e80a0f5920beb4a,2026-08-24T23:45:01.989010+00:00,x509,valid_active,29,5,UAV-VALID,ACCEPTED,ACCEPTED,True,5667100,5.6671,60300,114600,5148400,0,235600,6500,0,0,,,,none,x509-valid_active_4,0,False,239,8,
n100-identities_c5-conc_mech-x509-1backend_valid-active_r30_audit-off_20260824T234501Z,obs_9c55099faf1544a28c027768a9349f2b,2026-08-24T23:45:01.989776+00:00,x509,valid_active,28,5,UAV-VALID,ACCEPTED,ACCEPTED,True,4413200,4.4132,58300,270700,3598800,0,239700,14000,0,0,,,,none,x509-valid_active_2,0,False,240,8,
n100-identities_c5-conc_mech-blockchain-1backend_valid-active_r30_audit-off_20260824T234503Z,obs_7c1f696501774651ac41220dd005fff2,2026-08-24T23:45:03.491862+00:00,blockchain,valid_active,1,5,UAV-VALID,ACCEPTED,ACCEPTED,True,55694100,55.6941,69600,55282400,0,5700,240000,6400,0,0,,,,none,blockchain-valid_active_1,0,True,240,8,
n100-identities_c5-conc_mech-blockchain-1backend_valid-active_r30_audit-off_20260824T234503Z,obs_7eaa6871273e4802b3dd813dca71103b,2026-08-24T23:45:03.525349+00:00,blockchain,valid_active,0,5,UAV-VALID,ACCEPTED,ACCEPTED,True,83097700,83.0977,50300,82607100,0,5800,283200,8200,0,0,,,,none,blockchain-valid_active_0,0,True,239,8,
n100-identities_c5-conc_mech-blockchain-1backend_valid-active_r30_audit-off_20260824T234503Z,obs_751921828de24fd6bcad7508afbf4f43,2026-08-24T23:45:03.527287+00:00,blockchain,valid_active,0,5,UAV-VALID,ACCEPTED,ACCEPTED,True,79002600,79.0026,50500,78592900,0,4900,254400,8100,0,0,,,,none,blockchain-valid_active_2,0,False,238,8,
n100-identities_c5-conc_mech-blockchain-1backend_valid-active_r30_audit-off_20260824T234503Z,obs_9ad52b2fb192402f9ad15d1ecb649cd3,2026-08-24T23:45:03.529734+00:00,blockchain,valid_active,2,5,UAV-VALID,ACCEPTED,ACCEPTED,True,69336000,69.336,38300,68930900,0,4700,253100,6400,0,0,,,,none,blockchain-valid_active_4,0,False,240,8,
n100-identities_c5-conc_mech-blockchain-1backend_valid-active_r30_audit-off_20260824T234503Z,obs_3f91810a3b6141a1bfd14cd571d2a239,2026-08-24T23:45:03.561265+00:00,blockchain,valid_active,1,5,UAV-VALID,ACCEPTED,ACCEPTED,True,103138400,103.1384,38400,102469600,0,6800,492200,9800,0,0,,,,none,blockchain-valid_active_3,0,False,239,8,
n100-identities_c5-conc_mech-blockchain-1backend_valid-active_r30_audit-off_20260824T234503Z,obs_54d43e5e931f4b97b7096c688f617d2f,2026-08-24T23:45:03.602250+00:00,blockchain,valid_active,3,5,UAV-VALID,ACCEPTED,ACCEPTED,True,83309600,83.3096,48700,82996800,0,3800,190600,4800,0,0,,,,none,blockchain-valid_active_1,0,False,240,8,
n100-identities_c5-conc_mech-blockchain-1backend_valid-active_r30_audit-off_20260824T234503Z,obs_3692825e19214cfdbd9a188f0d137753,2026-08-24T23:45:03.629796+00:00,blockchain,valid_active,5,5,UAV-VALID,ACCEPTED,ACCEPTED,True,58138800,58.1388,55400,57615500,0,6300,337800,9700,0,0,,,,none,blockchain-valid_active_2,0,False,239,8,
n100-identities_c5-conc_mech-blockchain-1backend_valid-active_r30_audit-off_20260824T234503Z,obs_47f8b13f5da4462d973a8cb0367cfbb5,2026-08-24T23:45:03.653465+00:00,blockchain,valid_active,6,5,UAV-VALID,ACCEPTED,ACCEPTED,True,80408700,80.4087,45000,79983200,0,6300,263200,6000,0,0,,,,none,blockchain-valid_active_4,0,False,238,8,
n100-identities_c5-conc_mech-blockchain-1backend_valid-active_r30_audit-off_20260824T234503Z,obs_35665368818f4365b719efab624611d2,2026-08-24T23:45:03.656234+00:00,blockchain,valid_active,4,5,UAV-VALID,ACCEPTED,ACCEPTED,True,74641700,74.6417,61900,74223200,0,3400,261500,6900,0,0,,,,none,blockchain-valid_active_0,0,False,239,8,
n100-identities_c5-conc_mech-blockchain-1backend_valid-active_r30_audit-off_20260824T234503Z,obs_96ac42dcd572412f9b871f605f6e6313,2026-08-24T23:45:03.691980+00:00,blockchain,valid_active,7,5,UAV-VALID,ACCEPTED,ACCEPTED,True,103101900,103.1019,61000,102684000,0,5500,252300,6900,0,0,,,,none,blockchain-valid_active_3,0,False,239,8,
n100-identities_c5-conc_mech-blockchain-1backend_valid-active_r30_audit-off_20260824T234503Z,obs_a336365d8c354ac2a7002dbb9b067155,2026-08-24T23:45:03.713706+00:00,blockchain,valid_active,8,5,UAV-VALID,ACCEPTED,ACCEPTED,True,82278000,82.278,71800,81887300,0,4900,241000,5700,0,0,,,,none,blockchain-valid_active_1,0,False,238,8,
n100-identities_c5-conc_mech-blockchain-1backend_valid-active_r30_audit-off_20260824T234503Z,obs_91af25692ad5443bb8d5be79ac1c8305,2026-08-24T23:45:03.724665+00:00,blockchain,valid_active,9,5,UAV-VALID,ACCEPTED,ACCEPTED,True,62907000,62.907,73100,62419000,0,4300,282900,5400,0,0,,,,none,blockchain-valid_active_2,0,False,240,8,
n100-identities_c5-conc_mech-blockchain-1backend_valid-active_r30_audit-off_20260824T234503Z,obs_77124da24164466f809b9430d1c19ec1,2026-08-24T23:45:03.781018+00:00,blockchain,valid_active,10,5,UAV-VALID,ACCEPTED,ACCEPTED,True,82478700,82.4787,68700,81979900,0,6600,302100,9200,0,0,,,,none,blockchain-valid_active_4,0,False,239,8,
n100-identities_c5-conc_mech-blockchain-1backend_valid-active_r30_audit-off_20260824T234503Z,obs_de143ee41a4b44849c5406fa3ac62012,2026-08-24T23:45:03.804865+00:00,blockchain,valid_active,11,5,UAV-VALID,ACCEPTED,ACCEPTED,True,101062400,101.0624,58300,99718700,0,5800,1154400,12500,0,0,,,,none,blockchain-valid_active_0,0,False,240,8,
n100-identities_c5-conc_mech-blockchain-1backend_valid-active_r30_audit-off_20260824T234503Z,obs_50412e05e8904ef0a91d7e975f1c4526,2026-08-24T23:45:03.812596+00:00,blockchain,valid_active,12,5,UAV-VALID,ACCEPTED,ACCEPTED,True,96575400,96.5754,54100,96120500,0,6400,234200,6200,0,0,,,,none,blockchain-valid_active_3,0,False,240,8,
n100-identities_c5-conc_mech-blockchain-1backend_valid-active_r30_audit-off_20260824T234503Z,obs_873852cef15940d5826667a311b334ea,2026-08-24T23:45:03.822327+00:00,blockchain,valid_active,13,5,UAV-VALID,ACCEPTED,ACCEPTED,True,82305000,82.305,56100,81901500,0,4600,246300,6800,0,0,,,,none,blockchain-valid_active_1,0,False,239,8,
n100-identities_c5-conc_mech-blockchain-1backend_valid-active_r30_audit-off_20260824T234503Z,obs_5bac99d9a7e04fdc8a1ccbad37d19068,2026-08-24T23:45:03.839311+00:00,blockchain,valid_active,14,5,UAV-VALID,ACCEPTED,ACCEPTED,True,82468100,82.4681,42700,82160800,0,3500,194400,4300,0,0,,,,none,blockchain-valid_active_2,0,False,239,8,
n100-identities_c5-conc_mech-blockchain-1backend_valid-active_r30_audit-off_20260824T234503Z,obs_9a39b768fd144632b0fdd81a869911b8,2026-08-24T23:45:03.903401+00:00,blockchain,valid_active,15,5,UAV-VALID,ACCEPTED,ACCEPTED,True,94255600,94.2556,65200,93839100,0,5200,247500,7100,0,0,,,,none,blockchain-valid_active_4,0,False,238,8,
n100-identities_c5-conc_mech-blockchain-1backend_valid-active_r30_audit-off_20260824T234503Z,obs_c141665adc50422b90c964feed217e0d,2026-08-24T23:45:03.934332+00:00,blockchain,valid_active,17,5,UAV-VALID,ACCEPTED,ACCEPTED,True,76466200,76.4662,59300,75993700,0,5000,253500,5400,0,0,,,,none,blockchain-valid_active_3,0,False,239,8,
n100-identities_c5-conc_mech-blockchain-1backend_valid-active_r30_audit-off_20260824T234503Z,obs_80972957798d4dfe9f2caa845dc0a6e6,2026-08-24T23:45:03.936660+00:00,blockchain,valid_active,18,5,UAV-VALID,ACCEPTED,ACCEPTED,True,85324800,85.3248,65500,84968300,0,3300,207900,6300,0,0,,,,none,blockchain-valid_active_1,0,False,239,8,
n100-identities_c5-conc_mech-blockchain-1backend_valid-active_r30_audit-off_20260824T234503Z,obs_ff07efc663904e0293e3ab2be3da451a,2026-08-24T23:45:03.954403+00:00,blockchain,valid_active,19,5,UAV-VALID,ACCEPTED,ACCEPTED,True,84852600,84.8526,65800,84378800,0,5300,271600,29200,0,0,,,,none,blockchain-valid_active_2,0,False,238,8,
n100-identities_c5-conc_mech-blockchain-1backend_valid-active_r30_audit-off_20260824T234503Z,obs_27cd966e40e64276957d8894db287494,2026-08-24T23:45:03.966058+00:00,blockchain,valid_active,16,5,UAV-VALID,ACCEPTED,ACCEPTED,True,122212800,122.2128,43900,121898300,0,3400,191200,4300,0,0,,,,none,blockchain-valid_active_0,0,False,239,8,
n100-identities_c5-conc_mech-blockchain-1backend_valid-active_r30_audit-off_20260824T234503Z,obs_4fb755fbeae1436fb877bdb997959cf7,2026-08-24T23:45:04.025052+00:00,blockchain,valid_active,22,5,UAV-VALID,ACCEPTED,ACCEPTED,True,54253800,54.2538,49600,53918700,0,5300,203400,7000,0,0,,,,none,blockchain-valid_active_1,0,False,239,8,
n100-identities_c5-conc_mech-blockchain-1backend_valid-active_r30_audit-off_20260824T234503Z,obs_6b8b7fa020e1448e9273da4c5ad9b760,2026-08-24T23:45:04.028692+00:00,blockchain,valid_active,20,5,UAV-VALID,ACCEPTED,ACCEPTED,True,60975300,60.9753,37700,60622200,0,4000,213300,7900,0,0,,,,none,blockchain-valid_active_4,0,False,239,8,
n100-identities_c5-conc_mech-blockchain-1backend_valid-active_r30_audit-off_20260824T234503Z,obs_6e0a9bceed0f497f91f285d3cb8bfb38,2026-08-24T23:45:04.032506+00:00,blockchain,valid_active,21,5,UAV-VALID,ACCEPTED,ACCEPTED,True,60276400,60.2764,33700,59922500,0,5400,219300,5400,0,0,,,,none,blockchain-valid_active_3,0,False,239,8,
n100-identities_c5-conc_mech-blockchain-1backend_valid-active_r30_audit-off_20260824T234503Z,obs_744d2b21fd814e99b0810b089704b91e,2026-08-24T23:45:04.043565+00:00,blockchain,valid_active,23,5,UAV-VALID,ACCEPTED,ACCEPTED,True,62505300,62.5053,53700,62188800,0,3500,195100,4600,0,0,,,,none,blockchain-valid_active_2,0,False,239,8,
n100-identities_c5-conc_mech-blockchain-1backend_valid-active_r30_audit-off_20260824T234503Z,obs_06b04a8671f04c66a90ab13e5000b450,2026-08-24T23:45:04.046713+00:00,blockchain,valid_active,24,5,UAV-VALID,ACCEPTED,ACCEPTED,True,57012800,57.0128,39600,56544500,0,4300,268400,6600,0,0,,,,none,blockchain-valid_active_0,0,False,239,8,
n100-identities_c5-conc_mech-blockchain-1backend_valid-active_r30_audit-off_20260824T234503Z,obs_029d59ef57934290bcb2b921319c9888,2026-08-24T23:45:04.125401+00:00,blockchain,valid_active,25,5,UAV-VALID,ACCEPTED,ACCEPTED,True,68396700,68.3967,52400,67974200,0,5900,259200,8400,0,0,,,,none,blockchain-valid_active_1,0,False,240,8,
n100-identities_c5-conc_mech-blockchain-1backend_valid-active_r30_audit-off_20260824T234503Z,obs_f3c64fe7b81e446491642c0dc17b523f,2026-08-24T23:45:04.144752+00:00,blockchain,valid_active,26,5,UAV-VALID,ACCEPTED,ACCEPTED,True,74746700,74.7467,61600,73921800,0,7400,399100,9600,0,0,,,,none,blockchain-valid_active_4,0,False,239,8,
n100-identities_c5-conc_mech-blockchain-1backend_valid-active_r30_audit-off_20260824T234503Z,obs_1f1db82b2e6c4a2cbb1fa1c182d74226,2026-08-24T23:45:04.155574+00:00,blockchain,valid_active,29,5,UAV-VALID,ACCEPTED,ACCEPTED,True,69643700,69.6437,41300,69152400,0,5500,274300,7000,0,0,,,,none,blockchain-valid_active_0,0,False,240,8,
n100-identities_c5-conc_mech-blockchain-1backend_valid-active_r30_audit-off_20260824T234503Z,obs_8f8c2626d86e433fb92e43970944c8a8,2026-08-24T23:45:04.158058+00:00,blockchain,valid_active,27,5,UAV-VALID,ACCEPTED,ACCEPTED,True,83166100,83.1661,40000,81852700,0,3600,1140500,17200,0,0,,,,none,blockchain-valid_active_3,0,False,238,8,
n100-identities_c5-conc_mech-blockchain-1backend_valid-active_r30_audit-off_20260824T234503Z,obs_70a06265f3684f789ae5ee1ab083c516,2026-08-24T23:45:04.160547+00:00,blockchain,valid_active,28,5,UAV-VALID,ACCEPTED,ACCEPTED,True,71598800,71.5988,39300,71179800,0,5000,260400,7500,0,0,,,,none,blockchain-valid_active_2,0,False,239,8,
n100-identities_c10-conc_mech-x509-1backend_valid-active_r30_audit-off_20260824T234505Z,obs_4ab09d74708d416fb8a33603c0af14f2,2026-08-24T23:45:05.917794+00:00,x509,valid_active,0,10,UAV-VALID,ACCEPTED,ACCEPTED,True,48344100,48.3441,85200,178500,47595300,0,370100,8500,0,0,,,,none,x509-valid_active_0,0,True,238,8,
n100-identities_c10-conc_mech-x509-1backend_valid-active_r30_audit-off_20260824T234505Z,obs_f7e833dcedb84029bacd9dbe5ad33862,2026-08-24T23:45:05.996009+00:00,x509,valid_active,1,10,UAV-VALID,ACCEPTED,ACCEPTED,True,93998900,93.9989,105800,140800,93329100,0,327900,10200,0,0,,,,none,x509-valid_active_1,0,True,239,8,
n100-identities_c10-conc_mech-x509-1backend_valid-active_r30_audit-off_20260824T234505Z,obs_daaa5d0d81ae42fa9b18e14eef02c3ad,2026-08-24T23:45:06.004691+00:00,x509,valid_active,2,10,UAV-VALID,ACCEPTED,ACCEPTED,True,44064700,44.0647,68300,172200,43392300,0,294500,9400,0,0,,,,none,x509-valid_active_4,0,False,239,8,
n100-identities_c10-conc_mech-x509-1backend_valid-active_r30_audit-off_20260824T234505Z,obs_9c1c02dbda14484b8844c632e19e9799,2026-08-24T23:45:06.034075+00:00,x509,valid_active,1,10,UAV-VALID,ACCEPTED,ACCEPTED,True,49471600,49.4716,50800,144200,48827100,0,306500,8100,0,0,,,,none,x509-valid_active_3,0,False,240,8,
n100-identities_c10-conc_mech-x509-1backend_valid-active_r30_audit-off_20260824T234505Z,obs_3f873da2d0eb4dcd9d4ed4ee50746162,2026-08-24T23:45:06.071251+00:00,x509,valid_active,4,10,UAV-VALID,ACCEPTED,ACCEPTED,True,57999000,57.999,67100,105100,57428000,0,283100,8400,0,0,,,,none,x509-valid_active_0,0,False,240,8,
n100-identities_c10-conc_mech-x509-1backend_valid-active_r30_audit-off_20260824T234505Z,obs_1ebfb5589bdb4b3d8edd9e4241777611,2026-08-24T23:45:06.073069+00:00,x509,valid_active,6,10,UAV-VALID,ACCEPTED,ACCEPTED,True,40911600,40.9116,50000,160800,39851000,0,402500,8600,0,0,,,,none,x509-valid_active_7,0,False,238,8,
n100-identities_c10-conc_mech-x509-1backend_valid-active_r30_audit-off_20260824T234505Z,obs_c629669bcbd84ef496ef2429e9f7b26d,2026-08-24T23:45:06.092768+00:00,x509,valid_active,0,10,UAV-VALID,ACCEPTED,ACCEPTED,True,99849400,99.8494,87500,151600,99192400,0,283400,6800,0,0,,,,none,x509-valid_active_2,0,False,238,8,
n100-identities_c10-conc_mech-x509-1backend_valid-active_r30_audit-off_20260824T234505Z,obs_65a5c57d0f36404da7ca34be2569ba39,2026-08-24T23:45:06.099549+00:00,x509,valid_active,7,10,UAV-VALID,ACCEPTED,ACCEPTED,True,59809400,59.8094,59600,146400,59213200,0,277200,8200,0,0,,,,none,x509-valid_active_8,0,False,238,8,
n100-identities_c10-conc_mech-x509-1backend_valid-active_r30_audit-off_20260824T234505Z,obs_4b4a9dafac19478c97f2aa356317802f,2026-08-24T23:45:06.117598+00:00,x509,valid_active,3,10,UAV-VALID,ACCEPTED,ACCEPTED,True,87723000,87.723,42200,191200,86848300,0,406800,59700,0,0,,,,none,x509-valid_active_5,0,False,239,8,
n100-identities_c10-conc_mech-x509-1backend_valid-active_r30_audit-off_20260824T234505Z,obs_203c5393975245c38dceb909706c5b66,2026-08-24T23:45:06.122255+00:00,x509,valid_active,8,10,UAV-VALID,ACCEPTED,ACCEPTED,True,43426800,43.4268,71100,205400,42749700,0,252600,9700,0,0,,,,none,x509-valid_active_9,0,False,240,8,
n100-identities_c10-conc_mech-x509-1backend_valid-active_r30_audit-off_20260824T234505Z,obs_efa3399f78e844d7bc60ad60660e6e27,2026-08-24T23:45:06.140545+00:00,x509,valid_active,5,10,UAV-VALID,ACCEPTED,ACCEPTED,True,96125000,96.125,74100,181800,95583000,0,198800,5400,0,0,,,,none,x509-valid_active_6,0,False,238,8,
n100-identities_c10-conc_mech-x509-1backend_valid-active_r30_audit-off_20260824T234505Z,obs_f67c2672fa654ee68fdeec76d873446a,2026-08-24T23:45:06.150559+00:00,x509,valid_active,10,10,UAV-VALID,ACCEPTED,ACCEPTED,True,59007500,59.0075,69000,132900,58416300,0,273200,9000,0,0,,,,none,x509-valid_active_4,0,False,240,8,
n100-identities_c10-conc_mech-x509-1backend_valid-active_r30_audit-off_20260824T234505Z,obs_962ac3098ef449e18540bbb952fb00ed,2026-08-24T23:45:06.168701+00:00,x509,valid_active,9,10,UAV-VALID,ACCEPTED,ACCEPTED,True,70250100,70.2501,63000,128200,69679800,0,263200,8100,0,0,,,,none,x509-valid_active_1,0,False,238,8,
n100-identities_c10-conc_mech-x509-1backend_valid-active_r30_audit-off_20260824T234505Z,obs_3ad29020fd6b43b3b458b540e3cf9079,2026-08-24T23:45:06.179698+00:00,x509,valid_active,13,10,UAV-VALID,ACCEPTED,ACCEPTED,True,41370700,41.3707,66100,126500,40879100,0,213100,5600,0,0,,,,none,x509-valid_active_7,0,False,240,8,
n100-identities_c10-conc_mech-x509-1backend_valid-active_r30_audit-off_20260824T234505Z,obs_88c946267adc4e6da759263ae037099b,2026-08-24T23:45:06.182883+00:00,x509,valid_active,11,10,UAV-VALID,ACCEPTED,ACCEPTED,True,56929400,56.9294,69900,218700,56264700,0,201700,4800,0,0,,,,none,x509-valid_active_3,0,False,239,8,
n100-identities_c10-conc_mech-x509-1backend_valid-active_r30_audit-off_20260824T234505Z,obs_2f4b5c55efd54c29adf7d4a27a45425f,2026-08-24T23:45:06.191851+00:00,x509,valid_active,12,10,UAV-VALID,ACCEPTED,ACCEPTED,True,51879800,51.8798,78300,109500,51008700,0,517700,9800,0,0,,,,none,x509-valid_active_0,0,False,239,8,
n100-identities_c10-conc_mech-x509-1backend_valid-active_r30_audit-off_20260824T234505Z,obs_ab5287cc63374932b7d14807fd92fb18,2026-08-24T23:45:06.211873+00:00,x509,valid_active,15,10,UAV-VALID,ACCEPTED,ACCEPTED,True,51159400,51.1594,52700,196900,50197100,0,451500,11600,0,0,,,,none,x509-valid_active_8,0,False,239,8,
n100-identities_c10-conc_mech-x509-1backend_valid-active_r30_audit-off_20260824T234505Z,obs_996eb5803a094107b92babbc5fb4b333,2026-08-24T23:45:06.245532+00:00,x509,valid_active,14,10,UAV-VALID,ACCEPTED,ACCEPTED,True,65377900,65.3779,42000,101000,64859700,0,263000,7700,0,0,,,,none,x509-valid_active_2,0,False,239,8,
n100-identities_c10-conc_mech-x509-1backend_valid-active_r30_audit-off_20260824T234505Z,obs_331d236c3afc4401a836988604ac15b1,2026-08-24T23:45:06.247216+00:00,x509,valid_active,17,10,UAV-VALID,ACCEPTED,ACCEPTED,True,44665000,44.665,53300,112000,44162500,0,243900,7000,0,0,,,,none,x509-valid_active_9,0,False,239,8,
n100-identities_c10-conc_mech-x509-1backend_valid-active_r30_audit-off_20260824T234505Z,obs_de9551e682d843498fe90de67c3106d8,2026-08-24T23:45:06.250638+00:00,x509,valid_active,16,10,UAV-VALID,ACCEPTED,ACCEPTED,True,47345500,47.3455,58500,77200,46923000,0,214000,6000,0,0,,,,none,x509-valid_active_5,0,False,239,8,
n100-identities_c10-conc_mech-x509-1backend_valid-active_r30_audit-off_20260824T234505Z,obs_20884211a88045ad9bb91f57e761317d,2026-08-24T23:45:06.252618+00:00,x509,valid_active,18,10,UAV-VALID,ACCEPTED,ACCEPTED,True,36642200,36.6422,124300,87000,36179000,0,234300,7000,0,0,,,,none,x509-valid_active_6,0,False,240,8,
n100-identities_c10-conc_mech-x509-1backend_valid-active_r30_audit-off_20260824T234505Z,obs_8a944c038850440aba7a06f13c42963f,2026-08-24T23:45:06.257270+00:00,x509,valid_active,19,10,UAV-VALID,ACCEPTED,ACCEPTED,True,36619300,36.6193,71200,133800,36059400,0,252300,5600,0,0,,,,none,x509-valid_active_4,0,False,238,8,
n100-identities_c10-conc_mech-x509-1backend_valid-active_r30_audit-off_20260824T234505Z,obs_5fb01c9f4bac42f885bbf999aebedc0f,2026-08-24T23:45:06.272290+00:00,x509,valid_active,21,10,UAV-VALID,ACCEPTED,ACCEPTED,True,35530900,35.5309,65800,90700,34862900,0,334300,10000,0,0,,,,none,x509-valid_active_7,0,False,239,8,
n100-identities_c10-conc_mech-x509-1backend_valid-active_r30_audit-off_20260824T234505Z,obs_5303081a31d94bf5936a073ef942834e,2026-08-24T23:45:06.282405+00:00,x509,valid_active,22,10,UAV-VALID,ACCEPTED,ACCEPTED,True,46142700,46.1427,76400,85900,45146400,0,656800,11900,0,0,,,,none,x509-valid_active_3,0,False,239,8,
n100-identities_c10-conc_mech-x509-1backend_valid-active_r30_audit-off_20260824T234505Z,obs_d28c59fc836544468c8890916f8e15b7,2026-08-24T23:45:06.294290+00:00,x509,valid_active,23,10,UAV-VALID,ACCEPTED,ACCEPTED,True,45135600,45.1356,126300,86200,44447400,0,377800,9800,0,0,,,,none,x509-valid_active_0,0,False,239,8,
n100-identities_c10-conc_mech-x509-1backend_valid-active_r30_audit-off_20260824T234505Z,obs_68bf9fec0df8405d8cb3c51b20379333,2026-08-24T23:45:06.297089+00:00,x509,valid_active,24,10,UAV-VALID,ACCEPTED,ACCEPTED,True,33492000,33.492,42600,109000,32930800,0,267300,8100,0,0,,,,none,x509-valid_active_8,0,False,238,8,
n100-identities_c10-conc_mech-x509-1backend_valid-active_r30_audit-off_20260824T234505Z,obs_855c85fd33ab470e88f0a8cf9c30151d,2026-08-24T23:45:06.321144+00:00,x509,valid_active,20,10,UAV-VALID,ACCEPTED,ACCEPTED,True,63429500,63.4295,46700,75800,62953100,0,254400,6800,0,0,,,,none,x509-valid_active_1,0,False,239,8,
n100-identities_c10-conc_mech-x509-1backend_valid-active_r30_audit-off_20260824T234505Z,obs_295f5438020a42ad81b4843ebf2a74d6,2026-08-24T23:45:06.322576+00:00,x509,valid_active,29,10,UAV-VALID,ACCEPTED,ACCEPTED,True,14750500,14.7505,171600,118900,14228500,0,245600,7000,0,0,,,,none,x509-valid_active_4,0,False,239,8,
n100-identities_c10-conc_mech-x509-1backend_valid-active_r30_audit-off_20260824T234505Z,obs_09413167c6cc4316a2fbbd0ec671a1c2,2026-08-24T23:45:06.323414+00:00,x509,valid_active,28,10,UAV-VALID,ACCEPTED,ACCEPTED,True,12302800,12.3028,106100,299600,11455500,0,254200,6700,0,0,,,,none,x509-valid_active_6,0,False,239,8,
n100-identities_c10-conc_mech-x509-1backend_valid-active_r30_audit-off_20260824T234505Z,obs_f0ca1898769a441e82f8a055d86b3999,2026-08-24T23:45:06.329247+00:00,x509,valid_active,25,10,UAV-VALID,ACCEPTED,ACCEPTED,True,24949900,24.9499,73200,119900,24154500,0,445200,8600,0,0,,,,none,x509-valid_active_2,0,False,239,8,
n100-identities_c10-conc_mech-x509-1backend_valid-active_r30_audit-off_20260824T234505Z,obs_292a99093f0448cda55cbedd17ad5479,2026-08-24T23:45:06.336301+00:00,x509,valid_active,26,10,UAV-VALID,ACCEPTED,ACCEPTED,True,14747400,14.7474,58200,118000,14181400,0,240000,6800,0,0,,,,none,x509-valid_active_9,0,False,239,8,
n100-identities_c10-conc_mech-x509-1backend_valid-active_r30_audit-off_20260824T234505Z,obs_633a87052c3d4d14af3d0b93196c26f1,2026-08-24T23:45:06.337573+00:00,x509,valid_active,27,10,UAV-VALID,ACCEPTED,ACCEPTED,True,11082500,11.0825,50900,264000,9759700,0,245300,7200,0,0,,,,none,x509-valid_active_5,0,False,239,8,
n100-identities_c10-conc_mech-blockchain-1backend_valid-active_r30_audit-off_20260824T234507Z,obs_040eb7ee57b3461181638414261df9c2,2026-08-24T23:45:08.205294+00:00,blockchain,valid_active,0,10,UAV-VALID,ACCEPTED,ACCEPTED,True,109681000,109.681,61200,109252500,0,6400,263000,7400,0,0,,,,none,blockchain-valid_active_0,0,True,239,8,
n100-identities_c10-conc_mech-blockchain-1backend_valid-active_r30_audit-off_20260824T234507Z,obs_c743ee5c4dd74d638d2d0b72f579ce03,2026-08-24T23:45:08.242159+00:00,blockchain,valid_active,1,10,UAV-VALID,ACCEPTED,ACCEPTED,True,124049400,124.0494,58600,123745300,0,4300,186900,4700,0,0,,,,none,blockchain-valid_active_1,0,True,239,8,
n100-identities_c10-conc_mech-blockchain-1backend_valid-active_r30_audit-off_20260824T234507Z,obs_b2d754c1f45b4bfa962794f73b18857b,2026-08-24T23:45:08.257281+00:00,blockchain,valid_active,0,10,UAV-VALID,ACCEPTED,ACCEPTED,True,144220200,144.2202,63300,143870800,0,4100,199800,5000,0,0,,,,none,blockchain-valid_active_2,0,False,239,8,
n100-identities_c10-conc_mech-blockchain-1backend_valid-active_r30_audit-off_20260824T234507Z,obs_1960953d051c454ea6151e43f5b48755,2026-08-24T23:45:08.259651+00:00,blockchain,valid_active,1,10,UAV-VALID,ACCEPTED,ACCEPTED,True,117627400,117.6274,45600,117090600,0,2800,416000,8300,0,0,,,,none,blockchain-valid_active_3,0,False,238,8,
n100-identities_c10-conc_mech-blockchain-1backend_valid-active_r30_audit-off_20260824T234507Z,obs_6eb670dd372a432f8265696e056a9e11,2026-08-24T23:45:08.286144+00:00,blockchain,valid_active,2,10,UAV-VALID,ACCEPTED,ACCEPTED,True,146115500,146.1155,42700,145650200,0,5400,236400,50500,0,0,,,,none,blockchain-valid_active_4,0,False,238,8,
n100-identities_c10-conc_mech-blockchain-1backend_valid-active_r30_audit-off_20260824T234507Z,obs_3dffd45f660b4210954267e0b8f6f606,2026-08-24T23:45:08.328580+00:00,blockchain,valid_active,7,10,UAV-VALID,ACCEPTED,ACCEPTED,True,129006700,129.0067,69700,128309400,0,7500,477900,12100,0,0,,,,none,blockchain-valid_active_9,0,False,239,8,
n100-identities_c10-conc_mech-blockchain-1backend_valid-active_r30_audit-off_20260824T234507Z,obs_d0adf69b1a6441d99020ef7dfff6c4bf,2026-08-24T23:45:08.338392+00:00,blockchain,valid_active,6,10,UAV-VALID,ACCEPTED,ACCEPTED,True,135388200,135.3882,42900,134765800,0,11600,293600,10100,0,0,,,,none,blockchain-valid_active_8,0,False,238,8,
n100-identities_c10-conc_mech-blockchain-1backend_valid-active_r30_audit-off_20260824T234507Z,obs_4c352db3e7ff410b98a50cbe3fd203a9,2026-08-24T23:45:08.342491+00:00,blockchain,valid_active,5,10,UAV-VALID,ACCEPTED,ACCEPTED,True,159355800,159.3558,38900,158984900,0,4000,237400,6400,0,0,,,,none,blockchain-valid_active_7,0,False,239,8,
n100-identities_c10-conc_mech-blockchain-1backend_valid-active_r30_audit-off_20260824T234507Z,obs_c0d59fbbf64f4194a36a2833b379c184,2026-08-24T23:45:08.368772+00:00,blockchain,valid_active,4,10,UAV-VALID,ACCEPTED,ACCEPTED,True,204362500,204.3625,40000,203918000,0,5100,307000,6500,0,0,,,,none,blockchain-valid_active_6,0,False,238,8,
n100-identities_c10-conc_mech-blockchain-1backend_valid-active_r30_audit-off_20260824T234507Z,obs_475bbf3404b34439a4d908eb675cd9e1,2026-08-24T23:45:08.375020+00:00,blockchain,valid_active,3,10,UAV-VALID,ACCEPTED,ACCEPTED,True,194072700,194.0727,39300,193639300,0,6600,275800,9200,0,0,,,,none,blockchain-valid_active_5,0,False,238,8,
n100-identities_c10-conc_mech-blockchain-1backend_valid-active_r30_audit-off_20260824T234507Z,obs_d6eb90f9996a4dbc9fc89ce9a73b2fc0,2026-08-24T23:45:08.402608+00:00,blockchain,valid_active,8,10,UAV-VALID,ACCEPTED,ACCEPTED,True,151975800,151.9758,67900,151475500,0,6400,308600,8700,0,0,,,,none,blockchain-valid_active_0,0,False,239,8,
n100-identities_c10-conc_mech-blockchain-1backend_valid-active_r30_audit-off_20260824T234507Z,obs_b66bfd345c824e55821339b1f1da37df,2026-08-24T23:45:08.496986+00:00,blockchain,valid_active,9,10,UAV-VALID,ACCEPTED,ACCEPTED,True,220381200,220.3812,70400,219499600,0,5900,575200,10700,0,0,,,,none,blockchain-valid_active_1,0,False,238,8,
n100-identities_c10-conc_mech-blockchain-1backend_valid-active_r30_audit-off_20260824T234507Z,obs_2721deadd2aa45c7aec2b1eb1e9100b2,2026-08-24T23:45:08.524439+00:00,blockchain,valid_active,12,10,UAV-VALID,ACCEPTED,ACCEPTED,True,175521600,175.5216,58600,175019300,0,6800,324400,7200,0,0,,,,none,blockchain-valid_active_4,0,False,238,8,
n100-identities_c10-conc_mech-blockchain-1backend_valid-active_r30_audit-off_20260824T234507Z,obs_5815db39a42f4c1c9d60c81105204508,2026-08-24T23:45:08.549739+00:00,blockchain,valid_active,14,10,UAV-VALID,ACCEPTED,ACCEPTED,True,168310000,168.31,535100,167827500,0,6100,286800,8600,0,0,,,,none,blockchain-valid_active_8,0,False,239,8,
n100-identities_c10-conc_mech-blockchain-1backend_valid-active_r30_audit-off_20260824T234507Z,obs_df611f96c4254d68837fc334c7f0dd8f,2026-08-24T23:45:08.552635+00:00,blockchain,valid_active,13,10,UAV-VALID,ACCEPTED,ACCEPTED,True,163409300,163.4093,54200,162977400,0,6800,264000,6800,0,0,,,,none,blockchain-valid_active_9,0,False,239,8,
n100-identities_c10-conc_mech-blockchain-1backend_valid-active_r30_audit-off_20260824T234507Z,obs_08e31a1ec71649cfb76178f30daa8c3a,2026-08-24T23:45:08.584145+00:00,blockchain,valid_active,11,10,UAV-VALID,ACCEPTED,ACCEPTED,True,253684700,253.6847,49400,253188000,0,5100,313800,8800,0,0,,,,none,blockchain-valid_active_3,0,False,239,8,
n100-identities_c10-conc_mech-blockchain-1backend_valid-active_r30_audit-off_20260824T234507Z,obs_03df6d66d28c4c6b9b8a48275ac9e95c,2026-08-24T23:45:08.616885+00:00,blockchain,valid_active,10,10,UAV-VALID,ACCEPTED,ACCEPTED,True,270608900,270.6089,58900,270079800,0,5400,308200,7000,0,0,,,,none,blockchain-valid_active_2,0,False,238,8,
n100-identities_c10-conc_mech-blockchain-1backend_valid-active_r30_audit-off_20260824T234507Z,obs_34d5d78eea194740a998fdb1e44a9338,2026-08-24T23:45:08.628299+00:00,blockchain,valid_active,17,10,UAV-VALID,ACCEPTED,ACCEPTED,True,203565100,203.5651,61300,202849200,0,6500,505900,11000,0,0,,,,none,blockchain-valid_active_5,0,False,240,8,
n100-identities_c10-conc_mech-blockchain-1backend_valid-active_r30_audit-off_20260824T234507Z,obs_2cf5e6b38a0e4459b8a975a2d572051f,2026-08-24T23:45:08.664257+00:00,blockchain,valid_active,18,10,UAV-VALID,ACCEPTED,ACCEPTED,True,185664900,185.6649,59500,185039700,0,6900,399500,14900,0,0,,,,none,blockchain-valid_active_0,0,False,239,8,
n100-identities_c10-conc_mech-blockchain-1backend_valid-active_r30_audit-off_20260824T234507Z,obs_c52016ea95d34381bb56d068ebf3c8cd,2026-08-24T23:45:08.700376+00:00,blockchain,valid_active,15,10,UAV-VALID,ACCEPTED,ACCEPTED,True,280873700,280.8737,182300,280149900,0,6300,375800,13800,0,0,,,,none,blockchain-valid_active_7,0,False,239,8,
n100-identities_c10-conc_mech-blockchain-1backend_valid-active_r30_audit-off_20260824T234507Z,obs_0e3e943ef01744deb129aa8367f2bfb3,2026-08-24T23:45:08.767670+00:00,blockchain,valid_active,16,10,UAV-VALID,ACCEPTED,ACCEPTED,True,310104200,310.1042,58500,309445000,0,7600,423000,11700,0,0,,,,none,blockchain-valid_active_6,0,False,240,8,
n100-identities_c10-conc_mech-blockchain-1backend_valid-active_r30_audit-off_20260824T234507Z,obs_5d98e93a4d364616803cd67dc861c390,2026-08-24T23:45:08.790262+00:00,blockchain,valid_active,19,10,UAV-VALID,ACCEPTED,ACCEPTED,True,233098200,233.0982,67700,232624400,0,5200,289100,8600,0,0,,,,none,blockchain-valid_active_1,0,False,239,8,
n100-identities_c10-conc_mech-blockchain-1backend_valid-active_r30_audit-off_20260824T234507Z,obs_f108754172a34aa5b2ec627dd902eaf3,2026-08-24T23:45:08.818235+00:00,blockchain,valid_active,20,10,UAV-VALID,ACCEPTED,ACCEPTED,True,180941200,180.9412,39500,180453100,0,5200,320900,9100,0,0,,,,none,blockchain-valid_active_4,0,False,239,8,
n100-identities_c10-conc_mech-blockchain-1backend_valid-active_r30_audit-off_20260824T234507Z,obs_f0dbc64f403e4dbfa3c070f231645d12,2026-08-24T23:45:08.860415+00:00,blockchain,valid_active,22,10,UAV-VALID,ACCEPTED,ACCEPTED,True,205031100,205.0311,57700,204538200,0,4500,294200,10500,0,0,,,,none,blockchain-valid_active_9,0,False,240,8,
n100-identities_c10-conc_mech-blockchain-1backend_valid-active_r30_audit-off_20260824T234507Z,obs_30f2474cc564441195481d8bbde480e2,2026-08-24T23:45:08.865056+00:00,blockchain,valid_active,25,10,UAV-VALID,ACCEPTED,ACCEPTED,True,159681900,159.6819,54500,158718000,0,4800,671000,70800,0,0,,,,none,blockchain-valid_active_5,0,False,239,8,
n100-identities_c10-conc_mech-blockchain-1backend_valid-active_r30_audit-off_20260824T234507Z,obs_bf60734e7820464195e71fe3e2c0c694,2026-08-24T23:45:08.868189+00:00,blockchain,valid_active,26,10,UAV-VALID,ACCEPTED,ACCEPTED,True,128519800,128.5198,67100,127767400,0,5500,556500,10800,0,0,,,,none,blockchain-valid_active_0,0,False,239,8,
n100-identities_c10-conc_mech-blockchain-1backend_valid-active_r30_audit-off_20260824T234507Z,obs_8cbaca37305043f48f9c5045351d7f4e,2026-08-24T23:45:08.880055+00:00,blockchain,valid_active,21,10,UAV-VALID,ACCEPTED,ACCEPTED,True,219418000,219.418,138200,218837800,0,5500,299300,9900,0,0,,,,none,blockchain-valid_active_8,0,False,238,8,
n100-identities_c10-conc_mech-blockchain-1backend_valid-active_r30_audit-off_20260824T234507Z,obs_0708d460575c406db18ea378c20070e3,2026-08-24T23:45:08.905496+00:00,blockchain,valid_active,24,10,UAV-VALID,ACCEPTED,ACCEPTED,True,208481600,208.4816,61700,207981000,0,4700,295100,8700,0,0,,,,none,blockchain-valid_active_2,0,False,239,8,
n100-identities_c10-conc_mech-blockchain-1backend_valid-active_r30_audit-off_20260824T234507Z,obs_4e505c7a9b584ca7b7d818df5cc6cd21,2026-08-24T23:45:08.941471+00:00,blockchain,valid_active,23,10,UAV-VALID,ACCEPTED,ACCEPTED,True,222569800,222.5698,56300,221997000,0,10900,340800,10200,0,0,,,,none,blockchain-valid_active_3,0,False,238,8,
n100-identities_c10-conc_mech-blockchain-1backend_valid-active_r30_audit-off_20260824T234507Z,obs_04af3eca02624b44b8234d3c693e43e7,2026-08-24T23:45:08.949531+00:00,blockchain,valid_active,27,10,UAV-VALID,ACCEPTED,ACCEPTED,True,148460300,148.4603,66500,147820200,0,6300,337900,8900,0,0,,,,none,blockchain-valid_active_7,0,False,239,8,
n100-identities_c10-conc_mech-blockchain-1backend_valid-active_r30_audit-off_20260824T234507Z,obs_57d10ccbc45e4584bf18e50b79043167,2026-08-24T23:45:08.952852+00:00,blockchain,valid_active,29,10,UAV-VALID,ACCEPTED,ACCEPTED,True,108325700,108.3257,72000,107857700,0,5300,281000,8300,0,0,,,,none,blockchain-valid_active_1,0,False,239,8,
n100-identities_c10-conc_mech-blockchain-1backend_valid-active_r30_audit-off_20260824T234507Z,obs_2df4417e76f34cfba60ff89f700fdaf0,2026-08-24T23:45:08.959461+00:00,blockchain,valid_active,28,10,UAV-VALID,ACCEPTED,ACCEPTED,True,118107300,118.1073,53900,117381700,0,5200,529500,10500,0,0,,,,none,blockchain-valid_active_6,0,False,240,8,
n100-identities_c25-conc_mech-x509-1backend_valid-active_r30_audit-off_20260824T234510Z,obs_0cf0a750bd9b4a408392f25c6e2ea386,2026-08-24T23:45:11.371577+00:00,x509,valid_active,2,25,UAV-VALID,ACCEPTED,ACCEPTED,True,160707900,160.7079,67800,264700,159946000,0,287200,10300,0,0,,,,none,x509-valid_active_4,0,False,239,8,
n100-identities_c25-conc_mech-x509-1backend_valid-active_r30_audit-off_20260824T234510Z,obs_adc99dd742814e9aadee3d67d0192e30,2026-08-24T23:45:11.336773+00:00,x509,valid_active,5,25,UAV-VALID,ACCEPTED,ACCEPTED,True,90534000,90.534,60400,144300,89913900,0,277500,8300,0,0,,,,none,x509-valid_active_7,0,False,240,8,
n100-identities_c25-conc_mech-x509-1backend_valid-active_r30_audit-off_20260824T234510Z,obs_012cb2fcefc04d9c9636b56a76e707a2,2026-08-24T23:45:11.289725+00:00,x509,valid_active,0,25,UAV-VALID,ACCEPTED,ACCEPTED,True,133763700,133.7637,45400,158000,133123400,0,287000,9000,0,0,,,,none,x509-valid_active_2,0,False,240,8,
n100-identities_c25-conc_mech-x509-1backend_valid-active_r30_audit-off_20260824T234510Z,obs_8d0aae2af5c94aa3a5d8ac0e5daf3630,2026-08-24T23:45:11.229546+00:00,x509,valid_active,1,25,UAV-VALID,ACCEPTED,ACCEPTED,True,82184100,82.1841,61700,168000,81498700,0,294600,9800,0,0,,,,none,x509-valid_active_1,0,True,238,8,
n100-identities_c25-conc_mech-x509-1backend_valid-active_r30_audit-off_20260824T234510Z,obs_82cc55d161854a318754c20b218d29fd,2026-08-24T23:45:11.305053+00:00,x509,valid_active,3,25,UAV-VALID,ACCEPTED,ACCEPTED,True,128405100,128.4051,56800,143600,127893100,0,215600,5300,0,0,,,,none,x509-valid_active_5,0,False,239,8,
n100-identities_c25-conc_mech-x509-1backend_valid-active_r30_audit-off_20260824T234510Z,obs_059d071ba48a4834b301bfbf7fcf7e3f,2026-08-24T23:45:11.156886+00:00,x509,valid_active,0,25,UAV-VALID,ACCEPTED,ACCEPTED,True,44175000,44.175,56700,101600,43709400,0,234500,6200,0,0,,,,none,x509-valid_active_0,0,True,238,8,
n100-identities_c25-conc_mech-x509-1backend_valid-active_r30_audit-off_20260824T234510Z,obs_79cd2ff4597b48be8b41fcc5ea871fee,2026-08-24T23:45:11.348595+00:00,x509,valid_active,7,25,UAV-VALID,ACCEPTED,ACCEPTED,True,109899200,109.8992,62300,169700,108169600,0,449500,28400,0,0,,,,none,x509-valid_active_9,0,False,239,8,
n100-identities_c25-conc_mech-x509-1backend_valid-active_r30_audit-off_20260824T234510Z,obs_35c1dd110c32439b9ff44da500cfea3b,2026-08-24T23:45:11.228174+00:00,x509,valid_active,1,25,UAV-VALID,ACCEPTED,ACCEPTED,True,65801600,65.8016,46800,152400,60320100,0,5094800,14800,0,0,,,,none,x509-valid_active_3,0,False,238,8,
n100-identities_c25-conc_mech-x509-1backend_valid-active_r30_audit-off_20260824T234510Z,obs_c91bbaac269b4e81ac2207f139270b42,2026-08-24T23:45:11.404585+00:00,x509,valid_active,6,25,UAV-VALID,ACCEPTED,ACCEPTED,True,153474200,153.4742,57700,239500,152736200,0,294200,7700,0,0,,,,none,x509-valid_active_8,0,False,239,8,
n100-identities_c25-conc_mech-x509-1backend_valid-active_r30_audit-off_20260824T234510Z,obs_370cc48c2fd9465790c44cabd6f2ceb0,2026-08-24T23:45:11.415447+00:00,x509,valid_active,4,25,UAV-VALID,ACCEPTED,ACCEPTED,True,177597100,177.5971,60700,128800,177001500,0,292400,8100,0,0,,,,none,x509-valid_active_6,0,False,240,8,
n100-identities_c25-conc_mech-x509-1backend_valid-active_r30_audit-off_20260824T234510Z,obs_7aa4097a58774b80b134d5af68526f78,2026-08-24T23:45:11.429610+00:00,x509,valid_active,8,25,UAV-VALID,ACCEPTED,ACCEPTED,True,161645000,161.645,74500,131400,161042300,0,295400,7900,0,0,,,,none,x509-valid_active_10,0,False,239,8,
n100-identities_c25-conc_mech-x509-1backend_valid-active_r30_audit-off_20260824T234510Z,obs_53ce5156f5eb4d439ad1a6bb7811263d,2026-08-24T23:45:11.430382+00:00,x509,valid_active,12,25,UAV-VALID,ACCEPTED,ACCEPTED,True,86300300,86.3003,68500,302900,85584300,0,240400,6400,0,0,,,,none,x509-valid_active_13,0,False,238,8,
n100-identities_c25-conc_mech-x509-1backend_valid-active_r30_audit-off_20260824T234510Z,obs_3810a7a8c2574bc998f66539fcdf47d0,2026-08-24T23:45:11.431034+00:00,x509,valid_active,13,25,UAV-VALID,ACCEPTED,ACCEPTED,True,86102400,86.1024,50900,97800,85619800,0,246000,5800,0,0,,,,none,x509-valid_active_14,0,False,239,8,
n100-identities_c25-conc_mech-x509-1backend_valid-active_r30_audit-off_20260824T234510Z,obs_169aa842664a440490a578b12853a7d5,2026-08-24T23:45:11.488788+00:00,x509,valid_active,16,25,UAV-VALID,ACCEPTED,ACCEPTED,True,86733500,86.7335,59400,136900,85936300,0,457800,10000,0,0,,,,none,x509-valid_active_1,0,False,238,8,
n100-identities_c25-conc_mech-x509-1backend_valid-active_r30_audit-off_20260824T234510Z,obs_759f727874794ba091597bcd8e379d90,2026-08-24T23:45:11.489913+00:00,x509,valid_active,25,25,UAV-VALID,ACCEPTED,ACCEPTED,True,25669600,25.6696,91300,122300,25092000,0,279400,6900,0,0,,,,none,x509-valid_active_21,0,False,238,8,
n100-identities_c25-conc_mech-x509-1backend_valid-active_r30_audit-off_20260824T234510Z,obs_84d4afb3d3094792ba33276635bad3b8,2026-08-24T23:45:11.500764+00:00,x509,valid_active,10,25,UAV-VALID,ACCEPTED,ACCEPTED,True,86621400,86.6214,72400,137900,86150700,0,181300,4800,0,0,,,,none,x509-valid_active_0,0,False,239,8,
n100-identities_c25-conc_mech-x509-1backend_valid-active_r30_audit-off_20260824T234510Z,obs_f42d50bfeed14af6a5dc60951d71b63a,2026-08-24T23:45:11.502954+00:00,x509,valid_active,11,25,UAV-VALID,ACCEPTED,ACCEPTED,True,85795800,85.7958,48700,124700,84773900,0,649900,10000,0,0,,,,none,x509-valid_active_12,0,False,240,8,
n100-identities_c25-conc_mech-x509-1backend_valid-active_r30_audit-off_20260824T234510Z,obs_61fe34a2816f41faae18cf34d54d7af1,2026-08-24T23:45:11.504989+00:00,x509,valid_active,18,25,UAV-VALID,ACCEPTED,ACCEPTED,True,73563500,73.5635,65500,113000,72729600,0,574600,8900,0,0,,,,none,x509-valid_active_17,0,False,239,8,
n100-identities_c25-conc_mech-x509-1backend_valid-active_r30_audit-off_20260824T234510Z,obs_43fe96adf98748d89e1cb0dce730caba,2026-08-24T23:45:11.506207+00:00,x509,valid_active,23,25,UAV-VALID,ACCEPTED,ACCEPTED,True,51993200,51.9932,82200,130700,51461400,0,241900,6100,0,0,,,,none,x509-valid_active_5,0,False,240,8,
n100-identities_c25-conc_mech-x509-1backend_valid-active_r30_audit-off_20260824T234510Z,obs_cff7a6e533a844e4bdc25866372504a5,2026-08-24T23:45:11.507219+00:00,x509,valid_active,9,25,UAV-VALID,ACCEPTED,ACCEPTED,True,155758100,155.7581,73700,158700,155288000,0,175900,5000,0,0,,,,none,x509-valid_active_11,0,False,240,8,
n100-identities_c25-conc_mech-x509-1backend_valid-active_r30_audit-off_20260824T234510Z,obs_cced1ffaffe148cfb6ae3614de52a3c6,2026-08-24T23:45:11.508644+00:00,x509,valid_active,19,25,UAV-VALID,ACCEPTED,ACCEPTED,True,45124700,45.1247,52700,147100,44553600,0,254000,7300,0,0,,,,none,x509-valid_active_18,0,False,238,8,
n100-identities_c25-conc_mech-x509-1backend_valid-active_r30_audit-off_20260824T234510Z,obs_526b722b4f2743b295ccc4976a7e6948,2026-08-24T23:45:11.510311+00:00,x509,valid_active,20,25,UAV-VALID,ACCEPTED,ACCEPTED,True,44127800,44.1278,73800,128900,43634000,0,212900,7600,0,0,,,,none,x509-valid_active_2,0,False,239,8,
n100-identities_c25-conc_mech-x509-1backend_valid-active_r30_audit-off_20260824T234510Z,obs_717ba6fc3a7548f2927bb7268e385a49,2026-08-24T23:45:11.511283+00:00,x509,valid_active,17,25,UAV-VALID,ACCEPTED,ACCEPTED,True,64771500,64.7715,48900,155800,64210700,0,222700,6800,0,0,,,,none,x509-valid_active_16,0,False,240,8,
n100-identities_c25-conc_mech-x509-1backend_valid-active_r30_audit-off_20260824T234510Z,obs_b14eb9aa2a824743abb092f3dbd4c10f,2026-08-24T23:45:11.516598+00:00,x509,valid_active,14,25,UAV-VALID,ACCEPTED,ACCEPTED,True,68886800,68.8868,48900,97100,68472100,0,176700,4900,0,0,,,,none,x509-valid_active_3,0,False,239,8,
n100-identities_c25-conc_mech-x509-1backend_valid-active_r30_audit-off_20260824T234510Z,obs_f19205932f474b97a37374c282c0a4d5,2026-08-24T23:45:11.517187+00:00,x509,valid_active,15,25,UAV-VALID,ACCEPTED,ACCEPTED,True,68911900,68.9119,58700,115900,68478900,0,192100,5100,0,0,,,,none,x509-valid_active_15,0,False,239,8,
n100-identities_c25-conc_mech-x509-1backend_valid-active_r30_audit-off_20260824T234510Z,obs_7b2180bbeca24d2e83f437cddd3b24c0,2026-08-24T23:45:11.518212+00:00,x509,valid_active,26,25,UAV-VALID,ACCEPTED,ACCEPTED,True,21685000,21.685,88600,106800,21192800,0,243300,5900,0,0,,,,none,x509-valid_active_22,0,False,239,8,
n100-identities_c25-conc_mech-x509-1backend_valid-active_r30_audit-off_20260824T234510Z,obs_9cd57c6f1096498297a63f4c1438a7ac,2026-08-24T23:45:11.518903+00:00,x509,valid_active,22,25,UAV-VALID,ACCEPTED,ACCEPTED,True,12386800,12.3868,52000,100200,11920600,0,242500,5500,0,0,,,,none,x509-valid_active_20,0,False,238,8,
n100-identities_c25-conc_mech-x509-1backend_valid-active_r30_audit-off_20260824T234510Z,obs_b7ad468385fa464fac972d8fc164b2cd,2026-08-24T23:45:11.522040+00:00,x509,valid_active,21,25,UAV-VALID,ACCEPTED,ACCEPTED,True,23133500,23.1335,69400,85100,22676100,0,216800,6000,0,0,,,,none,x509-valid_active_19,0,False,239,8,
n100-identities_c25-conc_mech-x509-1backend_valid-active_r30_audit-off_20260824T234510Z,obs_0a2e88da6c3c455b9a67215333dcd4b9,2026-08-24T23:45:11.525471+00:00,x509,valid_active,27,25,UAV-VALID,ACCEPTED,ACCEPTED,True,12573300,12.5733,42100,75200,12092700,0,253100,6700,0,0,,,,none,x509-valid_active_9,0,False,239,8,
n100-identities_c25-conc_mech-x509-1backend_valid-active_r30_audit-off_20260824T234510Z,obs_e54cba64520a49eaa35c3bacd56bbd41,2026-08-24T23:45:11.526287+00:00,x509,valid_active,28,25,UAV-VALID,ACCEPTED,ACCEPTED,True,12283400,12.2834,47000,85600,11757900,0,271400,7700,0,0,,,,none,x509-valid_active_23,0,False,240,8,
n100-identities_c25-conc_mech-x509-1backend_valid-active_r30_audit-off_20260824T234510Z,obs_376d5afbd43c43f1af813b791f3cc8f6,2026-08-24T23:45:11.526922+00:00,x509,valid_active,29,25,UAV-VALID,ACCEPTED,ACCEPTED,True,13591000,13.591,35900,63300,13240800,0,181500,5900,0,0,,,,none,x509-valid_active_4,0,False,239,8,
n100-identities_c25-conc_mech-x509-1backend_valid-active_r30_audit-off_20260824T234510Z,obs_5ca8c0c540d54afb9d9d2b3648e76d2b,2026-08-24T23:45:11.527599+00:00,x509,valid_active,24,25,UAV-VALID,ACCEPTED,ACCEPTED,True,19825300,19.8253,54400,103800,19295200,0,278200,6700,0,0,,,,none,x509-valid_active_7,0,False,238,8,
n100-identities_c25-conc_mech-blockchain-1backend_valid-active_r30_audit-off_20260824T234513Z,obs_d10a14b28885475f8e043dbbef7b14a0,2026-08-24T23:45:13.781785+00:00,blockchain,valid_active,0,25,UAV-VALID,ACCEPTED,ACCEPTED,True,245603500,245.6035,65000,245118100,0,3000,309500,9900,0,0,,,,none,blockchain-valid_active_0,0,True,239,8,
n100-identities_c25-conc_mech-blockchain-1backend_valid-active_r30_audit-off_20260824T234513Z,obs_240b1ca02ff948359bd4dbde5fb2b24e,2026-08-24T23:45:13.850731+00:00,blockchain,valid_active,0,25,UAV-VALID,ACCEPTED,ACCEPTED,True,276278600,276.2786,67900,274942700,0,4600,284600,7700,0,0,,,,none,blockchain-valid_active_2,0,False,238,8,
n100-identities_c25-conc_mech-blockchain-1backend_valid-active_r30_audit-off_20260824T234513Z,obs_f8111fc1ce8641fea3c11aa7fc269b22,2026-08-24T23:45:13.864073+00:00,blockchain,valid_active,1,25,UAV-VALID,ACCEPTED,ACCEPTED,True,309650200,309.6502,44300,309337400,0,3000,193600,4600,0,0,,,,none,blockchain-valid_active_1,0,True,238,8,
n100-identities_c25-conc_mech-blockchain-1backend_valid-active_r30_audit-off_20260824T234513Z,obs_de661d8f1b5d48a8a84993f09318ec54,2026-08-24T23:45:13.954582+00:00,blockchain,valid_active,1,25,UAV-VALID,ACCEPTED,ACCEPTED,True,342608400,342.6084,58500,342230500,0,2900,240600,6600,0,0,,,,none,blockchain-valid_active_3,0,False,240,8,
n100-identities_c25-conc_mech-blockchain-1backend_valid-active_r30_audit-off_20260824T234513Z,obs_c2c5d247d2b64c4ca4f20bdfec4df31a,2026-08-24T23:45:13.971212+00:00,blockchain,valid_active,7,25,UAV-VALID,ACCEPTED,ACCEPTED,True,296173300,296.1733,59700,295528200,0,4400,329200,9100,0,0,,,,none,blockchain-valid_active_9,0,False,238,8,
n100-identities_c25-conc_mech-blockchain-1backend_valid-active_r30_audit-off_20260824T234513Z,obs_aee723a9ec274cee837e452eea4c543e,2026-08-24T23:45:13.989698+00:00,blockchain,valid_active,3,25,UAV-VALID,ACCEPTED,ACCEPTED,True,362283000,362.283,68000,361842500,0,4800,258300,6400,0,0,,,,none,blockchain-valid_active_5,0,False,239,8,
n100-identities_c25-conc_mech-blockchain-1backend_valid-active_r30_audit-off_20260824T234513Z,obs_43b0b06f2f844d5491534ed426a728cd,2026-08-24T23:45:14.009197+00:00,blockchain,valid_active,6,25,UAV-VALID,ACCEPTED,ACCEPTED,True,331129700,331.1297,44600,330703400,0,5000,249900,6100,0,0,,,,none,blockchain-valid_active_8,0,False,240,8,
n100-identities_c25-conc_mech-blockchain-1backend_valid-active_r30_audit-off_20260824T234513Z,obs_cff8c58a441a4921b5c536bfb4579b7d,2026-08-24T23:45:14.048787+00:00,blockchain,valid_active,2,25,UAV-VALID,ACCEPTED,ACCEPTED,True,414688300,414.6883,57700,413774800,0,5300,652700,10600,0,0,,,,none,blockchain-valid_active_4,0,False,239,8,
n100-identities_c25-conc_mech-blockchain-1backend_valid-active_r30_audit-off_20260824T234513Z,obs_0b9a2ae5866044f8b556d0d2ef419199,2026-08-24T23:45:14.104757+00:00,blockchain,valid_active,9,25,UAV-VALID,ACCEPTED,ACCEPTED,True,381997300,381.9973,58200,381548100,0,4200,283000,7500,0,0,,,,none,blockchain-valid_active_11,0,False,239,8,
n100-identities_c25-conc_mech-blockchain-1backend_valid-active_r30_audit-off_20260824T234513Z,obs_5714c846d6ef47beba3900af151a28f0,2026-08-24T23:45:14.120421+00:00,blockchain,valid_active,4,25,UAV-VALID,ACCEPTED,ACCEPTED,True,415428100,415.4281,46600,415033400,0,4400,252700,7400,0,0,,,,none,blockchain-valid_active_6,0,False,238,8,
n100-identities_c25-conc_mech-blockchain-1backend_valid-active_r30_audit-off_20260824T234513Z,obs_62c3b3ee35664604b3f9c8b480c136da,2026-08-24T23:45:14.134521+00:00,blockchain,valid_active,14,25,UAV-VALID,ACCEPTED,ACCEPTED,True,359088900,359.0889,61500,358369000,0,5600,375900,10200,0,0,,,,none,blockchain-valid_active_16,0,False,240,8,
n100-identities_c25-conc_mech-blockchain-1backend_valid-active_r30_audit-off_20260824T234513Z,obs_436d94f5e49f4be38fe32dec5846bcd9,2026-08-24T23:45:14.143152+00:00,blockchain,valid_active,10,25,UAV-VALID,ACCEPTED,ACCEPTED,True,404723300,404.7233,56600,404269700,0,5400,280900,7700,0,0,,,,none,blockchain-valid_active_12,0,False,239,8,
n100-identities_c25-conc_mech-blockchain-1backend_valid-active_r30_audit-off_20260824T234513Z,obs_163a1f71bdbe4407b4c68888fa56b131,2026-08-24T23:45:14.147155+00:00,blockchain,valid_active,5,25,UAV-VALID,ACCEPTED,ACCEPTED,True,467927500,467.9275,46600,467455300,0,9500,290600,8300,0,0,,,,none,blockchain-valid_active_7,0,False,239,8,
n100-identities_c25-conc_mech-blockchain-1backend_valid-active_r30_audit-off_20260824T234513Z,obs_0ebee7ccbdc44d3bbd4f0feb7c7b8428,2026-08-24T23:45:14.169755+00:00,blockchain,valid_active,8,25,UAV-VALID,ACCEPTED,ACCEPTED,True,443819400,443.8194,101600,443360600,0,5000,276400,7700,0,0,,,,none,blockchain-valid_active_10,0,False,239,8,
n100-identities_c25-conc_mech-blockchain-1backend_valid-active_r30_audit-off_20260824T234513Z,obs_0116285652624a9dbbbee2bbc4d5e5b6,2026-08-24T23:45:14.196438+00:00,blockchain,valid_active,11,25,UAV-VALID,ACCEPTED,ACCEPTED,True,439827500,439.8275,64500,439267400,0,5000,313400,7800,0,0,,,,none,blockchain-valid_active_13,0,False,239,8,
n100-identities_c25-conc_mech-blockchain-1backend_valid-active_r30_audit-off_20260824T234513Z,obs_5c3de6595ae54ef48445cc6ebd3d45be,2026-08-24T23:45:14.221624+00:00,blockchain,valid_active,18,25,UAV-VALID,ACCEPTED,ACCEPTED,True,384902200,384.9022,62600,384363800,0,4700,337900,8700,0,0,,,,none,blockchain-valid_active_20,0,False,239,8,
n100-identities_c25-conc_mech-blockchain-1backend_valid-active_r30_audit-off_20260824T234513Z,obs_22c0256e3f454795adc6c324d1d34244,2026-08-24T23:45:14.235017+00:00,blockchain,valid_active,21,25,UAV-VALID,ACCEPTED,ACCEPTED,True,356974600,356.9746,32000,356399800,0,7300,387900,10500,0,0,,,,none,blockchain-valid_active_0,0,False,240,8,
n100-identities_c25-conc_mech-blockchain-1backend_valid-active_r30_audit-off_20260824T234513Z,obs_7d1ce899973441f3943dceb961de434a,2026-08-24T23:45:14.265268+00:00,blockchain,valid_active,13,25,UAV-VALID,ACCEPTED,ACCEPTED,True,478739300,478.7393,36000,478245500,0,5900,321000,10500,0,0,,,,none,blockchain-valid_active_15,0,False,239,8,
n100-identities_c25-conc_mech-blockchain-1backend_valid-active_r30_audit-off_20260824T234513Z,obs_7b784045ad3f4884b164bdb669884a0b,2026-08-24T23:45:14.267343+00:00,blockchain,valid_active,12,25,UAV-VALID,ACCEPTED,ACCEPTED,True,497406400,497.4064,38900,496968900,0,4600,278000,7600,0,0,,,,none,blockchain-valid_active_14,0,False,240,8,
n100-identities_c25-conc_mech-blockchain-1backend_valid-active_r30_audit-off_20260824T234513Z,obs_568330d56df141dc85fde5c35f110742,2026-08-24T23:45:14.270573+00:00,blockchain,valid_active,23,25,UAV-VALID,ACCEPTED,ACCEPTED,True,357170800,357.1708,66900,356677900,0,5600,296800,6700,0,0,,,,none,blockchain-valid_active_24,0,False,239,8,
n100-identities_c25-conc_mech-blockchain-1backend_valid-active_r30_audit-off_20260824T234513Z,obs_e018a2a3ca6341139b230f4f52fefe4c,2026-08-24T23:45:14.275180+00:00,blockchain,valid_active,15,25,UAV-VALID,ACCEPTED,ACCEPTED,True,491292800,491.2928,54400,490457800,0,5400,627200,11600,0,0,,,,none,blockchain-valid_active_17,0,False,239,8,
n100-identities_c25-conc_mech-blockchain-1backend_valid-active_r30_audit-off_20260824T234513Z,obs_50679581ee7341b1aa828099da899d44,2026-08-24T23:45:14.281498+00:00,blockchain,valid_active,17,25,UAV-VALID,ACCEPTED,ACCEPTED,True,449890200,449.8902,56700,449387100,0,5000,324100,11100,0,0,,,,none,blockchain-valid_active_19,0,False,240,8,
n100-identities_c25-conc_mech-blockchain-1backend_valid-active_r30_audit-off_20260824T234513Z,obs_dcec78dda409441f998c559e483714e6,2026-08-24T23:45:14.288874+00:00,blockchain,valid_active,19,25,UAV-VALID,ACCEPTED,ACCEPTED,True,411553700,411.5537,55000,410942000,0,5800,439500,7800,0,0,,,,none,blockchain-valid_active_21,0,False,239,8,
n100-identities_c25-conc_mech-blockchain-1backend_valid-active_r30_audit-off_20260824T234513Z,obs_ecadda52abbd4edeae6f4b4b8020cfb8,2026-08-24T23:45:14.335553+00:00,blockchain,valid_active,22,25,UAV-VALID,ACCEPTED,ACCEPTED,True,414932200,414.9322,38100,414398700,0,7600,334600,9800,0,0,,,,none,blockchain-valid_active_23,0,False,238,8,
n100-identities_c25-conc_mech-blockchain-1backend_valid-active_r30_audit-off_20260824T234513Z,obs_f76c799417f147308eb29ffbe01a2f8e,2026-08-24T23:45:14.347644+00:00,blockchain,valid_active,16,25,UAV-VALID,ACCEPTED,ACCEPTED,True,502992000,502.992,44700,502513800,0,5500,304800,9900,0,0,,,,none,blockchain-valid_active_18,0,False,240,8,
n100-identities_c25-conc_mech-blockchain-1backend_valid-active_r30_audit-off_20260824T234513Z,obs_0787e5192d3844e3b70a0f99a8c17e49,2026-08-24T23:45:14.351265+00:00,blockchain,valid_active,20,25,UAV-VALID,ACCEPTED,ACCEPTED,True,427489700,427.4897,54700,426573600,0,4800,740000,10000,0,0,,,,none,blockchain-valid_active_22,0,False,238,8,
n100-identities_c25-conc_mech-blockchain-1backend_valid-active_r30_audit-off_20260824T234513Z,obs_c4855bb4e61d422b9e99e90f8bdeeee4,2026-08-24T23:45:14.357969+00:00,blockchain,valid_active,25,25,UAV-VALID,ACCEPTED,ACCEPTED,True,307803800,307.8038,48300,307191200,0,7900,390400,11200,0,0,,,,none,blockchain-valid_active_1,0,False,238,8,
n100-identities_c25-conc_mech-blockchain-1backend_valid-active_r30_audit-off_20260824T234513Z,obs_193238a3accd4d56ab5d7f5d405fb789,2026-08-24T23:45:14.373289+00:00,blockchain,valid_active,26,25,UAV-VALID,ACCEPTED,ACCEPTED,True,245336700,245.3367,67800,244272500,0,5100,304400,9800,0,0,,,,none,blockchain-valid_active_3,0,False,238,8,
n100-identities_c25-conc_mech-blockchain-1backend_valid-active_r30_audit-off_20260824T234513Z,obs_971d2993c32c4886b33b0ce0435d2aa7,2026-08-24T23:45:14.376238+00:00,blockchain,valid_active,24,25,UAV-VALID,ACCEPTED,ACCEPTED,True,395165900,395.1659,59500,394656300,0,5400,316100,10100,0,0,,,,none,blockchain-valid_active_2,0,False,240,8,
n100-identities_c25-conc_mech-blockchain-1backend_valid-active_r30_audit-off_20260824T234513Z,obs_73583ee534134880ae0323f10b0eb92d,2026-08-24T23:45:14.382850+00:00,blockchain,valid_active,27,25,UAV-VALID,ACCEPTED,ACCEPTED,True,265550900,265.5509,54800,264871100,0,5400,470500,10800,0,0,,,,none,blockchain-valid_active_9,0,False,239,8,
n100-identities_c25-conc_mech-blockchain-1backend_valid-active_r30_audit-off_20260824T234513Z,obs_d2feba63cd404decaf456c81fe43d59d,2026-08-24T23:45:14.386925+00:00,blockchain,valid_active,28,25,UAV-VALID,ACCEPTED,ACCEPTED,True,210758700,210.7587,68000,209967100,0,5100,550400,9800,0,0,,,,none,blockchain-valid_active_5,0,False,238,8,
n100-identities_c25-conc_mech-blockchain-1backend_valid-active_r30_audit-off_20260824T234513Z,obs_4638ae61d7f24ff6a2d26aa328108ee2,2026-08-24T23:45:14.394817+00:00,blockchain,valid_active,29,25,UAV-VALID,ACCEPTED,ACCEPTED,True,216185600,216.1856,102200,215590800,0,5200,357800,10800,0,0,,,,none,blockchain-valid_active_8,0,False,239,8,
n100-identities_c50-conc_mech-x509-1backend_valid-active_r30_audit-off_20260824T234516Z,obs_52acd67204aa4d6d83c0c42336fbf40d,2026-08-24T23:45:16.774979+00:00,x509,valid_active,0,50,UAV-VALID,ACCEPTED,ACCEPTED,True,60052400,60.0524,65000,101800,59513000,0,268300,6900,0,0,,,,none,x509-valid_active_0,0,True,240,8,
n100-identities_c50-conc_mech-x509-1backend_valid-active_r30_audit-off_20260824T234516Z,obs_c09970e6cdc843f28b155d3362777b94,2026-08-24T23:45:16.819307+00:00,x509,valid_active,3,50,UAV-VALID,ACCEPTED,ACCEPTED,True,75354900,75.3549,43700,111900,74818800,0,258500,6700,0,0,,,,none,x509-valid_active_5,0,False,238,8,
n100-identities_c50-conc_mech-x509-1backend_valid-active_r30_audit-off_20260824T234516Z,obs_1aed80407c06496c89f03ea10d0d6e42,2026-08-24T23:45:16.758909+00:00,x509,valid_active,0,50,UAV-VALID,ACCEPTED,ACCEPTED,True,43478200,43.4782,45300,73000,43119600,0,178000,4600,0,0,,,,none,x509-valid_active_2,0,False,239,8,
n100-identities_c50-conc_mech-x509-1backend_valid-active_r30_audit-off_20260824T234516Z,obs_acff7eac6aa940c680188f75f35ada77,2026-08-24T23:45:16.804462+00:00,x509,valid_active,2,50,UAV-VALID,ACCEPTED,ACCEPTED,True,69026300,69.0263,38700,101000,68587700,0,216800,5400,0,0,,,,none,x509-valid_active_4,0,False,239,8,
n100-identities_c50-conc_mech-x509-1backend_valid-active_r30_audit-off_20260824T234516Z,obs_c7e4ad68e80048278e77671fe2457bb5,2026-08-24T23:45:16.775733+00:00,x509,valid_active,1,50,UAV-VALID,ACCEPTED,ACCEPTED,True,39722100,39.7221,37800,84300,39262400,0,234600,6800,0,0,,,,none,x509-valid_active_3,0,False,238,8,
n100-identities_c50-conc_mech-x509-1backend_valid-active_r30_audit-off_20260824T234516Z,obs_d5fcfe5b47644cdc931bf044c3a1c658,2026-08-24T23:45:16.862469+00:00,x509,valid_active,6,50,UAV-VALID,ACCEPTED,ACCEPTED,True,85663600,85.6636,50100,135700,85115700,0,240600,7700,0,0,,,,none,x509-valid_active_8,0,False,238,8,
n100-identities_c50-conc_mech-x509-1backend_valid-active_r30_audit-off_20260824T234516Z,obs_9bd9c429a6f2444cad2c2962546a894d,2026-08-24T23:45:16.759738+00:00,x509,valid_active,1,50,UAV-VALID,ACCEPTED,ACCEPTED,True,59381300,59.3813,59600,131100,58858600,0,243700,5900,0,0,,,,none,x509-valid_active_1,0,True,239,8,
n100-identities_c50-conc_mech-x509-1backend_valid-active_r30_audit-off_20260824T234516Z,obs_def8cfc2bccc4bbb8317c970446d0af4,2026-08-24T23:45:16.871531+00:00,x509,valid_active,5,50,UAV-VALID,ACCEPTED,ACCEPTED,True,98342900,98.3429,46800,120500,97591000,0,262800,6900,0,0,,,,none,x509-valid_active_7,0,False,240,8,
n100-identities_c50-conc_mech-x509-1backend_valid-active_r30_audit-off_20260824T234516Z,obs_049faa2e19114b0ea8b9d34d3232a18a,2026-08-24T23:45:16.829838+00:00,x509,valid_active,4,50,UAV-VALID,ACCEPTED,ACCEPTED,True,80295600,80.2956,61500,116400,79835600,0,197200,5000,0,0,,,,none,x509-valid_active_6,0,False,238,8,
n100-identities_c50-conc_mech-x509-1backend_valid-active_r30_audit-off_20260824T234516Z,obs_e7bb36c6a6f3495aa6421cc129f177dd,2026-08-24T23:45:16.887987+00:00,x509,valid_active,9,50,UAV-VALID,ACCEPTED,ACCEPTED,True,87173800,87.1738,60500,91400,86639900,0,273700,9900,0,0,,,,none,x509-valid_active_11,0,False,239,8,
n100-identities_c50-conc_mech-x509-1backend_valid-active_r30_audit-off_20260824T234516Z,obs_d73a9345e355488f8e3e5f83192f4cf4,2026-08-24T23:45:16.901470+00:00,x509,valid_active,7,50,UAV-VALID,ACCEPTED,ACCEPTED,True,98384800,98.3848,41800,92700,97935300,0,228800,6800,0,0,,,,none,x509-valid_active_9,0,False,240,8,
n100-identities_c50-conc_mech-x509-1backend_valid-active_r30_audit-off_20260824T234516Z,obs_1d161378deef4c3cba409afba4c37423,2026-08-24T23:45:16.906958+00:00,x509,valid_active,8,50,UAV-VALID,ACCEPTED,ACCEPTED,True,93185500,93.1855,48800,95500,92543200,0,278300,7300,0,0,,,,none,x509-valid_active_10,0,False,238,8,
n100-identities_c50-conc_mech-x509-1backend_valid-active_r30_audit-off_20260824T234516Z,obs_831b8f610fd4404984ea3a92e7aef039,2026-08-24T23:45:16.929164+00:00,x509,valid_active,10,50,UAV-VALID,ACCEPTED,ACCEPTED,True,95090800,95.0908,63700,86800,94679100,0,210300,5900,0,0,,,,none,x509-valid_active_12,0,False,239,8,
n100-identities_c50-conc_mech-x509-1backend_valid-active_r30_audit-off_20260824T234516Z,obs_8bf89d6e5fd141c0905d1dfdf91a5475,2026-08-24T23:45:16.939994+00:00,x509,valid_active,13,50,UAV-VALID,ACCEPTED,ACCEPTED,True,49864400,49.8644,68500,132300,49169500,0,398400,8800,0,0,,,,none,x509-valid_active_2,0,False,239,8,
n100-identities_c50-conc_mech-x509-1backend_valid-active_r30_audit-off_20260824T234516Z,obs_a05921b6408c4a9ab654e553a95ef8eb,2026-08-24T23:45:16.946451+00:00,x509,valid_active,12,50,UAV-VALID,ACCEPTED,ACCEPTED,True,104389700,104.3897,57600,135200,103892800,0,211400,6300,0,0,,,,none,x509-valid_active_14,0,False,239,8,
n100-identities_c50-conc_mech-x509-1backend_valid-active_r30_audit-off_20260824T234516Z,obs_ec55ab12cda0493b8b122abb4cc74242,2026-08-24T23:45:16.955972+00:00,x509,valid_active,14,50,UAV-VALID,ACCEPTED,ACCEPTED,True,86894500,86.8945,41500,121700,86297500,0,291800,7800,0,0,,,,none,x509-valid_active_15,0,False,239,8,
n100-identities_c50-conc_mech-x509-1backend_valid-active_r30_audit-off_20260824T234516Z,obs_8e1ca3e3f5024db794ba96c3e648c284,2026-08-24T23:45:16.968363+00:00,x509,valid_active,16,50,UAV-VALID,ACCEPTED,ACCEPTED,True,32974900,32.9749,76900,74600,32580700,0,199300,5700,0,0,,,,none,x509-valid_active_0,0,False,239,8,
n100-identities_c50-conc_mech-x509-1backend_valid-active_r30_audit-off_20260824T234516Z,obs_cf58bbe35a9841ea89516d70a361ca17,2026-08-24T23:45:16.968819+00:00,x509,valid_active,21,50,UAV-VALID,ACCEPTED,ACCEPTED,True,44801600,44.8016,53700,157000,44323400,0,191700,4200,0,0,,,,none,x509-valid_active_18,0,False,240,8,
n100-identities_c50-conc_mech-x509-1backend_valid-active_r30_audit-off_20260824T234516Z,obs_07224a7555ba4314ac77103e09358b47,2026-08-24T23:45:16.969345+00:00,x509,valid_active,11,50,UAV-VALID,ACCEPTED,ACCEPTED,True,101048200,101.0482,46400,119300,100657800,0,165100,4500,0,0,,,,none,x509-valid_active_13,0,False,238,8,
n100-identities_c50-conc_mech-x509-1backend_valid-active_r30_audit-off_20260824T234516Z,obs_501d7f5566304701bc0245a9601a0204,2026-08-24T23:45:16.970072+00:00,x509,valid_active,17,50,UAV-VALID,ACCEPTED,ACCEPTED,True,24859100,24.8591,58000,111300,24450900,0,180300,4600,0,0,,,,none,x509-valid_active_3,0,False,239,8,
n100-identities_c50-conc_mech-x509-1backend_valid-active_r30_audit-off_20260824T234516Z,obs_4c8313471d9b4608a623efb46409e285,2026-08-24T23:45:16.970557+00:00,x509,valid_active,15,50,UAV-VALID,ACCEPTED,ACCEPTED,True,44090600,44.0906,50100,114600,43661000,0,192200,4900,0,0,,,,none,x509-valid_active_1,0,False,240,8,
n100-identities_c50-conc_mech-x509-1backend_valid-active_r30_audit-off_20260824T234516Z,obs_7fc54b07ba9f49f58f620c27b50410a1,2026-08-24T23:45:16.971389+00:00,x509,valid_active,19,50,UAV-VALID,ACCEPTED,ACCEPTED,True,73659900,73.6599,54500,117300,73191900,0,220400,5000,0,0,,,,none,x509-valid_active_17,0,False,238,8,
n100-identities_c50-conc_mech-x509-1backend_valid-active_r30_audit-off_20260824T234516Z,obs_6e262e2322c7462d89164f3be943cc8a,2026-08-24T23:45:16.976114+00:00,x509,valid_active,22,50,UAV-VALID,ACCEPTED,ACCEPTED,True,27428700,27.4287,49300,107500,26937500,0,242900,19400,0,0,,,,none,x509-valid_active_19,0,False,238,8,
n100-identities_c50-conc_mech-x509-1backend_valid-active_r30_audit-off_20260824T234516Z,obs_a74cd9b7423f4c3db14763e16ad48bde,2026-08-24T23:45:16.976627+00:00,x509,valid_active,18,50,UAV-VALID,ACCEPTED,ACCEPTED,True,40511400,40.5114,50000,137400,40070000,0,188100,4800,0,0,,,,none,x509-valid_active_16,0,False,240,8,
n100-identities_c50-conc_mech-x509-1backend_valid-active_r30_audit-off_20260824T234516Z,obs_f0744c00e7c4467f94865bd856bc1da5,2026-08-24T23:45:16.979438+00:00,x509,valid_active,20,50,UAV-VALID,ACCEPTED,ACCEPTED,True,16731000,16.731,46700,89400,16297600,0,204900,5900,0,0,,,,none,x509-valid_active_4,0,False,238,8,
n100-identities_c50-conc_mech-x509-1backend_valid-active_r30_audit-off_20260824T234516Z,obs_ac4a9b7cb8c24116bedcd7d118302f07,2026-08-24T23:45:16.983915+00:00,x509,valid_active,24,50,UAV-VALID,ACCEPTED,ACCEPTED,True,20003700,20.0037,35400,81600,19646500,0,164400,5300,0,0,,,,none,x509-valid_active_6,0,False,238,8,
n100-identities_c50-conc_mech-x509-1backend_valid-active_r30_audit-off_20260824T234516Z,obs_6c42fb36681745d9a1d8d18cad239aa4,2026-08-24T23:45:16.984593+00:00,x509,valid_active,28,50,UAV-VALID,ACCEPTED,ACCEPTED,True,17603100,17.6031,50400,94400,17124200,0,263700,8300,0,0,,,,none,x509-valid_active_22,0,False,238,8,
n100-identities_c50-conc_mech-x509-1backend_valid-active_r30_audit-off_20260824T234516Z,obs_805b79e259e142368e85088de29bd1b2,2026-08-24T23:45:16.985094+00:00,x509,valid_active,23,50,UAV-VALID,ACCEPTED,ACCEPTED,True,25855500,25.8555,44200,92100,25430300,0,205400,5000,0,0,,,,none,x509-valid_active_5,0,False,240,8,
n100-identities_c50-conc_mech-x509-1backend_valid-active_r30_audit-off_20260824T234516Z,obs_df75650d9626496f822e6b04419c2149,2026-08-24T23:45:16.985546+00:00,x509,valid_active,27,50,UAV-VALID,ACCEPTED,ACCEPTED,True,19530900,19.5309,49400,77300,19148700,0,192600,4300,0,0,,,,none,x509-valid_active_8,0,False,240,8,
n100-identities_c50-conc_mech-x509-1backend_valid-active_r30_audit-off_20260824T234516Z,obs_aaa4536d090f44e0825b26478e08b8eb,2026-08-24T23:45:16.986118+00:00,x509,valid_active,25,50,UAV-VALID,ACCEPTED,ACCEPTED,True,19638200,19.6382,35800,93000,19229100,0,207200,6400,0,0,,,,none,x509-valid_active_20,0,False,239,8,
n100-identities_c50-conc_mech-x509-1backend_valid-active_r30_audit-off_20260824T234516Z,obs_e330976753f04f9fab854fa2cd308a0b,2026-08-24T23:45:16.986585+00:00,x509,valid_active,26,50,UAV-VALID,ACCEPTED,ACCEPTED,True,18913700,18.9137,30200,71300,18554500,0,179400,4100,0,0,,,,none,x509-valid_active_21,0,False,239,8,
n100-identities_c50-conc_mech-x509-1backend_valid-active_r30_audit-off_20260824T234516Z,obs_f1470bd2284441afbf75f45ce599dcee,2026-08-24T23:45:16.987260+00:00,x509,valid_active,29,50,UAV-VALID,ACCEPTED,ACCEPTED,True,13300400,13.3004,36900,128900,12848100,0,187500,5100,0,0,,,,none,x509-valid_active_7,0,False,239,8,
n100-identities_c50-conc_mech-blockchain-1backend_valid-active_r30_audit-off_20260824T234900Z,obs_1c429dd61ff24578b424eb1c3d36c315,2026-08-24T23:49:00.743398+00:00,blockchain,valid_active,2,50,UAV-VALID,ACCEPTED,ACCEPTED,True,220512400,220.5124,44500,219877800,0,5800,362000,9300,0,0,,,,none,blockchain-valid_active_4,0,False,240,8,
n100-identities_c50-conc_mech-blockchain-1backend_valid-active_r30_audit-off_20260824T234900Z,obs_1e9f6899adaf4b51922e9d93451236c9,2026-08-24T23:49:00.801980+00:00,blockchain,valid_active,1,50,UAV-VALID,ACCEPTED,ACCEPTED,True,299638900,299.6389,53600,299155100,0,5200,304200,7900,0,0,,,,none,blockchain-valid_active_1,0,True,240,8,
n100-identities_c50-conc_mech-blockchain-1backend_valid-active_r30_audit-off_20260824T234900Z,obs_14de574dcd434496b600b73f1276dbcb,2026-08-24T23:49:00.705509+00:00,blockchain,valid_active,0,50,UAV-VALID,ACCEPTED,ACCEPTED,True,220758100,220.7581,49600,220275300,0,4600,305600,8600,0,0,,,,none,blockchain-valid_active_0,0,True,239,8,
n100-identities_c50-conc_mech-blockchain-1backend_valid-active_r30_audit-off_20260824T234900Z,obs_64deb2ce0e0e42ab98325f97d67cf9b7,2026-08-24T23:49:00.727446+00:00,blockchain,valid_active,1,50,UAV-VALID,ACCEPTED,ACCEPTED,True,200580400,200.5804,34700,200295400,0,3300,173300,3900,0,0,,,,none,blockchain-valid_active_3,0,False,238,8,
n100-identities_c50-conc_mech-blockchain-1backend_valid-active_r30_audit-off_20260824T234900Z,obs_f2dacd95080f43c397b0497635f04648,2026-08-24T23:49:00.858260+00:00,blockchain,valid_active,6,50,UAV-VALID,ACCEPTED,ACCEPTED,True,301188700,301.1887,44700,300412400,0,5000,431100,9100,0,0,,,,none,blockchain-valid_active_8,0,False,240,8,
n100-identities_c50-conc_mech-blockchain-1backend_valid-active_r30_audit-off_20260824T234900Z,obs_c3523e3871ef4f9d9f3d597d3b836b2f,2026-08-24T23:49:00.891559+00:00,blockchain,valid_active,5,50,UAV-VALID,ACCEPTED,ACCEPTED,True,314154800,314.1548,60600,313797700,0,2900,185200,5200,0,0,,,,none,blockchain-valid_active_7,0,False,239,8,
n100-identities_c50-conc_mech-blockchain-1backend_valid-active_r30_audit-off_20260824T234900Z,obs_79f1cc64fde5426a91b96afbe55b7f3f,2026-08-24T23:49:00.907358+00:00,blockchain,valid_active,0,50,UAV-VALID,ACCEPTED,ACCEPTED,True,385509100,385.5091,59500,385033000,0,4100,274200,6900,0,0,,,,none,blockchain-valid_active_2,0,False,238,8,
n100-identities_c50-conc_mech-blockchain-1backend_valid-active_r30_audit-off_20260824T234900Z,obs_c15ae9d2e7f14cc999a6ce688dd41c34,2026-08-24T23:49:00.915719+00:00,blockchain,valid_active,7,50,UAV-VALID,ACCEPTED,ACCEPTED,True,320543300,320.5433,37800,320029200,0,4900,341200,8600,0,0,,,,none,blockchain-valid_active_9,0,False,239,8,
n100-identities_c50-conc_mech-blockchain-1backend_valid-active_r30_audit-off_20260824T234900Z,obs_62fefab658da4518a9498ce6ca9001d0,2026-08-24T23:49:00.941035+00:00,blockchain,valid_active,3,50,UAV-VALID,ACCEPTED,ACCEPTED,True,374340100,374.3401,56000,373847800,0,4600,256100,7700,0,0,,,,none,blockchain-valid_active_5,0,False,239,8,
n100-identities_c50-conc_mech-blockchain-1backend_valid-active_r30_audit-off_20260824T234900Z,obs_6d4bb18992e648639e1e7469c8782669,2026-08-24T23:49:00.976287+00:00,blockchain,valid_active,13,50,UAV-VALID,ACCEPTED,ACCEPTED,True,298040300,298.0403,66900,297474200,0,4900,368300,8000,0,0,,,,none,blockchain-valid_active_15,0,False,239,8,
n100-identities_c50-conc_mech-blockchain-1backend_valid-active_r30_audit-off_20260824T234900Z,obs_108ba6ec18f24b6b8c935d6fa953170d,2026-08-24T23:49:00.981670+00:00,blockchain,valid_active,9,50,UAV-VALID,ACCEPTED,ACCEPTED,True,326476500,326.4765,35800,325502900,0,4400,302200,8700,0,0,,,,none,blockchain-valid_active_11,0,False,240,8,
n100-identities_c50-conc_mech-blockchain-1backend_valid-active_r30_audit-off_20260824T234900Z,obs_1cd0dc22d1eb44799092fab4f1d81dbc,2026-08-24T23:49:01.172363+00:00,blockchain,valid_active,14,50,UAV-VALID,ACCEPTED,ACCEPTED,True,477858600,477.8586,292700,477312300,0,4600,273400,11400,0,0,,,,none,blockchain-valid_active_16,0,False,240,8,
n100-identities_c50-conc_mech-blockchain-1backend_valid-active_r30_audit-off_20260824T234900Z,obs_15cbc366339f43fcb2dc80fb5526ddd6,2026-08-24T23:49:01.193084+00:00,blockchain,valid_active,8,50,UAV-VALID,ACCEPTED,ACCEPTED,True,585775800,585.7758,31700,582073700,0,4400,3497300,12900,0,0,,,,none,blockchain-valid_active_10,0,False,239,8,
n100-identities_c50-conc_mech-blockchain-1backend_valid-active_r30_audit-off_20260824T234900Z,obs_6938d417fbfb42f289c08e1f2b9be2ad,2026-08-24T23:49:01.201145+00:00,blockchain,valid_active,11,50,UAV-VALID,ACCEPTED,ACCEPTED,True,543599300,543.5993,43700,543109200,0,5400,278700,10800,0,0,,,,none,blockchain-valid_active_13,0,False,239,8,
n100-identities_c50-conc_mech-blockchain-1backend_valid-active_r30_audit-off_20260824T234900Z,obs_a924f02d468a4e6ba4905cd644e0e120,2026-08-24T23:49:01.205280+00:00,blockchain,valid_active,18,50,UAV-VALID,ACCEPTED,ACCEPTED,True,431807200,431.8072,51500,431376100,0,4000,264000,6900,0,0,,,,none,blockchain-valid_active_20,0,False,239,8,
n100-identities_c50-conc_mech-blockchain-1backend_valid-active_r30_audit-off_20260824T234900Z,obs_d63268e6bcd04a7889b2add9baf6d6a9,2026-08-24T23:49:01.220587+00:00,blockchain,valid_active,10,50,UAV-VALID,ACCEPTED,ACCEPTED,True,570103300,570.1033,91400,569040700,0,17100,600600,38500,0,0,,,,none,blockchain-valid_active_12,0,False,238,8,
n100-identities_c50-conc_mech-blockchain-1backend_valid-active_r30_audit-off_20260824T234900Z,obs_e2cf29eaca5a4f558e6a636a0ea55b50,2026-08-24T23:49:01.242546+00:00,blockchain,valid_active,17,50,UAV-VALID,ACCEPTED,ACCEPTED,True,463825400,463.8254,60100,462913600,0,4600,661100,9400,0,0,,,,none,blockchain-valid_active_19,0,False,240,8,
n100-identities_c50-conc_mech-blockchain-1backend_valid-active_r30_audit-off_20260824T234900Z,obs_5d032473c86e4acda755c941ff39742a,2026-08-24T23:49:01.251269+00:00,blockchain,valid_active,23,50,UAV-VALID,ACCEPTED,ACCEPTED,True,313167400,313.1674,63800,312704800,0,5300,276700,8200,0,0,,,,none,blockchain-valid_active_24,0,False,238,8,
n100-identities_c50-conc_mech-blockchain-1backend_valid-active_r30_audit-off_20260824T234900Z,obs_97e1679da3e24a5eb71576dc8e3320d4,2026-08-24T23:49:01.253975+00:00,blockchain,valid_active,22,50,UAV-VALID,ACCEPTED,ACCEPTED,True,386338400,386.3384,62000,385800100,0,4400,349000,9900,0,0,,,,none,blockchain-valid_active_23,0,False,239,8,
n100-identities_c50-conc_mech-blockchain-1backend_valid-active_r30_audit-off_20260824T234900Z,obs_42be8d97b3be4cc2a676f4a5d015e45d,2026-08-24T23:49:01.257045+00:00,blockchain,valid_active,21,50,UAV-VALID,ACCEPTED,ACCEPTED,True,425463000,425.463,53600,424950100,0,5500,312800,8100,0,0,,,,none,blockchain-valid_active_0,0,False,239,8,
n100-identities_c50-conc_mech-blockchain-1backend_valid-active_r30_audit-off_20260824T234900Z,obs_e46f6d9e2e454eeb9fa3c70e4ff11251,2026-08-24T23:49:01.267538+00:00,blockchain,valid_active,4,50,UAV-VALID,ACCEPTED,ACCEPTED,True,661164500,661.1645,36100,660443000,0,4700,486900,9800,0,0,,,,none,blockchain-valid_active_6,0,False,239,8,
n100-identities_c50-conc_mech-blockchain-1backend_valid-active_r30_audit-off_20260824T234900Z,obs_3d899418e76241959d09b3221e59245a,2026-08-24T23:49:01.273284+00:00,blockchain,valid_active,24,50,UAV-VALID,ACCEPTED,ACCEPTED,True,380248500,380.2485,29700,379561500,0,4700,504500,11000,0,0,,,,none,blockchain-valid_active_3,0,False,240,8,
n100-identities_c50-conc_mech-blockchain-1backend_valid-active_r30_audit-off_20260824T234900Z,obs_493fecaf082b406eb173860ae9c72d09,2026-08-24T23:49:01.279391+00:00,blockchain,valid_active,25,50,UAV-VALID,ACCEPTED,ACCEPTED,True,402957400,402.9574,40900,402421500,0,4100,369200,17600,0,0,,,,none,blockchain-valid_active_4,0,False,239,8,
n100-identities_c50-conc_mech-blockchain-1backend_valid-active_r30_audit-off_20260824T234900Z,obs_53445a9f62334146aa45367a0c0effe6,2026-08-24T23:49:01.284430+00:00,blockchain,valid_active,15,50,UAV-VALID,ACCEPTED,ACCEPTED,True,499890400,499.8904,61100,499402800,0,4200,291100,9200,0,0,,,,none,blockchain-valid_active_17,0,False,239,8,
n100-identities_c50-conc_mech-blockchain-1backend_valid-active_r30_audit-off_20260824T234900Z,obs_5b425c06697944ab947d10d67ed3549b,2026-08-24T23:49:01.290321+00:00,blockchain,valid_active,12,50,UAV-VALID,ACCEPTED,ACCEPTED,True,626376200,626.3762,37500,625638000,0,6100,549700,8500,0,0,,,,none,blockchain-valid_active_14,0,False,239,8,
n100-identities_c50-conc_mech-blockchain-1backend_valid-active_r30_audit-off_20260824T234900Z,obs_01529890579f4144962a56e4e82b5a0c,2026-08-24T23:49:01.305483+00:00,blockchain,valid_active,28,50,UAV-VALID,ACCEPTED,ACCEPTED,True,362073500,362.0735,54400,360966000,0,5000,899400,10700,0,0,,,,none,blockchain-valid_active_27,0,False,240,8,
n100-identities_c50-conc_mech-blockchain-1backend_valid-active_r30_audit-off_20260824T234900Z,obs_877f5a8157ad43e0879e5ffd037b57d7,2026-08-24T23:49:01.338279+00:00,blockchain,valid_active,20,50,UAV-VALID,ACCEPTED,ACCEPTED,True,469459000,469.459,35600,468977200,0,6000,297900,9700,0,0,,,,none,blockchain-valid_active_22,0,False,238,8,
n100-identities_c50-conc_mech-blockchain-1backend_valid-active_r30_audit-off_20260824T234900Z,obs_d7aaba7fda014729b2c93f8f74d953fb,2026-08-24T23:49:01.343898+00:00,blockchain,valid_active,16,50,UAV-VALID,ACCEPTED,ACCEPTED,True,453985500,453.9855,44800,453430600,0,5400,335300,8200,0,0,,,,none,blockchain-valid_active_18,0,False,239,8,
n100-identities_c50-conc_mech-blockchain-1backend_valid-active_r30_audit-off_20260824T234900Z,obs_03a8be5a19a543a9a7a0a14ab20bdc6b,2026-08-24T23:49:01.357708+00:00,blockchain,valid_active,19,50,UAV-VALID,ACCEPTED,ACCEPTED,True,505177200,505.1772,35200,504686900,0,4300,343300,8000,0,0,,,,none,blockchain-valid_active_21,0,False,239,8,
n100-identities_c50-conc_mech-blockchain-1backend_valid-active_r30_audit-off_20260824T234900Z,obs_430d1f9028cf4fa1925594f6ff54aa36,2026-08-24T23:49:01.360815+00:00,blockchain,valid_active,26,50,UAV-VALID,ACCEPTED,ACCEPTED,True,455646300,455.6463,47800,455245000,0,4500,234000,6900,0,0,,,,none,blockchain-valid_active_25,0,False,239,8,
n100-identities_c50-conc_mech-blockchain-1backend_valid-active_r30_audit-off_20260824T234900Z,obs_0773b2e6b6e24cbf81da007567aa1ec8,2026-08-24T23:49:01.370302+00:00,blockchain,valid_active,29,50,UAV-VALID,ACCEPTED,ACCEPTED,True,409813800,409.8138,42100,409364200,0,5000,274100,7400,0,0,,,,none,blockchain-valid_active_1,0,False,239,8,
n100-identities_c50-conc_mech-blockchain-1backend_valid-active_r30_audit-off_20260824T234900Z,obs_6befa8f7d63e40b38f5c1dd980ca1478,2026-08-24T23:49:01.372832+00:00,blockchain,valid_active,27,50,UAV-VALID,ACCEPTED,ACCEPTED,True,232611000,232.611,60900,232151500,0,3800,281900,6700,0,0,,,,none,blockchain-valid_active_26,0,False,240,8,
n250-identities_c1-conc_mech-x509-1backend_valid-active_r30_audit-off_20260824T234521Z,obs_a806c60c04104b129d7b6d10ef7dd86a,2026-08-24T23:45:21.928804+00:00,x509,valid_active,0,1,UAV-VALID,ACCEPTED,ACCEPTED,True,1953500,1.9535,39400,76200,1515300,0,232300,7500,0,0,,,,none,x509-valid_active_0,0,True,239,8,
n250-identities_c1-conc_mech-x509-1backend_valid-active_r30_audit-off_20260824T234521Z,obs_46bd6e9402cf4226ab5804e20686383c,2026-08-24T23:45:21.937998+00:00,x509,valid_active,1,1,UAV-VALID,ACCEPTED,ACCEPTED,True,1955300,1.9553,39700,74300,1581400,0,187200,6600,0,0,,,,none,x509-valid_active_0,0,True,239,8,
n250-identities_c1-conc_mech-x509-1backend_valid-active_r30_audit-off_20260824T234521Z,obs_0620156de37f42ac80c2d20adef9b3ac,2026-08-24T23:45:21.948157+00:00,x509,valid_active,0,1,UAV-VALID,ACCEPTED,ACCEPTED,True,1939200,1.9392,41700,101600,1568200,0,160400,4800,0,0,,,,none,x509-valid_active_0,0,False,240,8,
n250-identities_c1-conc_mech-x509-1backend_valid-active_r30_audit-off_20260824T234521Z,obs_d5326fae237e4588bf04b69f7618d6a9,2026-08-24T23:45:21.959708+00:00,x509,valid_active,1,1,UAV-VALID,ACCEPTED,ACCEPTED,True,2605300,2.6053,50700,106300,2105900,0,246400,7100,0,0,,,,none,x509-valid_active_0,0,False,239,8,
n250-identities_c1-conc_mech-x509-1backend_valid-active_r30_audit-off_20260824T234521Z,obs_95fc39e3a49a441180f876140b1c410f,2026-08-24T23:45:21.970737+00:00,x509,valid_active,2,1,UAV-VALID,ACCEPTED,ACCEPTED,True,2865500,2.8655,549900,260200,2035300,0,249700,6900,0,0,,,,none,x509-valid_active_0,0,False,238,8,
n250-identities_c1-conc_mech-x509-1backend_valid-active_r30_audit-off_20260824T234521Z,obs_3073cd18dba44fd3b531074a5ec6a707,2026-08-24T23:45:21.981315+00:00,x509,valid_active,3,1,UAV-VALID,ACCEPTED,ACCEPTED,True,2465900,2.4659,55200,100600,1999600,0,231600,5900,0,0,,,,none,x509-valid_active_0,0,False,239,8,
n250-identities_c1-conc_mech-x509-1backend_valid-active_r30_audit-off_20260824T234521Z,obs_05205ca2c4844a459b89541bb7a3a841,2026-08-24T23:45:21.994976+00:00,x509,valid_active,4,1,UAV-VALID,ACCEPTED,ACCEPTED,True,2611100,2.6111,1158400,118400,2097200,0,235200,7400,0,0,,,,none,x509-valid_active_0,0,False,238,8,
n250-identities_c1-conc_mech-x509-1backend_valid-active_r30_audit-off_20260824T234521Z,obs_946da69621344179af8ae6ad31bf244e,2026-08-24T23:45:22.005065+00:00,x509,valid_active,5,1,UAV-VALID,ACCEPTED,ACCEPTED,True,2583600,2.5836,43500,75000,1934400,0,394400,7600,0,0,,,,none,x509-valid_active_0,0,False,240,8,
n250-identities_c1-conc_mech-x509-1backend_valid-active_r30_audit-off_20260824T234521Z,obs_12b9efeec0264ebc933b1073a65632c8,2026-08-24T23:45:22.016485+00:00,x509,valid_active,6,1,UAV-VALID,ACCEPTED,ACCEPTED,True,1974200,1.9742,72600,95600,1538600,0,209900,6000,0,0,,,,none,x509-valid_active_0,0,False,238,8,
n250-identities_c1-conc_mech-x509-1backend_valid-active_r30_audit-off_20260824T234521Z,obs_b2637aabb3dc483d9f59ba5dcc2bb746,2026-08-24T23:45:22.027198+00:00,x509,valid_active,7,1,UAV-VALID,ACCEPTED,ACCEPTED,True,2532600,2.5326,55300,109500,2068600,0,216500,7300,0,0,,,,none,x509-valid_active_0,0,False,238,8,
n250-identities_c1-conc_mech-x509-1backend_valid-active_r30_audit-off_20260824T234521Z,obs_fb2dbb5023624820acf2c04468827732,2026-08-24T23:45:22.038485+00:00,x509,valid_active,8,1,UAV-VALID,ACCEPTED,ACCEPTED,True,2920400,2.9204,51200,105900,2145800,0,271500,42100,0,0,,,,none,x509-valid_active_0,0,False,238,8,
n250-identities_c1-conc_mech-x509-1backend_valid-active_r30_audit-off_20260824T234521Z,obs_cb29a5c8311949eca7c029721fd51be2,2026-08-24T23:45:22.049554+00:00,x509,valid_active,9,1,UAV-VALID,ACCEPTED,ACCEPTED,True,2214400,2.2144,49300,104700,1748900,0,230300,6400,0,0,,,,none,x509-valid_active_0,0,False,240,8,
n250-identities_c1-conc_mech-x509-1backend_valid-active_r30_audit-off_20260824T234521Z,obs_4bb2bffdd13b49968937d5d52e013778,2026-08-24T23:45:22.062093+00:00,x509,valid_active,10,1,UAV-VALID,ACCEPTED,ACCEPTED,True,2268200,2.2682,53400,93100,1818900,0,216800,6700,0,0,,,,none,x509-valid_active_0,0,False,239,8,
n250-identities_c1-conc_mech-x509-1backend_valid-active_r30_audit-off_20260824T234521Z,obs_19b25463a3ac4c3c8de4e1fb02c99800,2026-08-24T23:45:22.073192+00:00,x509,valid_active,11,1,UAV-VALID,ACCEPTED,ACCEPTED,True,2623500,2.6235,50500,96900,2134300,0,240600,8000,0,0,,,,none,x509-valid_active_0,0,False,240,8,
n250-identities_c1-conc_mech-x509-1backend_valid-active_r30_audit-off_20260824T234521Z,obs_10938e18d30941c8ab8e4d7f30265f49,2026-08-24T23:45:22.084119+00:00,x509,valid_active,12,1,UAV-VALID,ACCEPTED,ACCEPTED,True,2144500,2.1445,53000,99700,1690200,0,221500,5700,0,0,,,,none,x509-valid_active_0,0,False,239,8,
n250-identities_c1-conc_mech-x509-1backend_valid-active_r30_audit-off_20260824T234521Z,obs_28fdd1a475b44dfd8544314d341a8b4e,2026-08-24T23:45:22.097818+00:00,x509,valid_active,13,1,UAV-VALID,ACCEPTED,ACCEPTED,True,3323900,3.3239,64000,248000,2646400,0,246500,7900,0,0,,,,none,x509-valid_active_0,0,False,238,8,
n250-identities_c1-conc_mech-x509-1backend_valid-active_r30_audit-off_20260824T234521Z,obs_8dc4d9c256eb4ef7b7105ab9c804fb89,2026-08-24T23:45:22.115064+00:00,x509,valid_active,14,1,UAV-VALID,ACCEPTED,ACCEPTED,True,4178100,4.1781,56800,111500,3161400,0,610800,121300,0,0,,,,none,x509-valid_active_0,0,False,238,8,
n250-identities_c1-conc_mech-x509-1backend_valid-active_r30_audit-off_20260824T234521Z,obs_f54fb5df76314d85b976da6fc817a3a9,2026-08-24T23:45:22.127204+00:00,x509,valid_active,15,1,UAV-VALID,ACCEPTED,ACCEPTED,True,2639800,2.6398,58900,107400,2140800,0,236500,7700,0,0,,,,none,x509-valid_active_0,0,False,239,8,
n250-identities_c1-conc_mech-x509-1backend_valid-active_r30_audit-off_20260824T234521Z,obs_2e51eab797a64b65a81f249d99842248,2026-08-24T23:45:22.140308+00:00,x509,valid_active,16,1,UAV-VALID,ACCEPTED,ACCEPTED,True,3043700,3.0437,179100,182100,2475400,0,224500,6900,0,0,,,,none,x509-valid_active_0,0,False,239,8,
n250-identities_c1-conc_mech-x509-1backend_valid-active_r30_audit-off_20260824T234521Z,obs_9624f8ed430849a5b42b7410be1f67a7,2026-08-24T23:45:22.152269+00:00,x509,valid_active,17,1,UAV-VALID,ACCEPTED,ACCEPTED,True,2443300,2.4433,59400,116200,1959800,0,220700,6700,0,0,,,,none,x509-valid_active_0,0,False,239,8,
n250-identities_c1-conc_mech-x509-1backend_valid-active_r30_audit-off_20260824T234521Z,obs_0d629e14bc1b48f385f28a92dbef185c,2026-08-24T23:45:22.165926+00:00,x509,valid_active,18,1,UAV-VALID,ACCEPTED,ACCEPTED,True,2263100,2.2631,55900,107600,1772700,0,239800,6800,0,0,,,,none,x509-valid_active_0,0,False,239,8,
n250-identities_c1-conc_mech-x509-1backend_valid-active_r30_audit-off_20260824T234521Z,obs_047c0833589e4861b35eb17d524f59ba,2026-08-24T23:45:22.180302+00:00,x509,valid_active,19,1,UAV-VALID,ACCEPTED,ACCEPTED,True,3845300,3.8453,156200,210500,3108500,0,263700,8200,0,0,,,,none,x509-valid_active_0,0,False,239,8,
n250-identities_c1-conc_mech-x509-1backend_valid-active_r30_audit-off_20260824T234521Z,obs_50fd5fba5bdc4b55a079f864b8bd4fb8,2026-08-24T23:45:22.196793+00:00,x509,valid_active,20,1,UAV-VALID,ACCEPTED,ACCEPTED,True,4232100,4.2321,70800,129700,3582100,0,316400,8900,0,0,,,,none,x509-valid_active_0,0,False,240,8,
n250-identities_c1-conc_mech-x509-1backend_valid-active_r30_audit-off_20260824T234521Z,obs_59c048c9674849c5abb0ccbd85906a31,2026-08-24T23:45:22.214380+00:00,x509,valid_active,21,1,UAV-VALID,ACCEPTED,ACCEPTED,True,2775500,2.7755,86900,142500,2164800,0,261000,7600,0,0,,,,none,x509-valid_active_0,0,False,239,8,
n250-identities_c1-conc_mech-x509-1backend_valid-active_r30_audit-off_20260824T234521Z,obs_14536d5a6fe04c8a8297dd3585ba11c7,2026-08-24T23:45:22.230224+00:00,x509,valid_active,22,1,UAV-VALID,ACCEPTED,ACCEPTED,True,3016100,3.0161,60600,122000,2431000,0,286600,10300,0,0,,,,none,x509-valid_active_0,0,False,239,8,
n250-identities_c1-conc_mech-x509-1backend_valid-active_r30_audit-off_20260824T234521Z,obs_4a32041d994c4bd3ae2026ace358aa8e,2026-08-24T23:45:22.249241+00:00,x509,valid_active,23,1,UAV-VALID,ACCEPTED,ACCEPTED,True,3579100,3.5791,60200,111800,2742200,0,490000,10200,0,0,,,,none,x509-valid_active_0,0,False,239,8,
n250-identities_c1-conc_mech-x509-1backend_valid-active_r30_audit-off_20260824T234521Z,obs_453e69dad4254894bab6e1e40a75f314,2026-08-24T23:45:22.268177+00:00,x509,valid_active,24,1,UAV-VALID,ACCEPTED,ACCEPTED,True,2571900,2.5719,61900,129200,2036200,0,241200,8400,0,0,,,,none,x509-valid_active_0,0,False,239,8,
n250-identities_c1-conc_mech-x509-1backend_valid-active_r30_audit-off_20260824T234521Z,obs_3747c5e2669d4644a0037c5ffa122c6b,2026-08-24T23:45:22.283755+00:00,x509,valid_active,25,1,UAV-VALID,ACCEPTED,ACCEPTED,True,2413900,2.4139,64300,128100,1866700,0,270400,6400,0,0,,,,none,x509-valid_active_0,0,False,239,8,
n250-identities_c1-conc_mech-x509-1backend_valid-active_r30_audit-off_20260824T234521Z,obs_6ab3e89ebf944df187f86319a513bd10,2026-08-24T23:45:22.300282+00:00,x509,valid_active,26,1,UAV-VALID,ACCEPTED,ACCEPTED,True,2549700,2.5497,68400,124400,2034800,0,231900,6800,0,0,,,,none,x509-valid_active_0,0,False,239,8,
n250-identities_c1-conc_mech-x509-1backend_valid-active_r30_audit-off_20260824T234521Z,obs_d66e4c9d05bf4574a524c0773307b471,2026-08-24T23:45:22.313908+00:00,x509,valid_active,27,1,UAV-VALID,ACCEPTED,ACCEPTED,True,2755200,2.7552,129000,79100,2261400,0,250200,8200,0,0,,,,none,x509-valid_active_0,0,False,239,8,
n250-identities_c1-conc_mech-x509-1backend_valid-active_r30_audit-off_20260824T234521Z,obs_9572e7a84ac948e0a87ffbc21505d954,2026-08-24T23:45:22.329837+00:00,x509,valid_active,28,1,UAV-VALID,ACCEPTED,ACCEPTED,True,3929400,3.9294,111500,154400,2482300,0,255500,8300,0,0,,,,none,x509-valid_active_0,0,False,240,8,
n250-identities_c1-conc_mech-x509-1backend_valid-active_r30_audit-off_20260824T234521Z,obs_d0c2691df6e04abaa5ba6c74593be1bc,2026-08-24T23:45:22.348375+00:00,x509,valid_active,29,1,UAV-VALID,ACCEPTED,ACCEPTED,True,8374500,8.3745,68500,110300,7281100,0,594200,46000,0,0,,,,none,x509-valid_active_0,0,False,238,8,
n250-identities_c1-conc_mech-blockchain-1backend_valid-active_r30_audit-off_20260824T234524Z,obs_53e75984cda04cf09b74315ae7b64e2c,2026-08-24T23:45:24.200270+00:00,blockchain,valid_active,0,1,UAV-VALID,ACCEPTED,ACCEPTED,True,33382100,33.3821,64400,32788600,0,6000,292400,9400,0,0,,,,none,blockchain-valid_active_0,0,True,239,8,
n250-identities_c1-conc_mech-blockchain-1backend_valid-active_r30_audit-off_20260824T234524Z,obs_c2c69e1d87ae43e1be46fbdde5e26c89,2026-08-24T23:45:24.232457+00:00,blockchain,valid_active,1,1,UAV-VALID,ACCEPTED,ACCEPTED,True,22124400,22.1244,58800,21790900,0,4100,204600,4900,0,0,,,,none,blockchain-valid_active_0,0,True,240,8,
n250-identities_c1-conc_mech-blockchain-1backend_valid-active_r30_audit-off_20260824T234524Z,obs_9eae42e977a844c98aa4c4a76fc8b71f,2026-08-24T23:45:24.265597+00:00,blockchain,valid_active,0,1,UAV-VALID,ACCEPTED,ACCEPTED,True,24544900,24.5449,45900,24043900,0,5700,278300,7600,0,0,,,,none,blockchain-valid_active_0,0,False,239,8,
n250-identities_c1-conc_mech-blockchain-1backend_valid-active_r30_audit-off_20260824T234524Z,obs_d3fa08205935460999451f92e39792d6,2026-08-24T23:45:24.297627+00:00,blockchain,valid_active,1,1,UAV-VALID,ACCEPTED,ACCEPTED,True,20497800,20.4978,475000,20058800,0,4600,236000,6000,0,0,,,,none,blockchain-valid_active_0,0,False,240,8,
n250-identities_c1-conc_mech-blockchain-1backend_valid-active_r30_audit-off_20260824T234524Z,obs_d309934a323d4276ad3a6182c90f7bf1,2026-08-24T23:45:24.330345+00:00,blockchain,valid_active,2,1,UAV-VALID,ACCEPTED,ACCEPTED,True,22913800,22.9138,59100,22472300,0,6300,281300,6500,0,0,,,,none,blockchain-valid_active_0,0,False,238,8,
n250-identities_c1-conc_mech-blockchain-1backend_valid-active_r30_audit-off_20260824T234524Z,obs_d499671676d142418b4bb9a41f926e95,2026-08-24T23:45:24.362578+00:00,blockchain,valid_active,3,1,UAV-VALID,ACCEPTED,ACCEPTED,True,20818200,20.8182,69900,20323000,0,6500,297100,8300,0,0,,,,none,blockchain-valid_active_0,0,False,239,8,
n250-identities_c1-conc_mech-blockchain-1backend_valid-active_r30_audit-off_20260824T234524Z,obs_beed1a47f4a54839940eaf126b471a3b,2026-08-24T23:45:24.390733+00:00,blockchain,valid_active,4,1,UAV-VALID,ACCEPTED,ACCEPTED,True,20353700,20.3537,44900,19881300,0,4400,301000,10100,0,0,,,,none,blockchain-valid_active_0,0,False,239,8,
n250-identities_c1-conc_mech-blockchain-1backend_valid-active_r30_audit-off_20260824T234524Z,obs_d4c96e6f86b6456c94068ce753446e53,2026-08-24T23:45:24.423383+00:00,blockchain,valid_active,5,1,UAV-VALID,ACCEPTED,ACCEPTED,True,22777800,22.7778,43000,22291600,0,6900,309100,11300,0,0,,,,none,blockchain-valid_active_0,0,False,239,8,
n250-identities_c1-conc_mech-blockchain-1backend_valid-active_r30_audit-off_20260824T234524Z,obs_1086be02e2624a64b41698083ba93420,2026-08-24T23:45:24.454740+00:00,blockchain,valid_active,6,1,UAV-VALID,ACCEPTED,ACCEPTED,True,20657700,20.6577,59500,20141400,0,6000,297700,8000,0,0,,,,none,blockchain-valid_active_0,0,False,239,8,
n250-identities_c1-conc_mech-blockchain-1backend_valid-active_r30_audit-off_20260824T234524Z,obs_03fb0c0a57f14d0691a773730d166955,2026-08-24T23:45:24.484961+00:00,blockchain,valid_active,7,1,UAV-VALID,ACCEPTED,ACCEPTED,True,20521600,20.5216,45500,20170500,0,3900,230500,5700,0,0,,,,none,blockchain-valid_active_0,0,False,239,8,
n250-identities_c1-conc_mech-blockchain-1backend_valid-active_r30_audit-off_20260824T234524Z,obs_8764793f3f8544268a4e762346b88a0d,2026-08-24T23:45:24.515486+00:00,blockchain,valid_active,8,1,UAV-VALID,ACCEPTED,ACCEPTED,True,20017100,20.0171,46600,19679300,0,4000,202500,5100,0,0,,,,none,blockchain-valid_active_0,0,False,238,8,
n250-identities_c1-conc_mech-blockchain-1backend_valid-active_r30_audit-off_20260824T234524Z,obs_a8b8e2fc5996410a945e60a93694129e,2026-08-24T23:45:24.543941+00:00,blockchain,valid_active,9,1,UAV-VALID,ACCEPTED,ACCEPTED,True,19237600,19.2376,55000,18750500,0,3800,291200,7100,0,0,,,,none,blockchain-valid_active_0,0,False,238,8,
n250-identities_c1-conc_mech-blockchain-1backend_valid-active_r30_audit-off_20260824T234524Z,obs_6de35c617ca04c9c8d0f210b656bd4bc,2026-08-24T23:45:24.585585+00:00,blockchain,valid_active,10,1,UAV-VALID,ACCEPTED,ACCEPTED,True,26557800,26.5578,62800,26038000,0,4800,335300,9600,0,0,,,,none,blockchain-valid_active_0,0,False,239,8,
n250-identities_c1-conc_mech-blockchain-1backend_valid-active_r30_audit-off_20260824T234524Z,obs_a6964bf1578c43698e537d7e74fb1168,2026-08-24T23:45:24.617863+00:00,blockchain,valid_active,11,1,UAV-VALID,ACCEPTED,ACCEPTED,True,20807200,20.8072,54500,20223200,0,5700,252300,58300,0,0,,,,none,blockchain-valid_active_0,0,False,238,8,
n250-identities_c1-conc_mech-blockchain-1backend_valid-active_r30_audit-off_20260824T234524Z,obs_f0cae4792fb34b29890a8bfc6d0dbfee,2026-08-24T23:45:24.693754+00:00,blockchain,valid_active,12,1,UAV-VALID,ACCEPTED,ACCEPTED,True,59780100,59.7801,71700,59251300,0,6900,293400,9400,0,0,,,,none,blockchain-valid_active_0,0,False,240,8,
n250-identities_c1-conc_mech-blockchain-1backend_valid-active_r30_audit-off_20260824T234524Z,obs_f2dcc81218174e95b488b23950221397,2026-08-24T23:45:24.726386+00:00,blockchain,valid_active,13,1,UAV-VALID,ACCEPTED,ACCEPTED,True,24236900,24.2369,56700,23770900,0,5800,286400,8200,0,0,,,,none,blockchain-valid_active_0,0,False,239,8,
n250-identities_c1-conc_mech-blockchain-1backend_valid-active_r30_audit-off_20260824T234524Z,obs_8edc4392fae64213bf13f9a7f25b3921,2026-08-24T23:45:24.757315+00:00,blockchain,valid_active,14,1,UAV-VALID,ACCEPTED,ACCEPTED,True,20323200,20.3232,92800,19674800,0,6100,290500,8100,0,0,,,,none,blockchain-valid_active_0,0,False,238,8,
n250-identities_c1-conc_mech-blockchain-1backend_valid-active_r30_audit-off_20260824T234524Z,obs_b9c90b77a739422b94a6242d7fd8f7c6,2026-08-24T23:45:24.792324+00:00,blockchain,valid_active,15,1,UAV-VALID,ACCEPTED,ACCEPTED,True,23894500,23.8945,60300,23412500,0,6500,299500,7900,0,0,,,,none,blockchain-valid_active_0,0,False,239,8,
n250-identities_c1-conc_mech-blockchain-1backend_valid-active_r30_audit-off_20260824T234524Z,obs_ef650eb627f64ce896df6d6081fbb345,2026-08-24T23:45:24.840433+00:00,blockchain,valid_active,16,1,UAV-VALID,ACCEPTED,ACCEPTED,True,31745200,31.7452,71400,31272600,0,6300,291600,8100,0,0,,,,none,blockchain-valid_active_0,0,False,240,8,
n250-identities_c1-conc_mech-blockchain-1backend_valid-active_r30_audit-off_20260824T234524Z,obs_2d05b18c0d704011b9d7d9c43192bf9b,2026-08-24T23:45:24.878340+00:00,blockchain,valid_active,17,1,UAV-VALID,ACCEPTED,ACCEPTED,True,24632200,24.6322,58500,24063500,0,6400,310400,7900,0,0,,,,none,blockchain-valid_active_0,0,False,239,8,
n250-identities_c1-conc_mech-blockchain-1backend_valid-active_r30_audit-off_20260824T234524Z,obs_f7510ed6af0d41ec9d70b9b93e59046c,2026-08-24T23:45:24.916758+00:00,blockchain,valid_active,18,1,UAV-VALID,ACCEPTED,ACCEPTED,True,23698900,23.6989,65100,23191800,0,7100,308800,8200,0,0,,,,none,blockchain-valid_active_0,0,False,239,8,
n250-identities_c1-conc_mech-blockchain-1backend_valid-active_r30_audit-off_20260824T234524Z,obs_5021e48486d04543ac2fcaa5284acc28,2026-08-24T23:45:24.962040+00:00,blockchain,valid_active,19,1,UAV-VALID,ACCEPTED,ACCEPTED,True,27871500,27.8715,65800,27259000,0,5900,420800,9600,0,0,,,,none,blockchain-valid_active_0,0,False,238,8,
n250-identities_c1-conc_mech-blockchain-1backend_valid-active_r30_audit-off_20260824T234524Z,obs_593a28baa4954fd4a0875a860e8e7295,2026-08-24T23:45:25.007933+00:00,blockchain,valid_active,20,1,UAV-VALID,ACCEPTED,ACCEPTED,True,33618600,33.6186,95100,33037800,0,5000,307400,8500,0,0,,,,none,blockchain-valid_active_0,0,False,239,8,
n250-identities_c1-conc_mech-blockchain-1backend_valid-active_r30_audit-off_20260824T234524Z,obs_3ab688be4fbc49c480aac6d2ad1dc389,2026-08-24T23:45:25.073752+00:00,blockchain,valid_active,21,1,UAV-VALID,ACCEPTED,ACCEPTED,True,49017300,49.0173,69600,48091800,0,6800,690500,10300,0,0,,,,none,blockchain-valid_active_0,0,False,239,8,
n250-identities_c1-conc_mech-blockchain-1backend_valid-active_r30_audit-off_20260824T234524Z,obs_a4db5bad76d34a58b09d22d8a40b8211,2026-08-24T23:45:25.107042+00:00,blockchain,valid_active,22,1,UAV-VALID,ACCEPTED,ACCEPTED,True,23887200,23.8872,60300,23427700,0,4800,276200,9000,0,0,,,,none,blockchain-valid_active_0,0,False,239,8,
n250-identities_c1-conc_mech-blockchain-1backend_valid-active_r30_audit-off_20260824T234524Z,obs_9e4021fdc78c423bb1c188ec0307f1c9,2026-08-24T23:45:25.137545+00:00,blockchain,valid_active,23,1,UAV-VALID,ACCEPTED,ACCEPTED,True,21762600,21.7626,55900,20987300,0,5300,370600,11500,0,0,,,,none,blockchain-valid_active_0,0,False,239,8,
n250-identities_c1-conc_mech-blockchain-1backend_valid-active_r30_audit-off_20260824T234524Z,obs_2dab9ba0e8fb4cb596021bc64345fe88,2026-08-24T23:45:25.168004+00:00,blockchain,valid_active,24,1,UAV-VALID,ACCEPTED,ACCEPTED,True,21990100,21.9901,50400,21545000,0,4900,274800,9100,0,0,,,,none,blockchain-valid_active_0,0,False,240,8,
n250-identities_c1-conc_mech-blockchain-1backend_valid-active_r30_audit-off_20260824T234524Z,obs_61f711acfe7d4fa9a2258613511dec85,2026-08-24T23:45:25.229550+00:00,blockchain,valid_active,25,1,UAV-VALID,ACCEPTED,ACCEPTED,True,51118900,51.1189,95400,50584700,0,4100,301800,9200,0,0,,,,none,blockchain-valid_active_0,0,False,238,8,
n250-identities_c1-conc_mech-blockchain-1backend_valid-active_r30_audit-off_20260824T234524Z,obs_003bc18717b1438bbadda6d6896e965f,2026-08-24T23:45:25.266585+00:00,blockchain,valid_active,26,1,UAV-VALID,ACCEPTED,ACCEPTED,True,23851200,23.8512,73700,23305400,0,5900,307600,7900,0,0,,,,none,blockchain-valid_active_0,0,False,239,8,
n250-identities_c1-conc_mech-blockchain-1backend_valid-active_r30_audit-off_20260824T234524Z,obs_4b5d11f43f6f4c5b849d2752c94cec03,2026-08-24T23:45:25.302855+00:00,blockchain,valid_active,27,1,UAV-VALID,ACCEPTED,ACCEPTED,True,23633300,23.6333,62800,23142800,0,6100,304600,9000,0,0,,,,none,blockchain-valid_active_0,0,False,239,8,
n250-identities_c1-conc_mech-blockchain-1backend_valid-active_r30_audit-off_20260824T234524Z,obs_7e96fde2bad44e2f890ff2be0e86c3bf,2026-08-24T23:45:25.341023+00:00,blockchain,valid_active,28,1,UAV-VALID,ACCEPTED,ACCEPTED,True,27730600,27.7306,91800,27246700,0,6800,293800,9200,0,0,,,,none,blockchain-valid_active_0,0,False,240,8,
n250-identities_c1-conc_mech-blockchain-1backend_valid-active_r30_audit-off_20260824T234524Z,obs_0ac0562fe3c54c038aa9c2870a8fdbe0,2026-08-24T23:45:25.388689+00:00,blockchain,valid_active,29,1,UAV-VALID,ACCEPTED,ACCEPTED,True,33693300,33.6933,75600,33049600,0,7000,417800,11100,0,0,,,,none,blockchain-valid_active_0,0,False,239,8,
n250-identities_c5-conc_mech-x509-1backend_valid-active_r30_audit-off_20260824T234527Z,obs_c5d2072f77404bab8bc6007ed8938eb7,2026-08-24T23:45:27.500758+00:00,x509,valid_active,0,5,UAV-VALID,ACCEPTED,ACCEPTED,True,11076700,11.0767,54700,160800,10407200,0,251800,8100,0,0,,,,none,x509-valid_active_2,0,False,238,8,
n250-identities_c5-conc_mech-x509-1backend_valid-active_r30_audit-off_20260824T234527Z,obs_b63710d087cd4fa3b05bf74327a13b02,2026-08-24T23:45:27.501784+00:00,x509,valid_active,1,5,UAV-VALID,ACCEPTED,ACCEPTED,True,10618700,10.6187,57800,107500,10083400,0,260700,20500,0,0,,,,none,x509-valid_active_3,0,False,239,8,
n250-identities_c5-conc_mech-x509-1backend_valid-active_r30_audit-off_20260824T234527Z,obs_9a63d42ca3f44d69b3be60f49ec174b6,2026-08-24T23:45:27.512653+00:00,x509,valid_active,0,5,UAV-VALID,ACCEPTED,ACCEPTED,True,28300100,28.3001,66500,153100,27672800,0,295900,6100,0,0,,,,none,x509-valid_active_0,0,True,239,8,
n250-identities_c5-conc_mech-x509-1backend_valid-active_r30_audit-off_20260824T234527Z,obs_4f21110b06594081afbeb920f5ee2962,2026-08-24T23:45:27.514580+00:00,x509,valid_active,1,5,UAV-VALID,ACCEPTED,ACCEPTED,True,24117100,24.1171,62300,108600,23621600,0,182500,4000,0,0,,,,none,x509-valid_active_1,0,True,240,8,
n250-identities_c5-conc_mech-x509-1backend_valid-active_r30_audit-off_20260824T234527Z,obs_14617d72f16d4a3da42703508fd55a46,2026-08-24T23:45:27.550593+00:00,x509,valid_active,2,5,UAV-VALID,ACCEPTED,ACCEPTED,True,37346500,37.3465,57200,133500,36811100,0,247000,6700,0,0,,,,none,x509-valid_active_4,0,False,239,8,
n250-identities_c5-conc_mech-x509-1backend_valid-active_r30_audit-off_20260824T234527Z,obs_2163bd8fa1ac47d7be4426e83b7a94e1,2026-08-24T23:45:27.553908+00:00,x509,valid_active,4,5,UAV-VALID,ACCEPTED,ACCEPTED,True,20102500,20.1025,54900,128600,19509200,0,279200,8300,0,0,,,,none,x509-valid_active_3,0,False,239,8,
n250-identities_c5-conc_mech-x509-1backend_valid-active_r30_audit-off_20260824T234527Z,obs_21a3d6e6c5aa40768aa2c11228101859,2026-08-24T23:45:27.560995+00:00,x509,valid_active,3,5,UAV-VALID,ACCEPTED,ACCEPTED,True,21913600,21.9136,153900,134100,21284600,0,294300,8700,0,0,,,,none,x509-valid_active_2,0,False,240,8,
n250-identities_c5-conc_mech-x509-1backend_valid-active_r30_audit-off_20260824T234527Z,obs_407bbb726dd042f88605d22b143422fa,2026-08-24T23:45:27.599511+00:00,x509,valid_active,6,5,UAV-VALID,ACCEPTED,ACCEPTED,True,25531200,25.5312,53300,139600,24947200,0,271000,7500,0,0,,,,none,x509-valid_active_1,0,False,240,8,
n250-identities_c5-conc_mech-x509-1backend_valid-active_r30_audit-off_20260824T234527Z,obs_60d0c55758354958ac2bdbdc0145bfb2,2026-08-24T23:45:27.611926+00:00,x509,valid_active,9,5,UAV-VALID,ACCEPTED,ACCEPTED,True,14354000,14.354,62700,115100,13731000,0,305400,8100,0,0,,,,none,x509-valid_active_2,0,False,240,8,
n250-identities_c5-conc_mech-x509-1backend_valid-active_r30_audit-off_20260824T234527Z,obs_9c71626ddfe74890b575bb5f3b62379a,2026-08-24T23:45:27.612617+00:00,x509,valid_active,8,5,UAV-VALID,ACCEPTED,ACCEPTED,True,14200000,14.2,62800,103100,13676400,0,256600,7800,0,0,,,,none,x509-valid_active_3,0,False,239,8,
n250-identities_c5-conc_mech-x509-1backend_valid-active_r30_audit-off_20260824T234527Z,obs_14153acd84cc48d09ebbb4d783a1b73c,2026-08-24T23:45:27.617529+00:00,x509,valid_active,5,5,UAV-VALID,ACCEPTED,ACCEPTED,True,29729300,29.7293,57900,125800,29134400,0,267700,7600,0,0,,,,none,x509-valid_active_0,0,False,240,8,
n250-identities_c5-conc_mech-x509-1backend_valid-active_r30_audit-off_20260824T234527Z,obs_ad8b9baf4ad440e68d6be456c4d012a2,2026-08-24T23:45:27.664068+00:00,x509,valid_active,7,5,UAV-VALID,ACCEPTED,ACCEPTED,True,63609600,63.6096,59300,100900,62568800,0,738800,11000,0,0,,,,none,x509-valid_active_4,0,False,240,8,
n250-identities_c5-conc_mech-x509-1backend_valid-active_r30_audit-off_20260824T234527Z,obs_d025dbb1852242cea1979e7d55b0b56b,2026-08-24T23:45:27.695969+00:00,x509,valid_active,12,5,UAV-VALID,ACCEPTED,ACCEPTED,True,9451400,9.4514,67600,129600,8890700,0,258200,6300,0,0,,,,none,x509-valid_active_3,0,False,239,8,
n250-identities_c5-conc_mech-x509-1backend_valid-active_r30_audit-off_20260824T234527Z,obs_eb6ebf236fe74b749106c34a13a87e93,2026-08-24T23:45:27.698911+00:00,x509,valid_active,11,5,UAV-VALID,ACCEPTED,ACCEPTED,True,11339700,11.3397,53900,148800,10800800,0,222600,6400,0,0,,,,none,x509-valid_active_2,0,False,239,8,
n250-identities_c5-conc_mech-x509-1backend_valid-active_r30_audit-off_20260824T234527Z,obs_0757d081a7dc4ceda9e4aabb9dfa7a76,2026-08-24T23:45:27.713071+00:00,x509,valid_active,10,5,UAV-VALID,ACCEPTED,ACCEPTED,True,34250100,34.2501,83600,112000,33750300,0,225100,6100,0,0,,,,none,x509-valid_active_1,0,False,239,8,
n250-identities_c5-conc_mech-x509-1backend_valid-active_r30_audit-off_20260824T234527Z,obs_4aa39861220d4dacb9c79bd9582e3933,2026-08-24T23:45:27.732166+00:00,x509,valid_active,13,5,UAV-VALID,ACCEPTED,ACCEPTED,True,34736300,34.7363,46900,117400,34087400,0,254500,7800,0,0,,,,none,x509-valid_active_0,0,False,239,8,
n250-identities_c5-conc_mech-x509-1backend_valid-active_r30_audit-off_20260824T234527Z,obs_931952172f0b4b6785002c159658e2ca,2026-08-24T23:45:27.753996+00:00,x509,valid_active,15,5,UAV-VALID,ACCEPTED,ACCEPTED,True,24163800,24.1638,91300,123300,23498500,0,319800,9700,0,0,,,,none,x509-valid_active_3,0,False,239,8,
n250-identities_c5-conc_mech-x509-1backend_valid-active_r30_audit-off_20260824T234527Z,obs_8aa2b64b94134b7d86fa6bf7b094eb3c,2026-08-24T23:45:27.756169+00:00,x509,valid_active,14,5,UAV-VALID,ACCEPTED,ACCEPTED,True,24797100,24.7971,51700,73500,24323800,0,262200,7900,0,0,,,,none,x509-valid_active_4,0,False,239,8,
n250-identities_c5-conc_mech-x509-1backend_valid-active_r30_audit-off_20260824T234527Z,obs_4d89cc2d0ed84cfd82b03cf965138e2e,2026-08-24T23:45:27.757272+00:00,x509,valid_active,16,5,UAV-VALID,ACCEPTED,ACCEPTED,True,20652700,20.6527,58100,116500,20115800,0,262300,5800,0,0,,,,none,x509-valid_active_2,0,False,239,8,
n250-identities_c5-conc_mech-x509-1backend_valid-active_r30_audit-off_20260824T234527Z,obs_18e04d11252f475f8aff0bb93fd49114,2026-08-24T23:45:27.794038+00:00,x509,valid_active,17,5,UAV-VALID,ACCEPTED,ACCEPTED,True,41369000,41.369,65300,292600,40408000,0,379600,9500,0,0,,,,none,x509-valid_active_1,0,False,238,8,
n250-identities_c5-conc_mech-x509-1backend_valid-active_r30_audit-off_20260824T234527Z,obs_81a59a25375d48deb8e0474a9bd6506b,2026-08-24T23:45:27.807071+00:00,x509,valid_active,18,5,UAV-VALID,ACCEPTED,ACCEPTED,True,27822900,27.8229,37700,150200,27164900,0,264300,8500,0,0,,,,none,x509-valid_active_0,0,False,238,8,
n250-identities_c5-conc_mech-x509-1backend_valid-active_r30_audit-off_20260824T234527Z,obs_c1dec4445fa244ebb10322e79b433ce6,2026-08-24T23:45:27.823591+00:00,x509,valid_active,19,5,UAV-VALID,ACCEPTED,ACCEPTED,True,17627600,17.6276,94200,118600,17007700,0,302000,9200,0,0,,,,none,x509-valid_active_3,0,False,240,8,
n250-identities_c5-conc_mech-x509-1backend_valid-active_r30_audit-off_20260824T234527Z,obs_ac6e52d05d484bbe8a78ad064772f18a,2026-08-24T23:45:27.824648+00:00,x509,valid_active,21,5,UAV-VALID,ACCEPTED,ACCEPTED,True,19923200,19.9232,55700,123300,19357300,0,265900,7700,0,0,,,,none,x509-valid_active_2,0,False,239,8,
n250-identities_c5-conc_mech-x509-1backend_valid-active_r30_audit-off_20260824T234527Z,obs_e95295d0ea45426c901ff77632351c42,2026-08-24T23:45:27.847059+00:00,x509,valid_active,20,5,UAV-VALID,ACCEPTED,ACCEPTED,True,35994100,35.9941,48700,108000,35397100,0,293400,9100,0,0,,,,none,x509-valid_active_4,0,False,240,8,
n250-identities_c5-conc_mech-x509-1backend_valid-active_r30_audit-off_20260824T234527Z,obs_eb61183d111246ec959de5449bd0e857,2026-08-24T23:45:27.873689+00:00,x509,valid_active,22,5,UAV-VALID,ACCEPTED,ACCEPTED,True,18815300,18.8153,55200,139000,18221700,0,267800,8500,0,0,,,,none,x509-valid_active_1,0,False,240,8,
n250-identities_c5-conc_mech-x509-1backend_valid-active_r30_audit-off_20260824T234527Z,obs_fb2059f74f234370abafbecb8e4794ee,2026-08-24T23:45:27.878024+00:00,x509,valid_active,24,5,UAV-VALID,ACCEPTED,ACCEPTED,True,7976200,7.9762,65700,122200,7335000,0,307500,9500,0,0,,,,none,x509-valid_active_3,0,False,239,8,
n250-identities_c5-conc_mech-x509-1backend_valid-active_r30_audit-off_20260824T234527Z,obs_4dee7f04248c4e5e8722466301f4e258,2026-08-24T23:45:27.878734+00:00,x509,valid_active,23,5,UAV-VALID,ACCEPTED,ACCEPTED,True,31223200,31.2232,53900,275900,30525100,0,221500,6500,0,0,,,,none,x509-valid_active_0,0,False,239,8,
n250-identities_c5-conc_mech-x509-1backend_valid-active_r30_audit-off_20260824T234527Z,obs_6fa640a73a0646b9adffee306f58a48f,2026-08-24T23:45:27.895281+00:00,x509,valid_active,25,5,UAV-VALID,ACCEPTED,ACCEPTED,True,24118000,24.118,58400,104900,23509700,0,318400,6700,0,0,,,,none,x509-valid_active_2,0,False,239,8,
n250-identities_c5-conc_mech-x509-1backend_valid-active_r30_audit-off_20260824T234527Z,obs_f8ff1394080a4d0ba810af043025acb7,2026-08-24T23:45:27.932962+00:00,x509,valid_active,28,5,UAV-VALID,ACCEPTED,ACCEPTED,True,7629000,7.629,107100,126900,7007000,0,302300,10300,0,0,,,,none,x509-valid_active_3,0,False,238,8,
n250-identities_c5-conc_mech-x509-1backend_valid-active_r30_audit-off_20260824T234527Z,obs_d20d72a18f61413ebf4b0c37c9acbdc5,2026-08-24T23:45:27.938626+00:00,x509,valid_active,26,5,UAV-VALID,ACCEPTED,ACCEPTED,True,39155500,39.1555,61300,104700,38278000,0,501800,10200,0,0,,,,none,x509-valid_active_4,0,False,238,8,
n250-identities_c5-conc_mech-x509-1backend_valid-active_r30_audit-off_20260824T234527Z,obs_86a0ad397e504abf8c4e5b7bd5220494,2026-08-24T23:45:27.939366+00:00,x509,valid_active,29,5,UAV-VALID,ACCEPTED,ACCEPTED,True,11598200,11.5982,67100,116900,11039000,0,283700,6600,0,0,,,,none,x509-valid_active_0,0,False,240,8,
n250-identities_c5-conc_mech-x509-1backend_valid-active_r30_audit-off_20260824T234527Z,obs_c37a335cb5b0444781002801cf89d17b,2026-08-24T23:45:27.979146+00:00,x509,valid_active,27,5,UAV-VALID,ACCEPTED,ACCEPTED,True,39025200,39.0252,923900,120300,38350100,0,307800,8900,0,0,,,,none,x509-valid_active_1,0,False,239,8,
n250-identities_c5-conc_mech-blockchain-1backend_valid-active_r30_audit-off_20260824T234529Z,obs_a687f5bac7124608b44bb87ba13dce70,2026-08-24T23:45:30.196870+00:00,blockchain,valid_active,1,5,UAV-VALID,ACCEPTED,ACCEPTED,True,68067700,68.0677,84800,67658600,0,4100,246200,5700,0,0,,,,none,blockchain-valid_active_1,0,True,239,8,
n250-identities_c5-conc_mech-blockchain-1backend_valid-active_r30_audit-off_20260824T234529Z,obs_a15762526d5943338383d9b516944b84,2026-08-24T23:45:30.200173+00:00,blockchain,valid_active,0,5,UAV-VALID,ACCEPTED,ACCEPTED,True,88636200,88.6362,43500,88199600,0,5600,281500,7800,0,0,,,,none,blockchain-valid_active_0,0,True,239,8,
n250-identities_c5-conc_mech-blockchain-1backend_valid-active_r30_audit-off_20260824T234529Z,obs_954eddc3a65f42d88c6eedf83e907c10,2026-08-24T23:45:30.223286+00:00,blockchain,valid_active,1,5,UAV-VALID,ACCEPTED,ACCEPTED,True,77084100,77.0841,43200,76567400,0,6900,307700,9300,0,0,,,,none,blockchain-valid_active_3,0,False,239,8,
n250-identities_c5-conc_mech-blockchain-1backend_valid-active_r30_audit-off_20260824T234529Z,obs_4fdc22b03e994bc8a40df824ea94fa71,2026-08-24T23:45:30.230457+00:00,blockchain,valid_active,2,5,UAV-VALID,ACCEPTED,ACCEPTED,True,87074400,87.0744,52000,86636000,0,5700,270500,7700,0,0,,,,none,blockchain-valid_active_4,0,False,239,8,
n250-identities_c5-conc_mech-blockchain-1backend_valid-active_r30_audit-off_20260824T234529Z,obs_1e26dd8619474f679f0ed5429666cadb,2026-08-24T23:45:30.263371+00:00,blockchain,valid_active,0,5,UAV-VALID,ACCEPTED,ACCEPTED,True,115660700,115.6607,50100,115153400,0,3800,309900,8200,0,0,,,,none,blockchain-valid_active_2,0,False,239,8,
n250-identities_c5-conc_mech-blockchain-1backend_valid-active_r30_audit-off_20260824T234529Z,obs_10c067adcdb74882bbc1085dddee1ac9,2026-08-24T23:45:30.335562+00:00,blockchain,valid_active,4,5,UAV-VALID,ACCEPTED,ACCEPTED,True,103217700,103.2177,73000,102094300,0,6600,839400,11900,0,0,,,,none,blockchain-valid_active_0,0,False,240,8,
n250-identities_c5-conc_mech-blockchain-1backend_valid-active_r30_audit-off_20260824T234529Z,obs_23dbec5943aa49f4ac3ad3774bd7e35a,2026-08-24T23:45:30.340218+00:00,blockchain,valid_active,3,5,UAV-VALID,ACCEPTED,ACCEPTED,True,87851100,87.8511,79500,87346200,0,5100,287000,7300,0,0,,,,none,blockchain-valid_active_1,0,False,240,8,
n250-identities_c5-conc_mech-blockchain-1backend_valid-active_r30_audit-off_20260824T234529Z,obs_84a7330c963640cdb4f628f8092fb47e,2026-08-24T23:45:30.377266+00:00,blockchain,valid_active,6,5,UAV-VALID,ACCEPTED,ACCEPTED,True,87186600,87.1866,72600,86203100,0,7000,337200,11000,0,0,,,,none,blockchain-valid_active_4,0,False,239,8,
n250-identities_c5-conc_mech-blockchain-1backend_valid-active_r30_audit-off_20260824T234529Z,obs_3bef0535c12c4f83985c71b73358eebf,2026-08-24T23:45:30.390173+00:00,blockchain,valid_active,5,5,UAV-VALID,ACCEPTED,ACCEPTED,True,94908000,94.908,65500,94428900,0,5300,294800,8200,0,0,,,,none,blockchain-valid_active_3,0,False,240,8,
n250-identities_c5-conc_mech-blockchain-1backend_valid-active_r30_audit-off_20260824T234529Z,obs_6252ec30b2d94c1f913363dc9eed0efa,2026-08-24T23:45:30.416170+00:00,blockchain,valid_active,7,5,UAV-VALID,ACCEPTED,ACCEPTED,True,107120700,107.1207,71000,106558800,0,6100,298800,27800,0,0,,,,none,blockchain-valid_active_2,0,False,240,8,
n250-identities_c5-conc_mech-blockchain-1backend_valid-active_r30_audit-off_20260824T234529Z,obs_bac1f8befef544559e4778ff81ac31b5,2026-08-24T23:45:30.482737+00:00,blockchain,valid_active,9,5,UAV-VALID,ACCEPTED,ACCEPTED,True,110571500,110.5715,68100,110102800,0,5900,280100,7700,0,0,,,,none,blockchain-valid_active_1,0,False,239,8,
n250-identities_c5-conc_mech-blockchain-1backend_valid-active_r30_audit-off_20260824T234529Z,obs_de2e319616ac4e2e8a59636ecc10991f,2026-08-24T23:45:30.511909+00:00,blockchain,valid_active,8,5,UAV-VALID,ACCEPTED,ACCEPTED,True,141306500,141.3065,82300,140768000,0,6300,339100,9400,0,0,,,,none,blockchain-valid_active_0,0,False,239,8,
n250-identities_c5-conc_mech-blockchain-1backend_valid-active_r30_audit-off_20260824T234529Z,obs_2b668714dfc14fcc808659faf425e8d8,2026-08-24T23:45:30.533494+00:00,blockchain,valid_active,10,5,UAV-VALID,ACCEPTED,ACCEPTED,True,126486000,126.486,63900,126005400,0,4600,309700,8000,0,0,,,,none,blockchain-valid_active_4,0,False,239,8,
n250-identities_c5-conc_mech-blockchain-1backend_valid-active_r30_audit-off_20260824T234529Z,obs_30a0d67a778f406b89dd9d44a71c31f6,2026-08-24T23:45:30.630441+00:00,blockchain,valid_active,11,5,UAV-VALID,ACCEPTED,ACCEPTED,True,155399600,155.3996,145100,154454600,0,67000,448800,17000,0,0,,,,none,blockchain-valid_active_3,0,False,239,8,
n250-identities_c5-conc_mech-blockchain-1backend_valid-active_r30_audit-off_20260824T234529Z,obs_0bc66a196c4147e4860b895a9a646908,2026-08-24T23:45:30.632810+00:00,blockchain,valid_active,12,5,UAV-VALID,ACCEPTED,ACCEPTED,True,136797400,136.7974,64700,136310100,0,5500,309800,7700,0,0,,,,none,blockchain-valid_active_2,0,False,239,8,
n250-identities_c5-conc_mech-blockchain-1backend_valid-active_r30_audit-off_20260824T234529Z,obs_82a33a13f2974d5fb21990bf94bb54fd,2026-08-24T23:45:30.666364+00:00,blockchain,valid_active,13,5,UAV-VALID,ACCEPTED,ACCEPTED,True,136579800,136.5798,48800,136094800,0,6400,304000,8700,0,0,,,,none,blockchain-valid_active_1,0,False,239,8,
n250-identities_c5-conc_mech-blockchain-1backend_valid-active_r30_audit-off_20260824T234529Z,obs_2cb4a5b4d4024f8cb1997d01a39267e0,2026-08-24T23:45:30.680661+00:00,blockchain,valid_active,14,5,UAV-VALID,ACCEPTED,ACCEPTED,True,140569500,140.5695,122700,140005400,0,4800,363200,9700,0,0,,,,none,blockchain-valid_active_0,0,False,240,8,
n250-identities_c5-conc_mech-blockchain-1backend_valid-active_r30_audit-off_20260824T234529Z,obs_8664eaf78070488d9b2b4587ddca4157,2026-08-24T23:45:30.688603+00:00,blockchain,valid_active,15,5,UAV-VALID,ACCEPTED,ACCEPTED,True,123653700,123.6537,67000,122772700,0,6300,514400,17400,0,0,,,,none,blockchain-valid_active_4,0,False,238,8,
n250-identities_c5-conc_mech-blockchain-1backend_valid-active_r30_audit-off_20260824T234529Z,obs_7c8b352237784498b3e48e4c9bb29e49,2026-08-24T23:45:30.784065+00:00,blockchain,valid_active,17,5,UAV-VALID,ACCEPTED,ACCEPTED,True,84636000,84.636,66200,84121300,0,6700,313000,6700,0,0,,,,none,blockchain-valid_active_2,0,False,239,8,
n250-identities_c5-conc_mech-blockchain-1backend_valid-active_r30_audit-off_20260824T234529Z,obs_135349878b374755987457fee1a87a7c,2026-08-24T23:45:30.795134+00:00,blockchain,valid_active,20,5,UAV-VALID,ACCEPTED,ACCEPTED,True,67197400,67.1974,67700,66672300,0,6600,323400,8400,0,0,,,,none,blockchain-valid_active_4,0,False,239,8,
n250-identities_c5-conc_mech-blockchain-1backend_valid-active_r30_audit-off_20260824T234529Z,obs_c0eceef9a0544e46b8bcf6e6d23242b1,2026-08-24T23:45:30.798055+00:00,blockchain,valid_active,18,5,UAV-VALID,ACCEPTED,ACCEPTED,True,89726500,89.7265,97600,89250700,0,4900,284500,9200,0,0,,,,none,blockchain-valid_active_1,0,False,239,8,
n250-identities_c5-conc_mech-blockchain-1backend_valid-active_r30_audit-off_20260824T234529Z,obs_06f56f34ff0d4f9c856402eb30f1dc76,2026-08-24T23:45:30.800169+00:00,blockchain,valid_active,19,5,UAV-VALID,ACCEPTED,ACCEPTED,True,74754800,74.7548,66600,74278900,0,4200,285000,6700,0,0,,,,none,blockchain-valid_active_0,0,False,239,8,
n250-identities_c5-conc_mech-blockchain-1backend_valid-active_r30_audit-off_20260824T234529Z,obs_ca1a7f905e34401e92e23e900938f17f,2026-08-24T23:45:30.808999+00:00,blockchain,valid_active,16,5,UAV-VALID,ACCEPTED,ACCEPTED,True,98003300,98.0033,58500,97491900,0,5200,317300,9900,0,0,,,,none,blockchain-valid_active_3,0,False,240,8,
n250-identities_c5-conc_mech-blockchain-1backend_valid-active_r30_audit-off_20260824T234529Z,obs_1d74e701282043348842af2f3b1eb97f,2026-08-24T23:45:30.942709+00:00,blockchain,valid_active,24,5,UAV-VALID,ACCEPTED,ACCEPTED,True,84541800,84.5418,63900,83985600,0,5800,349300,8500,0,0,,,,none,blockchain-valid_active_0,0,False,239,8,
n250-identities_c5-conc_mech-blockchain-1backend_valid-active_r30_audit-off_20260824T234529Z,obs_831276d0458646b9949d1b357eb36219,2026-08-24T23:45:30.972584+00:00,blockchain,valid_active,23,5,UAV-VALID,ACCEPTED,ACCEPTED,True,91811700,91.8117,70300,91238200,0,9600,332500,9700,0,0,,,,none,blockchain-valid_active_1,0,False,240,8,
n250-identities_c5-conc_mech-blockchain-1backend_valid-active_r30_audit-off_20260824T234529Z,obs_8d9fffbd2e0145349c1d209a22d2a38b,2026-08-24T23:45:30.978018+00:00,blockchain,valid_active,22,5,UAV-VALID,ACCEPTED,ACCEPTED,True,90403000,90.403,73100,89828900,0,6000,355400,9200,0,0,,,,none,blockchain-valid_active_4,0,False,240,8,
n250-identities_c5-conc_mech-blockchain-1backend_valid-active_r30_audit-off_20260824T234529Z,obs_117b41d683ea44eab81983fa69cc9964,2026-08-24T23:45:30.991575+00:00,blockchain,valid_active,21,5,UAV-VALID,ACCEPTED,ACCEPTED,True,131840200,131.8402,57800,131336400,0,5700,310500,8400,0,0,,,,none,blockchain-valid_active_2,0,False,240,8,
n250-identities_c5-conc_mech-blockchain-1backend_valid-active_r30_audit-off_20260824T234529Z,obs_7688a4111e174b0085074e52c1efcaa9,2026-08-24T23:45:31.083432+00:00,blockchain,valid_active,25,5,UAV-VALID,ACCEPTED,ACCEPTED,True,182069500,182.0695,61900,173466600,0,7000,8363300,14700,0,0,,,,none,blockchain-valid_active_3,0,False,238,8,
n250-identities_c5-conc_mech-blockchain-1backend_valid-active_r30_audit-off_20260824T234529Z,obs_782b1ef50bc746809d5abe31c71ace1c,2026-08-24T23:45:31.154410+00:00,blockchain,valid_active,28,5,UAV-VALID,ACCEPTED,ACCEPTED,True,132703600,132.7036,67400,132166400,0,5000,335500,10300,0,0,,,,none,blockchain-valid_active_4,0,False,239,8,
n250-identities_c5-conc_mech-blockchain-1backend_valid-active_r30_audit-off_20260824T234529Z,obs_5d28486c8eb6452282b01d563e4d552f,2026-08-24T23:45:31.197836+00:00,blockchain,valid_active,27,5,UAV-VALID,ACCEPTED,ACCEPTED,True,162229200,162.2292,446700,161666600,0,5100,331100,7800,0,0,,,,none,blockchain-valid_active_1,0,False,239,8,
n250-identities_c5-conc_mech-blockchain-1backend_valid-active_r30_audit-off_20260824T234529Z,obs_1530796a22554613ab034cb5c97fa684,2026-08-24T23:45:31.202759+00:00,blockchain,valid_active,26,5,UAV-VALID,ACCEPTED,ACCEPTED,True,213825700,213.8257,82400,213203300,0,5700,410300,10500,0,0,,,,none,blockchain-valid_active_0,0,False,239,8,
n250-identities_c5-conc_mech-blockchain-1backend_valid-active_r30_audit-off_20260824T234529Z,obs_f28fd3511d13476ba61d6b612f470989,2026-08-24T23:45:31.214428+00:00,blockchain,valid_active,29,5,UAV-VALID,ACCEPTED,ACCEPTED,True,147524300,147.5243,77100,146273400,0,5300,807500,11400,0,0,,,,none,blockchain-valid_active_2,0,False,239,8,
n250-identities_c10-conc_mech-x509-1backend_valid-active_r30_audit-off_20260824T234533Z,obs_701eebcc8b4b498090491f1a1fd2112b,2026-08-24T23:45:33.374302+00:00,x509,valid_active,0,10,UAV-VALID,ACCEPTED,ACCEPTED,True,42318500,42.3185,56200,332200,41539300,0,247000,6900,0,0,,,,none,x509-valid_active_2,0,False,239,8,
n250-identities_c10-conc_mech-x509-1backend_valid-active_r30_audit-off_20260824T234533Z,obs_2d16e217de6c4c838f53c059cca35a2e,2026-08-24T23:45:33.376365+00:00,x509,valid_active,0,10,UAV-VALID,ACCEPTED,ACCEPTED,True,68869500,68.8695,63700,128700,68383900,0,222100,7300,0,0,,,,none,x509-valid_active_0,0,True,238,8,
n250-identities_c10-conc_mech-x509-1backend_valid-active_r30_audit-off_20260824T234533Z,obs_750239419f2642dca73f40fe38476989,2026-08-24T23:45:33.391078+00:00,x509,valid_active,1,10,UAV-VALID,ACCEPTED,ACCEPTED,True,57162900,57.1629,67100,376200,56424500,0,217700,5700,0,0,,,,none,x509-valid_active_1,0,True,239,8,
n250-identities_c10-conc_mech-x509-1backend_valid-active_r30_audit-off_20260824T234533Z,obs_219d6c7a62f041969204581733976edf,2026-08-24T23:45:33.393875+00:00,x509,valid_active,1,10,UAV-VALID,ACCEPTED,ACCEPTED,True,26221500,26.2215,67800,131900,25577500,0,280700,9200,0,0,,,,none,x509-valid_active_3,0,False,239,8,
n250-identities_c10-conc_mech-x509-1backend_valid-active_r30_audit-off_20260824T234533Z,obs_7c7b323d73564624b1ff3cab52470976,2026-08-24T23:45:33.396187+00:00,x509,valid_active,4,10,UAV-VALID,ACCEPTED,ACCEPTED,True,22847500,22.8475,57000,138500,22289200,0,260400,7100,0,0,,,,none,x509-valid_active_6,0,False,239,8,
n250-identities_c10-conc_mech-x509-1backend_valid-active_r30_audit-off_20260824T234533Z,obs_4eb88bda80534dfdad958f26267ac8c6,2026-08-24T23:45:33.427926+00:00,x509,valid_active,3,10,UAV-VALID,ACCEPTED,ACCEPTED,True,51104700,51.1047,49900,163600,50461400,0,296500,7900,0,0,,,,none,x509-valid_active_5,0,False,238,8,
n250-identities_c10-conc_mech-x509-1backend_valid-active_r30_audit-off_20260824T234533Z,obs_62d2db6bdf5545649901f96f6e898817,2026-08-24T23:45:33.428897+00:00,x509,valid_active,2,10,UAV-VALID,ACCEPTED,ACCEPTED,True,39318000,39.318,54900,130200,38756900,0,276600,6500,0,0,,,,none,x509-valid_active_4,0,False,240,8,
n250-identities_c10-conc_mech-x509-1backend_valid-active_r30_audit-off_20260824T234533Z,obs_1474066b17d747899f886ae944da42e8,2026-08-24T23:45:33.459657+00:00,x509,valid_active,5,10,UAV-VALID,ACCEPTED,ACCEPTED,True,69369600,69.3696,67600,112400,68789500,0,304200,7400,0,0,,,,none,x509-valid_active_7,0,False,239,8,
n250-identities_c10-conc_mech-x509-1backend_valid-active_r30_audit-off_20260824T234533Z,obs_f11932f342d343398a8055fa7772532a,2026-08-24T23:45:33.465225+00:00,x509,valid_active,7,10,UAV-VALID,ACCEPTED,ACCEPTED,True,61270100,61.2701,55700,124200,60657000,0,305100,7700,0,0,,,,none,x509-valid_active_9,0,False,239,8,
n250-identities_c10-conc_mech-x509-1backend_valid-active_r30_audit-off_20260824T234533Z,obs_50a34d1e85ee4e908c5f76f96bcfd726,2026-08-24T23:45:33.467255+00:00,x509,valid_active,6,10,UAV-VALID,ACCEPTED,ACCEPTED,True,53600900,53.6009,45600,141000,53062600,0,249100,6400,0,0,,,,none,x509-valid_active_8,0,False,239,8,
n250-identities_c10-conc_mech-x509-1backend_valid-active_r30_audit-off_20260824T234533Z,obs_0ede9b810b8f413f963a496306989e86,2026-08-24T23:45:33.518360+00:00,x509,valid_active,12,10,UAV-VALID,ACCEPTED,ACCEPTED,True,33481000,33.481,52400,147300,32646700,0,474400,9800,0,0,,,,none,x509-valid_active_6,0,False,239,8,
n250-identities_c10-conc_mech-x509-1backend_valid-active_r30_audit-off_20260824T234533Z,obs_c2d8649c0b314d3f809711f699859e42,2026-08-24T23:45:33.519413+00:00,x509,valid_active,8,10,UAV-VALID,ACCEPTED,ACCEPTED,True,79043700,79.0437,76800,179900,78376200,0,292000,7800,0,0,,,,none,x509-valid_active_2,0,False,239,8,
n250-identities_c10-conc_mech-x509-1backend_valid-active_r30_audit-off_20260824T234533Z,obs_1c0c8d5c62e547798f65a54c6d58abc1,2026-08-24T23:45:33.521809+00:00,x509,valid_active,11,10,UAV-VALID,ACCEPTED,ACCEPTED,True,46018900,46.0189,64000,126400,45396500,0,312000,6900,0,0,,,,none,x509-valid_active_3,0,False,240,8,
n250-identities_c10-conc_mech-x509-1backend_valid-active_r30_audit-off_20260824T234533Z,obs_5187289601fb41ea8d862e0645249f41,2026-08-24T23:45:33.532730+00:00,x509,valid_active,9,10,UAV-VALID,ACCEPTED,ACCEPTED,True,64040300,64.0403,51100,149900,63420600,0,226500,6900,0,0,,,,none,x509-valid_active_0,0,False,238,8,
n250-identities_c10-conc_mech-x509-1backend_valid-active_r30_audit-off_20260824T234533Z,obs_ee82c4ad2db04964bee22d108bf65024,2026-08-24T23:45:33.542728+00:00,x509,valid_active,10,10,UAV-VALID,ACCEPTED,ACCEPTED,True,51280600,51.2806,64300,110800,50692600,0,285100,8900,0,0,,,,none,x509-valid_active_1,0,False,239,8,
n250-identities_c10-conc_mech-x509-1backend_valid-active_r30_audit-off_20260824T234533Z,obs_2e6b1f14cd2e450c8905f7fdc78284c7,2026-08-24T23:45:33.570664+00:00,x509,valid_active,15,10,UAV-VALID,ACCEPTED,ACCEPTED,True,42655200,42.6552,56600,97200,42042600,0,338100,9000,0,0,,,,none,x509-valid_active_7,0,False,238,8,
n250-identities_c10-conc_mech-x509-1backend_valid-active_r30_audit-off_20260824T234533Z,obs_cf328645854d4ac190288969c8b5e9a9,2026-08-24T23:45:33.576813+00:00,x509,valid_active,14,10,UAV-VALID,ACCEPTED,ACCEPTED,True,45028700,45.0287,58300,100700,44453000,0,297400,7600,0,0,,,,none,x509-valid_active_4,0,False,239,8,
n250-identities_c10-conc_mech-x509-1backend_valid-active_r30_audit-off_20260824T234533Z,obs_64e838e7a0df46a09ee0f1c9b1c22400,2026-08-24T23:45:33.600557+00:00,x509,valid_active,18,10,UAV-VALID,ACCEPTED,ACCEPTED,True,31433000,31.433,69200,132600,30873600,0,249500,8000,0,0,,,,none,x509-valid_active_6,0,False,239,8,
n250-identities_c10-conc_mech-x509-1backend_valid-active_r30_audit-off_20260824T234533Z,obs_6a8f01cce697488ba4bfaaa62c9b4a5a,2026-08-24T23:45:33.609935+00:00,x509,valid_active,20,10,UAV-VALID,ACCEPTED,ACCEPTED,True,38733900,38.7339,75000,112700,38129800,0,305900,9900,0,0,,,,none,x509-valid_active_3,0,False,238,8,
n250-identities_c10-conc_mech-x509-1backend_valid-active_r30_audit-off_20260824T234533Z,obs_6389575d62ba43c0a33da460d3b00bbd,2026-08-24T23:45:33.615205+00:00,x509,valid_active,13,10,UAV-VALID,ACCEPTED,ACCEPTED,True,77311300,77.3113,44500,131800,75126300,0,360100,10800,0,0,,,,none,x509-valid_active_5,0,False,238,8,
n250-identities_c10-conc_mech-x509-1backend_valid-active_r30_audit-off_20260824T234533Z,obs_98d93242dfe6442b93bb158f047e9da0,2026-08-24T23:45:33.623898+00:00,x509,valid_active,16,10,UAV-VALID,ACCEPTED,ACCEPTED,True,63574800,63.5748,68700,103900,62954300,0,318500,8800,0,0,,,,none,x509-valid_active_9,0,False,239,8,
n250-identities_c10-conc_mech-x509-1backend_valid-active_r30_audit-off_20260824T234533Z,obs_c846b9b063d349f0ad1eeca4ba3ac268,2026-08-24T23:45:33.624784+00:00,x509,valid_active,19,10,UAV-VALID,ACCEPTED,ACCEPTED,True,63019400,63.0194,66700,101000,62486900,0,256600,6800,0,0,,,,none,x509-valid_active_2,0,False,239,8,
n250-identities_c10-conc_mech-x509-1backend_valid-active_r30_audit-off_20260824T234533Z,obs_fb544f52204a4b4d9da6dc9f5ecb3fe4,2026-08-24T23:45:33.654671+00:00,x509,valid_active,17,10,UAV-VALID,ACCEPTED,ACCEPTED,True,93668800,93.6688,38800,101200,92794900,0,565000,9800,0,0,,,,none,x509-valid_active_8,0,False,238,8,
n250-identities_c10-conc_mech-x509-1backend_valid-active_r30_audit-off_20260824T234533Z,obs_9e1fefaa7cdc425f8edcf00d31a4a749,2026-08-24T23:45:33.699510+00:00,x509,valid_active,22,10,UAV-VALID,ACCEPTED,ACCEPTED,True,66760000,66.76,60300,135900,66199400,0,272000,5200,0,0,,,,none,x509-valid_active_1,0,False,239,8,
n250-identities_c10-conc_mech-x509-1backend_valid-active_r30_audit-off_20260824T234533Z,obs_588f28fb391649f5a93dd6ac04583db2,2026-08-24T23:45:33.708813+00:00,x509,valid_active,21,10,UAV-VALID,ACCEPTED,ACCEPTED,True,41632400,41.6324,49600,364600,39003600,0,364500,9000,0,0,,,,none,x509-valid_active_0,0,False,239,8,
n250-identities_c10-conc_mech-x509-1backend_valid-active_r30_audit-off_20260824T234533Z,obs_8957769444c94786b0d9069874740e3a,2026-08-24T23:45:33.712166+00:00,x509,valid_active,24,10,UAV-VALID,ACCEPTED,ACCEPTED,True,25269600,25.2696,47200,169400,24699500,0,229600,6400,0,0,,,,none,x509-valid_active_4,0,False,238,8,
n250-identities_c10-conc_mech-x509-1backend_valid-active_r30_audit-off_20260824T234533Z,obs_18ffbfc7519d41d7b7fa451a7b34b0c7,2026-08-24T23:45:33.715255+00:00,x509,valid_active,23,10,UAV-VALID,ACCEPTED,ACCEPTED,True,18586600,18.5866,58300,84800,18131300,0,232700,5400,0,0,,,,none,x509-valid_active_7,0,False,238,8,
n250-identities_c10-conc_mech-x509-1backend_valid-active_r30_audit-off_20260824T234533Z,obs_4302b13a63a94dd5be544886bdcf5348,2026-08-24T23:45:33.716073+00:00,x509,valid_active,27,10,UAV-VALID,ACCEPTED,ACCEPTED,True,17435300,17.4353,52200,102200,16963400,0,224200,5600,0,0,,,,none,x509-valid_active_5,0,False,238,8,
n250-identities_c10-conc_mech-x509-1backend_valid-active_r30_audit-off_20260824T234533Z,obs_ff0667c4509a4fde9eb16ab126d51ab2,2026-08-24T23:45:33.717610+00:00,x509,valid_active,26,10,UAV-VALID,ACCEPTED,ACCEPTED,True,17694800,17.6948,50200,92200,17203600,0,260100,6600,0,0,,,,none,x509-valid_active_3,0,False,239,8,
n250-identities_c10-conc_mech-x509-1backend_valid-active_r30_audit-off_20260824T234533Z,obs_0ecc357290254dec8a5f472b2d9155ae,2026-08-24T23:45:33.719470+00:00,x509,valid_active,29,10,UAV-VALID,ACCEPTED,ACCEPTED,True,10178200,10.1782,49500,126400,9622600,0,262000,7800,0,0,,,,none,x509-valid_active_2,0,False,240,8,
n250-identities_c10-conc_mech-x509-1backend_valid-active_r30_audit-off_20260824T234533Z,obs_db118ed9111e495d973e7ef184f7ee78,2026-08-24T23:45:33.721203+00:00,x509,valid_active,25,10,UAV-VALID,ACCEPTED,ACCEPTED,True,16077600,16.0776,61000,107800,15502800,0,286600,8500,0,0,,,,none,x509-valid_active_6,0,False,238,8,
n250-identities_c10-conc_mech-x509-1backend_valid-active_r30_audit-off_20260824T234533Z,obs_59f7ad7101f244afa45569e2ef4e4280,2026-08-24T23:45:33.724746+00:00,x509,valid_active,28,10,UAV-VALID,ACCEPTED,ACCEPTED,True,14674100,14.6741,58900,98200,14072500,0,329200,8800,0,0,,,,none,x509-valid_active_9,0,False,240,8,
n250-identities_c10-conc_mech-blockchain-1backend_valid-active_r30_audit-off_20260824T234535Z,obs_154f9d9f77c34895b19a3f805966df7b,2026-08-24T23:45:36.043641+00:00,blockchain,valid_active,0,10,UAV-VALID,ACCEPTED,ACCEPTED,True,234718400,234.7184,60800,234022200,0,4800,492000,10400,0,0,,,,none,blockchain-valid_active_0,0,True,239,8,
n250-identities_c10-conc_mech-blockchain-1backend_valid-active_r30_audit-off_20260824T234535Z,obs_1bf04c2b443e40de9bf46393c5a26673,2026-08-24T23:45:36.046206+00:00,blockchain,valid_active,1,10,UAV-VALID,ACCEPTED,ACCEPTED,True,186742100,186.7421,62200,186230500,0,5400,319600,9500,0,0,,,,none,blockchain-valid_active_3,0,False,239,8,
n250-identities_c10-conc_mech-blockchain-1backend_valid-active_r30_audit-off_20260824T234535Z,obs_2d4881b754844f5f9a306e09aa8ca34c,2026-08-24T23:45:36.066297+00:00,blockchain,valid_active,2,10,UAV-VALID,ACCEPTED,ACCEPTED,True,181335700,181.3357,64000,180817700,0,6000,318200,8500,0,0,,,,none,blockchain-valid_active_4,0,False,239,8,
n250-identities_c10-conc_mech-blockchain-1backend_valid-active_r30_audit-off_20260824T234535Z,obs_ebdac064b77e47f2a1f67f73e8aebbe5,2026-08-24T23:45:36.107101+00:00,blockchain,valid_active,5,10,UAV-VALID,ACCEPTED,ACCEPTED,True,185262400,185.2624,260900,184714000,0,5300,302700,7900,0,0,,,,none,blockchain-valid_active_7,0,False,239,8,
n250-identities_c10-conc_mech-blockchain-1backend_valid-active_r30_audit-off_20260824T234535Z,obs_ed34373d3f274f12a85fbc39e4ff4382,2026-08-24T23:45:36.156786+00:00,blockchain,valid_active,1,10,UAV-VALID,ACCEPTED,ACCEPTED,True,344632400,344.6324,51700,344018800,0,5700,333100,8900,0,0,,,,none,blockchain-valid_active_1,0,True,239,8,
n250-identities_c10-conc_mech-blockchain-1backend_valid-active_r30_audit-off_20260824T234535Z,obs_0d089742c9fd45ae9e8cba391b2b262a,2026-08-24T23:45:36.162950+00:00,blockchain,valid_active,6,10,UAV-VALID,ACCEPTED,ACCEPTED,True,222320700,222.3207,63600,221799800,0,5600,311700,10200,0,0,,,,none,blockchain-valid_active_8,0,False,239,8,
n250-identities_c10-conc_mech-blockchain-1backend_valid-active_r30_audit-off_20260824T234535Z,obs_20c1f5c1d3814fb7959a04a38408185a,2026-08-24T23:45:36.168608+00:00,blockchain,valid_active,0,10,UAV-VALID,ACCEPTED,ACCEPTED,True,354580900,354.5809,48900,354074100,0,5300,306400,9500,0,0,,,,none,blockchain-valid_active_2,0,False,240,8,
n250-identities_c10-conc_mech-blockchain-1backend_valid-active_r30_audit-off_20260824T234535Z,obs_ea95607e8c88489b9bc10f86324b2f26,2026-08-24T23:45:36.215762+00:00,blockchain,valid_active,7,10,UAV-VALID,ACCEPTED,ACCEPTED,True,259885200,259.8852,88200,258933000,0,11600,545400,11500,0,0,,,,none,blockchain-valid_active_9,0,False,239,8,
n250-identities_c10-conc_mech-blockchain-1backend_valid-active_r30_audit-off_20260824T234535Z,obs_ae5945ecf6634145ac906a82e454548f,2026-08-24T23:45:36.244567+00:00,blockchain,valid_active,3,10,UAV-VALID,ACCEPTED,ACCEPTED,True,364325200,364.3252,70600,363770600,0,4300,332100,12300,0,0,,,,none,blockchain-valid_active_5,0,False,240,8,
n250-identities_c10-conc_mech-blockchain-1backend_valid-active_r30_audit-off_20260824T234535Z,obs_7bdf7ea6ece24f60bfd62ae65b86f297,2026-08-24T23:45:36.351456+00:00,blockchain,valid_active,4,10,UAV-VALID,ACCEPTED,ACCEPTED,True,368783100,368.7831,406100,368257700,0,5200,313000,10600,0,0,,,,none,blockchain-valid_active_6,0,False,238,8,
n250-identities_c10-conc_mech-blockchain-1backend_valid-active_r30_audit-off_20260824T234535Z,obs_6808d218df574098954cc5e0db7de92c,2026-08-24T23:45:36.399646+00:00,blockchain,valid_active,11,10,UAV-VALID,ACCEPTED,ACCEPTED,True,223337500,223.3375,67500,222948800,0,3500,235400,5400,0,0,,,,none,blockchain-valid_active_7,0,False,238,8,
n250-identities_c10-conc_mech-blockchain-1backend_valid-active_r30_audit-off_20260824T234535Z,obs_afd72f952bb6476d86d5d96a97c18881,2026-08-24T23:45:36.412110+00:00,blockchain,valid_active,10,10,UAV-VALID,ACCEPTED,ACCEPTED,True,269454200,269.4542,63500,268930300,0,6000,308500,9100,0,0,,,,none,blockchain-valid_active_4,0,False,239,8,
n250-identities_c10-conc_mech-blockchain-1backend_valid-active_r30_audit-off_20260824T234535Z,obs_464a940246c54389b96e47eff000f4c0,2026-08-24T23:45:36.414351+00:00,blockchain,valid_active,8,10,UAV-VALID,ACCEPTED,ACCEPTED,True,295983900,295.9839,65500,295467800,0,4800,295100,7800,0,0,,,,none,blockchain-valid_active_0,0,False,238,8,
n250-identities_c10-conc_mech-blockchain-1backend_valid-active_r30_audit-off_20260824T234535Z,obs_9827cba6cf924564870f5570583a939d,2026-08-24T23:45:36.437213+00:00,blockchain,valid_active,9,10,UAV-VALID,ACCEPTED,ACCEPTED,True,291676100,291.6761,61200,290861000,0,5500,594600,10800,0,0,,,,none,blockchain-valid_active_3,0,False,238,8,
n250-identities_c10-conc_mech-blockchain-1backend_valid-active_r30_audit-off_20260824T234535Z,obs_127ab26196434aab95c5f7738c26a58c,2026-08-24T23:45:36.497131+00:00,blockchain,valid_active,13,10,UAV-VALID,ACCEPTED,ACCEPTED,True,251154300,251.1543,55400,250654400,0,5700,298900,9200,0,0,,,,none,blockchain-valid_active_8,0,False,239,8,
n250-identities_c10-conc_mech-blockchain-1backend_valid-active_r30_audit-off_20260824T234535Z,obs_51d49f6127e44b79bf9719b739e344e7,2026-08-24T23:45:36.631753+00:00,blockchain,valid_active,12,10,UAV-VALID,ACCEPTED,ACCEPTED,True,368371000,368.371,4319300,360761300,0,89900,6809400,16200,0,0,,,,none,blockchain-valid_active_1,0,False,239,8,
n250-identities_c10-conc_mech-blockchain-1backend_valid-active_r30_audit-off_20260824T234535Z,obs_b73363e9240f4acfadb0b7d8a13f8062,2026-08-24T23:45:36.643082+00:00,blockchain,valid_active,20,10,UAV-VALID,ACCEPTED,ACCEPTED,True,132213300,132.2133,68700,131697900,0,5800,310100,8800,0,0,,,,none,blockchain-valid_active_0,0,False,239,8,
n250-identities_c10-conc_mech-blockchain-1backend_valid-active_r30_audit-off_20260824T234535Z,obs_14d51af3bbbd4a9b8f8082b6f77fb717,2026-08-24T23:45:36.651900+00:00,blockchain,valid_active,14,10,UAV-VALID,ACCEPTED,ACCEPTED,True,308294200,308.2942,53600,305991600,0,5700,1986500,70900,0,0,,,,none,blockchain-valid_active_2,0,False,238,8,
n250-identities_c10-conc_mech-blockchain-1backend_valid-active_r30_audit-off_20260824T234535Z,obs_7327e15c260f4b6eb85b309fc394ee7e,2026-08-24T23:45:36.655725+00:00,blockchain,valid_active,16,10,UAV-VALID,ACCEPTED,ACCEPTED,True,238625600,238.6256,66100,238005600,0,6600,419300,9500,0,0,,,,none,blockchain-valid_active_5,0,False,239,8,
n250-identities_c10-conc_mech-blockchain-1backend_valid-active_r30_audit-off_20260824T234535Z,obs_b7a76c4545e24f959fb64e36d0cd5ae5,2026-08-24T23:45:36.663311+00:00,blockchain,valid_active,15,10,UAV-VALID,ACCEPTED,ACCEPTED,True,290922100,290.9221,70100,288879100,0,6900,1767100,55300,0,0,,,,none,blockchain-valid_active_9,0,False,238,8,
n250-identities_c10-conc_mech-blockchain-1backend_valid-active_r30_audit-off_20260824T234535Z,obs_e0e390e09581492f8dccc195ad2a4762,2026-08-24T23:45:36.708317+00:00,blockchain,valid_active,19,10,UAV-VALID,ACCEPTED,ACCEPTED,True,180307600,180.3076,40900,179764400,0,7000,329800,9900,0,0,,,,none,blockchain-valid_active_4,0,False,239,8,
n250-identities_c10-conc_mech-blockchain-1backend_valid-active_r30_audit-off_20260824T234535Z,obs_8eeb61d3a8b64341835e0cce9d36232c,2026-08-24T23:45:36.733622+00:00,blockchain,valid_active,18,10,UAV-VALID,ACCEPTED,ACCEPTED,True,201342800,201.3428,62100,200664500,0,8200,342600,9100,0,0,,,,none,blockchain-valid_active_7,0,False,239,8,
n250-identities_c10-conc_mech-blockchain-1backend_valid-active_r30_audit-off_20260824T234535Z,obs_f6aac5ad84734ba3b5b4307f28cb49e1,2026-08-24T23:45:36.736635+00:00,blockchain,valid_active,22,10,UAV-VALID,ACCEPTED,ACCEPTED,True,152307500,152.3075,74300,151818100,0,6000,290600,9400,0,0,,,,none,blockchain-valid_active_8,0,False,238,8,
n250-identities_c10-conc_mech-blockchain-1backend_valid-active_r30_audit-off_20260824T234535Z,obs_2d45d4df386f4542984f6e3aa1112431,2026-08-24T23:45:36.738916+00:00,blockchain,valid_active,21,10,UAV-VALID,ACCEPTED,ACCEPTED,True,183828600,183.8286,63800,183411400,0,5500,257200,7300,0,0,,,,none,blockchain-valid_active_3,0,False,239,8,
n250-identities_c10-conc_mech-blockchain-1backend_valid-active_r30_audit-off_20260824T234535Z,obs_67b117dff5f44fc5946dbccfa0e1c6ec,2026-08-24T23:45:36.803358+00:00,blockchain,valid_active,17,10,UAV-VALID,ACCEPTED,ACCEPTED,True,282091200,282.0912,191400,280628400,0,5100,1030300,16900,0,0,,,,none,blockchain-valid_active_6,0,False,238,8,
n250-identities_c10-conc_mech-blockchain-1backend_valid-active_r30_audit-off_20260824T234535Z,obs_0a4c639dabcb45868788a1033fc75b6a,2026-08-24T23:45:36.938872+00:00,blockchain,valid_active,28,10,UAV-VALID,ACCEPTED,ACCEPTED,True,163079200,163.0792,47700,162191100,0,6400,676900,11400,0,0,,,,none,blockchain-valid_active_4,0,False,240,8,
n250-identities_c10-conc_mech-blockchain-1backend_valid-active_r30_audit-off_20260824T234535Z,obs_00aec29466ff47548a6a41509b578459,2026-08-24T23:45:36.949964+00:00,blockchain,valid_active,24,10,UAV-VALID,ACCEPTED,ACCEPTED,True,179850400,179.8504,71400,179137800,0,5700,496000,12700,0,0,,,,none,blockchain-valid_active_0,0,False,238,8,
n250-identities_c10-conc_mech-blockchain-1backend_valid-active_r30_audit-off_20260824T234535Z,obs_616166c97dd74bd197cd5b5c0ba604cd,2026-08-24T23:45:36.964407+00:00,blockchain,valid_active,23,10,UAV-VALID,ACCEPTED,ACCEPTED,True,203453800,203.4538,60400,198500600,0,6200,4738500,15100,0,0,,,,none,blockchain-valid_active_1,0,False,239,8,
n250-identities_c10-conc_mech-blockchain-1backend_valid-active_r30_audit-off_20260824T234535Z,obs_17424aa71d484059a82766cd8256ddad,2026-08-24T23:45:36.970670+00:00,blockchain,valid_active,25,10,UAV-VALID,ACCEPTED,ACCEPTED,True,248788300,248.7883,74300,248183100,0,5400,400400,9700,0,0,,,,none,blockchain-valid_active_2,0,False,239,8,
n250-identities_c10-conc_mech-blockchain-1backend_valid-active_r30_audit-off_20260824T234535Z,obs_0f835d23cfa6478cb18f6c3e0d3954d2,2026-08-24T23:45:36.974293+00:00,blockchain,valid_active,29,10,UAV-VALID,ACCEPTED,ACCEPTED,True,177345500,177.3455,57100,176848600,0,5000,314900,8000,0,0,,,,none,blockchain-valid_active_7,0,False,238,8,
n250-identities_c10-conc_mech-blockchain-1backend_valid-active_r30_audit-off_20260824T234535Z,obs_f24cbfdd88d0486182caa9be77d83fe6,2026-08-24T23:45:36.987988+00:00,blockchain,valid_active,26,10,UAV-VALID,ACCEPTED,ACCEPTED,True,215835000,215.835,73100,215292000,0,6100,330100,9400,0,0,,,,none,blockchain-valid_active_5,0,False,238,8,
n250-identities_c10-conc_mech-blockchain-1backend_valid-active_r30_audit-off_20260824T234535Z,obs_f59e3fac47ef45e4adbc4ddb6c48e33e,2026-08-24T23:45:36.994543+00:00,blockchain,valid_active,27,10,UAV-VALID,ACCEPTED,ACCEPTED,True,221051800,221.0518,49000,220524000,0,5300,333700,9700,0,0,,,,none,blockchain-valid_active_9,0,False,238,8,
n250-identities_c25-conc_mech-x509-1backend_valid-active_r30_audit-off_20260824T234538Z,obs_b298b3cfa2984867b36e3ef15ffabd0b,2026-08-24T23:45:39.629993+00:00,x509,valid_active,6,25,UAV-VALID,ACCEPTED,ACCEPTED,True,150535400,150.5354,56600,198400,149752300,0,357500,9400,0,0,,,,none,x509-valid_active_8,0,False,239,8,
n250-identities_c25-conc_mech-x509-1backend_valid-active_r30_audit-off_20260824T234538Z,obs_dcf8011bd36642948c2dab1e0737cd77,2026-08-24T23:45:39.421578+00:00,x509,valid_active,0,25,UAV-VALID,ACCEPTED,ACCEPTED,True,56879800,56.8798,78200,178800,56143300,0,333000,9700,0,0,,,,none,x509-valid_active_0,0,True,238,8,
n250-identities_c25-conc_mech-x509-1backend_valid-active_r30_audit-off_20260824T234538Z,obs_731cee3debe84ff8a5f64c88f8132fef,2026-08-24T23:45:39.528043+00:00,x509,valid_active,2,25,UAV-VALID,ACCEPTED,ACCEPTED,True,108967600,108.9676,71500,170600,108270300,0,322700,8800,0,0,,,,none,x509-valid_active_4,0,False,239,8,
n250-identities_c25-conc_mech-x509-1backend_valid-active_r30_audit-off_20260824T234538Z,obs_73b82578848a4f678cf11d9ed3a300b3,2026-08-24T23:45:39.439558+00:00,x509,valid_active,1,25,UAV-VALID,ACCEPTED,ACCEPTED,True,72118800,72.1188,64900,171700,71356300,0,340500,12100,0,0,,,,none,x509-valid_active_1,0,True,238,8,
n250-identities_c25-conc_mech-x509-1backend_valid-active_r30_audit-off_20260824T234538Z,obs_d98d9aba7e8340b1a3a2eace5d1432ad,2026-08-24T23:45:39.703014+00:00,x509,valid_active,7,25,UAV-VALID,ACCEPTED,ACCEPTED,True,105159800,105.1598,66200,166100,104509900,0,282300,9200,0,0,,,,none,x509-valid_active_9,0,False,240,8,
n250-identities_c25-conc_mech-x509-1backend_valid-active_r30_audit-off_20260824T234538Z,obs_a8f2042fa18d444fbbdc953308c44c7c,2026-08-24T23:45:39.682669+00:00,x509,valid_active,0,25,UAV-VALID,ACCEPTED,ACCEPTED,True,278846600,278.8466,78800,173300,277915800,0,502600,10400,0,0,,,,none,x509-valid_active_2,0,False,238,8,
n250-identities_c25-conc_mech-x509-1backend_valid-active_r30_audit-off_20260824T234538Z,obs_9ceaa936a1764aa09cc16d8ebb7638b4,2026-08-24T23:45:39.602151+00:00,x509,valid_active,3,25,UAV-VALID,ACCEPTED,ACCEPTED,True,166721200,166.7212,79800,163000,166032800,0,316400,8200,0,0,,,,none,x509-valid_active_5,0,False,240,8,
n250-identities_c25-conc_mech-x509-1backend_valid-active_r30_audit-off_20260824T234538Z,obs_185f206c375041f88444c89ad6d388ca,2026-08-24T23:45:39.673873+00:00,x509,valid_active,1,25,UAV-VALID,ACCEPTED,ACCEPTED,True,242317500,242.3175,72000,148000,241635300,0,331200,7500,0,0,,,,none,x509-valid_active_3,0,False,239,8,
n250-identities_c25-conc_mech-x509-1backend_valid-active_r30_audit-off_20260824T234538Z,obs_816d378feddc4938aaf07cd57b1c5f9f,2026-08-24T23:45:39.725839+00:00,x509,valid_active,12,25,UAV-VALID,ACCEPTED,ACCEPTED,True,86218100,86.2181,69400,157200,85627600,0,240500,6500,0,0,,,,none,x509-valid_active_13,0,False,239,8,
n250-identities_c25-conc_mech-x509-1backend_valid-active_r30_audit-off_20260824T234538Z,obs_68c34beb27794ad28b41fc00713c7d10,2026-08-24T23:45:39.755179+00:00,x509,valid_active,4,25,UAV-VALID,ACCEPTED,ACCEPTED,True,248218900,248.2189,75300,185100,247659200,0,214800,6100,0,0,,,,none,x509-valid_active_6,0,False,240,8,
n250-identities_c25-conc_mech-x509-1backend_valid-active_r30_audit-off_20260824T234538Z,obs_740f51cdbffb4fd8ab1a913fdfb2e93f,2026-08-24T23:45:39.805156+00:00,x509,valid_active,13,25,UAV-VALID,ACCEPTED,ACCEPTED,True,129861200,129.8612,79000,105700,129273200,0,303800,9000,0,0,,,,none,x509-valid_active_1,0,False,238,8,
n250-identities_c25-conc_mech-x509-1backend_valid-active_r30_audit-off_20260824T234538Z,obs_c15554b783d74b9fa0301be02f89888e,2026-08-24T23:45:39.813193+00:00,x509,valid_active,5,25,UAV-VALID,ACCEPTED,ACCEPTED,True,159861800,159.8618,72500,154600,159321200,0,226500,5500,0,0,,,,none,x509-valid_active_7,0,False,239,8,
n250-identities_c25-conc_mech-x509-1backend_valid-active_r30_audit-off_20260824T234538Z,obs_7b43ff5452904c989c1f54f75c57495b,2026-08-24T23:45:39.814444+00:00,x509,valid_active,11,25,UAV-VALID,ACCEPTED,ACCEPTED,True,124680400,124.6804,74700,156000,124167000,0,220200,4800,0,0,,,,none,x509-valid_active_12,0,False,239,8,
n250-identities_c25-conc_mech-x509-1backend_valid-active_r30_audit-off_20260824T234538Z,obs_984e0f905a8243bab9dd96e91d1a4403,2026-08-24T23:45:39.830986+00:00,x509,valid_active,10,25,UAV-VALID,ACCEPTED,ACCEPTED,True,158761400,158.7614,62700,131300,158146800,0,277700,7800,0,0,,,,none,x509-valid_active_0,0,False,238,8,
n250-identities_c25-conc_mech-x509-1backend_valid-active_r30_audit-off_20260824T234538Z,obs_177770ac4b074e418233dd5003fb2a1e,2026-08-24T23:45:39.832372+00:00,x509,valid_active,9,25,UAV-VALID,ACCEPTED,ACCEPTED,True,151369500,151.3695,112900,183400,150590100,0,388200,10600,0,0,,,,none,x509-valid_active_11,0,False,239,8,
n250-identities_c25-conc_mech-x509-1backend_valid-active_r30_audit-off_20260824T234538Z,obs_b6a77ef148bb41e1a6bfc5a8e80c6773,2026-08-24T23:45:39.833430+00:00,x509,valid_active,16,25,UAV-VALID,ACCEPTED,ACCEPTED,True,79218500,79.2185,75400,96600,78645500,0,285100,9100,0,0,,,,none,x509-valid_active_4,0,False,238,8,
n250-identities_c25-conc_mech-x509-1backend_valid-active_r30_audit-off_20260824T234538Z,obs_9d56d6ac9f3d4475bc63082c17fb9c4a,2026-08-24T23:45:39.840455+00:00,x509,valid_active,17,25,UAV-VALID,ACCEPTED,ACCEPTED,True,148751900,148.7519,74500,146500,148109500,0,309200,8700,0,0,,,,none,x509-valid_active_16,0,False,238,8,
n250-identities_c25-conc_mech-x509-1backend_valid-active_r30_audit-off_20260824T234538Z,obs_65dc55a47bf241b39723746ef81e9d72,2026-08-24T23:45:39.861229+00:00,x509,valid_active,8,25,UAV-VALID,ACCEPTED,ACCEPTED,True,121418900,121.4189,78300,169600,120845900,0,234700,6700,0,0,,,,none,x509-valid_active_10,0,False,239,8,
n250-identities_c25-conc_mech-x509-1backend_valid-active_r30_audit-off_20260824T234538Z,obs_a5c5b2033a314217a5504fb1bd96ddc9,2026-08-24T23:45:39.864986+00:00,x509,valid_active,18,25,UAV-VALID,ACCEPTED,ACCEPTED,True,109408400,109.4084,123800,75400,108926500,0,251300,7300,0,0,,,,none,x509-valid_active_5,0,False,239,8,
n250-identities_c25-conc_mech-x509-1backend_valid-active_r30_audit-off_20260824T234538Z,obs_d956e18b46dd4ba6be2999de7bd460b1,2026-08-24T23:45:39.866121+00:00,x509,valid_active,19,25,UAV-VALID,ACCEPTED,ACCEPTED,True,75034900,75.0349,75600,102500,74151500,0,350800,9900,0,0,,,,none,x509-valid_active_17,0,False,239,8,
n250-identities_c25-conc_mech-x509-1backend_valid-active_r30_audit-off_20260824T234538Z,obs_3e75c71db2994cd6bfa812af1c89bc51,2026-08-24T23:45:39.868790+00:00,x509,valid_active,14,25,UAV-VALID,ACCEPTED,ACCEPTED,True,65329400,65.3294,46900,227400,64736600,0,213800,5300,0,0,,,,none,x509-valid_active_14,0,False,238,8,
n250-identities_c25-conc_mech-x509-1backend_valid-active_r30_audit-off_20260824T234538Z,obs_b7a6e21fbf7d45a79c718cdc2c410178,2026-08-24T23:45:39.873738+00:00,x509,valid_active,15,25,UAV-VALID,ACCEPTED,ACCEPTED,True,71139900,71.1399,61400,158200,70588300,0,215800,6000,0,0,,,,none,x509-valid_active_15,0,False,240,8,
n250-identities_c25-conc_mech-x509-1backend_valid-active_r30_audit-off_20260824T234538Z,obs_3ab342ceff4144a692933df1b0b25d94,2026-08-24T23:45:39.879057+00:00,x509,valid_active,21,25,UAV-VALID,ACCEPTED,ACCEPTED,True,39790500,39.7905,52800,134000,39303900,0,207600,4900,0,0,,,,none,x509-valid_active_8,0,False,240,8,
n250-identities_c25-conc_mech-x509-1backend_valid-active_r30_audit-off_20260824T234538Z,obs_b2ad142ecd53436bb8c29c9f6a70c058,2026-08-24T23:45:39.887996+00:00,x509,valid_active,27,25,UAV-VALID,ACCEPTED,ACCEPTED,True,37525400,37.5254,64200,135600,36705800,0,447000,9500,0,0,,,,none,x509-valid_active_9,0,False,239,8,
n250-identities_c25-conc_mech-x509-1backend_valid-active_r30_audit-off_20260824T234538Z,obs_26f418fc2773460eb272983df65aa37a,2026-08-24T23:45:39.889527+00:00,x509,valid_active,26,25,UAV-VALID,ACCEPTED,ACCEPTED,True,43639500,43.6395,47300,181800,43088400,0,198100,4700,0,0,,,,none,x509-valid_active_21,0,False,240,8,
n250-identities_c25-conc_mech-x509-1backend_valid-active_r30_audit-off_20260824T234538Z,obs_f8cc48ad1c39418eb61b2abe1ea64568,2026-08-24T23:45:39.890436+00:00,x509,valid_active,20,25,UAV-VALID,ACCEPTED,ACCEPTED,True,28282300,28.2823,63100,106000,27863200,0,195900,5000,0,0,,,,none,x509-valid_active_18,0,False,239,8,
n250-identities_c25-conc_mech-x509-1backend_valid-active_r30_audit-off_20260824T234538Z,obs_e75786c6376346608324fd3fac4ca88f,2026-08-24T23:45:39.892220+00:00,x509,valid_active,25,25,UAV-VALID,ACCEPTED,ACCEPTED,True,24455800,24.4558,59000,172300,23915700,0,207800,4800,0,0,,,,none,x509-valid_active_20,0,False,238,8,
n250-identities_c25-conc_mech-x509-1backend_valid-active_r30_audit-off_20260824T234538Z,obs_9878415a0179402db39f1e5bc032eeba,2026-08-24T23:45:39.892697+00:00,x509,valid_active,24,25,UAV-VALID,ACCEPTED,ACCEPTED,True,21557600,21.5576,67600,71600,21214900,0,177100,3400,0,0,,,,none,x509-valid_active_2,0,False,238,8,
n250-identities_c25-conc_mech-x509-1backend_valid-active_r30_audit-off_20260824T234538Z,obs_f70079411c2a4cfc8f63eaf6e6bd552a,2026-08-24T23:45:39.893444+00:00,x509,valid_active,29,25,UAV-VALID,ACCEPTED,ACCEPTED,True,23109600,23.1096,73100,86700,22683800,0,197900,4400,0,0,,,,none,x509-valid_active_13,0,False,239,8,
n250-identities_c25-conc_mech-x509-1backend_valid-active_r30_audit-off_20260824T234538Z,obs_4c2bf6bd5efb4647866af838d8e09163,2026-08-24T23:45:39.894166+00:00,x509,valid_active,23,25,UAV-VALID,ACCEPTED,ACCEPTED,True,12400100,12.4001,37200,65900,12028700,0,205600,4500,0,0,,,,none,x509-valid_active_3,0,False,239,8,
n250-identities_c25-conc_mech-x509-1backend_valid-active_r30_audit-off_20260824T234538Z,obs_4cd4769922494c1aa20fe9bfe9c5a514,2026-08-24T23:45:39.894839+00:00,x509,valid_active,22,25,UAV-VALID,ACCEPTED,ACCEPTED,True,13555100,13.5551,43800,94000,13065100,0,258000,5900,0,0,,,,none,x509-valid_active_19,0,False,238,8,
n250-identities_c25-conc_mech-x509-1backend_valid-active_r30_audit-off_20260824T234538Z,obs_52bd63f932dd40ce87dbb5bddbec28fc,2026-08-24T23:45:39.896364+00:00,x509,valid_active,28,25,UAV-VALID,ACCEPTED,ACCEPTED,True,9906600,9.9066,38600,161900,9424400,0,183800,4200,0,0,,,,none,x509-valid_active_22,0,False,240,8,
n250-identities_c25-conc_mech-blockchain-1backend_valid-active_r30_audit-off_20260824T234541Z,obs_a75006fa1557466a9a3321c398644af0,2026-08-24T23:45:42.575570+00:00,blockchain,valid_active,2,25,UAV-VALID,ACCEPTED,ACCEPTED,True,297457300,297.4573,55700,297098600,0,4500,227500,4600,0,0,,,,none,blockchain-valid_active_4,0,False,239,8,
n250-identities_c25-conc_mech-blockchain-1backend_valid-active_r30_audit-off_20260824T234541Z,obs_8eea1f11c3534ba4b539cb4273eb5ebd,2026-08-24T23:45:42.504315+00:00,blockchain,valid_active,0,25,UAV-VALID,ACCEPTED,ACCEPTED,True,293661600,293.6616,69500,293136100,0,7000,332800,8300,0,0,,,,none,blockchain-valid_active_0,0,True,240,8,
n250-identities_c25-conc_mech-blockchain-1backend_valid-active_r30_audit-off_20260824T234541Z,obs_a35c4fd1ea8c4b26924bdb110a09b736,2026-08-24T23:45:42.441331+00:00,blockchain,valid_active,1,25,UAV-VALID,ACCEPTED,ACCEPTED,True,207021100,207.0211,75000,206593400,0,4700,239300,6100,0,0,,,,none,blockchain-valid_active_3,0,False,239,8,
n250-identities_c25-conc_mech-blockchain-1backend_valid-active_r30_audit-off_20260824T234541Z,obs_91af243d1bda45ffa174f46feda94e3f,2026-08-24T23:45:42.573608+00:00,blockchain,valid_active,1,25,UAV-VALID,ACCEPTED,ACCEPTED,True,348404500,348.4045,72500,347884200,0,6300,310800,8000,0,0,,,,none,blockchain-valid_active_1,0,True,239,8,
n250-identities_c25-conc_mech-blockchain-1backend_valid-active_r30_audit-off_20260824T234541Z,obs_87210168363e413ab35c300d9c2f54f1,2026-08-24T23:45:42.655989+00:00,blockchain,valid_active,5,25,UAV-VALID,ACCEPTED,ACCEPTED,True,339398400,339.3984,78300,338558800,0,15600,317400,8100,0,0,,,,none,blockchain-valid_active_7,0,False,239,8,
n250-identities_c25-conc_mech-blockchain-1backend_valid-active_r30_audit-off_20260824T234541Z,obs_c2e2e3ad889842dfa3469b54c9d5a24b,2026-08-24T23:45:42.778928+00:00,blockchain,valid_active,0,25,UAV-VALID,ACCEPTED,ACCEPTED,True,535288200,535.2882,63700,534759800,0,6600,345000,7500,0,0,,,,none,blockchain-valid_active_2,0,False,239,8,
n250-identities_c25-conc_mech-blockchain-1backend_valid-active_r30_audit-off_20260824T234541Z,obs_5ed4806162414c5c9d42cadb0c0db84b,2026-08-24T23:45:42.795144+00:00,blockchain,valid_active,6,25,UAV-VALID,ACCEPTED,ACCEPTED,True,416455100,416.4551,78100,415943400,0,4900,343200,10500,0,0,,,,none,blockchain-valid_active_8,0,False,240,8,
n250-identities_c25-conc_mech-blockchain-1backend_valid-active_r30_audit-off_20260824T234541Z,obs_27ba2394f8284a5082630b25d646ac6d,2026-08-24T23:45:42.824734+00:00,blockchain,valid_active,4,25,UAV-VALID,ACCEPTED,ACCEPTED,True,448176100,448.1761,509400,447425300,0,5400,419100,9800,0,0,,,,none,blockchain-valid_active_6,0,False,240,8,
n250-identities_c25-conc_mech-blockchain-1backend_valid-active_r30_audit-off_20260824T234541Z,obs_eb911458cba44c74b492e3bbcfb2e170,2026-08-24T23:45:42.839184+00:00,blockchain,valid_active,10,25,UAV-VALID,ACCEPTED,ACCEPTED,True,405851200,405.8512,71100,405194000,0,6600,387700,9800,0,0,,,,none,blockchain-valid_active_12,0,False,238,8,
n250-identities_c25-conc_mech-blockchain-1backend_valid-active_r30_audit-off_20260824T234541Z,obs_7b284ff1f86647958976315fdc49bdb0,2026-08-24T23:45:42.934382+00:00,blockchain,valid_active,15,25,UAV-VALID,ACCEPTED,ACCEPTED,True,383068900,383.0689,74900,382012000,0,7500,737800,11100,0,0,,,,none,blockchain-valid_active_3,0,False,238,8,
n250-identities_c25-conc_mech-blockchain-1backend_valid-active_r30_audit-off_20260824T234541Z,obs_6887573ea5e349f08367bbea9b4c0cab,2026-08-24T23:45:42.966613+00:00,blockchain,valid_active,13,25,UAV-VALID,ACCEPTED,ACCEPTED,True,413238600,413.2386,71500,412690000,0,7400,331800,11500,0,0,,,,none,blockchain-valid_active_15,0,False,240,8,
n250-identities_c25-conc_mech-blockchain-1backend_valid-active_r30_audit-off_20260824T234541Z,obs_0a4d477df3864000ac76813dcd4b9dad,2026-08-24T23:45:42.970805+00:00,blockchain,valid_active,8,25,UAV-VALID,ACCEPTED,ACCEPTED,True,515504200,515.5042,44800,515008100,0,7300,314600,9100,0,0,,,,none,blockchain-valid_active_10,0,False,240,8,
n250-identities_c25-conc_mech-blockchain-1backend_valid-active_r30_audit-off_20260824T234541Z,obs_122451b7f89442ae989bd0f504a46f7c,2026-08-24T23:45:42.973687+00:00,blockchain,valid_active,9,25,UAV-VALID,ACCEPTED,ACCEPTED,True,503985300,503.9853,60600,503586400,0,5300,241500,6500,0,0,,,,none,blockchain-valid_active_11,0,False,239,8,
n250-identities_c25-conc_mech-blockchain-1backend_valid-active_r30_audit-off_20260824T234541Z,obs_cc1b4d22ee744feab127a6b2e3f8fd12,2026-08-24T23:45:42.978681+00:00,blockchain,valid_active,3,25,UAV-VALID,ACCEPTED,ACCEPTED,True,591009800,591.0098,82400,590520000,0,5900,300800,7200,0,0,,,,none,blockchain-valid_active_5,0,False,239,8,
n250-identities_c25-conc_mech-blockchain-1backend_valid-active_r30_audit-off_20260824T234541Z,obs_a013d1c234ed4a18b1eed6cfdfcdae55,2026-08-24T23:45:42.990105+00:00,blockchain,valid_active,14,25,UAV-VALID,ACCEPTED,ACCEPTED,True,442551600,442.5516,67600,442008700,0,5900,339400,8100,0,0,,,,none,blockchain-valid_active_16,0,False,239,8,
n250-identities_c25-conc_mech-blockchain-1backend_valid-active_r30_audit-off_20260824T234541Z,obs_c1fed1f242f04120bc3aa6f3c4d633cb,2026-08-24T23:45:43.054258+00:00,blockchain,valid_active,7,25,UAV-VALID,ACCEPTED,ACCEPTED,True,624343000,624.343,65400,623756200,0,7600,359200,10700,0,0,,,,none,blockchain-valid_active_9,0,False,240,8,
n250-identities_c25-conc_mech-blockchain-1backend_valid-active_r30_audit-off_20260824T234541Z,obs_0026a28db0864b6c8642fc9566bb723c,2026-08-24T23:45:43.074023+00:00,blockchain,valid_active,18,25,UAV-VALID,ACCEPTED,ACCEPTED,True,442234800,442.2348,76500,441641500,0,7300,341100,9300,0,0,,,,none,blockchain-valid_active_0,0,False,238,8,
n250-identities_c25-conc_mech-blockchain-1backend_valid-active_r30_audit-off_20260824T234541Z,obs_aada646818444ed382362c67b49270a9,2026-08-24T23:45:43.106286+00:00,blockchain,valid_active,20,25,UAV-VALID,ACCEPTED,ACCEPTED,True,367697500,367.6975,53500,367072300,0,6800,426200,10300,0,0,,,,none,blockchain-valid_active_20,0,False,239,8,
n250-identities_c25-conc_mech-blockchain-1backend_valid-active_r30_audit-off_20260824T234541Z,obs_e1a27d9df9bc4159bf7ae2b7ef13ca53,2026-08-24T23:45:43.142260+00:00,blockchain,valid_active,11,25,UAV-VALID,ACCEPTED,ACCEPTED,True,667451300,667.4513,53200,666921300,0,6300,319800,9200,0,0,,,,none,blockchain-valid_active_13,0,False,239,8,
n250-identities_c25-conc_mech-blockchain-1backend_valid-active_r30_audit-off_20260824T234541Z,obs_3003f880ecd846a8b7817bd5c599d30a,2026-08-24T23:45:43.162964+00:00,blockchain,valid_active,17,25,UAV-VALID,ACCEPTED,ACCEPTED,True,552342700,552.3427,80600,551772900,0,7700,368900,8700,0,0,,,,none,blockchain-valid_active_18,0,False,239,8,
n250-identities_c25-conc_mech-blockchain-1backend_valid-active_r30_audit-off_20260824T234541Z,obs_85e9cd257fa94a13a07393609dd9baab,2026-08-24T23:45:43.189845+00:00,blockchain,valid_active,19,25,UAV-VALID,ACCEPTED,ACCEPTED,True,387552900,387.5529,69100,387036900,0,7100,315900,8600,0,0,,,,none,blockchain-valid_active_19,0,False,238,8,
n250-identities_c25-conc_mech-blockchain-1backend_valid-active_r30_audit-off_20260824T234541Z,obs_e0c9dbb2eadc429e9fcf2b5de4abb722,2026-08-24T23:45:43.194682+00:00,blockchain,valid_active,25,25,UAV-VALID,ACCEPTED,ACCEPTED,True,413977500,413.9775,59000,413401300,0,7200,323000,9100,0,0,,,,none,blockchain-valid_active_23,0,False,238,8,
n250-identities_c25-conc_mech-blockchain-1backend_valid-active_r30_audit-off_20260824T234541Z,obs_00163fc5b5ff4eb78c0fa99b4897a09a,2026-08-24T23:45:43.200816+00:00,blockchain,valid_active,23,25,UAV-VALID,ACCEPTED,ACCEPTED,True,412899500,412.8995,66800,412181800,0,6500,501200,11100,0,0,,,,none,blockchain-valid_active_4,0,False,239,8,
n250-identities_c25-conc_mech-blockchain-1backend_valid-active_r30_audit-off_20260824T234541Z,obs_8bbf000643b6476ba9d990d59e46d4bd,2026-08-24T23:45:43.205597+00:00,blockchain,valid_active,12,25,UAV-VALID,ACCEPTED,ACCEPTED,True,644648400,644.6484,61700,644149600,0,5800,317700,8700,0,0,,,,none,blockchain-valid_active_14,0,False,239,8,
n250-identities_c25-conc_mech-blockchain-1backend_valid-active_r30_audit-off_20260824T234541Z,obs_38f9d9c02b914772ad85f8c6a1ca47c8,2026-08-24T23:45:43.209214+00:00,blockchain,valid_active,21,25,UAV-VALID,ACCEPTED,ACCEPTED,True,498969500,498.9695,48400,498442400,0,7600,343900,9700,0,0,,,,none,blockchain-valid_active_21,0,False,240,8,
n250-identities_c25-conc_mech-blockchain-1backend_valid-active_r30_audit-off_20260824T234541Z,obs_eafeb391bddd4d03a98e2096470aa98c,2026-08-24T23:45:43.217024+00:00,blockchain,valid_active,27,25,UAV-VALID,ACCEPTED,ACCEPTED,True,341277200,341.2772,67100,340728800,0,7500,327900,9900,0,0,,,,none,blockchain-valid_active_7,0,False,238,8,
n250-identities_c25-conc_mech-blockchain-1backend_valid-active_r30_audit-off_20260824T234541Z,obs_12c078f2131744c0b3e2bd630f4d8b74,2026-08-24T23:45:43.226633+00:00,blockchain,valid_active,24,25,UAV-VALID,ACCEPTED,ACCEPTED,True,338501000,338.501,75600,337959500,0,6800,312700,9900,0,0,,,,none,blockchain-valid_active_22,0,False,240,8,
n250-identities_c25-conc_mech-blockchain-1backend_valid-active_r30_audit-off_20260824T234541Z,obs_0fba071fe5754cd9b5bda70657069c0e,2026-08-24T23:45:43.229665+00:00,blockchain,valid_active,26,25,UAV-VALID,ACCEPTED,ACCEPTED,True,415451000,415.451,65000,414465700,0,6600,548300,62600,0,0,,,,none,blockchain-valid_active_24,0,False,238,8,
n250-identities_c25-conc_mech-blockchain-1backend_valid-active_r30_audit-off_20260824T234541Z,obs_fc9bab9866a14bb9bdd8577c81efde10,2026-08-24T23:45:43.233888+00:00,blockchain,valid_active,29,25,UAV-VALID,ACCEPTED,ACCEPTED,True,257624600,257.6246,56200,256986100,0,6700,433500,11300,0,0,,,,none,blockchain-valid_active_8,0,False,240,8,
n250-identities_c25-conc_mech-blockchain-1backend_valid-active_r30_audit-off_20260824T234541Z,obs_b9bf012f7a7b4dcfb9fbf35d9433f426,2026-08-24T23:45:43.239857+00:00,blockchain,valid_active,16,25,UAV-VALID,ACCEPTED,ACCEPTED,True,525558300,525.5583,62200,525069600,0,5700,312700,7500,0,0,,,,none,blockchain-valid_active_17,0,False,239,8,
n250-identities_c25-conc_mech-blockchain-1backend_valid-active_r30_audit-off_20260824T234541Z,obs_5502b03567204ef892c4f5db6066c84f,2026-08-24T23:45:43.248242+00:00,blockchain,valid_active,22,25,UAV-VALID,ACCEPTED,ACCEPTED,True,352756400,352.7564,58800,351989700,0,6800,333900,10900,0,0,,,,none,blockchain-valid_active_1,0,False,238,8,
n250-identities_c25-conc_mech-blockchain-1backend_valid-active_r30_audit-off_20260824T234541Z,obs_df761eff69b14076a724c13252c90930,2026-08-24T23:45:43.259684+00:00,blockchain,valid_active,28,25,UAV-VALID,ACCEPTED,ACCEPTED,True,277179500,277.1795,74100,276682800,0,6700,294200,7000,0,0,,,,none,blockchain-valid_active_2,0,False,238,8,
n250-identities_c50-conc_mech-x509-1backend_valid-active_r30_audit-off_20260824T234545Z,obs_ec305cca287b44f1a8716ceb2db12532,2026-08-24T23:45:45.541508+00:00,x509,valid_active,1,50,UAV-VALID,ACCEPTED,ACCEPTED,True,40742900,40.7429,44500,115200,40099700,0,331800,9000,0,0,,,,none,x509-valid_active_1,0,True,240,8,
n250-identities_c50-conc_mech-x509-1backend_valid-active_r30_audit-off_20260824T234545Z,obs_92afa85b827946aa9fdebac0d21ff112,2026-08-24T23:45:45.645197+00:00,x509,valid_active,3,50,UAV-VALID,ACCEPTED,ACCEPTED,True,88348700,88.3487,47700,161500,87810300,0,219200,6000,0,0,,,,none,x509-valid_active_5,0,False,239,8,
n250-identities_c50-conc_mech-x509-1backend_valid-active_r30_audit-off_20260824T234545Z,obs_38f6121f07eb46f085520bd0dc7621d9,2026-08-24T23:45:45.664054+00:00,x509,valid_active,4,50,UAV-VALID,ACCEPTED,ACCEPTED,True,105960100,105.9601,66200,134200,104939300,0,533800,16700,0,0,,,,none,x509-valid_active_6,0,False,239,8,
n250-identities_c50-conc_mech-x509-1backend_valid-active_r30_audit-off_20260824T234545Z,obs_3a94ad01efa04de4845e06fa85338194,2026-08-24T23:45:45.688811+00:00,x509,valid_active,1,50,UAV-VALID,ACCEPTED,ACCEPTED,True,114071500,114.0715,66000,144000,113427100,0,306400,8200,0,0,,,,none,x509-valid_active_3,0,False,240,8,
n250-identities_c50-conc_mech-x509-1backend_valid-active_r30_audit-off_20260824T234545Z,obs_ba11394ee62b4d6b951d80768e0b44e8,2026-08-24T23:45:45.674570+00:00,x509,valid_active,7,50,UAV-VALID,ACCEPTED,ACCEPTED,True,60328800,60.3288,52100,166800,59774600,0,220000,5300,0,0,,,,none,x509-valid_active_9,0,False,239,8,
n250-identities_c50-conc_mech-x509-1backend_valid-active_r30_audit-off_20260824T234545Z,obs_2ca2b72ddea14d1b980d2dba11acbf4d,2026-08-24T23:45:45.629278+00:00,x509,valid_active,2,50,UAV-VALID,ACCEPTED,ACCEPTED,True,70530100,70.5301,45200,108500,69934100,0,307100,9300,0,0,,,,none,x509-valid_active_4,0,False,239,8,
n250-identities_c50-conc_mech-x509-1backend_valid-active_r30_audit-off_20260824T234545Z,obs_ee91517b7762407abd72e792f62f5270,2026-08-24T23:45:45.521737+00:00,x509,valid_active,0,50,UAV-VALID,ACCEPTED,ACCEPTED,True,34294900,34.2949,72100,143700,33615400,0,322700,11800,0,0,,,,none,x509-valid_active_0,0,True,240,8,
n250-identities_c50-conc_mech-x509-1backend_valid-active_r30_audit-off_20260824T234545Z,obs_87f34a050f1a4a16b54b9bb2a0156560,2026-08-24T23:45:45.555194+00:00,x509,valid_active,0,50,UAV-VALID,ACCEPTED,ACCEPTED,True,48085700,48.0857,45500,91600,47485400,0,338700,8100,0,0,,,,none,x509-valid_active_2,0,False,240,8,
n250-identities_c50-conc_mech-x509-1backend_valid-active_r30_audit-off_20260824T234545Z,obs_2f50df427a414edc8758976970890ec5,2026-08-24T23:45:45.753015+00:00,x509,valid_active,11,50,UAV-VALID,ACCEPTED,ACCEPTED,True,102977800,102.9778,75400,175600,102346600,0,276000,8100,0,0,,,,none,x509-valid_active_1,0,False,240,8,
n250-identities_c50-conc_mech-x509-1backend_valid-active_r30_audit-off_20260824T234545Z,obs_1b8a894bc44f4ff6904458b37df72b7b,2026-08-24T23:45:45.760983+00:00,x509,valid_active,14,50,UAV-VALID,ACCEPTED,ACCEPTED,True,94719200,94.7192,46600,152400,94075400,0,287700,8200,0,0,,,,none,x509-valid_active_13,0,False,240,8,
n250-identities_c50-conc_mech-x509-1backend_valid-active_r30_audit-off_20260824T234545Z,obs_3ec68ea825c143d4b091715302dfcaea,2026-08-24T23:45:45.771190+00:00,x509,valid_active,12,50,UAV-VALID,ACCEPTED,ACCEPTED,True,96121700,96.1217,108000,101400,95638700,0,235600,6500,0,0,,,,none,x509-valid_active_12,0,False,239,8,
n250-identities_c50-conc_mech-x509-1backend_valid-active_r30_audit-off_20260824T234545Z,obs_38752be291ff4985a36c5da73d083de9,2026-08-24T23:45:45.780425+00:00,x509,valid_active,5,50,UAV-VALID,ACCEPTED,ACCEPTED,True,156175300,156.1753,57700,172100,155266200,0,473400,10700,0,0,,,,none,x509-valid_active_7,0,False,239,8,
n250-identities_c50-conc_mech-x509-1backend_valid-active_r30_audit-off_20260824T234545Z,obs_049b835d055d4202b175c624232e31a9,2026-08-24T23:45:45.810029+00:00,x509,valid_active,9,50,UAV-VALID,ACCEPTED,ACCEPTED,True,142866600,142.8666,67400,129900,142369000,0,222700,7000,0,0,,,,none,x509-valid_active_10,0,False,239,8,
n250-identities_c50-conc_mech-x509-1backend_valid-active_r30_audit-off_20260824T234545Z,obs_ce3ca5f165b84e9da92e2a19e48155fc,2026-08-24T23:45:45.811263+00:00,x509,valid_active,6,50,UAV-VALID,ACCEPTED,ACCEPTED,True,139170600,139.1706,75000,153000,138636900,0,226100,6000,0,0,,,,none,x509-valid_active_8,0,False,239,8,
n250-identities_c50-conc_mech-x509-1backend_valid-active_r30_audit-off_20260824T234545Z,obs_694e941350d14aefa6f94b6583bd6637,2026-08-24T23:45:45.827103+00:00,x509,valid_active,15,50,UAV-VALID,ACCEPTED,ACCEPTED,True,79338900,79.3389,37000,270300,78604300,0,282400,6800,0,0,,,,none,x509-valid_active_14,0,False,239,8,
n250-identities_c50-conc_mech-x509-1backend_valid-active_r30_audit-off_20260824T234545Z,obs_f28d1329d9f8426d950b8c5556da98b9,2026-08-24T23:45:45.835038+00:00,x509,valid_active,13,50,UAV-VALID,ACCEPTED,ACCEPTED,True,104779600,104.7796,62000,114800,104076100,0,315700,9000,0,0,,,,none,x509-valid_active_2,0,False,239,8,
n250-identities_c50-conc_mech-x509-1backend_valid-active_r30_audit-off_20260824T234545Z,obs_3f9dbf044dff41ce8aa09d6d4d0878d2,2026-08-24T23:45:45.835904+00:00,x509,valid_active,10,50,UAV-VALID,ACCEPTED,ACCEPTED,True,160126200,160.1262,50200,129700,159576700,0,264700,7400,0,0,,,,none,x509-valid_active_11,0,False,238,8,
n250-identities_c50-conc_mech-x509-1backend_valid-active_r30_audit-off_20260824T234545Z,obs_eccc652cf45143619a1492f42b1a67ba,2026-08-24T23:45:45.844591+00:00,x509,valid_active,8,50,UAV-VALID,ACCEPTED,ACCEPTED,True,93068200,93.0682,64700,88600,92591500,0,255000,7000,0,0,,,,none,x509-valid_active_0,0,False,239,8,
n250-identities_c50-conc_mech-x509-1backend_valid-active_r30_audit-off_20260824T234545Z,obs_a5698196bd874519a1c0f1f9173c2067,2026-08-24T23:45:45.845877+00:00,x509,valid_active,20,50,UAV-VALID,ACCEPTED,ACCEPTED,True,34209100,34.2091,127000,108600,33810600,0,179400,4600,0,0,,,,none,x509-valid_active_18,0,False,238,8,
n250-identities_c50-conc_mech-x509-1backend_valid-active_r30_audit-off_20260824T234545Z,obs_eefb042e574448108b1471d636f76683,2026-08-24T23:45:45.850133+00:00,x509,valid_active,24,50,UAV-VALID,ACCEPTED,ACCEPTED,True,64040400,64.0404,54000,109300,63529900,0,243900,7600,0,0,,,,none,x509-valid_active_9,0,False,238,8,
n250-identities_c50-conc_mech-x509-1backend_valid-active_r30_audit-off_20260824T234545Z,obs_78cc1dba4f4c4cc6885059eff13e984a,2026-08-24T23:45:45.851185+00:00,x509,valid_active,25,50,UAV-VALID,ACCEPTED,ACCEPTED,True,41894600,41.8946,43300,85100,41231800,0,429600,10200,0,0,,,,none,x509-valid_active_20,0,False,238,8,
n250-identities_c50-conc_mech-x509-1backend_valid-active_r30_audit-off_20260824T234545Z,obs_d9c01fc218294763bc5695bd8a2d8726,2026-08-24T23:45:45.854279+00:00,x509,valid_active,21,50,UAV-VALID,ACCEPTED,ACCEPTED,True,49382800,49.3828,53600,111900,48570700,0,460100,9500,0,0,,,,none,x509-valid_active_5,0,False,239,8,
n250-identities_c50-conc_mech-x509-1backend_valid-active_r30_audit-off_20260824T234545Z,obs_db6cd6b453a34920982b1bfcf8b72264,2026-08-24T23:45:45.857783+00:00,x509,valid_active,19,50,UAV-VALID,ACCEPTED,ACCEPTED,True,53708500,53.7085,53300,173700,53133000,0,238500,6400,0,0,,,,none,x509-valid_active_17,0,False,239,8,
n250-identities_c50-conc_mech-x509-1backend_valid-active_r30_audit-off_20260824T234545Z,obs_4c41eb59070d476db549c3e47ee4ddcc,2026-08-24T23:45:45.858832+00:00,x509,valid_active,23,50,UAV-VALID,ACCEPTED,ACCEPTED,True,41960100,41.9601,43700,134500,41410400,0,248900,6000,0,0,,,,none,x509-valid_active_6,0,False,239,8,
n250-identities_c50-conc_mech-x509-1backend_valid-active_r30_audit-off_20260824T234545Z,obs_5beb55556e604aa1aaeca4766e7f53c9,2026-08-24T23:45:45.861710+00:00,x509,valid_active,16,50,UAV-VALID,ACCEPTED,ACCEPTED,True,53021400,53.0214,48200,110500,52484100,0,274400,5900,0,0,,,,none,x509-valid_active_15,0,False,239,8,
n250-identities_c50-conc_mech-x509-1backend_valid-active_r30_audit-off_20260824T234545Z,obs_67b42bb98f83439290127d0882ba0022,2026-08-24T23:45:45.862502+00:00,x509,valid_active,18,50,UAV-VALID,ACCEPTED,ACCEPTED,True,42228400,42.2284,47300,256700,41544600,0,181900,5100,0,0,,,,none,x509-valid_active_4,0,False,238,8,
n250-identities_c50-conc_mech-x509-1backend_valid-active_r30_audit-off_20260824T234545Z,obs_f2519012e3f64e6e8300b702688408c8,2026-08-24T23:45:45.863515+00:00,x509,valid_active,17,50,UAV-VALID,ACCEPTED,ACCEPTED,True,19784600,19.7846,47500,82900,19181200,0,377600,7900,0,0,,,,none,x509-valid_active_16,0,False,239,8,
n250-identities_c50-conc_mech-x509-1backend_valid-active_r30_audit-off_20260824T234545Z,obs_341e46a849dc4337a0858ac702532db3,2026-08-24T23:45:45.864190+00:00,x509,valid_active,22,50,UAV-VALID,ACCEPTED,ACCEPTED,True,23885100,23.8851,57700,111300,23363700,0,264000,6000,0,0,,,,none,x509-valid_active_19,0,False,239,8,
n250-identities_c50-conc_mech-x509-1backend_valid-active_r30_audit-off_20260824T234545Z,obs_5b0b0e7ecf5f4a7bae0d9f4445475a77,2026-08-24T23:45:45.864834+00:00,x509,valid_active,28,50,UAV-VALID,ACCEPTED,ACCEPTED,True,26923000,26.923,57100,137300,26413200,0,227100,6100,0,0,,,,none,x509-valid_active_22,0,False,240,8,
n250-identities_c50-conc_mech-x509-1backend_valid-active_r30_audit-off_20260824T234545Z,obs_ecd175d2b2e04ce9a1ed818467ac19d5,2026-08-24T23:45:45.870825+00:00,x509,valid_active,29,50,UAV-VALID,ACCEPTED,ACCEPTED,True,15830400,15.8304,201200,86700,15276700,0,287600,6800,0,0,,,,none,x509-valid_active_1,0,False,239,8,
n250-identities_c50-conc_mech-x509-1backend_valid-active_r30_audit-off_20260824T234545Z,obs_faee4d8c0f6146c1936fd37c7908d8dc,2026-08-24T23:45:45.871730+00:00,x509,valid_active,27,50,UAV-VALID,ACCEPTED,ACCEPTED,True,16208900,16.2089,38600,120200,15668500,0,274100,7100,0,0,,,,none,x509-valid_active_21,0,False,239,8,
n250-identities_c50-conc_mech-x509-1backend_valid-active_r30_audit-off_20260824T234545Z,obs_8a763b7d4bc24dfba7f18b204134fd59,2026-08-24T23:45:45.872350+00:00,x509,valid_active,26,50,UAV-VALID,ACCEPTED,ACCEPTED,True,15415700,15.4157,50800,101900,14919500,0,248700,6100,0,0,,,,none,x509-valid_active_3,0,False,239,8,
n250-identities_c50-conc_mech-blockchain-1backend_valid-active_r30_audit-off_20260824T235055Z,obs_a852d35a96cd450baa77fd66a98dcd4b,2026-08-24T23:50:57.118360+00:00,blockchain,valid_active,3,50,UAV-VALID,ACCEPTED,ACCEPTED,True,620338600,620.3386,405300,619579200,0,10300,421300,14900,0,0,,,,none,blockchain-valid_active_5,0,False,239,8,
n250-identities_c50-conc_mech-blockchain-1backend_valid-active_r30_audit-off_20260824T235055Z,obs_9c4c9999878041d683e5b5871e363ff1,2026-08-24T23:50:57.123376+00:00,blockchain,valid_active,1,50,UAV-VALID,ACCEPTED,ACCEPTED,True,637696400,637.6964,51400,637163800,0,7400,309700,10800,0,0,,,,none,blockchain-valid_active_1,0,True,239,8,
n250-identities_c50-conc_mech-blockchain-1backend_valid-active_r30_audit-off_20260824T235055Z,obs_cfcc67f7a44144568b60c6ee891c32f4,2026-08-24T23:50:57.125502+00:00,blockchain,valid_active,0,50,UAV-VALID,ACCEPTED,ACCEPTED,True,638159800,638.1598,134900,637103100,0,5500,778500,72800,0,0,,,,none,blockchain-valid_active_2,0,False,240,8,
n250-identities_c50-conc_mech-blockchain-1backend_valid-active_r30_audit-off_20260824T235055Z,obs_54bca53afe464a94ab32a76e2553628d,2026-08-24T23:50:57.128916+00:00,blockchain,valid_active,4,50,UAV-VALID,ACCEPTED,ACCEPTED,True,613653100,613.6531,76200,613078100,0,4300,356900,9600,0,0,,,,none,blockchain-valid_active_6,0,False,239,8,
n250-identities_c50-conc_mech-blockchain-1backend_valid-active_r30_audit-off_20260824T235055Z,obs_83575f5edd2c4f01b6833f43a4e2b45b,2026-08-24T23:50:57.148434+00:00,blockchain,valid_active,12,50,UAV-VALID,ACCEPTED,ACCEPTED,True,594552400,594.5524,59800,592805100,0,5900,1021400,12700,0,0,,,,none,blockchain-valid_active_14,0,False,239,8,
n250-identities_c50-conc_mech-blockchain-1backend_valid-active_r30_audit-off_20260824T235055Z,obs_130ea85cadf84e44bd8d3e6024de213c,2026-08-24T23:50:57.180064+00:00,blockchain,valid_active,7,50,UAV-VALID,ACCEPTED,ACCEPTED,True,650065500,650.0655,78900,649493100,0,6200,326500,10300,0,0,,,,none,blockchain-valid_active_9,0,False,239,8,
n250-identities_c50-conc_mech-blockchain-1backend_valid-active_r30_audit-off_20260824T235055Z,obs_b94a89afdba54f74a6765f59e497c6b0,2026-08-24T23:50:57.234433+00:00,blockchain,valid_active,19,50,UAV-VALID,ACCEPTED,ACCEPTED,True,670332300,670.3323,62400,669490300,0,5600,343800,10000,0,0,,,,none,blockchain-valid_active_21,0,False,240,8,
n250-identities_c50-conc_mech-blockchain-1backend_valid-active_r30_audit-off_20260824T235055Z,obs_50076d1c7e5e4455a4d76fb364f6ce7e,2026-08-24T23:50:57.312587+00:00,blockchain,valid_active,16,50,UAV-VALID,ACCEPTED,ACCEPTED,True,812671400,812.6714,64300,811878000,0,5900,320100,255000,0,0,,,,none,blockchain-valid_active_18,0,False,239,8,
n250-identities_c50-conc_mech-blockchain-1backend_valid-active_r30_audit-off_20260824T235055Z,obs_2c3fbbbe36f74fc2a099000c4d551f01,2026-08-24T23:50:57.319612+00:00,blockchain,valid_active,15,50,UAV-VALID,ACCEPTED,ACCEPTED,True,636371500,636.3715,65900,635632300,0,8800,503600,10700,0,0,,,,none,blockchain-valid_active_17,0,False,239,8,
n250-identities_c50-conc_mech-blockchain-1backend_valid-active_r30_audit-off_20260824T235055Z,obs_53bf51b6289e4738a08fb47d18aa863f,2026-08-24T23:50:57.348716+00:00,blockchain,valid_active,11,50,UAV-VALID,ACCEPTED,ACCEPTED,True,811585900,811.5859,66600,810423200,0,6200,712600,11700,0,0,,,,none,blockchain-valid_active_13,0,False,240,8,
n250-identities_c50-conc_mech-blockchain-1backend_valid-active_r30_audit-off_20260824T235055Z,obs_d9b61b7a121f4dfba9ebed83b3d0cbac,2026-08-24T23:50:57.422809+00:00,blockchain,valid_active,20,50,UAV-VALID,ACCEPTED,ACCEPTED,True,837396700,837.3967,65500,836398300,0,6600,507000,66100,0,0,,,,none,blockchain-valid_active_22,0,False,240,8,
n250-identities_c50-conc_mech-blockchain-1backend_valid-active_r30_audit-off_20260824T235055Z,obs_7c5f4920ba5745de93e0619a690b5ded,2026-08-24T23:50:57.432416+00:00,blockchain,valid_active,14,50,UAV-VALID,ACCEPTED,ACCEPTED,True,751082500,751.0825,59600,750620500,0,6100,270600,8700,0,0,,,,none,blockchain-valid_active_16,0,False,239,8,
n250-identities_c50-conc_mech-blockchain-1backend_valid-active_r30_audit-off_20260824T235055Z,obs_207b3b1d6607401987b0f3410cebbae0,2026-08-24T23:50:57.452035+00:00,blockchain,valid_active,2,50,UAV-VALID,ACCEPTED,ACCEPTED,True,938973700,938.9737,75100,937718100,0,4600,835300,11900,0,0,,,,none,blockchain-valid_active_4,0,False,238,8,
n250-identities_c50-conc_mech-blockchain-1backend_valid-active_r30_audit-off_20260824T235055Z,obs_86528364c58f45569e9af2643f9be122,2026-08-24T23:50:57.462326+00:00,blockchain,valid_active,1,50,UAV-VALID,ACCEPTED,ACCEPTED,True,973007500,973.0075,66600,972415600,0,5000,381000,10900,0,0,,,,none,blockchain-valid_active_3,0,False,240,8,
n250-identities_c50-conc_mech-blockchain-1backend_valid-active_r30_audit-off_20260824T235055Z,obs_7aa9de6b9bcd42e2a0acca0f1bebedee,2026-08-24T23:50:57.471804+00:00,blockchain,valid_active,0,50,UAV-VALID,ACCEPTED,ACCEPTED,True,987727800,987.7278,74300,987236700,0,5900,265200,8200,0,0,,,,none,blockchain-valid_active_0,0,True,239,8,
n250-identities_c50-conc_mech-blockchain-1backend_valid-active_r30_audit-off_20260824T235055Z,obs_a67f02e494e84ff19e46ba07ac58ce33,2026-08-24T23:50:57.481369+00:00,blockchain,valid_active,5,50,UAV-VALID,ACCEPTED,ACCEPTED,True,948158300,948.1583,81100,947554900,0,5300,381800,11600,0,0,,,,none,blockchain-valid_active_7,0,False,240,8,
n250-identities_c50-conc_mech-blockchain-1backend_valid-active_r30_audit-off_20260824T235055Z,obs_0ccbabd2a46341f492eaa03553f3a358,2026-08-24T23:50:57.492958+00:00,blockchain,valid_active,8,50,UAV-VALID,ACCEPTED,ACCEPTED,True,961671300,961.6713,78900,960598900,0,5800,667700,13100,0,0,,,,none,blockchain-valid_active_10,0,False,239,8,
n250-identities_c50-conc_mech-blockchain-1backend_valid-active_r30_audit-off_20260824T235055Z,obs_df8d55470564457c8a523b1db695cfd6,2026-08-24T23:50:57.498094+00:00,blockchain,valid_active,27,50,UAV-VALID,ACCEPTED,ACCEPTED,True,434454100,434.4541,77100,432090200,0,4400,316000,6900,0,0,,,,none,blockchain-valid_active_29,0,False,240,8,
n250-identities_c50-conc_mech-blockchain-1backend_valid-active_r30_audit-off_20260824T235055Z,obs_8eb1d14e2fa14bc194e11f5d527dccac,2026-08-24T23:50:57.501781+00:00,blockchain,valid_active,9,50,UAV-VALID,ACCEPTED,ACCEPTED,True,911995200,911.9952,40200,911531300,0,4900,279000,7600,0,0,,,,none,blockchain-valid_active_11,0,False,239,8,
n250-identities_c50-conc_mech-blockchain-1backend_valid-active_r30_audit-off_20260824T235055Z,obs_1f19aad1740b4847b9a4bcc96041800f,2026-08-24T23:50:57.523476+00:00,blockchain,valid_active,18,50,UAV-VALID,ACCEPTED,ACCEPTED,True,939580500,939.5805,70200,939090200,0,5400,289800,7100,0,0,,,,none,blockchain-valid_active_20,0,False,239,8,
n250-identities_c50-conc_mech-blockchain-1backend_valid-active_r30_audit-off_20260824T235055Z,obs_676d2df409da4934b43ea3e93d89f1ea,2026-08-24T23:50:57.530640+00:00,blockchain,valid_active,24,50,UAV-VALID,ACCEPTED,ACCEPTED,True,609142200,609.1422,61800,608250300,0,6100,403600,23000,0,0,,,,none,blockchain-valid_active_26,0,False,238,8,
n250-identities_c50-conc_mech-blockchain-1backend_valid-active_r30_audit-off_20260824T235055Z,obs_9381f59d5a5c4dc6bc97e9718cc44b2d,2026-08-24T23:50:57.542696+00:00,blockchain,valid_active,10,50,UAV-VALID,ACCEPTED,ACCEPTED,True,1007544600,1007.5446,68200,1006322500,0,4500,702200,14800,0,0,,,,none,blockchain-valid_active_12,0,False,238,8,
n250-identities_c50-conc_mech-blockchain-1backend_valid-active_r30_audit-off_20260824T235055Z,obs_f23819c2094944aaad2034708d002fdd,2026-08-24T23:50:57.551097+00:00,blockchain,valid_active,17,50,UAV-VALID,ACCEPTED,ACCEPTED,True,955278400,955.2784,69700,954772400,0,5400,285700,8900,0,0,,,,none,blockchain-valid_active_19,0,False,239,8,
n250-identities_c50-conc_mech-blockchain-1backend_valid-active_r30_audit-off_20260824T235055Z,obs_f70c6f5040cf45aabdc1bb0e958d999f,2026-08-24T23:50:57.556626+00:00,blockchain,valid_active,23,50,UAV-VALID,ACCEPTED,ACCEPTED,True,691729600,691.7296,71300,691247900,0,4000,280600,8000,0,0,,,,none,blockchain-valid_active_25,0,False,239,8,
n250-identities_c50-conc_mech-blockchain-1backend_valid-active_r30_audit-off_20260824T235055Z,obs_21779459932548588454ef9f80e916da,2026-08-24T23:50:57.564893+00:00,blockchain,valid_active,6,50,UAV-VALID,ACCEPTED,ACCEPTED,True,1037822900,1037.8229,74000,1037022100,0,17100,543400,13200,0,0,,,,none,blockchain-valid_active_8,0,False,240,8,
n250-identities_c50-conc_mech-blockchain-1backend_valid-active_r30_audit-off_20260824T235055Z,obs_853778f95ea84f9fb6a933aaea36220b,2026-08-24T23:50:57.570640+00:00,blockchain,valid_active,13,50,UAV-VALID,ACCEPTED,ACCEPTED,True,890856200,890.8562,64100,889844300,0,5700,557900,21200,0,0,,,,none,blockchain-valid_active_15,0,False,239,8,
n250-identities_c50-conc_mech-blockchain-1backend_valid-active_r30_audit-off_20260824T235055Z,obs_f26da2af64f8404cb613dbc7919dcb78,2026-08-24T23:50:57.583500+00:00,blockchain,valid_active,28,50,UAV-VALID,ACCEPTED,ACCEPTED,True,442997300,442.9973,65900,442360300,0,6000,422200,11800,0,0,,,,none,blockchain-valid_active_30,0,False,240,8,
n250-identities_c50-conc_mech-blockchain-1backend_valid-active_r30_audit-off_20260824T235055Z,obs_0ab7d073fe32480eaaf5d8e9fe7f0341,2026-08-24T23:50:57.586420+00:00,blockchain,valid_active,21,50,UAV-VALID,ACCEPTED,ACCEPTED,True,809427100,809.4271,93900,808917500,0,6000,308000,9400,0,0,,,,none,blockchain-valid_active_23,0,False,238,8,
n250-identities_c50-conc_mech-blockchain-1backend_valid-active_r30_audit-off_20260824T235055Z,obs_f7940c7ef1ad4a87809e2ee1b16b3555,2026-08-24T23:50:57.598758+00:00,blockchain,valid_active,22,50,UAV-VALID,ACCEPTED,ACCEPTED,True,691516400,691.5164,60600,691008200,0,5500,318900,7500,0,0,,,,none,blockchain-valid_active_24,0,False,240,8,
n250-identities_c50-conc_mech-blockchain-1backend_valid-active_r30_audit-off_20260824T235055Z,obs_b5f63976d24548bc963e1d3709688574,2026-08-24T23:50:57.611939+00:00,blockchain,valid_active,25,50,UAV-VALID,ACCEPTED,ACCEPTED,True,542278800,542.2788,71400,541630500,0,5800,305400,8700,0,0,,,,none,blockchain-valid_active_27,0,False,239,8,
n250-identities_c50-conc_mech-blockchain-1backend_valid-active_r30_audit-off_20260824T235055Z,obs_1e926c85d9e64deaad6efa666b703f13,2026-08-24T23:50:57.618853+00:00,blockchain,valid_active,26,50,UAV-VALID,ACCEPTED,ACCEPTED,True,658962400,658.9624,85000,658399900,0,5100,330700,9500,0,0,,,,none,blockchain-valid_active_28,0,False,239,8,
n250-identities_c50-conc_mech-blockchain-1backend_valid-active_r30_audit-off_20260824T235055Z,obs_e19f8b7480a748d7998166f0020f53a5,2026-08-24T23:50:57.622081+00:00,blockchain,valid_active,29,50,UAV-VALID,ACCEPTED,ACCEPTED,True,290203000,290.203,227500,289613600,0,5900,343400,23900,0,0,,,,none,blockchain-valid_active_31,0,False,239,8,
n500-identities_c1-conc_mech-x509-1backend_valid-active_r30_audit-off_20260824T234555Z,obs_fbbb80f5f7ce4f8da6536addc9d66c1e,2026-08-24T23:45:55.778789+00:00,x509,valid_active,0,1,UAV-VALID,ACCEPTED,ACCEPTED,True,5226400,5.2264,85300,252200,4233300,0,492500,12400,0,0,,,,none,x509-valid_active_0,0,True,240,8,
n500-identities_c1-conc_mech-x509-1backend_valid-active_r30_audit-off_20260824T234555Z,obs_e2f4477ea17f41049348714c6a123d66,2026-08-24T23:45:55.815604+00:00,x509,valid_active,1,1,UAV-VALID,ACCEPTED,ACCEPTED,True,7802900,7.8029,141900,508500,6483600,0,337400,10600,0,0,,,,none,x509-valid_active_0,0,True,238,8,
n500-identities_c1-conc_mech-x509-1backend_valid-active_r30_audit-off_20260824T234555Z,obs_f571050f56ab400b83aeaad12b07df8a,2026-08-24T23:45:55.840842+00:00,x509,valid_active,0,1,UAV-VALID,ACCEPTED,ACCEPTED,True,6070800,6.0708,106000,254700,4711500,0,754000,11800,0,0,,,,none,x509-valid_active_0,0,False,239,8,
n500-identities_c1-conc_mech-x509-1backend_valid-active_r30_audit-off_20260824T234555Z,obs_b042c62b021d47349d5f5a3898461d88,2026-08-24T23:45:55.904436+00:00,x509,valid_active,1,1,UAV-VALID,ACCEPTED,ACCEPTED,True,8345100,8.3451,81900,158900,7610600,0,348800,11800,0,0,,,,none,x509-valid_active_0,0,False,239,8,
n500-identities_c1-conc_mech-x509-1backend_valid-active_r30_audit-off_20260824T234555Z,obs_aee64ceb88b248f08795e7f6e95176a7,2026-08-24T23:45:55.934872+00:00,x509,valid_active,2,1,UAV-VALID,ACCEPTED,ACCEPTED,True,6157400,6.1574,81800,453800,5062000,0,335700,9600,0,0,,,,none,x509-valid_active_0,0,False,239,8,
n500-identities_c1-conc_mech-x509-1backend_valid-active_r30_audit-off_20260824T234555Z,obs_0f7e8a888d1c4c248385352c42f7a074,2026-08-24T23:45:55.980307+00:00,x509,valid_active,3,1,UAV-VALID,ACCEPTED,ACCEPTED,True,4493900,4.4939,99700,139400,3731700,0,394400,12100,0,0,,,,none,x509-valid_active_0,0,False,238,8,
n500-identities_c1-conc_mech-x509-1backend_valid-active_r30_audit-off_20260824T234555Z,obs_6feac4f486e5452a9b3014304f938ab7,2026-08-24T23:45:56.000549+00:00,x509,valid_active,4,1,UAV-VALID,ACCEPTED,ACCEPTED,True,5357300,5.3573,84500,176300,4647300,0,326200,9400,0,0,,,,none,x509-valid_active_0,0,False,239,8,
n500-identities_c1-conc_mech-x509-1backend_valid-active_r30_audit-off_20260824T234555Z,obs_1b827476b6f94d688ab24fbc7c664be3,2026-08-24T23:45:56.020471+00:00,x509,valid_active,5,1,UAV-VALID,ACCEPTED,ACCEPTED,True,4209300,4.2093,79800,177500,2670800,0,1013800,54900,0,0,,,,none,x509-valid_active_0,0,False,238,8,
n500-identities_c1-conc_mech-x509-1backend_valid-active_r30_audit-off_20260824T234555Z,obs_aafbee74b0cf4c0cb04907acad7d91a3,2026-08-24T23:45:56.037609+00:00,x509,valid_active,6,1,UAV-VALID,ACCEPTED,ACCEPTED,True,3364000,3.364,72500,137100,2609000,0,420800,19600,0,0,,,,none,x509-valid_active_0,0,False,239,8,
n500-identities_c1-conc_mech-x509-1backend_valid-active_r30_audit-off_20260824T234555Z,obs_94b8c0f13bc44b37ad662a8b9c013cb8,2026-08-24T23:45:56.054253+00:00,x509,valid_active,7,1,UAV-VALID,ACCEPTED,ACCEPTED,True,3804800,3.8048,103200,158900,3079400,0,338000,9000,0,0,,,,none,x509-valid_active_0,0,False,238,8,
n500-identities_c1-conc_mech-x509-1backend_valid-active_r30_audit-off_20260824T234555Z,obs_cacf48540ccb4956b063c536e42fa99c,2026-08-24T23:45:56.072108+00:00,x509,valid_active,8,1,UAV-VALID,ACCEPTED,ACCEPTED,True,3355700,3.3557,77000,151000,2711800,0,290800,9000,0,0,,,,none,x509-valid_active_0,0,False,238,8,
n500-identities_c1-conc_mech-x509-1backend_valid-active_r30_audit-off_20260824T234555Z,obs_a826e15cad7b4c50821929c5ce54018b,2026-08-24T23:45:56.091116+00:00,x509,valid_active,9,1,UAV-VALID,ACCEPTED,ACCEPTED,True,3018400,3.0184,80900,175000,2347200,0,304200,9200,0,0,,,,none,x509-valid_active_0,0,False,239,8,
n500-identities_c1-conc_mech-x509-1backend_valid-active_r30_audit-off_20260824T234555Z,obs_8c420838bd844370ba17e8c8632ff23e,2026-08-24T23:45:56.113698+00:00,x509,valid_active,10,1,UAV-VALID,ACCEPTED,ACCEPTED,True,4817500,4.8175,71100,131000,4087200,0,345600,9700,0,0,,,,none,x509-valid_active_0,0,False,240,8,
n500-identities_c1-conc_mech-x509-1backend_valid-active_r30_audit-off_20260824T234555Z,obs_10b232154e21427f874cc6435cce2bd9,2026-08-24T23:45:56.131077+00:00,x509,valid_active,11,1,UAV-VALID,ACCEPTED,ACCEPTED,True,4918000,4.918,68500,244200,4183200,0,296800,8900,0,0,,,,none,x509-valid_active_0,0,False,239,8,
n500-identities_c1-conc_mech-x509-1backend_valid-active_r30_audit-off_20260824T234555Z,obs_3627abee7eea468a9a8102178cafe9e9,2026-08-24T23:45:56.153897+00:00,x509,valid_active,12,1,UAV-VALID,ACCEPTED,ACCEPTED,True,4019800,4.0198,93900,127100,3210400,0,402800,9000,0,0,,,,none,x509-valid_active_0,0,False,240,8,
n500-identities_c1-conc_mech-x509-1backend_valid-active_r30_audit-off_20260824T234555Z,obs_e9a242fa152042deb68325d729d84534,2026-08-24T23:45:56.184210+00:00,x509,valid_active,13,1,UAV-VALID,ACCEPTED,ACCEPTED,True,10656800,10.6568,70000,158800,8633600,0,1550700,18600,0,0,,,,none,x509-valid_active_0,0,False,239,8,
n500-identities_c1-conc_mech-x509-1backend_valid-active_r30_audit-off_20260824T234555Z,obs_e87a84925a044654a7fd873ae7a2e052,2026-08-24T23:45:56.225846+00:00,x509,valid_active,14,1,UAV-VALID,ACCEPTED,ACCEPTED,True,4613000,4.613,133500,486500,3575900,0,281500,9100,0,0,,,,none,x509-valid_active_0,0,False,238,8,
n500-identities_c1-conc_mech-x509-1backend_valid-active_r30_audit-off_20260824T234555Z,obs_b89f745285a448a6af0645c242887c8a,2026-08-24T23:45:56.304070+00:00,x509,valid_active,15,1,UAV-VALID,ACCEPTED,ACCEPTED,True,4121400,4.1214,71300,142300,3475000,0,306000,9400,0,0,,,,none,x509-valid_active_0,0,False,239,8,
n500-identities_c1-conc_mech-x509-1backend_valid-active_r30_audit-off_20260824T234555Z,obs_fddf201d1d81400abd87a25e16bef57d,2026-08-24T23:45:56.324703+00:00,x509,valid_active,16,1,UAV-VALID,ACCEPTED,ACCEPTED,True,3624400,3.6244,78800,140700,2970300,0,310000,9900,0,0,,,,none,x509-valid_active_0,0,False,238,8,
n500-identities_c1-conc_mech-x509-1backend_valid-active_r30_audit-off_20260824T234555Z,obs_3a466ded323147609ccf2a2f39b86638,2026-08-24T23:45:56.344193+00:00,x509,valid_active,17,1,UAV-VALID,ACCEPTED,ACCEPTED,True,3675700,3.6757,58200,140400,2697900,0,601000,11600,0,0,,,,none,x509-valid_active_0,0,False,239,8,
n500-identities_c1-conc_mech-x509-1backend_valid-active_r30_audit-off_20260824T234555Z,obs_091cefae88a54ae98a625ac944656d75,2026-08-24T23:45:56.370922+00:00,x509,valid_active,18,1,UAV-VALID,ACCEPTED,ACCEPTED,True,4970000,4.97,77900,249400,4044700,0,348900,11400,0,0,,,,none,x509-valid_active_0,0,False,239,8,
n500-identities_c1-conc_mech-x509-1backend_valid-active_r30_audit-off_20260824T234555Z,obs_ad28aa40adb94631b391a7c3bef9d3de,2026-08-24T23:45:56.400373+00:00,x509,valid_active,19,1,UAV-VALID,ACCEPTED,ACCEPTED,True,4970600,4.9706,76800,190800,4226100,0,326200,9700,0,0,,,,none,x509-valid_active_0,0,False,239,8,
n500-identities_c1-conc_mech-x509-1backend_valid-active_r30_audit-off_20260824T234555Z,obs_ffa59129dcac4406a812bd28ece4686b,2026-08-24T23:45:56.432239+00:00,x509,valid_active,20,1,UAV-VALID,ACCEPTED,ACCEPTED,True,3500500,3.5005,72400,215900,2776000,0,309200,8500,0,0,,,,none,x509-valid_active_0,0,False,240,8,
n500-identities_c1-conc_mech-x509-1backend_valid-active_r30_audit-off_20260824T234555Z,obs_8c8180df798746fc80d9e3c7cc265144,2026-08-24T23:45:56.451586+00:00,x509,valid_active,21,1,UAV-VALID,ACCEPTED,ACCEPTED,True,3556400,3.5564,68600,279300,2761500,0,318800,7300,0,0,,,,none,x509-valid_active_0,0,False,239,8,
n500-identities_c1-conc_mech-x509-1backend_valid-active_r30_audit-off_20260824T234555Z,obs_434050a985944ecf8a37f4ea8d12d767,2026-08-24T23:45:56.475576+00:00,x509,valid_active,22,1,UAV-VALID,ACCEPTED,ACCEPTED,True,7709900,7.7099,86000,184600,6508500,0,325900,8900,0,0,,,,none,x509-valid_active_0,0,False,238,8,
n500-identities_c1-conc_mech-x509-1backend_valid-active_r30_audit-off_20260824T234555Z,obs_991d7f05e81e400089f4fd94660fa628,2026-08-24T23:45:56.506884+00:00,x509,valid_active,23,1,UAV-VALID,ACCEPTED,ACCEPTED,True,3544700,3.5447,84500,143900,2780500,0,406900,10000,0,0,,,,none,x509-valid_active_0,0,False,239,8,
n500-identities_c1-conc_mech-x509-1backend_valid-active_r30_audit-off_20260824T234555Z,obs_11913612caea42638336cdaabe9cef69,2026-08-24T23:45:56.529135+00:00,x509,valid_active,24,1,UAV-VALID,ACCEPTED,ACCEPTED,True,4232700,4.2327,70500,134800,3576500,0,324100,8700,0,0,,,,none,x509-valid_active_0,0,False,239,8,
n500-identities_c1-conc_mech-x509-1backend_valid-active_r30_audit-off_20260824T234555Z,obs_d058dcca401e47579b49ad0cfa137161,2026-08-24T23:45:56.547182+00:00,x509,valid_active,25,1,UAV-VALID,ACCEPTED,ACCEPTED,True,5332900,5.3329,58700,156800,4510400,0,441200,10400,0,0,,,,none,x509-valid_active_0,0,False,239,8,
n500-identities_c1-conc_mech-x509-1backend_valid-active_r30_audit-off_20260824T234555Z,obs_ad463a093c1647b3bee6876fcca03fd0,2026-08-24T23:45:56.568660+00:00,x509,valid_active,26,1,UAV-VALID,ACCEPTED,ACCEPTED,True,8196300,8.1963,66800,228100,7301800,0,368200,8900,0,0,,,,none,x509-valid_active_0,0,False,239,8,
n500-identities_c1-conc_mech-x509-1backend_valid-active_r30_audit-off_20260824T234555Z,obs_c4292b2c1e624bc4925157d175c72d0f,2026-08-24T23:45:56.591195+00:00,x509,valid_active,27,1,UAV-VALID,ACCEPTED,ACCEPTED,True,2753900,2.7539,76100,126000,2183100,0,233700,5900,0,0,,,,none,x509-valid_active_0,0,False,239,8,
n500-identities_c1-conc_mech-x509-1backend_valid-active_r30_audit-off_20260824T234555Z,obs_d221aa1ccd034ad6a40e97d07f16db50,2026-08-24T23:45:56.612495+00:00,x509,valid_active,28,1,UAV-VALID,ACCEPTED,ACCEPTED,True,4168600,4.1686,53000,90400,3370300,0,402700,47400,0,0,,,,none,x509-valid_active_0,0,False,240,8,
n500-identities_c1-conc_mech-x509-1backend_valid-active_r30_audit-off_20260824T234555Z,obs_9c774d4cbc48427489b543502db82544,2026-08-24T23:45:56.628914+00:00,x509,valid_active,29,1,UAV-VALID,ACCEPTED,ACCEPTED,True,3997900,3.9979,48400,88400,3392000,0,329500,8000,0,0,,,,none,x509-valid_active_0,0,False,238,8,
n500-identities_c1-conc_mech-blockchain-1backend_valid-active_r30_audit-off_20260824T235102Z,obs_25dbc70a969447db8743bcba6d9565b1,2026-08-24T23:51:02.498233+00:00,blockchain,valid_active,0,1,UAV-VALID,ACCEPTED,ACCEPTED,True,25908100,25.9081,62200,25363100,0,5300,305600,10300,0,0,,,,none,blockchain-valid_active_0,0,True,239,8,
n500-identities_c1-conc_mech-blockchain-1backend_valid-active_r30_audit-off_20260824T235102Z,obs_bf523c5e768441508cd14d7cc482e0e3,2026-08-24T23:51:02.534890+00:00,blockchain,valid_active,1,1,UAV-VALID,ACCEPTED,ACCEPTED,True,26652700,26.6527,67200,26168500,0,5100,295000,6800,0,0,,,,none,blockchain-valid_active_0,0,True,239,8,
n500-identities_c1-conc_mech-blockchain-1backend_valid-active_r30_audit-off_20260824T235102Z,obs_264d3222762c42b7b7dd94bf5646d3e0,2026-08-24T23:51:02.583774+00:00,blockchain,valid_active,0,1,UAV-VALID,ACCEPTED,ACCEPTED,True,31139500,31.1395,100200,30586300,0,5100,314100,8100,0,0,,,,none,blockchain-valid_active_0,0,False,239,8,
n500-identities_c1-conc_mech-blockchain-1backend_valid-active_r30_audit-off_20260824T235102Z,obs_1a55ea95ba2e43ff99bc40131ebcc8ed,2026-08-24T23:51:02.633016+00:00,blockchain,valid_active,1,1,UAV-VALID,ACCEPTED,ACCEPTED,True,33203800,33.2038,61300,32718000,0,4900,290900,8300,0,0,,,,none,blockchain-valid_active_0,0,False,240,8,
n500-identities_c1-conc_mech-blockchain-1backend_valid-active_r30_audit-off_20260824T235102Z,obs_a126b73dca824a36ad4c569ef2676cda,2026-08-24T23:51:02.681081+00:00,blockchain,valid_active,2,1,UAV-VALID,ACCEPTED,ACCEPTED,True,29504300,29.5043,93300,28890400,0,5900,394600,11600,0,0,,,,none,blockchain-valid_active_0,0,False,239,8,
n500-identities_c1-conc_mech-blockchain-1backend_valid-active_r30_audit-off_20260824T235102Z,obs_e93add8a09ec4648a8707728688d3c4b,2026-08-24T23:51:02.719099+00:00,blockchain,valid_active,3,1,UAV-VALID,ACCEPTED,ACCEPTED,True,26907900,26.9079,67800,26310900,0,4800,386200,9700,0,0,,,,none,blockchain-valid_active_0,0,False,239,8,
n500-identities_c1-conc_mech-blockchain-1backend_valid-active_r30_audit-off_20260824T235102Z,obs_6ae78fd544944c74b5e626fd4573e1ce,2026-08-24T23:51:02.752583+00:00,blockchain,valid_active,4,1,UAV-VALID,ACCEPTED,ACCEPTED,True,23882600,23.8826,54800,23288000,0,5200,382200,11800,0,0,,,,none,blockchain-valid_active_0,0,False,240,8,
n500-identities_c1-conc_mech-blockchain-1backend_valid-active_r30_audit-off_20260824T235102Z,obs_ebdb92617444490fa22855294c046c2d,2026-08-24T23:51:02.795282+00:00,blockchain,valid_active,5,1,UAV-VALID,ACCEPTED,ACCEPTED,True,24064700,24.0647,74800,23420300,0,6600,436900,9800,0,0,,,,none,blockchain-valid_active_0,0,False,240,8,
n500-identities_c1-conc_mech-blockchain-1backend_valid-active_r30_audit-off_20260824T235102Z,obs_183481478cbc4269ac795d528b2fb160,2026-08-24T23:51:02.830768+00:00,blockchain,valid_active,6,1,UAV-VALID,ACCEPTED,ACCEPTED,True,25471000,25.471,60700,24979900,0,5300,300000,7900,0,0,,,,none,blockchain-valid_active_0,0,False,239,8,
n500-identities_c1-conc_mech-blockchain-1backend_valid-active_r30_audit-off_20260824T235102Z,obs_a95f526ba052433e8ba83ec973b0b05d,2026-08-24T23:51:02.864550+00:00,blockchain,valid_active,7,1,UAV-VALID,ACCEPTED,ACCEPTED,True,25217400,25.2174,58000,24681500,0,5600,323100,9500,0,0,,,,none,blockchain-valid_active_0,0,False,240,8,
n500-identities_c1-conc_mech-blockchain-1backend_valid-active_r30_audit-off_20260824T235102Z,obs_82979c0289854ccfbe80e1cf6910cc1f,2026-08-24T23:51:02.896575+00:00,blockchain,valid_active,8,1,UAV-VALID,ACCEPTED,ACCEPTED,True,22384100,22.3841,66200,22014400,0,3600,222500,5100,0,0,,,,none,blockchain-valid_active_0,0,False,240,8,
n500-identities_c1-conc_mech-blockchain-1backend_valid-active_r30_audit-off_20260824T235102Z,obs_f7924c73057549c7995bc9a7e9a27f0a,2026-08-24T23:51:02.930277+00:00,blockchain,valid_active,9,1,UAV-VALID,ACCEPTED,ACCEPTED,True,24713700,24.7137,61400,24219300,0,4700,282200,8700,0,0,,,,none,blockchain-valid_active_0,0,False,239,8,
n500-identities_c1-conc_mech-blockchain-1backend_valid-active_r30_audit-off_20260824T235102Z,obs_58bf3234ca564a42b81d16a6361be76e,2026-08-24T23:51:02.994250+00:00,blockchain,valid_active,10,1,UAV-VALID,ACCEPTED,ACCEPTED,True,54477000,54.477,55100,53991300,0,4500,306000,6100,0,0,,,,none,blockchain-valid_active_0,0,False,238,8,
n500-identities_c1-conc_mech-blockchain-1backend_valid-active_r30_audit-off_20260824T235102Z,obs_9bab2d57c4674f56864a45be063781cc,2026-08-24T23:51:03.049522+00:00,blockchain,valid_active,11,1,UAV-VALID,ACCEPTED,ACCEPTED,True,45465000,45.465,63800,44950100,0,7000,312100,10200,0,0,,,,none,blockchain-valid_active_0,0,False,238,8,
n500-identities_c1-conc_mech-blockchain-1backend_valid-active_r30_audit-off_20260824T235102Z,obs_4d4855d395e44d2aa485143eade54876,2026-08-24T23:51:03.086895+00:00,blockchain,valid_active,12,1,UAV-VALID,ACCEPTED,ACCEPTED,True,25867800,25.8678,52700,25379400,0,5500,309400,9900,0,0,,,,none,blockchain-valid_active_0,0,False,239,8,
n500-identities_c1-conc_mech-blockchain-1backend_valid-active_r30_audit-off_20260824T235102Z,obs_4ee6e0efac174dfc97461fad062506c3,2026-08-24T23:51:03.127150+00:00,blockchain,valid_active,13,1,UAV-VALID,ACCEPTED,ACCEPTED,True,24998800,24.9988,64300,24504900,0,5200,315800,7200,0,0,,,,none,blockchain-valid_active_0,0,False,239,8,
n500-identities_c1-conc_mech-blockchain-1backend_valid-active_r30_audit-off_20260824T235102Z,obs_fdfc25224be4452a85241e95df52fe22,2026-08-24T23:51:03.165315+00:00,blockchain,valid_active,14,1,UAV-VALID,ACCEPTED,ACCEPTED,True,26424500,26.4245,61100,25905100,0,5900,309400,9300,0,0,,,,none,blockchain-valid_active_0,0,False,239,8,
n500-identities_c1-conc_mech-blockchain-1backend_valid-active_r30_audit-off_20260824T235102Z,obs_10d11829222a4e12b0c940065d105683,2026-08-24T23:51:03.201686+00:00,blockchain,valid_active,15,1,UAV-VALID,ACCEPTED,ACCEPTED,True,25414500,25.4145,67700,24932300,0,5300,283600,8600,0,0,,,,none,blockchain-valid_active_0,0,False,239,8,
n500-identities_c1-conc_mech-blockchain-1backend_valid-active_r30_audit-off_20260824T235102Z,obs_41b30259b3b243e48254f904cef5ce93,2026-08-24T23:51:03.239307+00:00,blockchain,valid_active,16,1,UAV-VALID,ACCEPTED,ACCEPTED,True,25938500,25.9385,102300,25414400,0,5700,308700,9700,0,0,,,,none,blockchain-valid_active_0,0,False,240,8,
n500-identities_c1-conc_mech-blockchain-1backend_valid-active_r30_audit-off_20260824T235102Z,obs_bbfbaa1a488041bcb0c1c1931d635c74,2026-08-24T23:51:03.298974+00:00,blockchain,valid_active,17,1,UAV-VALID,ACCEPTED,ACCEPTED,True,41887900,41.8879,320400,39606000,0,5300,295400,8200,0,0,,,,none,blockchain-valid_active_0,0,False,238,8,
n500-identities_c1-conc_mech-blockchain-1backend_valid-active_r30_audit-off_20260824T235102Z,obs_1d22751df6174f8da0969683a8bb29d0,2026-08-24T23:51:03.337021+00:00,blockchain,valid_active,18,1,UAV-VALID,ACCEPTED,ACCEPTED,True,25528300,25.5283,58700,24765300,0,5100,527100,9400,0,0,,,,none,blockchain-valid_active_0,0,False,239,8,
n500-identities_c1-conc_mech-blockchain-1backend_valid-active_r30_audit-off_20260824T235102Z,obs_64f2317c72fe4775b302b6e5012434d4,2026-08-24T23:51:03.375371+00:00,blockchain,valid_active,19,1,UAV-VALID,ACCEPTED,ACCEPTED,True,24191900,24.1919,70900,23664000,0,4400,308000,9100,0,0,,,,none,blockchain-valid_active_0,0,False,239,8,
n500-identities_c1-conc_mech-blockchain-1backend_valid-active_r30_audit-off_20260824T235102Z,obs_2eed243fdd754190908d08866420e418,2026-08-24T23:51:03.405925+00:00,blockchain,valid_active,20,1,UAV-VALID,ACCEPTED,ACCEPTED,True,20293000,20.293,46800,19945300,0,3000,220400,5200,0,0,,,,none,blockchain-valid_active_0,0,False,239,8,
n500-identities_c1-conc_mech-blockchain-1backend_valid-active_r30_audit-off_20260824T235102Z,obs_eec61100d76b4b2494ea17a206171045,2026-08-24T23:51:03.443039+00:00,blockchain,valid_active,21,1,UAV-VALID,ACCEPTED,ACCEPTED,True,26025100,26.0251,47700,25393900,0,6500,403300,10700,0,0,,,,none,blockchain-valid_active_0,0,False,238,8,
n500-identities_c1-conc_mech-blockchain-1backend_valid-active_r30_audit-off_20260824T235102Z,obs_174a59278c144ba9a419b1b20863e00b,2026-08-24T23:51:03.476865+00:00,blockchain,valid_active,22,1,UAV-VALID,ACCEPTED,ACCEPTED,True,22914700,22.9147,66200,22459500,0,4800,292600,7400,0,0,,,,none,blockchain-valid_active_0,0,False,239,8,
n500-identities_c1-conc_mech-blockchain-1backend_valid-active_r30_audit-off_20260824T235102Z,obs_7e21098649bf4e75ba07373e5b752d75,2026-08-24T23:51:03.550333+00:00,blockchain,valid_active,23,1,UAV-VALID,ACCEPTED,ACCEPTED,True,64040400,64.0404,58100,63418200,0,5600,407400,11100,0,0,,,,none,blockchain-valid_active_0,0,False,240,8,
n500-identities_c1-conc_mech-blockchain-1backend_valid-active_r30_audit-off_20260824T235102Z,obs_506a9377144b44d79db77933b88ae91e,2026-08-24T23:51:03.596998+00:00,blockchain,valid_active,24,1,UAV-VALID,ACCEPTED,ACCEPTED,True,26272800,26.2728,71400,25759800,0,6000,300400,8600,0,0,,,,none,blockchain-valid_active_0,0,False,240,8,
n500-identities_c1-conc_mech-blockchain-1backend_valid-active_r30_audit-off_20260824T235102Z,obs_8312d2252807417db855167b61ca8513,2026-08-24T23:51:03.633816+00:00,blockchain,valid_active,25,1,UAV-VALID,ACCEPTED,ACCEPTED,True,26986900,26.9869,103700,26442300,0,5200,294400,9400,0,0,,,,none,blockchain-valid_active_0,0,False,239,8,
n500-identities_c1-conc_mech-blockchain-1backend_valid-active_r30_audit-off_20260824T235102Z,obs_5e850e5c5c414c469421f422380eef44,2026-08-24T23:51:03.670261+00:00,blockchain,valid_active,26,1,UAV-VALID,ACCEPTED,ACCEPTED,True,24811100,24.8111,63400,24336900,0,4500,299800,9000,0,0,,,,none,blockchain-valid_active_0,0,False,238,8,
n500-identities_c1-conc_mech-blockchain-1backend_valid-active_r30_audit-off_20260824T235102Z,obs_f214530255124375a7000993b010668d,2026-08-24T23:51:03.706650+00:00,blockchain,valid_active,27,1,UAV-VALID,ACCEPTED,ACCEPTED,True,20879500,20.8795,63700,20332800,0,6100,344800,7600,0,0,,,,none,blockchain-valid_active_0,0,False,240,8,
n500-identities_c1-conc_mech-blockchain-1backend_valid-active_r30_audit-off_20260824T235102Z,obs_d0530cf03f294a82b99fb530ab7ffa08,2026-08-24T23:51:03.736624+00:00,blockchain,valid_active,28,1,UAV-VALID,ACCEPTED,ACCEPTED,True,21381800,21.3818,60800,20910700,0,4900,294800,8500,0,0,,,,none,blockchain-valid_active_0,0,False,240,8,
n500-identities_c1-conc_mech-blockchain-1backend_valid-active_r30_audit-off_20260824T235102Z,obs_944eae8a89154667859a2ad2b41ad71f,2026-08-24T23:51:03.768704+00:00,blockchain,valid_active,29,1,UAV-VALID,ACCEPTED,ACCEPTED,True,21857700,21.8577,62700,21442100,0,3800,245200,5600,0,0,,,,none,blockchain-valid_active_0,0,False,238,8,
n500-identities_c5-conc_mech-x509-1backend_valid-active_r30_audit-off_20260824T234601Z,obs_24b7d814f3a6469eb6d3a3b2a7dbb3b1,2026-08-24T23:46:02.153639+00:00,x509,valid_active,1,5,UAV-VALID,ACCEPTED,ACCEPTED,True,24956900,24.9569,87200,178400,24417700,0,206200,5600,0,0,,,,none,x509-valid_active_1,0,True,238,8,
n500-identities_c5-conc_mech-x509-1backend_valid-active_r30_audit-off_20260824T234601Z,obs_976e128e9b6a4d2aa4b7c5e79b44574d,2026-08-24T23:46:02.154817+00:00,x509,valid_active,0,5,UAV-VALID,ACCEPTED,ACCEPTED,True,34910800,34.9108,63900,189800,34201100,0,282000,6900,0,0,,,,none,x509-valid_active_0,0,True,239,8,
n500-identities_c5-conc_mech-x509-1backend_valid-active_r30_audit-off_20260824T234601Z,obs_4799ec3b34fd4be19d73bd7efd894688,2026-08-24T23:46:02.167124+00:00,x509,valid_active,0,5,UAV-VALID,ACCEPTED,ACCEPTED,True,16839000,16.839,50600,103200,16278500,0,281700,7000,0,0,,,,none,x509-valid_active_2,0,False,238,8,
n500-identities_c5-conc_mech-x509-1backend_valid-active_r30_audit-off_20260824T234601Z,obs_ae5218764e2f4172a7777dc64f4cfb6e,2026-08-24T23:46:02.168012+00:00,x509,valid_active,2,5,UAV-VALID,ACCEPTED,ACCEPTED,True,15853100,15.8531,52300,118000,15289000,0,287200,7000,0,0,,,,none,x509-valid_active_4,0,False,240,8,
n500-identities_c5-conc_mech-x509-1backend_valid-active_r30_audit-off_20260824T234601Z,obs_a36aa58698924b38a652f1adb9401f18,2026-08-24T23:46:02.178330+00:00,x509,valid_active,1,5,UAV-VALID,ACCEPTED,ACCEPTED,True,25536900,25.5369,50400,99100,24977600,0,292200,7600,0,0,,,,none,x509-valid_active_3,0,False,240,8,
n500-identities_c5-conc_mech-x509-1backend_valid-active_r30_audit-off_20260824T234601Z,obs_affa0058000f45f2b256f2747b27978e,2026-08-24T23:46:02.343365+00:00,x509,valid_active,4,5,UAV-VALID,ACCEPTED,ACCEPTED,True,29998500,29.9985,181400,142900,29174000,0,375800,11200,0,0,,,,none,x509-valid_active_0,0,False,240,8,
n500-identities_c5-conc_mech-x509-1backend_valid-active_r30_audit-off_20260824T234601Z,obs_3b0f8e4ece42482595821f276a269502,2026-08-24T23:46:02.347704+00:00,x509,valid_active,3,5,UAV-VALID,ACCEPTED,ACCEPTED,True,32538200,32.5382,68300,134900,31837600,0,333800,10200,0,0,,,,none,x509-valid_active_1,0,False,239,8,
n500-identities_c5-conc_mech-x509-1backend_valid-active_r30_audit-off_20260824T234601Z,obs_4868ff2f80ba4087afbc1ed9dea6bb15,2026-08-24T23:46:02.397028+00:00,x509,valid_active,8,5,UAV-VALID,ACCEPTED,ACCEPTED,True,17091700,17.0917,63200,186700,16300900,0,361000,9300,0,0,,,,none,x509-valid_active_0,0,False,238,8,
n500-identities_c5-conc_mech-x509-1backend_valid-active_r30_audit-off_20260824T234601Z,obs_1a6e60a0c2ed4c3dafdae3b6310d3054,2026-08-24T23:46:02.400094+00:00,x509,valid_active,5,5,UAV-VALID,ACCEPTED,ACCEPTED,True,38751500,38.7515,69800,147200,37258800,0,539300,80800,0,0,,,,none,x509-valid_active_2,0,False,239,8,
n500-identities_c5-conc_mech-x509-1backend_valid-active_r30_audit-off_20260824T234601Z,obs_0d4891325cb442ba899313bb59be6e87,2026-08-24T23:46:02.420437+00:00,x509,valid_active,7,5,UAV-VALID,ACCEPTED,ACCEPTED,True,31678100,31.6781,147800,144900,31006500,0,312200,9900,0,0,,,,none,x509-valid_active_3,0,False,240,8,
n500-identities_c5-conc_mech-x509-1backend_valid-active_r30_audit-off_20260824T234601Z,obs_f9bc789c8f3e4ccc912c8a2151c4df94,2026-08-24T23:46:02.431821+00:00,x509,valid_active,9,5,UAV-VALID,ACCEPTED,ACCEPTED,True,36027900,36.0279,215400,123000,35309900,0,336700,22800,0,0,,,,none,x509-valid_active_1,0,False,238,8,
n500-identities_c5-conc_mech-x509-1backend_valid-active_r30_audit-off_20260824T234601Z,obs_76d99a492aeb45c39460f024b29fee76,2026-08-24T23:46:02.462120+00:00,x509,valid_active,10,5,UAV-VALID,ACCEPTED,ACCEPTED,True,28333500,28.3335,106600,141000,27620600,0,341700,12900,0,0,,,,none,x509-valid_active_0,0,False,239,8,
n500-identities_c5-conc_mech-x509-1backend_valid-active_r30_audit-off_20260824T234601Z,obs_b7e46a73c1d24e25834121dd223e5744,2026-08-24T23:46:02.503981+00:00,x509,valid_active,13,5,UAV-VALID,ACCEPTED,ACCEPTED,True,32418900,32.4189,63900,132800,31732800,0,341700,8000,0,0,,,,none,x509-valid_active_1,0,False,239,8,
n500-identities_c5-conc_mech-x509-1backend_valid-active_r30_audit-off_20260824T234601Z,obs_9266f2b3f3764dccb93cc02a873c26c2,2026-08-24T23:46:02.566613+00:00,x509,valid_active,14,5,UAV-VALID,ACCEPTED,ACCEPTED,True,56447400,56.4474,220100,146300,55751900,0,332300,10300,0,0,,,,none,x509-valid_active_0,0,False,239,8,
n500-identities_c5-conc_mech-x509-1backend_valid-active_r30_audit-off_20260824T234601Z,obs_3bbb12def2514856b51ce6b9033ff5a9,2026-08-24T23:46:02.622808+00:00,x509,valid_active,11,5,UAV-VALID,ACCEPTED,ACCEPTED,True,133705800,133.7058,77600,208700,132907100,0,355500,12200,0,0,,,,none,x509-valid_active_2,0,False,239,8,
n500-identities_c5-conc_mech-x509-1backend_valid-active_r30_audit-off_20260824T234601Z,obs_930a66e75fe04f6fbe849dffadbe6ec1,2026-08-24T23:46:02.633186+00:00,x509,valid_active,15,5,UAV-VALID,ACCEPTED,ACCEPTED,True,59724300,59.7243,207600,139700,59051500,0,320900,11000,0,0,,,,none,x509-valid_active_1,0,False,239,8,
n500-identities_c5-conc_mech-x509-1backend_valid-active_r30_audit-off_20260824T234601Z,obs_05a08f156dd54971aef886eac914c605,2026-08-24T23:46:02.651029+00:00,x509,valid_active,6,5,UAV-VALID,ACCEPTED,ACCEPTED,True,26827000,26.827,85700,131600,26158500,0,322500,8600,0,0,,,,none,x509-valid_active_4,0,False,240,8,
n500-identities_c5-conc_mech-x509-1backend_valid-active_r30_audit-off_20260824T234601Z,obs_914886031bb446aabeb73ef159a4148f,2026-08-24T23:46:02.668978+00:00,x509,valid_active,12,5,UAV-VALID,ACCEPTED,ACCEPTED,True,106891900,106.8919,56200,137300,106234000,0,304000,9400,0,0,,,,none,x509-valid_active_3,0,False,240,8,
n500-identities_c5-conc_mech-x509-1backend_valid-active_r30_audit-off_20260824T234601Z,obs_c670399bc5a244629e8b69ab3b8b3bc0,2026-08-24T23:46:02.669758+00:00,x509,valid_active,16,5,UAV-VALID,ACCEPTED,ACCEPTED,True,25900200,25.9002,110800,142400,25259500,0,299000,8200,0,0,,,,none,x509-valid_active_0,0,False,239,8,
n500-identities_c5-conc_mech-x509-1backend_valid-active_r30_audit-off_20260824T234601Z,obs_e54b73b3fa254390befda7a5c5c723b4,2026-08-24T23:46:02.710622+00:00,x509,valid_active,18,5,UAV-VALID,ACCEPTED,ACCEPTED,True,21334900,21.3349,50200,111600,19928600,0,756400,10600,0,0,,,,none,x509-valid_active_1,0,False,239,8,
n500-identities_c5-conc_mech-x509-1backend_valid-active_r30_audit-off_20260824T234601Z,obs_05e127e56535439ea4058305517fadbf,2026-08-24T23:46:02.721119+00:00,x509,valid_active,19,5,UAV-VALID,ACCEPTED,ACCEPTED,True,16117200,16.1172,505300,116700,15480500,0,321700,7800,0,0,,,,none,x509-valid_active_4,0,False,240,8,
n500-identities_c5-conc_mech-x509-1backend_valid-active_r30_audit-off_20260824T234601Z,obs_83a207e1f5164801b6d74b86033ff763,2026-08-24T23:46:02.730301+00:00,x509,valid_active,21,5,UAV-VALID,ACCEPTED,ACCEPTED,True,22178500,22.1785,62600,244500,21099300,0,591600,12400,0,0,,,,none,x509-valid_active_0,0,False,240,8,
n500-identities_c5-conc_mech-x509-1backend_valid-active_r30_audit-off_20260824T234601Z,obs_621afe6660ff4de5b7ec32de0c0b53d4,2026-08-24T23:46:02.731181+00:00,x509,valid_active,17,5,UAV-VALID,ACCEPTED,ACCEPTED,True,43272500,43.2725,50400,148300,42579400,0,330200,9000,0,0,,,,none,x509-valid_active_2,0,False,239,8,
n500-identities_c5-conc_mech-x509-1backend_valid-active_r30_audit-off_20260824T234601Z,obs_1727a9989b78492796bf08b11238f0e2,2026-08-24T23:46:02.756546+00:00,x509,valid_active,20,5,UAV-VALID,ACCEPTED,ACCEPTED,True,49821700,49.8217,65400,112500,49144900,0,347800,11000,0,0,,,,none,x509-valid_active_3,0,False,238,8,
n500-identities_c5-conc_mech-x509-1backend_valid-active_r30_audit-off_20260824T234601Z,obs_8239a79de41142d4b55e84c7252edc6a,2026-08-24T23:46:02.785175+00:00,x509,valid_active,22,5,UAV-VALID,ACCEPTED,ACCEPTED,True,35193700,35.1937,65500,141800,34537700,0,328500,7200,0,0,,,,none,x509-valid_active_1,0,False,238,8,
n500-identities_c5-conc_mech-x509-1backend_valid-active_r30_audit-off_20260824T234601Z,obs_210f285953874aa797e2b2e2395989cd,2026-08-24T23:46:02.806091+00:00,x509,valid_active,24,5,UAV-VALID,ACCEPTED,ACCEPTED,True,26631800,26.6318,78100,134100,25435200,0,745100,42700,0,0,,,,none,x509-valid_active_0,0,False,238,8,
n500-identities_c5-conc_mech-x509-1backend_valid-active_r30_audit-off_20260824T234601Z,obs_008fd4807c614796b48741901cf7e8d1,2026-08-24T23:46:02.812986+00:00,x509,valid_active,25,5,UAV-VALID,ACCEPTED,ACCEPTED,True,32753500,32.7535,65800,163200,32047400,0,337400,10200,0,0,,,,none,x509-valid_active_2,0,False,240,8,
n500-identities_c5-conc_mech-x509-1backend_valid-active_r30_audit-off_20260824T234601Z,obs_24f48be68e634aef8d97f29dca35d7e0,2026-08-24T23:46:02.813884+00:00,x509,valid_active,23,5,UAV-VALID,ACCEPTED,ACCEPTED,True,27993100,27.9931,84800,129700,27431700,0,261800,6600,0,0,,,,none,x509-valid_active_4,0,False,240,8,
n500-identities_c5-conc_mech-x509-1backend_valid-active_r30_audit-off_20260824T234601Z,obs_8d237689e6734b75a93a788819a6a1c0,2026-08-24T23:46:02.843213+00:00,x509,valid_active,27,5,UAV-VALID,ACCEPTED,ACCEPTED,True,21989500,21.9895,43100,135100,21259900,0,382300,11400,0,0,,,,none,x509-valid_active_1,0,False,239,8,
n500-identities_c5-conc_mech-x509-1backend_valid-active_r30_audit-off_20260824T234601Z,obs_8e6a8372d7a140499a43db92dd673b51,2026-08-24T23:46:02.844957+00:00,x509,valid_active,26,5,UAV-VALID,ACCEPTED,ACCEPTED,True,24931600,24.9316,60900,140300,24286900,0,321700,7400,0,0,,,,none,x509-valid_active_3,0,False,240,8,
n500-identities_c5-conc_mech-x509-1backend_valid-active_r30_audit-off_20260824T234601Z,obs_2922204a587344b3886dcdb0730c55b3,2026-08-24T23:46:02.849515+00:00,x509,valid_active,28,5,UAV-VALID,ACCEPTED,ACCEPTED,True,5672800,5.6728,74000,129500,5020500,0,347400,7600,0,0,,,,none,x509-valid_active_0,0,False,239,8,
n500-identities_c5-conc_mech-x509-1backend_valid-active_r30_audit-off_20260824T234601Z,obs_5818732b16b74fa9b42a38be24f803b5,2026-08-24T23:46:02.854940+00:00,x509,valid_active,29,5,UAV-VALID,ACCEPTED,ACCEPTED,True,7966200,7.9662,45900,113200,7380200,0,297200,8700,0,0,,,,none,x509-valid_active_2,0,False,239,8,
n500-identities_c5-conc_mech-blockchain-1backend_valid-active_r30_audit-off_20260824T234604Z,obs_85d0125fa0a749609f271d94160f056f,2026-08-24T23:46:05.240127+00:00,blockchain,valid_active,1,5,UAV-VALID,ACCEPTED,ACCEPTED,True,71131900,71.1319,62600,70604500,0,7100,328700,8200,0,0,,,,none,blockchain-valid_active_3,0,False,239,8,
n500-identities_c5-conc_mech-blockchain-1backend_valid-active_r30_audit-off_20260824T234604Z,obs_bdca97e844a04abaa0463ee8d321372d,2026-08-24T23:46:05.244581+00:00,blockchain,valid_active,0,5,UAV-VALID,ACCEPTED,ACCEPTED,True,77167400,77.1674,69500,76282000,0,6700,568300,12900,0,0,,,,none,blockchain-valid_active_2,0,False,240,8,
n500-identities_c5-conc_mech-blockchain-1backend_valid-active_r30_audit-off_20260824T234604Z,obs_5bf893edc83941fea242c90222cb84d8,2026-08-24T23:46:05.248353+00:00,blockchain,valid_active,0,5,UAV-VALID,ACCEPTED,ACCEPTED,True,105375300,105.3753,66600,104823800,0,6200,338400,8000,0,0,,,,none,blockchain-valid_active_0,0,True,239,8,
n500-identities_c5-conc_mech-blockchain-1backend_valid-active_r30_audit-off_20260824T234604Z,obs_a5d00769d917417ab8095fff156e7aaa,2026-08-24T23:46:05.270710+00:00,blockchain,valid_active,1,5,UAV-VALID,ACCEPTED,ACCEPTED,True,95396400,95.3964,64600,94988400,0,4800,257100,5600,0,0,,,,none,blockchain-valid_active_1,0,True,240,8,
n500-identities_c5-conc_mech-blockchain-1backend_valid-active_r30_audit-off_20260824T234604Z,obs_6a4eafd653d04a6bbf808be6c2d2b878,2026-08-24T23:46:05.279498+00:00,blockchain,valid_active,2,5,UAV-VALID,ACCEPTED,ACCEPTED,True,100872700,100.8727,55800,100292600,0,7600,361300,11700,0,0,,,,none,blockchain-valid_active_4,0,False,239,8,
n500-identities_c5-conc_mech-blockchain-1backend_valid-active_r30_audit-off_20260824T234604Z,obs_922aba85dc734a1ab15a24ad62f64ac3,2026-08-24T23:46:05.380359+00:00,blockchain,valid_active,4,5,UAV-VALID,ACCEPTED,ACCEPTED,True,87926300,87.9263,68800,87376500,0,6800,342100,10500,0,0,,,,none,blockchain-valid_active_2,0,False,239,8,
n500-identities_c5-conc_mech-blockchain-1backend_valid-active_r30_audit-off_20260824T234604Z,obs_bea9230ab5fe4e3db21503787342046e,2026-08-24T23:46:05.389866+00:00,blockchain,valid_active,3,5,UAV-VALID,ACCEPTED,ACCEPTED,True,99039500,99.0395,80300,98480500,0,6500,319900,7300,0,0,,,,none,blockchain-valid_active_3,0,False,238,8,
n500-identities_c5-conc_mech-blockchain-1backend_valid-active_r30_audit-off_20260824T234604Z,obs_bf0f7c4f304e498698bf07ba66f19cb2,2026-08-24T23:46:05.416903+00:00,blockchain,valid_active,5,5,UAV-VALID,ACCEPTED,ACCEPTED,True,116843500,116.8435,66800,116304600,0,5800,346600,8200,0,0,,,,none,blockchain-valid_active_0,0,False,239,8,
n500-identities_c5-conc_mech-blockchain-1backend_valid-active_r30_audit-off_20260824T234604Z,obs_6314a2c61cd74790994d0711685fef7c,2026-08-24T23:46:05.442205+00:00,blockchain,valid_active,7,5,UAV-VALID,ACCEPTED,ACCEPTED,True,106099900,106.0999,78000,105664900,0,5400,266500,10100,0,0,,,,none,blockchain-valid_active_4,0,False,240,8,
n500-identities_c5-conc_mech-blockchain-1backend_valid-active_r30_audit-off_20260824T234604Z,obs_053cb8da19b741ff9837b2b434822b2f,2026-08-24T23:46:05.467883+00:00,blockchain,valid_active,6,5,UAV-VALID,ACCEPTED,ACCEPTED,True,123320100,123.3201,62800,122804000,0,6400,330100,9300,0,0,,,,none,blockchain-valid_active_1,0,False,238,8,
n500-identities_c5-conc_mech-blockchain-1backend_valid-active_r30_audit-off_20260824T234604Z,obs_f70f2101286b49a1a4a60da26b914e75,2026-08-24T23:46:05.523602+00:00,blockchain,valid_active,8,5,UAV-VALID,ACCEPTED,ACCEPTED,True,103056600,103.0566,58600,102621200,0,4500,277700,8300,0,0,,,,none,blockchain-valid_active_2,0,False,239,8,
n500-identities_c5-conc_mech-blockchain-1backend_valid-active_r30_audit-off_20260824T234604Z,obs_3da39faf880a4a799d0fcf1da557832e,2026-08-24T23:46:05.558866+00:00,blockchain,valid_active,9,5,UAV-VALID,ACCEPTED,ACCEPTED,True,111484900,111.4849,80200,110993600,0,6700,287700,7000,0,0,,,,none,blockchain-valid_active_3,0,False,239,8,
n500-identities_c5-conc_mech-blockchain-1backend_valid-active_r30_audit-off_20260824T234604Z,obs_4277f8ab2e92487f9c8dcdac46032b0a,2026-08-24T23:46:05.578100+00:00,blockchain,valid_active,10,5,UAV-VALID,ACCEPTED,ACCEPTED,True,113501400,113.5014,67900,112705200,0,6600,569600,12300,0,0,,,,none,blockchain-valid_active_0,0,False,240,8,
n500-identities_c5-conc_mech-blockchain-1backend_valid-active_r30_audit-off_20260824T234604Z,obs_0bc7cef484e241378166b8a9a741e8ae,2026-08-24T23:46:05.643799+00:00,blockchain,valid_active,11,5,UAV-VALID,ACCEPTED,ACCEPTED,True,146916500,146.9165,84600,146380000,0,7000,325000,9700,0,0,,,,none,blockchain-valid_active_4,0,False,238,8,
n500-identities_c5-conc_mech-blockchain-1backend_valid-active_r30_audit-off_20260824T234604Z,obs_9e441ada97a64a20b85524a031a4c895,2026-08-24T23:46:05.654937+00:00,blockchain,valid_active,12,5,UAV-VALID,ACCEPTED,ACCEPTED,True,152720700,152.7207,64400,152159500,0,6100,323100,8500,0,0,,,,none,blockchain-valid_active_1,0,False,240,8,
n500-identities_c5-conc_mech-blockchain-1backend_valid-active_r30_audit-off_20260824T234604Z,obs_732a3c232d12425abb6d00189961855c,2026-08-24T23:46:05.710883+00:00,blockchain,valid_active,14,5,UAV-VALID,ACCEPTED,ACCEPTED,True,121230200,121.2302,66500,120750400,0,6700,303000,6500,0,0,,,,none,blockchain-valid_active_3,0,False,239,8,
n500-identities_c5-conc_mech-blockchain-1backend_valid-active_r30_audit-off_20260824T234604Z,obs_85f00f8b7f2b4f3688ca90a008999b56,2026-08-24T23:46:05.713444+00:00,blockchain,valid_active,13,5,UAV-VALID,ACCEPTED,ACCEPTED,True,148202500,148.2025,70400,147756600,0,4300,279500,6300,0,0,,,,none,blockchain-valid_active_2,0,False,239,8,
n500-identities_c5-conc_mech-blockchain-1backend_valid-active_r30_audit-off_20260824T234604Z,obs_e444c91303f040028d139649b2e761df,2026-08-24T23:46:05.762377+00:00,blockchain,valid_active,15,5,UAV-VALID,ACCEPTED,ACCEPTED,True,92683700,92.6837,64400,92160700,0,6700,332700,7100,0,0,,,,none,blockchain-valid_active_0,0,False,239,8,
n500-identities_c5-conc_mech-blockchain-1backend_valid-active_r30_audit-off_20260824T234604Z,obs_0f93fbb33c3c420086f428f6cd4b120a,2026-08-24T23:46:05.789120+00:00,blockchain,valid_active,16,5,UAV-VALID,ACCEPTED,ACCEPTED,True,95911800,95.9118,63300,95033400,0,7500,323900,9400,0,0,,,,none,blockchain-valid_active_4,0,False,240,8,
n500-identities_c5-conc_mech-blockchain-1backend_valid-active_r30_audit-off_20260824T234604Z,obs_c8efaece21a84a5b9068114ee8df8035,2026-08-24T23:46:05.817952+00:00,blockchain,valid_active,17,5,UAV-VALID,ACCEPTED,ACCEPTED,True,116353400,116.3534,68600,115692100,0,7400,328700,9000,0,0,,,,none,blockchain-valid_active_1,0,False,238,8,
n500-identities_c5-conc_mech-blockchain-1backend_valid-active_r30_audit-off_20260824T234604Z,obs_1058aacf686d4996a8fd1ba666701f55,2026-08-24T23:46:05.834378+00:00,blockchain,valid_active,19,5,UAV-VALID,ACCEPTED,ACCEPTED,True,85510200,85.5102,70100,84880800,0,7300,412300,11600,0,0,,,,none,blockchain-valid_active_2,0,False,239,8,
n500-identities_c5-conc_mech-blockchain-1backend_valid-active_r30_audit-off_20260824T234604Z,obs_416e5a59d4514cb49a036030379d144e,2026-08-24T23:46:05.879665+00:00,blockchain,valid_active,18,5,UAV-VALID,ACCEPTED,ACCEPTED,True,128065500,128.0655,51800,127365200,0,6800,374900,11200,0,0,,,,none,blockchain-valid_active_3,0,False,240,8,
n500-identities_c5-conc_mech-blockchain-1backend_valid-active_r30_audit-off_20260824T234604Z,obs_b7256014a4da4634932078557d37e6e6,2026-08-24T23:46:06.021794+00:00,blockchain,valid_active,20,5,UAV-VALID,ACCEPTED,ACCEPTED,True,206314800,206.3148,60800,205596700,0,9800,501000,11900,0,0,,,,none,blockchain-valid_active_0,0,False,239,8,
n500-identities_c5-conc_mech-blockchain-1backend_valid-active_r30_audit-off_20260824T234604Z,obs_5016420ec5d747abb7130f080129404f,2026-08-24T23:46:06.056162+00:00,blockchain,valid_active,23,5,UAV-VALID,ACCEPTED,ACCEPTED,True,155070600,155.0706,73900,154440400,0,7300,379500,11800,0,0,,,,none,blockchain-valid_active_2,0,False,240,8,
n500-identities_c5-conc_mech-blockchain-1backend_valid-active_r30_audit-off_20260824T234604Z,obs_4ad0a628bf594a9aa40e02f2b3f8ab1c,2026-08-24T23:46:06.101698+00:00,blockchain,valid_active,24,5,UAV-VALID,ACCEPTED,ACCEPTED,True,145851800,145.8518,70400,145113900,0,8600,361400,10100,0,0,,,,none,blockchain-valid_active_3,0,False,238,8,
n500-identities_c5-conc_mech-blockchain-1backend_valid-active_r30_audit-off_20260824T234604Z,obs_5a9694d62a2b4862aba2beadc5014cef,2026-08-24T23:46:06.147038+00:00,blockchain,valid_active,21,5,UAV-VALID,ACCEPTED,ACCEPTED,True,305051200,305.0512,74600,304470400,0,7100,347800,11400,0,0,,,,none,blockchain-valid_active_4,0,False,238,8,
n500-identities_c5-conc_mech-blockchain-1backend_valid-active_r30_audit-off_20260824T234604Z,obs_e46769ed0a58452ab4e814d92ebfbd7c,2026-08-24T23:46:06.313772+00:00,blockchain,valid_active,22,5,UAV-VALID,ACCEPTED,ACCEPTED,True,443239700,443.2397,434900,432530900,0,7200,381900,12400,0,0,,,,none,blockchain-valid_active_1,0,False,239,8,
n500-identities_c5-conc_mech-blockchain-1backend_valid-active_r30_audit-off_20260824T234604Z,obs_915f59a3878d41138ca82709ccbd386f,2026-08-24T23:46:06.405535+00:00,blockchain,valid_active,26,5,UAV-VALID,ACCEPTED,ACCEPTED,True,253081400,253.0814,261900,252487500,0,7400,354100,9800,0,0,,,,none,blockchain-valid_active_2,0,False,239,8,
n500-identities_c5-conc_mech-blockchain-1backend_valid-active_r30_audit-off_20260824T234604Z,obs_305ce63263c44856907c0807323f4aa8,2026-08-24T23:46:06.408962+00:00,blockchain,valid_active,27,5,UAV-VALID,ACCEPTED,ACCEPTED,True,238734200,238.7342,82400,238151100,0,7600,343700,8800,0,0,,,,none,blockchain-valid_active_3,0,False,240,8,
n500-identities_c5-conc_mech-blockchain-1backend_valid-active_r30_audit-off_20260824T234604Z,obs_e6bd933a5d214e18aa749caff1b2e7f6,2026-08-24T23:46:06.513365+00:00,blockchain,valid_active,25,5,UAV-VALID,ACCEPTED,ACCEPTED,True,212730700,212.7307,97600,211923200,0,8000,367700,10100,0,0,,,,none,blockchain-valid_active_0,0,False,239,8,
n500-identities_c5-conc_mech-blockchain-1backend_valid-active_r30_audit-off_20260824T234604Z,obs_6cf1a83bd1ab42658707be209de507d0,2026-08-24T23:46:06.574638+00:00,blockchain,valid_active,28,5,UAV-VALID,ACCEPTED,ACCEPTED,True,232197500,232.1975,210000,230235700,0,7300,1691000,15700,0,0,,,,none,blockchain-valid_active_4,0,False,239,8,
n500-identities_c5-conc_mech-blockchain-1backend_valid-active_r30_audit-off_20260824T234604Z,obs_2e94baafc1844b528ce578094d4a3f33,2026-08-24T23:46:06.602552+00:00,blockchain,valid_active,29,5,UAV-VALID,ACCEPTED,ACCEPTED,True,136388700,136.3887,75700,135548000,0,7200,348100,9400,0,0,,,,none,blockchain-valid_active_1,0,False,240,8,
n500-identities_c10-conc_mech-x509-1backend_valid-active_r30_audit-off_20260824T234608Z,obs_72f13d9e34a94b8eb0fb10bc4dae9bac,2026-08-24T23:46:09.173561+00:00,x509,valid_active,0,10,UAV-VALID,ACCEPTED,ACCEPTED,True,31706300,31.7063,65800,169300,30973900,0,345400,10600,0,0,,,,none,x509-valid_active_0,0,True,239,8,
n500-identities_c10-conc_mech-x509-1backend_valid-active_r30_audit-off_20260824T234608Z,obs_ef92c3af632a4931a77c24b8ab1a0572,2026-08-24T23:46:09.246767+00:00,x509,valid_active,1,10,UAV-VALID,ACCEPTED,ACCEPTED,True,91104600,91.1046,46100,174900,90305200,0,352500,11100,0,0,,,,none,x509-valid_active_1,0,True,240,8,
n500-identities_c10-conc_mech-x509-1backend_valid-active_r30_audit-off_20260824T234608Z,obs_b0aab10d06734d14834db7a0512c0baa,2026-08-24T23:46:09.296218+00:00,x509,valid_active,0,10,UAV-VALID,ACCEPTED,ACCEPTED,True,91593100,91.5931,57800,205500,90825900,0,331000,10300,0,0,,,,none,x509-valid_active_2,0,False,238,8,
n500-identities_c10-conc_mech-x509-1backend_valid-active_r30_audit-off_20260824T234608Z,obs_f1f44355e8ca463ab0ca9bbbc6954d43,2026-08-24T23:46:09.297173+00:00,x509,valid_active,2,10,UAV-VALID,ACCEPTED,ACCEPTED,True,57715000,57.715,69300,278300,56955200,0,276400,6000,0,0,,,,none,x509-valid_active_4,0,False,238,8,
n500-identities_c10-conc_mech-x509-1backend_valid-active_r30_audit-off_20260824T234608Z,obs_cab7d8a941a64ecbb80cee23cb518ffe,2026-08-24T23:46:09.302482+00:00,x509,valid_active,3,10,UAV-VALID,ACCEPTED,ACCEPTED,True,46596900,46.5969,259300,347100,45511600,0,313900,9300,0,0,,,,none,x509-valid_active_5,0,False,239,8,
n500-identities_c10-conc_mech-x509-1backend_valid-active_r30_audit-off_20260824T234608Z,obs_1d55cb53442d4023a821f27f563d5ea4,2026-08-24T23:46:09.333686+00:00,x509,valid_active,1,10,UAV-VALID,ACCEPTED,ACCEPTED,True,61886100,61.8861,77200,159800,61054800,0,450200,10200,0,0,,,,none,x509-valid_active_3,0,False,239,8,
n500-identities_c10-conc_mech-x509-1backend_valid-active_r30_audit-off_20260824T234608Z,obs_7a29b5ecf83a45d4a53dd8c9d4487496,2026-08-24T23:46:09.344756+00:00,x509,valid_active,5,10,UAV-VALID,ACCEPTED,ACCEPTED,True,44758700,44.7587,67300,158500,44092300,0,300600,9400,0,0,,,,none,x509-valid_active_7,0,False,239,8,
n500-identities_c10-conc_mech-x509-1backend_valid-active_r30_audit-off_20260824T234608Z,obs_7f2b40e227c74ee686ff83d7c08f1e09,2026-08-24T23:46:09.350052+00:00,x509,valid_active,8,10,UAV-VALID,ACCEPTED,ACCEPTED,True,65297600,65.2976,65300,149000,64539300,0,383800,11700,0,0,,,,none,x509-valid_active_9,0,False,240,8,
n500-identities_c10-conc_mech-x509-1backend_valid-active_r30_audit-off_20260824T234608Z,obs_8b332eb66faf4aff99287860138260e8,2026-08-24T23:46:09.362913+00:00,x509,valid_active,4,10,UAV-VALID,ACCEPTED,ACCEPTED,True,76007800,76.0078,69600,139800,75299900,0,353000,9800,0,0,,,,none,x509-valid_active_6,0,False,240,8,
n500-identities_c10-conc_mech-x509-1backend_valid-active_r30_audit-off_20260824T234608Z,obs_eccd80d4d3774e0aa6345a2920bafb84,2026-08-24T23:46:09.365225+00:00,x509,valid_active,7,10,UAV-VALID,ACCEPTED,ACCEPTED,True,66559900,66.5599,82900,141900,65731600,0,421200,10700,0,0,,,,none,x509-valid_active_0,0,False,239,8,
n500-identities_c10-conc_mech-x509-1backend_valid-active_r30_audit-off_20260824T234608Z,obs_7316a43abeb6423b89b40cccb32af6e8,2026-08-24T23:46:09.391474+00:00,x509,valid_active,6,10,UAV-VALID,ACCEPTED,ACCEPTED,True,93809800,93.8098,52800,148200,93104100,0,347100,9800,0,0,,,,none,x509-valid_active_8,0,False,238,8,
n500-identities_c10-conc_mech-x509-1backend_valid-active_r30_audit-off_20260824T234608Z,obs_bb32ba532adb4cd8adb3938c3153cbac,2026-08-24T23:46:09.417771+00:00,x509,valid_active,9,10,UAV-VALID,ACCEPTED,ACCEPTED,True,86234400,86.2344,65600,133100,85510500,0,361500,11300,0,0,,,,none,x509-valid_active_1,0,False,239,8,
n500-identities_c10-conc_mech-x509-1backend_valid-active_r30_audit-off_20260824T234608Z,obs_e322287f3a85498baf561da635fddff4,2026-08-24T23:46:09.440569+00:00,x509,valid_active,12,10,UAV-VALID,ACCEPTED,ACCEPTED,True,51273300,51.2733,69800,235600,50387700,0,356400,10900,0,0,,,,none,x509-valid_active_5,0,False,238,8,
n500-identities_c10-conc_mech-x509-1backend_valid-active_r30_audit-off_20260824T234608Z,obs_0c1b7c48d1ac452fa28f6957d0ff916d,2026-08-24T23:46:09.492094+00:00,x509,valid_active,11,10,UAV-VALID,ACCEPTED,ACCEPTED,True,71702600,71.7026,156900,145000,70962700,0,350000,12900,0,0,,,,none,x509-valid_active_4,0,False,239,8,
n500-identities_c10-conc_mech-x509-1backend_valid-active_r30_audit-off_20260824T234608Z,obs_a169806a2a354f588aa8b23798a01c25,2026-08-24T23:46:09.546800+00:00,x509,valid_active,15,10,UAV-VALID,ACCEPTED,ACCEPTED,True,54158700,54.1587,85800,128300,53430800,0,366200,12100,0,0,,,,none,x509-valid_active_9,0,False,240,8,
n500-identities_c10-conc_mech-x509-1backend_valid-active_r30_audit-off_20260824T234608Z,obs_5cc63020a92944219bd5aa41d4a9c413,2026-08-24T23:46:09.577544+00:00,x509,valid_active,18,10,UAV-VALID,ACCEPTED,ACCEPTED,True,57762900,57.7629,80100,176600,56886300,0,307500,9600,0,0,,,,none,x509-valid_active_8,0,False,239,8,
n500-identities_c10-conc_mech-x509-1backend_valid-active_r30_audit-off_20260824T234608Z,obs_25a6341b48fb4c978a7d0e66fa881371,2026-08-24T23:46:09.584351+00:00,x509,valid_active,10,10,UAV-VALID,ACCEPTED,ACCEPTED,True,84932200,84.9322,77400,252900,79417300,0,521000,89400,0,0,,,,none,x509-valid_active_2,0,False,239,8,
n500-identities_c10-conc_mech-x509-1backend_valid-active_r30_audit-off_20260824T234608Z,obs_a2c412d2fcf74711b484fe9400df7ace,2026-08-24T23:46:09.604794+00:00,x509,valid_active,13,10,UAV-VALID,ACCEPTED,ACCEPTED,True,120026800,120.0268,65100,156800,119248100,0,385100,15700,0,0,,,,none,x509-valid_active_3,0,False,240,8,
n500-identities_c10-conc_mech-x509-1backend_valid-active_r30_audit-off_20260824T234608Z,obs_e95e475740e249d7a6494a5c61d927cb,2026-08-24T23:46:09.606480+00:00,x509,valid_active,17,10,UAV-VALID,ACCEPTED,ACCEPTED,True,84965400,84.9654,79000,146900,84218100,0,360500,10500,0,0,,,,none,x509-valid_active_0,0,False,239,8,
n500-identities_c10-conc_mech-x509-1backend_valid-active_r30_audit-off_20260824T234608Z,obs_59970f89a4e54a89bbd08010f3d29517,2026-08-24T23:46:09.608165+00:00,x509,valid_active,19,10,UAV-VALID,ACCEPTED,ACCEPTED,True,68290700,68.2907,84000,143900,67557200,0,352000,10300,0,0,,,,none,x509-valid_active_1,0,False,238,8,
n500-identities_c10-conc_mech-x509-1backend_valid-active_r30_audit-off_20260824T234608Z,obs_c201af781223410aa51d360b33784798,2026-08-24T23:46:09.697347+00:00,x509,valid_active,16,10,UAV-VALID,ACCEPTED,ACCEPTED,True,143650800,143.6508,80400,162400,142948800,0,257700,6500,0,0,,,,none,x509-valid_active_6,0,False,238,8,
n500-identities_c10-conc_mech-x509-1backend_valid-active_r30_audit-off_20260824T234608Z,obs_bbe158dcc2be469585f102c4800d8b88,2026-08-24T23:46:09.744125+00:00,x509,valid_active,21,10,UAV-VALID,ACCEPTED,ACCEPTED,True,127171300,127.1713,74800,149700,126433200,0,351500,11800,0,0,,,,none,x509-valid_active_4,0,False,240,8,
n500-identities_c10-conc_mech-x509-1backend_valid-active_r30_audit-off_20260824T234608Z,obs_537b68d78eda427a8b30cfbfc2422dfb,2026-08-24T23:46:09.748725+00:00,x509,valid_active,20,10,UAV-VALID,ACCEPTED,ACCEPTED,True,154404300,154.4043,72500,162400,153794800,0,251400,6100,0,0,,,,none,x509-valid_active_5,0,False,240,8,
n500-identities_c10-conc_mech-x509-1backend_valid-active_r30_audit-off_20260824T234608Z,obs_77c41a6ba8ce4de2a51f805ffbd00057,2026-08-24T23:46:09.749770+00:00,x509,valid_active,14,10,UAV-VALID,ACCEPTED,ACCEPTED,True,186277700,186.2777,84100,165100,185595200,0,304500,7200,0,0,,,,none,x509-valid_active_7,0,False,238,8,
n500-identities_c10-conc_mech-x509-1backend_valid-active_r30_audit-off_20260824T234608Z,obs_95bbcb07fa84431fa2020837c60cc5f1,2026-08-24T23:46:09.771191+00:00,x509,valid_active,22,10,UAV-VALID,ACCEPTED,ACCEPTED,True,72907900,72.9079,70500,137400,72280400,0,320400,8800,0,0,,,,none,x509-valid_active_9,0,False,240,8,
n500-identities_c10-conc_mech-x509-1backend_valid-active_r30_audit-off_20260824T234608Z,obs_109c97b05d9e400abe92a011caf2b902,2026-08-24T23:46:09.783349+00:00,x509,valid_active,27,10,UAV-VALID,ACCEPTED,ACCEPTED,True,13743800,13.7438,48600,145200,13082600,0,312000,9600,0,0,,,,none,x509-valid_active_1,0,False,239,8,
n500-identities_c10-conc_mech-x509-1backend_valid-active_r30_audit-off_20260824T234608Z,obs_9443c17d4ad34da181d0fc1301acb329,2026-08-24T23:46:09.787455+00:00,x509,valid_active,26,10,UAV-VALID,ACCEPTED,ACCEPTED,True,25929700,25.9297,61800,95000,25294800,0,342600,8400,0,0,,,,none,x509-valid_active_0,0,False,239,8,
n500-identities_c10-conc_mech-x509-1backend_valid-active_r30_audit-off_20260824T234608Z,obs_8ff440ecb77d477db661e8b07131a171,2026-08-24T23:46:09.788463+00:00,x509,valid_active,23,10,UAV-VALID,ACCEPTED,ACCEPTED,True,28515300,28.5153,65900,142600,27850400,0,322200,7900,0,0,,,,none,x509-valid_active_8,0,False,238,8,
n500-identities_c10-conc_mech-x509-1backend_valid-active_r30_audit-off_20260824T234608Z,obs_0fecdd5a42a14566a8817cb8c577cf6d,2026-08-24T23:46:09.793249+00:00,x509,valid_active,24,10,UAV-VALID,ACCEPTED,ACCEPTED,True,40642100,40.6421,67500,114900,40063700,0,301500,9400,0,0,,,,none,x509-valid_active_2,0,False,239,8,
n500-identities_c10-conc_mech-x509-1backend_valid-active_r30_audit-off_20260824T234608Z,obs_085d27c9891d4572b5f5ee73769ae007,2026-08-24T23:46:09.795904+00:00,x509,valid_active,25,10,UAV-VALID,ACCEPTED,ACCEPTED,True,33776000,33.776,53000,103900,33198000,0,302100,7300,0,0,,,,none,x509-valid_active_3,0,False,240,8,
n500-identities_c10-conc_mech-x509-1backend_valid-active_r30_audit-off_20260824T234608Z,obs_e4906cb1961f4b2e8865921643f224e7,2026-08-24T23:46:09.797934+00:00,x509,valid_active,29,10,UAV-VALID,ACCEPTED,ACCEPTED,True,8782200,8.7822,123400,194500,8123100,0,271200,8900,0,0,,,,none,x509-valid_active_4,0,False,239,8,
n500-identities_c10-conc_mech-x509-1backend_valid-active_r30_audit-off_20260824T234608Z,obs_18f529603c0f4472a1aca13a79d8724b,2026-08-24T23:46:09.798662+00:00,x509,valid_active,28,10,UAV-VALID,ACCEPTED,ACCEPTED,True,8335200,8.3352,75400,132900,7838800,0,214800,5200,0,0,,,,none,x509-valid_active_6,0,False,239,8,
n500-identities_c10-conc_mech-blockchain-1backend_valid-active_r30_audit-off_20260824T234612Z,obs_c65611b1ea994c61b64276c58e200cb1,2026-08-24T23:46:12.643951+00:00,blockchain,valid_active,0,10,UAV-VALID,ACCEPTED,ACCEPTED,True,185782000,185.782,67000,183653200,0,8000,1732500,15700,0,0,,,,none,blockchain-valid_active_0,0,True,239,8,
n500-identities_c10-conc_mech-blockchain-1backend_valid-active_r30_audit-off_20260824T234612Z,obs_07db8652e95540df9d4f5d965fcd0dd7,2026-08-24T23:46:12.647012+00:00,blockchain,valid_active,1,10,UAV-VALID,ACCEPTED,ACCEPTED,True,183039400,183.0394,64400,182477400,0,7300,355400,9900,0,0,,,,none,blockchain-valid_active_1,0,True,239,8,
n500-identities_c10-conc_mech-blockchain-1backend_valid-active_r30_audit-off_20260824T234612Z,obs_f81b1d7c72934a93813c98fe1451504d,2026-08-24T23:46:12.673024+00:00,blockchain,valid_active,4,10,UAV-VALID,ACCEPTED,ACCEPTED,True,142128300,142.1283,60200,141597300,0,8400,328500,10300,0,0,,,,none,blockchain-valid_active_6,0,False,238,8,
n500-identities_c10-conc_mech-blockchain-1backend_valid-active_r30_audit-off_20260824T234612Z,obs_357097b1769044ddb4c5a5ab82804d20,2026-08-24T23:46:12.692722+00:00,blockchain,valid_active,0,10,UAV-VALID,ACCEPTED,ACCEPTED,True,209042000,209.042,61500,208378200,0,6800,450800,11000,0,0,,,,none,blockchain-valid_active_2,0,False,238,8,
n500-identities_c10-conc_mech-blockchain-1backend_valid-active_r30_audit-off_20260824T234612Z,obs_a8f60fa3e21b4a08b10015b2e2913cad,2026-08-24T23:46:12.697283+00:00,blockchain,valid_active,7,10,UAV-VALID,ACCEPTED,ACCEPTED,True,164408400,164.4084,58900,163798800,0,6900,402000,9800,0,0,,,,none,blockchain-valid_active_9,0,False,240,8,
n500-identities_c10-conc_mech-blockchain-1backend_valid-active_r30_audit-off_20260824T234612Z,obs_742413090a784be78ec3f3fcc753bd98,2026-08-24T23:46:12.701815+00:00,blockchain,valid_active,3,10,UAV-VALID,ACCEPTED,ACCEPTED,True,188278700,188.2787,59000,187660200,0,6100,365800,8000,0,0,,,,none,blockchain-valid_active_5,0,False,239,8,
n500-identities_c10-conc_mech-blockchain-1backend_valid-active_r30_audit-off_20260824T234612Z,obs_deb254fad71e44eba3e2feb13157fea3,2026-08-24T23:46:12.736719+00:00,blockchain,valid_active,1,10,UAV-VALID,ACCEPTED,ACCEPTED,True,245213800,245.2138,55700,244736700,0,7600,303200,8800,0,0,,,,none,blockchain-valid_active_3,0,False,239,8,
n500-identities_c10-conc_mech-blockchain-1backend_valid-active_r30_audit-off_20260824T234612Z,obs_a4e70b87ffb84a6d973f6f9938bf988a,2026-08-24T23:46:12.761111+00:00,blockchain,valid_active,2,10,UAV-VALID,ACCEPTED,ACCEPTED,True,249502600,249.5026,62500,248943900,0,6800,354000,8900,0,0,,,,none,blockchain-valid_active_4,0,False,239,8,
n500-identities_c10-conc_mech-blockchain-1backend_valid-active_r30_audit-off_20260824T234612Z,obs_3a45d900c8b94706887a1ac9f134fdc5,2026-08-24T23:46:12.830094+00:00,blockchain,valid_active,6,10,UAV-VALID,ACCEPTED,ACCEPTED,True,303514600,303.5146,55600,302871700,0,8000,419800,12600,0,0,,,,none,blockchain-valid_active_8,0,False,239,8,
n500-identities_c10-conc_mech-blockchain-1backend_valid-active_r30_audit-off_20260824T234612Z,obs_13528d24a8624a19b661fa1d731f25a0,2026-08-24T23:46:12.832142+00:00,blockchain,valid_active,5,10,UAV-VALID,ACCEPTED,ACCEPTED,True,316347100,316.3471,58100,315853100,0,6100,310900,9500,0,0,,,,none,blockchain-valid_active_7,0,False,239,8,
n500-identities_c10-conc_mech-blockchain-1backend_valid-active_r30_audit-off_20260824T234612Z,obs_84755513332f478fb85b26409ed08da4,2026-08-24T23:46:12.990429+00:00,blockchain,valid_active,9,10,UAV-VALID,ACCEPTED,ACCEPTED,True,247887800,247.8878,81600,246826100,0,7500,796900,14900,0,0,,,,none,blockchain-valid_active_1,0,False,240,8,
n500-identities_c10-conc_mech-blockchain-1backend_valid-active_r30_audit-off_20260824T234612Z,obs_08b9b824bd3e4f149aaf50ac429f2b9f,2026-08-24T23:46:13.053157+00:00,blockchain,valid_active,10,10,UAV-VALID,ACCEPTED,ACCEPTED,True,262619500,262.6195,76300,262004100,0,8700,383800,9100,0,0,,,,none,blockchain-valid_active_6,0,False,238,8,
n500-identities_c10-conc_mech-blockchain-1backend_valid-active_r30_audit-off_20260824T234612Z,obs_3fed8358732d48e6b50a962718fa10e1,2026-08-24T23:46:13.093345+00:00,blockchain,valid_active,11,10,UAV-VALID,ACCEPTED,ACCEPTED,True,279419800,279.4198,56700,278838400,0,7900,372000,9000,0,0,,,,none,blockchain-valid_active_2,0,False,239,8,
n500-identities_c10-conc_mech-blockchain-1backend_valid-active_r30_audit-off_20260824T234612Z,obs_fa0c47f314c1479fb0104454b8a9c15d,2026-08-24T23:46:13.096296+00:00,blockchain,valid_active,12,10,UAV-VALID,ACCEPTED,ACCEPTED,True,283615000,283.615,67400,282755400,0,6200,535400,10900,0,0,,,,none,blockchain-valid_active_9,0,False,240,8,
n500-identities_c10-conc_mech-blockchain-1backend_valid-active_r30_audit-off_20260824T234612Z,obs_8aaaa758188240c4a4b2703bd8d8d745,2026-08-24T23:46:13.132384+00:00,blockchain,valid_active,13,10,UAV-VALID,ACCEPTED,ACCEPTED,True,315782200,315.7822,41900,314823800,0,8500,660000,12900,0,0,,,,none,blockchain-valid_active_5,0,False,240,8,
n500-identities_c10-conc_mech-blockchain-1backend_valid-active_r30_audit-off_20260824T234612Z,obs_3bc28ff7c77d471297a421d56f084dcf,2026-08-24T23:46:13.182679+00:00,blockchain,valid_active,8,10,UAV-VALID,ACCEPTED,ACCEPTED,True,449068100,449.0681,72600,447303400,0,9500,1507700,15200,0,0,,,,none,blockchain-valid_active_0,0,False,239,8,
n500-identities_c10-conc_mech-blockchain-1backend_valid-active_r30_audit-off_20260824T234612Z,obs_e243e70b032b495c90c9a1cac09c89ac,2026-08-24T23:46:13.195221+00:00,blockchain,valid_active,18,10,UAV-VALID,ACCEPTED,ACCEPTED,True,152445500,152.4455,82700,151832200,0,7100,373700,10500,0,0,,,,none,blockchain-valid_active_1,0,False,239,8,
n500-identities_c10-conc_mech-blockchain-1backend_valid-active_r30_audit-off_20260824T234612Z,obs_25ec885bdf6f4e7ab6936970a0c3bf59,2026-08-24T23:46:13.216678+00:00,blockchain,valid_active,15,10,UAV-VALID,ACCEPTED,ACCEPTED,True,380772500,380.7725,59800,380102600,0,6500,433600,13500,0,0,,,,none,blockchain-valid_active_4,0,False,239,8,
n500-identities_c10-conc_mech-blockchain-1backend_valid-active_r30_audit-off_20260824T234612Z,obs_acceb8983eac404bbefa757a95c7d141,2026-08-24T23:46:13.293414+00:00,blockchain,valid_active,17,10,UAV-VALID,ACCEPTED,ACCEPTED,True,343959000,343.959,65000,343392900,0,8100,328600,10800,0,0,,,,none,blockchain-valid_active_7,0,False,240,8,
n500-identities_c10-conc_mech-blockchain-1backend_valid-active_r30_audit-off_20260824T234612Z,obs_4fe99cadd026486882ad56337028a0c8,2026-08-24T23:46:13.358949+00:00,blockchain,valid_active,14,10,UAV-VALID,ACCEPTED,ACCEPTED,True,489140100,489.1401,62200,488604900,0,7900,325100,9200,0,0,,,,none,blockchain-valid_active_3,0,False,239,8,
n500-identities_c10-conc_mech-blockchain-1backend_valid-active_r30_audit-off_20260824T234612Z,obs_6014a0de7bc24e9891bc04d5fd83568d,2026-08-24T23:46:13.405936+00:00,blockchain,valid_active,19,10,UAV-VALID,ACCEPTED,ACCEPTED,True,302006400,302.0064,80000,301000900,0,10200,753000,15400,0,0,,,,none,blockchain-valid_active_6,0,False,238,8,
n500-identities_c10-conc_mech-blockchain-1backend_valid-active_r30_audit-off_20260824T234612Z,obs_60d6774ff6c347bb856f189675cb5af8,2026-08-24T23:46:13.417864+00:00,blockchain,valid_active,16,10,UAV-VALID,ACCEPTED,ACCEPTED,True,442381000,442.381,115000,441671900,0,6300,462800,10600,0,0,,,,none,blockchain-valid_active_8,0,False,238,8,
n500-identities_c10-conc_mech-blockchain-1backend_valid-active_r30_audit-off_20260824T234612Z,obs_68df310999c9497b981693d28d792678,2026-08-24T23:46:13.452459+00:00,blockchain,valid_active,22,10,UAV-VALID,ACCEPTED,ACCEPTED,True,221042800,221.0428,73800,220479400,0,6300,343200,9400,0,0,,,,none,blockchain-valid_active_5,0,False,239,8,
n500-identities_c10-conc_mech-blockchain-1backend_valid-active_r30_audit-off_20260824T234612Z,obs_a6d20a6208634a3ab52dfa9120e560f6,2026-08-24T23:46:13.527936+00:00,blockchain,valid_active,20,10,UAV-VALID,ACCEPTED,ACCEPTED,True,266535700,266.5357,68400,265958700,0,6600,352900,10200,0,0,,,,none,blockchain-valid_active_2,0,False,238,8,
n500-identities_c10-conc_mech-blockchain-1backend_valid-active_r30_audit-off_20260824T234612Z,obs_90e67090d36d47d4941f253f378ff816,2026-08-24T23:46:13.544055+00:00,blockchain,valid_active,21,10,UAV-VALID,ACCEPTED,ACCEPTED,True,330210700,330.2107,65100,329645000,0,5700,350300,8500,0,0,,,,none,blockchain-valid_active_9,0,False,238,8,
n500-identities_c10-conc_mech-blockchain-1backend_valid-active_r30_audit-off_20260824T234612Z,obs_ac2f51f7e4f346a4b8ff306f59ba5e90,2026-08-24T23:46:13.597610+00:00,blockchain,valid_active,24,10,UAV-VALID,ACCEPTED,ACCEPTED,True,245786600,245.7866,71200,245241200,0,4900,333200,7900,0,0,,,,none,blockchain-valid_active_1,0,False,238,8,
n500-identities_c10-conc_mech-blockchain-1backend_valid-active_r30_audit-off_20260824T234612Z,obs_dc4443e0f768480ea0cdbdaeb183e842,2026-08-24T23:46:13.630522+00:00,blockchain,valid_active,23,10,UAV-VALID,ACCEPTED,ACCEPTED,True,321579100,321.5791,78200,320731400,0,6400,473000,12100,0,0,,,,none,blockchain-valid_active_0,0,False,239,8,
n500-identities_c10-conc_mech-blockchain-1backend_valid-active_r30_audit-off_20260824T234612Z,obs_b9d85a9ea4ee46d88758cbaedab7fdaf,2026-08-24T23:46:13.642539+00:00,blockchain,valid_active,25,10,UAV-VALID,ACCEPTED,ACCEPTED,True,275329800,275.3298,65300,274640700,0,5600,439900,10900,0,0,,,,none,blockchain-valid_active_4,0,False,239,8,
n500-identities_c10-conc_mech-blockchain-1backend_valid-active_r30_audit-off_20260824T234612Z,obs_ebc5ce9d6db74945b94e4a83d0b52861,2026-08-24T23:46:13.652919+00:00,blockchain,valid_active,28,10,UAV-VALID,ACCEPTED,ACCEPTED,True,112157700,112.1577,82000,111607400,0,5100,327900,9700,0,0,,,,none,blockchain-valid_active_6,0,False,240,8,
n500-identities_c10-conc_mech-blockchain-1backend_valid-active_r30_audit-off_20260824T234612Z,obs_ca60c6d292a14c04bc8dcf30a923a38d,2026-08-24T23:46:13.667135+00:00,blockchain,valid_active,26,10,UAV-VALID,ACCEPTED,ACCEPTED,True,234727200,234.7272,64600,234139000,0,5600,379100,8500,0,0,,,,none,blockchain-valid_active_7,0,False,239,8,
n500-identities_c10-conc_mech-blockchain-1backend_valid-active_r30_audit-off_20260824T234612Z,obs_56d3c29a558645f9a5b6db2757228c2e,2026-08-24T23:46:13.673324+00:00,blockchain,valid_active,27,10,UAV-VALID,ACCEPTED,ACCEPTED,True,137018600,137.0186,499000,136372200,0,6100,348000,9200,0,0,,,,none,blockchain-valid_active_3,0,False,240,8,
n500-identities_c10-conc_mech-blockchain-1backend_valid-active_r30_audit-off_20260824T234612Z,obs_ec4a645b08d24a5491bdb3cc61e23336,2026-08-24T23:46:13.679688+00:00,blockchain,valid_active,29,10,UAV-VALID,ACCEPTED,ACCEPTED,True,89441500,89.4415,95200,88882600,0,5100,332100,9800,0,0,,,,none,blockchain-valid_active_8,0,False,239,8,
n500-identities_c25-conc_mech-x509-1backend_valid-active_r30_audit-off_20260824T234617Z,obs_8ac24c4133a346a78c613ea4b6ad252f,2026-08-24T23:46:18.009441+00:00,x509,valid_active,5,25,UAV-VALID,ACCEPTED,ACCEPTED,True,119731400,119.7314,68700,175800,119023700,0,327200,8700,0,0,,,,none,x509-valid_active_7,0,False,238,8,
n500-identities_c25-conc_mech-x509-1backend_valid-active_r30_audit-off_20260824T234617Z,obs_81800261308a4e4f81c73486d75aa0fe,2026-08-24T23:46:17.827873+00:00,x509,valid_active,1,25,UAV-VALID,ACCEPTED,ACCEPTED,True,71180200,71.1802,153000,216700,70332100,0,377300,10400,0,0,,,,none,x509-valid_active_3,0,False,238,8,
n500-identities_c25-conc_mech-x509-1backend_valid-active_r30_audit-off_20260824T234617Z,obs_3952181fc1a6420d8c21f1ab8de23dce,2026-08-24T23:46:18.238105+00:00,x509,valid_active,8,25,UAV-VALID,ACCEPTED,ACCEPTED,True,215186900,215.1869,132500,145900,214341700,0,431700,10800,0,0,,,,none,x509-valid_active_2,0,False,239,8,
n500-identities_c25-conc_mech-x509-1backend_valid-active_r30_audit-off_20260824T234617Z,obs_4520d48d36624a95a82f4a93c2950ee0,2026-08-24T23:46:18.048280+00:00,x509,valid_active,2,25,UAV-VALID,ACCEPTED,ACCEPTED,True,145079700,145.0797,73400,279700,144144200,0,408400,10000,0,0,,,,none,x509-valid_active_4,0,False,238,8,
n500-identities_c25-conc_mech-x509-1backend_valid-active_r30_audit-off_20260824T234617Z,obs_89291b9bc62b4dbaa081662e56c2d007,2026-08-24T23:46:18.132668+00:00,x509,valid_active,3,25,UAV-VALID,ACCEPTED,ACCEPTED,True,134898900,134.8989,72900,154500,130286600,0,4149500,17800,0,0,,,,none,x509-valid_active_5,0,False,240,8,
n500-identities_c25-conc_mech-x509-1backend_valid-active_r30_audit-off_20260824T234617Z,obs_55719a5f861f44f09a3ab75fd15acc8f,2026-08-24T23:46:18.022426+00:00,x509,valid_active,7,25,UAV-VALID,ACCEPTED,ACCEPTED,True,78242600,78.2426,79600,167300,77463500,0,384900,9400,0,0,,,,none,x509-valid_active_3,0,False,239,8,
n500-identities_c25-conc_mech-x509-1backend_valid-active_r30_audit-off_20260824T234617Z,obs_604d2aeb458a4b8284881b545a6ddafc,2026-08-24T23:46:17.854792+00:00,x509,valid_active,0,25,UAV-VALID,ACCEPTED,ACCEPTED,True,140763400,140.7634,75400,213300,139216300,0,527500,11300,0,0,,,,none,x509-valid_active_0,0,True,240,8,
n500-identities_c25-conc_mech-x509-1backend_valid-active_r30_audit-off_20260824T234617Z,obs_c20c0cb1f0b14b248313e51f5de5b68d,2026-08-24T23:46:18.008222+00:00,x509,valid_active,1,25,UAV-VALID,ACCEPTED,ACCEPTED,True,141556400,141.5564,386000,186700,140749400,0,373900,10100,0,0,,,,none,x509-valid_active_1,0,True,240,8,
n500-identities_c25-conc_mech-x509-1backend_valid-active_r30_audit-off_20260824T234617Z,obs_aef7536f955349d3a0de22358d61776b,2026-08-24T23:46:18.236896+00:00,x509,valid_active,12,25,UAV-VALID,ACCEPTED,ACCEPTED,True,216621100,216.6211,68100,205700,215676500,0,497700,12600,0,0,,,,none,x509-valid_active_10,0,False,239,8,
n500-identities_c25-conc_mech-x509-1backend_valid-active_r30_audit-off_20260824T234617Z,obs_301eb6d5e3c544fd91e57ee1c0daa750,2026-08-24T23:46:17.864043+00:00,x509,valid_active,4,25,UAV-VALID,ACCEPTED,ACCEPTED,True,34143700,34.1437,77200,184500,33022500,0,536400,12200,0,0,,,,none,x509-valid_active_6,0,False,240,8,
n500-identities_c25-conc_mech-x509-1backend_valid-active_r30_audit-off_20260824T234617Z,obs_55649608f219468f98ae1a059d6e8c43,2026-08-24T23:46:17.828974+00:00,x509,valid_active,0,25,UAV-VALID,ACCEPTED,ACCEPTED,True,73585300,73.5853,67400,415000,72584000,0,368900,9400,0,0,,,,none,x509-valid_active_2,0,False,239,8,
n500-identities_c25-conc_mech-x509-1backend_valid-active_r30_audit-off_20260824T234617Z,obs_bb54104c65c04dc084d3a3707edac596,2026-08-24T23:46:18.214057+00:00,x509,valid_active,11,25,UAV-VALID,ACCEPTED,ACCEPTED,True,198059800,198.0598,68700,185400,197293700,0,354300,8800,0,0,,,,none,x509-valid_active_6,0,False,240,8,
n500-identities_c25-conc_mech-x509-1backend_valid-active_r30_audit-off_20260824T234617Z,obs_07c37f8b21f14fe0a54ba199ffca26d7,2026-08-24T23:46:18.267084+00:00,x509,valid_active,13,25,UAV-VALID,ACCEPTED,ACCEPTED,True,221382800,221.3828,190400,192100,220527900,0,394200,8100,0,0,,,,none,x509-valid_active_11,0,False,240,8,
n500-identities_c25-conc_mech-x509-1backend_valid-active_r30_audit-off_20260824T234617Z,obs_b161f88c066744fb8b5d202fd8aec971,2026-08-24T23:46:18.402452+00:00,x509,valid_active,6,25,UAV-VALID,ACCEPTED,ACCEPTED,True,341535300,341.5353,61800,184400,340814400,0,323100,9200,0,0,,,,none,x509-valid_active_8,0,False,240,8,
n500-identities_c25-conc_mech-x509-1backend_valid-active_r30_audit-off_20260824T234617Z,obs_95c0ce1de4694a7d9890d06ba275eaf0,2026-08-24T23:46:18.430302+00:00,x509,valid_active,9,25,UAV-VALID,ACCEPTED,ACCEPTED,True,171233900,171.2339,155200,183000,170467500,0,355400,10000,0,0,,,,none,x509-valid_active_9,0,False,240,8,
n500-identities_c25-conc_mech-x509-1backend_valid-active_r30_audit-off_20260824T234617Z,obs_6f1f70c6a2b743488bc1381df13423bf,2026-08-24T23:46:18.433468+00:00,x509,valid_active,10,25,UAV-VALID,ACCEPTED,ACCEPTED,True,192261200,192.2612,1723900,163700,191516100,0,371300,9900,0,0,,,,none,x509-valid_active_0,0,False,240,8,
n500-identities_c25-conc_mech-x509-1backend_valid-active_r30_audit-off_20260824T234617Z,obs_f616d5fa7726488aa6948a56972a4489,2026-08-24T23:46:18.449669+00:00,x509,valid_active,26,25,UAV-VALID,ACCEPTED,ACCEPTED,True,50974400,50.9744,74200,164300,50239200,0,354200,11700,0,0,,,,none,x509-valid_active_6,0,False,239,8,
n500-identities_c25-conc_mech-x509-1backend_valid-active_r30_audit-off_20260824T234617Z,obs_db45701c47984855b85fa4246bb3d4d7,2026-08-24T23:46:18.450543+00:00,x509,valid_active,19,25,UAV-VALID,ACCEPTED,ACCEPTED,True,88070900,88.0709,87600,129400,87472500,0,295900,7700,0,0,,,,none,x509-valid_active_3,0,False,239,8,
n500-identities_c25-conc_mech-x509-1backend_valid-active_r30_audit-off_20260824T234617Z,obs_3c0e8f187a69447cafdf8f1e8aa34f94,2026-08-24T23:46:18.463165+00:00,x509,valid_active,24,25,UAV-VALID,ACCEPTED,ACCEPTED,True,50483100,50.4831,75700,183800,49750500,0,331900,9400,0,0,,,,none,x509-valid_active_18,0,False,238,8,
n500-identities_c25-conc_mech-x509-1backend_valid-active_r30_audit-off_20260824T234617Z,obs_628bd6790d6f41fabd7969375a432828,2026-08-24T23:46:18.465957+00:00,x509,valid_active,20,25,UAV-VALID,ACCEPTED,ACCEPTED,True,62884300,62.8843,382700,155600,62191400,0,332200,8800,0,0,,,,none,x509-valid_active_15,0,False,238,8,
n500-identities_c25-conc_mech-x509-1backend_valid-active_r30_audit-off_20260824T234617Z,obs_c3236601f40c4da7be4891a2bf23bdf8,2026-08-24T23:46:18.467073+00:00,x509,valid_active,17,25,UAV-VALID,ACCEPTED,ACCEPTED,True,67317700,67.3177,62700,135500,66766500,0,252500,7400,0,0,,,,none,x509-valid_active_7,0,False,238,8,
n500-identities_c25-conc_mech-x509-1backend_valid-active_r30_audit-off_20260824T234617Z,obs_d79371d6d93f413e80a8b635995cd2df,2026-08-24T23:46:18.476148+00:00,x509,valid_active,18,25,UAV-VALID,ACCEPTED,ACCEPTED,True,25121500,25.1215,60700,156300,24401300,0,348400,10800,0,0,,,,none,x509-valid_active_14,0,False,239,8,
n500-identities_c25-conc_mech-x509-1backend_valid-active_r30_audit-off_20260824T234617Z,obs_eb1232e8528146ee8198299cb52b3cc2,2026-08-24T23:46:18.477828+00:00,x509,valid_active,15,25,UAV-VALID,ACCEPTED,ACCEPTED,True,116562700,116.5627,185200,178100,115229400,0,906000,12500,0,0,,,,none,x509-valid_active_13,0,False,239,8,
n500-identities_c25-conc_mech-x509-1backend_valid-active_r30_audit-off_20260824T234617Z,obs_df763743cf784d93b0748bf3ca1d8bf3,2026-08-24T23:46:18.478815+00:00,x509,valid_active,27,25,UAV-VALID,ACCEPTED,ACCEPTED,True,14322500,14.3225,69700,159700,13599100,0,356600,9800,0,0,,,,none,x509-valid_active_19,0,False,239,8,
n500-identities_c25-conc_mech-x509-1backend_valid-active_r30_audit-off_20260824T234617Z,obs_7621968f26dc4c19aa58f00704dba5fc,2026-08-24T23:46:18.479600+00:00,x509,valid_active,16,25,UAV-VALID,ACCEPTED,ACCEPTED,True,47461200,47.4612,82900,128400,46837000,0,313000,8200,0,0,,,,none,x509-valid_active_1,0,False,240,8,
n500-identities_c25-conc_mech-x509-1backend_valid-active_r30_audit-off_20260824T234617Z,obs_cef2294ccda042ac83e0f017957cb891,2026-08-24T23:46:18.480353+00:00,x509,valid_active,14,25,UAV-VALID,ACCEPTED,ACCEPTED,True,49374800,49.3748,71900,149600,48747400,0,304500,8300,0,0,,,,none,x509-valid_active_12,0,False,239,8,
n500-identities_c25-conc_mech-x509-1backend_valid-active_r30_audit-off_20260824T234617Z,obs_03a63d47cd4e449682e40fb6bdb092a6,2026-08-24T23:46:18.484425+00:00,x509,valid_active,23,25,UAV-VALID,ACCEPTED,ACCEPTED,True,27847700,27.8477,69800,229500,27052600,0,334900,10500,0,0,,,,none,x509-valid_active_17,0,False,238,8,
n500-identities_c25-conc_mech-x509-1backend_valid-active_r30_audit-off_20260824T234617Z,obs_81fb501f90934d428241cfc5348a8e90,2026-08-24T23:46:18.488418+00:00,x509,valid_active,28,25,UAV-VALID,ACCEPTED,ACCEPTED,True,26468600,26.4686,55800,147200,25753100,0,325300,10400,0,0,,,,none,x509-valid_active_10,0,False,239,8,
n500-identities_c25-conc_mech-x509-1backend_valid-active_r30_audit-off_20260824T234617Z,obs_fc33c9f7259f43849a91685bad68d3b7,2026-08-24T23:46:18.489556+00:00,x509,valid_active,29,25,UAV-VALID,ACCEPTED,ACCEPTED,True,21896900,21.8969,69500,124400,21227700,0,329800,8900,0,0,,,,none,x509-valid_active_2,0,False,238,8,
n500-identities_c25-conc_mech-x509-1backend_valid-active_r30_audit-off_20260824T234617Z,obs_1f7b887d77b94bc994d6ae61a063267f,2026-08-24T23:46:18.491658+00:00,x509,valid_active,21,25,UAV-VALID,ACCEPTED,ACCEPTED,True,52971500,52.9715,72600,172500,52013600,0,305500,9300,0,0,,,,none,x509-valid_active_4,0,False,238,8,
n500-identities_c25-conc_mech-x509-1backend_valid-active_r30_audit-off_20260824T234617Z,obs_ec7a6c745f1d4ccb96379b0fc6e86580,2026-08-24T23:46:18.492734+00:00,x509,valid_active,25,25,UAV-VALID,ACCEPTED,ACCEPTED,True,40926900,40.9269,76100,107000,40317400,0,325300,9000,0,0,,,,none,x509-valid_active_5,0,False,239,8,
n500-identities_c25-conc_mech-x509-1backend_valid-active_r30_audit-off_20260824T234617Z,obs_43e77af23d964b61981dc139b293f7db,2026-08-24T23:46:18.493836+00:00,x509,valid_active,22,25,UAV-VALID,ACCEPTED,ACCEPTED,True,34258200,34.2582,60500,177800,33531500,0,337700,13400,0,0,,,,none,x509-valid_active_16,0,False,239,8,
n500-identities_c25-conc_mech-blockchain-1backend_valid-active_r30_audit-off_20260824T234621Z,obs_2054380241104439a2b843f3759e6ca3,2026-08-24T23:46:22.353676+00:00,blockchain,valid_active,0,25,UAV-VALID,ACCEPTED,ACCEPTED,True,306455600,306.4556,74200,305532500,0,62500,405900,12300,0,0,,,,none,blockchain-valid_active_0,0,True,238,8,
n500-identities_c25-conc_mech-blockchain-1backend_valid-active_r30_audit-off_20260824T234621Z,obs_86cdc2146500453b8080c675f81485a3,2026-08-24T23:46:22.605872+00:00,blockchain,valid_active,2,25,UAV-VALID,ACCEPTED,ACCEPTED,True,485750500,485.7505,74600,484955300,0,6400,549600,12800,0,0,,,,none,blockchain-valid_active_4,0,False,239,8,
n500-identities_c25-conc_mech-blockchain-1backend_valid-active_r30_audit-off_20260824T234621Z,obs_790475732be2499681c93157fc66d39f,2026-08-24T23:46:22.639539+00:00,blockchain,valid_active,1,25,UAV-VALID,ACCEPTED,ACCEPTED,True,566177400,566.1774,73500,565584300,0,6900,367200,11200,0,0,,,,none,blockchain-valid_active_1,0,True,239,8,
n500-identities_c25-conc_mech-blockchain-1backend_valid-active_r30_audit-off_20260824T234621Z,obs_61ebe085333b43c4bf5110b15338a26f,2026-08-24T23:46:22.880763+00:00,blockchain,valid_active,3,25,UAV-VALID,ACCEPTED,ACCEPTED,True,752905300,752.9053,54900,750208400,0,6900,408700,11500,0,0,,,,none,blockchain-valid_active_5,0,False,239,8,
n500-identities_c25-conc_mech-blockchain-1backend_valid-active_r30_audit-off_20260824T234621Z,obs_493fb9dbca0a49f2922b8722ad551214,2026-08-24T23:46:23.154915+00:00,blockchain,valid_active,7,25,UAV-VALID,ACCEPTED,ACCEPTED,True,911347100,911.3471,87400,906902900,0,6900,4160500,14800,0,0,,,,none,blockchain-valid_active_9,0,False,240,8,
n500-identities_c25-conc_mech-blockchain-1backend_valid-active_r30_audit-off_20260824T234621Z,obs_78e7fed709584459b4e6837ce7bea70e,2026-08-24T23:46:23.162963+00:00,blockchain,valid_active,11,25,UAV-VALID,ACCEPTED,ACCEPTED,True,852791800,852.7918,99700,852148500,0,6300,399400,10400,0,0,,,,none,blockchain-valid_active_13,0,False,239,8,
n500-identities_c25-conc_mech-blockchain-1backend_valid-active_r30_audit-off_20260824T234621Z,obs_43f3aa7e21684d769b9cde7fd1d52ca9,2026-08-24T23:46:23.228421+00:00,blockchain,valid_active,0,25,UAV-VALID,ACCEPTED,ACCEPTED,True,1105207500,1105.2075,75000,1104560700,0,7500,409400,8700,0,0,,,,none,blockchain-valid_active_2,0,False,238,8,
n500-identities_c25-conc_mech-blockchain-1backend_valid-active_r30_audit-off_20260824T234621Z,obs_096e686878464cbea630ea08903100af,2026-08-24T23:46:23.644777+00:00,blockchain,valid_active,6,25,UAV-VALID,ACCEPTED,ACCEPTED,True,1442165100,1442.1651,99800,1440452500,0,1069500,374700,12200,0,0,,,,none,blockchain-valid_active_8,0,False,238,8,
n500-identities_c25-conc_mech-blockchain-1backend_valid-active_r30_audit-off_20260824T234621Z,obs_9ae6c616c93b42408b9075efc517630e,2026-08-24T23:46:23.805384+00:00,blockchain,valid_active,19,25,UAV-VALID,ACCEPTED,ACCEPTED,True,1074375000,1074.375,87400,1073739300,0,6600,401500,12100,0,0,,,,none,blockchain-valid_active_20,0,False,238,8,
n500-identities_c25-conc_mech-blockchain-1backend_valid-active_r30_audit-off_20260824T234621Z,obs_498f745b0c874399a3e462e8ca471581,2026-08-24T23:46:23.856844+00:00,blockchain,valid_active,4,25,UAV-VALID,ACCEPTED,ACCEPTED,True,1650027700,1650.0277,64100,1648607800,0,7700,970100,13900,0,0,,,,none,blockchain-valid_active_6,0,False,240,8,
n500-identities_c25-conc_mech-blockchain-1backend_valid-active_r30_audit-off_20260824T234621Z,obs_1c80db3639694f9dbc3cd9c87c99bf1a,2026-08-24T23:46:23.961280+00:00,blockchain,valid_active,10,25,UAV-VALID,ACCEPTED,ACCEPTED,True,1657282700,1657.2827,77700,1643445500,0,7600,566100,12400,0,0,,,,none,blockchain-valid_active_12,0,False,240,8,
n500-identities_c25-conc_mech-blockchain-1backend_valid-active_r30_audit-off_20260824T234621Z,obs_0cc58281830143b6b05b2c6f07724f7a,2026-08-24T23:46:24.020849+00:00,blockchain,valid_active,15,25,UAV-VALID,ACCEPTED,ACCEPTED,True,1466177300,1466.1773,103500,1465514600,0,6800,412700,10600,0,0,,,,none,blockchain-valid_active_17,0,False,239,8,
n500-identities_c25-conc_mech-blockchain-1backend_valid-active_r30_audit-off_20260824T234621Z,obs_09be25d53f1b42c7bec0f2368677f031,2026-08-24T23:46:24.023940+00:00,blockchain,valid_active,14,25,UAV-VALID,ACCEPTED,ACCEPTED,True,1382764500,1382.7645,66200,1381726000,0,5900,734700,20800,0,0,,,,none,blockchain-valid_active_16,0,False,238,8,
n500-identities_c25-conc_mech-blockchain-1backend_valid-active_r30_audit-off_20260824T234621Z,obs_fb142e01aed24b43bb978772109da8aa,2026-08-24T23:46:24.034761+00:00,blockchain,valid_active,5,25,UAV-VALID,ACCEPTED,ACCEPTED,True,1752959300,1752.9593,87200,1751110800,0,7100,1257900,13800,0,0,,,,none,blockchain-valid_active_7,0,False,240,8,
n500-identities_c25-conc_mech-blockchain-1backend_valid-active_r30_audit-off_20260824T234621Z,obs_b2455cd512724caeb4a714c43c56b993,2026-08-24T23:46:24.066041+00:00,blockchain,valid_active,8,25,UAV-VALID,ACCEPTED,ACCEPTED,True,1730452000,1730.452,105700,1729530400,0,6200,369700,11200,0,0,,,,none,blockchain-valid_active_10,0,False,238,8,
n500-identities_c25-conc_mech-blockchain-1backend_valid-active_r30_audit-off_20260824T234621Z,obs_39351955aa4a4c6b8cb9ae50c4ca6e0d,2026-08-24T23:46:24.109115+00:00,blockchain,valid_active,20,25,UAV-VALID,ACCEPTED,ACCEPTED,True,1290457700,1290.4577,266500,1289085400,0,7500,615100,13100,0,0,,,,none,blockchain-valid_active_21,0,False,238,8,
n500-identities_c25-conc_mech-blockchain-1backend_valid-active_r30_audit-off_20260824T234621Z,obs_6814ee4dfe984200bdc130f2c7fd88b2,2026-08-24T23:46:24.113611+00:00,blockchain,valid_active,1,25,UAV-VALID,ACCEPTED,ACCEPTED,True,1964020200,1964.0202,71300,1963125400,0,6700,405200,12100,0,0,,,,none,blockchain-valid_active_3,0,False,238,8,
n500-identities_c25-conc_mech-blockchain-1backend_valid-active_r30_audit-off_20260824T234621Z,obs_07f6e4bc5b0542c8b577fb1f122f1567,2026-08-24T23:46:24.122320+00:00,blockchain,valid_active,25,25,UAV-VALID,ACCEPTED,ACCEPTED,True,1134321000,1134.321,80200,1133731000,0,7400,361500,9100,0,0,,,,none,blockchain-valid_active_1,0,False,239,8,
n500-identities_c25-conc_mech-blockchain-1backend_valid-active_r30_audit-off_20260824T234621Z,obs_f01f6bac16304a80bab3ec3e9eb6eb65,2026-08-24T23:46:24.138943+00:00,blockchain,valid_active,17,25,UAV-VALID,ACCEPTED,ACCEPTED,True,1543765100,1543.7651,80200,1540562900,0,7000,647400,126200,0,0,,,,none,blockchain-valid_active_0,0,False,239,8,
n500-identities_c25-conc_mech-blockchain-1backend_valid-active_r30_audit-off_20260824T234621Z,obs_f54deecd7fd948368e6e8e04a3ea3369,2026-08-24T23:46:24.210662+00:00,blockchain,valid_active,24,25,UAV-VALID,ACCEPTED,ACCEPTED,True,1214937200,1214.9372,78400,1214353600,0,7000,343100,8900,0,0,,,,none,blockchain-valid_active_4,0,False,239,8,
n500-identities_c25-conc_mech-blockchain-1backend_valid-active_r30_audit-off_20260824T234621Z,obs_af066f1f0827497195f77f56f64d5b7c,2026-08-24T23:46:24.225874+00:00,blockchain,valid_active,23,25,UAV-VALID,ACCEPTED,ACCEPTED,True,1241776700,1241.7767,80500,1240415800,0,6500,762800,20100,0,0,,,,none,blockchain-valid_active_24,0,False,240,8,
n500-identities_c25-conc_mech-blockchain-1backend_valid-active_r30_audit-off_20260824T234621Z,obs_d8a7a24ad4e3493d8358b5d062ef8661,2026-08-24T23:46:24.229153+00:00,blockchain,valid_active,13,25,UAV-VALID,ACCEPTED,ACCEPTED,True,1451452600,1451.4526,2198300,1447495500,0,21600,502300,14100,0,0,,,,none,blockchain-valid_active_15,0,False,238,8,
n500-identities_c25-conc_mech-blockchain-1backend_valid-active_r30_audit-off_20260824T234621Z,obs_9f747d3e9b704a6fb30bcfeadb03115d,2026-08-24T23:46:24.232586+00:00,blockchain,valid_active,9,25,UAV-VALID,ACCEPTED,ACCEPTED,True,1919423400,1919.4234,79300,1918832000,0,6300,349500,10400,0,0,,,,none,blockchain-valid_active_11,0,False,240,8,
n500-identities_c25-conc_mech-blockchain-1backend_valid-active_r30_audit-off_20260824T234621Z,obs_d401cac4549241f59f8a0c83cbdbe8ca,2026-08-24T23:46:24.260268+00:00,blockchain,valid_active,12,25,UAV-VALID,ACCEPTED,ACCEPTED,True,1768476500,1768.4765,71400,1767724100,0,7200,402500,15500,0,0,,,,none,blockchain-valid_active_14,0,False,238,8,
n500-identities_c25-conc_mech-blockchain-1backend_valid-active_r30_audit-off_20260824T234621Z,obs_5a76d11d12a74a3db28faafb51f49f19,2026-08-24T23:46:24.266866+00:00,blockchain,valid_active,28,25,UAV-VALID,ACCEPTED,ACCEPTED,True,456237600,456.2376,79300,455361500,0,7100,558100,15700,0,0,,,,none,blockchain-valid_active_13,0,False,238,8,
n500-identities_c25-conc_mech-blockchain-1backend_valid-active_r30_audit-off_20260824T234621Z,obs_b32339ae26244f9aba6f076ded051f8c,2026-08-24T23:46:24.279700+00:00,blockchain,valid_active,22,25,UAV-VALID,ACCEPTED,ACCEPTED,True,1232081500,1232.0815,82900,1231450800,0,6400,361600,12600,0,0,,,,none,blockchain-valid_active_23,0,False,239,8,
n500-identities_c25-conc_mech-blockchain-1backend_valid-active_r30_audit-off_20260824T234621Z,obs_b69f2e09d4394da8ae89849de903cef0,2026-08-24T23:46:24.285591+00:00,blockchain,valid_active,26,25,UAV-VALID,ACCEPTED,ACCEPTED,True,584412800,584.4128,85200,583636400,0,7500,411600,13000,0,0,,,,none,blockchain-valid_active_5,0,False,238,8,
n500-identities_c25-conc_mech-blockchain-1backend_valid-active_r30_audit-off_20260824T234621Z,obs_99a36d8089d4470199a9a1724d86c126,2026-08-24T23:46:24.290009+00:00,blockchain,valid_active,21,25,UAV-VALID,ACCEPTED,ACCEPTED,True,1527071100,1527.0711,82800,1526503000,0,6600,352300,9100,0,0,,,,none,blockchain-valid_active_22,0,False,238,8,
n500-identities_c25-conc_mech-blockchain-1backend_valid-active_r30_audit-off_20260824T234621Z,obs_ee3eda9a56d647c78671ad624314c84a,2026-08-24T23:46:24.293833+00:00,blockchain,valid_active,27,25,UAV-VALID,ACCEPTED,ACCEPTED,True,478054300,478.0543,114900,477436500,0,6300,386200,12000,0,0,,,,none,blockchain-valid_active_9,0,False,239,8,
n500-identities_c25-conc_mech-blockchain-1backend_valid-active_r30_audit-off_20260824T234621Z,obs_fff342d487424aa2a2599a44ee677444,2026-08-24T23:46:24.301054+00:00,blockchain,valid_active,16,25,UAV-VALID,ACCEPTED,ACCEPTED,True,1590987600,1590.9876,81100,1590002100,0,6200,436300,12700,0,0,,,,none,blockchain-valid_active_18,0,False,240,8,
n500-identities_c25-conc_mech-blockchain-1backend_valid-active_r30_audit-off_20260824T234621Z,obs_6a0af5db985d407eaea1e7691e46198d,2026-08-24T23:46:24.315013+00:00,blockchain,valid_active,18,25,UAV-VALID,ACCEPTED,ACCEPTED,True,1097992500,1097.9925,149400,1097374400,0,6200,379800,8700,0,0,,,,none,blockchain-valid_active_19,0,False,240,8,
n500-identities_c25-conc_mech-blockchain-1backend_valid-active_r30_audit-off_20260824T234621Z,obs_d8e3f4654cb6413a9ad4a926acf354fe,2026-08-24T23:46:24.325229+00:00,blockchain,valid_active,29,25,UAV-VALID,ACCEPTED,ACCEPTED,True,484055600,484.0556,94000,483323600,0,5600,453400,35200,0,0,,,,none,blockchain-valid_active_2,0,False,240,8,
n500-identities_c50-conc_mech-x509-1backend_valid-active_r30_audit-off_20260824T234627Z,obs_3dce491291ea47b8b0f4a2519fcf44af,2026-08-24T23:46:28.409655+00:00,x509,valid_active,4,50,UAV-VALID,ACCEPTED,ACCEPTED,True,125666700,125.6667,128700,194100,124886500,0,335800,10300,0,0,,,,none,x509-valid_active_6,0,False,240,8,
n500-identities_c50-conc_mech-x509-1backend_valid-active_r30_audit-off_20260824T234627Z,obs_c139580b1c7e49f1b522898fce05c488,2026-08-24T23:46:28.450578+00:00,x509,valid_active,2,50,UAV-VALID,ACCEPTED,ACCEPTED,True,171365700,171.3657,73700,147700,170578200,0,429000,13000,0,0,,,,none,x509-valid_active_4,0,False,239,8,
n500-identities_c50-conc_mech-x509-1backend_valid-active_r30_audit-off_20260824T234627Z,obs_12ffed3d52824f2e82c0eb73f2d97053,2026-08-24T23:46:28.300602+00:00,x509,valid_active,0,50,UAV-VALID,ACCEPTED,ACCEPTED,True,77475000,77.475,59700,168500,76641500,0,433600,11900,0,0,,,,none,x509-valid_active_2,0,False,239,8,
n500-identities_c50-conc_mech-x509-1backend_valid-active_r30_audit-off_20260824T234627Z,obs_a4475337992a44d081a9fb63563d7584,2026-08-24T23:46:28.351196+00:00,x509,valid_active,1,50,UAV-VALID,ACCEPTED,ACCEPTED,True,118865000,118.865,61400,278200,117868700,0,448700,11200,0,0,,,,none,x509-valid_active_3,0,False,239,8,
n500-identities_c50-conc_mech-x509-1backend_valid-active_r30_audit-off_20260824T234627Z,obs_ebd15ed00c0e408aadad0cc79f99491e,2026-08-24T23:46:28.415956+00:00,x509,valid_active,1,50,UAV-VALID,ACCEPTED,ACCEPTED,True,139546700,139.5467,62300,157300,138625000,0,519500,11800,0,0,,,,none,x509-valid_active_1,0,True,239,8,
n500-identities_c50-conc_mech-x509-1backend_valid-active_r30_audit-off_20260824T234627Z,obs_ea4d82bf271b4f60850c9362f14e596f,2026-08-24T23:46:28.428327+00:00,x509,valid_active,5,50,UAV-VALID,ACCEPTED,ACCEPTED,True,125701700,125.7017,72100,165800,124990600,0,329700,9300,0,0,,,,none,x509-valid_active_7,0,False,240,8,
n500-identities_c50-conc_mech-x509-1backend_valid-active_r30_audit-off_20260824T234627Z,obs_d69986d898c449859c9c94392b5db9dd,2026-08-24T23:46:28.278599+00:00,x509,valid_active,0,50,UAV-VALID,ACCEPTED,ACCEPTED,True,75818400,75.8184,69300,179200,75111900,0,318800,9300,0,0,,,,none,x509-valid_active_0,0,True,240,8,
n500-identities_c50-conc_mech-x509-1backend_valid-active_r30_audit-off_20260824T234627Z,obs_e157233bd0444820af1f46ed064118f5,2026-08-24T23:46:28.496021+00:00,x509,valid_active,3,50,UAV-VALID,ACCEPTED,ACCEPTED,True,194672200,194.6722,68900,161000,193924300,0,369200,9600,0,0,,,,none,x509-valid_active_5,0,False,240,8,
n500-identities_c50-conc_mech-x509-1backend_valid-active_r30_audit-off_20260824T234627Z,obs_627257099c214c4cadc45e5e1e3e0509,2026-08-24T23:46:28.526317+00:00,x509,valid_active,8,50,UAV-VALID,ACCEPTED,ACCEPTED,True,123452200,123.4522,328400,175900,122793600,0,298400,8500,0,0,,,,none,x509-valid_active_10,0,False,240,8,
n500-identities_c50-conc_mech-x509-1backend_valid-active_r30_audit-off_20260824T234627Z,obs_755aaf4cec4047cda39696a0f488f0f9,2026-08-24T23:46:28.562877+00:00,x509,valid_active,7,50,UAV-VALID,ACCEPTED,ACCEPTED,True,123543700,123.5437,75200,166500,122787400,0,359500,10100,0,0,,,,none,x509-valid_active_9,0,False,238,8,
n500-identities_c50-conc_mech-x509-1backend_valid-active_r30_audit-off_20260824T234627Z,obs_4ef1bea73a9f4864a1222bea51f0c6fd,2026-08-24T23:46:28.593750+00:00,x509,valid_active,9,50,UAV-VALID,ACCEPTED,ACCEPTED,True,150337000,150.337,61500,193100,149604100,0,341400,9600,0,0,,,,none,x509-valid_active_11,0,False,239,8,
n500-identities_c50-conc_mech-x509-1backend_valid-active_r30_audit-off_20260824T234627Z,obs_e8d775c8f7fe439ea0e53a2252dc341a,2026-08-24T23:46:28.616242+00:00,x509,valid_active,14,50,UAV-VALID,ACCEPTED,ACCEPTED,True,175649200,175.6492,50100,146800,174516000,0,778800,11900,0,0,,,,none,x509-valid_active_15,0,False,239,8,
n500-identities_c50-conc_mech-x509-1backend_valid-active_r30_audit-off_20260824T234627Z,obs_31fb91557ece4793982a1a68bbdef08b,2026-08-24T23:46:28.639888+00:00,x509,valid_active,13,50,UAV-VALID,ACCEPTED,ACCEPTED,True,100787500,100.7875,47300,175300,100075900,0,334600,9600,0,0,,,,none,x509-valid_active_14,0,False,239,8,
n500-identities_c50-conc_mech-x509-1backend_valid-active_r30_audit-off_20260824T234627Z,obs_b8ab4d1058e94aeaa28ab787bdb87bc4,2026-08-24T23:46:28.642336+00:00,x509,valid_active,6,50,UAV-VALID,ACCEPTED,ACCEPTED,True,238012200,238.0122,87500,146500,237392700,0,291300,8700,0,0,,,,none,x509-valid_active_8,0,False,239,8,
n500-identities_c50-conc_mech-x509-1backend_valid-active_r30_audit-off_20260824T234627Z,obs_a9ce2cd22dc1445ba923db4499dd9f4f,2026-08-24T23:46:28.644462+00:00,x509,valid_active,12,50,UAV-VALID,ACCEPTED,ACCEPTED,True,121057200,121.0572,1044600,167900,120015900,0,510900,11300,0,0,,,,none,x509-valid_active_0,0,False,238,8,
n500-identities_c50-conc_mech-x509-1backend_valid-active_r30_audit-off_20260824T234627Z,obs_297a7f28c9e347d0b52facf5df9c2340,2026-08-24T23:46:28.702421+00:00,x509,valid_active,16,50,UAV-VALID,ACCEPTED,ACCEPTED,True,98704900,98.7049,50900,146800,97994000,0,334100,11600,0,0,,,,none,x509-valid_active_2,0,False,239,8,
n500-identities_c50-conc_mech-x509-1backend_valid-active_r30_audit-off_20260824T234627Z,obs_8b18d4b752c748898ddb74fb7e581c45,2026-08-24T23:46:28.708017+00:00,x509,valid_active,26,50,UAV-VALID,ACCEPTED,ACCEPTED,True,93789800,93.7898,71900,147200,92866700,0,527300,12000,0,0,,,,none,x509-valid_active_7,0,False,239,8,
n500-identities_c50-conc_mech-x509-1backend_valid-active_r30_audit-off_20260824T234627Z,obs_d0f06cd5d10443ce92ca2126ccb8347b,2026-08-24T23:46:28.709198+00:00,x509,valid_active,19,50,UAV-VALID,ACCEPTED,ACCEPTED,True,119151800,119.1518,182000,207700,118354000,0,372800,10800,0,0,,,,none,x509-valid_active_3,0,False,240,8,
n500-identities_c50-conc_mech-x509-1backend_valid-active_r30_audit-off_20260824T234627Z,obs_023743a301884fc9a7d3bcef4ce060bb,2026-08-24T23:46:28.710288+00:00,x509,valid_active,20,50,UAV-VALID,ACCEPTED,ACCEPTED,True,133011600,133.0116,50900,161400,132385300,0,278000,6400,0,0,,,,none,x509-valid_active_19,0,False,239,8,
n500-identities_c50-conc_mech-x509-1backend_valid-active_r30_audit-off_20260824T234627Z,obs_ba4cc6c0bd7c4eafa47262b7d92e057c,2026-08-24T23:46:28.712489+00:00,x509,valid_active,18,50,UAV-VALID,ACCEPTED,ACCEPTED,True,102861500,102.8615,65800,144700,102231100,0,289600,8500,0,0,,,,none,x509-valid_active_18,0,False,240,8,
n500-identities_c50-conc_mech-x509-1backend_valid-active_r30_audit-off_20260824T234627Z,obs_239c8fc30f5146db86d1bbebca411d42,2026-08-24T23:46:28.713567+00:00,x509,valid_active,11,50,UAV-VALID,ACCEPTED,ACCEPTED,True,192955100,192.9551,56900,185300,192288100,0,293900,5700,0,0,,,,none,x509-valid_active_13,0,False,239,8,
n500-identities_c50-conc_mech-x509-1backend_valid-active_r30_audit-off_20260824T234627Z,obs_d8430097a60f46b7aaedd024939cd52a,2026-08-24T23:46:28.715256+00:00,x509,valid_active,23,50,UAV-VALID,ACCEPTED,ACCEPTED,True,98133500,98.1335,58400,154900,97503900,0,290500,7300,0,0,,,,none,x509-valid_active_6,0,False,240,8,
n500-identities_c50-conc_mech-x509-1backend_valid-active_r30_audit-off_20260824T234627Z,obs_5407df140d5c45f28e9ba5cce00a80fd,2026-08-24T23:46:28.719435+00:00,x509,valid_active,10,50,UAV-VALID,ACCEPTED,ACCEPTED,True,158959000,158.959,90800,198200,158139200,0,332200,15600,0,0,,,,none,x509-valid_active_12,0,False,239,8,
n500-identities_c50-conc_mech-x509-1backend_valid-active_r30_audit-off_20260824T234627Z,obs_26b6a4670e15454b8621d3628b16d13c,2026-08-24T23:46:28.724159+00:00,x509,valid_active,27,50,UAV-VALID,ACCEPTED,ACCEPTED,True,88221600,88.2216,90600,176200,87319100,0,451500,54800,0,0,,,,none,x509-valid_active_23,0,False,238,8,
n500-identities_c50-conc_mech-x509-1backend_valid-active_r30_audit-off_20260824T234627Z,obs_b3a57d72f5a541b9932e4b7347043d08,2026-08-24T23:46:28.725005+00:00,x509,valid_active,25,50,UAV-VALID,ACCEPTED,ACCEPTED,True,86374800,86.3748,84100,170900,85662400,0,328500,9100,0,0,,,,none,x509-valid_active_22,0,False,239,8,
n500-identities_c50-conc_mech-x509-1backend_valid-active_r30_audit-off_20260824T234627Z,obs_ec509191cfd64b9db12e5d937274d6ac,2026-08-24T23:46:28.725726+00:00,x509,valid_active,15,50,UAV-VALID,ACCEPTED,ACCEPTED,True,134601800,134.6018,64700,156200,133976100,0,285900,7000,0,0,,,,none,x509-valid_active_16,0,False,239,8,
n500-identities_c50-conc_mech-x509-1backend_valid-active_r30_audit-off_20260824T234627Z,obs_023835d5d1fb496ebd19e012a2488efd,2026-08-24T23:46:28.726647+00:00,x509,valid_active,17,50,UAV-VALID,ACCEPTED,ACCEPTED,True,222587400,222.5874,65900,217200,221857200,0,303500,8900,0,0,,,,none,x509-valid_active_17,0,False,239,8,
n500-identities_c50-conc_mech-x509-1backend_valid-active_r30_audit-off_20260824T234627Z,obs_9299a8c679a04ecc8d3030c2bea40aae,2026-08-24T23:46:28.730221+00:00,x509,valid_active,24,50,UAV-VALID,ACCEPTED,ACCEPTED,True,34531000,34.531,73200,140400,33885400,0,312500,7800,0,0,,,,none,x509-valid_active_1,0,False,238,8,
n500-identities_c50-conc_mech-x509-1backend_valid-active_r30_audit-off_20260824T234627Z,obs_ec34da7166ff4ee6b6bb54209e4bc911,2026-08-24T23:46:28.732572+00:00,x509,valid_active,21,50,UAV-VALID,ACCEPTED,ACCEPTED,True,28804700,28.8047,199100,151400,27936300,0,517400,10000,0,0,,,,none,x509-valid_active_20,0,False,238,8,
n500-identities_c50-conc_mech-x509-1backend_valid-active_r30_audit-off_20260824T234627Z,obs_ce439f5ba7754d75ba7981d979db3f8e,2026-08-24T23:46:28.733814+00:00,x509,valid_active,22,50,UAV-VALID,ACCEPTED,ACCEPTED,True,113069600,113.0696,80500,172900,112228000,0,455200,12000,0,0,,,,none,x509-valid_active_21,0,False,239,8,
n500-identities_c50-conc_mech-x509-1backend_valid-active_r30_audit-off_20260824T234627Z,obs_b5cb6e146a7141a0a633bc3094ccf93d,2026-08-24T23:46:28.739713+00:00,x509,valid_active,28,50,UAV-VALID,ACCEPTED,ACCEPTED,True,25549400,25.5494,98500,122400,24769200,0,416000,10800,0,0,,,,none,x509-valid_active_4,0,False,240,8,
n500-identities_c50-conc_mech-x509-1backend_valid-active_r30_audit-off_20260824T234627Z,obs_8dcf01c240274e50b53573ab06dc640f,2026-08-24T23:46:28.740791+00:00,x509,valid_active,29,50,UAV-VALID,ACCEPTED,ACCEPTED,True,20495300,20.4953,78300,230000,19690800,0,353800,8400,0,0,,,,none,x509-valid_active_24,0,False,239,8,
n500-identities_c50-conc_mech-blockchain-1backend_valid-active_r30_audit-off_20260824T234631Z,obs_4abc038c05294777957010e8fed4602e,2026-08-24T23:46:32.802671+00:00,blockchain,valid_active,1,50,UAV-VALID,ACCEPTED,ACCEPTED,True,521772500,521.7725,59700,521117600,0,8700,403900,12200,0,0,,,,none,blockchain-valid_active_3,0,False,239,8,
n500-identities_c50-conc_mech-blockchain-1backend_valid-active_r30_audit-off_20260824T234631Z,obs_d250ec91c5e3451786aa6b4e6c2c4eb7,2026-08-24T23:46:32.858207+00:00,blockchain,valid_active,5,50,UAV-VALID,ACCEPTED,ACCEPTED,True,474962600,474.9626,78300,474299500,0,8000,421500,11000,0,0,,,,none,blockchain-valid_active_7,0,False,239,8,
n500-identities_c50-conc_mech-blockchain-1backend_valid-active_r30_audit-off_20260824T234631Z,obs_441031dc49834d8dbcb2af2b2595f5df,2026-08-24T23:46:32.606580+00:00,blockchain,valid_active,0,50,UAV-VALID,ACCEPTED,ACCEPTED,True,395777200,395.7772,76400,394925700,0,9200,577600,13600,0,0,,,,none,blockchain-valid_active_0,0,True,238,8,
n500-identities_c50-conc_mech-blockchain-1backend_valid-active_r30_audit-off_20260824T234631Z,obs_86fe8ae5e28e4e61ad6824e2a8be81c8,2026-08-24T23:46:33.158698+00:00,blockchain,valid_active,2,50,UAV-VALID,ACCEPTED,ACCEPTED,True,862031400,862.0314,53600,860560400,0,7300,1243300,14800,0,0,,,,none,blockchain-valid_active_4,0,False,238,8,
n500-identities_c50-conc_mech-blockchain-1backend_valid-active_r30_audit-off_20260824T234631Z,obs_14c7e1cd89ea4b94b0651bb085d41734,2026-08-24T23:46:33.232486+00:00,blockchain,valid_active,6,50,UAV-VALID,ACCEPTED,ACCEPTED,True,847082000,847.082,228600,846270600,0,6900,402500,39500,0,0,,,,none,blockchain-valid_active_8,0,False,239,8,
n500-identities_c50-conc_mech-blockchain-1backend_valid-active_r30_audit-off_20260824T234631Z,obs_08b0348ce8ef46e093175f7c9a9957c5,2026-08-24T23:46:33.278405+00:00,blockchain,valid_active,13,50,UAV-VALID,ACCEPTED,ACCEPTED,True,754394300,754.3943,79300,752628900,0,7400,1464900,14300,0,0,,,,none,blockchain-valid_active_15,0,False,238,8,
n500-identities_c50-conc_mech-blockchain-1backend_valid-active_r30_audit-off_20260824T234631Z,obs_d791ba384c3b474aa802d890c828818c,2026-08-24T23:46:33.425068+00:00,blockchain,valid_active,9,50,UAV-VALID,ACCEPTED,ACCEPTED,True,1015698700,1015.6987,164900,935535200,0,14100,79718800,10800,0,0,,,,none,blockchain-valid_active_11,0,False,240,8,
n500-identities_c50-conc_mech-blockchain-1backend_valid-active_r30_audit-off_20260824T234631Z,obs_e3f48d3079884aaeaad37d7e8f2487f5,2026-08-24T23:46:33.441999+00:00,blockchain,valid_active,10,50,UAV-VALID,ACCEPTED,ACCEPTED,True,1013168400,1013.1684,82000,1012306500,0,7200,556800,29200,0,0,,,,none,blockchain-valid_active_12,0,False,240,8,
n500-identities_c50-conc_mech-blockchain-1backend_valid-active_r30_audit-off_20260824T234631Z,obs_ff13e05ffec542c092dd9e81c869bb3b,2026-08-24T23:46:33.510201+00:00,blockchain,valid_active,4,50,UAV-VALID,ACCEPTED,ACCEPTED,True,1037047500,1037.0475,95700,1035714200,0,11600,984800,17200,0,0,,,,none,blockchain-valid_active_6,0,False,240,8,
n500-identities_c50-conc_mech-blockchain-1backend_valid-active_r30_audit-off_20260824T234631Z,obs_be1e359b62634d00a8d669fd4d144d95,2026-08-24T23:46:33.546349+00:00,blockchain,valid_active,0,50,UAV-VALID,ACCEPTED,ACCEPTED,True,1184499100,1184.4991,80500,1183808700,0,6600,344900,14700,0,0,,,,none,blockchain-valid_active_2,0,False,240,8,
n500-identities_c50-conc_mech-blockchain-1backend_valid-active_r30_audit-off_20260824T234631Z,obs_17c842db2efe466ea35dac1e34f3926c,2026-08-24T23:46:33.555297+00:00,blockchain,valid_active,18,50,UAV-VALID,ACCEPTED,ACCEPTED,True,730027800,730.0278,75900,729115900,0,8700,518500,11600,0,0,,,,none,blockchain-valid_active_20,0,False,239,8,
n500-identities_c50-conc_mech-blockchain-1backend_valid-active_r30_audit-off_20260824T234631Z,obs_fa395269ab40496e9da6ba263e227b13,2026-08-24T23:46:33.574243+00:00,blockchain,valid_active,17,50,UAV-VALID,ACCEPTED,ACCEPTED,True,733095600,733.0956,60000,732521700,0,6900,341700,12900,0,0,,,,none,blockchain-valid_active_19,0,False,239,8,
n500-identities_c50-conc_mech-blockchain-1backend_valid-active_r30_audit-off_20260824T234631Z,obs_3ae9a5b0fd8a4e9db6d876edfaa6e6d4,2026-08-24T23:46:33.605606+00:00,blockchain,valid_active,14,50,UAV-VALID,ACCEPTED,ACCEPTED,True,935432100,935.4321,90900,934819200,0,7800,348600,10900,0,0,,,,none,blockchain-valid_active_16,0,False,239,8,
n500-identities_c50-conc_mech-blockchain-1backend_valid-active_r30_audit-off_20260824T234631Z,obs_f4de95ca51a44ad48196c3d764b9f13c,2026-08-24T23:46:33.621792+00:00,blockchain,valid_active,1,50,UAV-VALID,ACCEPTED,ACCEPTED,True,1373696200,1373.6962,61600,1372904600,0,7300,506600,45400,0,0,,,,none,blockchain-valid_active_1,0,True,240,8,
n500-identities_c50-conc_mech-blockchain-1backend_valid-active_r30_audit-off_20260824T234631Z,obs_ee9740124ca54e039fdfd02858db34a3,2026-08-24T23:46:33.646657+00:00,blockchain,valid_active,22,50,UAV-VALID,ACCEPTED,ACCEPTED,True,674620800,674.6208,85900,674034900,0,8100,353400,11200,0,0,,,,none,blockchain-valid_active_0,0,False,239,8,
n500-identities_c50-conc_mech-blockchain-1backend_valid-active_r30_audit-off_20260824T234631Z,obs_453c11d9c95c49139201611f71629878,2026-08-24T23:46:33.661700+00:00,blockchain,valid_active,3,50,UAV-VALID,ACCEPTED,ACCEPTED,True,1289601500,1289.6015,114100,1288021900,0,7900,344700,10700,0,0,,,,none,blockchain-valid_active_5,0,False,238,8,
n500-identities_c50-conc_mech-blockchain-1backend_valid-active_r30_audit-off_20260824T234631Z,obs_8e4953f6c10a4d74b60e662e68fbf2a5,2026-08-24T23:46:33.730904+00:00,blockchain,valid_active,26,50,UAV-VALID,ACCEPTED,ACCEPTED,True,629908900,629.9089,121000,628868600,0,17900,574400,12100,0,0,,,,none,blockchain-valid_active_27,0,False,240,8,
n500-identities_c50-conc_mech-blockchain-1backend_valid-active_r30_audit-off_20260824T234631Z,obs_907917d2dc9c4dcf8065957ef2f86c1b,2026-08-24T23:46:33.758073+00:00,blockchain,valid_active,29,50,UAV-VALID,ACCEPTED,ACCEPTED,True,569209700,569.2097,206100,568616100,0,7300,324100,6700,0,0,,,,none,blockchain-valid_active_7,0,False,240,8,
n500-identities_c50-conc_mech-blockchain-1backend_valid-active_r30_audit-off_20260824T234631Z,obs_77b20887ecc04b009b19d8bf7ed8770a,2026-08-24T23:46:33.761863+00:00,blockchain,valid_active,8,50,UAV-VALID,ACCEPTED,ACCEPTED,True,1257775200,1257.7752,84800,1257147300,0,6900,351700,10500,0,0,,,,none,blockchain-valid_active_10,0,False,239,8,
n500-identities_c50-conc_mech-blockchain-1backend_valid-active_r30_audit-off_20260824T234631Z,obs_2c64febf943c4ea89c4c2bf12ea63ea1,2026-08-24T23:46:33.770208+00:00,blockchain,valid_active,21,50,UAV-VALID,ACCEPTED,ACCEPTED,True,742751200,742.7512,309200,742177700,0,5600,313300,8800,0,0,,,,none,blockchain-valid_active_23,0,False,239,8,
n500-identities_c50-conc_mech-blockchain-1backend_valid-active_r30_audit-off_20260824T234631Z,obs_f78ffba4e2404e0986cd8fe1e23390b6,2026-08-24T23:46:33.789029+00:00,blockchain,valid_active,7,50,UAV-VALID,ACCEPTED,ACCEPTED,True,1301065200,1301.0652,87200,1300430400,0,8400,341600,10200,0,0,,,,none,blockchain-valid_active_9,0,False,239,8,
n500-identities_c50-conc_mech-blockchain-1backend_valid-active_r30_audit-off_20260824T234631Z,obs_0a15c56c13e147b7ab9e6d7886e99f54,2026-08-24T23:46:33.792083+00:00,blockchain,valid_active,23,50,UAV-VALID,ACCEPTED,ACCEPTED,True,615412300,615.4123,64700,614335200,0,7100,367500,11800,0,0,,,,none,blockchain-valid_active_24,0,False,238,8,
n500-identities_c50-conc_mech-blockchain-1backend_valid-active_r30_audit-off_20260824T234631Z,obs_06b0930f89294153955270139a88bd20,2026-08-24T23:46:33.795966+00:00,blockchain,valid_active,28,50,UAV-VALID,ACCEPTED,ACCEPTED,True,617333700,617.3337,65400,616731500,0,7500,343900,9800,0,0,,,,none,blockchain-valid_active_3,0,False,238,8,
n500-identities_c50-conc_mech-blockchain-1backend_valid-active_r30_audit-off_20260824T234631Z,obs_56a9f70a36004c999b2b20da0cbecd8c,2026-08-24T23:46:33.809466+00:00,blockchain,valid_active,20,50,UAV-VALID,ACCEPTED,ACCEPTED,True,919819800,919.8198,85400,919215600,0,9000,339200,10600,0,0,,,,none,blockchain-valid_active_22,0,False,240,8,
n500-identities_c50-conc_mech-blockchain-1backend_valid-active_r30_audit-off_20260824T234631Z,obs_9cac328ee71d4ef0a185a1ca9f3d9daf,2026-08-24T23:46:33.812461+00:00,blockchain,valid_active,27,50,UAV-VALID,ACCEPTED,ACCEPTED,True,637886200,637.8862,83200,637345200,0,5900,315400,9600,0,0,,,,none,blockchain-valid_active_28,0,False,239,8,
n500-identities_c50-conc_mech-blockchain-1backend_valid-active_r30_audit-off_20260824T234631Z,obs_ea489ed634114aeba25d04bf5ecb9fe8,2026-08-24T23:46:33.816347+00:00,blockchain,valid_active,19,50,UAV-VALID,ACCEPTED,ACCEPTED,True,1032673300,1032.6733,76300,1031720900,0,7000,405100,11000,0,0,,,,none,blockchain-valid_active_21,0,False,239,8,
n500-identities_c50-conc_mech-blockchain-1backend_valid-active_r30_audit-off_20260824T234631Z,obs_9d7785323e3446b7bac3929514cbf2cf,2026-08-24T23:46:33.819550+00:00,blockchain,valid_active,11,50,UAV-VALID,ACCEPTED,ACCEPTED,True,1264289600,1264.2896,75400,1263693000,0,6200,368700,10400,0,0,,,,none,blockchain-valid_active_13,0,False,240,8,
n500-identities_c50-conc_mech-blockchain-1backend_valid-active_r30_audit-off_20260824T234631Z,obs_73b85ef7753e4b299f14fbb1071f3e6f,2026-08-24T23:46:33.829169+00:00,blockchain,valid_active,12,50,UAV-VALID,ACCEPTED,ACCEPTED,True,1313394500,1313.3945,172500,1312729300,0,5100,323700,8900,0,0,,,,none,blockchain-valid_active_14,0,False,240,8,
n500-identities_c50-conc_mech-blockchain-1backend_valid-active_r30_audit-off_20260824T234631Z,obs_ad8a9b740e2449edb854002db96a488d,2026-08-24T23:46:33.838076+00:00,blockchain,valid_active,15,50,UAV-VALID,ACCEPTED,ACCEPTED,True,1101416100,1101.4161,101500,1100724200,0,8800,391200,10400,0,0,,,,none,blockchain-valid_active_17,0,False,239,8,
n500-identities_c50-conc_mech-blockchain-1backend_valid-active_r30_audit-off_20260824T234631Z,obs_83c7f994bb024fa691703c87578484df,2026-08-24T23:46:33.854703+00:00,blockchain,valid_active,16,50,UAV-VALID,ACCEPTED,ACCEPTED,True,591130300,591.1303,73000,590616400,0,5300,324800,10000,0,0,,,,none,blockchain-valid_active_18,0,False,240,8,
n500-identities_c50-conc_mech-blockchain-1backend_valid-active_r30_audit-off_20260824T234631Z,obs_1bfdb7e7cf3b4c0eb5675cd642c35f40,2026-08-24T23:46:33.869000+00:00,blockchain,valid_active,25,50,UAV-VALID,ACCEPTED,ACCEPTED,True,305773000,305.773,96700,304913500,0,7800,574900,13300,0,0,,,,none,blockchain-valid_active_26,0,False,240,8,
n500-identities_c50-conc_mech-blockchain-1backend_valid-active_r30_audit-off_20260824T234631Z,obs_827300cf93d44f6cad89c396ad912eca,2026-08-24T23:46:33.872724+00:00,blockchain,valid_active,24,50,UAV-VALID,ACCEPTED,ACCEPTED,True,388625100,388.6251,247700,387766400,0,7200,436500,15800,0,0,,,,none,blockchain-valid_active_25,0,False,239,8,
n10-identities_c1-conc_mech-blockchain-1backend_valid-active_r30_audit-on_20260824T234640Z,obs_86cf91cbf4584495a46d6d543d47a9de,2026-08-24T23:46:41.224259+00:00,blockchain,valid_active,0,1,UAV-VALID,ACCEPTED,ACCEPTED,True,40722900,40.7229,135400,39979700,0,7900,418400,13200,14857200,349137100,fcbe1d8cca16f0325e882788fbc6a3b6dda55aa2031300e3c1421960cbe39c25,5459.0,30291.0,none,blockchain-valid_active_0,0,True,239,8,
n10-identities_c1-conc_mech-blockchain-1backend_valid-active_r30_audit-on_20260824T234640Z,obs_f5d57f7b68804f6d96792de80ea2a57b,2026-08-24T23:46:43.102431+00:00,blockchain,valid_active,1,1,UAV-VALID,ACCEPTED,ACCEPTED,True,36731400,36.7314,87200,35768000,0,8800,688000,13700,27825900,1590536600,adc5b5c9986fc2a6fe83cb08a37caf6c21557a209e9de8a279b04439076b9034,5460.0,30291.0,none,blockchain-valid_active_0,0,True,239,8,
n10-identities_c1-conc_mech-blockchain-1backend_valid-active_r30_audit-on_20260824T234640Z,obs_08335c3e6b2e4ec39dbb96601b6bcd8d,2026-08-24T23:46:45.249083+00:00,blockchain,valid_active,0,1,UAV-VALID,ACCEPTED,ACCEPTED,True,121723000,121.723,101700,120705100,0,98300,469200,11900,21210500,1917468200,7d34f4c8880b280e5534be09cb1c65b27dd8e5ab8cc32ef39fbcd2f9d51fde20,5461.0,30291.0,none,blockchain-valid_active_0,0,False,240,8,
n10-identities_c1-conc_mech-blockchain-1backend_valid-active_r30_audit-on_20260824T234640Z,obs_1203583c44ea4b9d81d13d2eb9d6b179,2026-08-24T23:46:47.482945+00:00,blockchain,valid_active,1,1,UAV-VALID,ACCEPTED,ACCEPTED,True,47008500,47.0085,74200,46002600,0,9800,610200,15600,22744200,2088426400,cc4f80770246d1bbd922a78153abe0e791856e07e5e2e5f23d2795003aca26ff,5462.0,30291.0,none,blockchain-valid_active_0,0,False,238,8,
n10-identities_c1-conc_mech-blockchain-1backend_valid-active_r30_audit-on_20260824T234640Z,obs_86de78d4ab65471ab4eba4a734a16ae7,2026-08-24T23:46:49.538701+00:00,blockchain,valid_active,2,1,UAV-VALID,ACCEPTED,ACCEPTED,True,58371800,58.3718,77700,57256000,0,8100,748800,13700,30307900,1855699800,2386e7506dd87f47f27eb806540a8575f257eab93a401a2ca3484e1f41ece7b0,5463.0,30291.0,none,blockchain-valid_active_0,0,False,239,8,
n10-identities_c1-conc_mech-blockchain-1backend_valid-active_r30_audit-on_20260824T234640Z,obs_5ecaea32d52e4d3fb2a642994fe527d5,2026-08-24T23:46:51.155431+00:00,blockchain,valid_active,3,1,UAV-VALID,ACCEPTED,ACCEPTED,True,104725500,104.7255,103400,104060200,0,7900,376000,10700,30665900,1341487700,fbde7709ecf3f4138c9cc4de962a99a7f71448161df4472f927d239bfba3a50f,5464.0,30291.0,none,blockchain-valid_active_0,0,False,238,8,
n10-identities_c1-conc_mech-blockchain-1backend_valid-active_r30_audit-on_20260824T234640Z,obs_c06d5bd91a32407f8fa2baaa717e655d,2026-08-24T23:46:53.194333+00:00,blockchain,valid_active,4,1,UAV-VALID,ACCEPTED,ACCEPTED,True,32566000,32.566,57800,31991800,0,6600,355600,9200,13916300,1927385800,61a8ea10a0e81a7d5838555a1053b49c296eb09b9ecddafb401bacf9d7dc39ec,5465.0,30291.0,none,blockchain-valid_active_0,0,False,240,8,
n10-identities_c1-conc_mech-blockchain-1backend_valid-active_r30_audit-on_20260824T234640Z,obs_beaeacbcd7e24969b8a765cf8f24e36d,2026-08-24T23:46:55.159821+00:00,blockchain,valid_active,5,1,UAV-VALID,ACCEPTED,ACCEPTED,True,43890600,43.8906,147700,42711100,0,27500,901600,12200,22929800,1829742700,38d6a9b7636572212f35557da53db21cf35383b15b9c6abefa515cfa5c56ab9f,5466.0,30291.0,none,blockchain-valid_active_0,0,False,239,8,
n10-identities_c1-conc_mech-blockchain-1backend_valid-active_r30_audit-on_20260824T234640Z,obs_f9c579739d4f49d68e3e0e233c83702e,2026-08-24T23:46:57.134795+00:00,blockchain,valid_active,6,1,UAV-VALID,ACCEPTED,ACCEPTED,True,51516700,51.5167,102900,50896700,0,8200,376100,10900,18416300,1831405600,81ef131be5904caa1955db05ceb03c108382b9dde5bad069c12f1a610a6b1cc3,5467.0,30291.0,none,blockchain-valid_active_0,0,False,240,8,
n10-identities_c1-conc_mech-blockchain-1backend_valid-active_r30_audit-on_20260824T234640Z,obs_59a06641fee54e3eafd139a6869d9cf8,2026-08-24T23:46:59.280966+00:00,blockchain,valid_active,7,1,UAV-VALID,ACCEPTED,ACCEPTED,True,44079800,44.0798,77100,43094700,0,7900,354400,9100,25590100,1931939600,6d772e0d73c7a93a0027586e132d33e6ed4c0a1e524ee601d62976f3e9b146e0,5468.0,30291.0,none,blockchain-valid_active_0,0,False,238,8,
n10-identities_c1-conc_mech-blockchain-1backend_valid-active_r30_audit-on_20260824T234640Z,obs_7dcf9c0289f04a3f85c2d7b2bcbd78ab,2026-08-24T23:47:01.080631+00:00,blockchain,valid_active,8,1,UAV-VALID,ACCEPTED,ACCEPTED,True,101918300,101.9183,97700,101147300,0,8200,457200,13300,26206300,1538177200,06b86a81e880f5e1be1b07880faf89f09a8741ca2d48b43d11010d0c7973cbf3,5469.0,30291.0,none,blockchain-valid_active_0,0,False,240,8,
n10-identities_c1-conc_mech-blockchain-1backend_valid-active_r30_audit-on_20260824T234640Z,obs_d3d9017b72ca40d6905059334d6c1de0,2026-08-24T23:47:05.096844+00:00,blockchain,valid_active,9,1,UAV-VALID,ACCEPTED,ACCEPTED,True,1949153200,1949.1532,84900,1947528600,0,6900,1339000,16300,61145100,1881519600,553d708574fd7104018fb51b6b2c13f5944a00a05174a1b2eeaeee99271e8df6,5471.0,30291.0,none,blockchain-valid_active_0,0,False,239,8,
n10-identities_c1-conc_mech-blockchain-1backend_valid-active_r30_audit-on_20260824T234640Z,obs_67d2a3518e4b470598a16c9cbcb01d14,2026-08-24T23:47:07.191873+00:00,blockchain,valid_active,10,1,UAV-VALID,ACCEPTED,ACCEPTED,True,33938500,33.9385,77700,33065900,0,8800,537600,15500,14673000,1940898300,af675a467f8c39a7f9332c4f007f1eb7700aa39dcc538e9ee4c1649319138db0,5472.0,30291.0,none,blockchain-valid_active_0,0,False,239,8,
n10-identities_c1-conc_mech-blockchain-1backend_valid-active_r30_audit-on_20260824T234640Z,obs_981dedd4fb2a480ab2435024b82fd605,2026-08-24T23:47:09.350385+00:00,blockchain,valid_active,11,1,UAV-VALID,ACCEPTED,ACCEPTED,True,31862400,31.8624,75100,31185100,0,7900,440100,11200,11773300,2037034700,4f48e7d2e2f6814911327c46e71c1cd3bf3eb978dbbbef84d9a578a6ad71f5db,5473.0,30291.0,none,blockchain-valid_active_0,0,False,239,8,
n10-identities_c1-conc_mech-blockchain-1backend_valid-active_r30_audit-on_20260824T234640Z,obs_e82ab3c63f6f4283ac7f6be07ebba7a0,2026-08-24T23:47:11.051773+00:00,blockchain,valid_active,12,1,UAV-VALID,ACCEPTED,ACCEPTED,True,36806600,36.8066,115400,36029900,0,8800,385900,11900,25231200,1562984100,160cafc1312bc2fa99d51f02eeb88543e937a253213a2de4dbed8a55ad584829,5474.0,30291.0,none,blockchain-valid_active_0,0,False,239,8,
n10-identities_c1-conc_mech-blockchain-1backend_valid-active_r30_audit-on_20260824T234640Z,obs_091f8a6cbf474e87b24ed1c323cc163c,2026-08-24T23:47:13.130482+00:00,blockchain,valid_active,13,1,UAV-VALID,ACCEPTED,ACCEPTED,True,22971400,22.9714,71400,22542400,0,4800,272400,6200,12750300,1985805600,ab188935d24fcfdb0086126d66f5caa343799d826911a8e4638c7cbde5d7a5dc,5475.0,30291.0,none,blockchain-valid_active_0,0,False,239,8,
n10-identities_c1-conc_mech-blockchain-1backend_valid-active_r30_audit-on_20260824T234640Z,obs_0fa92e2fadcb4c71b6cb7ffa43dd68b1,2026-08-24T23:47:15.227856+00:00,blockchain,valid_active,14,1,UAV-VALID,ACCEPTED,ACCEPTED,True,70223700,70.2237,104300,69600600,0,8400,393400,9800,18564700,1912403300,f2028e3dbf758375e890c78c87f4eb613767b8fb2378c6cd36f6a93c711e0d79,5476.0,30291.0,none,blockchain-valid_active_0,0,False,238,8,
n10-identities_c1-conc_mech-blockchain-1backend_valid-active_r30_audit-on_20260824T234640Z,obs_120168409f87452c99b3cca592541e39,2026-08-24T23:47:17.257630+00:00,blockchain,valid_active,15,1,UAV-VALID,ACCEPTED,ACCEPTED,True,27736700,27.7367,53600,27204800,0,6200,335000,10100,14621600,1929702500,e547f5dcb1e986b1ccc89ae1d407cc3fc571779c13240b307d09fdc3a234f9c2,5477.0,30291.0,none,blockchain-valid_active_0,0,False,239,8,
n10-identities_c1-conc_mech-blockchain-1backend_valid-active_r30_audit-on_20260824T234640Z,obs_12a1ddd62170488c970b5dffa810ceb1,2026-08-24T23:47:19.159238+00:00,blockchain,valid_active,16,1,UAV-VALID,ACCEPTED,ACCEPTED,True,33559000,33.559,163600,32856500,0,8100,346300,9400,14591800,1789436300,ca68690585817e8a192d7b815328052d07dd8f9d7c4ae7c0e770c203e4a6e8ab,5478.0,30291.0,none,blockchain-valid_active_0,0,False,240,8,
n10-identities_c1-conc_mech-blockchain-1backend_valid-active_r30_audit-on_20260824T234640Z,obs_3a22c09b67874c7094b2accf6018e537,2026-08-24T23:47:21.732991+00:00,blockchain,valid_active,17,1,UAV-VALID,ACCEPTED,ACCEPTED,True,64615300,64.6153,72300,63987400,0,8300,379100,32400,20334800,2398102400,c40a4207733feb42c5a930253a869cf5ba71c9f06a3657a4b6ce13bdb2055280,5479.0,30291.0,none,blockchain-valid_active_0,0,False,239,8,
n10-identities_c1-conc_mech-blockchain-1backend_valid-active_r30_audit-on_20260824T234640Z,obs_f6b9a451e767438195b7f8342eb24361,2026-08-24T23:47:23.214229+00:00,blockchain,valid_active,18,1,UAV-VALID,ACCEPTED,ACCEPTED,True,85678000,85.678,82200,84974600,0,8600,404000,9900,32708600,1124197500,f4ea438ee3e05eb6c1b01aa0af4fba806c5198cf1d2c8efdac821e7d48f635db,5480.0,30291.0,none,blockchain-valid_active_0,0,False,239,8,
n10-identities_c1-conc_mech-blockchain-1backend_valid-active_r30_audit-on_20260824T234640Z,obs_d1ca8de662fc44ee8d712ac72c5bf951,2026-08-24T23:47:25.104118+00:00,blockchain,valid_active,19,1,UAV-VALID,ACCEPTED,ACCEPTED,True,34336600,34.3366,83300,33841400,0,5400,307300,10600,16230000,1776088300,ce9be6125c89790b26e250b74d0c5830cf382023ffd6e33a2ef63600470c7634,5481.0,30291.0,none,blockchain-valid_active_0,0,False,239,8,
n10-identities_c1-conc_mech-blockchain-1backend_valid-active_r30_audit-on_20260824T234640Z,obs_9b4c83e48895462586bd37a1b7e47536,2026-08-24T23:47:27.135159+00:00,blockchain,valid_active,20,1,UAV-VALID,ACCEPTED,ACCEPTED,True,28554000,28.554,79500,27972900,0,6800,353600,10600,24164200,1907897600,6ae8424e90f01b8084d01911b9fdfa251cfdc0e3083c51b0dba0e18715891ae9,5482.0,30291.0,none,blockchain-valid_active_0,0,False,238,8,
n10-identities_c1-conc_mech-blockchain-1backend_valid-active_r30_audit-on_20260824T234640Z,obs_3d6312ac15b1476ba8e6bb4dbbb8c665,2026-08-24T23:47:29.204416+00:00,blockchain,valid_active,21,1,UAV-VALID,ACCEPTED,ACCEPTED,True,33138100,33.1381,73100,32516400,0,6000,391600,11000,13881400,1954376900,116451e22c4e115245ecf71800bd7949dafbb3115d26c5edf27da34e3d7c9273,5483.0,30291.0,none,blockchain-valid_active_0,0,False,240,8,
n10-identities_c1-conc_mech-blockchain-1backend_valid-active_r30_audit-on_20260824T234640Z,obs_9c9415e331fb4776bf601a87885ebfb0,2026-08-24T23:47:31.101196+00:00,blockchain,valid_active,22,1,UAV-VALID,ACCEPTED,ACCEPTED,True,72616400,72.6164,76500,70847900,0,5800,1409300,14700,24880600,1714792500,4a2ab98d719f5a9533e8a2f8a29bdd19b1dbdf717ac7103f5c413042dfe28e29,5484.0,30291.0,none,blockchain-valid_active_0,0,False,239,8,
n10-identities_c1-conc_mech-blockchain-1backend_valid-active_r30_audit-on_20260824T234640Z,obs_3a3e2d9d967148b5bb81255272b3fb30,2026-08-24T23:47:33.236738+00:00,blockchain,valid_active,23,1,UAV-VALID,ACCEPTED,ACCEPTED,True,40926100,40.9261,100900,40326100,0,6100,341800,9900,16465600,1977814500,e9637b7cbe4870024f89ec974397997144ad419fafc1fc536be038a6001887c0,5485.0,30291.0,none,blockchain-valid_active_0,0,False,240,8,
n10-identities_c1-conc_mech-blockchain-1backend_valid-active_r30_audit-on_20260824T234640Z,obs_5ae718d81d5a46a183836ac94006b00a,2026-08-24T23:47:35.087286+00:00,blockchain,valid_active,24,1,UAV-VALID,ACCEPTED,ACCEPTED,True,30243000,30.243,79800,29740900,0,6100,316500,7300,13043000,1703075200,39d097122cab41a2a9ad5aba161989e0b4e490621f911acdebe8f5899f6278a3,5486.0,30291.0,none,blockchain-valid_active_0,0,False,239,8,
n10-identities_c1-conc_mech-blockchain-1backend_valid-active_r30_audit-on_20260824T234640Z,obs_ea18ce71863b448a8d4523057186462f,2026-08-24T23:47:37.195949+00:00,blockchain,valid_active,25,1,UAV-VALID,ACCEPTED,ACCEPTED,True,33671900,33.6719,69500,33106800,0,5400,366100,8400,15084800,1973380100,b01d8e8c67c66b8912c0f84d50565189c4d351d3113a16a6cc37620a8b38a855,5487.0,30291.0,none,blockchain-valid_active_0,0,False,239,8,
n10-identities_c1-conc_mech-blockchain-1backend_valid-active_r30_audit-on_20260824T234640Z,obs_930c68a5ef6942e488bd94f7f1e513b7,2026-08-24T23:47:39.250651+00:00,blockchain,valid_active,26,1,UAV-VALID,ACCEPTED,ACCEPTED,True,38149500,38.1495,67700,37432200,0,7400,463600,10900,15224000,1931846500,0460b4bc996fe6dbafcdab8fd0456cf1271a4bed86a0451eaa708b4c7f993719,5488.0,30291.0,none,blockchain-valid_active_0,0,False,239,8,
n10-identities_c1-conc_mech-blockchain-1backend_valid-active_r30_audit-on_20260824T234640Z,obs_66bbb593a5c64e17966777681abe4ad3,2026-08-24T23:47:41.095241+00:00,blockchain,valid_active,27,1,UAV-VALID,ACCEPTED,ACCEPTED,True,39185700,39.1857,59900,38582700,0,5900,379900,10600,28363300,1551236500,2914130f250d58cd7d25d12959fb19cc32fcd41d8e492dae1879500bc16e7100,5489.0,30291.0,none,blockchain-valid_active_0,0,False,239,8,
n10-identities_c1-conc_mech-blockchain-1backend_valid-active_r30_audit-on_20260824T234640Z,obs_dfacf2bb1f3146018245d473d86f73dc,2026-08-24T23:47:43.135751+00:00,blockchain,valid_active,28,1,UAV-VALID,ACCEPTED,ACCEPTED,True,36374700,36.3747,75300,34432200,0,8000,423600,12000,23260600,1918687800,183f1d21de4959e5de2623d6da281fea5925ff2ca9c9a212280ec9529e8bf621,5490.0,30291.0,none,blockchain-valid_active_0,0,False,238,8,
n10-identities_c1-conc_mech-blockchain-1backend_valid-active_r30_audit-on_20260824T234640Z,obs_92e2cf3605bf459384ccc7311aed32ef,2026-08-24T23:47:45.126789+00:00,blockchain,valid_active,29,1,UAV-VALID,ACCEPTED,ACCEPTED,True,34158500,34.1585,79700,33734000,0,5800,254000,6000,13883600,1890469100,f470fe87c71f3f0c9cd23c4740c59e2663a7c87764d1d18443b46294e38f118e,5491.0,30291.0,none,blockchain-valid_active_0,0,False,238,8,
