run_id,observation_id,utc_timestamp,mechanism,scenario,repetition,concurrency_level,uav_id,expected_outcome,observed_outcome,expectation_met,decision_latency_ns,decision_latency_ms,challenge_generation_ns,identity_lookup_ns,certificate_validation_ns,contract_call_ns,signature_verification_ns,authorisation_check_ns,audit_submission_ns,audit_confirmation_ns,tx_hash,block_number,gas_used,timeout_error_class,worker_id,payload_size,warmup,request_bytes,response_bytes,notes
n10-identities_c1-conc_mech-x509-1backend_valid-active_r30_audit-off_20260903T170053Z,obs_058d4b12536148b2a28127571403edf5,2026-09-03T17:00:57.771206+00:00,x509,valid_active,0,1,UAV-VALID,ACCEPTED,ACCEPTED,True,4817500,4.8175,41600,640700,3925900,0,146400,4700,0,0,,,,none,MainThread,0,True,239,8,
n10-identities_c1-conc_mech-x509-1backend_valid-active_r30_audit-off_20260903T170053Z,obs_b9c7b49de26441d0a899a2ceb2eca26c,2026-09-03T17:00:57.777778+00:00,x509,valid_active,1,1,UAV-VALID,ACCEPTED,ACCEPTED,True,1953300,1.9533,51100,92200,1490800,0,221700,9700,0,0,,,,none,MainThread,0,True,239,8,
n10-identities_c1-conc_mech-x509-1backend_valid-active_r30_audit-off_20260903T170053Z,obs_8b8cbf16615345b980788cace6fcbd07,2026-09-03T17:00:57.787324+00:00,x509,valid_active,0,1,UAV-VALID,ACCEPTED,ACCEPTED,True,1241100,1.2411,35300,73200,961200,0,127600,4600,0,0,,,,none,x509-valid_active_0,0,False,238,8,
n10-identities_c1-conc_mech-x509-1backend_valid-active_r30_audit-off_20260903T170053Z,obs_a7d5f158185f45859c0a23bfc8f1a7dd,2026-09-03T17:00:57.790926+00:00,x509,valid_active,1,1,UAV-VALID,ACCEPTED,ACCEPTED,True,1813900,1.8139,37000,83000,1405900,0,207100,6000,0,0,,,,none,x509-valid_active_0,0,False,239,8,
n10-identities_c1-conc_mech-x509-1backend_valid-active_r30_audit-off_20260903T170053Z,obs_4a52528020d840869a829bb275467078,2026-09-03T17:00:57.795235+00:00,x509,valid_active,2,1,UAV-VALID,ACCEPTED,ACCEPTED,True,2215500,2.2155,44900,63700,1837400,0,194800,6900,0,0,,,,none,x509-valid_active_0,0,False,240,8,
n10-identities_c1-conc_mech-x509-1backend_valid-active_r30_audit-off_20260903T170053Z,obs_9573f4cee2a84ca6b7b9f35bb9a7b869,2026-09-03T17:00:57.799300+00:00,x509,valid_active,3,1,UAV-VALID,ACCEPTED,ACCEPTED,True,2109900,2.1099,67700,67600,1724500,0,205200,5800,0,0,,,,none,x509-valid_active_0,0,False,240,8,
n10-identities_c1-conc_mech-x509-1backend_valid-active_r30_audit-off_20260903T170053Z,obs_930856bf38434a1da9a48d3132a9e3a8,2026-09-03T17:00:57.802341+00:00,x509,valid_active,4,1,UAV-VALID,ACCEPTED,ACCEPTED,True,1585600,1.5856,29200,58600,1229700,0,195600,5200,0,0,,,,none,x509-valid_active_0,0,False,239,8,
n10-identities_c1-conc_mech-x509-1backend_valid-active_r30_audit-off_20260903T170053Z,obs_b6eaa13a394e4fe0a29b7b7a1c7d169e,2026-09-03T17:00:57.805817+00:00,x509,valid_active,5,1,UAV-VALID,ACCEPTED,ACCEPTED,True,1807100,1.8071,34300,96600,1368600,0,231200,6400,0,0,,,,none,x509-valid_active_0,0,False,240,8,
n10-identities_c1-conc_mech-x509-1backend_valid-active_r30_audit-off_20260903T170053Z,obs_10760fcae3394221a0ce97d813433c1c,2026-09-03T17:00:57.810123+00:00,x509,valid_active,6,1,UAV-VALID,ACCEPTED,ACCEPTED,True,1589900,1.5899,42600,70200,1243100,0,165000,5600,0,0,,,,none,x509-valid_active_0,0,False,239,8,
n10-identities_c1-conc_mech-x509-1backend_valid-active_r30_audit-off_20260903T170053Z,obs_619de24d1ab0470693913835a7572761,2026-09-03T17:00:57.814632+00:00,x509,valid_active,7,1,UAV-VALID,ACCEPTED,ACCEPTED,True,2383000,2.383,33900,103200,1903600,0,228800,8400,0,0,,,,none,x509-valid_active_0,0,False,238,8,
n10-identities_c1-conc_mech-x509-1backend_valid-active_r30_audit-off_20260903T170053Z,obs_f27c8bede05948ba92300c7816e98daf,2026-09-03T17:00:57.818604+00:00,x509,valid_active,8,1,UAV-VALID,ACCEPTED,ACCEPTED,True,2243700,2.2437,44800,96700,1796200,0,217100,7800,0,0,,,,none,x509-valid_active_0,0,False,239,8,
n10-identities_c1-conc_mech-x509-1backend_valid-active_r30_audit-off_20260903T170053Z,obs_6aad802c17db443dab4c7d825ce5a5d7,2026-09-03T17:00:57.823203+00:00,x509,valid_active,9,1,UAV-VALID,ACCEPTED,ACCEPTED,True,2995600,2.9956,34500,63800,2653200,0,165800,5000,0,0,,,,none,x509-valid_active_0,0,False,240,8,
n10-identities_c1-conc_mech-x509-1backend_valid-active_r30_audit-off_20260903T170053Z,obs_3173da9c1ff8449d9d6cbcb5dfb7cfa9,2026-09-03T17:00:57.826108+00:00,x509,valid_active,10,1,UAV-VALID,ACCEPTED,ACCEPTED,True,1303800,1.3038,37700,60500,1000900,0,154700,4800,0,0,,,,none,x509-valid_active_0,0,False,238,8,
n10-identities_c1-conc_mech-x509-1backend_valid-active_r30_audit-off_20260903T170053Z,obs_e1be75904f724e6faf261db3f4117929,2026-09-03T17:00:57.829272+00:00,x509,valid_active,11,1,UAV-VALID,ACCEPTED,ACCEPTED,True,1831500,1.8315,22400,87100,1409400,0,208800,6100,0,0,,,,none,x509-valid_active_0,0,False,238,8,
n10-identities_c1-conc_mech-x509-1backend_valid-active_r30_audit-off_20260903T170053Z,obs_abdb3bddb2004375bd564fad161410fb,2026-09-03T17:00:57.833168+00:00,x509,valid_active,12,1,UAV-VALID,ACCEPTED,ACCEPTED,True,1884500,1.8845,42400,92700,1481000,0,195900,5700,0,0,,,,none,x509-valid_active_0,0,False,239,8,
n10-identities_c1-conc_mech-x509-1backend_valid-active_r30_audit-off_20260903T170053Z,obs_2a08c6ea537f4fe381539ee769e7dbe1,2026-09-03T17:00:57.835787+00:00,x509,valid_active,13,1,UAV-VALID,ACCEPTED,ACCEPTED,True,1282100,1.2821,26000,53700,1027000,0,126900,3800,0,0,,,,none,x509-valid_active_0,0,False,239,8,
n10-identities_c1-conc_mech-x509-1backend_valid-active_r30_audit-off_20260903T170053Z,obs_f4241f23844342b19d74bca93bfd328e,2026-09-03T17:00:57.839940+00:00,x509,valid_active,14,1,UAV-VALID,ACCEPTED,ACCEPTED,True,2486800,2.4868,33600,82600,2164600,0,146600,3900,0,0,,,,none,x509-valid_active_0,0,False,239,8,
n10-identities_c1-conc_mech-x509-1backend_valid-active_r30_audit-off_20260903T170053Z,obs_4412eebf5e214b9185fa3f7f4ac81c1a,2026-09-03T17:00:57.843020+00:00,x509,valid_active,15,1,UAV-VALID,ACCEPTED,ACCEPTED,True,1463900,1.4639,36100,86200,1162100,0,131400,3500,0,0,,,,none,x509-valid_active_0,0,False,239,8,
n10-identities_c1-conc_mech-x509-1backend_valid-active_r30_audit-off_20260903T170053Z,obs_92ffdd40fa284a469ab8f8249a0167dd,2026-09-03T17:00:57.846647+00:00,x509,valid_active,16,1,UAV-VALID,ACCEPTED,ACCEPTED,True,1934100,1.9341,42600,92900,1525900,0,196500,8000,0,0,,,,none,x509-valid_active_0,0,False,239,8,
n10-identities_c1-conc_mech-x509-1backend_valid-active_r30_audit-off_20260903T170053Z,obs_b4bf909ae89d4eb88864ff579a54bd79,2026-09-03T17:00:57.850082+00:00,x509,valid_active,17,1,UAV-VALID,ACCEPTED,ACCEPTED,True,1388500,1.3885,43500,64500,1117900,0,129700,4000,0,0,,,,none,x509-valid_active_0,0,False,239,8,
n10-identities_c1-conc_mech-x509-1backend_valid-active_r30_audit-off_20260903T170053Z,obs_51bcbd4f6a5345eb95132d52a3593e1a,2026-09-03T17:00:57.853653+00:00,x509,valid_active,18,1,UAV-VALID,ACCEPTED,ACCEPTED,True,1986900,1.9869,41100,85100,1597400,0,190100,5700,0,0,,,,none,x509-valid_active_0,0,False,240,8,
n10-identities_c1-conc_mech-x509-1backend_valid-active_r30_audit-off_20260903T170053Z,obs_3bf8065f8f65436eb0398e73e4cc1bba,2026-09-03T17:00:57.856568+00:00,x509,valid_active,19,1,UAV-VALID,ACCEPTED,ACCEPTED,True,1259800,1.2598,33100,60800,987500,0,128400,3500,0,0,,,,none,x509-valid_active_0,0,False,239,8,
n10-identities_c1-conc_mech-x509-1backend_valid-active_r30_audit-off_20260903T170053Z,obs_7f3e15a38afe44629ba563552231c26b,2026-09-03T17:00:57.859577+00:00,x509,valid_active,20,1,UAV-VALID,ACCEPTED,ACCEPTED,True,1395500,1.3955,27500,59500,1119100,0,137200,3900,0,0,,,,none,x509-valid_active_0,0,False,240,8,
n10-identities_c1-conc_mech-x509-1backend_valid-active_r30_audit-off_20260903T170053Z,obs_2324e7fc1c1f4737b9e865b704f59baf,2026-09-03T17:00:57.863107+00:00,x509,valid_active,21,1,UAV-VALID,ACCEPTED,ACCEPTED,True,2045700,2.0457,28400,94500,1616100,0,198000,6700,0,0,,,,none,x509-valid_active_0,0,False,240,8,
n10-identities_c1-conc_mech-x509-1backend_valid-active_r30_audit-off_20260903T170053Z,obs_f67eb73ac0eb4507821e5130b611935f,2026-09-03T17:00:57.866503+00:00,x509,valid_active,22,1,UAV-VALID,ACCEPTED,ACCEPTED,True,1371900,1.3719,37900,64000,1096500,0,134800,3800,0,0,,,,none,x509-valid_active_0,0,False,238,8,
n10-identities_c1-conc_mech-x509-1backend_valid-active_r30_audit-off_20260903T170053Z,obs_921aaed1c54b4a61b3431aa1a1557c32,2026-09-03T17:00:57.869146+00:00,x509,valid_active,23,1,UAV-VALID,ACCEPTED,ACCEPTED,True,1332000,1.332,28400,55000,1059000,0,141200,5400,0,0,,,,none,x509-valid_active_0,0,False,238,8,
n10-identities_c1-conc_mech-x509-1backend_valid-active_r30_audit-off_20260903T170053Z,obs_c77b3b5628204413a6f36e483745afed,2026-09-03T17:00:57.872514+00:00,x509,valid_active,24,1,UAV-VALID,ACCEPTED,ACCEPTED,True,1638800,1.6388,38000,72400,1330300,0,142300,3800,0,0,,,,none,x509-valid_active_0,0,False,239,8,
n10-identities_c1-conc_mech-x509-1backend_valid-active_r30_audit-off_20260903T170053Z,obs_ebb4f55894b24433926e02d50398ed54,2026-09-03T17:00:57.875557+00:00,x509,valid_active,25,1,UAV-VALID,ACCEPTED,ACCEPTED,True,1538300,1.5383,28700,67800,1241500,0,134000,4400,0,0,,,,none,x509-valid_active_0,0,False,238,8,
n10-identities_c1-conc_mech-x509-1backend_valid-active_r30_audit-off_20260903T170053Z,obs_1567af1af9a1472b810b9769f2352513,2026-09-03T17:00:57.878765+00:00,x509,valid_active,26,1,UAV-VALID,ACCEPTED,ACCEPTED,True,1881100,1.8811,22500,52000,1519000,0,198300,5700,0,0,,,,none,x509-valid_active_0,0,False,239,8,
n10-identities_c1-conc_mech-x509-1backend_valid-active_r30_audit-off_20260903T170053Z,obs_02cb2253d36b43c187e5d54eee05907a,2026-09-03T17:00:57.882142+00:00,x509,valid_active,27,1,UAV-VALID,ACCEPTED,ACCEPTED,True,1565800,1.5658,40600,64000,1289400,0,130000,3200,0,0,,,,none,x509-valid_active_0,0,False,238,8,
n10-identities_c1-conc_mech-x509-1backend_valid-active_r30_audit-off_20260903T170053Z,obs_0ad8e18fc8aa4045b024d33a452b85dd,2026-09-03T17:00:57.886045+00:00,x509,valid_active,28,1,UAV-VALID,ACCEPTED,ACCEPTED,True,2100400,2.1004,40700,107300,1596300,0,232300,6000,0,0,,,,none,x509-valid_active_0,0,False,239,8,
n10-identities_c1-conc_mech-x509-1backend_valid-active_r30_audit-off_20260903T170053Z,obs_431f30d1ccdb4b29a8bd089e8f78b2a2,2026-09-03T17:00:57.889248+00:00,x509,valid_active,29,1,UAV-VALID,ACCEPTED,ACCEPTED,True,1522700,1.5227,29600,55800,1215200,0,168700,4200,0,0,,,,none,x509-valid_active_0,0,False,238,8,
n10-identities_c1-conc_mech-blockchain-1backend_valid-active_r30_audit-off_20260903T170059Z,obs_ebd0271dfdbd48ac90eb6e89a2fab92c,2026-09-03T17:01:21.392818+00:00,blockchain,valid_active,0,1,UAV-VALID,ACCEPTED,ACCEPTED,True,41586600,41.5866,29700,41335200,0,3700,160100,3100,0,0,,,,none,MainThread,0,True,239,8,
n10-identities_c1-conc_mech-blockchain-1backend_valid-active_r30_audit-off_20260903T170059Z,obs_183da5938ed148b4b69a6258dd068b88,2026-09-03T17:01:21.424444+00:00,blockchain,valid_active,1,1,UAV-VALID,ACCEPTED,ACCEPTED,True,26931100,26.9311,38500,26551900,0,5500,206700,4800,0,0,,,,none,MainThread,0,True,239,8,
n10-identities_c1-conc_mech-blockchain-1backend_valid-active_r30_audit-off_20260903T170059Z,obs_3e3aea8cda8e4a7c99967046f2caf80e,2026-09-03T17:01:21.469315+00:00,blockchain,valid_active,0,1,UAV-VALID,ACCEPTED,ACCEPTED,True,39987500,39.9875,39900,39679700,0,2600,200000,5500,0,0,,,,none,blockchain-valid_active_0,0,False,240,8,
n10-identities_c1-conc_mech-blockchain-1backend_valid-active_r30_audit-off_20260903T170059Z,obs_3caeb2c0e8ed4f2c94c75ea072a83c19,2026-09-03T17:01:21.512552+00:00,blockchain,valid_active,1,1,UAV-VALID,ACCEPTED,ACCEPTED,True,41850500,41.8505,30000,41547700,0,3800,196300,5900,0,0,,,,none,blockchain-valid_active_0,0,False,238,8,
n10-identities_c1-conc_mech-blockchain-1backend_valid-active_r30_audit-off_20260903T170059Z,obs_f3843a8c8aa34296beeab6335115ec51,2026-09-03T17:01:21.538771+00:00,blockchain,valid_active,2,1,UAV-VALID,ACCEPTED,ACCEPTED,True,25035600,25.0356,34700,24687900,0,2800,197000,5200,0,0,,,,none,blockchain-valid_active_0,0,False,238,8,
n10-identities_c1-conc_mech-blockchain-1backend_valid-active_r30_audit-off_20260903T170059Z,obs_0ef8b5a1ca8547f38f734e88a6c821a5,2026-09-03T17:01:21.575324+00:00,blockchain,valid_active,3,1,UAV-VALID,ACCEPTED,ACCEPTED,True,34986600,34.9866,30500,34721900,0,3300,166600,3400,0,0,,,,none,blockchain-valid_active_0,0,False,238,8,
n10-identities_c1-conc_mech-blockchain-1backend_valid-active_r30_audit-off_20260903T170059Z,obs_c33b2e2ed0ad4ec7a99068acbae3d421,2026-09-03T17:01:21.625673+00:00,blockchain,valid_active,4,1,UAV-VALID,ACCEPTED,ACCEPTED,True,48870900,48.8709,25100,48601600,0,2800,154400,3500,0,0,,,,none,blockchain-valid_active_0,0,False,238,8,
n10-identities_c1-conc_mech-blockchain-1backend_valid-active_r30_audit-off_20260903T170059Z,obs_aac48b7f2075420fa88c252c7634b386,2026-09-03T17:01:21.669704+00:00,blockchain,valid_active,5,1,UAV-VALID,ACCEPTED,ACCEPTED,True,42569900,42.5699,41100,42203600,0,3900,233700,5100,0,0,,,,none,blockchain-valid_active_0,0,False,239,8,
n10-identities_c1-conc_mech-blockchain-1backend_valid-active_r30_audit-off_20260903T170059Z,obs_cd475a66ac5f4f2a9a4919c77e21aee8,2026-09-03T17:01:21.693839+00:00,blockchain,valid_active,6,1,UAV-VALID,ACCEPTED,ACCEPTED,True,22408700,22.4087,31200,22161200,0,2800,157900,3700,0,0,,,,none,blockchain-valid_active_0,0,False,240,8,
n10-identities_c1-conc_mech-blockchain-1backend_valid-active_r30_audit-off_20260903T170059Z,obs_6aed03a9a46948c4b076b68aef02cb50,2026-09-03T17:01:21.720091+00:00,blockchain,valid_active,7,1,UAV-VALID,ACCEPTED,ACCEPTED,True,24682600,24.6826,27500,24304100,0,4200,243300,9500,0,0,,,,none,blockchain-valid_active_0,0,False,239,8,
n10-identities_c1-conc_mech-blockchain-1backend_valid-active_r30_audit-off_20260903T170059Z,obs_882f5bf26b9840d295d6b7fe0e28caf0,2026-09-03T17:01:21.746257+00:00,blockchain,valid_active,8,1,UAV-VALID,ACCEPTED,ACCEPTED,True,24299800,24.2998,42300,24026800,0,3100,167600,3800,0,0,,,,none,blockchain-valid_active_0,0,False,240,8,
n10-identities_c1-conc_mech-blockchain-1backend_valid-active_r30_audit-off_20260903T170059Z,obs_a51dc548e6b84baab44fcfb5d89f082d,2026-09-03T17:01:21.780050+00:00,blockchain,valid_active,9,1,UAV-VALID,ACCEPTED,ACCEPTED,True,32181000,32.181,41500,31823000,0,4900,220200,4900,0,0,,,,none,blockchain-valid_active_0,0,False,238,8,
n10-identities_c1-conc_mech-blockchain-1backend_valid-active_r30_audit-off_20260903T170059Z,obs_e32f50972cb542cf8c3fbba6d3a5c99c,2026-09-03T17:01:21.813318+00:00,blockchain,valid_active,10,1,UAV-VALID,ACCEPTED,ACCEPTED,True,31567000,31.567,38200,31169200,0,5000,253800,6200,0,0,,,,none,blockchain-valid_active_0,0,False,239,8,
n10-identities_c1-conc_mech-blockchain-1backend_valid-active_r30_audit-off_20260903T170059Z,obs_78c245cd94b84c6a88ff2034077eebf2,2026-09-03T17:01:21.860386+00:00,blockchain,valid_active,11,1,UAV-VALID,ACCEPTED,ACCEPTED,True,45010300,45.0103,27000,44613000,0,4600,261500,6400,0,0,,,,none,blockchain-valid_active_0,0,False,238,8,
n10-identities_c1-conc_mech-blockchain-1backend_valid-active_r30_audit-off_20260903T170059Z,obs_5029b7d44eaf45a3b969965272c22648,2026-09-03T17:01:21.894735+00:00,blockchain,valid_active,12,1,UAV-VALID,ACCEPTED,ACCEPTED,True,32179000,32.179,40800,31751100,0,4400,270300,5700,0,0,,,,none,blockchain-valid_active_0,0,False,238,8,
n10-identities_c1-conc_mech-blockchain-1backend_valid-active_r30_audit-off_20260903T170059Z,obs_e10a2362e4f349dabbf75c2b42df5c7f,2026-09-03T17:01:21.927763+00:00,blockchain,valid_active,13,1,UAV-VALID,ACCEPTED,ACCEPTED,True,31235800,31.2358,38200,30813000,0,4700,246300,6900,0,0,,,,none,blockchain-valid_active_0,0,False,239,8,
n10-identities_c1-conc_mech-blockchain-1backend_valid-active_r30_audit-off_20260903T170059Z,obs_ab34f0ae0a2b42d6948d8d16f7d3911f,2026-09-03T17:01:21.951082+00:00,blockchain,valid_active,14,1,UAV-VALID,ACCEPTED,ACCEPTED,True,21535100,21.5351,34500,21285900,0,2800,158100,3600,0,0,,,,none,blockchain-valid_active_0,0,False,238,8,
n10-identities_c1-conc_mech-blockchain-1backend_valid-active_r30_audit-off_20260903T170059Z,obs_ff8661c0f6454d44ae503556619fdab3,2026-09-03T17:01:21.975029+00:00,blockchain,valid_active,15,1,UAV-VALID,ACCEPTED,ACCEPTED,True,22695900,22.6959,25700,22419300,0,3200,170000,4300,0,0,,,,none,blockchain-valid_active_0,0,False,240,8,
n10-identities_c1-conc_mech-blockchain-1backend_valid-active_r30_audit-off_20260903T170059Z,obs_c0f38da6f6c64fc5af994776a256da51,2026-09-03T17:01:22.000145+00:00,blockchain,valid_active,16,1,UAV-VALID,ACCEPTED,ACCEPTED,True,23710800,23.7108,31700,23446500,0,2800,166000,3600,0,0,,,,none,blockchain-valid_active_0,0,False,240,8,
n10-identities_c1-conc_mech-blockchain-1backend_valid-active_r30_audit-off_20260903T170059Z,obs_254f6c78b3a747c9bd639818e5d1fe84,2026-09-03T17:01:22.028460+00:00,blockchain,valid_active,17,1,UAV-VALID,ACCEPTED,ACCEPTED,True,26966700,26.9667,29600,26718900,0,3500,158500,3500,0,0,,,,none,blockchain-valid_active_0,0,False,240,8,
n10-identities_c1-conc_mech-blockchain-1backend_valid-active_r30_audit-off_20260903T170059Z,obs_2203824dc7b54ab89eb2e4d2fccaefda,2026-09-03T17:01:22.051525+00:00,blockchain,valid_active,18,1,UAV-VALID,ACCEPTED,ACCEPTED,True,21282600,21.2826,31300,21038800,0,3100,154900,3200,0,0,,,,none,blockchain-valid_active_0,0,False,238,8,
n10-identities_c1-conc_mech-blockchain-1backend_valid-active_r30_audit-off_20260903T170059Z,obs_7c1941f584714f6b83ac14f1edad34b8,2026-09-03T17:01:22.095901+00:00,blockchain,valid_active,19,1,UAV-VALID,ACCEPTED,ACCEPTED,True,43010700,43.0107,31600,42718500,0,2600,194900,4400,0,0,,,,none,blockchain-valid_active_0,0,False,239,8,
n10-identities_c1-conc_mech-blockchain-1backend_valid-active_r30_audit-off_20260903T170059Z,obs_7ebdf456ac934fa693f1064eb3092ce6,2026-09-03T17:01:22.142935+00:00,blockchain,valid_active,20,1,UAV-VALID,ACCEPTED,ACCEPTED,True,45571100,45.5711,26200,45224100,0,2900,234800,6200,0,0,,,,none,blockchain-valid_active_0,0,False,240,8,
n10-identities_c1-conc_mech-blockchain-1backend_valid-active_r30_audit-off_20260903T170059Z,obs_b27edcfb72e741f7a0cdc72c56748618,2026-09-03T17:01:22.183059+00:00,blockchain,valid_active,21,1,UAV-VALID,ACCEPTED,ACCEPTED,True,38637700,38.6377,26500,38270500,0,4700,237200,6200,0,0,,,,none,blockchain-valid_active_0,0,False,239,8,
n10-identities_c1-conc_mech-blockchain-1backend_valid-active_r30_audit-off_20260903T170059Z,obs_6bae683f3afc4621ae6eb683c588ac59,2026-09-03T17:01:22.216557+00:00,blockchain,valid_active,22,1,UAV-VALID,ACCEPTED,ACCEPTED,True,31827800,31.8278,37200,31514800,0,3600,195300,6200,0,0,,,,none,blockchain-valid_active_0,0,False,239,8,
n10-identities_c1-conc_mech-blockchain-1backend_valid-active_r30_audit-off_20260903T170059Z,obs_a33c36c2935142fe991846daf3085c8b,2026-09-03T17:01:22.258182+00:00,blockchain,valid_active,23,1,UAV-VALID,ACCEPTED,ACCEPTED,True,39836500,39.8365,40800,39412200,0,4800,277100,6700,0,0,,,,none,blockchain-valid_active_0,0,False,240,8,
n10-identities_c1-conc_mech-blockchain-1backend_valid-active_r30_audit-off_20260903T170059Z,obs_c52aded56ce54c2a838b58f8b8723be3,2026-09-03T17:01:22.296916+00:00,blockchain,valid_active,24,1,UAV-VALID,ACCEPTED,ACCEPTED,True,36320100,36.3201,50200,36022100,0,3200,175100,4200,0,0,,,,none,blockchain-valid_active_0,0,False,239,8,
n10-identities_c1-conc_mech-blockchain-1backend_valid-active_r30_audit-off_20260903T170059Z,obs_d4e5864c8366452fa29ac3047d5cea0a,2026-09-03T17:01:22.331993+00:00,blockchain,valid_active,25,1,UAV-VALID,ACCEPTED,ACCEPTED,True,33360900,33.3609,40900,33077600,0,3200,176500,5700,0,0,,,,none,blockchain-valid_active_0,0,False,239,8,
n10-identities_c1-conc_mech-blockchain-1backend_valid-active_r30_audit-off_20260903T170059Z,obs_f08f08aa9ce244d080206d67cc944331,2026-09-03T17:01:22.378013+00:00,blockchain,valid_active,26,1,UAV-VALID,ACCEPTED,ACCEPTED,True,44082800,44.0828,43500,43783000,0,2700,180800,4400,0,0,,,,none,blockchain-valid_active_0,0,False,239,8,
n10-identities_c1-conc_mech-blockchain-1backend_valid-active_r30_audit-off_20260903T170059Z,obs_217624dc7485419982bbc6711a489402,2026-09-03T17:01:22.404814+00:00,blockchain,valid_active,27,1,UAV-VALID,ACCEPTED,ACCEPTED,True,25046200,25.0462,34400,24682000,0,4800,229000,5300,0,0,,,,none,blockchain-valid_active_0,0,False,238,8,
n10-identities_c1-conc_mech-blockchain-1backend_valid-active_r30_audit-off_20260903T170059Z,obs_2476c1bea3a247eabbfda2b438f4bf4e,2026-09-03T17:01:22.428753+00:00,blockchain,valid_active,28,1,UAV-VALID,ACCEPTED,ACCEPTED,True,22396700,22.3967,31700,22075400,0,4600,194800,4700,0,0,,,,none,blockchain-valid_active_0,0,False,238,8,
n10-identities_c1-conc_mech-blockchain-1backend_valid-active_r30_audit-off_20260903T170059Z,obs_2597c9d4b31c4e09a56ae3a555365f22,2026-09-03T17:01:22.457766+00:00,blockchain,valid_active,29,1,UAV-VALID,ACCEPTED,ACCEPTED,True,27622200,27.6222,27900,27169500,0,5300,275200,10600,0,0,,,,none,blockchain-valid_active_0,0,False,239,8,
n10-identities_c5-conc_mech-x509-1backend_valid-active_r30_audit-off_20260903T170123Z,obs_f259fe873a4f49c0a80e95a1108a15db,2026-09-03T17:01:23.534306+00:00,x509,valid_active,0,5,UAV-VALID,ACCEPTED,ACCEPTED,True,1169000,1.169,26900,53600,890200,0,151300,3400,0,0,,,,none,MainThread,0,True,240,8,
n10-identities_c5-conc_mech-x509-1backend_valid-active_r30_audit-off_20260903T170123Z,obs_a19d13b1c066415ebb4d921a696e2aab,2026-09-03T17:01:23.540484+00:00,x509,valid_active,1,5,UAV-VALID,ACCEPTED,ACCEPTED,True,1895400,1.8954,35500,73200,1499500,0,189800,6200,0,0,,,,none,MainThread,0,True,240,8,
n10-identities_c5-conc_mech-x509-1backend_valid-active_r30_audit-off_20260903T170123Z,obs_3d075c81dad6455b9143438299f6ccc9,2026-09-03T17:01:23.549548+00:00,x509,valid_active,0,5,UAV-VALID,ACCEPTED,ACCEPTED,True,2963500,2.9635,27900,68100,2711300,0,117900,3100,0,0,,,,none,x509-valid_active_0,0,False,239,8,
n10-identities_c5-conc_mech-x509-1backend_valid-active_r30_audit-off_20260903T170123Z,obs_f5aec8950d79412b80530a4d430d3b06,2026-09-03T17:01:23.551224+00:00,x509,valid_active,1,5,UAV-VALID,ACCEPTED,ACCEPTED,True,2848600,2.8486,24800,64700,2598000,0,118400,3300,0,0,,,,none,x509-valid_active_1,0,False,238,8,
n10-identities_c5-conc_mech-x509-1backend_valid-active_r30_audit-off_20260903T170123Z,obs_0d0cf7a92a6640f492caf98879eb72b9,2026-09-03T17:01:23.555521+00:00,x509,valid_active,2,5,UAV-VALID,ACCEPTED,ACCEPTED,True,5398100,5.3981,20600,52700,4844100,0,407900,6100,0,0,,,,none,x509-valid_active_2,0,False,240,8,
n10-identities_c5-conc_mech-x509-1backend_valid-active_r30_audit-off_20260903T170123Z,obs_f47f66f2859e472093d28c967c34d52d,2026-09-03T17:01:23.557156+00:00,x509,valid_active,3,5,UAV-VALID,ACCEPTED,ACCEPTED,True,5677300,5.6773,17300,51100,5377500,0,165500,4900,0,0,,,,none,x509-valid_active_3,0,False,239,8,
n10-identities_c5-conc_mech-x509-1backend_valid-active_r30_audit-off_20260903T170123Z,obs_2e5408e6565445fc8d6a23e7eb11c8f1,2026-09-03T17:01:23.557631+00:00,x509,valid_active,4,5,UAV-VALID,ACCEPTED,ACCEPTED,True,5913500,5.9135,18000,50800,5662700,0,131600,3300,0,0,,,,none,x509-valid_active_4,0,False,238,8,
n10-identities_c5-conc_mech-x509-1backend_valid-active_r30_audit-off_20260903T170123Z,obs_8fac81f3a28b477eb38c8bc806a09d2d,2026-09-03T17:01:23.561111+00:00,x509,valid_active,5,5,UAV-VALID,ACCEPTED,ACCEPTED,True,3195700,3.1957,32800,54400,2921800,0,147100,3100,0,0,,,,none,x509-valid_active_0,0,False,239,8,
n10-identities_c5-conc_mech-x509-1backend_valid-active_r30_audit-off_20260903T170123Z,obs_1dd005d7b181489495e568caba0b007a,2026-09-03T17:01:23.564126+00:00,x509,valid_active,6,5,UAV-VALID,ACCEPTED,ACCEPTED,True,4634900,4.6349,23000,52300,4374800,0,127200,3500,0,0,,,,none,x509-valid_active_1,0,False,239,8,
n10-identities_c5-conc_mech-x509-1backend_valid-active_r30_audit-off_20260903T170123Z,obs_f5222ba570ce4b8e91bb66625cbdf5fc,2026-09-03T17:01:23.566443+00:00,x509,valid_active,9,5,UAV-VALID,ACCEPTED,ACCEPTED,True,3711400,3.7114,25400,42100,3495300,0,113200,3300,0,0,,,,none,x509-valid_active_4,0,False,239,8,
n10-identities_c5-conc_mech-x509-1backend_valid-active_r30_audit-off_20260903T170123Z,obs_c59bb09009284125b37770421214eb52,2026-09-03T17:01:23.566974+00:00,x509,valid_active,8,5,UAV-VALID,ACCEPTED,ACCEPTED,True,3968800,3.9688,16400,43500,3743200,0,115700,2700,0,0,,,,none,x509-valid_active_3,0,False,239,8,
n10-identities_c5-conc_mech-x509-1backend_valid-active_r30_audit-off_20260903T170123Z,obs_e4f2a187411b497ba81422a8dee66ceb,2026-09-03T17:01:23.567942+00:00,x509,valid_active,7,5,UAV-VALID,ACCEPTED,ACCEPTED,True,4327200,4.3272,19800,90600,4062600,0,115400,2600,0,0,,,,none,x509-valid_active_2,0,False,239,8,
n10-identities_c5-conc_mech-x509-1backend_valid-active_r30_audit-off_20260903T170123Z,obs_6db9902ee6b245ccaede69c7dd150973,2026-09-03T17:01:23.569751+00:00,x509,valid_active,10,5,UAV-VALID,ACCEPTED,ACCEPTED,True,4314600,4.3146,16100,41400,4058800,0,141300,4100,0,0,,,,none,x509-valid_active_0,0,False,240,8,
n10-identities_c5-conc_mech-x509-1backend_valid-active_r30_audit-off_20260903T170123Z,obs_009ef7e23e1d434a8fb681e6ce144ff5,2026-09-03T17:01:23.575704+00:00,x509,valid_active,11,5,UAV-VALID,ACCEPTED,ACCEPTED,True,5449900,5.4499,27000,61900,5203100,0,115600,3400,0,0,,,,none,x509-valid_active_1,0,False,239,8,
n10-identities_c5-conc_mech-x509-1backend_valid-active_r30_audit-off_20260903T170123Z,obs_f7baffb7ef6e433f96b9d9796ea40e8f,2026-09-03T17:01:23.577283+00:00,x509,valid_active,12,5,UAV-VALID,ACCEPTED,ACCEPTED,True,4429000,4.429,65200,92500,4121200,0,126200,3300,0,0,,,,none,x509-valid_active_4,0,False,238,8,
n10-identities_c5-conc_mech-x509-1backend_valid-active_r30_audit-off_20260903T170123Z,obs_1886b06bb73f4ca58633b07ece633354,2026-09-03T17:01:23.578729+00:00,x509,valid_active,14,5,UAV-VALID,ACCEPTED,ACCEPTED,True,3786900,3.7869,30600,46800,3563700,0,111800,2800,0,0,,,,none,x509-valid_active_2,0,False,240,8,
n10-identities_c5-conc_mech-x509-1backend_valid-active_r30_audit-off_20260903T170123Z,obs_fed43740d3d14753a8c865d4d549ac5c,2026-09-03T17:01:23.580707+00:00,x509,valid_active,13,5,UAV-VALID,ACCEPTED,ACCEPTED,True,5404500,5.4045,25300,41600,5177100,0,123700,2900,0,0,,,,none,x509-valid_active_3,0,False,238,8,
n10-identities_c5-conc_mech-x509-1backend_valid-active_r30_audit-off_20260903T170123Z,obs_c7da8a3fd48b445cacbac9bbff730bf5,2026-09-03T17:01:23.581520+00:00,x509,valid_active,15,5,UAV-VALID,ACCEPTED,ACCEPTED,True,3590700,3.5907,20800,42900,3372800,0,113400,2900,0,0,,,,none,x509-valid_active_0,0,False,238,8,
n10-identities_c5-conc_mech-x509-1backend_valid-active_r30_audit-off_20260903T170123Z,obs_92514f8444f549c4b1153a6decfdd543,2026-09-03T17:01:23.584286+00:00,x509,valid_active,16,5,UAV-VALID,ACCEPTED,ACCEPTED,True,3223200,3.2232,21600,53300,2981900,0,119300,3400,0,0,,,,none,x509-valid_active_1,0,False,240,8,
n10-identities_c5-conc_mech-x509-1backend_valid-active_r30_audit-off_20260903T170123Z,obs_60e8dfb3d3cb4264904c5c0d025c809a,2026-09-03T17:01:23.587950+00:00,x509,valid_active,17,5,UAV-VALID,ACCEPTED,ACCEPTED,True,5328100,5.3281,16700,42300,4389400,0,655400,39300,0,0,,,,none,x509-valid_active_4,0,False,238,8,
n10-identities_c5-conc_mech-x509-1backend_valid-active_r30_audit-off_20260903T170123Z,obs_cca18c5cd79b444a80fa0fbceba89100,2026-09-03T17:01:23.590777+00:00,x509,valid_active,19,5,UAV-VALID,ACCEPTED,ACCEPTED,True,5225400,5.2254,18500,48000,4985200,0,124100,3600,0,0,,,,none,x509-valid_active_3,0,False,239,8,
n10-identities_c5-conc_mech-x509-1backend_valid-active_r30_audit-off_20260903T170123Z,obs_9168100f1b6a4d8d81512bd372d10929,2026-09-03T17:01:23.591801+00:00,x509,valid_active,18,5,UAV-VALID,ACCEPTED,ACCEPTED,True,6973600,6.9736,22300,43100,6739500,0,125400,3200,0,0,,,,none,x509-valid_active_2,0,False,240,8,
n10-identities_c5-conc_mech-x509-1backend_valid-active_r30_audit-off_20260903T170123Z,obs_ef1e762deaca42608d1d98de923b9bcb,2026-09-03T17:01:23.592248+00:00,x509,valid_active,20,5,UAV-VALID,ACCEPTED,ACCEPTED,True,7022600,7.0226,17800,58600,6772000,0,116300,2700,0,0,,,,none,x509-valid_active_0,0,False,238,8,
n10-identities_c5-conc_mech-x509-1backend_valid-active_r30_audit-off_20260903T170123Z,obs_dde1210e44bb4f309ecd6dea298a355f,2026-09-03T17:01:23.596264+00:00,x509,valid_active,21,5,UAV-VALID,ACCEPTED,ACCEPTED,True,3070100,3.0701,24800,50500,2832400,0,116900,3000,0,0,,,,none,x509-valid_active_1,0,False,239,8,
n10-identities_c5-conc_mech-x509-1backend_valid-active_r30_audit-off_20260903T170123Z,obs_66e5263b12e34fdbbdf687ea27cdffa6,2026-09-03T17:01:23.597742+00:00,x509,valid_active,22,5,UAV-VALID,ACCEPTED,ACCEPTED,True,3809700,3.8097,17500,41200,3600400,0,111300,2700,0,0,,,,none,x509-valid_active_4,0,False,240,8,
n10-identities_c5-conc_mech-x509-1backend_valid-active_r30_audit-off_20260903T170123Z,obs_559d446ae51d49a791c077530cd9aac2,2026-09-03T17:01:23.599643+00:00,x509,valid_active,23,5,UAV-VALID,ACCEPTED,ACCEPTED,True,3839000,3.839,20200,45300,3613600,0,114900,2800,0,0,,,,none,x509-valid_active_3,0,False,239,8,
n10-identities_c5-conc_mech-x509-1backend_valid-active_r30_audit-off_20260903T170123Z,obs_c55acc5091fa4c2c8d4dacb87b0a9ade,2026-09-03T17:01:23.601000+00:00,x509,valid_active,25,5,UAV-VALID,ACCEPTED,ACCEPTED,True,4060700,4.0607,17300,39000,3845600,0,116300,3200,0,0,,,,none,x509-valid_active_0,0,False,239,8,
n10-identities_c5-conc_mech-x509-1backend_valid-active_r30_audit-off_20260903T170123Z,obs_43798ca4004d4a1298d7459ca88f050b,2026-09-03T17:01:23.602100+00:00,x509,valid_active,24,5,UAV-VALID,ACCEPTED,ACCEPTED,True,4782700,4.7827,22700,39700,4555600,0,125300,2900,0,0,,,,none,x509-valid_active_2,0,False,239,8,
n10-identities_c5-conc_mech-x509-1backend_valid-active_r30_audit-off_20260903T170123Z,obs_57a0e7abee47443b9fe081668dce93cc,2026-09-03T17:01:23.605608+00:00,x509,valid_active,27,5,UAV-VALID,ACCEPTED,ACCEPTED,True,3145300,3.1453,14200,77800,2813800,0,161400,3500,0,0,,,,none,x509-valid_active_4,0,False,240,8,
n10-identities_c5-conc_mech-x509-1backend_valid-active_r30_audit-off_20260903T170123Z,obs_c812a366cca54ef5bb75316ab5ceca17,2026-09-03T17:01:23.606086+00:00,x509,valid_active,26,5,UAV-VALID,ACCEPTED,ACCEPTED,True,4504500,4.5045,23000,44200,4264500,0,127300,3200,0,0,,,,none,x509-valid_active_1,0,False,240,8,
n10-identities_c5-conc_mech-x509-1backend_valid-active_r30_audit-off_20260903T170123Z,obs_18c1fca3a4ad42beb642f70c982f351e,2026-09-03T17:01:23.608555+00:00,x509,valid_active,28,5,UAV-VALID,ACCEPTED,ACCEPTED,True,1884700,1.8847,34700,46200,1658000,0,117300,3200,0,0,,,,none,x509-valid_active_3,0,False,238,8,
n10-identities_c5-conc_mech-x509-1backend_valid-active_r30_audit-off_20260903T170123Z,obs_673287c8c8db42e6b869f374a3d1dc87,2026-09-03T17:01:23.608877+00:00,x509,valid_active,29,5,UAV-VALID,ACCEPTED,ACCEPTED,True,1895100,1.8951,19500,43600,1667300,0,125300,2700,0,0,,,,none,x509-valid_active_0,0,False,238,8,
n10-identities_c5-conc_mech-blockchain-1backend_valid-active_r30_audit-off_20260903T170124Z,obs_aaf77ce0358e4079bfdd4032a6fae676,2026-09-03T17:01:24.729964+00:00,blockchain,valid_active,0,5,UAV-VALID,ACCEPTED,ACCEPTED,True,19765800,19.7658,30600,19415500,0,4700,216200,5000,0,0,,,,none,MainThread,0,True,240,8,
n10-identities_c5-conc_mech-blockchain-1backend_valid-active_r30_audit-off_20260903T170124Z,obs_19457b3c4cb34fa8b764568826b9ebab,2026-09-03T17:01:24.753690+00:00,blockchain,valid_active,1,5,UAV-VALID,ACCEPTED,ACCEPTED,True,20185400,20.1854,27300,19912500,0,3000,173400,3800,0,0,,,,none,MainThread,0,True,240,8,
n10-identities_c5-conc_mech-blockchain-1backend_valid-active_r30_audit-off_20260903T170124Z,obs_ff56ac88566d42f8bd8f9f171fdb4101,2026-09-03T17:01:24.823060+00:00,blockchain,valid_active,0,5,UAV-VALID,ACCEPTED,ACCEPTED,True,63467700,63.4677,42400,63171200,0,4800,169600,4700,0,0,,,,none,blockchain-valid_active_0,0,False,239,8,
n10-identities_c5-conc_mech-blockchain-1backend_valid-active_r30_audit-off_20260903T170124Z,obs_cbdf2897de664aa4a90f1ff2e221885f,2026-09-03T17:01:24.832653+00:00,blockchain,valid_active,1,5,UAV-VALID,ACCEPTED,ACCEPTED,True,69050500,69.0505,25600,68787500,0,2900,163600,4900,0,0,,,,none,blockchain-valid_active_1,0,False,239,8,
n10-identities_c5-conc_mech-blockchain-1backend_valid-active_r30_audit-off_20260903T170124Z,obs_82fd4e28eb05456fb04306a838c64d62,2026-09-03T17:01:24.835086+00:00,blockchain,valid_active,3,5,UAV-VALID,ACCEPTED,ACCEPTED,True,67285200,67.2852,30800,66965200,0,3900,203200,5800,0,0,,,,none,blockchain-valid_active_3,0,False,239,8,
n10-identities_c5-conc_mech-blockchain-1backend_valid-active_r30_audit-off_20260903T170124Z,obs_b4c1c928f24846cfb92232efc27dbaf1,2026-09-03T17:01:24.845785+00:00,blockchain,valid_active,4,5,UAV-VALID,ACCEPTED,ACCEPTED,True,65658100,65.6581,28800,65390300,0,3900,169900,4300,0,0,,,,none,blockchain-valid_active_4,0,False,238,8,
n10-identities_c5-conc_mech-blockchain-1backend_valid-active_r30_audit-off_20260903T170124Z,obs_afcf886c4cda465289195f7c55ca8745,2026-09-03T17:01:24.847270+00:00,blockchain,valid_active,2,5,UAV-VALID,ACCEPTED,ACCEPTED,True,75946500,75.9465,44700,75698800,0,2400,149200,3000,0,0,,,,none,blockchain-valid_active_2,0,False,239,8,
n10-identities_c5-conc_mech-blockchain-1backend_valid-active_r30_audit-off_20260903T170124Z,obs_538ce5ee53264a58a5fa0550730a052d,2026-09-03T17:01:24.887799+00:00,blockchain,valid_active,5,5,UAV-VALID,ACCEPTED,ACCEPTED,True,59899200,59.8992,54900,59497600,0,4300,228000,6700,0,0,,,,none,blockchain-valid_active_0,0,False,238,8,
n10-identities_c5-conc_mech-blockchain-1backend_valid-active_r30_audit-off_20260903T170124Z,obs_757de82c809d4a298918a2135ab10ba9,2026-09-03T17:01:24.910130+00:00,blockchain,valid_active,7,5,UAV-VALID,ACCEPTED,ACCEPTED,True,62018500,62.0185,25700,61742500,0,3200,168900,4800,0,0,,,,none,blockchain-valid_active_3,0,False,239,8,
n10-identities_c5-conc_mech-blockchain-1backend_valid-active_r30_audit-off_20260903T170124Z,obs_fb8e235f79764a3faed7a6e92bc50649,2026-09-03T17:01:24.919432+00:00,blockchain,valid_active,6,5,UAV-VALID,ACCEPTED,ACCEPTED,True,70074600,70.0746,32000,69789300,0,3800,175800,4300,0,0,,,,none,blockchain-valid_active_1,0,False,239,8,
n10-identities_c5-conc_mech-blockchain-1backend_valid-active_r30_audit-off_20260903T170124Z,obs_7f95cddf353441f9807343842212c6ba,2026-09-03T17:01:24.921340+00:00,blockchain,valid_active,8,5,UAV-VALID,ACCEPTED,ACCEPTED,True,66489600,66.4896,43700,66189000,0,2500,178400,14900,0,0,,,,none,blockchain-valid_active_4,0,False,239,8,
n10-identities_c5-conc_mech-blockchain-1backend_valid-active_r30_audit-off_20260903T170124Z,obs_66a134a42793488faaaaded9e3a21156,2026-09-03T17:01:24.931526+00:00,blockchain,valid_active,9,5,UAV-VALID,ACCEPTED,ACCEPTED,True,68587400,68.5874,34200,68355400,0,2600,146100,3400,0,0,,,,none,blockchain-valid_active_2,0,False,240,8,
n10-identities_c5-conc_mech-blockchain-1backend_valid-active_r30_audit-off_20260903T170124Z,obs_bda73e0217de4727bc25466ddc349553,2026-09-03T17:01:24.950204+00:00,blockchain,valid_active,10,5,UAV-VALID,ACCEPTED,ACCEPTED,True,55312800,55.3128,57100,55039400,0,2900,160200,4100,0,0,,,,none,blockchain-valid_active_0,0,False,238,8,
n10-identities_c5-conc_mech-blockchain-1backend_valid-active_r30_audit-off_20260903T170124Z,obs_ee8ed3a212e04a73a07f7429da1de844,2026-09-03T17:01:24.976845+00:00,blockchain,valid_active,11,5,UAV-VALID,ACCEPTED,ACCEPTED,True,54411900,54.4119,28100,54086200,0,4500,211800,5100,0,0,,,,none,blockchain-valid_active_3,0,False,239,8,
n10-identities_c5-conc_mech-blockchain-1backend_valid-active_r30_audit-off_20260903T170124Z,obs_da53160adce14c948ff7cf1d3c963358,2026-09-03T17:01:25.004743+00:00,blockchain,valid_active,12,5,UAV-VALID,ACCEPTED,ACCEPTED,True,67041500,67.0415,43500,66632300,0,3100,287200,7400,0,0,,,,none,blockchain-valid_active_1,0,False,238,8,
n10-identities_c5-conc_mech-blockchain-1backend_valid-active_r30_audit-off_20260903T170124Z,obs_b1f940ff9d4440698cb4de3b8ff68b51,2026-09-03T17:01:25.007375+00:00,blockchain,valid_active,13,5,UAV-VALID,ACCEPTED,ACCEPTED,True,73415800,73.4158,28800,72983500,0,4200,267800,8800,0,0,,,,none,blockchain-valid_active_4,0,False,238,8,
n10-identities_c5-conc_mech-blockchain-1backend_valid-active_r30_audit-off_20260903T170124Z,obs_3ea77590f4bf451c977e412f713cc6f4,2026-09-03T17:01:25.053656+00:00,blockchain,valid_active,14,5,UAV-VALID,ACCEPTED,ACCEPTED,True,112371200,112.3712,35900,111054800,0,7300,1093400,11400,0,0,,,,none,blockchain-valid_active_2,0,False,239,8,
n10-identities_c5-conc_mech-blockchain-1backend_valid-active_r30_audit-off_20260903T170124Z,obs_0fa5ac6841cf421e8bc9191904106bb4,2026-09-03T17:01:25.062567+00:00,blockchain,valid_active,15,5,UAV-VALID,ACCEPTED,ACCEPTED,True,98261900,98.2619,26900,97809500,0,4400,294200,8000,0,0,,,,none,blockchain-valid_active_0,0,False,239,8,
n10-identities_c5-conc_mech-blockchain-1backend_valid-active_r30_audit-off_20260903T170124Z,obs_3ec5437bde8940a698da97e6abec7866,2026-09-03T17:01:25.111649+00:00,blockchain,valid_active,17,5,UAV-VALID,ACCEPTED,ACCEPTED,True,90827400,90.8274,57700,90381900,0,5400,263100,7800,0,0,,,,none,blockchain-valid_active_1,0,False,238,8,
n10-identities_c5-conc_mech-blockchain-1backend_valid-active_r30_audit-off_20260903T170124Z,obs_69c89d9289bb45088b14bac41c557c73,2026-09-03T17:01:25.114964+00:00,blockchain,valid_active,16,5,UAV-VALID,ACCEPTED,ACCEPTED,True,128827400,128.8274,56000,128428400,0,3900,242300,7900,0,0,,,,none,blockchain-valid_active_3,0,False,239,8,
n10-identities_c5-conc_mech-blockchain-1backend_valid-active_r30_audit-off_20260903T170124Z,obs_6962c6212e4d4fda93823f33df9933a1,2026-09-03T17:01:25.116889+00:00,blockchain,valid_active,18,5,UAV-VALID,ACCEPTED,ACCEPTED,True,98769400,98.7694,59000,98376000,0,4900,233700,6300,0,0,,,,none,blockchain-valid_active_4,0,False,240,8,
n10-identities_c5-conc_mech-blockchain-1backend_valid-active_r30_audit-off_20260903T170124Z,obs_1f37a2e5dda348c68d89d3be6390ad19,2026-09-03T17:01:25.148748+00:00,blockchain,valid_active,19,5,UAV-VALID,ACCEPTED,ACCEPTED,True,93295700,93.2957,55600,92862300,0,3800,269400,8200,0,0,,,,none,blockchain-valid_active_2,0,False,239,8,
n10-identities_c5-conc_mech-blockchain-1backend_valid-active_r30_audit-off_20260903T170124Z,obs_f132992b3e5d47628bfb7216e8dba70d,2026-09-03T17:01:25.164834+00:00,blockchain,valid_active,20,5,UAV-VALID,ACCEPTED,ACCEPTED,True,88677900,88.6779,45100,88247400,0,4200,262000,8500,0,0,,,,none,blockchain-valid_active_0,0,False,240,8,
n10-identities_c5-conc_mech-blockchain-1backend_valid-active_r30_audit-off_20260903T170124Z,obs_9333be98e77d40018a4f3a3e9d87a079,2026-09-03T17:01:25.243019+00:00,blockchain,valid_active,21,5,UAV-VALID,ACCEPTED,ACCEPTED,True,118365300,118.3653,65000,117954000,0,2600,241000,13500,0,0,,,,none,blockchain-valid_active_1,0,False,240,8,
n10-identities_c5-conc_mech-blockchain-1backend_valid-active_r30_audit-off_20260903T170124Z,obs_9362ff43bdbf4333b3f3d70590dc24df,2026-09-03T17:01:25.245883+00:00,blockchain,valid_active,23,5,UAV-VALID,ACCEPTED,ACCEPTED,True,118881000,118.881,60000,118482600,0,3600,239400,6300,0,0,,,,none,blockchain-valid_active_4,0,False,239,8,
n10-identities_c5-conc_mech-blockchain-1backend_valid-active_r30_audit-off_20260903T170124Z,obs_0401f7c01a0945fb9c6879c4a52af504,2026-09-03T17:01:25.247356+00:00,blockchain,valid_active,22,5,UAV-VALID,ACCEPTED,ACCEPTED,True,125431000,125.431,54300,125125600,0,2900,197200,4400,0,0,,,,none,blockchain-valid_active_3,0,False,240,8,
n10-identities_c5-conc_mech-blockchain-1backend_valid-active_r30_audit-off_20260903T170124Z,obs_5bcf4ab88a2047149145d1a6b31938e5,2026-09-03T17:01:25.279110+00:00,blockchain,valid_active,24,5,UAV-VALID,ACCEPTED,ACCEPTED,True,107861200,107.8612,58000,107458300,0,4300,240200,5900,0,0,,,,none,blockchain-valid_active_2,0,False,238,8,
n10-identities_c5-conc_mech-blockchain-1backend_valid-active_r30_audit-off_20260903T170124Z,obs_935e7fed130448c29351e16aeee54d69,2026-09-03T17:01:25.289782+00:00,blockchain,valid_active,25,5,UAV-VALID,ACCEPTED,ACCEPTED,True,110247500,110.2475,51300,109844200,0,3700,242500,5500,0,0,,,,none,blockchain-valid_active_0,0,False,238,8,
n10-identities_c5-conc_mech-blockchain-1backend_valid-active_r30_audit-off_20260903T170124Z,obs_917347ff4e144bd09b109e5167339a02,2026-09-03T17:01:25.347646+00:00,blockchain,valid_active,28,5,UAV-VALID,ACCEPTED,ACCEPTED,True,94193500,94.1935,61500,93688700,0,5500,300600,8300,0,0,,,,none,blockchain-valid_active_3,0,False,240,8,
n10-identities_c5-conc_mech-blockchain-1backend_valid-active_r30_audit-off_20260903T170124Z,obs_0857da0f5aef4760ab8cd79cf10b57cc,2026-09-03T17:01:25.353697+00:00,blockchain,valid_active,27,5,UAV-VALID,ACCEPTED,ACCEPTED,True,90773200,90.7732,28900,90309400,0,8900,275900,7800,0,0,,,,none,blockchain-valid_active_4,0,False,238,8,
n10-identities_c5-conc_mech-blockchain-1backend_valid-active_r30_audit-off_20260903T170124Z,obs_d5d5bbec3d96495098494df23e81ebdb,2026-09-03T17:01:25.374533+00:00,blockchain,valid_active,26,5,UAV-VALID,ACCEPTED,ACCEPTED,True,113171400,113.1714,44500,111824200,0,4700,279800,9500,0,0,,,,none,blockchain-valid_active_1,0,False,240,8,
n10-identities_c5-conc_mech-blockchain-1backend_valid-active_r30_audit-off_20260903T170124Z,obs_706261ca8d23463298eca39b045370a1,2026-09-03T17:01:25.386293+00:00,blockchain,valid_active,29,5,UAV-VALID,ACCEPTED,ACCEPTED,True,90259500,90.2595,64000,89818300,0,3800,264200,7700,0,0,,,,none,blockchain-valid_active_2,0,False,239,8,
n10-identities_c10-conc_mech-x509-1backend_valid-active_r30_audit-off_20260903T170126Z,obs_175705dae17d4931b890c6b610f29ed6,2026-09-03T17:01:26.421146+00:00,x509,valid_active,0,10,UAV-VALID,ACCEPTED,ACCEPTED,True,1523200,1.5232,41900,101300,1089500,0,192100,13300,0,0,,,,none,MainThread,0,True,238,8,
n10-identities_c10-conc_mech-x509-1backend_valid-active_r30_audit-off_20260903T170126Z,obs_54a8286ed1da4cc78055decfc7a6880b,2026-09-03T17:01:26.426406+00:00,x509,valid_active,1,10,UAV-VALID,ACCEPTED,ACCEPTED,True,1187900,1.1879,28900,55000,935500,0,126500,3900,0,0,,,,none,MainThread,0,True,238,8,
n10-identities_c10-conc_mech-x509-1backend_valid-active_r30_audit-off_20260903T170126Z,obs_0a832204d78f477cbd93bc7fe380ce35,2026-09-03T17:01:26.444505+00:00,x509,valid_active,0,10,UAV-VALID,ACCEPTED,ACCEPTED,True,10889000,10.889,27000,68900,10597600,0,141300,4200,0,0,,,,none,x509-valid_active_0,0,False,239,8,
n10-identities_c10-conc_mech-x509-1backend_valid-active_r30_audit-off_20260903T170126Z,obs_5bff8e4a30bb451383ac5abedee64d93,2026-09-03T17:01:26.445804+00:00,x509,valid_active,1,10,UAV-VALID,ACCEPTED,ACCEPTED,True,11405900,11.4059,21100,84200,11085900,0,145300,3500,0,0,,,,none,x509-valid_active_1,0,False,239,8,
n10-identities_c10-conc_mech-x509-1backend_valid-active_r30_audit-off_20260903T170126Z,obs_ddc2f3e3e8364e36be92f70faf1fca65,2026-09-03T17:01:26.449143+00:00,x509,valid_active,2,10,UAV-VALID,ACCEPTED,ACCEPTED,True,10271500,10.2715,38800,58900,9999600,0,134400,3500,0,0,,,,none,x509-valid_active_2,0,False,239,8,
n10-identities_c10-conc_mech-x509-1backend_valid-active_r30_audit-off_20260903T170126Z,obs_806b3f2a01e54130b0b5e4bac2836fca,2026-09-03T17:01:26.449700+00:00,x509,valid_active,4,10,UAV-VALID,ACCEPTED,ACCEPTED,True,8831200,8.8312,31200,112200,8476700,0,131800,2900,0,0,,,,none,x509-valid_active_4,0,False,240,8,
n10-identities_c10-conc_mech-x509-1backend_valid-active_r30_audit-off_20260903T170126Z,obs_53b9bc046ce2471ea604276c65c74a48,2026-09-03T17:01:26.451789+00:00,x509,valid_active,3,10,UAV-VALID,ACCEPTED,ACCEPTED,True,10203000,10.203,22600,61500,9831600,0,199400,5700,0,0,,,,none,x509-valid_active_3,0,False,240,8,
n10-identities_c10-conc_mech-x509-1backend_valid-active_r30_audit-off_20260903T170126Z,obs_bf887f3893ad42a98f9c9d31f51f7260,2026-09-03T17:01:26.458101+00:00,x509,valid_active,5,10,UAV-VALID,ACCEPTED,ACCEPTED,True,11467300,11.4673,32500,58300,11174900,0,148700,4100,0,0,,,,none,x509-valid_active_5,0,False,239,8,
n10-identities_c10-conc_mech-x509-1backend_valid-active_r30_audit-off_20260903T170126Z,obs_d00b7d239177471a9260cef04fd26954,2026-09-03T17:01:26.461182+00:00,x509,valid_active,8,10,UAV-VALID,ACCEPTED,ACCEPTED,True,11011500,11.0115,33700,68900,10724800,0,133400,3100,0,0,,,,none,x509-valid_active_8,0,False,238,8,
n10-identities_c10-conc_mech-x509-1backend_valid-active_r30_audit-off_20260903T170126Z,obs_633a284164184594a2995a31cca0a517,2026-09-03T17:01:26.464226+00:00,x509,valid_active,6,10,UAV-VALID,ACCEPTED,ACCEPTED,True,11730600,11.7306,25000,121000,11387200,0,124600,3200,0,0,,,,none,x509-valid_active_6,0,False,238,8,
n10-identities_c10-conc_mech-x509-1backend_valid-active_r30_audit-off_20260903T170126Z,obs_928f7257632c4aac80243849db698397,2026-09-03T17:01:26.466128+00:00,x509,valid_active,9,10,UAV-VALID,ACCEPTED,ACCEPTED,True,9324000,9.324,29000,81300,9040400,0,131300,3100,0,0,,,,none,x509-valid_active_9,0,False,239,8,
n10-identities_c10-conc_mech-x509-1backend_valid-active_r30_audit-off_20260903T170126Z,obs_f092687c7a4145d78e2b504087794d6f,2026-09-03T17:01:26.466855+00:00,x509,valid_active,7,10,UAV-VALID,ACCEPTED,ACCEPTED,True,12484900,12.4849,25000,67600,12205100,0,134200,3600,0,0,,,,none,x509-valid_active_7,0,False,240,8,
n10-identities_c10-conc_mech-x509-1backend_valid-active_r30_audit-off_20260903T170126Z,obs_8151ce36568045cb9e1b6955df62040e,2026-09-03T17:01:26.470600+00:00,x509,valid_active,10,10,UAV-VALID,ACCEPTED,ACCEPTED,True,11662900,11.6629,27100,78300,11324800,0,163200,4000,0,0,,,,none,x509-valid_active_0,0,False,239,8,
n10-identities_c10-conc_mech-x509-1backend_valid-active_r30_audit-off_20260903T170126Z,obs_c30c1532e6b740078191522390101db7,2026-09-03T17:01:26.472166+00:00,x509,valid_active,12,10,UAV-VALID,ACCEPTED,ACCEPTED,True,8718000,8.718,26100,46400,8405400,0,163200,4800,0,0,,,,none,x509-valid_active_2,0,False,240,8,
n10-identities_c10-conc_mech-x509-1backend_valid-active_r30_audit-off_20260903T170126Z,obs_2b4fd821a9334a8d86ef2dc6adbf8581,2026-09-03T17:01:26.479360+00:00,x509,valid_active,13,10,UAV-VALID,ACCEPTED,ACCEPTED,True,15576800,15.5768,20800,46800,15331300,0,128600,3400,0,0,,,,none,x509-valid_active_4,0,False,239,8,
n10-identities_c10-conc_mech-x509-1backend_valid-active_r30_audit-off_20260903T170126Z,obs_ec4c15006ef94f27b0237818b3271830,2026-09-03T17:01:26.479669+00:00,x509,valid_active,14,10,UAV-VALID,ACCEPTED,ACCEPTED,True,12618600,12.6186,19600,51200,12371000,0,125200,3000,0,0,,,,none,x509-valid_active_3,0,False,238,8,
n10-identities_c10-conc_mech-x509-1backend_valid-active_r30_audit-off_20260903T170126Z,obs_9cfd533bf7064a3fad8eaf4adde81890,2026-09-03T17:01:26.480206+00:00,x509,valid_active,11,10,UAV-VALID,ACCEPTED,ACCEPTED,True,12356400,12.3564,28200,73400,12094200,0,117200,2900,0,0,,,,none,x509-valid_active_1,0,False,238,8,
n10-identities_c10-conc_mech-x509-1backend_valid-active_r30_audit-off_20260903T170126Z,obs_b891e90337214673be8e8c5128f92a04,2026-09-03T17:01:26.484680+00:00,x509,valid_active,19,10,UAV-VALID,ACCEPTED,ACCEPTED,True,6862900,6.8629,32200,79200,6483200,0,191500,5800,0,0,,,,none,x509-valid_active_7,0,False,238,8,
n10-identities_c10-conc_mech-x509-1backend_valid-active_r30_audit-off_20260903T170126Z,obs_7f95cf0952d54aec8466bdeb3e1d3924,2026-09-03T17:01:26.487835+00:00,x509,valid_active,15,10,UAV-VALID,ACCEPTED,ACCEPTED,True,9249200,9.2492,41400,54600,8996300,0,124100,3200,0,0,,,,none,x509-valid_active_5,0,False,240,8,
n10-identities_c10-conc_mech-x509-1backend_valid-active_r30_audit-off_20260903T170126Z,obs_45449c94af4c4fc09cb73069d920f8f0,2026-09-03T17:01:26.489002+00:00,x509,valid_active,16,10,UAV-VALID,ACCEPTED,ACCEPTED,True,13769100,13.7691,44500,68700,13417800,0,172500,5100,0,0,,,,none,x509-valid_active_8,0,False,240,8,
n10-identities_c10-conc_mech-x509-1backend_valid-active_r30_audit-off_20260903T170126Z,obs_645dbbe7e6d84795877de3408d7498ec,2026-09-03T17:01:26.490739+00:00,x509,valid_active,17,10,UAV-VALID,ACCEPTED,ACCEPTED,True,10148300,10.1483,38800,47000,9916200,0,119900,2700,0,0,,,,none,x509-valid_active_6,0,False,239,8,
n10-identities_c10-conc_mech-x509-1backend_valid-active_r30_audit-off_20260903T170126Z,obs_94f3c4f0c4a741bebe0230e4a5e871e3,2026-09-03T17:01:26.493129+00:00,x509,valid_active,18,10,UAV-VALID,ACCEPTED,ACCEPTED,True,10961500,10.9615,28000,72700,10690300,0,117300,3200,0,0,,,,none,x509-valid_active_9,0,False,240,8,
n10-identities_c10-conc_mech-x509-1backend_valid-active_r30_audit-off_20260903T170126Z,obs_394423b6dd41482dbb24b939f6920696,2026-09-03T17:01:26.494437+00:00,x509,valid_active,20,10,UAV-VALID,ACCEPTED,ACCEPTED,True,7838300,7.8383,28100,50900,7603500,0,114100,2600,0,0,,,,none,x509-valid_active_0,0,False,239,8,
n10-identities_c10-conc_mech-x509-1backend_valid-active_r30_audit-off_20260903T170126Z,obs_223428b2c66041bb961f582df3eb038b,2026-09-03T17:01:26.496415+00:00,x509,valid_active,21,10,UAV-VALID,ACCEPTED,ACCEPTED,True,9123600,9.1236,22100,50000,8895300,0,113000,2800,0,0,,,,none,x509-valid_active_2,0,False,239,8,
n10-identities_c10-conc_mech-x509-1backend_valid-active_r30_audit-off_20260903T170126Z,obs_662f0f614dcf48e3b833daa664397a10,2026-09-03T17:01:26.497258+00:00,x509,valid_active,23,10,UAV-VALID,ACCEPTED,ACCEPTED,True,6965600,6.9656,31000,49900,6739200,0,113100,3100,0,0,,,,none,x509-valid_active_3,0,False,239,8,
n10-identities_c10-conc_mech-x509-1backend_valid-active_r30_audit-off_20260903T170126Z,obs_61a2b532c4724081901acdb451ec888d,2026-09-03T17:01:26.498866+00:00,x509,valid_active,24,10,UAV-VALID,ACCEPTED,ACCEPTED,True,6947200,6.9472,18600,46700,6722500,0,113100,2500,0,0,,,,none,x509-valid_active_1,0,False,238,8,
n10-identities_c10-conc_mech-x509-1backend_valid-active_r30_audit-off_20260903T170126Z,obs_2b33b9a2edf44e04a56d6fc392766658,2026-09-03T17:01:26.499763+00:00,x509,valid_active,22,10,UAV-VALID,ACCEPTED,ACCEPTED,True,6159800,6.1598,23700,42200,5935400,0,121600,2600,0,0,,,,none,x509-valid_active_4,0,False,239,8,
n10-identities_c10-conc_mech-x509-1backend_valid-active_r30_audit-off_20260903T170126Z,obs_77fe3591e1c349d192b010943bdf85c4,2026-09-03T17:01:26.503831+00:00,x509,valid_active,28,10,UAV-VALID,ACCEPTED,ACCEPTED,True,5287400,5.2874,17000,41800,4919200,0,208300,7700,0,0,,,,none,x509-valid_active_6,0,False,238,8,
n10-identities_c10-conc_mech-x509-1backend_valid-active_r30_audit-off_20260903T170126Z,obs_8d4acf47a60e4c6db774ce5b7831fc35,2026-09-03T17:01:26.505282+00:00,x509,valid_active,26,10,UAV-VALID,ACCEPTED,ACCEPTED,True,5333700,5.3337,16900,44800,5081300,0,133400,3700,0,0,,,,none,x509-valid_active_5,0,False,239,8,
n10-identities_c10-conc_mech-x509-1backend_valid-active_r30_audit-off_20260903T170126Z,obs_95d02173c2b04f029e5d22a87a7e924e,2026-09-03T17:01:26.505862+00:00,x509,valid_active,25,10,UAV-VALID,ACCEPTED,ACCEPTED,True,7972400,7.9724,18600,42500,7731900,0,126700,3400,0,0,,,,none,x509-valid_active_7,0,False,239,8,
n10-identities_c10-conc_mech-x509-1backend_valid-active_r30_audit-off_20260903T170126Z,obs_aa12ba3fad3d45f585c73fa772257d44,2026-09-03T17:01:26.506271+00:00,x509,valid_active,27,10,UAV-VALID,ACCEPTED,ACCEPTED,True,6090400,6.0904,13800,40700,5862400,0,123800,3500,0,0,,,,none,x509-valid_active_8,0,False,239,8,
n10-identities_c10-conc_mech-x509-1backend_valid-active_r30_audit-off_20260903T170126Z,obs_4ce31978675c49b88d42e5a8bdc037d2,2026-09-03T17:01:26.506567+00:00,x509,valid_active,29,10,UAV-VALID,ACCEPTED,ACCEPTED,True,5906100,5.9061,16300,39900,5687600,0,114900,2600,0,0,,,,none,x509-valid_active_9,0,False,239,8,
n10-identities_c10-conc_mech-blockchain-1backend_valid-active_r30_audit-off_20260903T170127Z,obs_73ea743883254b73a84794c9a951bf8d,2026-09-03T17:01:27.799101+00:00,blockchain,valid_active,0,10,UAV-VALID,ACCEPTED,ACCEPTED,True,18554600,18.5546,25500,18306400,0,2100,157400,4200,0,0,,,,none,MainThread,0,True,240,8,
n10-identities_c10-conc_mech-blockchain-1backend_valid-active_r30_audit-off_20260903T170127Z,obs_c44789ebe8044106ac8d211da449969b,2026-09-03T17:01:27.823418+00:00,blockchain,valid_active,1,10,UAV-VALID,ACCEPTED,ACCEPTED,True,19507300,19.5073,28700,19256000,0,2200,160700,3400,0,0,,,,none,MainThread,0,True,239,8,
n10-identities_c10-conc_mech-blockchain-1backend_valid-active_r30_audit-off_20260903T170127Z,obs_5b0737194c3b417f907c9ae27d118c8a,2026-09-03T17:01:27.917021+00:00,blockchain,valid_active,0,10,UAV-VALID,ACCEPTED,ACCEPTED,True,88262200,88.2622,26800,87995300,0,3200,162800,4800,0,0,,,,none,blockchain-valid_active_0,0,False,240,8,
n10-identities_c10-conc_mech-blockchain-1backend_valid-active_r30_audit-off_20260903T170127Z,obs_5318132c0a4043108c9670c37d397953,2026-09-03T17:01:27.954647+00:00,blockchain,valid_active,6,10,UAV-VALID,ACCEPTED,ACCEPTED,True,106177000,106.177,42500,105761300,0,4000,254100,9200,0,0,,,,none,blockchain-valid_active_6,0,False,240,8,
n10-identities_c10-conc_mech-blockchain-1backend_valid-active_r30_audit-off_20260903T170127Z,obs_ad749e8e757a4745bbd1543a0b6b5746,2026-09-03T17:01:27.959268+00:00,blockchain,valid_active,1,10,UAV-VALID,ACCEPTED,ACCEPTED,True,127254900,127.2549,41900,126807800,0,11800,260600,7400,0,0,,,,none,blockchain-valid_active_1,0,False,240,8,
n10-identities_c10-conc_mech-blockchain-1backend_valid-active_r30_audit-off_20260903T170127Z,obs_efd23342ee4c49dfabc9c134e6935cf0,2026-09-03T17:01:27.967677+00:00,blockchain,valid_active,3,10,UAV-VALID,ACCEPTED,ACCEPTED,True,128031900,128.0319,28700,127584600,0,5400,280300,9800,0,0,,,,none,blockchain-valid_active_3,0,False,239,8,
n10-identities_c10-conc_mech-blockchain-1backend_valid-active_r30_audit-off_20260903T170127Z,obs_bb3f5e58b57f427bbb26c509e99ea2f6,2026-09-03T17:01:27.972330+00:00,blockchain,valid_active,2,10,UAV-VALID,ACCEPTED,ACCEPTED,True,128816300,128.8163,22900,128438700,0,4900,237900,7400,0,0,,,,none,blockchain-valid_active_2,0,False,239,8,
n10-identities_c10-conc_mech-blockchain-1backend_valid-active_r30_audit-off_20260903T170127Z,obs_41ec09ad2b424c77954274f294e05c98,2026-09-03T17:01:27.983140+00:00,blockchain,valid_active,5,10,UAV-VALID,ACCEPTED,ACCEPTED,True,137085100,137.0851,31900,136664400,0,4200,232600,6500,0,0,,,,none,blockchain-valid_active_5,0,False,239,8,
n10-identities_c10-conc_mech-blockchain-1backend_valid-active_r30_audit-off_20260903T170127Z,obs_679af0ef011e447bacb878a8003d6d83,2026-09-03T17:01:27.987056+00:00,blockchain,valid_active,7,10,UAV-VALID,ACCEPTED,ACCEPTED,True,130669800,130.6698,47300,129872700,0,4600,551800,6600,0,0,,,,none,blockchain-valid_active_7,0,False,240,8,
n10-identities_c10-conc_mech-blockchain-1backend_valid-active_r30_audit-off_20260903T170127Z,obs_a22b74d2c0b347c09a42c92331c51afc,2026-09-03T17:01:27.991198+00:00,blockchain,valid_active,9,10,UAV-VALID,ACCEPTED,ACCEPTED,True,125674400,125.6744,30900,125365200,0,3900,175100,4700,0,0,,,,none,blockchain-valid_active_9,0,False,240,8,
n10-identities_c10-conc_mech-blockchain-1backend_valid-active_r30_audit-off_20260903T170127Z,obs_92962a6819194b95887cac8c7d05b543,2026-09-03T17:01:27.995265+00:00,blockchain,valid_active,4,10,UAV-VALID,ACCEPTED,ACCEPTED,True,154492800,154.4928,24300,154248100,0,2200,156200,3500,0,0,,,,none,blockchain-valid_active_4,0,False,238,8,
n10-identities_c10-conc_mech-blockchain-1backend_valid-active_r30_audit-off_20260903T170127Z,obs_afb87479542543cfb84c81d585c0dbcb,2026-09-03T17:01:28.014712+00:00,blockchain,valid_active,8,10,UAV-VALID,ACCEPTED,ACCEPTED,True,156190100,156.1901,40100,155814500,0,4400,231700,7800,0,0,,,,none,blockchain-valid_active_8,0,False,238,8,
n10-identities_c10-conc_mech-blockchain-1backend_valid-active_r30_audit-off_20260903T170127Z,obs_c3699768e9cb451e800fab4538377c33,2026-09-03T17:01:28.080759+00:00,blockchain,valid_active,10,10,UAV-VALID,ACCEPTED,ACCEPTED,True,131761800,131.7618,51800,131319400,0,4400,271300,6800,0,0,,,,none,blockchain-valid_active_0,0,False,238,8,
n10-identities_c10-conc_mech-blockchain-1backend_valid-active_r30_audit-off_20260903T170127Z,obs_0cf4b9e61fcb4e8cb55380d0abf15436,2026-09-03T17:01:28.135689+00:00,blockchain,valid_active,14,10,UAV-VALID,ACCEPTED,ACCEPTED,True,134710000,134.71,55500,134274800,0,5200,261300,8500,0,0,,,,none,blockchain-valid_active_2,0,False,238,8,
n10-identities_c10-conc_mech-blockchain-1backend_valid-active_r30_audit-off_20260903T170127Z,obs_476296d735884ea7a0c6ef82ca2afbff,2026-09-03T17:01:28.140593+00:00,blockchain,valid_active,11,10,UAV-VALID,ACCEPTED,ACCEPTED,True,148832900,148.8329,27500,148470400,0,4000,221600,5500,0,0,,,,none,blockchain-valid_active_6,0,False,240,8,
n10-identities_c10-conc_mech-blockchain-1backend_valid-active_r30_audit-off_20260903T170127Z,obs_a4558b0b661c4808b7cdb00c4b033c6b,2026-09-03T17:01:28.146025+00:00,blockchain,valid_active,13,10,UAV-VALID,ACCEPTED,ACCEPTED,True,146471700,146.4717,31800,146195500,0,2400,174600,4700,0,0,,,,none,blockchain-valid_active_3,0,False,238,8,
n10-identities_c10-conc_mech-blockchain-1backend_valid-active_r30_audit-off_20260903T170127Z,obs_b52f3137e3a4425f8ace75204103abef,2026-09-03T17:01:28.165236+00:00,blockchain,valid_active,16,10,UAV-VALID,ACCEPTED,ACCEPTED,True,152901500,152.9015,31600,152498800,0,4400,253400,7000,0,0,,,,none,blockchain-valid_active_7,0,False,240,8,
n10-identities_c10-conc_mech-blockchain-1backend_valid-active_r30_audit-off_20260903T170127Z,obs_982d2e89e9574c3da829e05e2fc9c61e,2026-09-03T17:01:28.174912+00:00,blockchain,valid_active,15,10,UAV-VALID,ACCEPTED,ACCEPTED,True,163864200,163.8642,41800,163456600,0,4200,249600,6700,0,0,,,,none,blockchain-valid_active_5,0,False,240,8,
n10-identities_c10-conc_mech-blockchain-1backend_valid-active_r30_audit-off_20260903T170127Z,obs_209a8593638a48e784cf485d4938a8df,2026-09-03T17:01:28.191631+00:00,blockchain,valid_active,12,10,UAV-VALID,ACCEPTED,ACCEPTED,True,194289300,194.2893,28000,193877600,0,4600,272800,6600,0,0,,,,none,blockchain-valid_active_1,0,False,239,8,
n10-identities_c10-conc_mech-blockchain-1backend_valid-active_r30_audit-off_20260903T170127Z,obs_44ba589f00784f0d9b9b064fa0326c95,2026-09-03T17:01:28.194345+00:00,blockchain,valid_active,18,10,UAV-VALID,ACCEPTED,ACCEPTED,True,168949000,168.949,30500,168553400,0,3900,261700,5600,0,0,,,,none,blockchain-valid_active_4,0,False,240,8,
n10-identities_c10-conc_mech-blockchain-1backend_valid-active_r30_audit-off_20260903T170127Z,obs_bb77dd34fa924b458e434bb4046bac58,2026-09-03T17:01:28.206357+00:00,blockchain,valid_active,17,10,UAV-VALID,ACCEPTED,ACCEPTED,True,178034600,178.0346,30900,177741500,0,3400,175800,5100,0,0,,,,none,blockchain-valid_active_9,0,False,239,8,
n10-identities_c10-conc_mech-blockchain-1backend_valid-active_r30_audit-off_20260903T170127Z,obs_1050933f05184429909a7c916d8fadee,2026-09-03T17:01:28.213881+00:00,blockchain,valid_active,19,10,UAV-VALID,ACCEPTED,ACCEPTED,True,166655300,166.6553,50200,166400700,0,2200,153300,4200,0,0,,,,none,blockchain-valid_active_8,0,False,238,8,
n10-identities_c10-conc_mech-blockchain-1backend_valid-active_r30_audit-off_20260903T170127Z,obs_f24c848c7e664c4394d18d006e48fd5e,2026-09-03T17:01:28.230675+00:00,blockchain,valid_active,20,10,UAV-VALID,ACCEPTED,ACCEPTED,True,116639200,116.6392,87800,116200400,0,4100,243900,6200,0,0,,,,none,blockchain-valid_active_0,0,False,240,8,
n10-identities_c10-conc_mech-blockchain-1backend_valid-active_r30_audit-off_20260903T170127Z,obs_22b11241a560466ebfef633090e64992,2026-09-03T17:01:28.298538+00:00,blockchain,valid_active,22,10,UAV-VALID,ACCEPTED,ACCEPTED,True,127138100,127.1381,52900,126825700,0,3500,181100,4200,0,0,,,,none,blockchain-valid_active_6,0,False,240,8,
n10-identities_c10-conc_mech-blockchain-1backend_valid-active_r30_audit-off_20260903T170127Z,obs_63fcf7c166064f65afab822f759eeac6,2026-09-03T17:01:28.304430+00:00,blockchain,valid_active,21,10,UAV-VALID,ACCEPTED,ACCEPTED,True,135837400,135.8374,60800,135495300,0,3500,211500,5700,0,0,,,,none,blockchain-valid_active_2,0,False,240,8,
n10-identities_c10-conc_mech-blockchain-1backend_valid-active_r30_audit-off_20260903T170127Z,obs_e40cfb28fe354cba98764bfd8ce5cebc,2026-09-03T17:01:28.320056+00:00,blockchain,valid_active,23,10,UAV-VALID,ACCEPTED,ACCEPTED,True,135498400,135.4984,63400,135160500,0,4600,184100,5600,0,0,,,,none,blockchain-valid_active_3,0,False,239,8,
n10-identities_c10-conc_mech-blockchain-1backend_valid-active_r30_audit-off_20260903T170127Z,obs_2388e30f099841758d33b117e833a8a5,2026-09-03T17:01:28.338391+00:00,blockchain,valid_active,24,10,UAV-VALID,ACCEPTED,ACCEPTED,True,127864700,127.8647,36000,127456500,0,4800,257300,7200,0,0,,,,none,blockchain-valid_active_7,0,False,239,8,
n10-identities_c10-conc_mech-blockchain-1backend_valid-active_r30_audit-off_20260903T170127Z,obs_5549106bef1c4cf98ed7fe54fcfed5da,2026-09-03T17:01:28.345002+00:00,blockchain,valid_active,26,10,UAV-VALID,ACCEPTED,ACCEPTED,True,121690700,121.6907,38700,121294100,0,4400,244400,8000,0,0,,,,none,blockchain-valid_active_1,0,False,240,8,
n10-identities_c10-conc_mech-blockchain-1backend_valid-active_r30_audit-off_20260903T170127Z,obs_b2f68d5538b6464d9f1eff55366b7f8c,2026-09-03T17:01:28.348026+00:00,blockchain,valid_active,27,10,UAV-VALID,ACCEPTED,ACCEPTED,True,120958400,120.9584,49000,120670900,0,3400,175700,4000,0,0,,,,none,blockchain-valid_active_4,0,False,239,8,
n10-identities_c10-conc_mech-blockchain-1backend_valid-active_r30_audit-off_20260903T170127Z,obs_5553343fa58a40eabcc04f6601dc5c7a,2026-09-03T17:01:28.366644+00:00,blockchain,valid_active,28,10,UAV-VALID,ACCEPTED,ACCEPTED,True,132951100,132.9511,29800,132496400,0,5600,284000,8100,0,0,,,,none,blockchain-valid_active_9,0,False,240,8,
n10-identities_c10-conc_mech-blockchain-1backend_valid-active_r30_audit-off_20260903T170127Z,obs_5aeff34cbead439a94656ca3873ac871,2026-09-03T17:01:28.371133+00:00,blockchain,valid_active,25,10,UAV-VALID,ACCEPTED,ACCEPTED,True,162619800,162.6198,57500,162214200,0,4400,247600,6900,0,0,,,,none,blockchain-valid_active_5,0,False,240,8,
n10-identities_c10-conc_mech-blockchain-1backend_valid-active_r30_audit-off_20260903T170127Z,obs_77c6e2c9a2724a128900d9e25947c581,2026-09-03T17:01:28.387315+00:00,blockchain,valid_active,29,10,UAV-VALID,ACCEPTED,ACCEPTED,True,137704800,137.7048,53300,137381600,0,3100,199900,4500,0,0,,,,none,blockchain-valid_active_8,0,False,239,8,
n10-identities_c25-conc_mech-x509-1backend_valid-active_r30_audit-off_20260903T170129Z,obs_dfe082fcf27c4318b694329545cbe99e,2026-09-03T17:01:29.678075+00:00,x509,valid_active,0,25,UAV-VALID,ACCEPTED,ACCEPTED,True,1712600,1.7126,40200,87500,1336100,0,162400,5300,0,0,,,,none,MainThread,0,True,239,8,
n10-identities_c25-conc_mech-x509-1backend_valid-active_r30_audit-off_20260903T170129Z,obs_516f6ab6ad764406899484de45005a60,2026-09-03T17:01:29.685691+00:00,x509,valid_active,1,25,UAV-VALID,ACCEPTED,ACCEPTED,True,2394300,2.3943,45100,115400,1828900,0,273200,9000,0,0,,,,none,MainThread,0,True,238,8,
n10-identities_c25-conc_mech-x509-1backend_valid-active_r30_audit-off_20260903T170129Z,obs_5722c11061d24086a13b0c1fa986f083,2026-09-03T17:01:29.732614+00:00,x509,valid_active,1,25,UAV-VALID,ACCEPTED,ACCEPTED,True,22623500,22.6235,63200,109700,22168000,0,214400,5200,0,0,,,,none,x509-valid_active_1,0,False,239,8,
n10-identities_c25-conc_mech-x509-1backend_valid-active_r30_audit-off_20260903T170129Z,obs_7ebb9c181d6243898e2bece4f58961d9,2026-09-03T17:01:29.759125+00:00,x509,valid_active,7,25,UAV-VALID,ACCEPTED,ACCEPTED,True,17859000,17.859,40400,265400,16816300,0,504700,30300,0,0,,,,none,x509-valid_active_6,0,False,239,8,
n10-identities_c25-conc_mech-x509-1backend_valid-active_r30_audit-off_20260903T170129Z,obs_37ebd624b132403f8fbca8fd2f0022ad,2026-09-03T17:01:29.737053+00:00,x509,valid_active,8,25,UAV-VALID,ACCEPTED,ACCEPTED,True,9800600,9.8006,42100,93000,9372400,0,214800,5700,0,0,,,,none,x509-valid_active_7,0,False,240,8,
n10-identities_c25-conc_mech-x509-1backend_valid-active_r30_audit-off_20260903T170129Z,obs_206e041f6db847e6bd1ec43e15d17c37,2026-09-03T17:01:29.748386+00:00,x509,valid_active,5,25,UAV-VALID,ACCEPTED,ACCEPTED,True,17472400,17.4724,54100,98700,17002100,0,239900,4900,0,0,,,,none,x509-valid_active_5,0,False,239,8,
n10-identities_c25-conc_mech-x509-1backend_valid-active_r30_audit-off_20260903T170129Z,obs_229efec08adb47efa9396c527932940d,2026-09-03T17:01:29.739488+00:00,x509,valid_active,10,25,UAV-VALID,ACCEPTED,ACCEPTED,True,12827200,12.8272,43000,109800,12369600,0,229000,4800,0,0,,,,none,x509-valid_active_8,0,False,238,8,
n10-identities_c25-conc_mech-x509-1backend_valid-active_r30_audit-off_20260903T170129Z,obs_e7d727113e8b43d693534301df051b43,2026-09-03T17:01:29.762059+00:00,x509,valid_active,19,25,UAV-VALID,ACCEPTED,ACCEPTED,True,12098400,12.0984,36300,85300,11595900,0,262000,4800,0,0,,,,none,x509-valid_active_3,0,False,239,8,
n10-identities_c25-conc_mech-x509-1backend_valid-active_r30_audit-off_20260903T170129Z,obs_abb5385a75b74e238c05beb669acc9e1,2026-09-03T17:01:29.735558+00:00,x509,valid_active,13,25,UAV-VALID,ACCEPTED,ACCEPTED,True,9947700,9.9477,51500,94200,9424800,0,247200,19400,0,0,,,,none,x509-valid_active_3,0,False,238,8,
n10-identities_c25-conc_mech-x509-1backend_valid-active_r30_audit-off_20260903T170129Z,obs_dbaf522631e64249bb839544ea692920,2026-09-03T17:01:29.756016+00:00,x509,valid_active,16,25,UAV-VALID,ACCEPTED,ACCEPTED,True,12872500,12.8725,36600,117400,12433000,0,204600,5500,0,0,,,,none,x509-valid_active_11,0,False,239,8,
n10-identities_c25-conc_mech-x509-1backend_valid-active_r30_audit-off_20260903T170129Z,obs_679355ef207e407fb0f6a92c76cadc53,2026-09-03T17:01:29.730206+00:00,x509,valid_active,11,25,UAV-VALID,ACCEPTED,ACCEPTED,True,9121800,9.1218,45400,150200,8587600,0,223100,6300,0,0,,,,none,x509-valid_active_4,0,False,239,8,
n10-identities_c25-conc_mech-x509-1backend_valid-active_r30_audit-off_20260903T170129Z,obs_0e06f9b2a76848cb9230a8ab5909519f,2026-09-03T17:01:29.717493+00:00,x509,valid_active,6,25,UAV-VALID,ACCEPTED,ACCEPTED,True,8989700,8.9897,48000,134800,8405200,0,242000,7600,0,0,,,,none,x509-valid_active_0,0,False,240,8,
n10-identities_c25-conc_mech-x509-1backend_valid-active_r30_audit-off_20260903T170129Z,obs_b239ba025eb248cfbeba66764e183bb5,2026-09-03T17:01:29.716141+00:00,x509,valid_active,3,25,UAV-VALID,ACCEPTED,ACCEPTED,True,9098100,9.0981,38800,105400,8673500,0,192200,6200,0,0,,,,none,x509-valid_active_3,0,False,239,8,
n10-identities_c25-conc_mech-x509-1backend_valid-active_r30_audit-off_20260903T170129Z,obs_faf13942fd804e41993f64f2aaa5ae6c,2026-09-03T17:01:29.763126+00:00,x509,valid_active,9,25,UAV-VALID,ACCEPTED,ACCEPTED,True,23008100,23.0081,48400,307600,22331300,0,210200,4900,0,0,,,,none,x509-valid_active_2,0,False,239,8,
n10-identities_c25-conc_mech-x509-1backend_valid-active_r30_audit-off_20260903T170129Z,obs_0d8ef9b949104b08a66d4cefe317b5d4,2026-09-03T17:01:29.710824+00:00,x509,valid_active,2,25,UAV-VALID,ACCEPTED,ACCEPTED,True,10203500,10.2035,42300,219100,9618500,0,226500,4800,0,0,,,,none,x509-valid_active_2,0,False,238,8,
n10-identities_c25-conc_mech-x509-1backend_valid-active_r30_audit-off_20260903T170129Z,obs_176b530eb182436b8aefdd3aa62cf177,2026-09-03T17:01:29.714328+00:00,x509,valid_active,4,25,UAV-VALID,ACCEPTED,ACCEPTED,True,9550000,9.55,869800,104400,9051700,0,237000,7000,0,0,,,,none,x509-valid_active_4,0,False,239,8,
n10-identities_c25-conc_mech-x509-1backend_valid-active_r30_audit-off_20260903T170129Z,obs_78835858db5c4d66b6863f2b04e4b301,2026-09-03T17:01:29.754329+00:00,x509,valid_active,14,25,UAV-VALID,ACCEPTED,ACCEPTED,True,9437200,9.4372,35800,87300,8981000,0,206800,6100,0,0,,,,none,x509-valid_active_0,0,False,239,8,
n10-identities_c25-conc_mech-x509-1backend_valid-active_r30_audit-off_20260903T170129Z,obs_45132361c5cb489ba8b0ca3c63d850e8,2026-09-03T17:01:29.698362+00:00,x509,valid_active,0,25,UAV-VALID,ACCEPTED,ACCEPTED,True,4159400,4.1594,45700,118200,3639000,0,239100,7200,0,0,,,,none,x509-valid_active_0,0,False,239,8,
n10-identities_c25-conc_mech-x509-1backend_valid-active_r30_audit-off_20260903T170129Z,obs_1771aedc37444a7996ead1a9a5a660b7,2026-09-03T17:01:29.776108+00:00,x509,valid_active,17,25,UAV-VALID,ACCEPTED,ACCEPTED,True,19126800,19.1268,43100,73700,18677000,0,233700,7100,0,0,,,,none,x509-valid_active_4,0,False,239,8,
n10-identities_c25-conc_mech-x509-1backend_valid-active_r30_audit-off_20260903T170129Z,obs_521bc8cae7f14db4a49a6e26759badd1,2026-09-03T17:01:29.776659+00:00,x509,valid_active,22,25,UAV-VALID,ACCEPTED,ACCEPTED,True,12679600,12.6796,34700,93500,12273500,0,205300,5000,0,0,,,,none,x509-valid_active_12,0,False,239,8,
n10-identities_c25-conc_mech-x509-1backend_valid-active_r30_audit-off_20260903T170129Z,obs_c9df27313ce14169bf9edc5eab401051,2026-09-03T17:01:29.777264+00:00,x509,valid_active,20,25,UAV-VALID,ACCEPTED,ACCEPTED,True,22529600,22.5296,28800,80900,22127100,0,206400,4300,0,0,,,,none,x509-valid_active_7,0,False,239,8,
n10-identities_c25-conc_mech-x509-1backend_valid-active_r30_audit-off_20260903T170129Z,obs_b1088ef85d2e4b079bc5f5624ba547fc,2026-09-03T17:01:29.781071+00:00,x509,valid_active,21,25,UAV-VALID,ACCEPTED,ACCEPTED,True,11526300,11.5263,26900,91100,11108300,0,201700,5200,0,0,,,,none,x509-valid_active_8,0,False,238,8,
n10-identities_c25-conc_mech-x509-1backend_valid-active_r30_audit-off_20260903T170129Z,obs_b1f877c5a480436fa5271a654e593040,2026-09-03T17:01:29.787044+00:00,x509,valid_active,24,25,UAV-VALID,ACCEPTED,ACCEPTED,True,8907900,8.9079,33200,79100,8523900,0,199400,4700,0,0,,,,none,x509-valid_active_0,0,False,240,8,
n10-identities_c25-conc_mech-x509-1backend_valid-active_r30_audit-off_20260903T170129Z,obs_f4f24277f2884d4591bb27c689e67a9b,2026-09-03T17:01:29.790028+00:00,x509,valid_active,12,25,UAV-VALID,ACCEPTED,ACCEPTED,True,23099300,23.0993,37100,119300,22638400,0,205700,7500,0,0,,,,none,x509-valid_active_9,0,False,239,8,
n10-identities_c25-conc_mech-x509-1backend_valid-active_r30_audit-off_20260903T170129Z,obs_285235ad8e71409c9393b89c18b01d2e,2026-09-03T17:01:29.790771+00:00,x509,valid_active,26,25,UAV-VALID,ACCEPTED,ACCEPTED,True,13217600,13.2176,40600,81800,12830300,0,192600,5000,0,0,,,,none,x509-valid_active_11,0,False,240,8,
n10-identities_c25-conc_mech-x509-1backend_valid-active_r30_audit-off_20260903T170129Z,obs_0423b7ac0f0e44a7a45e95e575e72633,2026-09-03T17:01:29.792893+00:00,x509,valid_active,28,25,UAV-VALID,ACCEPTED,ACCEPTED,True,8267100,8.2671,33400,95100,7860600,0,181300,5700,0,0,,,,none,x509-valid_active_3,0,False,240,8,
n10-identities_c25-conc_mech-x509-1backend_valid-active_r30_audit-off_20260903T170129Z,obs_7985ead11c0848d8a3c02a04eb0e9e31,2026-09-03T17:01:29.795687+00:00,x509,valid_active,27,25,UAV-VALID,ACCEPTED,ACCEPTED,True,9325500,9.3255,42400,86000,8890900,0,218200,6200,0,0,,,,none,x509-valid_active_6,0,False,239,8,
n10-identities_c25-conc_mech-x509-1backend_valid-active_r30_audit-off_20260903T170129Z,obs_1a73e79467ae40228f6add0ee00aeb9a,2026-09-03T17:01:29.796306+00:00,x509,valid_active,15,25,UAV-VALID,ACCEPTED,ACCEPTED,True,25669300,25.6693,28400,102900,25235300,0,211400,4600,0,0,,,,none,x509-valid_active_10,0,False,239,8,
n10-identities_c25-conc_mech-x509-1backend_valid-active_r30_audit-off_20260903T170129Z,obs_e9adec34de4644d8a56fa32b08b59568,2026-09-03T17:01:29.796977+00:00,x509,valid_active,18,25,UAV-VALID,ACCEPTED,ACCEPTED,True,23294400,23.2944,32000,90500,22905400,0,183900,4800,0,0,,,,none,x509-valid_active_1,0,False,240,8,
n10-identities_c25-conc_mech-x509-1backend_valid-active_r30_audit-off_20260903T170129Z,obs_1743c473fd2c42dca0c60c750196d94f,2026-09-03T17:01:29.800173+00:00,x509,valid_active,23,25,UAV-VALID,ACCEPTED,ACCEPTED,True,16903500,16.9035,33500,90400,16431600,0,228200,7400,0,0,,,,none,x509-valid_active_5,0,False,240,8,
n10-identities_c25-conc_mech-x509-1backend_valid-active_r30_audit-off_20260903T170129Z,obs_f68937a7b8e24eeba8de37e61f6c8d49,2026-09-03T17:01:29.801529+00:00,x509,valid_active,25,25,UAV-VALID,ACCEPTED,ACCEPTED,True,10325200,10.3252,32200,100000,9430400,0,332400,9900,0,0,,,,none,x509-valid_active_13,0,False,239,8,
n10-identities_c25-conc_mech-x509-1backend_valid-active_r30_audit-off_20260903T170129Z,obs_b9f2cfa92d5742a186aa72adb31cea91,2026-09-03T17:01:29.804301+00:00,x509,valid_active,29,25,UAV-VALID,ACCEPTED,ACCEPTED,True,2376200,2.3762,41200,106200,1935700,0,199900,5700,0,0,,,,none,x509-valid_active_2,0,False,240,8,
n10-identities_c25-conc_mech-blockchain-1backend_valid-active_r30_audit-off_20260903T170130Z,obs_88b41b79c1aa47ffa1c0920632166b84,2026-09-03T17:01:30.900489+00:00,blockchain,valid_active,0,25,UAV-VALID,ACCEPTED,ACCEPTED,True,21619900,21.6199,29000,21266500,0,4300,187300,5400,0,0,,,,none,MainThread,0,True,240,8,
n10-identities_c25-conc_mech-blockchain-1backend_valid-active_r30_audit-off_20260903T170130Z,obs_b0ad54e849a942f6b2d19a63ac1b3366,2026-09-03T17:01:30.944049+00:00,blockchain,valid_active,1,25,UAV-VALID,ACCEPTED,ACCEPTED,True,39410700,39.4107,30000,39146900,0,2700,171900,5600,0,0,,,,none,MainThread,0,True,238,8,
n10-identities_c25-conc_mech-blockchain-1backend_valid-active_r30_audit-off_20260903T170130Z,obs_490ce65735e54e548fcc80247d8492a4,2026-09-03T17:01:31.058064+00:00,blockchain,valid_active,0,25,UAV-VALID,ACCEPTED,ACCEPTED,True,108007100,108.0071,45600,107718400,0,2900,170600,4100,0,0,,,,none,blockchain-valid_active_0,0,False,238,8,
n10-identities_c25-conc_mech-blockchain-1backend_valid-active_r30_audit-off_20260903T170130Z,obs_9e24f50b944a4bcc9584ca22f7d42127,2026-09-03T17:01:31.168223+00:00,blockchain,valid_active,3,25,UAV-VALID,ACCEPTED,ACCEPTED,True,207472800,207.4728,47000,206939300,0,5700,313600,7200,0,0,,,,none,blockchain-valid_active_3,0,False,240,8,
n10-identities_c25-conc_mech-blockchain-1backend_valid-active_r30_audit-off_20260903T170130Z,obs_fa3ee8765dcb45fcbf8f547f69fa8366,2026-09-03T17:01:31.204423+00:00,blockchain,valid_active,6,25,UAV-VALID,ACCEPTED,ACCEPTED,True,234266000,234.266,26200,233985500,0,3900,176700,5600,0,0,,,,none,blockchain-valid_active_6,0,False,238,8,
n10-identities_c25-conc_mech-blockchain-1backend_valid-active_r30_audit-off_20260903T170130Z,obs_15e4d277f0934d8a82dfe1b55a6cdb71,2026-09-03T17:01:31.209821+00:00,blockchain,valid_active,1,25,UAV-VALID,ACCEPTED,ACCEPTED,True,256410100,256.4101,30200,256035200,0,4400,240400,5900,0,0,,,,none,blockchain-valid_active_1,0,False,240,8,
n10-identities_c25-conc_mech-blockchain-1backend_valid-active_r30_audit-off_20260903T170130Z,obs_4dbe9a6e0aab43ae9857dc4fed0cc360,2026-09-03T17:01:31.214048+00:00,blockchain,valid_active,2,25,UAV-VALID,ACCEPTED,ACCEPTED,True,250968800,250.9688,27200,250550300,0,4300,280300,6000,0,0,,,,none,blockchain-valid_active_2,0,False,239,8,
n10-identities_c25-conc_mech-blockchain-1backend_valid-active_r30_audit-off_20260903T170130Z,obs_bcc2f6784609447eba19e19dd8ab0137,2026-09-03T17:01:31.238485+00:00,blockchain,valid_active,7,25,UAV-VALID,ACCEPTED,ACCEPTED,True,258882800,258.8828,26400,258468100,0,5100,263400,7900,0,0,,,,none,blockchain-valid_active_7,0,False,239,8,
n10-identities_c25-conc_mech-blockchain-1backend_valid-active_r30_audit-off_20260903T170130Z,obs_271c73cafec7496a85785e18e7313d32,2026-09-03T17:01:31.246175+00:00,blockchain,valid_active,5,25,UAV-VALID,ACCEPTED,ACCEPTED,True,281381400,281.3814,23900,281131900,0,3300,157900,3400,0,0,,,,none,blockchain-valid_active_5,0,False,238,8,
n10-identities_c25-conc_mech-blockchain-1backend_valid-active_r30_audit-off_20260903T170130Z,obs_77c995322c4949d5b473d4c4d2b0df0e,2026-09-03T17:01:31.298217+00:00,blockchain,valid_active,11,25,UAV-VALID,ACCEPTED,ACCEPTED,True,259776800,259.7768,133700,259498700,0,2800,154000,3700,0,0,,,,none,blockchain-valid_active_11,0,False,239,8,
n10-identities_c25-conc_mech-blockchain-1backend_valid-active_r30_audit-off_20260903T170130Z,obs_81a577b81f6542f6a8e00b4dd53fe2d9,2026-09-03T17:01:31.328871+00:00,blockchain,valid_active,10,25,UAV-VALID,ACCEPTED,ACCEPTED,True,335382500,335.3825,20200,334987900,0,5900,247100,7800,0,0,,,,none,blockchain-valid_active_10,0,False,239,8,
n10-identities_c25-conc_mech-blockchain-1backend_valid-active_r30_audit-off_20260903T170130Z,obs_bfed3b134d3144bca85834ad0b1cacdf,2026-09-03T17:01:31.333642+00:00,blockchain,valid_active,4,25,UAV-VALID,ACCEPTED,ACCEPTED,True,355933500,355.9335,47800,355440800,0,6400,286400,10600,0,0,,,,none,blockchain-valid_active_4,0,False,240,8,
n10-identities_c25-conc_mech-blockchain-1backend_valid-active_r30_audit-off_20260903T170130Z,obs_0ff21bc0b381487f877bdb5c2c7853b1,2026-09-03T17:01:31.344317+00:00,blockchain,valid_active,9,25,UAV-VALID,ACCEPTED,ACCEPTED,True,355616600,355.6166,27300,355198400,0,5700,271700,6600,0,0,,,,none,blockchain-valid_active_9,0,False,238,8,
n10-identities_c25-conc_mech-blockchain-1backend_valid-active_r30_audit-off_20260903T170130Z,obs_c39338bd02874d76ae78ab75c6bafd1b,2026-09-03T17:01:31.351624+00:00,blockchain,valid_active,12,25,UAV-VALID,ACCEPTED,ACCEPTED,True,303606900,303.6069,42900,303095900,0,5000,259200,8600,0,0,,,,none,blockchain-valid_active_12,0,False,240,8,
n10-identities_c25-conc_mech-blockchain-1backend_valid-active_r30_audit-off_20260903T170130Z,obs_a607f2b143c0448c962b251f2dfdb881,2026-09-03T17:01:31.361293+00:00,blockchain,valid_active,8,25,UAV-VALID,ACCEPTED,ACCEPTED,True,368747500,368.7475,26900,368319600,0,4800,281100,7100,0,0,,,,none,blockchain-valid_active_8,0,False,239,8,
n10-identities_c25-conc_mech-blockchain-1backend_valid-active_r30_audit-off_20260903T170130Z,obs_ece88bf036dd4e6a9d984ba3b9296786,2026-09-03T17:01:31.435812+00:00,blockchain,valid_active,14,25,UAV-VALID,ACCEPTED,ACCEPTED,True,408657900,408.6579,332500,408329100,0,4800,176700,4300,0,0,,,,none,blockchain-valid_active_14,0,False,238,8,
n10-identities_c25-conc_mech-blockchain-1backend_valid-active_r30_audit-off_20260903T170130Z,obs_e2c8198b3d214dad836ec43799286ec8,2026-09-03T17:01:31.441283+00:00,blockchain,valid_active,15,25,UAV-VALID,ACCEPTED,ACCEPTED,True,395588900,395.5889,45900,395168000,0,4500,269900,6800,0,0,,,,none,blockchain-valid_active_15,0,False,239,8,
n10-identities_c25-conc_mech-blockchain-1backend_valid-active_r30_audit-off_20260903T170130Z,obs_8e1348daac114c199cebacd56ee9a9fe,2026-09-03T17:01:31.459033+00:00,blockchain,valid_active,17,25,UAV-VALID,ACCEPTED,ACCEPTED,True,353475000,353.475,53000,352865700,0,6100,427300,9500,0,0,,,,none,blockchain-valid_active_17,0,False,239,8,
n10-identities_c25-conc_mech-blockchain-1backend_valid-active_r30_audit-off_20260903T170130Z,obs_ccd640e4cbfc4b0c82f553637a267684,2026-09-03T17:01:31.475275+00:00,blockchain,valid_active,22,25,UAV-VALID,ACCEPTED,ACCEPTED,True,331419900,331.4199,36900,331115900,0,3900,187300,5700,0,0,,,,none,blockchain-valid_active_0,0,False,238,8,
n10-identities_c25-conc_mech-blockchain-1backend_valid-active_r30_audit-off_20260903T170130Z,obs_527905364cbc426c9330dc79ca7e168f,2026-09-03T17:01:31.478930+00:00,blockchain,valid_active,23,25,UAV-VALID,ACCEPTED,ACCEPTED,True,344360700,344.3607,65800,343918400,0,5000,265100,8100,0,0,,,,none,blockchain-valid_active_22,0,False,239,8,
n10-identities_c25-conc_mech-blockchain-1backend_valid-active_r30_audit-off_20260903T170130Z,obs_64b3b60cfc884322b2dc15faa4d1a41c,2026-09-03T17:01:31.485735+00:00,blockchain,valid_active,24,25,UAV-VALID,ACCEPTED,ACCEPTED,True,331623800,331.6238,29800,331186400,0,7100,263500,7500,0,0,,,,none,blockchain-valid_active_23,0,False,238,8,
n10-identities_c25-conc_mech-blockchain-1backend_valid-active_r30_audit-off_20260903T170130Z,obs_a53f0e4b26c94c96a4b83834ab116ff9,2026-09-03T17:01:31.487758+00:00,blockchain,valid_active,20,25,UAV-VALID,ACCEPTED,ACCEPTED,True,360374800,360.3748,38200,360012300,0,3400,231000,5700,0,0,,,,none,blockchain-valid_active_20,0,False,239,8,
n10-identities_c25-conc_mech-blockchain-1backend_valid-active_r30_audit-off_20260903T170130Z,obs_dcfe98e0c4d44ec98aeccdeddedd5196,2026-09-03T17:01:31.491221+00:00,blockchain,valid_active,13,25,UAV-VALID,ACCEPTED,ACCEPTED,True,441353000,441.353,51600,440942500,0,4300,245200,7300,0,0,,,,none,blockchain-valid_active_13,0,False,239,8,
n10-identities_c25-conc_mech-blockchain-1backend_valid-active_r30_audit-off_20260903T170130Z,obs_7f11bb0fcea54f83b1329161ca78c651,2026-09-03T17:01:31.494646+00:00,blockchain,valid_active,19,25,UAV-VALID,ACCEPTED,ACCEPTED,True,366095600,366.0956,27000,365763000,0,5100,201300,5700,0,0,,,,none,blockchain-valid_active_19,0,False,240,8,
n10-identities_c25-conc_mech-blockchain-1backend_valid-active_r30_audit-off_20260903T170130Z,obs_da439d2550804319a040ea21647e8a55,2026-09-03T17:01:31.501235+00:00,blockchain,valid_active,16,25,UAV-VALID,ACCEPTED,ACCEPTED,True,354395700,354.3957,47700,353804500,0,5100,250900,8000,0,0,,,,none,blockchain-valid_active_16,0,False,240,8,
n10-identities_c25-conc_mech-blockchain-1backend_valid-active_r30_audit-off_20260903T170130Z,obs_97d4fc76ea144d5380d155bba244fdbf,2026-09-03T17:01:31.508890+00:00,blockchain,valid_active,26,25,UAV-VALID,ACCEPTED,ACCEPTED,True,258840800,258.8408,50400,258446800,0,4700,233800,4900,0,0,,,,none,blockchain-valid_active_3,0,False,239,8,
n10-identities_c25-conc_mech-blockchain-1backend_valid-active_r30_audit-off_20260903T170130Z,obs_2c8f2ac3212049268461449bce1f85ef,2026-09-03T17:01:31.511123+00:00,blockchain,valid_active,21,25,UAV-VALID,ACCEPTED,ACCEPTED,True,392177700,392.1777,47500,391805400,0,4600,247100,5200,0,0,,,,none,blockchain-valid_active_21,0,False,240,8,
n10-identities_c25-conc_mech-blockchain-1backend_valid-active_r30_audit-off_20260903T170130Z,obs_d32effed50aa453fa380fe08cd20f44f,2026-09-03T17:01:31.522879+00:00,blockchain,valid_active,25,25,UAV-VALID,ACCEPTED,ACCEPTED,True,342732600,342.7326,49700,342404400,0,4400,196700,5100,0,0,,,,none,blockchain-valid_active_24,0,False,240,8,
n10-identities_c25-conc_mech-blockchain-1backend_valid-active_r30_audit-off_20260903T170130Z,obs_96deafaa15f94a84b02b81a4f4c6d99e,2026-09-03T17:01:31.535866+00:00,blockchain,valid_active,27,25,UAV-VALID,ACCEPTED,ACCEPTED,True,255179400,255.1794,26700,254725100,0,5400,287800,8900,0,0,,,,none,blockchain-valid_active_6,0,False,239,8,
n10-identities_c25-conc_mech-blockchain-1backend_valid-active_r30_audit-off_20260903T170130Z,obs_a0bfeb37998f4e188e5399e8676aa201,2026-09-03T17:01:31.538212+00:00,blockchain,valid_active,18,25,UAV-VALID,ACCEPTED,ACCEPTED,True,396768400,396.7684,45000,396499600,0,3100,163700,4300,0,0,,,,none,blockchain-valid_active_18,0,False,239,8,
n10-identities_c25-conc_mech-blockchain-1backend_valid-active_r30_audit-off_20260903T170130Z,obs_72ecfca7903a4ccda87209a6eaa40102,2026-09-03T17:01:31.544684+00:00,blockchain,valid_active,28,25,UAV-VALID,ACCEPTED,ACCEPTED,True,263004200,263.0042,25400,262737600,0,3900,162400,3700,0,0,,,,none,blockchain-valid_active_1,0,False,240,8,
n10-identities_c25-conc_mech-blockchain-1backend_valid-active_r30_audit-off_20260903T170130Z,obs_3eb8d5489f3b4f64991d44f2ba936867,2026-09-03T17:01:31.545745+00:00,blockchain,valid_active,29,25,UAV-VALID,ACCEPTED,ACCEPTED,True,231138900,231.1389,46600,230838800,0,2400,182700,4100,0,0,,,,none,blockchain-valid_active_2,0,False,239,8,
n10-identities_c50-conc_mech-x509-1backend_valid-active_r50_audit-off_20260903T170132Z,obs_3b62d6f6dbee490eb5ecb770dd190818,2026-09-03T17:01:32.610544+00:00,x509,valid_active,0,50,UAV-VALID,ACCEPTED,ACCEPTED,True,1194100,1.1941,29200,63200,925200,0,134200,3200,0,0,,,,none,MainThread,0,True,240,8,
n10-identities_c50-conc_mech-x509-1backend_valid-active_r50_audit-off_20260903T170132Z,obs_38b0ea56c5064f2fb84d2aa380c9a699,2026-09-03T17:01:32.617822+00:00,x509,valid_active,1,50,UAV-VALID,ACCEPTED,ACCEPTED,True,1919500,1.9195,78200,69200,1483200,0,219800,8200,0,0,,,,none,MainThread,0,True,240,8,
n10-identities_c50-conc_mech-x509-1backend_valid-active_r50_audit-off_20260903T170132Z,obs_a0dac2f5b9854983a0b4a37a8b3c6ad2,2026-09-03T17:01:32.676108+00:00,x509,valid_active,9,50,UAV-VALID,ACCEPTED,ACCEPTED,True,13406100,13.4061,35400,111300,13026300,0,132600,3600,0,0,,,,none,x509-valid_active_9,0,False,239,8,
n10-identities_c50-conc_mech-x509-1backend_valid-active_r50_audit-off_20260903T170132Z,obs_5fa3394b02284b1eae5764220f1a17d4,2026-09-03T17:01:32.703709+00:00,x509,valid_active,16,50,UAV-VALID,ACCEPTED,ACCEPTED,True,14988300,14.9883,21100,45500,14692000,0,155700,4200,0,0,,,,none,x509-valid_active_2,0,False,238,8,
n10-identities_c50-conc_mech-x509-1backend_valid-active_r50_audit-off_20260903T170132Z,obs_d7cb3b1f58a845a88775120a5abdff40,2026-09-03T17:01:32.696122+00:00,x509,valid_active,14,50,UAV-VALID,ACCEPTED,ACCEPTED,True,19130800,19.1308,54600,65200,18867800,0,125100,2900,0,0,,,,none,x509-valid_active_12,0,False,238,8,
n10-identities_c50-conc_mech-x509-1backend_valid-active_r50_audit-off_20260903T170132Z,obs_7e154c3383ab4a209ffe62bd055ce749,2026-09-03T17:01:32.683562+00:00,x509,valid_active,7,50,UAV-VALID,ACCEPTED,ACCEPTED,True,23005000,23.005,233400,109300,22647800,0,147500,3600,0,0,,,,none,x509-valid_active_7,0,False,238,8,
n10-identities_c50-conc_mech-x509-1backend_valid-active_r50_audit-off_20260903T170132Z,obs_6b603544981c46728bc8b5f787720c2e,2026-09-03T17:01:32.663870+00:00,x509,valid_active,5,50,UAV-VALID,ACCEPTED,ACCEPTED,True,21217100,21.2171,35100,90300,20875700,0,146700,4100,0,0,,,,none,x509-valid_active_5,0,False,238,8,
n10-identities_c50-conc_mech-x509-1backend_valid-active_r50_audit-off_20260903T170132Z,obs_5b358c5ddf0b413b847eb1dcce80bc09,2026-09-03T17:01:32.713024+00:00,x509,valid_active,15,50,UAV-VALID,ACCEPTED,ACCEPTED,True,19901200,19.9012,24000,58400,19660800,0,114400,2600,0,0,,,,none,x509-valid_active_3,0,False,239,8,
n10-identities_c50-conc_mech-x509-1backend_valid-active_r50_audit-off_20260903T170132Z,obs_27cd2f02d1bf44778906e219a6782ddf,2026-09-03T17:01:32.680452+00:00,x509,valid_active,12,50,UAV-VALID,ACCEPTED,ACCEPTED,True,15723100,15.7231,35100,83300,15440500,0,116000,2600,0,0,,,,none,x509-valid_active_0,0,False,238,8,
n10-identities_c50-conc_mech-x509-1backend_valid-active_r50_audit-off_20260903T170132Z,obs_a0266b85ce514e4d91714130d8f16a79,2026-09-03T17:01:32.679969+00:00,x509,valid_active,8,50,UAV-VALID,ACCEPTED,ACCEPTED,True,18062100,18.0621,40200,114100,17728500,0,128000,2800,0,0,,,,none,x509-valid_active_8,0,False,240,8,
n10-identities_c50-conc_mech-x509-1backend_valid-active_r50_audit-off_20260903T170132Z,obs_fb3ad7646992464baf6e02e2276998e4,2026-09-03T17:01:32.641249+00:00,x509,valid_active,0,50,UAV-VALID,ACCEPTED,ACCEPTED,True,10654200,10.6542,35200,104200,10209900,0,211900,4400,0,0,,,,none,x509-valid_active_0,0,False,239,8,
n10-identities_c50-conc_mech-x509-1backend_valid-active_r50_audit-off_20260903T170132Z,obs_1af45a93f1e14d1d9c6abd3ad717e883,2026-09-03T17:01:32.711955+00:00,x509,valid_active,17,50,UAV-VALID,ACCEPTED,ACCEPTED,True,26044200,26.0442,18900,55300,25808800,0,114900,2800,0,0,,,,none,x509-valid_active_13,0,False,239,8,
n10-identities_c50-conc_mech-x509-1backend_valid-active_r50_audit-off_20260903T170132Z,obs_a398ec2f5176423eaa7f0ac38e0725ad,2026-09-03T17:01:32.701224+00:00,x509,valid_active,13,50,UAV-VALID,ACCEPTED,ACCEPTED,True,15978100,15.9781,24600,71600,15677900,0,143400,3300,0,0,,,,none,x509-valid_active_11,0,False,238,8,
n10-identities_c50-conc_mech-x509-1backend_valid-active_r50_audit-off_20260903T170132Z,obs_f168d67d12474c82ae006fcf7e39a312,2026-09-03T17:01:32.667138+00:00,x509,valid_active,6,50,UAV-VALID,ACCEPTED,ACCEPTED,True,21949400,21.9494,37300,110100,21456900,0,189100,27400,0,0,,,,none,x509-valid_active_6,0,False,239,8,
n10-identities_c50-conc_mech-x509-1backend_valid-active_r50_audit-off_20260903T170132Z,obs_bd6e0a4beaa94182a98408a4ea34abeb,2026-09-03T17:01:32.679593+00:00,x509,valid_active,10,50,UAV-VALID,ACCEPTED,ACCEPTED,True,15443100,15.4431,140700,97800,15133800,0,129300,3100,0,0,,,,none,x509-valid_active_10,0,False,239,8,
n10-identities_c50-conc_mech-x509-1backend_valid-active_r50_audit-off_20260903T170132Z,obs_b1b78626162a4cebb2f8781ed06dc32a,2026-09-03T17:01:32.708697+00:00,x509,valid_active,20,50,UAV-VALID,ACCEPTED,ACCEPTED,True,19517000,19.517,35100,50100,19278600,0,121700,2700,0,0,,,,none,x509-valid_active_5,0,False,238,8,
n10-identities_c50-conc_mech-x509-1backend_valid-active_r50_audit-off_20260903T170132Z,obs_de1e9a1885ed4d60836b71127d1ba9be,2026-09-03T17:01:32.707208+00:00,x509,valid_active,19,50,UAV-VALID,ACCEPTED,ACCEPTED,True,16110600,16.1106,25400,92300,15790900,0,140600,3000,0,0,,,,none,x509-valid_active_15,0,False,238,8,
n10-identities_c50-conc_mech-x509-1backend_valid-active_r50_audit-off_20260903T170132Z,obs_318dd4df226445c7b6867aa4a144697e,2026-09-03T17:01:32.640263+00:00,x509,valid_active,1,50,UAV-VALID,ACCEPTED,ACCEPTED,True,12263600,12.2636,29800,134800,11753500,0,226400,6100,0,0,,,,none,x509-valid_active_1,0,False,238,8,
n10-identities_c50-conc_mech-x509-1backend_valid-active_r50_audit-off_20260903T170132Z,obs_2d9eeaf56ca34483a57069643cb8b360,2026-09-03T17:01:32.668284+00:00,x509,valid_active,4,50,UAV-VALID,ACCEPTED,ACCEPTED,True,30042200,30.0422,62700,70300,29604700,0,227100,6600,0,0,,,,none,x509-valid_active_4,0,False,240,8,
n10-identities_c50-conc_mech-x509-1backend_valid-active_r50_audit-off_20260903T170132Z,obs_330477f397ed4ebabb10ed4355190335,2026-09-03T17:01:32.652831+00:00,x509,valid_active,3,50,UAV-VALID,ACCEPTED,ACCEPTED,True,18120200,18.1202,27900,259700,17390100,0,221600,7300,0,0,,,,none,x509-valid_active_3,0,False,238,8,
n10-identities_c50-conc_mech-x509-1backend_valid-active_r50_audit-off_20260903T170132Z,obs_491d17df094744c6abc17a5ac66be9a2,2026-09-03T17:01:32.654312+00:00,x509,valid_active,2,50,UAV-VALID,ACCEPTED,ACCEPTED,True,18272000,18.272,46300,104500,17771800,0,239400,6100,0,0,,,,none,x509-valid_active_2,0,False,238,8,
n10-identities_c50-conc_mech-x509-1backend_valid-active_r50_audit-off_20260903T170132Z,obs_fd02ebe6aa45460d8c10ed29c019cbe6,2026-09-03T17:01:32.681975+00:00,x509,valid_active,11,50,UAV-VALID,ACCEPTED,ACCEPTED,True,18762900,18.7629,46100,86900,18460900,0,127000,2400,0,0,,,,none,x509-valid_active_1,0,False,239,8,
n10-identities_c50-conc_mech-x509-1backend_valid-active_r50_audit-off_20260903T170132Z,obs_d811c391c5454af5a256b743263e940b,2026-09-03T17:01:32.713837+00:00,x509,valid_active,24,50,UAV-VALID,ACCEPTED,ACCEPTED,True,18625400,18.6254,21000,55400,18359500,0,144200,2800,0,0,,,,none,x509-valid_active_17,0,False,239,8,
n10-identities_c50-conc_mech-x509-1backend_valid-active_r50_audit-off_20260903T170132Z,obs_5f6a8904d1ed49e7b7b9131fda57ecc9,2026-09-03T17:01:32.715356+00:00,x509,valid_active,18,50,UAV-VALID,ACCEPTED,ACCEPTED,True,21126100,21.1261,23000,57400,20894000,0,114700,2300,0,0,,,,none,x509-valid_active_14,0,False,240,8,
n10-identities_c50-conc_mech-x509-1backend_valid-active_r50_audit-off_20260903T170132Z,obs_88b3764365084b059a18bf50a849c25c,2026-09-03T17:01:32.717487+00:00,x509,valid_active,22,50,UAV-VALID,ACCEPTED,ACCEPTED,True,20848400,20.8484,23900,41500,20547200,0,179200,4100,0,0,,,,none,x509-valid_active_4,0,False,239,8,
n10-identities_c50-conc_mech-x509-1backend_valid-active_r50_audit-off_20260903T170132Z,obs_19bc4a252dfc457eaf60eb88a540826c,2026-09-03T17:01:32.717888+00:00,x509,valid_active,23,50,UAV-VALID,ACCEPTED,ACCEPTED,True,19592100,19.5921,18300,52100,19342600,0,127800,2900,0,0,,,,none,x509-valid_active_16,0,False,239,8,
n10-identities_c50-conc_mech-x509-1backend_valid-active_r50_audit-off_20260903T170132Z,obs_a13ecab6daf748fe877e68e07e10247f,2026-09-03T17:01:32.718362+00:00,x509,valid_active,25,50,UAV-VALID,ACCEPTED,ACCEPTED,True,19712600,19.7126,23500,95100,19432500,0,120400,2700,0,0,,,,none,x509-valid_active_18,0,False,239,8,
n10-identities_c50-conc_mech-x509-1backend_valid-active_r50_audit-off_20260903T170132Z,obs_bc8eb6fb0ef14461a5d2898e937f2112,2026-09-03T17:01:32.726198+00:00,x509,valid_active,21,50,UAV-VALID,ACCEPTED,ACCEPTED,True,26698400,26.6984,19300,63800,26439700,0,115900,3500,0,0,,,,none,x509-valid_active_6,0,False,238,8,
n10-identities_c50-conc_mech-x509-1backend_valid-active_r50_audit-off_20260903T170132Z,obs_fee76df734c34a7f82fc2b77fe26273e,2026-09-03T17:01:32.726974+00:00,x509,valid_active,30,50,UAV-VALID,ACCEPTED,ACCEPTED,True,16752100,16.7521,24300,44000,16508000,0,135200,3100,0,0,,,,none,x509-valid_active_0,0,False,239,8,
n10-identities_c50-conc_mech-x509-1backend_valid-active_r50_audit-off_20260903T170132Z,obs_9a3cf845a5024939bcaff3410817f2c2,2026-09-03T17:01:32.727769+00:00,x509,valid_active,27,50,UAV-VALID,ACCEPTED,ACCEPTED,True,27841300,27.8413,17300,54700,27604900,0,113400,3000,0,0,,,,none,x509-valid_active_10,0,False,239,8,
n10-identities_c50-conc_mech-x509-1backend_valid-active_r50_audit-off_20260903T170132Z,obs_e90bef82c4fc4042be084444cd985ab6,2026-09-03T17:01:32.729242+00:00,x509,valid_active,29,50,UAV-VALID,ACCEPTED,ACCEPTED,True,26670100,26.6701,21400,67500,26427000,0,109300,2800,0,0,,,,none,x509-valid_active_19,0,False,239,8,
n10-identities_c50-conc_mech-x509-1backend_valid-active_r50_audit-off_20260903T170132Z,obs_19738ecc559f48018514c9bf0170fa7e,2026-09-03T17:01:32.730483+00:00,x509,valid_active,31,50,UAV-VALID,ACCEPTED,ACCEPTED,True,22354000,22.354,40700,63200,22106800,0,116300,2700,0,0,,,,none,x509-valid_active_20,0,False,239,8,
n10-identities_c50-conc_mech-x509-1backend_valid-active_r50_audit-off_20260903T170132Z,obs_2a17e80c35774c7b8f9407afee65059b,2026-09-03T17:01:32.730792+00:00,x509,valid_active,26,50,UAV-VALID,ACCEPTED,ACCEPTED,True,14077100,14.0771,32400,93100,13794300,0,112000,2400,0,0,,,,none,x509-valid_active_9,0,False,239,8,
n10-identities_c50-conc_mech-x509-1backend_valid-active_r50_audit-off_20260903T170132Z,obs_aa6f03d43db84b3bb88b67762afce881,2026-09-03T17:01:32.735605+00:00,x509,valid_active,28,50,UAV-VALID,ACCEPTED,ACCEPTED,True,16939500,16.9395,18500,47000,16630900,0,174500,3800,0,0,,,,none,x509-valid_active_8,0,False,240,8,
n10-identities_c50-conc_mech-x509-1backend_valid-active_r50_audit-off_20260903T170132Z,obs_65739e8143264c04ab8024408cd58359,2026-09-03T17:01:32.736560+00:00,x509,valid_active,34,50,UAV-VALID,ACCEPTED,ACCEPTED,True,15714400,15.7144,19100,94800,15410800,0,126100,2700,0,0,,,,none,x509-valid_active_21,0,False,239,8,
n10-identities_c50-conc_mech-x509-1backend_valid-active_r50_audit-off_20260903T170132Z,obs_4b18109a3ab2441a8f302cac0429110c,2026-09-03T17:01:32.737919+00:00,x509,valid_active,32,50,UAV-VALID,ACCEPTED,ACCEPTED,True,23459200,23.4592,30100,46100,23230600,0,119500,2700,0,0,,,,none,x509-valid_active_1,0,False,239,8,
n10-identities_c50-conc_mech-x509-1backend_valid-active_r50_audit-off_20260903T170132Z,obs_fd7434933f0046abaf95119abdf8cc62,2026-09-03T17:01:32.738716+00:00,x509,valid_active,36,50,UAV-VALID,ACCEPTED,ACCEPTED,True,10331500,10.3315,37600,81400,10064300,0,114500,3100,0,0,,,,none,x509-valid_active_23,0,False,239,8,
n10-identities_c50-conc_mech-x509-1backend_valid-active_r50_audit-off_20260903T170132Z,obs_dc24611fa2364e13b20bcc3bd9c455e6,2026-09-03T17:01:32.740644+00:00,x509,valid_active,35,50,UAV-VALID,ACCEPTED,ACCEPTED,True,21037700,21.0377,20300,63700,20806000,0,108700,2400,0,0,,,,none,x509-valid_active_22,0,False,239,8,
n10-identities_c50-conc_mech-x509-1backend_valid-active_r50_audit-off_20260903T170132Z,obs_d1412d7e0ecc4f3aa0c41ade967547c7,2026-09-03T17:01:32.744533+00:00,x509,valid_active,38,50,UAV-VALID,ACCEPTED,ACCEPTED,True,10708100,10.7081,26700,123900,10388100,0,114500,3500,0,0,,,,none,x509-valid_active_24,0,False,238,8,
n10-identities_c50-conc_mech-x509-1backend_valid-active_r50_audit-off_20260903T170132Z,obs_b2c2fd5522c044669789cdfd35cc6563,2026-09-03T17:01:32.744835+00:00,x509,valid_active,33,50,UAV-VALID,ACCEPTED,ACCEPTED,True,20184500,20.1845,22500,45300,19957600,0,113300,3000,0,0,,,,none,x509-valid_active_7,0,False,239,8,
n10-identities_c50-conc_mech-x509-1backend_valid-active_r50_audit-off_20260903T170132Z,obs_2ff3aa66d56d4fc8b27fe53eab820961,2026-09-03T17:01:32.745403+00:00,x509,valid_active,37,50,UAV-VALID,ACCEPTED,ACCEPTED,True,17470300,17.4703,25700,43300,17262800,0,108900,2200,0,0,,,,none,x509-valid_active_12,0,False,239,8,
n10-identities_c50-conc_mech-x509-1backend_valid-active_r50_audit-off_20260903T170132Z,obs_d8c0b855d660403e9aca863069475aab,2026-09-03T17:01:32.746043+00:00,x509,valid_active,41,50,UAV-VALID,ACCEPTED,ACCEPTED,True,13476400,13.4764,22500,54700,13244300,0,112400,2300,0,0,,,,none,x509-valid_active_2,0,False,239,8,
n10-identities_c50-conc_mech-x509-1backend_valid-active_r50_audit-off_20260903T170132Z,obs_a2506c29d17f4395b5c9844411870bd6,2026-09-03T17:01:32.747374+00:00,x509,valid_active,47,50,UAV-VALID,ACCEPTED,ACCEPTED,True,10347100,10.3471,17100,40800,10133900,0,112900,2700,0,0,,,,none,x509-valid_active_3,0,False,239,8,
n10-identities_c50-conc_mech-x509-1backend_valid-active_r50_audit-off_20260903T170132Z,obs_51f23e60c3c14f0b87f4be43d605de01,2026-09-03T17:01:32.749676+00:00,x509,valid_active,40,50,UAV-VALID,ACCEPTED,ACCEPTED,True,13682400,13.6824,22100,80100,13340100,0,167700,5500,0,0,,,,none,x509-valid_active_25,0,False,240,8,
n10-identities_c50-conc_mech-x509-1backend_valid-active_r50_audit-off_20260903T170132Z,obs_1497c93f45194074a881a2f499da311a,2026-09-03T17:01:32.750282+00:00,x509,valid_active,46,50,UAV-VALID,ACCEPTED,ACCEPTED,True,10055100,10.0551,29000,42200,9691900,0,196200,6000,0,0,,,,none,x509-valid_active_13,0,False,239,8,
n10-identities_c50-conc_mech-x509-1backend_valid-active_r50_audit-off_20260903T170132Z,obs_272ca78845324c4fabe84fddfb4cd3e0,2026-09-03T17:01:32.750977+00:00,x509,valid_active,42,50,UAV-VALID,ACCEPTED,ACCEPTED,True,12653100,12.6531,15700,61000,12286400,0,193900,6100,0,0,,,,none,x509-valid_active_26,0,False,239,8,
n10-identities_c50-conc_mech-x509-1backend_valid-active_r50_audit-off_20260903T170132Z,obs_3744716394db4b9ab46b4669002331dd,2026-09-03T17:01:32.752020+00:00,x509,valid_active,44,50,UAV-VALID,ACCEPTED,ACCEPTED,True,15205000,15.205,16700,43700,14873600,0,186500,4400,0,0,,,,none,x509-valid_active_5,0,False,239,8,
n10-identities_c50-conc_mech-x509-1backend_valid-active_r50_audit-off_20260903T170132Z,obs_0c0de3ce764442f4b42d5e01b9b4d7e3,2026-09-03T17:01:32.752613+00:00,x509,valid_active,43,50,UAV-VALID,ACCEPTED,ACCEPTED,True,10329500,10.3295,21700,44300,10067600,0,142200,3300,0,0,,,,none,x509-valid_active_15,0,False,239,8,
n10-identities_c50-conc_mech-x509-1backend_valid-active_r50_audit-off_20260903T170132Z,obs_2c8af901220940cebfb9e60e7b56aac9,2026-09-03T17:01:32.755579+00:00,x509,valid_active,45,50,UAV-VALID,ACCEPTED,ACCEPTED,True,12441200,12.4412,18100,56100,12125600,0,160300,5800,0,0,,,,none,x509-valid_active_27,0,False,239,8,
n10-identities_c50-conc_mech-x509-1backend_valid-active_r50_audit-off_20260903T170132Z,obs_9c4dc8e9166d4ec29e8404e0268ea749,2026-09-03T17:01:32.756107+00:00,x509,valid_active,39,50,UAV-VALID,ACCEPTED,ACCEPTED,True,16214000,16.214,34200,44300,15872700,0,190000,5200,0,0,,,,none,x509-valid_active_11,0,False,239,8,
n10-identities_c50-conc_mech-x509-1backend_valid-active_r50_audit-off_20260903T170132Z,obs_11d95515192d42ad97e91b6116f2675a,2026-09-03T17:01:32.756655+00:00,x509,valid_active,49,50,UAV-VALID,ACCEPTED,ACCEPTED,True,11573500,11.5735,16600,40700,11245700,0,183100,5200,0,0,,,,none,x509-valid_active_17,0,False,239,8,
n10-identities_c50-conc_mech-x509-1backend_valid-active_r50_audit-off_20260903T170132Z,obs_ff132034c14d4933b2564b802a20e5af,2026-09-03T17:01:32.757393+00:00,x509,valid_active,48,50,UAV-VALID,ACCEPTED,ACCEPTED,True,11787200,11.7872,18800,55200,11483200,0,152900,4900,0,0,,,,none,x509-valid_active_28,0,False,239,8,
n10-identities_c50-conc_mech-blockchain-1backend_valid-active_r50_audit-off_20260903T170133Z,obs_8164100d9f6b4d00975b530915937880,2026-09-03T17:01:33.858225+00:00,blockchain,valid_active,0,50,UAV-VALID,ACCEPTED,ACCEPTED,True,22452000,22.452,32600,22060000,0,4300,235600,7300,0,0,,,,none,MainThread,0,True,240,8,
n10-identities_c50-conc_mech-blockchain-1backend_valid-active_r50_audit-off_20260903T170133Z,obs_2801e37036e14d9083b195d19c4cd64d,2026-09-03T17:01:33.886189+00:00,blockchain,valid_active,1,50,UAV-VALID,ACCEPTED,ACCEPTED,True,23892600,23.8926,32800,23515200,0,3500,225500,10800,0,0,,,,none,MainThread,0,True,239,8,
n10-identities_c50-conc_mech-blockchain-1backend_valid-active_r50_audit-off_20260903T170133Z,obs_42cca5fa79aa47b597325082295c573f,2026-09-03T17:01:34.214482+00:00,blockchain,valid_active,8,50,UAV-VALID,ACCEPTED,ACCEPTED,True,286187000,286.187,25700,285852100,0,3900,221400,6500,0,0,,,,none,blockchain-valid_active_8,0,False,239,8,
n10-identities_c50-conc_mech-blockchain-1backend_valid-active_r50_audit-off_20260903T170133Z,obs_40735a62473649e8a3be63578c1a1a22,2026-09-03T17:01:34.249774+00:00,blockchain,valid_active,1,50,UAV-VALID,ACCEPTED,ACCEPTED,True,351513700,351.5137,30200,351095800,0,6000,252700,7700,0,0,,,,none,blockchain-valid_active_1,0,False,238,8,
n10-identities_c50-conc_mech-blockchain-1backend_valid-active_r50_audit-off_20260903T170133Z,obs_09a148023428490ab61bde01ad200e2b,2026-09-03T17:01:34.035760+00:00,blockchain,valid_active,0,50,UAV-VALID,ACCEPTED,ACCEPTED,True,142187700,142.1877,28400,141932000,0,2900,158600,3700,0,0,,,,none,blockchain-valid_active_0,0,False,239,8,
n10-identities_c50-conc_mech-blockchain-1backend_valid-active_r50_audit-off_20260903T170133Z,obs_e0e93fb484a840b7b256c5e685f5cdf6,2026-09-03T17:01:34.120889+00:00,blockchain,valid_active,2,50,UAV-VALID,ACCEPTED,ACCEPTED,True,224234300,224.2343,36100,223935100,0,4900,176800,4600,0,0,,,,none,blockchain-valid_active_2,0,False,240,8,
n10-identities_c50-conc_mech-blockchain-1backend_valid-active_r50_audit-off_20260903T170133Z,obs_4679d992d84f4c38b06240415ae8209f,2026-09-03T17:01:34.225040+00:00,blockchain,valid_active,5,50,UAV-VALID,ACCEPTED,ACCEPTED,True,298848700,298.8487,42700,298466000,0,3900,233700,5500,0,0,,,,none,blockchain-valid_active_5,0,False,240,8,
n10-identities_c50-conc_mech-blockchain-1backend_valid-active_r50_audit-off_20260903T170133Z,obs_b3175d64da9040c291975cdb6cc97e37,2026-09-03T17:01:34.275329+00:00,blockchain,valid_active,3,50,UAV-VALID,ACCEPTED,ACCEPTED,True,369433300,369.4333,49100,369036900,0,4400,244200,5800,0,0,,,,none,blockchain-valid_active_3,0,False,239,8,
n10-identities_c50-conc_mech-blockchain-1backend_valid-active_r50_audit-off_20260903T170133Z,obs_f532c3a8cf1a4420af61af6bc19db14d,2026-09-03T17:01:34.281706+00:00,blockchain,valid_active,4,50,UAV-VALID,ACCEPTED,ACCEPTED,True,371196400,371.1964,42100,370704500,0,4300,339100,10000,0,0,,,,none,blockchain-valid_active_4,0,False,239,8,
n10-identities_c50-conc_mech-blockchain-1backend_valid-active_r50_audit-off_20260903T170133Z,obs_24463fc7e5a64dbd976c9ee8f80eb0da,2026-09-03T17:01:34.338149+00:00,blockchain,valid_active,7,50,UAV-VALID,ACCEPTED,ACCEPTED,True,417382500,417.3825,44400,417067400,0,4300,180800,3800,0,0,,,,none,blockchain-valid_active_7,0,False,238,8,
n10-identities_c50-conc_mech-blockchain-1backend_valid-active_r50_audit-off_20260903T170133Z,obs_317637584a644e75b6c438cbd17409d5,2026-09-03T17:01:34.352464+00:00,blockchain,valid_active,6,50,UAV-VALID,ACCEPTED,ACCEPTED,True,419845700,419.8457,43700,419328700,0,3700,165300,4900,0,0,,,,none,blockchain-valid_active_6,0,False,239,8,
n10-identities_c50-conc_mech-blockchain-1backend_valid-active_r50_audit-off_20260903T170133Z,obs_b73852f4f349451a8c6dd5d9c9dbaf6e,2026-09-03T17:01:34.500556+00:00,blockchain,valid_active,10,50,UAV-VALID,ACCEPTED,ACCEPTED,True,539771100,539.7711,44400,539328500,0,14300,245800,8100,0,0,,,,none,blockchain-valid_active_10,0,False,238,8,
n10-identities_c50-conc_mech-blockchain-1backend_valid-active_r50_audit-off_20260903T170133Z,obs_c060db21898f4e6aba6f172cb92c8c7a,2026-09-03T17:01:34.531146+00:00,blockchain,valid_active,11,50,UAV-VALID,ACCEPTED,ACCEPTED,True,573079900,573.0799,39500,572793000,0,4100,175400,5400,0,0,,,,none,blockchain-valid_active_11,0,False,240,8,
n10-identities_c50-conc_mech-blockchain-1backend_valid-active_r50_audit-off_20260903T170133Z,obs_cc6e51aeec1a456b87de274ad5feb394,2026-09-03T17:01:34.533992+00:00,blockchain,valid_active,19,50,UAV-VALID,ACCEPTED,ACCEPTED,True,523692800,523.6928,28400,523298100,0,4300,251500,8000,0,0,,,,none,blockchain-valid_active_19,0,False,238,8,
n10-identities_c50-conc_mech-blockchain-1backend_valid-active_r50_audit-off_20260903T170133Z,obs_ca49a187043c4d17bf0de9df4fa8f64a,2026-09-03T17:01:34.575937+00:00,blockchain,valid_active,13,50,UAV-VALID,ACCEPTED,ACCEPTED,True,597999700,597.9997,23300,597634200,0,6400,221300,6400,0,0,,,,none,blockchain-valid_active_13,0,False,240,8,
n10-identities_c50-conc_mech-blockchain-1backend_valid-active_r50_audit-off_20260903T170133Z,obs_d261c1512ad4463ebbb6ceb847b9a1a8,2026-09-03T17:01:34.592698+00:00,blockchain,valid_active,12,50,UAV-VALID,ACCEPTED,ACCEPTED,True,617447800,617.4478,25800,616849900,0,6400,448700,7700,0,0,,,,none,blockchain-valid_active_12,0,False,238,8,
n10-identities_c50-conc_mech-blockchain-1backend_valid-active_r50_audit-off_20260903T170133Z,obs_39228508ea61482da705314430de4bec,2026-09-03T17:01:34.614634+00:00,blockchain,valid_active,9,50,UAV-VALID,ACCEPTED,ACCEPTED,True,673647500,673.6475,38100,673242000,0,5200,266100,6700,0,0,,,,none,blockchain-valid_active_9,0,False,238,8,
n10-identities_c50-conc_mech-blockchain-1backend_valid-active_r50_audit-off_20260903T170133Z,obs_d8a08a0bb5d34f63a01b959b03362e0b,2026-09-03T17:01:34.628936+00:00,blockchain,valid_active,24,50,UAV-VALID,ACCEPTED,ACCEPTED,True,575354600,575.3546,29600,574918000,0,5100,257300,9000,0,0,,,,none,blockchain-valid_active_24,0,False,240,8,
n10-identities_c50-conc_mech-blockchain-1backend_valid-active_r50_audit-off_20260903T170133Z,obs_b8cc61d62a1b4fb78d59a52c917f9e5f,2026-09-03T17:01:34.671282+00:00,blockchain,valid_active,16,50,UAV-VALID,ACCEPTED,ACCEPTED,True,685676600,685.6766,50200,685267400,0,5900,246500,7500,0,0,,,,none,blockchain-valid_active_16,0,False,240,8,
n10-identities_c50-conc_mech-blockchain-1backend_valid-active_r50_audit-off_20260903T170133Z,obs_75a4d12f5fd64cffa289cf13b86568d3,2026-09-03T17:01:34.724421+00:00,blockchain,valid_active,27,50,UAV-VALID,ACCEPTED,ACCEPTED,True,653744600,653.7446,41100,653278300,0,4600,270700,7300,0,0,,,,none,blockchain-valid_active_27,0,False,239,8,
n10-identities_c50-conc_mech-blockchain-1backend_valid-active_r50_audit-off_20260903T170133Z,obs_508deee747294fcb944646fdb2c5a265,2026-09-03T17:01:34.737404+00:00,blockchain,valid_active,15,50,UAV-VALID,ACCEPTED,ACCEPTED,True,757726700,757.7267,28700,757224100,0,13100,273800,7700,0,0,,,,none,blockchain-valid_active_15,0,False,239,8,
n10-identities_c50-conc_mech-blockchain-1backend_valid-active_r50_audit-off_20260903T170133Z,obs_334747c348e8401bafb0945add8cde13,2026-09-03T17:01:34.753099+00:00,blockchain,valid_active,30,50,UAV-VALID,ACCEPTED,ACCEPTED,True,620583200,620.5832,47400,620139000,0,5600,247400,6800,0,0,,,,none,blockchain-valid_active_0,0,False,239,8,
n10-identities_c50-conc_mech-blockchain-1backend_valid-active_r50_audit-off_20260903T170133Z,obs_2fd33c183b82411db887242aa50ec17c,2026-09-03T17:01:34.756205+00:00,blockchain,valid_active,17,50,UAV-VALID,ACCEPTED,ACCEPTED,True,766013700,766.0137,35900,765570800,0,8600,283200,9500,0,0,,,,none,blockchain-valid_active_17,0,False,239,8,
n10-identities_c50-conc_mech-blockchain-1backend_valid-active_r50_audit-off_20260903T170133Z,obs_ebf500804ad8449d8f58b2618cf3c93f,2026-09-03T17:01:34.809005+00:00,blockchain,valid_active,26,50,UAV-VALID,ACCEPTED,ACCEPTED,True,710233400,710.2334,43500,709790500,0,3800,286100,8800,0,0,,,,none,blockchain-valid_active_26,0,False,239,8,
n10-identities_c50-conc_mech-blockchain-1backend_valid-active_r50_audit-off_20260903T170133Z,obs_7489e63d41a2488bace1d34aafb2436c,2026-09-03T17:01:34.815374+00:00,blockchain,valid_active,23,50,UAV-VALID,ACCEPTED,ACCEPTED,True,738049500,738.0495,31600,737608200,0,5100,275400,7600,0,0,,,,none,blockchain-valid_active_23,0,False,240,8,
n10-identities_c50-conc_mech-blockchain-1backend_valid-active_r50_audit-off_20260903T170133Z,obs_0293823a2d094cf68c220d4e81459db9,2026-09-03T17:01:34.821291+00:00,blockchain,valid_active,14,50,UAV-VALID,ACCEPTED,ACCEPTED,True,847577200,847.5772,29800,847126100,0,5700,293800,7400,0,0,,,,none,blockchain-valid_active_14,0,False,240,8,
n10-identities_c50-conc_mech-blockchain-1backend_valid-active_r50_audit-off_20260903T170133Z,obs_cc0ca86038ca42e097bb20e563d92545,2026-09-03T17:01:34.827940+00:00,blockchain,valid_active,28,50,UAV-VALID,ACCEPTED,ACCEPTED,True,735832900,735.8329,27100,735420900,0,5700,248500,6200,0,0,,,,none,blockchain-valid_active_28,0,False,240,8,
n10-identities_c50-conc_mech-blockchain-1backend_valid-active_r50_audit-off_20260903T170133Z,obs_e771d01634054e81a3e78bf77f273aae,2026-09-03T17:01:34.832886+00:00,blockchain,valid_active,18,50,UAV-VALID,ACCEPTED,ACCEPTED,True,825185000,825.185,26100,824722700,0,5600,286200,8900,0,0,,,,none,blockchain-valid_active_18,0,False,239,8,
n10-identities_c50-conc_mech-blockchain-1backend_valid-active_r50_audit-off_20260903T170133Z,obs_3544338c3a0f42ac834567717d81ffc7,2026-09-03T17:01:34.865476+00:00,blockchain,valid_active,33,50,UAV-VALID,ACCEPTED,ACCEPTED,True,718596300,718.5963,47900,718105100,0,5300,275000,9500,0,0,,,,none,blockchain-valid_active_32,0,False,239,8,
n10-identities_c50-conc_mech-blockchain-1backend_valid-active_r50_audit-off_20260903T170133Z,obs_8053d78edd6d4c8297eaa73bb8626e5a,2026-09-03T17:01:34.868123+00:00,blockchain,valid_active,37,50,UAV-VALID,ACCEPTED,ACCEPTED,True,674554300,674.5543,62700,674121500,0,3900,264100,7900,0,0,,,,none,blockchain-valid_active_36,0,False,240,8,
n10-identities_c50-conc_mech-blockchain-1backend_valid-active_r50_audit-off_20260903T170133Z,obs_0abb45256bcd42cdb1d88f808084f6f4,2026-09-03T17:01:34.871774+00:00,blockchain,valid_active,20,50,UAV-VALID,ACCEPTED,ACCEPTED,True,839074600,839.0746,53500,838497200,0,4400,396400,9200,0,0,,,,none,blockchain-valid_active_20,0,False,240,8,
n10-identities_c50-conc_mech-blockchain-1backend_valid-active_r50_audit-off_20260903T170133Z,obs_ed60b1480d514fe5811f6ae3131d74ce,2026-09-03T17:01:34.875705+00:00,blockchain,valid_active,21,50,UAV-VALID,ACCEPTED,ACCEPTED,True,826425500,826.4255,49200,825963300,0,5200,280300,8800,0,0,,,,none,blockchain-valid_active_21,0,False,240,8,
n10-identities_c50-conc_mech-blockchain-1backend_valid-active_r50_audit-off_20260903T170133Z,obs_444963710ad34369a4d06c4e6305cac0,2026-09-03T17:01:34.950300+00:00,blockchain,valid_active,42,50,UAV-VALID,ACCEPTED,ACCEPTED,True,645884300,645.8843,38600,645376100,0,4400,253800,11200,0,0,,,,none,blockchain-valid_active_40,0,False,240,8,
n10-identities_c50-conc_mech-blockchain-1backend_valid-active_r50_audit-off_20260903T170133Z,obs_4b1ce8d455024dbda38f23f97264f418,2026-09-03T17:01:34.955893+00:00,blockchain,valid_active,25,50,UAV-VALID,ACCEPTED,ACCEPTED,True,862601800,862.6018,27200,862170600,0,4200,271300,9100,0,0,,,,none,blockchain-valid_active_25,0,False,238,8,
n10-identities_c50-conc_mech-blockchain-1backend_valid-active_r50_audit-off_20260903T170133Z,obs_1099eb48e3bb4c0f93b65e72050013de,2026-09-03T17:01:34.985109+00:00,blockchain,valid_active,31,50,UAV-VALID,ACCEPTED,ACCEPTED,True,847757300,847.7573,51600,847328400,0,4300,257300,7400,0,0,,,,none,blockchain-valid_active_30,0,False,239,8,
n10-identities_c50-conc_mech-blockchain-1backend_valid-active_r50_audit-off_20260903T170133Z,obs_0cace277f13c4c52ad733c18bf0a7e8a,2026-09-03T17:01:34.990292+00:00,blockchain,valid_active,29,50,UAV-VALID,ACCEPTED,ACCEPTED,True,837993100,837.9931,46900,837542200,0,4900,275500,7800,0,0,,,,none,blockchain-valid_active_29,0,False,240,8,
n10-identities_c50-conc_mech-blockchain-1backend_valid-active_r50_audit-off_20260903T170133Z,obs_2534ff0b70754e0fb8dc2f203178c158,2026-09-03T17:01:34.995206+00:00,blockchain,valid_active,38,50,UAV-VALID,ACCEPTED,ACCEPTED,True,758495200,758.4952,56100,756340500,0,4400,279100,9700,0,0,,,,none,blockchain-valid_active_37,0,False,240,8,
n10-identities_c50-conc_mech-blockchain-1backend_valid-active_r50_audit-off_20260903T170133Z,obs_0def6216ddaf483197db197aa780984c,2026-09-03T17:01:34.998713+00:00,blockchain,valid_active,32,50,UAV-VALID,ACCEPTED,ACCEPTED,True,831887700,831.8877,62800,831403600,0,4500,281900,7900,0,0,,,,none,blockchain-valid_active_31,0,False,240,8,
n10-identities_c50-conc_mech-blockchain-1backend_valid-active_r50_audit-off_20260903T170133Z,obs_68575629557e4ccf86322962766928a0,2026-09-03T17:01:35.006259+00:00,blockchain,valid_active,36,50,UAV-VALID,ACCEPTED,ACCEPTED,True,708152600,708.1526,45500,707697800,0,4700,281000,7100,0,0,,,,none,blockchain-valid_active_35,0,False,239,8,
n10-identities_c50-conc_mech-blockchain-1backend_valid-active_r50_audit-off_20260903T170133Z,obs_9d5d1cafe2af4cc681d2a7bd136a3680,2026-09-03T17:01:35.127669+00:00,blockchain,valid_active,41,50,UAV-VALID,ACCEPTED,ACCEPTED,True,778474000,778.474,63300,778005100,0,4400,292600,8100,0,0,,,,none,blockchain-valid_active_39,0,False,238,8,
n10-identities_c50-conc_mech-blockchain-1backend_valid-active_r50_audit-off_20260903T170133Z,obs_393fe8f0451641a2bb0d95cad7e20c8a,2026-09-03T17:01:35.129594+00:00,blockchain,valid_active,44,50,UAV-VALID,ACCEPTED,ACCEPTED,True,771895200,771.8952,32400,771498300,0,3800,249100,7400,0,0,,,,none,blockchain-valid_active_8,0,False,240,8,
n10-identities_c50-conc_mech-blockchain-1backend_valid-active_r50_audit-off_20260903T170133Z,obs_07b5a0f9707b49e299ab452c462cbf31,2026-09-03T17:01:35.134097+00:00,blockchain,valid_active,34,50,UAV-VALID,ACCEPTED,ACCEPTED,True,903534500,903.5345,40300,903027900,0,5100,296200,8400,0,0,,,,none,blockchain-valid_active_33,0,False,238,8,
n10-identities_c50-conc_mech-blockchain-1backend_valid-active_r50_audit-off_20260903T170133Z,obs_ef7120dac3134a75a5de58cabed501b0,2026-09-03T17:01:35.172949+00:00,blockchain,valid_active,43,50,UAV-VALID,ACCEPTED,ACCEPTED,True,805674400,805.6744,60000,805242900,0,3700,272000,6100,0,0,,,,none,blockchain-valid_active_41,0,False,240,8,
n10-identities_c50-conc_mech-blockchain-1backend_valid-active_r50_audit-off_20260903T170133Z,obs_d73605fb52f840dab83410f3024d64c6,2026-09-03T17:01:35.196267+00:00,blockchain,valid_active,39,50,UAV-VALID,ACCEPTED,ACCEPTED,True,690395000,690.395,63900,689943800,0,4400,264300,7600,0,0,,,,none,blockchain-valid_active_38,0,False,239,8,
n10-identities_c50-conc_mech-blockchain-1backend_valid-active_r50_audit-off_20260903T170133Z,obs_8cccb08f534c4470854fc5ba5906de1a,2026-09-03T17:01:35.202157+00:00,blockchain,valid_active,22,50,UAV-VALID,ACCEPTED,ACCEPTED,True,1160901000,1160.901,35900,1160458400,0,4100,285100,8900,0,0,,,,none,blockchain-valid_active_22,0,False,238,8,
n10-identities_c50-conc_mech-blockchain-1backend_valid-active_r50_audit-off_20260903T170133Z,obs_7b464dab94a3474c85a26c30cfa50222,2026-09-03T17:01:35.205329+00:00,blockchain,valid_active,35,50,UAV-VALID,ACCEPTED,ACCEPTED,True,989587800,989.5878,52100,989121800,0,4900,287300,8000,0,0,,,,none,blockchain-valid_active_34,0,False,239,8,
n10-identities_c50-conc_mech-blockchain-1backend_valid-active_r50_audit-off_20260903T170133Z,obs_c06b8e70bef14cd8befc45224f3dbdb8,2026-09-03T17:01:35.213164+00:00,blockchain,valid_active,49,50,UAV-VALID,ACCEPTED,ACCEPTED,True,588693400,588.6934,60200,588229000,0,5700,279800,8000,0,0,,,,none,blockchain-valid_active_44,0,False,238,8,
n10-identities_c50-conc_mech-blockchain-1backend_valid-active_r50_audit-off_20260903T170133Z,obs_b12fa67be87e4ba3bb7cce1da51ba4b2,2026-09-03T17:01:35.216264+00:00,blockchain,valid_active,47,50,UAV-VALID,ACCEPTED,ACCEPTED,True,695100100,695.1001,31800,694625900,0,4600,299000,11400,0,0,,,,none,blockchain-valid_active_43,0,False,240,8,
n10-identities_c50-conc_mech-blockchain-1backend_valid-active_r50_audit-off_20260903T170133Z,obs_e9d672d6b2644996b5f61e62b949a23a,2026-09-03T17:01:35.232751+00:00,blockchain,valid_active,48,50,UAV-VALID,ACCEPTED,ACCEPTED,True,616272800,616.2728,47500,615552600,0,4800,531400,10300,0,0,,,,none,blockchain-valid_active_1,0,False,239,8,
n10-identities_c50-conc_mech-blockchain-1backend_valid-active_r50_audit-off_20260903T170133Z,obs_f65cc4842b0c478ab390be3dc2358260,2026-09-03T17:01:35.235343+00:00,blockchain,valid_active,46,50,UAV-VALID,ACCEPTED,ACCEPTED,True,584058300,584.0583,59500,583569000,0,3600,313300,7100,0,0,,,,none,blockchain-valid_active_42,0,False,239,8,
n10-identities_c50-conc_mech-blockchain-1backend_valid-active_r50_audit-off_20260903T170133Z,obs_a300f6143d8c4ad4a2a81eb777f7cc0a,2026-09-03T17:01:35.238712+00:00,blockchain,valid_active,45,50,UAV-VALID,ACCEPTED,ACCEPTED,True,666951500,666.9515,54000,666465300,0,3800,324300,8300,0,0,,,,none,blockchain-valid_active_5,0,False,239,8,
n10-identities_c50-conc_mech-blockchain-1backend_valid-active_r50_audit-off_20260903T170133Z,obs_0f594aa9f8494ffbb23d21cef68231ec,2026-09-03T17:01:35.241132+00:00,blockchain,valid_active,40,50,UAV-VALID,ACCEPTED,ACCEPTED,True,886919800,886.9198,39700,886530600,0,5100,238800,7700,0,0,,,,none,blockchain-valid_active_2,0,False,239,8,
n50-identities_c1-conc_mech-x509-1backend_valid-active_r30_audit-off_20260903T170136Z,obs_c182038bb3d34b93a9a913198d52b4b8,2026-09-03T17:01:36.976292+00:00,x509,valid_active,0,1,UAV-VALID,ACCEPTED,ACCEPTED,True,1281400,1.2814,50800,64000,1004300,0,128000,3700,0,0,,,,none,MainThread,0,True,239,8,
n50-identities_c1-conc_mech-x509-1backend_valid-active_r30_audit-off_20260903T170136Z,obs_a2e49200c7f441cd8986e8ddaf48bc06,2026-09-03T17:01:36.981726+00:00,x509,valid_active,1,1,UAV-VALID,ACCEPTED,ACCEPTED,True,1232200,1.2322,28400,56800,972900,0,126800,3900,0,0,,,,none,MainThread,0,True,239,8,
n50-identities_c1-conc_mech-x509-1backend_valid-active_r30_audit-off_20260903T170136Z,obs_a9ba0a5deac144a3bae7a031407446f0,2026-09-03T17:01:36.989298+00:00,x509,valid_active,0,1,UAV-VALID,ACCEPTED,ACCEPTED,True,1390000,1.39,82100,107800,1049700,0,142200,4800,0,0,,,,none,x509-valid_active_0,0,False,238,8,
n50-identities_c1-conc_mech-x509-1backend_valid-active_r30_audit-off_20260903T170136Z,obs_f49f534b17fd46ef9c522f90455a1f8b,2026-09-03T17:01:36.992861+00:00,x509,valid_active,1,1,UAV-VALID,ACCEPTED,ACCEPTED,True,1363600,1.3636,40800,66300,1078400,0,138300,4000,0,0,,,,none,x509-valid_active_0,0,False,239,8,
n50-identities_c1-conc_mech-x509-1backend_valid-active_r30_audit-off_20260903T170136Z,obs_600899902ec14244afc7253830f64455,2026-09-03T17:01:36.995789+00:00,x509,valid_active,2,1,UAV-VALID,ACCEPTED,ACCEPTED,True,1459100,1.4591,29500,56500,1210600,0,123400,3000,0,0,,,,none,x509-valid_active_0,0,False,239,8,
n50-identities_c1-conc_mech-x509-1backend_valid-active_r30_audit-off_20260903T170136Z,obs_f8204517db12461b82fed19ac82ed95c,2026-09-03T17:01:36.998966+00:00,x509,valid_active,3,1,UAV-VALID,ACCEPTED,ACCEPTED,True,1745600,1.7456,23100,70000,1374800,0,190300,5700,0,0,,,,none,x509-valid_active_0,0,False,238,8,
n50-identities_c1-conc_mech-x509-1backend_valid-active_r30_audit-off_20260903T170136Z,obs_207aa64400f34187ab8bff9f6112f9e7,2026-09-03T17:01:37.005944+00:00,x509,valid_active,4,1,UAV-VALID,ACCEPTED,ACCEPTED,True,4215200,4.2152,59100,98800,3772800,0,205900,7300,0,0,,,,none,x509-valid_active_0,0,False,239,8,
n50-identities_c1-conc_mech-x509-1backend_valid-active_r30_audit-off_20260903T170136Z,obs_98d5fbceae484f5b9170f092502a2496,2026-09-03T17:01:37.013643+00:00,x509,valid_active,5,1,UAV-VALID,ACCEPTED,ACCEPTED,True,3009000,3.009,52400,132700,2453800,0,234100,8300,0,0,,,,none,x509-valid_active_0,0,False,239,8,
n50-identities_c1-conc_mech-x509-1backend_valid-active_r30_audit-off_20260903T170136Z,obs_af8e75df7abb4aa0b3e9e02ecd67de57,2026-09-03T17:01:37.019806+00:00,x509,valid_active,6,1,UAV-VALID,ACCEPTED,ACCEPTED,True,3133100,3.1331,57000,130500,2622000,0,210600,8400,0,0,,,,none,x509-valid_active_0,0,False,239,8,
n50-identities_c1-conc_mech-x509-1backend_valid-active_r30_audit-off_20260903T170136Z,obs_a23edb727e314756a2c4b4447c46181e,2026-09-03T17:01:37.031819+00:00,x509,valid_active,7,1,UAV-VALID,ACCEPTED,ACCEPTED,True,7512600,7.5126,101200,177900,6770100,0,247500,8100,0,0,,,,none,x509-valid_active_0,0,False,239,8,
n50-identities_c1-conc_mech-x509-1backend_valid-active_r30_audit-off_20260903T170136Z,obs_57753a86ac2f43958594dab83f3d0c76,2026-09-03T17:01:37.041452+00:00,x509,valid_active,8,1,UAV-VALID,ACCEPTED,ACCEPTED,True,2288800,2.2888,55600,100100,1825500,0,230300,6700,0,0,,,,none,x509-valid_active_0,0,False,239,8,
n50-identities_c1-conc_mech-x509-1backend_valid-active_r30_audit-off_20260903T170136Z,obs_05d33bc043c649768afb43e769f45681,2026-09-03T17:01:37.047839+00:00,x509,valid_active,9,1,UAV-VALID,ACCEPTED,ACCEPTED,True,3600000,3.6,53300,105800,2117100,0,798500,401300,0,0,,,,none,x509-valid_active_0,0,False,239,8,
n50-identities_c1-conc_mech-x509-1backend_valid-active_r30_audit-off_20260903T170136Z,obs_bb08946e4260481487159dfca8db6956,2026-09-03T17:01:37.058054+00:00,x509,valid_active,10,1,UAV-VALID,ACCEPTED,ACCEPTED,True,5176700,5.1767,48700,2639200,2162000,0,212400,6800,0,0,,,,none,x509-valid_active_0,0,False,239,8,
n50-identities_c1-conc_mech-x509-1backend_valid-active_r30_audit-off_20260903T170136Z,obs_4d0b4e01b4844784bc11c8e4852e008b,2026-09-03T17:01:37.062551+00:00,x509,valid_active,11,1,UAV-VALID,ACCEPTED,ACCEPTED,True,2067700,2.0677,34300,62400,1688700,0,208200,6100,0,0,,,,none,x509-valid_active_0,0,False,240,8,
n50-identities_c1-conc_mech-x509-1backend_valid-active_r30_audit-off_20260903T170136Z,obs_56697b9db27f4da59a0adcce64e34dc4,2026-09-03T17:01:37.068996+00:00,x509,valid_active,12,1,UAV-VALID,ACCEPTED,ACCEPTED,True,2726200,2.7262,49000,119100,2255400,0,210400,5500,0,0,,,,none,x509-valid_active_0,0,False,238,8,
n50-identities_c1-conc_mech-x509-1backend_valid-active_r30_audit-off_20260903T170136Z,obs_d2f64a0485cf42b7a3b1b1e9f868e197,2026-09-03T17:01:37.073341+00:00,x509,valid_active,13,1,UAV-VALID,ACCEPTED,ACCEPTED,True,2108100,2.1081,55900,89800,1684100,0,214500,6600,0,0,,,,none,x509-valid_active_0,0,False,239,8,
n50-identities_c1-conc_mech-x509-1backend_valid-active_r30_audit-off_20260903T170136Z,obs_7e3bfb6bc8f34bde9cca73d73438044e,2026-09-03T17:01:37.077844+00:00,x509,valid_active,14,1,UAV-VALID,ACCEPTED,ACCEPTED,True,1943300,1.9433,46500,94400,1529300,0,197000,6300,0,0,,,,none,x509-valid_active_0,0,False,239,8,
n50-identities_c1-conc_mech-x509-1backend_valid-active_r30_audit-off_20260903T170136Z,obs_9256bc6560184fc2b35860d73241033b,2026-09-03T17:01:37.082209+00:00,x509,valid_active,15,1,UAV-VALID,ACCEPTED,ACCEPTED,True,2020500,2.0205,36500,64700,1638300,0,198700,5800,0,0,,,,none,x509-valid_active_0,0,False,240,8,
n50-identities_c1-conc_mech-x509-1backend_valid-active_r30_audit-off_20260903T170136Z,obs_e82121c387254d37bc1c393e2e56f8c9,2026-09-03T17:01:37.087260+00:00,x509,valid_active,16,1,UAV-VALID,ACCEPTED,ACCEPTED,True,2494700,2.4947,46900,105000,2042400,0,207800,6000,0,0,,,,none,x509-valid_active_0,0,False,239,8,
n50-identities_c1-conc_mech-x509-1backend_valid-active_r30_audit-off_20260903T170136Z,obs_98c897ae1c394478b9055f7627e7e92f,2026-09-03T17:01:37.091310+00:00,x509,valid_active,17,1,UAV-VALID,ACCEPTED,ACCEPTED,True,1803400,1.8034,36200,74500,1458300,0,173000,5100,0,0,,,,none,x509-valid_active_0,0,False,240,8,
n50-identities_c1-conc_mech-x509-1backend_valid-active_r30_audit-off_20260903T170136Z,obs_513efc58cdf544d39eabe851dc6babcc,2026-09-03T17:01:37.095188+00:00,x509,valid_active,18,1,UAV-VALID,ACCEPTED,ACCEPTED,True,1738900,1.7389,34700,79000,1364200,0,184800,5800,0,0,,,,none,x509-valid_active_0,0,False,240,8,
n50-identities_c1-conc_mech-x509-1backend_valid-active_r30_audit-off_20260903T170136Z,obs_3c9f26f8e61f4243afc9856ae978ec91,2026-09-03T17:01:37.100369+00:00,x509,valid_active,19,1,UAV-VALID,ACCEPTED,ACCEPTED,True,2231500,2.2315,57200,95600,1798500,0,206900,7000,0,0,,,,none,x509-valid_active_0,0,False,239,8,
n50-identities_c1-conc_mech-x509-1backend_valid-active_r30_audit-off_20260903T170136Z,obs_2b1c990c43004852b717ab65f5e48b67,2026-09-03T17:01:37.105655+00:00,x509,valid_active,20,1,UAV-VALID,ACCEPTED,ACCEPTED,True,2789800,2.7898,30500,60900,2387200,0,220700,7500,0,0,,,,none,x509-valid_active_0,0,False,239,8,
n50-identities_c1-conc_mech-x509-1backend_valid-active_r30_audit-off_20260903T170136Z,obs_78987abaedf849538d59250f90e18622,2026-09-03T17:01:37.110405+00:00,x509,valid_active,21,1,UAV-VALID,ACCEPTED,ACCEPTED,True,2281900,2.2819,44400,78900,1887400,0,194600,5300,0,0,,,,none,x509-valid_active_0,0,False,238,8,
n50-identities_c1-conc_mech-x509-1backend_valid-active_r30_audit-off_20260903T170136Z,obs_9aa5c4b08c4244128be3ff67aa43a908,2026-09-03T17:01:37.114432+00:00,x509,valid_active,22,1,UAV-VALID,ACCEPTED,ACCEPTED,True,2212700,2.2127,25100,85300,1763200,0,217600,5900,0,0,,,,none,x509-valid_active_0,0,False,240,8,
n50-identities_c1-conc_mech-x509-1backend_valid-active_r30_audit-off_20260903T170136Z,obs_410c5ce54371410095eaf93e5ad3aa12,2026-09-03T17:01:37.118514+00:00,x509,valid_active,23,1,UAV-VALID,ACCEPTED,ACCEPTED,True,1702100,1.7021,34000,97800,1375200,0,135200,3300,0,0,,,,none,x509-valid_active_0,0,False,238,8,
n50-identities_c1-conc_mech-x509-1backend_valid-active_r30_audit-off_20260903T170136Z,obs_b9155dd0c04c43ef9853c39ac9c9a00b,2026-09-03T17:01:37.121181+00:00,x509,valid_active,24,1,UAV-VALID,ACCEPTED,ACCEPTED,True,1138300,1.1383,24100,53100,889400,0,126400,3800,0,0,,,,none,x509-valid_active_0,0,False,239,8,
n50-identities_c1-conc_mech-x509-1backend_valid-active_r30_audit-off_20260903T170136Z,obs_c3e6e73e105341e1874660a31858a8a9,2026-09-03T17:01:37.123853+00:00,x509,valid_active,25,1,UAV-VALID,ACCEPTED,ACCEPTED,True,1147600,1.1476,22000,49700,912700,0,120000,3200,0,0,,,,none,x509-valid_active_0,0,False,238,8,
n50-identities_c1-conc_mech-x509-1backend_valid-active_r30_audit-off_20260903T170136Z,obs_53391408a17644f18d79c482c439817e,2026-09-03T17:01:37.126449+00:00,x509,valid_active,26,1,UAV-VALID,ACCEPTED,ACCEPTED,True,1200000,1.2,21000,48100,971900,0,118200,3100,0,0,,,,none,x509-valid_active_0,0,False,240,8,
n50-identities_c1-conc_mech-x509-1backend_valid-active_r30_audit-off_20260903T170136Z,obs_9f24a3c9f780421987f40b5ec41cdca9,2026-09-03T17:01:37.129785+00:00,x509,valid_active,27,1,UAV-VALID,ACCEPTED,ACCEPTED,True,1844900,1.8449,22300,77500,1553200,0,133800,3700,0,0,,,,none,x509-valid_active_0,0,False,239,8,
n50-identities_c1-conc_mech-x509-1backend_valid-active_r30_audit-off_20260903T170136Z,obs_733e479dc38e44408ce37d9a440686b5,2026-09-03T17:01:37.132736+00:00,x509,valid_active,28,1,UAV-VALID,ACCEPTED,ACCEPTED,True,1480500,1.4805,28200,84400,1148500,0,157500,3600,0,0,,,,none,x509-valid_active_0,0,False,239,8,
n50-identities_c1-conc_mech-x509-1backend_valid-active_r30_audit-off_20260903T170136Z,obs_e6fcfa366cc546a5aa1e25d6c77c7a50,2026-09-03T17:01:37.136257+00:00,x509,valid_active,29,1,UAV-VALID,ACCEPTED,ACCEPTED,True,1546100,1.5461,42800,60100,1269300,0,135000,3700,0,0,,,,none,x509-valid_active_0,0,False,240,8,
n50-identities_c1-conc_mech-blockchain-1backend_valid-active_r30_audit-off_20260903T170138Z,obs_21118eaa4a304b95bcaf732d75e3351f,2026-09-03T17:02:57.715509+00:00,blockchain,valid_active,0,1,UAV-VALID,ACCEPTED,ACCEPTED,True,25743700,25.7437,61200,25478700,0,2200,157800,3300,0,0,,,,none,MainThread,0,True,239,8,
n50-identities_c1-conc_mech-blockchain-1backend_valid-active_r30_audit-off_20260903T170138Z,obs_a3f93d5913cd472aae181c7d7dae58e2,2026-09-03T17:02:57.739775+00:00,blockchain,valid_active,1,1,UAV-VALID,ACCEPTED,ACCEPTED,True,20050600,20.0506,26700,19659000,0,4400,243200,7700,0,0,,,,none,MainThread,0,True,238,8,
n50-identities_c1-conc_mech-blockchain-1backend_valid-active_r30_audit-off_20260903T170138Z,obs_03a00a719f2344c68d3bac990cfc0080,2026-09-03T17:02:57.764600+00:00,blockchain,valid_active,0,1,UAV-VALID,ACCEPTED,ACCEPTED,True,19095600,19.0956,30500,18834700,0,3400,155900,3800,0,0,,,,none,blockchain-valid_active_0,0,False,239,8,
n50-identities_c1-conc_mech-blockchain-1backend_valid-active_r30_audit-off_20260903T170138Z,obs_fd52e0182c844b2db52b91928c167bc0,2026-09-03T17:02:57.783437+00:00,blockchain,valid_active,1,1,UAV-VALID,ACCEPTED,ACCEPTED,True,17331000,17.331,26200,17089900,0,2200,153600,3700,0,0,,,,none,blockchain-valid_active_0,0,False,239,8,
n50-identities_c1-conc_mech-blockchain-1backend_valid-active_r30_audit-off_20260903T170138Z,obs_86f67d3e82fc495b810dadbee6fe8b5e,2026-09-03T17:02:57.806681+00:00,blockchain,valid_active,2,1,UAV-VALID,ACCEPTED,ACCEPTED,True,21665200,21.6652,23100,21280900,0,4300,246500,7200,0,0,,,,none,blockchain-valid_active_0,0,False,240,8,
n50-identities_c1-conc_mech-blockchain-1backend_valid-active_r30_audit-off_20260903T170138Z,obs_91799651e37e4484800ab77def8be435,2026-09-03T17:02:57.846949+00:00,blockchain,valid_active,3,1,UAV-VALID,ACCEPTED,ACCEPTED,True,38120900,38.1209,37200,37860300,0,2300,164500,3500,0,0,,,,none,blockchain-valid_active_0,0,False,239,8,
n50-identities_c1-conc_mech-blockchain-1backend_valid-active_r30_audit-off_20260903T170138Z,obs_faa587fdf8e94042bd6d92145536c357,2026-09-03T17:02:57.876322+00:00,blockchain,valid_active,4,1,UAV-VALID,ACCEPTED,ACCEPTED,True,27209600,27.2096,47800,26721100,0,3000,334500,5100,0,0,,,,none,blockchain-valid_active_0,0,False,239,8,
n50-identities_c1-conc_mech-blockchain-1backend_valid-active_r30_audit-off_20260903T170138Z,obs_6c54648c97904f788a00b167559e1169,2026-09-03T17:02:57.901480+00:00,blockchain,valid_active,5,1,UAV-VALID,ACCEPTED,ACCEPTED,True,23368800,23.3688,42600,23074900,0,2600,186100,4800,0,0,,,,none,blockchain-valid_active_0,0,False,238,8,
n50-identities_c1-conc_mech-blockchain-1backend_valid-active_r30_audit-off_20260903T170138Z,obs_199c49577914423a88830ac70713cdfd,2026-09-03T17:02:57.927555+00:00,blockchain,valid_active,6,1,UAV-VALID,ACCEPTED,ACCEPTED,True,23912800,23.9128,39200,23623800,0,2900,168400,4200,0,0,,,,none,blockchain-valid_active_0,0,False,239,8,
n50-identities_c1-conc_mech-blockchain-1backend_valid-active_r30_audit-off_20260903T170138Z,obs_eb6c65f4969c4971903b664b222962fa,2026-09-03T17:02:57.953494+00:00,blockchain,valid_active,7,1,UAV-VALID,ACCEPTED,ACCEPTED,True,23976200,23.9762,40400,23655300,0,2500,203200,7600,0,0,,,,none,blockchain-valid_active_0,0,False,239,8,
n50-identities_c1-conc_mech-blockchain-1backend_valid-active_r30_audit-off_20260903T170138Z,obs_c8bbbfa11e8744d3a8dd469751cef49f,2026-09-03T17:02:57.981588+00:00,blockchain,valid_active,8,1,UAV-VALID,ACCEPTED,ACCEPTED,True,25398600,25.3986,42700,25122500,0,2300,166300,3600,0,0,,,,none,blockchain-valid_active_0,0,False,240,8,
n50-identities_c1-conc_mech-blockchain-1backend_valid-active_r30_audit-off_20260903T170138Z,obs_f695757bb20841cbba23fdf049613eb7,2026-09-03T17:02:58.002738+00:00,blockchain,valid_active,9,1,UAV-VALID,ACCEPTED,ACCEPTED,True,19375300,19.3753,35800,19098900,0,3100,169100,4100,0,0,,,,none,blockchain-valid_active_0,0,False,239,8,
n50-identities_c1-conc_mech-blockchain-1backend_valid-active_r30_audit-off_20260903T170138Z,obs_3a830595415d4b18a6d8c7b7f01152a6,2026-09-03T17:02:58.025616+00:00,blockchain,valid_active,10,1,UAV-VALID,ACCEPTED,ACCEPTED,True,20693600,20.6936,39200,20325100,0,3400,240900,6300,0,0,,,,none,blockchain-valid_active_0,0,False,238,8,
n50-identities_c1-conc_mech-blockchain-1backend_valid-active_r30_audit-off_20260903T170138Z,obs_729dfe0f7941421cb0efc1b3430feeaa,2026-09-03T17:02:58.058743+00:00,blockchain,valid_active,11,1,UAV-VALID,ACCEPTED,ACCEPTED,True,31307700,31.3077,27300,31060200,0,2000,158300,2900,0,0,,,,none,blockchain-valid_active_0,0,False,239,8,
n50-identities_c1-conc_mech-blockchain-1backend_valid-active_r30_audit-off_20260903T170138Z,obs_f45c2b0f8b444b6b9fc289858e3db795,2026-09-03T17:02:58.085645+00:00,blockchain,valid_active,12,1,UAV-VALID,ACCEPTED,ACCEPTED,True,25273500,25.2735,26100,25034400,0,2300,152900,3800,0,0,,,,none,blockchain-valid_active_0,0,False,240,8,
n50-identities_c1-conc_mech-blockchain-1backend_valid-active_r30_audit-off_20260903T170138Z,obs_ae7a6d8653d444e18efe064b3bbff951,2026-09-03T17:02:58.104680+00:00,blockchain,valid_active,13,1,UAV-VALID,ACCEPTED,ACCEPTED,True,17289200,17.2892,29600,17005300,0,2300,172000,4200,0,0,,,,none,blockchain-valid_active_0,0,False,238,8,
n50-identities_c1-conc_mech-blockchain-1backend_valid-active_r30_audit-off_20260903T170138Z,obs_786349dac60d4e179556582ed1337c49,2026-09-03T17:02:58.134107+00:00,blockchain,valid_active,14,1,UAV-VALID,ACCEPTED,ACCEPTED,True,27636300,27.6363,34000,27395700,0,2200,152800,2900,0,0,,,,none,blockchain-valid_active_0,0,False,239,8,
n50-identities_c1-conc_mech-blockchain-1backend_valid-active_r30_audit-off_20260903T170138Z,obs_eb22250e65d74a128d4d7c57f75c0ca2,2026-09-03T17:02:58.153240+00:00,blockchain,valid_active,15,1,UAV-VALID,ACCEPTED,ACCEPTED,True,17621600,17.6216,29000,17345300,0,2300,160100,20400,0,0,,,,none,blockchain-valid_active_0,0,False,238,8,
n50-identities_c1-conc_mech-blockchain-1backend_valid-active_r30_audit-off_20260903T170138Z,obs_6c5eae5ed69c4ceaa5c6440596e14801,2026-09-03T17:02:58.188973+00:00,blockchain,valid_active,16,1,UAV-VALID,ACCEPTED,ACCEPTED,True,33292200,33.2922,36800,32893400,0,5600,254300,7200,0,0,,,,none,blockchain-valid_active_0,0,False,238,8,
n50-identities_c1-conc_mech-blockchain-1backend_valid-active_r30_audit-off_20260903T170138Z,obs_39b5032a406642d7911437f0304bebe6,2026-09-03T17:02:58.213202+00:00,blockchain,valid_active,17,1,UAV-VALID,ACCEPTED,ACCEPTED,True,21548200,21.5482,49200,21252800,0,2400,179600,4200,0,0,,,,none,blockchain-valid_active_0,0,False,239,8,
n50-identities_c1-conc_mech-blockchain-1backend_valid-active_r30_audit-off_20260903T170138Z,obs_3a1d53ff26fe4d8fb996eba3b0d85b3f,2026-09-03T17:02:58.236421+00:00,blockchain,valid_active,18,1,UAV-VALID,ACCEPTED,ACCEPTED,True,20977100,20.9771,48400,20716100,0,2600,155800,3200,0,0,,,,none,blockchain-valid_active_0,0,False,240,8,
n50-identities_c1-conc_mech-blockchain-1backend_valid-active_r30_audit-off_20260903T170138Z,obs_eeb364d27818430b805571fafb91079b,2026-09-03T17:02:58.272949+00:00,blockchain,valid_active,19,1,UAV-VALID,ACCEPTED,ACCEPTED,True,34555400,34.5554,35800,34265900,0,2700,190800,4600,0,0,,,,none,blockchain-valid_active_0,0,False,239,8,
n50-identities_c1-conc_mech-blockchain-1backend_valid-active_r30_audit-off_20260903T170138Z,obs_c0ad0153883e4558a00f1a885520f20b,2026-09-03T17:02:58.299196+00:00,blockchain,valid_active,20,1,UAV-VALID,ACCEPTED,ACCEPTED,True,24395000,24.395,32500,24105000,0,2400,188400,5500,0,0,,,,none,blockchain-valid_active_0,0,False,239,8,
n50-identities_c1-conc_mech-blockchain-1backend_valid-active_r30_audit-off_20260903T170138Z,obs_f0281f109ac34d6aa722c4de9eb08378,2026-09-03T17:02:58.324357+00:00,blockchain,valid_active,21,1,UAV-VALID,ACCEPTED,ACCEPTED,True,23316900,23.3169,35100,23037100,0,4400,171000,4700,0,0,,,,none,blockchain-valid_active_0,0,False,240,8,
n50-identities_c1-conc_mech-blockchain-1backend_valid-active_r30_audit-off_20260903T170138Z,obs_49e9d96ba65645daa386ee7739fd33e5,2026-09-03T17:02:58.346630+00:00,blockchain,valid_active,22,1,UAV-VALID,ACCEPTED,ACCEPTED,True,20114000,20.114,30300,19856400,0,2100,164200,3200,0,0,,,,none,blockchain-valid_active_0,0,False,240,8,
n50-identities_c1-conc_mech-blockchain-1backend_valid-active_r30_audit-off_20260903T170138Z,obs_c1a16f92cfc34d14af1522700ac44d56,2026-09-03T17:02:58.367776+00:00,blockchain,valid_active,23,1,UAV-VALID,ACCEPTED,ACCEPTED,True,19281600,19.2816,27700,18925800,0,4100,230000,5900,0,0,,,,none,blockchain-valid_active_0,0,False,239,8,
n50-identities_c1-conc_mech-blockchain-1backend_valid-active_r30_audit-off_20260903T170138Z,obs_f6e4ab0b42cd470a9b675064f71888f5,2026-09-03T17:02:58.392173+00:00,blockchain,valid_active,24,1,UAV-VALID,ACCEPTED,ACCEPTED,True,22856500,22.8565,24300,22595800,0,2500,162300,3700,0,0,,,,none,blockchain-valid_active_0,0,False,239,8,
n50-identities_c1-conc_mech-blockchain-1backend_valid-active_r30_audit-off_20260903T170138Z,obs_c119fa2f490c4d2d89c5241207a094bf,2026-09-03T17:02:58.413835+00:00,blockchain,valid_active,25,1,UAV-VALID,ACCEPTED,ACCEPTED,True,19575200,19.5752,44700,19172900,0,3900,269900,6600,0,0,,,,none,blockchain-valid_active_0,0,False,238,8,
n50-identities_c1-conc_mech-blockchain-1backend_valid-active_r30_audit-off_20260903T170138Z,obs_bde2a5b7c3614c8c91a2eeab374750e1,2026-09-03T17:02:58.434183+00:00,blockchain,valid_active,26,1,UAV-VALID,ACCEPTED,ACCEPTED,True,18694600,18.6946,23800,18441200,0,2900,162700,3900,0,0,,,,none,blockchain-valid_active_0,0,False,239,8,
n50-identities_c1-conc_mech-blockchain-1backend_valid-active_r30_audit-off_20260903T170138Z,obs_2f65826dc0384778bf702ba18f3a9ed0,2026-09-03T17:02:58.456539+00:00,blockchain,valid_active,27,1,UAV-VALID,ACCEPTED,ACCEPTED,True,20679700,20.6797,26100,20402200,0,2500,168100,4500,0,0,,,,none,blockchain-valid_active_0,0,False,240,8,
n50-identities_c1-conc_mech-blockchain-1backend_valid-active_r30_audit-off_20260903T170138Z,obs_6a5bb57bbc4c404db760b560d41ffec9,2026-09-03T17:02:58.485816+00:00,blockchain,valid_active,28,1,UAV-VALID,ACCEPTED,ACCEPTED,True,27102600,27.1026,56000,26746500,0,3100,223100,4800,0,0,,,,none,blockchain-valid_active_0,0,False,239,8,
n50-identities_c1-conc_mech-blockchain-1backend_valid-active_r30_audit-off_20260903T170138Z,obs_3e8a2c5221a549ddb600de8f78e2916f,2026-09-03T17:02:58.517036+00:00,blockchain,valid_active,29,1,UAV-VALID,ACCEPTED,ACCEPTED,True,28837500,28.8375,46600,28404500,0,21400,254700,5900,0,0,,,,none,blockchain-valid_active_0,0,False,239,8,
n50-identities_c5-conc_mech-x509-1backend_valid-active_r30_audit-off_20260903T170259Z,obs_e6507d1b12de49c488b570be01912244,2026-09-03T17:02:59.417193+00:00,x509,valid_active,0,5,UAV-VALID,ACCEPTED,ACCEPTED,True,1395400,1.3954,35400,71200,1083600,0,137900,3900,0,0,,,,none,MainThread,0,True,238,8,
n50-identities_c5-conc_mech-x509-1backend_valid-active_r30_audit-off_20260903T170259Z,obs_1afd6529a94740f3b51e7ebc95d60585,2026-09-03T17:02:59.425731+00:00,x509,valid_active,1,5,UAV-VALID,ACCEPTED,ACCEPTED,True,1955100,1.9551,60100,111000,1450200,0,222800,6700,0,0,,,,none,MainThread,0,True,239,8,
n50-identities_c5-conc_mech-x509-1backend_valid-active_r30_audit-off_20260903T170259Z,obs_c722a878a9c74f1b998ba2fa2d345ddf,2026-09-03T17:02:59.442800+00:00,x509,valid_active,0,5,UAV-VALID,ACCEPTED,ACCEPTED,True,8333600,8.3336,36800,84900,8005500,0,149000,4800,0,0,,,,none,x509-valid_active_0,0,False,238,8,
n50-identities_c5-conc_mech-x509-1backend_valid-active_r30_audit-off_20260903T170259Z,obs_5f77f95d33b7422b931ecfdc6d789b13,2026-09-03T17:02:59.445156+00:00,x509,valid_active,1,5,UAV-VALID,ACCEPTED,ACCEPTED,True,6759300,6.7593,48500,118500,6330400,0,183400,5600,0,0,,,,none,x509-valid_active_1,0,False,239,8,
n50-identities_c5-conc_mech-x509-1backend_valid-active_r30_audit-off_20260903T170259Z,obs_a416b468d5ca4dad9e09b195736501f8,2026-09-03T17:02:59.446556+00:00,x509,valid_active,2,5,UAV-VALID,ACCEPTED,ACCEPTED,True,5900500,5.9005,40900,113000,5524300,0,152900,3600,0,0,,,,none,x509-valid_active_2,0,False,238,8,
n50-identities_c5-conc_mech-x509-1backend_valid-active_r30_audit-off_20260903T170259Z,obs_29d84a787a14480ba372f5af40a015bf,2026-09-03T17:02:59.449507+00:00,x509,valid_active,4,5,UAV-VALID,ACCEPTED,ACCEPTED,True,5792000,5.792,50700,98900,5428500,0,165100,4000,0,0,,,,none,x509-valid_active_4,0,False,238,8,
n50-identities_c5-conc_mech-x509-1backend_valid-active_r30_audit-off_20260903T170259Z,obs_9fcb4be02e5e4dca9072e1ac8686b3a8,2026-09-03T17:02:59.450447+00:00,x509,valid_active,3,5,UAV-VALID,ACCEPTED,ACCEPTED,True,7293100,7.2931,30700,122900,6910400,0,149800,4100,0,0,,,,none,x509-valid_active_3,0,False,238,8,
n50-identities_c5-conc_mech-x509-1backend_valid-active_r30_audit-off_20260903T170259Z,obs_49334a98838844ec8eda7127634a23b6,2026-09-03T17:02:59.462006+00:00,x509,valid_active,6,5,UAV-VALID,ACCEPTED,ACCEPTED,True,5714600,5.7146,43600,91800,5349400,0,158200,5100,0,0,,,,none,x509-valid_active_1,0,False,238,8,
n50-identities_c5-conc_mech-x509-1backend_valid-active_r30_audit-off_20260903T170259Z,obs_6302343a86d940459737ebaf959a304e,2026-09-03T17:02:59.462442+00:00,x509,valid_active,7,5,UAV-VALID,ACCEPTED,ACCEPTED,True,6757800,6.7578,45900,108300,6375000,0,162100,6000,0,0,,,,none,x509-valid_active_2,0,False,239,8,
n50-identities_c5-conc_mech-x509-1backend_valid-active_r30_audit-off_20260903T170259Z,obs_91395afb4fff427c9854f2da416f9caf,2026-09-03T17:02:59.462920+00:00,x509,valid_active,5,5,UAV-VALID,ACCEPTED,ACCEPTED,True,6004600,6.0046,31200,87800,5612700,0,181800,4900,0,0,,,,none,x509-valid_active_0,0,False,238,8,
n50-identities_c5-conc_mech-x509-1backend_valid-active_r30_audit-off_20260903T170259Z,obs_05d2bc96155d4128a5dae28834d5a875,2026-09-03T17:02:59.466410+00:00,x509,valid_active,9,5,UAV-VALID,ACCEPTED,ACCEPTED,True,7001900,7.0019,36900,59200,6577200,0,230700,6900,0,0,,,,none,x509-valid_active_3,0,False,238,8,
n50-identities_c5-conc_mech-x509-1backend_valid-active_r30_audit-off_20260903T170259Z,obs_54e80f3bb3bd458094665b56e8f41a10,2026-09-03T17:02:59.474814+00:00,x509,valid_active,8,5,UAV-VALID,ACCEPTED,ACCEPTED,True,11572000,11.572,43600,56700,11132900,0,246400,7400,0,0,,,,none,x509-valid_active_4,0,False,239,8,
n50-identities_c5-conc_mech-x509-1backend_valid-active_r30_audit-off_20260903T170259Z,obs_1b47c3b00d794a2ba3610302e1753738,2026-09-03T17:02:59.479721+00:00,x509,valid_active,11,5,UAV-VALID,ACCEPTED,ACCEPTED,True,8783000,8.783,40400,102400,8423800,0,140000,4800,0,0,,,,none,x509-valid_active_2,0,False,239,8,
n50-identities_c5-conc_mech-x509-1backend_valid-active_r30_audit-off_20260903T170259Z,obs_fc7b563e20094ba8bba0efe3798b30cb,2026-09-03T17:02:59.481875+00:00,x509,valid_active,10,5,UAV-VALID,ACCEPTED,ACCEPTED,True,10296300,10.2963,55500,64500,9905600,0,208100,6300,0,0,,,,none,x509-valid_active_1,0,False,239,8,
n50-identities_c5-conc_mech-x509-1backend_valid-active_r30_audit-off_20260903T170259Z,obs_74d6c63567d6410d8035140d0330efe1,2026-09-03T17:02:59.485267+00:00,x509,valid_active,12,5,UAV-VALID,ACCEPTED,ACCEPTED,True,7987500,7.9875,35300,64100,7526200,0,250400,13400,0,0,,,,none,x509-valid_active_0,0,False,239,8,
n50-identities_c5-conc_mech-x509-1backend_valid-active_r30_audit-off_20260903T170259Z,obs_559422e0dae140059e72e81beca65f8d,2026-09-03T17:02:59.490712+00:00,x509,valid_active,13,5,UAV-VALID,ACCEPTED,ACCEPTED,True,12163600,12.1636,44400,58700,11852700,0,150600,3700,0,0,,,,none,x509-valid_active_3,0,False,239,8,
n50-identities_c5-conc_mech-x509-1backend_valid-active_r30_audit-off_20260903T170259Z,obs_6a8b92d8ea5049e39e351c929fcb283d,2026-09-03T17:02:59.491874+00:00,x509,valid_active,14,5,UAV-VALID,ACCEPTED,ACCEPTED,True,8072200,8.0722,37000,114400,7721500,0,123400,3000,0,0,,,,none,x509-valid_active_4,0,False,239,8,
n50-identities_c5-conc_mech-x509-1backend_valid-active_r30_audit-off_20260903T170259Z,obs_d798fe63b9244f2cb0d4fc7911421540,2026-09-03T17:02:59.493467+00:00,x509,valid_active,15,5,UAV-VALID,ACCEPTED,ACCEPTED,True,5685400,5.6854,59800,53400,5344400,0,189500,4200,0,0,,,,none,x509-valid_active_2,0,False,238,8,
n50-identities_c5-conc_mech-x509-1backend_valid-active_r30_audit-off_20260903T170259Z,obs_a3f25778a98c4b31bd1fd9c0c3ae68d8,2026-09-03T17:02:59.498170+00:00,x509,valid_active,16,5,UAV-VALID,ACCEPTED,ACCEPTED,True,6696500,6.6965,41100,47700,6421200,0,144900,5000,0,0,,,,none,x509-valid_active_1,0,False,240,8,
n50-identities_c5-conc_mech-x509-1backend_valid-active_r30_audit-off_20260903T170259Z,obs_c1b002160afb4f43a2321c91e07cea49,2026-09-03T17:02:59.499955+00:00,x509,valid_active,17,5,UAV-VALID,ACCEPTED,ACCEPTED,True,5637000,5.637,22300,51400,5262200,0,221900,5100,0,0,,,,none,x509-valid_active_0,0,False,240,8,
n50-identities_c5-conc_mech-x509-1backend_valid-active_r30_audit-off_20260903T170259Z,obs_9689b06cbbb54268b31ab6177a752d4d,2026-09-03T17:02:59.515336+00:00,x509,valid_active,18,5,UAV-VALID,ACCEPTED,ACCEPTED,True,10133800,10.1338,23500,114300,9502800,0,217900,8500,0,0,,,,none,x509-valid_active_3,0,False,239,8,
n50-identities_c5-conc_mech-x509-1backend_valid-active_r30_audit-off_20260903T170259Z,obs_03fd9f43f51f427fb21330864d2410cb,2026-09-03T17:02:59.516570+00:00,x509,valid_active,20,5,UAV-VALID,ACCEPTED,ACCEPTED,True,8555700,8.5557,49900,119700,7985500,0,277200,8100,0,0,,,,none,x509-valid_active_2,0,False,239,8,
n50-identities_c5-conc_mech-x509-1backend_valid-active_r30_audit-off_20260903T170259Z,obs_7a1aee75c6f4431cbe874fdc15bc8d27,2026-09-03T17:02:59.518620+00:00,x509,valid_active,19,5,UAV-VALID,ACCEPTED,ACCEPTED,True,16126800,16.1268,35900,138100,15601000,0,222800,7000,0,0,,,,none,x509-valid_active_4,0,False,240,8,
n50-identities_c5-conc_mech-x509-1backend_valid-active_r30_audit-off_20260903T170259Z,obs_02e6dd839ebd40a2a13fe724831c4aa8,2026-09-03T17:02:59.523092+00:00,x509,valid_active,21,5,UAV-VALID,ACCEPTED,ACCEPTED,True,9436200,9.4362,50500,100600,8908300,0,252500,7800,0,0,,,,none,x509-valid_active_1,0,False,239,8,
n50-identities_c5-conc_mech-x509-1backend_valid-active_r30_audit-off_20260903T170259Z,obs_2549eb284db04579838da5a3358f1161,2026-09-03T17:02:59.523967+00:00,x509,valid_active,22,5,UAV-VALID,ACCEPTED,ACCEPTED,True,9418800,9.4188,44200,97900,8929500,0,217900,6200,0,0,,,,none,x509-valid_active_0,0,False,240,8,
n50-identities_c5-conc_mech-x509-1backend_valid-active_r30_audit-off_20260903T170259Z,obs_7e717916288346819765bfeec8b6f8d1,2026-09-03T17:02:59.535773+00:00,x509,valid_active,24,5,UAV-VALID,ACCEPTED,ACCEPTED,True,6028500,6.0285,54500,95600,5616100,0,196400,4500,0,0,,,,none,x509-valid_active_2,0,False,239,8,
n50-identities_c5-conc_mech-x509-1backend_valid-active_r30_audit-off_20260903T170259Z,obs_6a8f65af4eb54f17931184bb7c738400,2026-09-03T17:02:59.540589+00:00,x509,valid_active,26,5,UAV-VALID,ACCEPTED,ACCEPTED,True,7950300,7.9503,32700,91100,7503800,0,214200,6700,0,0,,,,none,x509-valid_active_1,0,False,238,8,
n50-identities_c5-conc_mech-x509-1backend_valid-active_r30_audit-off_20260903T170259Z,obs_6aa1ba3c355a47d59a635bdd4fbc17ef,2026-09-03T17:02:59.541903+00:00,x509,valid_active,27,5,UAV-VALID,ACCEPTED,ACCEPTED,True,7096400,7.0964,54600,53100,6706200,0,212300,5600,0,0,,,,none,x509-valid_active_0,0,False,239,8,
n50-identities_c5-conc_mech-x509-1backend_valid-active_r30_audit-off_20260903T170259Z,obs_9a174bfafaf745708e1488447cdac58b,2026-09-03T17:02:59.543166+00:00,x509,valid_active,25,5,UAV-VALID,ACCEPTED,ACCEPTED,True,12792600,12.7926,52900,63300,12381600,0,227600,5100,0,0,,,,none,x509-valid_active_4,0,False,239,8,
n50-identities_c5-conc_mech-x509-1backend_valid-active_r30_audit-off_20260903T170259Z,obs_1f5b141bc17f4652bc9c1ba8273f4a91,2026-09-03T17:02:59.543716+00:00,x509,valid_active,23,5,UAV-VALID,ACCEPTED,ACCEPTED,True,10539300,10.5393,49900,77600,10112800,0,227100,5700,0,0,,,,none,x509-valid_active_3,0,False,239,8,
n50-identities_c5-conc_mech-x509-1backend_valid-active_r30_audit-off_20260903T170259Z,obs_4b381bebec1140aba47b5fccc0b71521,2026-09-03T17:02:59.549492+00:00,x509,valid_active,28,5,UAV-VALID,ACCEPTED,ACCEPTED,True,4070900,4.0709,36600,102500,3708500,0,151800,4900,0,0,,,,none,x509-valid_active_2,0,False,239,8,
n50-identities_c5-conc_mech-x509-1backend_valid-active_r30_audit-off_20260903T170259Z,obs_af2a7754d18744a6abb4b85a3541303c,2026-09-03T17:02:59.550885+00:00,x509,valid_active,29,5,UAV-VALID,ACCEPTED,ACCEPTED,True,3824400,3.8244,49800,98400,3375200,0,209300,7500,0,0,,,,none,x509-valid_active_1,0,False,239,8,
n50-identities_c5-conc_mech-blockchain-1backend_valid-active_r30_audit-off_20260903T170300Z,obs_eea8d88e42434471984ca2089813320c,2026-09-03T17:03:00.896743+00:00,blockchain,valid_active,0,5,UAV-VALID,ACCEPTED,ACCEPTED,True,28464600,28.4646,29100,28075000,0,5900,252200,6200,0,0,,,,none,MainThread,0,True,239,8,
n50-identities_c5-conc_mech-blockchain-1backend_valid-active_r30_audit-off_20260903T170300Z,obs_9e4a631787a44ac7a7ccbd06507f0a14,2026-09-03T17:03:00.932607+00:00,blockchain,valid_active,1,5,UAV-VALID,ACCEPTED,ACCEPTED,True,29659700,29.6597,54500,29357700,0,4100,176100,4100,0,0,,,,none,MainThread,0,True,239,8,
n50-identities_c5-conc_mech-blockchain-1backend_valid-active_r30_audit-off_20260903T170300Z,obs_c50f0c7ce5ba4dc1b617de110bcd59de,2026-09-03T17:03:01.053174+00:00,blockchain,valid_active,1,5,UAV-VALID,ACCEPTED,ACCEPTED,True,109916200,109.9162,33700,109058500,0,7500,269900,7900,0,0,,,,none,blockchain-valid_active_1,0,False,238,8,
n50-identities_c5-conc_mech-blockchain-1backend_valid-active_r30_audit-off_20260903T170300Z,obs_45012416dc104b038648667a02e4f902,2026-09-03T17:03:01.091372+00:00,blockchain,valid_active,3,5,UAV-VALID,ACCEPTED,ACCEPTED,True,130941500,130.9415,48900,130522500,0,4800,254100,7000,0,0,,,,none,blockchain-valid_active_3,0,False,239,8,
n50-identities_c5-conc_mech-blockchain-1backend_valid-active_r30_audit-off_20260903T170300Z,obs_e00245ffbd0443108d965d80d89cbe59,2026-09-03T17:03:01.098496+00:00,blockchain,valid_active,2,5,UAV-VALID,ACCEPTED,ACCEPTED,True,141241500,141.2415,49500,140817300,0,4400,240600,8500,0,0,,,,none,blockchain-valid_active_2,0,False,239,8,
n50-identities_c5-conc_mech-blockchain-1backend_valid-active_r30_audit-off_20260903T170300Z,obs_1c06fffdfe314ed2969943dfe4c3195d,2026-09-03T17:03:01.102041+00:00,blockchain,valid_active,4,5,UAV-VALID,ACCEPTED,ACCEPTED,True,139626200,139.6262,40600,139255100,0,4000,233300,6000,0,0,,,,none,blockchain-valid_active_4,0,False,240,8,
n50-identities_c5-conc_mech-blockchain-1backend_valid-active_r30_audit-off_20260903T170300Z,obs_958599a73d77425a897770f66dba3683,2026-09-03T17:03:01.105023+00:00,blockchain,valid_active,0,5,UAV-VALID,ACCEPTED,ACCEPTED,True,160481300,160.4813,32000,160075200,0,4100,231300,6100,0,0,,,,none,blockchain-valid_active_0,0,False,240,8,
n50-identities_c5-conc_mech-blockchain-1backend_valid-active_r30_audit-off_20260903T170300Z,obs_4bdb951cf7aa47eb994bbf5d616472e8,2026-09-03T17:03:01.118050+00:00,blockchain,valid_active,5,5,UAV-VALID,ACCEPTED,ACCEPTED,True,61242800,61.2428,49000,60843100,0,4900,235100,6300,0,0,,,,none,blockchain-valid_active_1,0,False,239,8,
n50-identities_c5-conc_mech-blockchain-1backend_valid-active_r30_audit-off_20260903T170300Z,obs_e04bad58b2a44bd1b97412c2d58c0772,2026-09-03T17:03:01.183547+00:00,blockchain,valid_active,6,5,UAV-VALID,ACCEPTED,ACCEPTED,True,89050400,89.0504,59600,88614100,0,4900,249800,8800,0,0,,,,none,blockchain-valid_active_3,0,False,238,8,
n50-identities_c5-conc_mech-blockchain-1backend_valid-active_r30_audit-off_20260903T170300Z,obs_7fd0b388365149978f6325cb42e2dca6,2026-09-03T17:03:01.192370+00:00,blockchain,valid_active,9,5,UAV-VALID,ACCEPTED,ACCEPTED,True,72631000,72.631,56300,72312000,0,3300,194300,5100,0,0,,,,none,blockchain-valid_active_0,0,False,239,8,
n50-identities_c5-conc_mech-blockchain-1backend_valid-active_r30_audit-off_20260903T170300Z,obs_7693aae5448540e190c108a94a319889,2026-09-03T17:03:01.201654+00:00,blockchain,valid_active,7,5,UAV-VALID,ACCEPTED,ACCEPTED,True,86979000,86.979,47200,86680700,0,2900,187000,4700,0,0,,,,none,blockchain-valid_active_2,0,False,239,8,
n50-identities_c5-conc_mech-blockchain-1backend_valid-active_r30_audit-off_20260903T170300Z,obs_32f8c90ebf154cc89ad1e1d46a77e0f8,2026-09-03T17:03:01.205610+00:00,blockchain,valid_active,10,5,UAV-VALID,ACCEPTED,ACCEPTED,True,70337500,70.3375,52800,69882600,0,5800,280200,5800,0,0,,,,none,blockchain-valid_active_1,0,False,238,8,
n50-identities_c5-conc_mech-blockchain-1backend_valid-active_r30_audit-off_20260903T170300Z,obs_9c4e1eadc1ad4f1196ac08afa6308aa8,2026-09-03T17:03:01.210774+00:00,blockchain,valid_active,8,5,UAV-VALID,ACCEPTED,ACCEPTED,True,88944100,88.9441,49100,88662700,0,3000,169000,3700,0,0,,,,none,blockchain-valid_active_4,0,False,239,8,
n50-identities_c5-conc_mech-blockchain-1backend_valid-active_r30_audit-off_20260903T170300Z,obs_a877cddb83bb41f7a121090e4424e4cb,2026-09-03T17:03:01.277329+00:00,blockchain,valid_active,11,5,UAV-VALID,ACCEPTED,ACCEPTED,True,79706600,79.7066,40900,79294600,0,5000,251300,8900,0,0,,,,none,blockchain-valid_active_3,0,False,239,8,
n50-identities_c5-conc_mech-blockchain-1backend_valid-active_r30_audit-off_20260903T170300Z,obs_ce152e0be5ee49ea90073b16d9a5bb3d,2026-09-03T17:03:01.279781+00:00,blockchain,valid_active,12,5,UAV-VALID,ACCEPTED,ACCEPTED,True,72132700,72.1327,55700,71814300,0,4300,183100,4500,0,0,,,,none,blockchain-valid_active_0,0,False,239,8,
n50-identities_c5-conc_mech-blockchain-1backend_valid-active_r30_audit-off_20260903T170300Z,obs_ebdc084ac1334d428e6f75481a6cf2de,2026-09-03T17:03:01.312459+00:00,blockchain,valid_active,13,5,UAV-VALID,ACCEPTED,ACCEPTED,True,92169400,92.1694,40400,91801000,0,6100,237400,6000,0,0,,,,none,blockchain-valid_active_2,0,False,239,8,
n50-identities_c5-conc_mech-blockchain-1backend_valid-active_r30_audit-off_20260903T170300Z,obs_e1a9769091cd4b129a4a47107a33be96,2026-09-03T17:03:01.316688+00:00,blockchain,valid_active,14,5,UAV-VALID,ACCEPTED,ACCEPTED,True,90506400,90.5064,32800,90120500,0,5200,242300,7100,0,0,,,,none,blockchain-valid_active_1,0,False,240,8,
n50-identities_c5-conc_mech-blockchain-1backend_valid-active_r30_audit-off_20260903T170300Z,obs_10c03ae2de5f4d5baea2e37bda2b31d6,2026-09-03T17:03:01.320082+00:00,blockchain,valid_active,15,5,UAV-VALID,ACCEPTED,ACCEPTED,True,91171200,91.1712,41700,90698400,0,4700,277900,7500,0,0,,,,none,blockchain-valid_active_4,0,False,240,8,
n50-identities_c5-conc_mech-blockchain-1backend_valid-active_r30_audit-off_20260903T170300Z,obs_a8de9cd6549d43abb700114bb1192998,2026-09-03T17:03:01.404809+00:00,blockchain,valid_active,17,5,UAV-VALID,ACCEPTED,ACCEPTED,True,114426900,114.4269,65000,113998000,0,6100,248900,7800,0,0,,,,none,blockchain-valid_active_0,0,False,239,8,
n50-identities_c5-conc_mech-blockchain-1backend_valid-active_r30_audit-off_20260903T170300Z,obs_f244dbdb016d479a8861d561c3c7317a,2026-09-03T17:03:01.417996+00:00,blockchain,valid_active,16,5,UAV-VALID,ACCEPTED,ACCEPTED,True,122502900,122.5029,47600,122081400,0,6000,253400,9500,0,0,,,,none,blockchain-valid_active_3,0,False,238,8,
n50-identities_c5-conc_mech-blockchain-1backend_valid-active_r30_audit-off_20260903T170300Z,obs_0f50ed21f625436caac2320f3721ce32,2026-09-03T17:03:01.447952+00:00,blockchain,valid_active,20,5,UAV-VALID,ACCEPTED,ACCEPTED,True,120126100,120.1261,63300,119714500,0,5100,237200,6300,0,0,,,,none,blockchain-valid_active_4,0,False,238,8,
n50-identities_c5-conc_mech-blockchain-1backend_valid-active_r30_audit-off_20260903T170300Z,obs_a3c1c4c32da84592bff083d9595b86af,2026-09-03T17:03:01.453420+00:00,blockchain,valid_active,19,5,UAV-VALID,ACCEPTED,ACCEPTED,True,91858200,91.8582,52300,91405500,0,6000,264800,7400,0,0,,,,none,blockchain-valid_active_1,0,False,239,8,
n50-identities_c5-conc_mech-blockchain-1backend_valid-active_r30_audit-off_20260903T170300Z,obs_0fae510a5b4f44a595cd27a31c34083f,2026-09-03T17:03:01.465520+00:00,blockchain,valid_active,18,5,UAV-VALID,ACCEPTED,ACCEPTED,True,101286100,101.2861,43700,100851400,0,6000,247600,13200,0,0,,,,none,blockchain-valid_active_2,0,False,239,8,
n50-identities_c5-conc_mech-blockchain-1backend_valid-active_r30_audit-off_20260903T170300Z,obs_cb4cd8cf29a3458fb8fd1d647e387ed6,2026-09-03T17:03:01.474894+00:00,blockchain,valid_active,21,5,UAV-VALID,ACCEPTED,ACCEPTED,True,65251500,65.2515,76000,64631300,0,10400,277100,8300,0,0,,,,none,blockchain-valid_active_0,0,False,239,8,
n50-identities_c5-conc_mech-blockchain-1backend_valid-active_r30_audit-off_20260903T170300Z,obs_0ca4b458457d4d3ab3f9137477c953e7,2026-09-03T17:03:01.516980+00:00,blockchain,valid_active,22,5,UAV-VALID,ACCEPTED,ACCEPTED,True,79066700,79.0667,55600,78622300,0,5100,259700,7100,0,0,,,,none,blockchain-valid_active_3,0,False,240,8,
n50-identities_c5-conc_mech-blockchain-1backend_valid-active_r30_audit-off_20260903T170300Z,obs_ddcd1145d14a42ebbd2630380848cbd5,2026-09-03T17:03:01.563188+00:00,blockchain,valid_active,23,5,UAV-VALID,ACCEPTED,ACCEPTED,True,93797300,93.7973,63600,93305700,0,5800,289000,7900,0,0,,,,none,blockchain-valid_active_4,0,False,239,8,
n50-identities_c5-conc_mech-blockchain-1backend_valid-active_r30_audit-off_20260903T170300Z,obs_7a6eab4f04f9439784df0879447b0cd8,2026-09-03T17:03:01.598353+00:00,blockchain,valid_active,27,5,UAV-VALID,ACCEPTED,ACCEPTED,True,70952200,70.9522,59400,70530800,0,5900,249700,8400,0,0,,,,none,blockchain-valid_active_3,0,False,239,8,
n50-identities_c5-conc_mech-blockchain-1backend_valid-active_r30_audit-off_20260903T170300Z,obs_3316762a5e68458d824a95433d50b59f,2026-09-03T17:03:01.601638+00:00,blockchain,valid_active,25,5,UAV-VALID,ACCEPTED,ACCEPTED,True,118945900,118.9459,46600,118009900,0,4300,246300,7100,0,0,,,,none,blockchain-valid_active_2,0,False,238,8,
n50-identities_c5-conc_mech-blockchain-1backend_valid-active_r30_audit-off_20260903T170300Z,obs_c937410233d04f9db114b2889f8aa2e0,2026-09-03T17:03:01.638468+00:00,blockchain,valid_active,28,5,UAV-VALID,ACCEPTED,ACCEPTED,True,67782300,67.7823,48500,67372800,0,5400,246000,9000,0,0,,,,none,blockchain-valid_active_4,0,False,239,8,
n50-identities_c5-conc_mech-blockchain-1backend_valid-active_r30_audit-off_20260903T170300Z,obs_aa73f3b973cb4526a09e0973d9acf493,2026-09-03T17:03:01.641164+00:00,blockchain,valid_active,26,5,UAV-VALID,ACCEPTED,ACCEPTED,True,128472200,128.4722,51200,128088400,0,4600,220900,5100,0,0,,,,none,blockchain-valid_active_0,0,False,238,8,
n50-identities_c5-conc_mech-blockchain-1backend_valid-active_r30_audit-off_20260903T170300Z,obs_0f9dc4de847849b2b24d177dba7f2a0c,2026-09-03T17:03:01.644065+00:00,blockchain,valid_active,24,5,UAV-VALID,ACCEPTED,ACCEPTED,True,164089200,164.0892,38000,163657500,0,5300,261700,7700,0,0,,,,none,blockchain-valid_active_1,0,False,240,8,
n50-identities_c5-conc_mech-blockchain-1backend_valid-active_r30_audit-off_20260903T170300Z,obs_8085befd87584d5f94945f16bfcf7af4,2026-09-03T17:03:01.676037+00:00,blockchain,valid_active,29,5,UAV-VALID,ACCEPTED,ACCEPTED,True,66496800,66.4968,51700,66054700,0,5400,282000,7800,0,0,,,,none,blockchain-valid_active_3,0,False,238,8,
n50-identities_c10-conc_mech-x509-1backend_valid-active_r30_audit-off_20260903T170302Z,obs_d427d5d975624d4f887d59238c482de6,2026-09-03T17:03:02.870622+00:00,x509,valid_active,0,10,UAV-VALID,ACCEPTED,ACCEPTED,True,1995900,1.9959,47500,103600,1547800,0,210900,5900,0,0,,,,none,MainThread,0,True,240,8,
n50-identities_c10-conc_mech-x509-1backend_valid-active_r30_audit-off_20260903T170302Z,obs_6454b7300aa14d429ceb34747456d7f5,2026-09-03T17:03:02.880223+00:00,x509,valid_active,1,10,UAV-VALID,ACCEPTED,ACCEPTED,True,2813700,2.8137,53600,109200,1786200,0,754700,9300,0,0,,,,none,MainThread,0,True,238,8,
n50-identities_c10-conc_mech-x509-1backend_valid-active_r30_audit-off_20260903T170302Z,obs_6fc95956079f4a83bdce8b88656e509e,2026-09-03T17:03:02.902957+00:00,x509,valid_active,0,10,UAV-VALID,ACCEPTED,ACCEPTED,True,9871100,9.8711,51100,99600,9336600,0,253200,7800,0,0,,,,none,x509-valid_active_0,0,False,238,8,
n50-identities_c10-conc_mech-x509-1backend_valid-active_r30_audit-off_20260903T170302Z,obs_d101e867bdc34be889a0d1209c824fb3,2026-09-03T17:03:02.922473+00:00,x509,valid_active,1,10,UAV-VALID,ACCEPTED,ACCEPTED,True,18609200,18.6092,53800,124900,18168500,0,189800,7200,0,0,,,,none,x509-valid_active_1,0,False,238,8,
n50-identities_c10-conc_mech-x509-1backend_valid-active_r30_audit-off_20260903T170302Z,obs_22aabc3dbb064c338b113ebb1836de39,2026-09-03T17:03:02.931356+00:00,x509,valid_active,3,10,UAV-VALID,ACCEPTED,ACCEPTED,True,16249300,16.2493,38300,133500,15773000,0,198500,6500,0,0,,,,none,x509-valid_active_3,0,False,239,8,
n50-identities_c10-conc_mech-x509-1backend_valid-active_r30_audit-off_20260903T170302Z,obs_e3d2d668e90a476a817b7700e79f7cca,2026-09-03T17:03:02.934372+00:00,x509,valid_active,2,10,UAV-VALID,ACCEPTED,ACCEPTED,True,21808700,21.8087,53700,125700,21292500,0,236400,7400,0,0,,,,none,x509-valid_active_2,0,False,239,8,
n50-identities_c10-conc_mech-x509-1backend_valid-active_r30_audit-off_20260903T170302Z,obs_1011256c3f0446dc82359ab5e105f6cb,2026-09-03T17:03:02.935483+00:00,x509,valid_active,5,10,UAV-VALID,ACCEPTED,ACCEPTED,True,16404600,16.4046,61500,103600,15897500,0,240700,7300,0,0,,,,none,x509-valid_active_5,0,False,239,8,
n50-identities_c10-conc_mech-x509-1backend_valid-active_r30_audit-off_20260903T170302Z,obs_76e8a62687064cb78047c3a446cdf8fe,2026-09-03T17:03:02.937866+00:00,x509,valid_active,10,10,UAV-VALID,ACCEPTED,ACCEPTED,True,16764600,16.7646,44500,95900,16304300,0,223100,6700,0,0,,,,none,x509-valid_active_0,0,False,240,8,
n50-identities_c10-conc_mech-x509-1backend_valid-active_r30_audit-off_20260903T170302Z,obs_68c1d115e4034e7e82d39ee289729b9c,2026-09-03T17:03:02.941483+00:00,x509,valid_active,6,10,UAV-VALID,ACCEPTED,ACCEPTED,True,19631700,19.6317,47900,111800,19103800,0,249300,6900,0,0,,,,none,x509-valid_active_6,0,False,240,8,
n50-identities_c10-conc_mech-x509-1backend_valid-active_r30_audit-off_20260903T170302Z,obs_33d3ad4c9a8242f08a52c56b9d614fb5,2026-09-03T17:03:02.943537+00:00,x509,valid_active,9,10,UAV-VALID,ACCEPTED,ACCEPTED,True,19245900,19.2459,38500,97900,18717300,0,268200,7400,0,0,,,,none,x509-valid_active_9,0,False,239,8,
n50-identities_c10-conc_mech-x509-1backend_valid-active_r30_audit-off_20260903T170302Z,obs_a9b1b43c1f964159a6b94756f98f6b9e,2026-09-03T17:03:02.944651+00:00,x509,valid_active,4,10,UAV-VALID,ACCEPTED,ACCEPTED,True,24735300,24.7353,41900,108400,24168500,0,301100,5400,0,0,,,,none,x509-valid_active_4,0,False,238,8,
n50-identities_c10-conc_mech-x509-1backend_valid-active_r30_audit-off_20260903T170302Z,obs_a1d9768f997541ccac8b4e20b14bb1f4,2026-09-03T17:03:02.952105+00:00,x509,valid_active,7,10,UAV-VALID,ACCEPTED,ACCEPTED,True,20187100,20.1871,34400,129700,19496200,0,287800,7300,0,0,,,,none,x509-valid_active_7,0,False,239,8,
n50-identities_c10-conc_mech-x509-1backend_valid-active_r30_audit-off_20260903T170302Z,obs_867e008d60604c5690ba9008a1570dce,2026-09-03T17:03:02.954145+00:00,x509,valid_active,8,10,UAV-VALID,ACCEPTED,ACCEPTED,True,25901400,25.9014,33800,104200,25474700,0,185200,5300,0,0,,,,none,x509-valid_active_8,0,False,238,8,
n50-identities_c10-conc_mech-x509-1backend_valid-active_r30_audit-off_20260903T170302Z,obs_5943dccdf23e4df894e22103b3fa01f1,2026-09-03T17:03:02.967285+00:00,x509,valid_active,14,10,UAV-VALID,ACCEPTED,ACCEPTED,True,10927200,10.9272,41600,105600,10592900,0,130800,3900,0,0,,,,none,x509-valid_active_5,0,False,238,8,
n50-identities_c10-conc_mech-x509-1backend_valid-active_r30_audit-off_20260903T170302Z,obs_75e310c5f01245a6baf38bec85f2373c,2026-09-03T17:03:02.967655+00:00,x509,valid_active,13,10,UAV-VALID,ACCEPTED,ACCEPTED,True,10250100,10.2501,135400,64400,9986400,0,122900,3300,0,0,,,,none,x509-valid_active_2,0,False,239,8,
n50-identities_c10-conc_mech-x509-1backend_valid-active_r30_audit-off_20260903T170302Z,obs_4cbe4a7244c240dbbd14f30e2e67d252,2026-09-03T17:03:02.968583+00:00,x509,valid_active,11,10,UAV-VALID,ACCEPTED,ACCEPTED,True,13702000,13.702,45700,93000,13294100,0,186800,4400,0,0,,,,none,x509-valid_active_1,0,False,238,8,
n50-identities_c10-conc_mech-x509-1backend_valid-active_r30_audit-off_20260903T170302Z,obs_94714139783748e7890a2c015e11893d,2026-09-03T17:03:02.973842+00:00,x509,valid_active,16,10,UAV-VALID,ACCEPTED,ACCEPTED,True,11094300,11.0943,29200,73200,10744200,0,161700,4900,0,0,,,,none,x509-valid_active_6,0,False,239,8,
n50-identities_c10-conc_mech-x509-1backend_valid-active_r30_audit-off_20260903T170302Z,obs_e401621aa0d74df1a1f2ff6f3e395adc,2026-09-03T17:03:02.977253+00:00,x509,valid_active,12,10,UAV-VALID,ACCEPTED,ACCEPTED,True,17958200,17.9582,39700,81800,17634300,0,146100,4200,0,0,,,,none,x509-valid_active_3,0,False,239,8,
n50-identities_c10-conc_mech-x509-1backend_valid-active_r30_audit-off_20260903T170302Z,obs_db4bc4a7e306427bb74299861b2fa9d7,2026-09-03T17:03:02.979650+00:00,x509,valid_active,18,10,UAV-VALID,ACCEPTED,ACCEPTED,True,12846900,12.8469,31700,46200,12525800,0,180300,5200,0,0,,,,none,x509-valid_active_4,0,False,239,8,
n50-identities_c10-conc_mech-x509-1backend_valid-active_r30_audit-off_20260903T170302Z,obs_3a3f7fad6777496282ab8d1b7e3bf1d9,2026-09-03T17:03:02.982704+00:00,x509,valid_active,17,10,UAV-VALID,ACCEPTED,ACCEPTED,True,12245800,12.2458,33400,88800,11870100,0,166400,5000,0,0,,,,none,x509-valid_active_9,0,False,240,8,
n50-identities_c10-conc_mech-x509-1backend_valid-active_r30_audit-off_20260903T170302Z,obs_0a8c007625524afc90f30f422f91fa22,2026-09-03T17:03:02.983143+00:00,x509,valid_active,15,10,UAV-VALID,ACCEPTED,ACCEPTED,True,16679900,16.6799,30900,56200,16422900,0,126000,3600,0,0,,,,none,x509-valid_active_0,0,False,238,8,
n50-identities_c10-conc_mech-x509-1backend_valid-active_r30_audit-off_20260903T170302Z,obs_cbb8eef1fe604f6da435f374328c5c09,2026-09-03T17:03:02.985199+00:00,x509,valid_active,19,10,UAV-VALID,ACCEPTED,ACCEPTED,True,13974400,13.9744,26400,87400,13554200,0,215800,6200,0,0,,,,none,x509-valid_active_7,0,False,240,8,
n50-identities_c10-conc_mech-x509-1backend_valid-active_r30_audit-off_20260903T170302Z,obs_09f4c402b7b6493a8238ece2dd28f1f3,2026-09-03T17:03:02.989161+00:00,x509,valid_active,20,10,UAV-VALID,ACCEPTED,ACCEPTED,True,15021600,15.0216,40700,55200,14703300,0,163700,3700,0,0,,,,none,x509-valid_active_8,0,False,238,8,
n50-identities_c10-conc_mech-x509-1backend_valid-active_r30_audit-off_20260903T170302Z,obs_952071c8a9064f79b35c7abdfb4f821b,2026-09-03T17:03:02.996437+00:00,x509,valid_active,21,10,UAV-VALID,ACCEPTED,ACCEPTED,True,12473700,12.4737,30500,50800,12210500,0,130500,4600,0,0,,,,none,x509-valid_active_5,0,False,239,8,
n50-identities_c10-conc_mech-x509-1backend_valid-active_r30_audit-off_20260903T170302Z,obs_c5b3693151b245daaed9a62f3c0c4259,2026-09-03T17:03:02.998721+00:00,x509,valid_active,23,10,UAV-VALID,ACCEPTED,ACCEPTED,True,12616100,12.6161,24100,99700,12205700,0,188100,5600,0,0,,,,none,x509-valid_active_1,0,False,240,8,
n50-identities_c10-conc_mech-x509-1backend_valid-active_r30_audit-off_20260903T170302Z,obs_b93e8828beac44029d86324e87b7fa5f,2026-09-03T17:03:02.999201+00:00,x509,valid_active,22,10,UAV-VALID,ACCEPTED,ACCEPTED,True,11096800,11.0968,26800,107000,10728900,0,149700,4400,0,0,,,,none,x509-valid_active_2,0,False,239,8,
n50-identities_c10-conc_mech-x509-1backend_valid-active_r30_audit-off_20260903T170302Z,obs_6900ac4b137e493f9164ccf48cce03ae,2026-09-03T17:03:02.999972+00:00,x509,valid_active,24,10,UAV-VALID,ACCEPTED,ACCEPTED,True,9016600,9.0166,31300,91200,8605300,0,194900,5500,0,0,,,,none,x509-valid_active_6,0,False,238,8,
n50-identities_c10-conc_mech-x509-1backend_valid-active_r30_audit-off_20260903T170302Z,obs_64a47f42361947db9a4c80ce0697152b,2026-09-03T17:03:03.004115+00:00,x509,valid_active,27,10,UAV-VALID,ACCEPTED,ACCEPTED,True,6708500,6.7085,30200,53100,6318000,0,205300,6600,0,0,,,,none,x509-valid_active_9,0,False,239,8,
n50-identities_c10-conc_mech-x509-1backend_valid-active_r30_audit-off_20260903T170302Z,obs_c8864f06a7564f6ebdb8d7ca61dbf89d,2026-09-03T17:03:03.009086+00:00,x509,valid_active,25,10,UAV-VALID,ACCEPTED,ACCEPTED,True,14586100,14.5861,29800,60400,13751700,0,268000,8500,0,0,,,,none,x509-valid_active_3,0,False,239,8,
n50-identities_c10-conc_mech-x509-1backend_valid-active_r30_audit-off_20260903T170302Z,obs_6ae6115fa30048928b71719ac716d753,2026-09-03T17:03:03.010103+00:00,x509,valid_active,26,10,UAV-VALID,ACCEPTED,ACCEPTED,True,14379300,14.3793,20200,62200,13793100,0,325300,8600,0,0,,,,none,x509-valid_active_4,0,False,240,8,
n50-identities_c10-conc_mech-x509-1backend_valid-active_r30_audit-off_20260903T170302Z,obs_f9df1ead0c244ec5b28c4086359144d7,2026-09-03T17:03:03.017721+00:00,x509,valid_active,29,10,UAV-VALID,ACCEPTED,ACCEPTED,True,6449000,6.449,59100,148900,4538600,0,267800,9800,0,0,,,,none,x509-valid_active_7,0,False,239,8,
n50-identities_c10-conc_mech-x509-1backend_valid-active_r30_audit-off_20260903T170302Z,obs_62977ca4ee3f4d07a4f746e7b9163c1f,2026-09-03T17:03:03.021758+00:00,x509,valid_active,28,10,UAV-VALID,ACCEPTED,ACCEPTED,True,21451200,21.4512,32000,82100,21001800,0,226800,6000,0,0,,,,none,x509-valid_active_0,0,False,239,8,
n50-identities_c10-conc_mech-blockchain-1backend_valid-active_r30_audit-off_20260903T170304Z,obs_cbae97d1ffe846739054d50d4c669246,2026-09-03T17:03:04.139010+00:00,blockchain,valid_active,0,10,UAV-VALID,ACCEPTED,ACCEPTED,True,18884500,18.8845,36100,18137700,0,3900,448000,9100,0,0,,,,none,MainThread,0,True,240,8,
n50-identities_c10-conc_mech-blockchain-1backend_valid-active_r30_audit-off_20260903T170304Z,obs_0e2b4c3512dc4ca5ba639f47c4649593,2026-09-03T17:03:04.161456+00:00,blockchain,valid_active,1,10,UAV-VALID,ACCEPTED,ACCEPTED,True,18216600,18.2166,29600,17965000,0,2700,160400,3400,0,0,,,,none,MainThread,0,True,238,8,
n50-identities_c10-conc_mech-blockchain-1backend_valid-active_r30_audit-off_20260903T170304Z,obs_7ac6e27e9bc1474faa3397cc7726d904,2026-09-03T17:03:04.268976+00:00,blockchain,valid_active,0,10,UAV-VALID,ACCEPTED,ACCEPTED,True,102034700,102.0347,25300,101655100,0,4900,237000,8900,0,0,,,,none,blockchain-valid_active_0,0,False,239,8,
n50-identities_c10-conc_mech-blockchain-1backend_valid-active_r30_audit-off_20260903T170304Z,obs_614dd0d234ad4fb488c860fe4eed2ada,2026-09-03T17:03:04.301499+00:00,blockchain,valid_active,5,10,UAV-VALID,ACCEPTED,ACCEPTED,True,114413100,114.4131,45000,113889300,0,6000,303900,10300,0,0,,,,none,blockchain-valid_active_5,0,False,240,8,
n50-identities_c10-conc_mech-blockchain-1backend_valid-active_r30_audit-off_20260903T170304Z,obs_e33a4ca27885435eaed1a397bc2c744e,2026-09-03T17:03:04.304051+00:00,blockchain,valid_active,2,10,UAV-VALID,ACCEPTED,ACCEPTED,True,129520300,129.5203,35500,129210200,0,3500,193900,5300,0,0,,,,none,blockchain-valid_active_2,0,False,239,8,
n50-identities_c10-conc_mech-blockchain-1backend_valid-active_r30_audit-off_20260903T170304Z,obs_379fcc03284a4f6da0b2ed66fd00d5b5,2026-09-03T17:03:04.306073+00:00,blockchain,valid_active,6,10,UAV-VALID,ACCEPTED,ACCEPTED,True,123486400,123.4864,20900,123156400,0,3900,215300,5300,0,0,,,,none,blockchain-valid_active_6,0,False,238,8,
n50-identities_c10-conc_mech-blockchain-1backend_valid-active_r30_audit-off_20260903T170304Z,obs_58475b309c844eaf8553629864c9303c,2026-09-03T17:03:04.308312+00:00,blockchain,valid_active,7,10,UAV-VALID,ACCEPTED,ACCEPTED,True,124309600,124.3096,20000,123970900,0,4500,195700,4600,0,0,,,,none,blockchain-valid_active_7,0,False,240,8,
n50-identities_c10-conc_mech-blockchain-1backend_valid-active_r30_audit-off_20260903T170304Z,obs_eadadd29b6514d7bb015c4d6eff1fa3b,2026-09-03T17:03:04.310799+00:00,blockchain,valid_active,3,10,UAV-VALID,ACCEPTED,ACCEPTED,True,130110600,130.1106,24400,129756900,0,4600,233800,6100,0,0,,,,none,blockchain-valid_active_3,0,False,240,8,
n50-identities_c10-conc_mech-blockchain-1backend_valid-active_r30_audit-off_20260903T170304Z,obs_b119fd99b7a64d49ab8cc771de3b5655,2026-09-03T17:03:04.314249+00:00,blockchain,valid_active,1,10,UAV-VALID,ACCEPTED,ACCEPTED,True,136936000,136.936,25900,136667400,0,2800,172000,6000,0,0,,,,none,blockchain-valid_active_1,0,False,240,8,
n50-identities_c10-conc_mech-blockchain-1backend_valid-active_r30_audit-off_20260903T170304Z,obs_8164425d6a814ac5a625e5fb15743e50,2026-09-03T17:03:04.318224+00:00,blockchain,valid_active,4,10,UAV-VALID,ACCEPTED,ACCEPTED,True,126419800,126.4198,32800,126028500,0,2800,259400,6400,0,0,,,,none,blockchain-valid_active_4,0,False,239,8,
n50-identities_c10-conc_mech-blockchain-1backend_valid-active_r30_audit-off_20260903T170304Z,obs_03f86985b749432ebfed965906f28368,2026-09-03T17:03:04.330077+00:00,blockchain,valid_active,8,10,UAV-VALID,ACCEPTED,ACCEPTED,True,125346000,125.346,38300,125071600,0,3000,168300,3600,0,0,,,,none,blockchain-valid_active_8,0,False,240,8,
n50-identities_c10-conc_mech-blockchain-1backend_valid-active_r30_audit-off_20260903T170304Z,obs_5e1ee993fb2847e5a094f9a0203b77cf,2026-09-03T17:03:04.331533+00:00,blockchain,valid_active,9,10,UAV-VALID,ACCEPTED,ACCEPTED,True,137971500,137.9715,28800,137727700,0,2700,156900,3900,0,0,,,,none,blockchain-valid_active_9,0,False,240,8,
n50-identities_c10-conc_mech-blockchain-1backend_valid-active_r30_audit-off_20260903T170304Z,obs_676d9b8ed0804a7691eb6dd4aab3e4d1,2026-09-03T17:03:04.391904+00:00,blockchain,valid_active,10,10,UAV-VALID,ACCEPTED,ACCEPTED,True,96524000,96.524,41900,96247300,0,3300,174400,3600,0,0,,,,none,blockchain-valid_active_0,0,False,238,8,
n50-identities_c10-conc_mech-blockchain-1backend_valid-active_r30_audit-off_20260903T170304Z,obs_c7f302ffef384190984ce5374c252737,2026-09-03T17:03:04.431935+00:00,blockchain,valid_active,13,10,UAV-VALID,ACCEPTED,ACCEPTED,True,106079200,106.0792,47300,105661600,0,5400,259300,6100,0,0,,,,none,blockchain-valid_active_6,0,False,239,8,
n50-identities_c10-conc_mech-blockchain-1backend_valid-active_r30_audit-off_20260903T170304Z,obs_b4231cee131c4465bd4fb6843ee49047,2026-09-03T17:03:04.464779+00:00,blockchain,valid_active,14,10,UAV-VALID,ACCEPTED,ACCEPTED,True,131742600,131.7426,57400,131468600,0,3400,169400,4500,0,0,,,,none,blockchain-valid_active_7,0,False,238,8,
n50-identities_c10-conc_mech-blockchain-1backend_valid-active_r30_audit-off_20260903T170304Z,obs_a2b07ea6d2bd4dee8faa85189217010b,2026-09-03T17:03:04.488578+00:00,blockchain,valid_active,15,10,UAV-VALID,ACCEPTED,ACCEPTED,True,145540000,145.54,40500,145267500,0,3700,165700,4000,0,0,,,,none,blockchain-valid_active_3,0,False,240,8,
n50-identities_c10-conc_mech-blockchain-1backend_valid-active_r30_audit-off_20260903T170304Z,obs_35d3f96fa77b4c7e88d01c04ce0b0e66,2026-09-03T17:03:04.495854+00:00,blockchain,valid_active,16,10,UAV-VALID,ACCEPTED,ACCEPTED,True,147449200,147.4492,41800,146972000,0,5200,254000,6600,0,0,,,,none,blockchain-valid_active_1,0,False,239,8,
n50-identities_c10-conc_mech-blockchain-1backend_valid-active_r30_audit-off_20260903T170304Z,obs_fe4fb3dfd0174fd996e233c0b3275ab8,2026-09-03T17:03:04.497740+00:00,blockchain,valid_active,11,10,UAV-VALID,ACCEPTED,ACCEPTED,True,156211300,156.2113,35000,155943600,0,2900,167800,3900,0,0,,,,none,blockchain-valid_active_5,0,False,239,8,
n50-identities_c10-conc_mech-blockchain-1backend_valid-active_r30_audit-off_20260903T170304Z,obs_9415346c86024a04a9837170e62010d2,2026-09-03T17:03:04.502061+00:00,blockchain,valid_active,12,10,UAV-VALID,ACCEPTED,ACCEPTED,True,155265400,155.2654,27700,154916000,0,3800,219600,5600,0,0,,,,none,blockchain-valid_active_2,0,False,239,8,
n50-identities_c10-conc_mech-blockchain-1backend_valid-active_r30_audit-off_20260903T170304Z,obs_ebe1174e199147ad94df2898a6686c33,2026-09-03T17:03:04.503905+00:00,blockchain,valid_active,17,10,UAV-VALID,ACCEPTED,ACCEPTED,True,153752900,153.7529,25300,153454400,0,4700,186600,5400,0,0,,,,none,blockchain-valid_active_4,0,False,239,8,
n50-identities_c10-conc_mech-blockchain-1backend_valid-active_r30_audit-off_20260903T170304Z,obs_748c67b07e174980945117e410ea1897,2026-09-03T17:03:04.533021+00:00,blockchain,valid_active,18,10,UAV-VALID,ACCEPTED,ACCEPTED,True,179921800,179.9218,38700,179533500,0,5900,241900,7400,0,0,,,,none,blockchain-valid_active_8,0,False,239,8,
n50-identities_c10-conc_mech-blockchain-1backend_valid-active_r30_audit-off_20260903T170304Z,obs_464203317830406b8372c9b028c11fa6,2026-09-03T17:03:04.611199+00:00,blockchain,valid_active,19,10,UAV-VALID,ACCEPTED,ACCEPTED,True,244902300,244.9023,29900,244488200,0,4000,260100,7300,0,0,,,,none,blockchain-valid_active_9,0,False,238,8,
n50-identities_c10-conc_mech-blockchain-1backend_valid-active_r30_audit-off_20260903T170304Z,obs_b2f8d03efbd54836a7dae232f5e17423,2026-09-03T17:03:04.713573+00:00,blockchain,valid_active,20,10,UAV-VALID,ACCEPTED,ACCEPTED,True,261433900,261.4339,58300,261112000,0,3300,188800,6100,0,0,,,,none,blockchain-valid_active_0,0,False,240,8,
n50-identities_c10-conc_mech-blockchain-1backend_valid-active_r30_audit-off_20260903T170304Z,obs_6ebf81debad84f9cb7ef1470296cb5f9,2026-09-03T17:03:04.737734+00:00,blockchain,valid_active,21,10,UAV-VALID,ACCEPTED,ACCEPTED,True,255053800,255.0538,41100,254649800,0,3800,241900,6200,0,0,,,,none,blockchain-valid_active_6,0,False,238,8,
n50-identities_c10-conc_mech-blockchain-1backend_valid-active_r30_audit-off_20260903T170304Z,obs_5362fbd9ae3e4f589bcddf10c2c02fcd,2026-09-03T17:03:04.771159+00:00,blockchain,valid_active,26,10,UAV-VALID,ACCEPTED,ACCEPTED,True,230964500,230.9645,53300,230488400,0,5300,282100,12000,0,0,,,,none,blockchain-valid_active_2,0,False,238,8,
n50-identities_c10-conc_mech-blockchain-1backend_valid-active_r30_audit-off_20260903T170304Z,obs_ee3af8b3dd1b4e09b897d072f25f036f,2026-09-03T17:03:04.773379+00:00,blockchain,valid_active,22,10,UAV-VALID,ACCEPTED,ACCEPTED,True,283405400,283.4054,160200,282909100,0,7000,284200,26800,0,0,,,,none,blockchain-valid_active_7,0,False,238,8,
n50-identities_c10-conc_mech-blockchain-1backend_valid-active_r30_audit-off_20260903T170304Z,obs_e98c9ac3317143899e3d2fbb7297d54c,2026-09-03T17:03:04.776034+00:00,blockchain,valid_active,25,10,UAV-VALID,ACCEPTED,ACCEPTED,True,248259400,248.2594,57600,247872500,0,3700,248500,7400,0,0,,,,none,blockchain-valid_active_5,0,False,239,8,
n50-identities_c10-conc_mech-blockchain-1backend_valid-active_r30_audit-off_20260903T170304Z,obs_4a72a30a4bf64200bff679cba6815897,2026-09-03T17:03:04.778457+00:00,blockchain,valid_active,28,10,UAV-VALID,ACCEPTED,ACCEPTED,True,211454100,211.4541,47800,210970400,0,3500,297400,7500,0,0,,,,none,blockchain-valid_active_8,0,False,240,8,
n50-identities_c10-conc_mech-blockchain-1backend_valid-active_r30_audit-off_20260903T170304Z,obs_fac4c5db723c422db646058168fd87cd,2026-09-03T17:03:04.780824+00:00,blockchain,valid_active,24,10,UAV-VALID,ACCEPTED,ACCEPTED,True,251616200,251.6162,32400,251234700,0,4000,246800,6100,0,0,,,,none,blockchain-valid_active_1,0,False,239,8,
n50-identities_c10-conc_mech-blockchain-1backend_valid-active_r30_audit-off_20260903T170304Z,obs_e69feb9f62a2485ea658da38c613ecd7,2026-09-03T17:03:04.783003+00:00,blockchain,valid_active,23,10,UAV-VALID,ACCEPTED,ACCEPTED,True,247199500,247.1995,53400,246776700,0,4000,266700,5900,0,0,,,,none,blockchain-valid_active_3,0,False,239,8,
n50-identities_c10-conc_mech-blockchain-1backend_valid-active_r30_audit-off_20260903T170304Z,obs_1c62f398649141a4b960d40b9fce841f,2026-09-03T17:03:04.792849+00:00,blockchain,valid_active,29,10,UAV-VALID,ACCEPTED,ACCEPTED,True,174290000,174.29,52900,173967500,0,3000,189000,5100,0,0,,,,none,blockchain-valid_active_9,0,False,240,8,
n50-identities_c10-conc_mech-blockchain-1backend_valid-active_r30_audit-off_20260903T170304Z,obs_1e223690ec764006af5f01a4bd68b36a,2026-09-03T17:03:04.800319+00:00,blockchain,valid_active,27,10,UAV-VALID,ACCEPTED,ACCEPTED,True,266462400,266.4624,32000,266090100,0,4100,231800,7100,0,0,,,,none,blockchain-valid_active_4,0,False,239,8,
n50-identities_c25-conc_mech-x509-1backend_valid-active_r30_audit-off_20260903T170306Z,obs_34ccb3e1edcc45669f1daed86e208cdb,2026-09-03T17:03:06.129240+00:00,x509,valid_active,0,25,UAV-VALID,ACCEPTED,ACCEPTED,True,1185400,1.1854,27100,64400,921000,0,124700,3100,0,0,,,,none,MainThread,0,True,239,8,
n50-identities_c25-conc_mech-x509-1backend_valid-active_r30_audit-off_20260903T170306Z,obs_199d5303f29d4ab4aa7bc539ad2c3211,2026-09-03T17:03:06.135654+00:00,x509,valid_active,1,25,UAV-VALID,ACCEPTED,ACCEPTED,True,2092900,2.0929,29600,60300,1677600,0,224700,7600,0,0,,,,none,MainThread,0,True,239,8,
n50-identities_c25-conc_mech-x509-1backend_valid-active_r30_audit-off_20260903T170306Z,obs_77bd3b809c8e4a179635150fd149d2e4,2026-09-03T17:03:06.162649+00:00,x509,valid_active,4,25,UAV-VALID,ACCEPTED,ACCEPTED,True,7417600,7.4176,52900,55100,7171200,0,120800,3000,0,0,,,,none,x509-valid_active_4,0,False,240,8,
n50-identities_c25-conc_mech-x509-1backend_valid-active_r30_audit-off_20260903T170306Z,obs_648c792d51174ed79da1f3db3adb1659,2026-09-03T17:03:06.177284+00:00,x509,valid_active,7,25,UAV-VALID,ACCEPTED,ACCEPTED,True,15272400,15.2724,24200,74800,14982700,0,131500,3600,0,0,,,,none,x509-valid_active_7,0,False,239,8,
n50-identities_c25-conc_mech-x509-1backend_valid-active_r30_audit-off_20260903T170306Z,obs_27c1cad1a915467f8e4b729eab42be01,2026-09-03T17:03:06.183327+00:00,x509,valid_active,5,25,UAV-VALID,ACCEPTED,ACCEPTED,True,24961200,24.9612,30800,59900,24602500,0,193700,4000,0,0,,,,none,x509-valid_active_5,0,False,240,8,
n50-identities_c25-conc_mech-x509-1backend_valid-active_r30_audit-off_20260903T170306Z,obs_4f0b15ebf5f846bfa1e4b33f3a21048c,2026-09-03T17:03:06.174192+00:00,x509,valid_active,3,25,UAV-VALID,ACCEPTED,ACCEPTED,True,14065200,14.0652,23200,58500,13778000,0,146200,3500,0,0,,,,none,x509-valid_active_3,0,False,239,8,
n50-identities_c25-conc_mech-x509-1backend_valid-active_r30_audit-off_20260903T170306Z,obs_b2a66e54c8674b228d7f85e8b6d08e6e,2026-09-03T17:03:06.196487+00:00,x509,valid_active,8,25,UAV-VALID,ACCEPTED,ACCEPTED,True,18851100,18.8511,77400,82400,18537500,0,140300,3600,0,0,,,,none,x509-valid_active_8,0,False,239,8,
n50-identities_c25-conc_mech-x509-1backend_valid-active_r30_audit-off_20260903T170306Z,obs_47314a310520446eae2df88684023903,2026-09-03T17:03:06.159837+00:00,x509,valid_active,1,25,UAV-VALID,ACCEPTED,ACCEPTED,True,6840100,6.8401,25600,74200,6233300,0,172100,4600,0,0,,,,none,x509-valid_active_1,0,False,239,8,
n50-identities_c25-conc_mech-x509-1backend_valid-active_r30_audit-off_20260903T170306Z,obs_f5ddbcf1d0894034bfc2fd39834bad17,2026-09-03T17:03:06.168342+00:00,x509,valid_active,2,25,UAV-VALID,ACCEPTED,ACCEPTED,True,16365500,16.3655,37900,139000,15837200,0,235100,6600,0,0,,,,none,x509-valid_active_2,0,False,239,8,
n50-identities_c25-conc_mech-x509-1backend_valid-active_r30_audit-off_20260903T170306Z,obs_460a4084d8eb41bba33332cc116ffd35,2026-09-03T17:03:06.153638+00:00,x509,valid_active,0,25,UAV-VALID,ACCEPTED,ACCEPTED,True,8456800,8.4568,26000,73200,8182200,0,123800,4000,0,0,,,,none,x509-valid_active_0,0,False,238,8,
n50-identities_c25-conc_mech-x509-1backend_valid-active_r30_audit-off_20260903T170306Z,obs_a3184560826841568e1c9cae9ec5de33,2026-09-03T17:03:06.201013+00:00,x509,valid_active,9,25,UAV-VALID,ACCEPTED,ACCEPTED,True,27515700,27.5157,37400,73600,27196300,0,147200,5900,0,0,,,,none,x509-valid_active_0,0,False,238,8,
n50-identities_c25-conc_mech-x509-1backend_valid-active_r30_audit-off_20260903T170306Z,obs_a3e162b76cd44df5a1fd4db0e0bb8277,2026-09-03T17:03:06.205847+00:00,x509,valid_active,6,25,UAV-VALID,ACCEPTED,ACCEPTED,True,29571300,29.5713,32500,89100,29275300,0,126200,3200,0,0,,,,none,x509-valid_active_6,0,False,239,8,
n50-identities_c25-conc_mech-x509-1backend_valid-active_r30_audit-off_20260903T170306Z,obs_99dd9d56478c49b19d888449cd34ed4e,2026-09-03T17:03:06.207190+00:00,x509,valid_active,10,25,UAV-VALID,ACCEPTED,ACCEPTED,True,19777600,19.7776,21500,81800,19484600,0,131700,3800,0,0,,,,none,x509-valid_active_9,0,False,238,8,
n50-identities_c25-conc_mech-x509-1backend_valid-active_r30_audit-off_20260903T170306Z,obs_e575a18ac6f8442db5ffb095a8534129,2026-09-03T17:03:06.209926+00:00,x509,valid_active,20,25,UAV-VALID,ACCEPTED,ACCEPTED,True,15095800,15.0958,21600,59900,14755400,0,184200,4500,0,0,,,,none,x509-valid_active_15,0,False,239,8,
n50-identities_c25-conc_mech-x509-1backend_valid-active_r30_audit-off_20260903T170306Z,obs_50fb5be42a0f400ca472bc98728ca32b,2026-09-03T17:03:06.216751+00:00,x509,valid_active,15,25,UAV-VALID,ACCEPTED,ACCEPTED,True,27358000,27.358,50100,66900,27054400,0,147900,4000,0,0,,,,none,x509-valid_active_12,0,False,240,8,
n50-identities_c25-conc_mech-x509-1backend_valid-active_r30_audit-off_20260903T170306Z,obs_0d6f0a3b1cdc41bbb59d527c88d93fee,2026-09-03T17:03:06.218290+00:00,x509,valid_active,13,25,UAV-VALID,ACCEPTED,ACCEPTED,True,24929000,24.929,20400,87100,24574800,0,156200,3800,0,0,,,,none,x509-valid_active_11,0,False,238,8,
n50-identities_c25-conc_mech-x509-1backend_valid-active_r30_audit-off_20260903T170306Z,obs_0f390841dee244428ace46887f39f5dd,2026-09-03T17:03:06.220334+00:00,x509,valid_active,11,25,UAV-VALID,ACCEPTED,ACCEPTED,True,22083600,22.0836,33000,89500,21763700,0,126000,3500,0,0,,,,none,x509-valid_active_10,0,False,238,8,
n50-identities_c25-conc_mech-x509-1backend_valid-active_r30_audit-off_20260903T170306Z,obs_48568f2558dd4aeb8b128123b8eee65b,2026-09-03T17:03:06.223064+00:00,x509,valid_active,21,25,UAV-VALID,ACCEPTED,ACCEPTED,True,23089800,23.0898,19100,67000,22805100,0,118900,3500,0,0,,,,none,x509-valid_active_7,0,False,239,8,
n50-identities_c25-conc_mech-x509-1backend_valid-active_r30_audit-off_20260903T170306Z,obs_65f37a4c3ca44f18b57c3190567ab6b4,2026-09-03T17:03:06.223854+00:00,x509,valid_active,14,25,UAV-VALID,ACCEPTED,ACCEPTED,True,20955300,20.9553,22700,111400,20627700,0,118700,3100,0,0,,,,none,x509-valid_active_4,0,False,239,8,
n50-identities_c25-conc_mech-x509-1backend_valid-active_r30_audit-off_20260903T170306Z,obs_2ef6e599819a4bd9be08ef7092926eeb,2026-09-03T17:03:06.224248+00:00,x509,valid_active,12,25,UAV-VALID,ACCEPTED,ACCEPTED,True,23847400,23.8474,28500,53900,23620600,0,105800,2500,0,0,,,,none,x509-valid_active_1,0,False,239,8,
n50-identities_c25-conc_mech-x509-1backend_valid-active_r30_audit-off_20260903T170306Z,obs_03d946aa99504a349b59424b87aa45ad,2026-09-03T17:03:06.224546+00:00,x509,valid_active,19,25,UAV-VALID,ACCEPTED,ACCEPTED,True,23234700,23.2347,15400,81100,22966900,0,108800,2100,0,0,,,,none,x509-valid_active_3,0,False,238,8,
n50-identities_c25-conc_mech-x509-1backend_valid-active_r30_audit-off_20260903T170306Z,obs_4680c2a2912f4b7c82b8c73dc2f0c134,2026-09-03T17:03:06.227681+00:00,x509,valid_active,17,25,UAV-VALID,ACCEPTED,ACCEPTED,True,23972300,23.9723,22100,69200,23704900,0,124400,3300,0,0,,,,none,x509-valid_active_13,0,False,239,8,
n50-identities_c25-conc_mech-x509-1backend_valid-active_r30_audit-off_20260903T170306Z,obs_10cfd32b1ae74c7fa7d0ce93b11f5804,2026-09-03T17:03:06.230310+00:00,x509,valid_active,18,25,UAV-VALID,ACCEPTED,ACCEPTED,True,18664800,18.6648,68900,59800,18376300,0,153400,3700,0,0,,,,none,x509-valid_active_14,0,False,238,8,
n50-identities_c25-conc_mech-x509-1backend_valid-active_r30_audit-off_20260903T170306Z,obs_fbc2e959e9cd45828101d5c9999b6635,2026-09-03T17:03:06.230634+00:00,x509,valid_active,25,25,UAV-VALID,ACCEPTED,ACCEPTED,True,15027800,15.0278,32000,69800,14758500,0,124600,2300,0,0,,,,none,x509-valid_active_18,0,False,239,8,
n50-identities_c25-conc_mech-x509-1backend_valid-active_r30_audit-off_20260903T170306Z,obs_0916ce68a8af4ce6b9a38d9914cb7b5f,2026-09-03T17:03:06.231261+00:00,x509,valid_active,27,25,UAV-VALID,ACCEPTED,ACCEPTED,True,10046300,10.0463,32700,56200,9807200,0,115900,2500,0,0,,,,none,x509-valid_active_20,0,False,239,8,
n50-identities_c25-conc_mech-x509-1backend_valid-active_r30_audit-off_20260903T170306Z,obs_89db95629e01437abd1090992c486754,2026-09-03T17:03:06.231548+00:00,x509,valid_active,22,25,UAV-VALID,ACCEPTED,ACCEPTED,True,18718300,18.7183,25600,106400,18442000,0,98800,2000,0,0,,,,none,x509-valid_active_16,0,False,240,8,
n50-identities_c25-conc_mech-x509-1backend_valid-active_r30_audit-off_20260903T170306Z,obs_58a254ad019a49af82dc8408be75f1ec,2026-09-03T17:03:06.231861+00:00,x509,valid_active,16,25,UAV-VALID,ACCEPTED,ACCEPTED,True,21030200,21.0302,26500,44700,20830900,0,98500,2100,0,0,,,,none,x509-valid_active_2,0,False,239,8,
n50-identities_c25-conc_mech-x509-1backend_valid-active_r30_audit-off_20260903T170306Z,obs_65dff9bd3f9b4752bce4c72e7d365f3e,2026-09-03T17:03:06.232127+00:00,x509,valid_active,24,25,UAV-VALID,ACCEPTED,ACCEPTED,True,21679200,21.6792,19300,60200,21452300,0,103100,2100,0,0,,,,none,x509-valid_active_5,0,False,239,8,
n50-identities_c25-conc_mech-x509-1backend_valid-active_r30_audit-off_20260903T170306Z,obs_7f066e01d5c44cb0bcc2d38aa1638e86,2026-09-03T17:03:06.233301+00:00,x509,valid_active,23,25,UAV-VALID,ACCEPTED,ACCEPTED,True,8131100,8.1311,20100,55100,7891900,0,117300,2700,0,0,,,,none,x509-valid_active_17,0,False,239,8,
n50-identities_c25-conc_mech-x509-1backend_valid-active_r30_audit-off_20260903T170306Z,obs_a6db776991e345f09a4a7841a24238f0,2026-09-03T17:03:06.233574+00:00,x509,valid_active,29,25,UAV-VALID,ACCEPTED,ACCEPTED,True,5110200,5.1102,37800,72100,4859400,0,101400,2100,0,0,,,,none,x509-valid_active_8,0,False,238,8,
n50-identities_c25-conc_mech-x509-1backend_valid-active_r30_audit-off_20260903T170306Z,obs_00078208da0840999d9bc96a95ed2914,2026-09-03T17:03:06.235232+00:00,x509,valid_active,26,25,UAV-VALID,ACCEPTED,ACCEPTED,True,7255200,7.2552,21700,128200,6826600,0,183000,5100,0,0,,,,none,x509-valid_active_19,0,False,239,8,
n50-identities_c25-conc_mech-x509-1backend_valid-active_r30_audit-off_20260903T170306Z,obs_c1e8b3574f9645c49d5eb52dace5df6d,2026-09-03T17:03:06.236993+00:00,x509,valid_active,28,25,UAV-VALID,ACCEPTED,ACCEPTED,True,3177000,3.177,22000,88000,2864600,0,140100,3400,0,0,,,,none,x509-valid_active_21,0,False,239,8,
n50-identities_c25-conc_mech-blockchain-1backend_valid-active_r30_audit-off_20260903T170307Z,obs_f05edfc1a18c4c13b679b1e34f99e9d7,2026-09-03T17:03:07.382468+00:00,blockchain,valid_active,0,25,UAV-VALID,ACCEPTED,ACCEPTED,True,20182600,20.1826,28600,19917100,0,2500,172800,3800,0,0,,,,none,MainThread,0,True,238,8,
n50-identities_c25-conc_mech-blockchain-1backend_valid-active_r30_audit-off_20260903T170307Z,obs_140bc868390044009bb0e84c1107257f,2026-09-03T17:03:07.407919+00:00,blockchain,valid_active,1,25,UAV-VALID,ACCEPTED,ACCEPTED,True,20246500,20.2465,39000,19852100,0,2800,258900,5900,0,0,,,,none,MainThread,0,True,239,8,
n50-identities_c25-conc_mech-blockchain-1backend_valid-active_r30_audit-off_20260903T170307Z,obs_85d7181f4d69401e911445f301a67340,2026-09-03T17:03:07.544353+00:00,blockchain,valid_active,0,25,UAV-VALID,ACCEPTED,ACCEPTED,True,128110100,128.1101,44000,127856400,0,2800,154700,3100,0,0,,,,none,blockchain-valid_active_0,0,False,240,8,
n50-identities_c25-conc_mech-blockchain-1backend_valid-active_r30_audit-off_20260903T170307Z,obs_bd374ccbdc654e4392ebd5654bf2b654,2026-09-03T17:03:07.658631+00:00,blockchain,valid_active,2,25,UAV-VALID,ACCEPTED,ACCEPTED,True,234344400,234.3444,30400,234038500,0,2400,204400,4800,0,0,,,,none,blockchain-valid_active_2,0,False,238,8,
n50-identities_c25-conc_mech-blockchain-1backend_valid-active_r30_audit-off_20260903T170307Z,obs_4faf062d10f5426e8e78ece6e9099915,2026-09-03T17:03:07.660127+00:00,blockchain,valid_active,4,25,UAV-VALID,ACCEPTED,ACCEPTED,True,220940900,220.9409,25400,220715300,0,3200,145300,3200,0,0,,,,none,blockchain-valid_active_4,0,False,238,8,
n50-identities_c25-conc_mech-blockchain-1backend_valid-active_r30_audit-off_20260903T170307Z,obs_e9420d5de22c4173a14e620e454ba31e,2026-09-03T17:03:07.673579+00:00,blockchain,valid_active,1,25,UAV-VALID,ACCEPTED,ACCEPTED,True,254598000,254.598,51700,254321800,0,3400,163300,3900,0,0,,,,none,blockchain-valid_active_1,0,False,240,8,
n50-identities_c25-conc_mech-blockchain-1backend_valid-active_r30_audit-off_20260903T170307Z,obs_38f2e152a2a24f7eb15fb9e144782d14,2026-09-03T17:03:07.674755+00:00,blockchain,valid_active,3,25,UAV-VALID,ACCEPTED,ACCEPTED,True,242584000,242.584,28600,242371600,0,2700,136400,2900,0,0,,,,none,blockchain-valid_active_3,0,False,239,8,
n50-identities_c25-conc_mech-blockchain-1backend_valid-active_r30_audit-off_20260903T170307Z,obs_ece46d63149a4adaa855aca30e64f941,2026-09-03T17:03:07.676232+00:00,blockchain,valid_active,5,25,UAV-VALID,ACCEPTED,ACCEPTED,True,234510000,234.51,26100,234303600,0,2000,130300,2700,0,0,,,,none,blockchain-valid_active_5,0,False,238,8,
n50-identities_c25-conc_mech-blockchain-1backend_valid-active_r30_audit-off_20260903T170307Z,obs_ea77c2e762664670b93f008d2618804e,2026-09-03T17:03:07.679929+00:00,blockchain,valid_active,7,25,UAV-VALID,ACCEPTED,ACCEPTED,True,229994200,229.9942,36300,229696100,0,2700,165800,4500,0,0,,,,none,blockchain-valid_active_7,0,False,239,8,
n50-identities_c25-conc_mech-blockchain-1backend_valid-active_r30_audit-off_20260903T170307Z,obs_1fee8c22c6da44d1bc37f798ad1c38dd,2026-09-03T17:03:07.722203+00:00,blockchain,valid_active,11,25,UAV-VALID,ACCEPTED,ACCEPTED,True,234125500,234.1255,35400,233828000,0,3000,194200,7500,0,0,,,,none,blockchain-valid_active_11,0,False,240,8,
n50-identities_c25-conc_mech-blockchain-1backend_valid-active_r30_audit-off_20260903T170307Z,obs_36098d7cd44448f195bac59e665deb4b,2026-09-03T17:03:07.773581+00:00,blockchain,valid_active,6,25,UAV-VALID,ACCEPTED,ACCEPTED,True,335850500,335.8505,39700,335433100,0,4700,258900,8300,0,0,,,,none,blockchain-valid_active_6,0,False,238,8,
n50-identities_c25-conc_mech-blockchain-1backend_valid-active_r30_audit-off_20260903T170307Z,obs_aeaf525de4804548bb9a77ad678bc449,2026-09-03T17:03:07.775194+00:00,blockchain,valid_active,12,25,UAV-VALID,ACCEPTED,ACCEPTED,True,275378200,275.3782,27500,275110700,0,2300,181300,3800,0,0,,,,none,blockchain-valid_active_12,0,False,238,8,
n50-identities_c25-conc_mech-blockchain-1backend_valid-active_r30_audit-off_20260903T170307Z,obs_f933d5fbff3d440796dcf6ffcde37ae0,2026-09-03T17:03:07.777659+00:00,blockchain,valid_active,10,25,UAV-VALID,ACCEPTED,ACCEPTED,True,295081900,295.0819,26700,294848200,0,2200,155000,3200,0,0,,,,none,blockchain-valid_active_10,0,False,238,8,
n50-identities_c25-conc_mech-blockchain-1backend_valid-active_r30_audit-off_20260903T170307Z,obs_7207d536144c4d8aa4ff1147ff2e0a60,2026-09-03T17:03:07.780058+00:00,blockchain,valid_active,9,25,UAV-VALID,ACCEPTED,ACCEPTED,True,309075300,309.0753,44200,308529300,0,6200,374900,6500,0,0,,,,none,blockchain-valid_active_9,0,False,239,8,
n50-identities_c25-conc_mech-blockchain-1backend_valid-active_r30_audit-off_20260903T170307Z,obs_7c267f3ed9dd4e388b73c30df499e707,2026-09-03T17:03:07.810787+00:00,blockchain,valid_active,8,25,UAV-VALID,ACCEPTED,ACCEPTED,True,353186300,353.1863,34400,352647600,0,5000,363300,10200,0,0,,,,none,blockchain-valid_active_8,0,False,238,8,
n50-identities_c25-conc_mech-blockchain-1backend_valid-active_r30_audit-off_20260903T170307Z,obs_da6f84c8c9c74a8eaae363d3fb73346c,2026-09-03T17:03:07.827981+00:00,blockchain,valid_active,18,25,UAV-VALID,ACCEPTED,ACCEPTED,True,265856600,265.8566,23900,264544900,0,559100,239300,7500,0,0,,,,none,blockchain-valid_active_18,0,False,239,8,
n50-identities_c25-conc_mech-blockchain-1backend_valid-active_r30_audit-off_20260903T170307Z,obs_d4007ff5057c4c0b8b67c1e5ac11f894,2026-09-03T17:03:07.830071+00:00,blockchain,valid_active,19,25,UAV-VALID,ACCEPTED,ACCEPTED,True,280628200,280.6282,31000,280256100,0,3600,245400,7200,0,0,,,,none,blockchain-valid_active_19,0,False,239,8,
n50-identities_c25-conc_mech-blockchain-1backend_valid-active_r30_audit-off_20260903T170307Z,obs_a0ea50f888474771bc5cb4886440b788,2026-09-03T17:03:07.867495+00:00,blockchain,valid_active,17,25,UAV-VALID,ACCEPTED,ACCEPTED,True,339765800,339.7658,29700,339265100,0,4700,275700,8200,0,0,,,,none,blockchain-valid_active_17,0,False,239,8,
n50-identities_c25-conc_mech-blockchain-1backend_valid-active_r30_audit-off_20260903T170307Z,obs_7388f6655194498f95cdd8e8113c1a1d,2026-09-03T17:03:07.924731+00:00,blockchain,valid_active,15,25,UAV-VALID,ACCEPTED,ACCEPTED,True,414389200,414.3892,29100,414132900,0,2300,163600,3700,0,0,,,,none,blockchain-valid_active_15,0,False,238,8,
n50-identities_c25-conc_mech-blockchain-1backend_valid-active_r30_audit-off_20260903T170307Z,obs_0e4002a7e37348198a043ada90adf601,2026-09-03T17:03:07.927104+00:00,blockchain,valid_active,14,25,UAV-VALID,ACCEPTED,ACCEPTED,True,420873400,420.8734,29700,420631500,0,3200,155000,3500,0,0,,,,none,blockchain-valid_active_14,0,False,238,8,
n50-identities_c25-conc_mech-blockchain-1backend_valid-active_r30_audit-off_20260903T170307Z,obs_ade968a6d73d4a228838ab63b4b65164,2026-09-03T17:03:08.365124+00:00,blockchain,valid_active,27,25,UAV-VALID,ACCEPTED,ACCEPTED,True,639080900,639.0809,50600,638641600,0,6300,275700,8900,0,0,,,,none,blockchain-valid_active_4,0,False,240,8,
n50-identities_c25-conc_mech-blockchain-1backend_valid-active_r30_audit-off_20260903T170307Z,obs_c9650d6e7158493896224f67c2a22309,2026-09-03T17:03:08.369796+00:00,blockchain,valid_active,22,25,UAV-VALID,ACCEPTED,ACCEPTED,True,809053500,809.0535,41600,808555900,0,5700,337600,9300,0,0,,,,none,blockchain-valid_active_22,0,False,239,8,
n50-identities_c25-conc_mech-blockchain-1backend_valid-active_r30_audit-off_20260903T170307Z,obs_c20ff2825311484491600df18798659d,2026-09-03T17:03:08.375071+00:00,blockchain,valid_active,13,25,UAV-VALID,ACCEPTED,ACCEPTED,True,860551900,860.5519,28600,860097500,0,5800,296900,7000,0,0,,,,none,blockchain-valid_active_13,0,False,240,8,
n50-identities_c25-conc_mech-blockchain-1backend_valid-active_r30_audit-off_20260903T170307Z,obs_4d60c77eeb48489aa57bf574a1300cc0,2026-09-03T17:03:08.377172+00:00,blockchain,valid_active,24,25,UAV-VALID,ACCEPTED,ACCEPTED,True,748484900,748.4849,33700,748103700,0,3700,237900,8100,0,0,,,,none,blockchain-valid_active_24,0,False,239,8,
n50-identities_c25-conc_mech-blockchain-1backend_valid-active_r30_audit-off_20260903T170307Z,obs_30b03cfd32204673b05b6e9ab8ad9ed0,2026-09-03T17:03:08.379574+00:00,blockchain,valid_active,21,25,UAV-VALID,ACCEPTED,ACCEPTED,True,806785100,806.7851,32800,806326200,0,3300,278100,7700,0,0,,,,none,blockchain-valid_active_21,0,False,239,8,
n50-identities_c25-conc_mech-blockchain-1backend_valid-active_r30_audit-off_20260903T170307Z,obs_ce375f6166db4cd6a8f9fa70630d1015,2026-09-03T17:03:08.409694+00:00,blockchain,valid_active,16,25,UAV-VALID,ACCEPTED,ACCEPTED,True,834312600,834.3126,28400,833893900,0,5400,279400,9600,0,0,,,,none,blockchain-valid_active_16,0,False,238,8,
n50-identities_c25-conc_mech-blockchain-1backend_valid-active_r30_audit-off_20260903T170307Z,obs_1568784576734a6fb860086944034929,2026-09-03T17:03:08.412913+00:00,blockchain,valid_active,26,25,UAV-VALID,ACCEPTED,ACCEPTED,True,678699900,678.6999,56800,678191200,0,4800,278800,24500,0,0,,,,none,blockchain-valid_active_2,0,False,238,8,
n50-identities_c25-conc_mech-blockchain-1backend_valid-active_r30_audit-off_20260903T170307Z,obs_5150e217dfe5416a9bb485518b3da44e,2026-09-03T17:03:08.420047+00:00,blockchain,valid_active,25,25,UAV-VALID,ACCEPTED,ACCEPTED,True,813441400,813.4414,24400,813040600,0,4600,268100,6900,0,0,,,,none,blockchain-valid_active_0,0,False,240,8,
n50-identities_c25-conc_mech-blockchain-1backend_valid-active_r30_audit-off_20260903T170307Z,obs_99af5c4dc30549ec9200fd3ba5d89c89,2026-09-03T17:03:08.441758+00:00,blockchain,valid_active,29,25,UAV-VALID,ACCEPTED,ACCEPTED,True,697144200,697.1442,49300,696844900,0,2900,182900,4400,0,0,,,,none,blockchain-valid_active_3,0,False,239,8,
n50-identities_c25-conc_mech-blockchain-1backend_valid-active_r30_audit-off_20260903T170307Z,obs_4c1e6f1fb6594101b83bcf4c055212fd,2026-09-03T17:03:08.443008+00:00,blockchain,valid_active,20,25,UAV-VALID,ACCEPTED,ACCEPTED,True,903013600,903.0136,35500,902756500,0,2300,158000,4600,0,0,,,,none,blockchain-valid_active_20,0,False,239,8,
n50-identities_c25-conc_mech-blockchain-1backend_valid-active_r30_audit-off_20260903T170307Z,obs_1d51343599724a8cb5b1009624b3886f,2026-09-03T17:03:08.444741+00:00,blockchain,valid_active,23,25,UAV-VALID,ACCEPTED,ACCEPTED,True,841567000,841.567,34400,841310900,0,2800,175200,3900,0,0,,,,none,blockchain-valid_active_23,0,False,240,8,
n50-identities_c25-conc_mech-blockchain-1backend_valid-active_r30_audit-off_20260903T170307Z,obs_1d3dd9048e474637bbd9b19d739a2110,2026-09-03T17:03:08.446064+00:00,blockchain,valid_active,28,25,UAV-VALID,ACCEPTED,ACCEPTED,True,646330500,646.3305,203500,646062200,0,3000,158000,3800,0,0,,,,none,blockchain-valid_active_1,0,False,239,8,
n50-identities_c50-conc_mech-x509-1backend_valid-active_r50_audit-off_20260903T170309Z,obs_62b2c0872e1e49a891f58c7a7e32e198,2026-09-03T17:03:09.885952+00:00,x509,valid_active,0,50,UAV-VALID,ACCEPTED,ACCEPTED,True,2783200,2.7832,55400,118600,2263900,0,226400,7500,0,0,,,,none,MainThread,0,True,239,8,
n50-identities_c50-conc_mech-x509-1backend_valid-active_r50_audit-off_20260903T170309Z,obs_3a5931c3c65d4c5ab1482c071fd7546d,2026-09-03T17:03:09.896036+00:00,x509,valid_active,1,50,UAV-VALID,ACCEPTED,ACCEPTED,True,2218100,2.2181,56200,106900,1743400,0,216000,7500,0,0,,,,none,MainThread,0,True,238,8,
n50-identities_c50-conc_mech-x509-1backend_valid-active_r50_audit-off_20260903T170309Z,obs_ab2cd76998a94c95ab6fcd5dc2e71816,2026-09-03T17:03:10.029779+00:00,x509,valid_active,13,50,UAV-VALID,ACCEPTED,ACCEPTED,True,42266500,42.2665,41000,105100,41771300,0,233100,5700,0,0,,,,none,x509-valid_active_1,0,False,239,8,
n50-identities_c50-conc_mech-x509-1backend_valid-active_r50_audit-off_20260903T170309Z,obs_2de6e88a2fab43ab977234b698c73014,2026-09-03T17:03:10.070987+00:00,x509,valid_active,27,50,UAV-VALID,ACCEPTED,ACCEPTED,True,29685900,29.6859,49100,113100,29181100,0,254400,5300,0,0,,,,none,x509-valid_active_17,0,False,239,8,
n50-identities_c50-conc_mech-x509-1backend_valid-active_r50_audit-off_20260903T170309Z,obs_d04278d50b6042038e4d534814c1a638,2026-09-03T17:03:10.015737+00:00,x509,valid_active,14,50,UAV-VALID,ACCEPTED,ACCEPTED,True,37072100,37.0721,40100,111600,36613300,0,208500,5600,0,0,,,,none,x509-valid_active_0,0,False,239,8,
n50-identities_c50-conc_mech-x509-1backend_valid-active_r50_audit-off_20260903T170309Z,obs_79245ac09b8645279c2ae15657d57caf,2026-09-03T17:03:10.034182+00:00,x509,valid_active,17,50,UAV-VALID,ACCEPTED,ACCEPTED,True,36111600,36.1116,55300,96700,35469300,0,357200,9400,0,0,,,,none,x509-valid_active_6,0,False,239,8,
n50-identities_c50-conc_mech-x509-1backend_valid-active_r50_audit-off_20260903T170309Z,obs_69ab708ed5ff4d458c12ea327edc5daf,2026-09-03T17:03:10.004121+00:00,x509,valid_active,12,50,UAV-VALID,ACCEPTED,ACCEPTED,True,24794600,24.7946,65300,87400,24334200,0,213000,5600,0,0,,,,none,x509-valid_active_5,0,False,239,8,
n50-identities_c50-conc_mech-x509-1backend_valid-active_r50_audit-off_20260903T170309Z,obs_08c9109226ab431f8ed64af184ca02d1,2026-09-03T17:03:10.017151+00:00,x509,valid_active,11,50,UAV-VALID,ACCEPTED,ACCEPTED,True,35579700,35.5797,50900,172200,34874100,0,330300,8900,0,0,,,,none,x509-valid_active_8,0,False,239,8,
n50-identities_c50-conc_mech-x509-1backend_valid-active_r50_audit-off_20260903T170309Z,obs_58e152c351bf4db2880896fb9d97f681,2026-09-03T17:03:09.957101+00:00,x509,valid_active,3,50,UAV-VALID,ACCEPTED,ACCEPTED,True,32273400,32.2734,40000,137700,31713100,0,256800,6500,0,0,,,,none,x509-valid_active_3,0,False,238,8,
n50-identities_c50-conc_mech-x509-1backend_valid-active_r50_audit-off_20260903T170309Z,obs_479f528cb892464d9c208551e0accb31,2026-09-03T17:03:10.071587+00:00,x509,valid_active,19,50,UAV-VALID,ACCEPTED,ACCEPTED,True,53083700,53.0837,44300,130300,52578600,0,227300,6900,0,0,,,,none,x509-valid_active_11,0,False,239,8,
n50-identities_c50-conc_mech-x509-1backend_valid-active_r50_audit-off_20260903T170309Z,obs_7962a36882414ebda3cadef50453839e,2026-09-03T17:03:09.976074+00:00,x509,valid_active,4,50,UAV-VALID,ACCEPTED,ACCEPTED,True,34041900,34.0419,66500,134400,33520900,0,226600,6200,0,0,,,,none,x509-valid_active_4,0,False,238,8,
n50-identities_c50-conc_mech-x509-1backend_valid-active_r50_audit-off_20260903T170309Z,obs_622bd58a67464675bd57ae044757a4c8,2026-09-03T17:03:10.013192+00:00,x509,valid_active,20,50,UAV-VALID,ACCEPTED,ACCEPTED,True,20075200,20.0752,51800,103700,19633600,0,205300,7100,0,0,,,,none,x509-valid_active_2,0,False,239,8,
n50-identities_c50-conc_mech-x509-1backend_valid-active_r50_audit-off_20260903T170309Z,obs_0a085ee950304444b4de1726634d2b22,2026-09-03T17:03:09.933163+00:00,x509,valid_active,2,50,UAV-VALID,ACCEPTED,ACCEPTED,True,15586900,15.5869,35800,118300,15043500,0,256500,8000,0,0,,,,none,x509-valid_active_2,0,False,239,8,
n50-identities_c50-conc_mech-x509-1backend_valid-active_r50_audit-off_20260903T170309Z,obs_f32e2f5119f64f6088102524d33ab986,2026-09-03T17:03:10.062089+00:00,x509,valid_active,22,50,UAV-VALID,ACCEPTED,ACCEPTED,True,49738600,49.7386,44800,99100,49296800,0,192000,5500,0,0,,,,none,x509-valid_active_13,0,False,238,8,
n50-identities_c50-conc_mech-x509-1backend_valid-active_r50_audit-off_20260903T170309Z,obs_173688d886534c32ae08580151d028c8,2026-09-03T17:03:10.003279+00:00,x509,valid_active,18,50,UAV-VALID,ACCEPTED,ACCEPTED,True,17816200,17.8162,60600,371200,17010000,0,253600,6900,0,0,,,,none,x509-valid_active_10,0,False,239,8,
n50-identities_c50-conc_mech-x509-1backend_valid-active_r50_audit-off_20260903T170309Z,obs_835acfd62a984e4dbbe78b66fb52a076,2026-09-03T17:03:09.965476+00:00,x509,valid_active,10,50,UAV-VALID,ACCEPTED,ACCEPTED,True,20462900,20.4629,40100,99400,19879200,0,294600,9500,0,0,,,,none,x509-valid_active_2,0,False,240,8,
n50-identities_c50-conc_mech-x509-1backend_valid-active_r50_audit-off_20260903T170309Z,obs_d0fcd4b1709f41598f07fe14ce447650,2026-09-03T17:03:09.957853+00:00,x509,valid_active,7,50,UAV-VALID,ACCEPTED,ACCEPTED,True,16592700,16.5927,76100,120900,16073400,0,240000,6300,0,0,,,,none,x509-valid_active_6,0,False,240,8,
n50-identities_c50-conc_mech-x509-1backend_valid-active_r50_audit-off_20260903T170309Z,obs_f0e8f221bd8545958c4dc82266580db8,2026-09-03T17:03:09.913226+00:00,x509,valid_active,0,50,UAV-VALID,ACCEPTED,ACCEPTED,True,5013000,5.013,53600,208800,4378600,0,238400,6100,0,0,,,,none,x509-valid_active_0,0,False,238,8,
n50-identities_c50-conc_mech-x509-1backend_valid-active_r50_audit-off_20260903T170309Z,obs_2a10ad1b75e34868b9aeb5b5077ae146,2026-09-03T17:03:09.951084+00:00,x509,valid_active,8,50,UAV-VALID,ACCEPTED,ACCEPTED,True,8341000,8.341,48300,71700,7873100,0,235400,8400,0,0,,,,none,x509-valid_active_1,0,False,239,8,
n50-identities_c50-conc_mech-x509-1backend_valid-active_r50_audit-off_20260903T170309Z,obs_0312e26dd19c4b968f4c165cf03dc5bc,2026-09-03T17:03:09.949976+00:00,x509,valid_active,6,50,UAV-VALID,ACCEPTED,ACCEPTED,True,12092500,12.0925,48800,131300,11521200,0,264500,8000,0,0,,,,none,x509-valid_active_5,0,False,238,8,
n50-identities_c50-conc_mech-x509-1backend_valid-active_r50_audit-off_20260903T170309Z,obs_186fa676eae848c187d48066445a1277,2026-09-03T17:03:09.955045+00:00,x509,valid_active,5,50,UAV-VALID,ACCEPTED,ACCEPTED,True,15680700,15.6807,48500,107900,15098700,0,275500,8800,0,0,,,,none,x509-valid_active_0,0,False,240,8,
n50-identities_c50-conc_mech-x509-1backend_valid-active_r50_audit-off_20260903T170309Z,obs_81f33c1498ef4cb2885f5d5441d392c0,2026-09-03T17:03:09.931075+00:00,x509,valid_active,1,50,UAV-VALID,ACCEPTED,ACCEPTED,True,14178300,14.1783,39700,141700,13617300,0,256900,8700,0,0,,,,none,x509-valid_active_1,0,False,238,8,
n50-identities_c50-conc_mech-x509-1backend_valid-active_r50_audit-off_20260903T170309Z,obs_3bcd0ebeb0f94272ae5a871a229dfb18,2026-09-03T17:03:10.022104+00:00,x509,valid_active,24,50,UAV-VALID,ACCEPTED,ACCEPTED,True,21453400,21.4534,40800,148800,20825100,0,286800,9200,0,0,,,,none,x509-valid_active_14,0,False,238,8,
n50-identities_c50-conc_mech-x509-1backend_valid-active_r50_audit-off_20260903T170309Z,obs_bbc470ca040b406c941c8eb64f14b61e,2026-09-03T17:03:10.026571+00:00,x509,valid_active,16,50,UAV-VALID,ACCEPTED,ACCEPTED,True,49603100,49.6031,44100,96800,49067300,0,267600,7000,0,0,,,,none,x509-valid_active_3,0,False,239,8,
n50-identities_c50-conc_mech-x509-1backend_valid-active_r50_audit-off_20260903T170309Z,obs_df4e4216cce742a08bb0b0b63a311904,2026-09-03T17:03:10.017978+00:00,x509,valid_active,15,50,UAV-VALID,ACCEPTED,ACCEPTED,True,27640500,27.6405,40400,121600,27124900,0,240900,7200,0,0,,,,none,x509-valid_active_9,0,False,240,8,
n50-identities_c50-conc_mech-x509-1backend_valid-active_r50_audit-off_20260903T170309Z,obs_70693d023fc94fedb5a82c56c3a7442b,2026-09-03T17:03:10.005589+00:00,x509,valid_active,9,50,UAV-VALID,ACCEPTED,ACCEPTED,True,34256400,34.2564,69100,131700,33692200,0,261200,7600,0,0,,,,none,x509-valid_active_7,0,False,240,8,
n50-identities_c50-conc_mech-x509-1backend_valid-active_r50_audit-off_20260903T170309Z,obs_d5d3570c1a8940e094d63fa1e11b63f1,2026-09-03T17:03:10.090402+00:00,x509,valid_active,25,50,UAV-VALID,ACCEPTED,ACCEPTED,True,54421300,54.4213,35600,143800,53811700,0,276700,7700,0,0,,,,none,x509-valid_active_15,0,False,239,8,
n50-identities_c50-conc_mech-x509-1backend_valid-active_r50_audit-off_20260903T170309Z,obs_0c468d029c594eb29f053f26afe7e899,2026-09-03T17:03:10.095292+00:00,x509,valid_active,23,50,UAV-VALID,ACCEPTED,ACCEPTED,True,63640100,63.6401,45900,118200,63091500,0,259200,7300,0,0,,,,none,x509-valid_active_4,0,False,240,8,
n50-identities_c50-conc_mech-x509-1backend_valid-active_r50_audit-off_20260903T170309Z,obs_6dff62488b4541a58039d51a7db6b804,2026-09-03T17:03:10.103024+00:00,x509,valid_active,38,50,UAV-VALID,ACCEPTED,ACCEPTED,True,39431500,39.4315,40300,99100,38928300,0,238900,7700,0,0,,,,none,x509-valid_active_14,0,False,240,8,
n50-identities_c50-conc_mech-x509-1backend_valid-active_r50_audit-off_20260903T170309Z,obs_7a4d1046453d4530abd6cf49f47d2d0c,2026-09-03T17:03:10.112106+00:00,x509,valid_active,21,50,UAV-VALID,ACCEPTED,ACCEPTED,True,71541300,71.5413,50500,147600,71057200,0,206300,6300,0,0,,,,none,x509-valid_active_12,0,False,239,8,
n50-identities_c50-conc_mech-x509-1backend_valid-active_r50_audit-off_20260903T170309Z,obs_c051fc463e044307b400f37ad2570cd5,2026-09-03T17:03:10.116213+00:00,x509,valid_active,42,50,UAV-VALID,ACCEPTED,ACCEPTED,True,34889100,34.8891,47200,84000,34388100,0,259100,8300,0,0,,,,none,x509-valid_active_1,0,False,239,8,
n50-identities_c50-conc_mech-x509-1backend_valid-active_r50_audit-off_20260903T170309Z,obs_91ead582fedb4038b59d00363d89a852,2026-09-03T17:03:10.117023+00:00,x509,valid_active,30,50,UAV-VALID,ACCEPTED,ACCEPTED,True,52128900,52.1289,76100,77600,51644100,0,250700,6400,0,0,,,,none,x509-valid_active_5,0,False,239,8,
n50-identities_c50-conc_mech-x509-1backend_valid-active_r50_audit-off_20260903T170309Z,obs_b616010a95a94311b27e4161bd0d8c03,2026-09-03T17:03:10.123069+00:00,x509,valid_active,29,50,UAV-VALID,ACCEPTED,ACCEPTED,True,67658400,67.6584,57000,114200,67221000,0,192200,6800,0,0,,,,none,x509-valid_active_10,0,False,240,8,
n50-identities_c50-conc_mech-x509-1backend_valid-active_r50_audit-off_20260903T170309Z,obs_6363c51647ef4c2eac8e8d8ef238176e,2026-09-03T17:03:10.124582+00:00,x509,valid_active,28,50,UAV-VALID,ACCEPTED,ACCEPTED,True,48656800,48.6568,56500,172400,48082200,0,218900,5700,0,0,,,,none,x509-valid_active_18,0,False,240,8,
n50-identities_c50-conc_mech-x509-1backend_valid-active_r50_audit-off_20260903T170309Z,obs_a2edca6734c64fcd907cb1d6f207e524,2026-09-03T17:03:10.125524+00:00,x509,valid_active,40,50,UAV-VALID,ACCEPTED,ACCEPTED,True,33969200,33.9692,59600,283500,33236800,0,213800,5900,0,0,,,,none,x509-valid_active_3,0,False,239,8,
n50-identities_c50-conc_mech-x509-1backend_valid-active_r50_audit-off_20260903T170309Z,obs_b7ced763c685405c8c44a12081f7b8cb,2026-09-03T17:03:10.126923+00:00,x509,valid_active,33,50,UAV-VALID,ACCEPTED,ACCEPTED,True,62508900,62.5089,34100,87700,62095200,0,201700,5000,0,0,,,,none,x509-valid_active_2,0,False,239,8,
n50-identities_c50-conc_mech-x509-1backend_valid-active_r50_audit-off_20260903T170309Z,obs_2bf2423870294dbd826b2d3412a736d6,2026-09-03T17:03:10.127605+00:00,x509,valid_active,32,50,UAV-VALID,ACCEPTED,ACCEPTED,True,47848400,47.8484,53000,121200,47347500,0,257500,4100,0,0,,,,none,x509-valid_active_19,0,False,239,8,
n50-identities_c50-conc_mech-x509-1backend_valid-active_r50_audit-off_20260903T170309Z,obs_312d7724f0544cddbd0a8a1e075e1fa6,2026-09-03T17:03:10.128324+00:00,x509,valid_active,44,50,UAV-VALID,ACCEPTED,ACCEPTED,True,29661500,29.6615,52000,102000,29221100,0,208500,4500,0,0,,,,none,x509-valid_active_6,0,False,240,8,
n50-identities_c50-conc_mech-x509-1backend_valid-active_r50_audit-off_20260903T170309Z,obs_f1534c42cea14842ba438386e3cf926b,2026-09-03T17:03:10.131652+00:00,x509,valid_active,37,50,UAV-VALID,ACCEPTED,ACCEPTED,True,59383100,59.3831,60400,140800,58874100,0,224100,5500,0,0,,,,none,x509-valid_active_20,0,False,239,8,
n50-identities_c50-conc_mech-x509-1backend_valid-active_r50_audit-off_20260903T170309Z,obs_3b82d437508c406fb53c169b7e705a6c,2026-09-03T17:03:10.132225+00:00,x509,valid_active,39,50,UAV-VALID,ACCEPTED,ACCEPTED,True,45266700,45.2667,48900,110900,44827000,0,201200,5500,0,0,,,,none,x509-valid_active_21,0,False,238,8,
n50-identities_c50-conc_mech-x509-1backend_valid-active_r50_audit-off_20260903T170309Z,obs_859db3fea33a44bc82098bf2d85da17b,2026-09-03T17:03:10.133302+00:00,x509,valid_active,31,50,UAV-VALID,ACCEPTED,ACCEPTED,True,39111900,39.1119,58800,104800,38252200,0,374600,8500,0,0,,,,none,x509-valid_active_7,0,False,239,8,
n50-identities_c50-conc_mech-x509-1backend_valid-active_r50_audit-off_20260903T170309Z,obs_76b3d80e9d1344bd9440179b8ff38fb6,2026-09-03T17:03:10.136679+00:00,x509,valid_active,41,50,UAV-VALID,ACCEPTED,ACCEPTED,True,38865500,38.8655,50300,119300,38285500,0,284900,7200,0,0,,,,none,x509-valid_active_22,0,False,240,8,
n50-identities_c50-conc_mech-x509-1backend_valid-active_r50_audit-off_20260903T170309Z,obs_092d8c7c01dd460eb9da84cdd24aec9b,2026-09-03T17:03:10.140593+00:00,x509,valid_active,36,50,UAV-VALID,ACCEPTED,ACCEPTED,True,33191500,33.1915,51300,98900,32730200,0,218300,6200,0,0,,,,none,x509-valid_active_9,0,False,240,8,
n50-identities_c50-conc_mech-x509-1backend_valid-active_r50_audit-off_20260903T170309Z,obs_9574d3533f3149d6851a6a793b24b7fe,2026-09-03T17:03:10.141130+00:00,x509,valid_active,26,50,UAV-VALID,ACCEPTED,ACCEPTED,True,60429700,60.4297,62000,96900,60017000,0,187200,5000,0,0,,,,none,x509-valid_active_16,0,False,239,8,
n50-identities_c50-conc_mech-x509-1backend_valid-active_r50_audit-off_20260903T170309Z,obs_de23c6a784224dd68655d7cc6f7ea205,2026-09-03T17:03:10.142025+00:00,x509,valid_active,48,50,UAV-VALID,ACCEPTED,ACCEPTED,True,18502000,18.502,47600,112900,18024900,0,221300,7500,0,0,,,,none,x509-valid_active_13,0,False,238,8,
n50-identities_c50-conc_mech-x509-1backend_valid-active_r50_audit-off_20260903T170309Z,obs_c71655631fde48a49cac0ee8b718d8d8,2026-09-03T17:03:10.146162+00:00,x509,valid_active,46,50,UAV-VALID,ACCEPTED,ACCEPTED,True,16491000,16.491,51600,155200,15947700,0,230400,6500,0,0,,,,none,x509-valid_active_25,0,False,238,8,
n50-identities_c50-conc_mech-x509-1backend_valid-active_r50_audit-off_20260903T170309Z,obs_d7d0fe1fb6c84268bd8f013fef2f296c,2026-09-03T17:03:10.146837+00:00,x509,valid_active,34,50,UAV-VALID,ACCEPTED,ACCEPTED,True,36526500,36.5265,58100,99600,36071100,0,217400,5900,0,0,,,,none,x509-valid_active_0,0,False,238,8,
n50-identities_c50-conc_mech-x509-1backend_valid-active_r50_audit-off_20260903T170309Z,obs_ef8b8ed8290d44c7bd9bdbecfb5895d9,2026-09-03T17:03:10.148528+00:00,x509,valid_active,47,50,UAV-VALID,ACCEPTED,ACCEPTED,True,22572300,22.5723,48200,105100,22092500,0,223800,6800,0,0,,,,none,x509-valid_active_26,0,False,239,8,
n50-identities_c50-conc_mech-x509-1backend_valid-active_r50_audit-off_20260903T170309Z,obs_a43f4ff0706f4d31b375d4f13b5d2f24,2026-09-03T17:03:10.151534+00:00,x509,valid_active,35,50,UAV-VALID,ACCEPTED,ACCEPTED,True,38263000,38.263,34500,94700,37753600,0,249900,7700,0,0,,,,none,x509-valid_active_8,0,False,239,8,
n50-identities_c50-conc_mech-x509-1backend_valid-active_r50_audit-off_20260903T170309Z,obs_569f2365c19c47c0bf0cdf28602648b4,2026-09-03T17:03:10.152339+00:00,x509,valid_active,45,50,UAV-VALID,ACCEPTED,ACCEPTED,True,33162600,33.1626,56000,125700,32665900,0,220300,5700,0,0,,,,none,x509-valid_active_24,0,False,240,8,
n50-identities_c50-conc_mech-x509-1backend_valid-active_r50_audit-off_20260903T170309Z,obs_e1601206bfbf49b48c6ad912cd9b7a2f,2026-09-03T17:03:10.152985+00:00,x509,valid_active,43,50,UAV-VALID,ACCEPTED,ACCEPTED,True,44256600,44.2566,48700,111100,43813500,0,199900,5400,0,0,,,,none,x509-valid_active_23,0,False,238,8,
n50-identities_c50-conc_mech-x509-1backend_valid-active_r50_audit-off_20260903T170309Z,obs_3d3bd7d46c6c491e8e5f8c5d6ca7ceca,2026-09-03T17:03:10.154559+00:00,x509,valid_active,49,50,UAV-VALID,ACCEPTED,ACCEPTED,True,5268600,5.2686,48500,172200,4644700,0,207000,7900,0,0,,,,none,x509-valid_active_27,0,False,238,8,
n50-identities_c50-conc_mech-blockchain-1backend_valid-active_r50_audit-off_20260903T170311Z,obs_663b416a915543eeaa9b80e2b5d96aa1,2026-09-03T17:03:11.429639+00:00,blockchain,valid_active,0,50,UAV-VALID,ACCEPTED,ACCEPTED,True,16810500,16.8105,27900,16408800,0,3500,276900,7000,0,0,,,,none,MainThread,0,True,238,8,
n50-identities_c50-conc_mech-blockchain-1backend_valid-active_r50_audit-off_20260903T170311Z,obs_28e88b4c91024592bdaddd09a080b1cb,2026-09-03T17:03:11.453375+00:00,blockchain,valid_active,1,50,UAV-VALID,ACCEPTED,ACCEPTED,True,18606700,18.6067,53300,18291500,0,3300,162500,4000,0,0,,,,none,MainThread,0,True,238,8,
n50-identities_c50-conc_mech-blockchain-1backend_valid-active_r50_audit-off_20260903T170311Z,obs_121f423ddd0042a1b684ea9e49f10d84,2026-09-03T17:03:11.805633+00:00,blockchain,valid_active,1,50,UAV-VALID,ACCEPTED,ACCEPTED,True,340901100,340.9011,32500,340495200,0,5100,264100,6700,0,0,,,,none,blockchain-valid_active_1,0,False,239,8,
n50-identities_c50-conc_mech-blockchain-1backend_valid-active_r50_audit-off_20260903T170311Z,obs_a4f65f1a6a894198b911dee9eeba6048,2026-09-03T17:03:11.776389+00:00,blockchain,valid_active,4,50,UAV-VALID,ACCEPTED,ACCEPTED,True,298888800,298.8888,25400,298618500,0,4300,172400,4300,0,0,,,,none,blockchain-valid_active_4,0,False,238,8,
n50-identities_c50-conc_mech-blockchain-1backend_valid-active_r50_audit-off_20260903T170311Z,obs_6bca1eed374641519ecffd2c78f91f11,2026-09-03T17:03:11.831236+00:00,blockchain,valid_active,3,50,UAV-VALID,ACCEPTED,ACCEPTED,True,357755400,357.7554,28100,357448400,0,5100,177500,4100,0,0,,,,none,blockchain-valid_active_3,0,False,239,8,
n50-identities_c50-conc_mech-blockchain-1backend_valid-active_r50_audit-off_20260903T170311Z,obs_761eba673e8f4c83adb0db8bfa722d76,2026-09-03T17:03:11.769030+00:00,blockchain,valid_active,5,50,UAV-VALID,ACCEPTED,ACCEPTED,True,294406200,294.4062,22700,294075100,0,5800,189300,4600,0,0,,,,none,blockchain-valid_active_5,0,False,240,8,
n50-identities_c50-conc_mech-blockchain-1backend_valid-active_r50_audit-off_20260903T170311Z,obs_4809574febaf4af8b81a2ae231450425,2026-09-03T17:03:11.645054+00:00,blockchain,valid_active,0,50,UAV-VALID,ACCEPTED,ACCEPTED,True,186122100,186.1221,26800,185856400,0,2800,166600,3600,0,0,,,,none,blockchain-valid_active_0,0,False,240,8,
n50-identities_c50-conc_mech-blockchain-1backend_valid-active_r50_audit-off_20260903T170311Z,obs_f7df419603624bbc99d2ba5b2eaf5a6f,2026-09-03T17:03:11.729102+00:00,blockchain,valid_active,2,50,UAV-VALID,ACCEPTED,ACCEPTED,True,263181300,263.1813,34100,262772900,0,5100,265300,6300,0,0,,,,none,blockchain-valid_active_2,0,False,239,8,
n50-identities_c50-conc_mech-blockchain-1backend_valid-active_r50_audit-off_20260903T170311Z,obs_25112521ae8e44ebbea7796812f8bfa2,2026-09-03T17:03:11.886691+00:00,blockchain,valid_active,10,50,UAV-VALID,ACCEPTED,ACCEPTED,True,389668300,389.6683,29100,389416900,0,2900,155600,3600,0,0,,,,none,blockchain-valid_active_10,0,False,238,8,
n50-identities_c50-conc_mech-blockchain-1backend_valid-active_r50_audit-off_20260903T170311Z,obs_f92865a9d65048f8a96874aaa6281913,2026-09-03T17:03:11.891457+00:00,blockchain,valid_active,8,50,UAV-VALID,ACCEPTED,ACCEPTED,True,406629800,406.6298,30500,406117700,0,3200,358900,11600,0,0,,,,none,blockchain-valid_active_8,0,False,239,8,
n50-identities_c50-conc_mech-blockchain-1backend_valid-active_r50_audit-off_20260903T170311Z,obs_ee5588c011804af0938271155deadab9,2026-09-03T17:03:11.900355+00:00,blockchain,valid_active,16,50,UAV-VALID,ACCEPTED,ACCEPTED,True,384581000,384.581,52000,384199500,0,4200,236000,5200,0,0,,,,none,blockchain-valid_active_16,0,False,239,8,
n50-identities_c50-conc_mech-blockchain-1backend_valid-active_r50_audit-off_20260903T170311Z,obs_bbb2def8e73240dd87cfedd5ad397ecf,2026-09-03T17:03:11.942280+00:00,blockchain,valid_active,7,50,UAV-VALID,ACCEPTED,ACCEPTED,True,450939600,450.9396,48500,450591500,0,3200,212700,5500,0,0,,,,none,blockchain-valid_active_7,0,False,239,8,
n50-identities_c50-conc_mech-blockchain-1backend_valid-active_r50_audit-off_20260903T170311Z,obs_bac77cee041c4d9491b3e5bd63c8e4dc,2026-09-03T17:03:12.459308+00:00,blockchain,valid_active,21,50,UAV-VALID,ACCEPTED,ACCEPTED,True,865108500,865.1085,42200,864316100,0,6000,629300,10800,0,0,,,,none,blockchain-valid_active_21,0,False,239,8,
n50-identities_c50-conc_mech-blockchain-1backend_valid-active_r50_audit-off_20260903T170311Z,obs_75aa49737d1a403abe61400f9189e4d7,2026-09-03T17:03:12.592590+00:00,blockchain,valid_active,45,50,UAV-VALID,ACCEPTED,ACCEPTED,True,697943600,697.9436,28300,697504800,0,6200,293800,6900,0,0,,,,none,blockchain-valid_active_5,0,False,239,8,
n50-identities_c50-conc_mech-blockchain-1backend_valid-active_r50_audit-off_20260903T170311Z,obs_be3eff7f5bb94f62a09773aac5075561,2026-09-03T17:03:12.637606+00:00,blockchain,valid_active,39,50,UAV-VALID,ACCEPTED,ACCEPTED,True,768847800,768.8478,31100,768402200,0,5000,293000,6200,0,0,,,,none,blockchain-valid_active_38,0,False,239,8,
n50-identities_c50-conc_mech-blockchain-1backend_valid-active_r50_audit-off_20260903T170311Z,obs_fc9fa5618b444a03a976150798020c74,2026-09-03T17:03:12.653191+00:00,blockchain,valid_active,43,50,UAV-VALID,ACCEPTED,ACCEPTED,True,810156000,810.156,45200,809704600,0,5500,272000,8200,0,0,,,,none,blockchain-valid_active_41,0,False,238,8,
n50-identities_c50-conc_mech-blockchain-1backend_valid-active_r50_audit-off_20260903T170311Z,obs_0543c1049986438da610b3947f266723,2026-09-03T17:03:12.658794+00:00,blockchain,valid_active,35,50,UAV-VALID,ACCEPTED,ACCEPTED,True,880922100,880.9221,40800,880514100,0,4700,246900,6700,0,0,,,,none,blockchain-valid_active_0,0,False,238,8,
n50-identities_c50-conc_mech-blockchain-1backend_valid-active_r50_audit-off_20260903T170311Z,obs_c2ea5abd7659493183adac71afd64b37,2026-09-03T17:03:12.667901+00:00,blockchain,valid_active,41,50,UAV-VALID,ACCEPTED,ACCEPTED,True,790556900,790.5569,32300,790014100,0,5300,377100,8700,0,0,,,,none,blockchain-valid_active_40,0,False,239,8,
n50-identities_c50-conc_mech-blockchain-1backend_valid-active_r50_audit-off_20260903T170311Z,obs_862e3f8aae0649499ac160de70897435,2026-09-03T17:03:12.693608+00:00,blockchain,valid_active,6,50,UAV-VALID,ACCEPTED,ACCEPTED,True,1211332800,1211.3328,35000,1210843400,0,7000,304100,13700,0,0,,,,none,blockchain-valid_active_6,0,False,240,8,
n50-identities_c50-conc_mech-blockchain-1backend_valid-active_r50_audit-off_20260903T170311Z,obs_17e6d29fc2ed494f98d6d98b20c24e54,2026-09-03T17:03:12.707694+00:00,blockchain,valid_active,18,50,UAV-VALID,ACCEPTED,ACCEPTED,True,1177387900,1177.3879,44800,1176972400,0,6000,251700,8000,0,0,,,,none,blockchain-valid_active_18,0,False,238,8,
n50-identities_c50-conc_mech-blockchain-1backend_valid-active_r50_audit-off_20260903T170311Z,obs_af97ab1e730d413497e7f27c32dc039e,2026-09-03T17:03:12.821801+00:00,blockchain,valid_active,46,50,UAV-VALID,ACCEPTED,ACCEPTED,True,862297700,862.2977,43900,861831600,0,5500,294300,8900,0,0,,,,none,blockchain-valid_active_4,0,False,239,8,
n50-identities_c50-conc_mech-blockchain-1backend_valid-active_r50_audit-off_20260903T170311Z,obs_91d7d653a0ba48bb931bf1e4728ace4c,2026-09-03T17:03:12.827123+00:00,blockchain,valid_active,23,50,UAV-VALID,ACCEPTED,ACCEPTED,True,1201709100,1201.7091,27500,1201281400,0,5200,282000,10600,0,0,,,,none,blockchain-valid_active_23,0,False,238,8,
n50-identities_c50-conc_mech-blockchain-1backend_valid-active_r50_audit-off_20260903T170311Z,obs_0b679e14f9244b7b88e950a3fdfdba90,2026-09-03T17:03:12.830198+00:00,blockchain,valid_active,9,50,UAV-VALID,ACCEPTED,ACCEPTED,True,1340844700,1340.8447,27400,1340366200,0,6000,300200,10600,0,0,,,,none,blockchain-valid_active_9,0,False,238,8,
n50-identities_c50-conc_mech-blockchain-1backend_valid-active_r50_audit-off_20260903T170311Z,obs_4429f01af528407eac5416def39c93a8,2026-09-03T17:03:12.835969+00:00,blockchain,valid_active,28,50,UAV-VALID,ACCEPTED,ACCEPTED,True,1138867300,1138.8673,31100,1138442300,0,5300,274000,8500,0,0,,,,none,blockchain-valid_active_28,0,False,239,8,
n50-identities_c50-conc_mech-blockchain-1backend_valid-active_r50_audit-off_20260903T170311Z,obs_f05de02f493d47658483f34face63c98,2026-09-03T17:03:12.838873+00:00,blockchain,valid_active,38,50,UAV-VALID,ACCEPTED,ACCEPTED,True,973613500,973.6135,36400,973169700,0,5600,276400,8700,0,0,,,,none,blockchain-valid_active_37,0,False,239,8,
n50-identities_c50-conc_mech-blockchain-1backend_valid-active_r50_audit-off_20260903T170311Z,obs_db15e57f137b4a52a0d86c26f985d1bb,2026-09-03T17:03:12.847367+00:00,blockchain,valid_active,36,50,UAV-VALID,ACCEPTED,ACCEPTED,True,1056947400,1056.9474,55600,1056509500,0,6500,249600,8800,0,0,,,,none,blockchain-valid_active_35,0,False,239,8,
n50-identities_c50-conc_mech-blockchain-1backend_valid-active_r50_audit-off_20260903T170311Z,obs_003a68e34b3a40318fb51fec3183ff10,2026-09-03T17:03:12.853675+00:00,blockchain,valid_active,20,50,UAV-VALID,ACCEPTED,ACCEPTED,True,1264164400,1264.1644,46000,1263748200,0,6600,253200,8000,0,0,,,,none,blockchain-valid_active_20,0,False,239,8,
n50-identities_c50-conc_mech-blockchain-1backend_valid-active_r50_audit-off_20260903T170311Z,obs_cbbee0cc2536474b923aa7bbef59a433,2026-09-03T17:03:12.863616+00:00,blockchain,valid_active,47,50,UAV-VALID,ACCEPTED,ACCEPTED,True,894565700,894.5657,35300,894059900,0,6600,331000,8500,0,0,,,,none,blockchain-valid_active_43,0,False,239,8,
n50-identities_c50-conc_mech-blockchain-1backend_valid-active_r50_audit-off_20260903T170311Z,obs_71974702b4134f00ace59a1142293d1f,2026-09-03T17:03:12.915346+00:00,blockchain,valid_active,34,50,UAV-VALID,ACCEPTED,ACCEPTED,True,1165415400,1165.4154,68600,1164855600,0,6300,368200,10800,0,0,,,,none,blockchain-valid_active_34,0,False,239,8,
n50-identities_c50-conc_mech-blockchain-1backend_valid-active_r50_audit-off_20260903T170311Z,obs_7a8c06afbef647e6a069691b440afaa8,2026-09-03T17:03:12.971130+00:00,blockchain,valid_active,26,50,UAV-VALID,ACCEPTED,ACCEPTED,True,1302145300,1302.1453,30700,1301715300,0,7600,273700,9000,0,0,,,,none,blockchain-valid_active_26,0,False,240,8,
n50-identities_c50-conc_mech-blockchain-1backend_valid-active_r50_audit-off_20260903T170311Z,obs_fbf554a7ef9e490ca121491c419539e2,2026-09-03T17:03:12.975836+00:00,blockchain,valid_active,37,50,UAV-VALID,ACCEPTED,ACCEPTED,True,1160523100,1160.5231,49500,1160115000,0,5000,248700,10600,0,0,,,,none,blockchain-valid_active_36,0,False,239,8,
n50-identities_c50-conc_mech-blockchain-1backend_valid-active_r50_audit-off_20260903T170311Z,obs_820cbbc6811f4db8a009527002e8f062,2026-09-03T17:03:12.978100+00:00,blockchain,valid_active,44,50,UAV-VALID,ACCEPTED,ACCEPTED,True,1023719000,1023.719,45100,1023294600,0,6000,262900,8000,0,0,,,,none,blockchain-valid_active_42,0,False,239,8,
n50-identities_c50-conc_mech-blockchain-1backend_valid-active_r50_audit-off_20260903T170311Z,obs_9192c82ddf0c437d8931499006560b12,2026-09-03T17:03:12.988397+00:00,blockchain,valid_active,48,50,UAV-VALID,ACCEPTED,ACCEPTED,True,996651000,996.651,35400,996242800,0,5900,249400,7500,0,0,,,,none,blockchain-valid_active_1,0,False,238,8,
n50-identities_c50-conc_mech-blockchain-1backend_valid-active_r50_audit-off_20260903T170311Z,obs_1991adccc2d343c8aa2b5636e79ec747,2026-09-03T17:03:12.990957+00:00,blockchain,valid_active,19,50,UAV-VALID,ACCEPTED,ACCEPTED,True,1403574700,1403.5747,45100,1403182000,0,4800,245300,7100,0,0,,,,none,blockchain-valid_active_19,0,False,239,8,
n50-identities_c50-conc_mech-blockchain-1backend_valid-active_r50_audit-off_20260903T170311Z,obs_8ae0d8183fe84e6d8f523b41c983b1b0,2026-09-03T17:03:12.994278+00:00,blockchain,valid_active,42,50,UAV-VALID,ACCEPTED,ACCEPTED,True,1072628400,1072.6284,54400,1072196800,0,5000,268500,7500,0,0,,,,none,blockchain-valid_active_2,0,False,239,8,
n50-identities_c50-conc_mech-blockchain-1backend_valid-active_r50_audit-off_20260903T170311Z,obs_78ebfe35780f4398a57a48aeefcf6de2,2026-09-03T17:03:12.997025+00:00,blockchain,valid_active,17,50,UAV-VALID,ACCEPTED,ACCEPTED,True,1478434800,1478.4348,31100,1478024700,0,5000,262100,8700,0,0,,,,none,blockchain-valid_active_17,0,False,240,8,
n50-identities_c50-conc_mech-blockchain-1backend_valid-active_r50_audit-off_20260903T170311Z,obs_043b2b145694425b89337cd813ca2055,2026-09-03T17:03:13.106772+00:00,blockchain,valid_active,29,50,UAV-VALID,ACCEPTED,ACCEPTED,True,1383240900,1383.2409,43600,1382777500,0,7200,294900,8400,0,0,,,,none,blockchain-valid_active_29,0,False,239,8,
n50-identities_c50-conc_mech-blockchain-1backend_valid-active_r50_audit-off_20260903T170311Z,obs_dd8122a046144082869e766f63a58b7e,2026-09-03T17:03:13.110477+00:00,blockchain,valid_active,22,50,UAV-VALID,ACCEPTED,ACCEPTED,True,1512206200,1512.2062,28500,1511774300,0,4500,292500,8400,0,0,,,,none,blockchain-valid_active_22,0,False,239,8,
n50-identities_c50-conc_mech-blockchain-1backend_valid-active_r50_audit-off_20260903T170311Z,obs_f060d81e6e2f4b5d91a893a5729ba318,2026-09-03T17:03:13.113009+00:00,blockchain,valid_active,32,50,UAV-VALID,ACCEPTED,ACCEPTED,True,1413676500,1413.6765,39400,1413244900,0,4600,275500,8700,0,0,,,,none,blockchain-valid_active_32,0,False,239,8,
n50-identities_c50-conc_mech-blockchain-1backend_valid-active_r50_audit-off_20260903T170311Z,obs_8a0bced008cf429bb187310a8cdf586d,2026-09-03T17:03:13.128946+00:00,blockchain,valid_active,13,50,UAV-VALID,ACCEPTED,ACCEPTED,True,1623665200,1623.6652,39500,1623228300,0,6200,269000,8400,0,0,,,,none,blockchain-valid_active_13,0,False,240,8,
n50-identities_c50-conc_mech-blockchain-1backend_valid-active_r50_audit-off_20260903T170311Z,obs_4fd1848d430645fe9bc21d9c9136cd9b,2026-09-03T17:03:13.181101+00:00,blockchain,valid_active,27,50,UAV-VALID,ACCEPTED,ACCEPTED,True,1474057700,1474.0577,44800,1473669100,0,4100,246500,7400,0,0,,,,none,blockchain-valid_active_27,0,False,240,8,
n50-identities_c50-conc_mech-blockchain-1backend_valid-active_r50_audit-off_20260903T170311Z,obs_5c255d14e2d945f1a6d518b0ba7d7725,2026-09-03T17:03:13.183866+00:00,blockchain,valid_active,31,50,UAV-VALID,ACCEPTED,ACCEPTED,True,1337455000,1337.455,50400,1337009400,0,5300,274900,8900,0,0,,,,none,blockchain-valid_active_31,0,False,239,8,
n50-identities_c50-conc_mech-blockchain-1backend_valid-active_r50_audit-off_20260903T170311Z,obs_60ed0d23b8ed4295918cacb7a9b5af83,2026-09-03T17:03:13.187357+00:00,blockchain,valid_active,40,50,UAV-VALID,ACCEPTED,ACCEPTED,True,1316506900,1316.5069,29500,1316094900,0,5400,268500,8900,0,0,,,,none,blockchain-valid_active_39,0,False,239,8,
n50-identities_c50-conc_mech-blockchain-1backend_valid-active_r50_audit-off_20260903T170311Z,obs_139e078bde0e4bf8aa5299fbf2e75d5a,2026-09-03T17:03:13.198401+00:00,blockchain,valid_active,25,50,UAV-VALID,ACCEPTED,ACCEPTED,True,1545385000,1545.385,31500,1544983700,0,4500,265200,9800,0,0,,,,none,blockchain-valid_active_25,0,False,238,8,
n50-identities_c50-conc_mech-blockchain-1backend_valid-active_r50_audit-off_20260903T170311Z,obs_fcee5af6858a430ca400e525d597fb3a,2026-09-03T17:03:13.203653+00:00,blockchain,valid_active,49,50,UAV-VALID,ACCEPTED,ACCEPTED,True,1179494800,1179.4948,29700,1179037300,0,5900,280400,7700,0,0,,,,none,blockchain-valid_active_44,0,False,239,8,
n50-identities_c50-conc_mech-blockchain-1backend_valid-active_r50_audit-off_20260903T170311Z,obs_9fbd81aad5f5480ebd9cebf0ac0098e8,2026-09-03T17:03:13.206286+00:00,blockchain,valid_active,14,50,UAV-VALID,ACCEPTED,ACCEPTED,True,1649635300,1649.6353,41600,1649262500,0,5100,237500,7100,0,0,,,,none,blockchain-valid_active_14,0,False,240,8,
n50-identities_c50-conc_mech-blockchain-1backend_valid-active_r50_audit-off_20260903T170311Z,obs_3bfff6efc0bf472e8070bc96245a88aa,2026-09-03T17:03:13.226785+00:00,blockchain,valid_active,30,50,UAV-VALID,ACCEPTED,ACCEPTED,True,1516678400,1516.6784,37100,1516196900,0,6200,326700,8600,0,0,,,,none,blockchain-valid_active_30,0,False,238,8,
n50-identities_c50-conc_mech-blockchain-1backend_valid-active_r50_audit-off_20260903T170311Z,obs_db4efcb77aef457daba3ebf241ab99e8,2026-09-03T17:03:13.229545+00:00,blockchain,valid_active,24,50,UAV-VALID,ACCEPTED,ACCEPTED,True,1562368900,1562.3689,59900,1561970900,0,4700,246100,7600,0,0,,,,none,blockchain-valid_active_24,0,False,239,8,
n50-identities_c50-conc_mech-blockchain-1backend_valid-active_r50_audit-off_20260903T170311Z,obs_db30e9df5bd94711b98c3d15f54f93c3,2026-09-03T17:03:13.271116+00:00,blockchain,valid_active,33,50,UAV-VALID,ACCEPTED,ACCEPTED,True,1514676200,1514.6762,59000,1514234100,0,5100,271300,7300,0,0,,,,none,blockchain-valid_active_33,0,False,240,8,
n50-identities_c50-conc_mech-blockchain-1backend_valid-active_r50_audit-off_20260903T170311Z,obs_79b4c085f91d416987308c0fcbb7a129,2026-09-03T17:03:13.274161+00:00,blockchain,valid_active,11,50,UAV-VALID,ACCEPTED,ACCEPTED,True,1767232100,1767.2321,26100,1766840100,0,5000,261500,9400,0,0,,,,none,blockchain-valid_active_11,0,False,239,8,
n50-identities_c50-conc_mech-blockchain-1backend_valid-active_r50_audit-off_20260903T170311Z,obs_30de07fca26243389311675eb72a5d7a,2026-09-03T17:03:13.276640+00:00,blockchain,valid_active,15,50,UAV-VALID,ACCEPTED,ACCEPTED,True,1731163200,1731.1632,49500,1730764800,0,4700,253600,7600,0,0,,,,none,blockchain-valid_active_15,0,False,238,8,
n50-identities_c50-conc_mech-blockchain-1backend_valid-active_r50_audit-off_20260903T170311Z,obs_4fdff92a835e43f491befad452020901,2026-09-03T17:03:13.630602+00:00,blockchain,valid_active,12,50,UAV-VALID,ACCEPTED,ACCEPTED,True,2110522100,2110.5221,32700,2110108900,0,5900,274800,7900,0,0,,,,none,blockchain-valid_active_12,0,False,239,8,
n100-identities_c1-conc_mech-x509-1backend_valid-active_r30_audit-off_20260903T170314Z,obs_5a72a3c2a1c740e99c8066ff6e4aad1e,2026-09-03T17:03:14.696876+00:00,x509,valid_active,0,1,UAV-VALID,ACCEPTED,ACCEPTED,True,1063800,1.0638,27400,53200,827000,0,115700,3000,0,0,,,,none,MainThread,0,True,239,8,
n100-identities_c1-conc_mech-x509-1backend_valid-active_r30_audit-off_20260903T170314Z,obs_fdc8212b3be243ec90e0e4590927d4b9,2026-09-03T17:03:14.702859+00:00,x509,valid_active,1,1,UAV-VALID,ACCEPTED,ACCEPTED,True,1015100,1.0151,35100,50600,762700,0,120400,3100,0,0,,,,none,MainThread,0,True,240,8,
n100-identities_c1-conc_mech-x509-1backend_valid-active_r30_audit-off_20260903T170314Z,obs_55fddb12f7224fe9a02271353aa887a9,2026-09-03T17:03:14.709530+00:00,x509,valid_active,0,1,UAV-VALID,ACCEPTED,ACCEPTED,True,1474400,1.4744,26200,91400,1173500,0,112600,3700,0,0,,,,none,x509-valid_active_0,0,False,238,8,
n100-identities_c1-conc_mech-x509-1backend_valid-active_r30_audit-off_20260903T170314Z,obs_9898e70f70df4558bdd1c58352e33202,2026-09-03T17:03:14.712759+00:00,x509,valid_active,1,1,UAV-VALID,ACCEPTED,ACCEPTED,True,1298700,1.2987,24600,50000,1062900,0,120000,2900,0,0,,,,none,x509-valid_active_0,0,False,238,8,
n100-identities_c1-conc_mech-x509-1backend_valid-active_r30_audit-off_20260903T170314Z,obs_04ac91f25d434567875aad99cb84b456,2026-09-03T17:03:14.716584+00:00,x509,valid_active,2,1,UAV-VALID,ACCEPTED,ACCEPTED,True,1817000,1.817,27400,88600,1475700,0,153900,5900,0,0,,,,none,x509-valid_active_0,0,False,239,8,
n100-identities_c1-conc_mech-x509-1backend_valid-active_r30_audit-off_20260903T170314Z,obs_d1f3b5d24a99458b88c374cc779503d9,2026-09-03T17:03:14.719857+00:00,x509,valid_active,3,1,UAV-VALID,ACCEPTED,ACCEPTED,True,1262300,1.2623,26300,54000,974100,0,145900,3400,0,0,,,,none,x509-valid_active_0,0,False,240,8,
n100-identities_c1-conc_mech-x509-1backend_valid-active_r30_audit-off_20260903T170314Z,obs_f31395c86f444840b6d3c58f4c0e4a2f,2026-09-03T17:03:14.722772+00:00,x509,valid_active,4,1,UAV-VALID,ACCEPTED,ACCEPTED,True,1203500,1.2035,22700,52800,970700,0,108100,3400,0,0,,,,none,x509-valid_active_0,0,False,240,8,
n100-identities_c1-conc_mech-x509-1backend_valid-active_r30_audit-off_20260903T170314Z,obs_f9cb6eaf4f5643b0b6ce0805fc2b932b,2026-09-03T17:03:14.727241+00:00,x509,valid_active,5,1,UAV-VALID,ACCEPTED,ACCEPTED,True,1466400,1.4664,37300,58100,1195100,0,133400,3400,0,0,,,,none,x509-valid_active_0,0,False,238,8,
n100-identities_c1-conc_mech-x509-1backend_valid-active_r30_audit-off_20260903T170314Z,obs_a8519dcff3264c92b75356ba242fb74f,2026-09-03T17:03:14.730564+00:00,x509,valid_active,6,1,UAV-VALID,ACCEPTED,ACCEPTED,True,1313300,1.3133,28100,58700,1053200,0,125400,3900,0,0,,,,none,x509-valid_active_0,0,False,239,8,
n100-identities_c1-conc_mech-x509-1backend_valid-active_r30_audit-off_20260903T170314Z,obs_adb3444bda984f40a8f72d20f0050c62,2026-09-03T17:03:14.734884+00:00,x509,valid_active,7,1,UAV-VALID,ACCEPTED,ACCEPTED,True,1595400,1.5954,38900,100300,1260000,0,134400,3900,0,0,,,,none,x509-valid_active_0,0,False,240,8,
n100-identities_c1-conc_mech-x509-1backend_valid-active_r30_audit-off_20260903T170314Z,obs_02f7f6ab84f24de29cd8105d5fc4b307,2026-09-03T17:03:14.738521+00:00,x509,valid_active,8,1,UAV-VALID,ACCEPTED,ACCEPTED,True,1154000,1.154,25900,56500,907700,0,121000,3500,0,0,,,,none,x509-valid_active_0,0,False,240,8,
n100-identities_c1-conc_mech-x509-1backend_valid-active_r30_audit-off_20260903T170314Z,obs_fe8afc8244ed4bbea24b95ec2397dc7b,2026-09-03T17:03:14.742169+00:00,x509,valid_active,9,1,UAV-VALID,ACCEPTED,ACCEPTED,True,1345600,1.3456,29900,54000,1095400,0,125500,3300,0,0,,,,none,x509-valid_active_0,0,False,239,8,
n100-identities_c1-conc_mech-x509-1backend_valid-active_r30_audit-off_20260903T170314Z,obs_fbd2955d1ebb4ca2bd17121129a2d78d,2026-09-03T17:03:14.745307+00:00,x509,valid_active,10,1,UAV-VALID,ACCEPTED,ACCEPTED,True,1332500,1.3325,28700,49100,1094100,0,122400,3200,0,0,,,,none,x509-valid_active_0,0,False,240,8,
n100-identities_c1-conc_mech-x509-1backend_valid-active_r30_audit-off_20260903T170314Z,obs_0db9b723294a48a0a6ed62123e786396,2026-09-03T17:03:14.748453+00:00,x509,valid_active,11,1,UAV-VALID,ACCEPTED,ACCEPTED,True,1407000,1.407,22600,48900,1065900,0,190600,7200,0,0,,,,none,x509-valid_active_0,0,False,239,8,
n100-identities_c1-conc_mech-x509-1backend_valid-active_r30_audit-off_20260903T170314Z,obs_759a01a7a14c4357a91eb1a0a6aba36c,2026-09-03T17:03:14.752329+00:00,x509,valid_active,12,1,UAV-VALID,ACCEPTED,ACCEPTED,True,1201400,1.2014,28200,56400,938800,0,129500,3900,0,0,,,,none,x509-valid_active_0,0,False,239,8,
n100-identities_c1-conc_mech-x509-1backend_valid-active_r30_audit-off_20260903T170314Z,obs_92cf50acd3f24c9789e32e3afbf5fac4,2026-09-03T17:03:14.756420+00:00,x509,valid_active,13,1,UAV-VALID,ACCEPTED,ACCEPTED,True,1871500,1.8715,26300,55600,1520200,0,189100,5900,0,0,,,,none,x509-valid_active_0,0,False,240,8,
n100-identities_c1-conc_mech-x509-1backend_valid-active_r30_audit-off_20260903T170314Z,obs_fe2efe0737834e39ba88364eb784999c,2026-09-03T17:03:14.760070+00:00,x509,valid_active,14,1,UAV-VALID,ACCEPTED,ACCEPTED,True,1124100,1.1241,24800,51100,883300,0,124700,3600,0,0,,,,none,x509-valid_active_0,0,False,240,8,
n100-identities_c1-conc_mech-x509-1backend_valid-active_r30_audit-off_20260903T170314Z,obs_cb8019260a5044ea82d5c79b0f579cb3,2026-09-03T17:03:14.763229+00:00,x509,valid_active,15,1,UAV-VALID,ACCEPTED,ACCEPTED,True,1167900,1.1679,22700,48700,936000,0,119800,3100,0,0,,,,none,x509-valid_active_0,0,False,239,8,
n100-identities_c1-conc_mech-x509-1backend_valid-active_r30_audit-off_20260903T170314Z,obs_01dd3553303f40a8b4caef37cf584a1f,2026-09-03T17:03:14.767588+00:00,x509,valid_active,16,1,UAV-VALID,ACCEPTED,ACCEPTED,True,2223200,2.2232,29700,109800,1812600,0,175200,5200,0,0,,,,none,x509-valid_active_0,0,False,239,8,
n100-identities_c1-conc_mech-x509-1backend_valid-active_r30_audit-off_20260903T170314Z,obs_706e95479c784ebbaac6fbcd7741533e,2026-09-03T17:03:14.771461+00:00,x509,valid_active,17,1,UAV-VALID,ACCEPTED,ACCEPTED,True,1849200,1.8492,25900,53300,1502000,0,196200,5000,0,0,,,,none,x509-valid_active_0,0,False,239,8,
n100-identities_c1-conc_mech-x509-1backend_valid-active_r30_audit-off_20260903T170314Z,obs_1acd031342d442d1945b0d2b859898b2,2026-09-03T17:03:14.775105+00:00,x509,valid_active,18,1,UAV-VALID,ACCEPTED,ACCEPTED,True,1438900,1.4389,25900,56900,1188200,0,124300,4000,0,0,,,,none,x509-valid_active_0,0,False,238,8,
n100-identities_c1-conc_mech-x509-1backend_valid-active_r30_audit-off_20260903T170314Z,obs_8c5fd95815914828b7b5c4bcb0cac78b,2026-09-03T17:03:14.778602+00:00,x509,valid_active,19,1,UAV-VALID,ACCEPTED,ACCEPTED,True,1591000,1.591,27800,48100,1356700,0,113200,2600,0,0,,,,none,x509-valid_active_0,0,False,239,8,
n100-identities_c1-conc_mech-x509-1backend_valid-active_r30_audit-off_20260903T170314Z,obs_6d8645b9c350413aa808357443f7f495,2026-09-03T17:03:14.782637+00:00,x509,valid_active,20,1,UAV-VALID,ACCEPTED,ACCEPTED,True,1917800,1.9178,23000,54200,1536300,0,209700,5300,0,0,,,,none,x509-valid_active_0,0,False,240,8,
n100-identities_c1-conc_mech-x509-1backend_valid-active_r30_audit-off_20260903T170314Z,obs_466ec28dcd4c4d81ada3d751b8027b3d,2026-09-03T17:03:14.786570+00:00,x509,valid_active,21,1,UAV-VALID,ACCEPTED,ACCEPTED,True,1428200,1.4282,28300,56400,1088400,0,184800,6400,0,0,,,,none,x509-valid_active_0,0,False,239,8,
n100-identities_c1-conc_mech-x509-1backend_valid-active_r30_audit-off_20260903T170314Z,obs_c2e7c3477dae45efadddffb6ced56ce7,2026-09-03T17:03:14.790703+00:00,x509,valid_active,22,1,UAV-VALID,ACCEPTED,ACCEPTED,True,1634600,1.6346,28400,55400,1099800,0,406300,3900,0,0,,,,none,x509-valid_active_0,0,False,239,8,
n100-identities_c1-conc_mech-x509-1backend_valid-active_r30_audit-off_20260903T170314Z,obs_be33658863d346b191261ae6b71c4ff8,2026-09-03T17:03:14.794570+00:00,x509,valid_active,23,1,UAV-VALID,ACCEPTED,ACCEPTED,True,1449300,1.4493,33000,83100,1156500,0,125100,3400,0,0,,,,none,x509-valid_active_0,0,False,238,8,
n100-identities_c1-conc_mech-x509-1backend_valid-active_r30_audit-off_20260903T170314Z,obs_5486af7ead5a4e7a82ca4a9563700e76,2026-09-03T17:03:14.798156+00:00,x509,valid_active,24,1,UAV-VALID,ACCEPTED,ACCEPTED,True,1470300,1.4703,25700,48800,1141400,0,194100,6000,0,0,,,,none,x509-valid_active_0,0,False,240,8,
n100-identities_c1-conc_mech-x509-1backend_valid-active_r30_audit-off_20260903T170314Z,obs_85ab6391f4ee420d9cc916c343b66b04,2026-09-03T17:03:14.802564+00:00,x509,valid_active,25,1,UAV-VALID,ACCEPTED,ACCEPTED,True,1735500,1.7355,30200,54900,1384000,0,182300,5600,0,0,,,,none,x509-valid_active_0,0,False,239,8,
n100-identities_c1-conc_mech-x509-1backend_valid-active_r30_audit-off_20260903T170314Z,obs_d2b6cae6069a4f2a84aac1ccc7ef1304,2026-09-03T17:03:14.806508+00:00,x509,valid_active,26,1,UAV-VALID,ACCEPTED,ACCEPTED,True,1532500,1.5325,25300,63700,1165300,0,197000,6500,0,0,,,,none,x509-valid_active_0,0,False,239,8,
n100-identities_c1-conc_mech-x509-1backend_valid-active_r30_audit-off_20260903T170314Z,obs_b4ec304c4d444c2997c0a42f429a4878,2026-09-03T17:03:14.810346+00:00,x509,valid_active,27,1,UAV-VALID,ACCEPTED,ACCEPTED,True,1518700,1.5187,29600,64400,1255100,0,127700,3400,0,0,,,,none,x509-valid_active_0,0,False,239,8,
n100-identities_c1-conc_mech-x509-1backend_valid-active_r30_audit-off_20260903T170314Z,obs_05886a46e0df452a8b58f4b20a9eb23a,2026-09-03T17:03:14.813314+00:00,x509,valid_active,28,1,UAV-VALID,ACCEPTED,ACCEPTED,True,1266900,1.2669,25700,48500,1037000,0,117300,2900,0,0,,,,none,x509-valid_active_0,0,False,239,8,
n100-identities_c1-conc_mech-x509-1backend_valid-active_r30_audit-off_20260903T170314Z,obs_14e7009f44a243a69bfb3eb26d077759,2026-09-03T17:03:14.817581+00:00,x509,valid_active,29,1,UAV-VALID,ACCEPTED,ACCEPTED,True,2213000,2.213,38100,108000,1729800,0,229000,7400,0,0,,,,none,x509-valid_active_0,0,False,239,8,
n100-identities_c1-conc_mech-blockchain-1backend_valid-active_r30_audit-off_20260903T170316Z,obs_dc258791bdd640409305ae171367cc74,2026-09-03T17:04:57.827312+00:00,blockchain,valid_active,0,1,UAV-VALID,ACCEPTED,ACCEPTED,True,18856800,18.8568,45800,18574300,0,3300,160800,3400,0,0,,,,none,MainThread,0,True,238,8,
n100-identities_c1-conc_mech-blockchain-1backend_valid-active_r30_audit-off_20260903T170316Z,obs_578625a4cb6f4cc8b56e4f8e67592307,2026-09-03T17:04:57.854286+00:00,blockchain,valid_active,1,1,UAV-VALID,ACCEPTED,ACCEPTED,True,20824200,20.8242,34300,20459500,0,4000,225900,6800,0,0,,,,none,MainThread,0,True,238,8,
n100-identities_c1-conc_mech-blockchain-1backend_valid-active_r30_audit-off_20260903T170316Z,obs_befe56d5970e46a3b497d09a7eefb71a,2026-09-03T17:04:57.880983+00:00,blockchain,valid_active,0,1,UAV-VALID,ACCEPTED,ACCEPTED,True,20842400,20.8424,32900,20424800,0,4500,253900,8100,0,0,,,,none,blockchain-valid_active_0,0,False,239,8,
n100-identities_c1-conc_mech-blockchain-1backend_valid-active_r30_audit-off_20260903T170316Z,obs_021bd4e6979b458290f7ba04f7bf3029,2026-09-03T17:04:57.905597+00:00,blockchain,valid_active,1,1,UAV-VALID,ACCEPTED,ACCEPTED,True,21692000,21.692,38100,21054500,0,2200,525200,4600,0,0,,,,none,blockchain-valid_active_0,0,False,239,8,
n100-identities_c1-conc_mech-blockchain-1backend_valid-active_r30_audit-off_20260903T170316Z,obs_7bbec2799c294b5ba77578f8af3cac14,2026-09-03T17:04:57.941118+00:00,blockchain,valid_active,2,1,UAV-VALID,ACCEPTED,ACCEPTED,True,33005300,33.0053,41500,32643600,0,3600,231500,6900,0,0,,,,none,blockchain-valid_active_0,0,False,239,8,
n100-identities_c1-conc_mech-blockchain-1backend_valid-active_r30_audit-off_20260903T170316Z,obs_04a429b1f1e442018f38dcd5d380f4c0,2026-09-03T17:04:57.965305+00:00,blockchain,valid_active,3,1,UAV-VALID,ACCEPTED,ACCEPTED,True,21473300,21.4733,42700,21025200,0,4300,265700,8300,0,0,,,,none,blockchain-valid_active_0,0,False,239,8,
n100-identities_c1-conc_mech-blockchain-1backend_valid-active_r30_audit-off_20260903T170316Z,obs_af59139cc9cc42619dc5c35cd591e9fb,2026-09-03T17:04:57.987740+00:00,blockchain,valid_active,4,1,UAV-VALID,ACCEPTED,ACCEPTED,True,19429700,19.4297,46600,19168600,0,2300,159300,3900,0,0,,,,none,blockchain-valid_active_0,0,False,239,8,
n100-identities_c1-conc_mech-blockchain-1backend_valid-active_r30_audit-off_20260903T170316Z,obs_eab849e4ebbb46e09e14750346225828,2026-09-03T17:04:58.008290+00:00,blockchain,valid_active,5,1,UAV-VALID,ACCEPTED,ACCEPTED,True,18565300,18.5653,31400,18291400,0,2600,175100,3900,0,0,,,,none,blockchain-valid_active_0,0,False,239,8,
n100-identities_c1-conc_mech-blockchain-1backend_valid-active_r30_audit-off_20260903T170316Z,obs_762a5c9783784fa6b084798a6cf2bfe4,2026-09-03T17:04:58.031420+00:00,blockchain,valid_active,6,1,UAV-VALID,ACCEPTED,ACCEPTED,True,21262000,21.262,26400,20802400,0,6700,283300,6300,0,0,,,,none,blockchain-valid_active_0,0,False,239,8,
n100-identities_c1-conc_mech-blockchain-1backend_valid-active_r30_audit-off_20260903T170316Z,obs_53511fb70a4549a082b2b50f2aabcffb,2026-09-03T17:04:58.055102+00:00,blockchain,valid_active,7,1,UAV-VALID,ACCEPTED,ACCEPTED,True,20957900,20.9579,31000,20681000,0,2800,168700,5200,0,0,,,,none,blockchain-valid_active_0,0,False,239,8,
n100-identities_c1-conc_mech-blockchain-1backend_valid-active_r30_audit-off_20260903T170316Z,obs_ddaa831f909a438cb36b0f92f795f8b2,2026-09-03T17:04:58.078973+00:00,blockchain,valid_active,8,1,UAV-VALID,ACCEPTED,ACCEPTED,True,21459600,21.4596,42900,21197400,0,2300,163800,3200,0,0,,,,none,blockchain-valid_active_0,0,False,238,8,
n100-identities_c1-conc_mech-blockchain-1backend_valid-active_r30_audit-off_20260903T170316Z,obs_9a71a2929a02472f82198898e065446b,2026-09-03T17:04:58.103178+00:00,blockchain,valid_active,9,1,UAV-VALID,ACCEPTED,ACCEPTED,True,21234700,21.2347,59800,20947700,0,2300,173800,3400,0,0,,,,none,blockchain-valid_active_0,0,False,239,8,
n100-identities_c1-conc_mech-blockchain-1backend_valid-active_r30_audit-off_20260903T170316Z,obs_d4b253bf28c5459f90f0981e46ea1cd2,2026-09-03T17:04:58.127566+00:00,blockchain,valid_active,10,1,UAV-VALID,ACCEPTED,ACCEPTED,True,21958900,21.9589,31100,21704300,0,2800,157500,3100,0,0,,,,none,blockchain-valid_active_0,0,False,239,8,
n100-identities_c1-conc_mech-blockchain-1backend_valid-active_r30_audit-off_20260903T170316Z,obs_97e0b4e94d1f413bbcb62d99ab73417d,2026-09-03T17:04:58.152462+00:00,blockchain,valid_active,11,1,UAV-VALID,ACCEPTED,ACCEPTED,True,22071700,22.0717,62100,21783400,0,2800,162600,4300,0,0,,,,none,blockchain-valid_active_0,0,False,239,8,
n100-identities_c1-conc_mech-blockchain-1backend_valid-active_r30_audit-off_20260903T170316Z,obs_986582cedb084a27b5a16252968ecebe,2026-09-03T17:04:58.176928+00:00,blockchain,valid_active,12,1,UAV-VALID,ACCEPTED,ACCEPTED,True,22155700,22.1557,37000,21765400,0,11500,247300,5700,0,0,,,,none,blockchain-valid_active_0,0,False,239,8,
n100-identities_c1-conc_mech-blockchain-1backend_valid-active_r30_audit-off_20260903T170316Z,obs_abbd0fb571b8422fb57331237faccc0b,2026-09-03T17:04:58.202778+00:00,blockchain,valid_active,13,1,UAV-VALID,ACCEPTED,ACCEPTED,True,23191800,23.1918,37900,22882900,0,3100,175200,4700,0,0,,,,none,blockchain-valid_active_0,0,False,239,8,
n100-identities_c1-conc_mech-blockchain-1backend_valid-active_r30_audit-off_20260903T170316Z,obs_bd235688a76549e6a39bb88bb4a83fe6,2026-09-03T17:04:58.234328+00:00,blockchain,valid_active,14,1,UAV-VALID,ACCEPTED,ACCEPTED,True,28609800,28.6098,57900,28288200,0,3200,182100,4200,0,0,,,,none,blockchain-valid_active_0,0,False,238,8,
n100-identities_c1-conc_mech-blockchain-1backend_valid-active_r30_audit-off_20260903T170316Z,obs_b2887123f11e4a5cb5e1263f834bf7d5,2026-09-03T17:04:58.269010+00:00,blockchain,valid_active,15,1,UAV-VALID,ACCEPTED,ACCEPTED,True,31441100,31.4411,53800,30997000,0,4700,271400,7000,0,0,,,,none,blockchain-valid_active_0,0,False,239,8,
n100-identities_c1-conc_mech-blockchain-1backend_valid-active_r30_audit-off_20260903T170316Z,obs_148bd45856d64d8da737ebe44288fa2f,2026-09-03T17:04:58.326574+00:00,blockchain,valid_active,16,1,UAV-VALID,ACCEPTED,ACCEPTED,True,54277200,54.2772,47800,53854100,0,4700,262600,6100,0,0,,,,none,blockchain-valid_active_0,0,False,238,8,
n100-identities_c1-conc_mech-blockchain-1backend_valid-active_r30_audit-off_20260903T170316Z,obs_8168d37709cc401caf5a99fa248016d3,2026-09-03T17:04:58.358996+00:00,blockchain,valid_active,17,1,UAV-VALID,ACCEPTED,ACCEPTED,True,29086900,29.0869,55600,28667900,0,4200,258700,6700,0,0,,,,none,blockchain-valid_active_0,0,False,240,8,
n100-identities_c1-conc_mech-blockchain-1backend_valid-active_r30_audit-off_20260903T170316Z,obs_7e40d7c1cdac461292a2be25fc289cb4,2026-09-03T17:04:58.395457+00:00,blockchain,valid_active,18,1,UAV-VALID,ACCEPTED,ACCEPTED,True,33263800,33.2638,52400,32845300,0,3600,266900,6900,0,0,,,,none,blockchain-valid_active_0,0,False,239,8,
n100-identities_c1-conc_mech-blockchain-1backend_valid-active_r30_audit-off_20260903T170316Z,obs_3f20540f029b4ad4a3be0315d72a4156,2026-09-03T17:04:58.431234+00:00,blockchain,valid_active,19,1,UAV-VALID,ACCEPTED,ACCEPTED,True,32250200,32.2502,56900,31744100,0,4900,320000,9600,0,0,,,,none,blockchain-valid_active_0,0,False,238,8,
n100-identities_c1-conc_mech-blockchain-1backend_valid-active_r30_audit-off_20260903T170316Z,obs_ba5d356239f24c8a8e6beabd2b06a7d2,2026-09-03T17:04:58.458524+00:00,blockchain,valid_active,20,1,UAV-VALID,ACCEPTED,ACCEPTED,True,24400500,24.4005,32400,24040000,0,3900,225200,6000,0,0,,,,none,blockchain-valid_active_0,0,False,240,8,
n100-identities_c1-conc_mech-blockchain-1backend_valid-active_r30_audit-off_20260903T170316Z,obs_8ff8efd067234e69beaac31c0b8b4e0a,2026-09-03T17:04:58.486094+00:00,blockchain,valid_active,21,1,UAV-VALID,ACCEPTED,ACCEPTED,True,24922600,24.9226,40300,24646800,0,2500,168200,4500,0,0,,,,none,blockchain-valid_active_0,0,False,239,8,
n100-identities_c1-conc_mech-blockchain-1backend_valid-active_r30_audit-off_20260903T170316Z,obs_fe4431ffa7ca432e880c862a31eafcc1,2026-09-03T17:04:58.511723+00:00,blockchain,valid_active,22,1,UAV-VALID,ACCEPTED,ACCEPTED,True,23083100,23.0831,32600,22809000,0,2300,173900,4200,0,0,,,,none,blockchain-valid_active_0,0,False,238,8,
n100-identities_c1-conc_mech-blockchain-1backend_valid-active_r30_audit-off_20260903T170316Z,obs_668979c62231479099d31e01c2f1ba8f,2026-09-03T17:04:58.539479+00:00,blockchain,valid_active,23,1,UAV-VALID,ACCEPTED,ACCEPTED,True,24972700,24.9727,58200,24687500,0,2200,169100,3500,0,0,,,,none,blockchain-valid_active_0,0,False,239,8,
n100-identities_c1-conc_mech-blockchain-1backend_valid-active_r30_audit-off_20260903T170316Z,obs_60320e212ae8437eb043ed88f7051eab,2026-09-03T17:04:58.564171+00:00,blockchain,valid_active,24,1,UAV-VALID,ACCEPTED,ACCEPTED,True,22569000,22.569,27500,22144500,0,4300,266900,7300,0,0,,,,none,blockchain-valid_active_0,0,False,239,8,
n100-identities_c1-conc_mech-blockchain-1backend_valid-active_r30_audit-off_20260903T170316Z,obs_cc6d7c42b59748888e76e9e3dd349149,2026-09-03T17:04:58.591101+00:00,blockchain,valid_active,25,1,UAV-VALID,ACCEPTED,ACCEPTED,True,23647000,23.647,46900,23245600,0,4400,247100,7000,0,0,,,,none,blockchain-valid_active_0,0,False,239,8,
n100-identities_c1-conc_mech-blockchain-1backend_valid-active_r30_audit-off_20260903T170316Z,obs_4174881172c1428981979de0b09d9ddb,2026-09-03T17:04:58.621168+00:00,blockchain,valid_active,26,1,UAV-VALID,ACCEPTED,ACCEPTED,True,27004200,27.0042,48100,26534800,0,3900,277600,6800,0,0,,,,none,blockchain-valid_active_0,0,False,239,8,
n100-identities_c1-conc_mech-blockchain-1backend_valid-active_r30_audit-off_20260903T170316Z,obs_3eeb74cf72df4bb6af948db53c3c483d,2026-09-03T17:04:58.643869+00:00,blockchain,valid_active,27,1,UAV-VALID,ACCEPTED,ACCEPTED,True,19830100,19.8301,36700,19567700,0,2100,168900,4200,0,0,,,,none,blockchain-valid_active_0,0,False,240,8,
n100-identities_c1-conc_mech-blockchain-1backend_valid-active_r30_audit-off_20260903T170316Z,obs_699102d4d1f04f19980f0a86685a47af,2026-09-03T17:04:58.670816+00:00,blockchain,valid_active,28,1,UAV-VALID,ACCEPTED,ACCEPTED,True,24795400,24.7954,30300,24518300,0,2400,166500,3600,0,0,,,,none,blockchain-valid_active_0,0,False,239,8,
n100-identities_c1-conc_mech-blockchain-1backend_valid-active_r30_audit-off_20260903T170316Z,obs_ee2b63a972e247c5a957c81d2548baed,2026-09-03T17:04:58.717352+00:00,blockchain,valid_active,29,1,UAV-VALID,ACCEPTED,ACCEPTED,True,44548400,44.5484,26600,44040300,0,5800,242800,9900,0,0,,,,none,blockchain-valid_active_0,0,False,239,8,
n100-identities_c5-conc_mech-x509-1backend_valid-active_r30_audit-off_20260903T170459Z,obs_174e19c6b32e4c03aa966a921346135a,2026-09-03T17:04:59.484881+00:00,x509,valid_active,0,5,UAV-VALID,ACCEPTED,ACCEPTED,True,1212000,1.212,34100,72900,942500,0,122800,3100,0,0,,,,none,MainThread,0,True,239,8,
n100-identities_c5-conc_mech-x509-1backend_valid-active_r30_audit-off_20260903T170459Z,obs_d5c87226dea7473a9a2087b6efd39e4d,2026-09-03T17:04:59.490886+00:00,x509,valid_active,1,5,UAV-VALID,ACCEPTED,ACCEPTED,True,1148300,1.1483,31400,62000,886600,0,127800,4400,0,0,,,,none,MainThread,0,True,238,8,
n100-identities_c5-conc_mech-x509-1backend_valid-active_r30_audit-off_20260903T170459Z,obs_9786f9ffeb314afdb6ef35d5f2b27bf5,2026-09-03T17:04:59.507226+00:00,x509,valid_active,0,5,UAV-VALID,ACCEPTED,ACCEPTED,True,5985800,5.9858,29600,80400,5644700,0,156800,4500,0,0,,,,none,x509-valid_active_0,0,False,239,8,
n100-identities_c5-conc_mech-x509-1backend_valid-active_r30_audit-off_20260903T170459Z,obs_c00274c0e9694906845217d4d46d1f1a,2026-09-03T17:04:59.513044+00:00,x509,valid_active,2,5,UAV-VALID,ACCEPTED,ACCEPTED,True,6716000,6.716,37900,68700,6337900,0,193000,7900,0,0,,,,none,x509-valid_active_2,0,False,240,8,
n100-identities_c5-conc_mech-x509-1backend_valid-active_r30_audit-off_20260903T170459Z,obs_e4b75df3d9d8408b999783a98953906f,2026-09-03T17:04:59.513618+00:00,x509,valid_active,1,5,UAV-VALID,ACCEPTED,ACCEPTED,True,6950400,6.9504,63900,55100,6609500,0,183500,5600,0,0,,,,none,x509-valid_active_1,0,False,239,8,
n100-identities_c5-conc_mech-x509-1backend_valid-active_r30_audit-off_20260903T170459Z,obs_31d36efb348e436e9cad852a1b710dd4,2026-09-03T17:04:59.519796+00:00,x509,valid_active,3,5,UAV-VALID,ACCEPTED,ACCEPTED,True,8900800,8.9008,20000,96800,8497200,0,186000,6200,0,0,,,,none,x509-valid_active_3,0,False,239,8,
n100-identities_c5-conc_mech-x509-1backend_valid-active_r30_audit-off_20260903T170459Z,obs_8325f4613e38425986a81957ad7b3f00,2026-09-03T17:04:59.520713+00:00,x509,valid_active,4,5,UAV-VALID,ACCEPTED,ACCEPTED,True,6410000,6.41,36500,173200,6012700,0,126800,3600,0,0,,,,none,x509-valid_active_4,0,False,239,8,
n100-identities_c5-conc_mech-x509-1backend_valid-active_r30_audit-off_20260903T170459Z,obs_3c3731b75e7647869c034e089ffe73b6,2026-09-03T17:04:59.532403+00:00,x509,valid_active,5,5,UAV-VALID,ACCEPTED,ACCEPTED,True,14040800,14.0408,28200,55700,13639900,0,217300,6900,0,0,,,,none,x509-valid_active_0,0,False,238,8,
n100-identities_c5-conc_mech-x509-1backend_valid-active_r30_audit-off_20260903T170459Z,obs_fb7342341fd441fb8891ccfd46692496,2026-09-03T17:04:59.533931+00:00,x509,valid_active,6,5,UAV-VALID,ACCEPTED,ACCEPTED,True,11561400,11.5614,23400,76500,11186700,0,185600,5700,0,0,,,,none,x509-valid_active_2,0,False,239,8,
n100-identities_c5-conc_mech-x509-1backend_valid-active_r30_audit-off_20260903T170459Z,obs_8b945aca398d4048b226f7be682617ca,2026-09-03T17:04:59.538991+00:00,x509,valid_active,8,5,UAV-VALID,ACCEPTED,ACCEPTED,True,6022800,6.0228,51400,83600,5356300,0,456700,6800,0,0,,,,none,x509-valid_active_3,0,False,239,8,
n100-identities_c5-conc_mech-x509-1backend_valid-active_r30_audit-off_20260903T170459Z,obs_2925be168e664d3bab6d3fa4e317d13d,2026-09-03T17:04:59.539948+00:00,x509,valid_active,7,5,UAV-VALID,ACCEPTED,ACCEPTED,True,11353600,11.3536,28200,172000,10850200,0,197500,4500,0,0,,,,none,x509-valid_active_1,0,False,238,8,
n100-identities_c5-conc_mech-x509-1backend_valid-active_r30_audit-off_20260903T170459Z,obs_7394d0c84b084f2cbc15585e734bd2b6,2026-09-03T17:04:59.545966+00:00,x509,valid_active,9,5,UAV-VALID,ACCEPTED,ACCEPTED,True,11683000,11.683,485000,79300,11207400,0,256900,7100,0,0,,,,none,x509-valid_active_4,0,False,240,8,
n100-identities_c5-conc_mech-x509-1backend_valid-active_r30_audit-off_20260903T170459Z,obs_9ebd5d14392f48f5b2e36de9a0035de5,2026-09-03T17:04:59.554241+00:00,x509,valid_active,11,5,UAV-VALID,ACCEPTED,ACCEPTED,True,6399500,6.3995,41500,107500,5994100,0,169800,5500,0,0,,,,none,x509-valid_active_2,0,False,238,8,
n100-identities_c5-conc_mech-x509-1backend_valid-active_r30_audit-off_20260903T170459Z,obs_ab275668fbc74a7cba10e70f0b2fe495,2026-09-03T17:04:59.559953+00:00,x509,valid_active,10,5,UAV-VALID,ACCEPTED,ACCEPTED,True,9997700,9.9977,43600,83200,9572000,0,207100,6700,0,0,,,,none,x509-valid_active_0,0,False,239,8,
n100-identities_c5-conc_mech-x509-1backend_valid-active_r30_audit-off_20260903T170459Z,obs_068a55f90dec4f50ac6a9f4d6c6e46da,2026-09-03T17:04:59.561115+00:00,x509,valid_active,12,5,UAV-VALID,ACCEPTED,ACCEPTED,True,9356900,9.3569,35800,72400,8898400,0,219400,6900,0,0,,,,none,x509-valid_active_3,0,False,240,8,
n100-identities_c5-conc_mech-x509-1backend_valid-active_r30_audit-off_20260903T170459Z,obs_5906c9a280ef4a62ab2483b898a2c8f3,2026-09-03T17:04:59.562412+00:00,x509,valid_active,13,5,UAV-VALID,ACCEPTED,ACCEPTED,True,9439200,9.4392,33500,69100,9021200,0,219000,7900,0,0,,,,none,x509-valid_active_1,0,False,240,8,
n100-identities_c5-conc_mech-x509-1backend_valid-active_r30_audit-off_20260903T170459Z,obs_219c34c65cc747d5820980226248ea02,2026-09-03T17:04:59.571995+00:00,x509,valid_active,15,5,UAV-VALID,ACCEPTED,ACCEPTED,True,5811000,5.811,53700,99400,5390200,0,193300,6200,0,0,,,,none,x509-valid_active_2,0,False,239,8,
n100-identities_c5-conc_mech-x509-1backend_valid-active_r30_audit-off_20260903T170459Z,obs_c2960a6d9c5e47e390c96c654dcac731,2026-09-03T17:04:59.577031+00:00,x509,valid_active,14,5,UAV-VALID,ACCEPTED,ACCEPTED,True,15580700,15.5807,47500,99800,15077300,0,240400,7800,0,0,,,,none,x509-valid_active_4,0,False,239,8,
n100-identities_c5-conc_mech-x509-1backend_valid-active_r30_audit-off_20260903T170459Z,obs_01ed9b820e57423d922e3988b4f6d86b,2026-09-03T17:04:59.578678+00:00,x509,valid_active,18,5,UAV-VALID,ACCEPTED,ACCEPTED,True,7427100,7.4271,42000,95200,6901400,0,255300,7700,0,0,,,,none,x509-valid_active_1,0,False,239,8,
n100-identities_c5-conc_mech-x509-1backend_valid-active_r30_audit-off_20260903T170459Z,obs_82ea027a6ce749f99674dc1d69d28fd0,2026-09-03T17:04:59.590644+00:00,x509,valid_active,16,5,UAV-VALID,ACCEPTED,ACCEPTED,True,13163300,13.1633,46600,115200,12689600,0,161500,4300,0,0,,,,none,x509-valid_active_0,0,False,239,8,
n100-identities_c5-conc_mech-x509-1backend_valid-active_r30_audit-off_20260903T170459Z,obs_8d3f977465b24b09b0cd00d84483370d,2026-09-03T17:04:59.592684+00:00,x509,valid_active,19,5,UAV-VALID,ACCEPTED,ACCEPTED,True,8953200,8.9532,51700,111800,8536300,0,184400,4500,0,0,,,,none,x509-valid_active_2,0,False,240,8,
n100-identities_c5-conc_mech-x509-1backend_valid-active_r30_audit-off_20260903T170459Z,obs_59b304fafe044463bb02dfd2e5000ac8,2026-09-03T17:04:59.594191+00:00,x509,valid_active,17,5,UAV-VALID,ACCEPTED,ACCEPTED,True,7809700,7.8097,32500,87800,7470000,0,142000,3500,0,0,,,,none,x509-valid_active_3,0,False,239,8,
n100-identities_c5-conc_mech-x509-1backend_valid-active_r30_audit-off_20260903T170459Z,obs_981836251ac34bb4b851ca76d775692a,2026-09-03T17:04:59.594851+00:00,x509,valid_active,21,5,UAV-VALID,ACCEPTED,ACCEPTED,True,7591600,7.5916,35400,86300,7237600,0,173100,3500,0,0,,,,none,x509-valid_active_1,0,False,239,8,
n100-identities_c5-conc_mech-x509-1backend_valid-active_r30_audit-off_20260903T170459Z,obs_43c93e3d6560459a8687ac43c463105e,2026-09-03T17:04:59.599684+00:00,x509,valid_active,20,5,UAV-VALID,ACCEPTED,ACCEPTED,True,7878600,7.8786,41600,72200,7530500,0,169600,4900,0,0,,,,none,x509-valid_active_4,0,False,239,8,
n100-identities_c5-conc_mech-x509-1backend_valid-active_r30_audit-off_20260903T170459Z,obs_d0168fa4c404420bbd7cb695e0be0c8a,2026-09-03T17:04:59.610435+00:00,x509,valid_active,23,5,UAV-VALID,ACCEPTED,ACCEPTED,True,7246100,7.2461,31900,101500,6844500,0,180000,5000,0,0,,,,none,x509-valid_active_2,0,False,238,8,
n100-identities_c5-conc_mech-x509-1backend_valid-active_r30_audit-off_20260903T170459Z,obs_041c11287d0f477ca10562ae48edb83a,2026-09-03T17:04:59.612249+00:00,x509,valid_active,22,5,UAV-VALID,ACCEPTED,ACCEPTED,True,7628500,7.6285,45100,155200,7163400,0,163100,6000,0,0,,,,none,x509-valid_active_0,0,False,238,8,
n100-identities_c5-conc_mech-x509-1backend_valid-active_r30_audit-off_20260903T170459Z,obs_2f723fd591c44d2091dcddae12210115,2026-09-03T17:04:59.615135+00:00,x509,valid_active,24,5,UAV-VALID,ACCEPTED,ACCEPTED,True,4430000,4.43,32300,51300,3859100,0,379400,7300,0,0,,,,none,x509-valid_active_3,0,False,239,8,
n100-identities_c5-conc_mech-x509-1backend_valid-active_r30_audit-off_20260903T170459Z,obs_8cc8409a0e304b1d8e12179654430e59,2026-09-03T17:04:59.621621+00:00,x509,valid_active,25,5,UAV-VALID,ACCEPTED,ACCEPTED,True,14632900,14.6329,43000,78600,14213400,0,199400,5500,0,0,,,,none,x509-valid_active_1,0,False,239,8,
n100-identities_c5-conc_mech-x509-1backend_valid-active_r30_audit-off_20260903T170459Z,obs_52e28acb023f47a6b06918d4a9736f75,2026-09-03T17:04:59.625390+00:00,x509,valid_active,26,5,UAV-VALID,ACCEPTED,ACCEPTED,True,9641800,9.6418,33000,136700,9131900,0,225900,5800,0,0,,,,none,x509-valid_active_4,0,False,238,8,
n100-identities_c5-conc_mech-x509-1backend_valid-active_r30_audit-off_20260903T170459Z,obs_757dc256d2f24364946f870b3a307fd0,2026-09-03T17:04:59.631859+00:00,x509,valid_active,27,5,UAV-VALID,ACCEPTED,ACCEPTED,True,4515900,4.5159,34300,83100,4112600,0,175200,5900,0,0,,,,none,x509-valid_active_2,0,False,240,8,
n100-identities_c5-conc_mech-x509-1backend_valid-active_r30_audit-off_20260903T170459Z,obs_11b715d5a45542189d0891c3a4132eb7,2026-09-03T17:04:59.632298+00:00,x509,valid_active,28,5,UAV-VALID,ACCEPTED,ACCEPTED,True,4557900,4.5579,24800,68800,4246900,0,159600,3200,0,0,,,,none,x509-valid_active_0,0,False,239,8,
n100-identities_c5-conc_mech-x509-1backend_valid-active_r30_audit-off_20260903T170459Z,obs_01eee512cd914b76b1589a8bedc7e10e,2026-09-03T17:04:59.633005+00:00,x509,valid_active,29,5,UAV-VALID,ACCEPTED,ACCEPTED,True,4844300,4.8443,31500,70200,4465600,0,200300,5300,0,0,,,,none,x509-valid_active_3,0,False,240,8,
n100-identities_c5-conc_mech-blockchain-1backend_valid-active_r30_audit-off_20260903T170500Z,obs_a2b6c91c0cfb43c1b40d30873b1e2d94,2026-09-03T17:05:00.796402+00:00,blockchain,valid_active,0,5,UAV-VALID,ACCEPTED,ACCEPTED,True,18852200,18.8522,29600,18472100,0,4000,238600,6700,0,0,,,,none,MainThread,0,True,239,8,
n100-identities_c5-conc_mech-blockchain-1backend_valid-active_r30_audit-off_20260903T170500Z,obs_c8630290e04b4358a3fa7bfc08e09709,2026-09-03T17:05:00.842260+00:00,blockchain,valid_active,1,5,UAV-VALID,ACCEPTED,ACCEPTED,True,40477000,40.477,31000,40218700,0,2200,160400,3500,0,0,,,,none,MainThread,0,True,239,8,
n100-identities_c5-conc_mech-blockchain-1backend_valid-active_r30_audit-off_20260903T170500Z,obs_4586929caf784ea49c193d5d50e31641,2026-09-03T17:05:00.906214+00:00,blockchain,valid_active,0,5,UAV-VALID,ACCEPTED,ACCEPTED,True,55542200,55.5422,39600,55157000,0,4100,229600,7300,0,0,,,,none,blockchain-valid_active_0,0,False,239,8,
n100-identities_c5-conc_mech-blockchain-1backend_valid-active_r30_audit-off_20260903T170500Z,obs_8c43c6c18598447ea5623f1a4d7a7ece,2026-09-03T17:05:00.909618+00:00,blockchain,valid_active,2,5,UAV-VALID,ACCEPTED,ACCEPTED,True,50096300,50.0963,27400,49829900,0,2600,170100,4500,0,0,,,,none,blockchain-valid_active_2,0,False,239,8,
n100-identities_c5-conc_mech-blockchain-1backend_valid-active_r30_audit-off_20260903T170500Z,obs_aba96c7b483e4b139af2a3524634e366,2026-09-03T17:05:00.919376+00:00,blockchain,valid_active,3,5,UAV-VALID,ACCEPTED,ACCEPTED,True,54259700,54.2597,31500,54001200,0,2300,166300,4600,0,0,,,,none,blockchain-valid_active_3,0,False,239,8,
n100-identities_c5-conc_mech-blockchain-1backend_valid-active_r30_audit-off_20260903T170500Z,obs_3564389496a643c2a6e59712cd50a4cb,2026-09-03T17:05:00.921131+00:00,blockchain,valid_active,1,5,UAV-VALID,ACCEPTED,ACCEPTED,True,66187600,66.1876,33000,65861200,0,4000,208700,6300,0,0,,,,none,blockchain-valid_active_1,0,False,238,8,
n100-identities_c5-conc_mech-blockchain-1backend_valid-active_r30_audit-off_20260903T170500Z,obs_79813b3df4fa44599e14ea7db8f18802,2026-09-03T17:05:00.957816+00:00,blockchain,valid_active,4,5,UAV-VALID,ACCEPTED,ACCEPTED,True,85948600,85.9486,28600,85681300,0,2800,168800,4200,0,0,,,,none,blockchain-valid_active_4,0,False,240,8,
n100-identities_c5-conc_mech-blockchain-1backend_valid-active_r30_audit-off_20260903T170500Z,obs_7231efc60ec641e18d7845dcdcd83f62,2026-09-03T17:05:00.974395+00:00,blockchain,valid_active,5,5,UAV-VALID,ACCEPTED,ACCEPTED,True,57382700,57.3827,28900,57000000,0,4500,240700,8100,0,0,,,,none,blockchain-valid_active_0,0,False,240,8,
n100-identities_c5-conc_mech-blockchain-1backend_valid-active_r30_audit-off_20260903T170500Z,obs_4d367c08f7c74abaa8aa42284258e54d,2026-09-03T17:05:00.985085+00:00,blockchain,valid_active,7,5,UAV-VALID,ACCEPTED,ACCEPTED,True,51439300,51.4393,28500,51001500,0,4600,264000,8900,0,0,,,,none,blockchain-valid_active_3,0,False,240,8,
n100-identities_c5-conc_mech-blockchain-1backend_valid-active_r30_audit-off_20260903T170500Z,obs_46b020d321cb44709f9871ea73024538,2026-09-03T17:05:00.989819+00:00,blockchain,valid_active,6,5,UAV-VALID,ACCEPTED,ACCEPTED,True,74102200,74.1022,317400,73804800,0,3300,183500,6600,0,0,,,,none,blockchain-valid_active_2,0,False,240,8,
n100-identities_c5-conc_mech-blockchain-1backend_valid-active_r30_audit-off_20260903T170500Z,obs_2f42da21e5c149249386b006a12f692e,2026-09-03T17:05:01.026439+00:00,blockchain,valid_active,8,5,UAV-VALID,ACCEPTED,ACCEPTED,True,86565300,86.5653,45700,86123600,0,4800,271100,9500,0,0,,,,none,blockchain-valid_active_1,0,False,240,8,
n100-identities_c5-conc_mech-blockchain-1backend_valid-active_r30_audit-off_20260903T170500Z,obs_5409acb636d745f597ca890f19b20cbd,2026-09-03T17:05:01.060044+00:00,blockchain,valid_active,9,5,UAV-VALID,ACCEPTED,ACCEPTED,True,89378400,89.3784,50900,89070300,0,2400,185700,4800,0,0,,,,none,blockchain-valid_active_4,0,False,239,8,
n100-identities_c5-conc_mech-blockchain-1backend_valid-active_r30_audit-off_20260903T170500Z,obs_a995ba803a2c41b3b49f04595c9a6bbf,2026-09-03T17:05:01.074430+00:00,blockchain,valid_active,10,5,UAV-VALID,ACCEPTED,ACCEPTED,True,79925300,79.9253,36700,79644800,0,3300,167700,5000,0,0,,,,none,blockchain-valid_active_0,0,False,239,8,
n100-identities_c5-conc_mech-blockchain-1backend_valid-active_r30_audit-off_20260903T170500Z,obs_209d4192979049e3b91fdab4a920ddb8,2026-09-03T17:05:01.092700+00:00,blockchain,valid_active,11,5,UAV-VALID,ACCEPTED,ACCEPTED,True,88551600,88.5516,71100,88081300,0,5300,278000,8300,0,0,,,,none,blockchain-valid_active_3,0,False,240,8,
n100-identities_c5-conc_mech-blockchain-1backend_valid-active_r30_audit-off_20260903T170500Z,obs_0fd64028ff0b45f1b7dd1da540cd8b9d,2026-09-03T17:05:01.125365+00:00,blockchain,valid_active,13,5,UAV-VALID,ACCEPTED,ACCEPTED,True,77615600,77.6156,68900,77228700,0,2700,236000,7300,0,0,,,,none,blockchain-valid_active_1,0,False,239,8,
n100-identities_c5-conc_mech-blockchain-1backend_valid-active_r30_audit-off_20260903T170500Z,obs_26421d1f042b479abd1290f8b19dd6c1,2026-09-03T17:05:01.146983+00:00,blockchain,valid_active,12,5,UAV-VALID,ACCEPTED,ACCEPTED,True,113359600,113.3596,55500,112858700,0,5400,311800,9600,0,0,,,,none,blockchain-valid_active_2,0,False,240,8,
n100-identities_c5-conc_mech-blockchain-1backend_valid-active_r30_audit-off_20260903T170500Z,obs_86616bf347d944379348ddab9847ea1f,2026-09-03T17:05:01.158607+00:00,blockchain,valid_active,14,5,UAV-VALID,ACCEPTED,ACCEPTED,True,77981000,77.981,64800,77523600,0,3800,239100,6800,0,0,,,,none,blockchain-valid_active_4,0,False,239,8,
n100-identities_c5-conc_mech-blockchain-1backend_valid-active_r30_audit-off_20260903T170500Z,obs_af93c18c900e4cb0b26a921320d33d96,2026-09-03T17:05:01.176596+00:00,blockchain,valid_active,15,5,UAV-VALID,ACCEPTED,ACCEPTED,True,82596000,82.596,49800,82188000,0,4800,252900,6700,0,0,,,,none,blockchain-valid_active_0,0,False,239,8,
n100-identities_c5-conc_mech-blockchain-1backend_valid-active_r30_audit-off_20260903T170500Z,obs_5a411b311b4e4f00bd40550e6d6300a0,2026-09-03T17:05:01.194436+00:00,blockchain,valid_active,16,5,UAV-VALID,ACCEPTED,ACCEPTED,True,79919600,79.9196,63200,79575100,0,4500,187200,5600,0,0,,,,none,blockchain-valid_active_3,0,False,239,8,
n100-identities_c5-conc_mech-blockchain-1backend_valid-active_r30_audit-off_20260903T170500Z,obs_648f31ce07444a2b9ce14d9d2e5140e5,2026-09-03T17:05:01.228311+00:00,blockchain,valid_active,17,5,UAV-VALID,ACCEPTED,ACCEPTED,True,91706700,91.7067,60200,91190700,0,4100,326300,9900,0,0,,,,none,blockchain-valid_active_1,0,False,239,8,
n100-identities_c5-conc_mech-blockchain-1backend_valid-active_r30_audit-off_20260903T170500Z,obs_0f538243c55a4d868d33ac7ef8c509d5,2026-09-03T17:05:01.285674+00:00,blockchain,valid_active,18,5,UAV-VALID,ACCEPTED,ACCEPTED,True,114431800,114.4318,51200,114058100,0,4300,215900,7100,0,0,,,,none,blockchain-valid_active_2,0,False,239,8,
n100-identities_c5-conc_mech-blockchain-1backend_valid-active_r30_audit-off_20260903T170500Z,obs_f62f42c71868471e9244d33ad0580094,2026-09-03T17:05:01.293784+00:00,blockchain,valid_active,19,5,UAV-VALID,ACCEPTED,ACCEPTED,True,112026900,112.0269,57800,111711700,0,2800,200800,4600,0,0,,,,none,blockchain-valid_active_4,0,False,238,8,
n100-identities_c5-conc_mech-blockchain-1backend_valid-active_r30_audit-off_20260903T170500Z,obs_019dac4f5aa840108ccd78a42a75b83e,2026-09-03T17:05:01.309300+00:00,blockchain,valid_active,21,5,UAV-VALID,ACCEPTED,ACCEPTED,True,88675200,88.6752,63300,88301200,0,3700,205500,5000,0,0,,,,none,blockchain-valid_active_3,0,False,239,8,
n100-identities_c5-conc_mech-blockchain-1backend_valid-active_r30_audit-off_20260903T170500Z,obs_1282969b78b844ed9543ee5ab67aebe4,2026-09-03T17:05:01.313736+00:00,blockchain,valid_active,20,5,UAV-VALID,ACCEPTED,ACCEPTED,True,114144800,114.1448,55300,113706700,0,5100,251100,8500,0,0,,,,none,blockchain-valid_active_0,0,False,238,8,
n100-identities_c5-conc_mech-blockchain-1backend_valid-active_r30_audit-off_20260903T170500Z,obs_08a007739dc5461a9cfdfca5d3f035f9,2026-09-03T17:05:01.357628+00:00,blockchain,valid_active,22,5,UAV-VALID,ACCEPTED,ACCEPTED,True,109171200,109.1712,58500,108723400,0,4200,275000,7000,0,0,,,,none,blockchain-valid_active_1,0,False,240,8,
n100-identities_c5-conc_mech-blockchain-1backend_valid-active_r30_audit-off_20260903T170500Z,obs_b2b39d57c5d74769b4bd289605c73f39,2026-09-03T17:05:01.391033+00:00,blockchain,valid_active,23,5,UAV-VALID,ACCEPTED,ACCEPTED,True,88268000,88.268,53300,87914500,0,3200,214300,6400,0,0,,,,none,blockchain-valid_active_2,0,False,240,8,
n100-identities_c5-conc_mech-blockchain-1backend_valid-active_r30_audit-off_20260903T170500Z,obs_6ff0ad0184764a0e9eb3b764d79b2125,2026-09-03T17:05:01.397692+00:00,blockchain,valid_active,24,5,UAV-VALID,ACCEPTED,ACCEPTED,True,87310800,87.3108,34100,86897800,0,3900,249500,8700,0,0,,,,none,blockchain-valid_active_4,0,False,239,8,
n100-identities_c5-conc_mech-blockchain-1backend_valid-active_r30_audit-off_20260903T170500Z,obs_02dc77275dcb49a3860fc59f9a026e69,2026-09-03T17:05:01.401096+00:00,blockchain,valid_active,25,5,UAV-VALID,ACCEPTED,ACCEPTED,True,69858900,69.8589,58600,69564300,0,2800,172300,4100,0,0,,,,none,blockchain-valid_active_3,0,False,239,8,
n100-identities_c5-conc_mech-blockchain-1backend_valid-active_r30_audit-off_20260903T170500Z,obs_858d380bb2684ae28f04fdd655e1eeb7,2026-09-03T17:05:01.408354+00:00,blockchain,valid_active,26,5,UAV-VALID,ACCEPTED,ACCEPTED,True,75150700,75.1507,45600,74868400,0,2700,168500,3900,0,0,,,,none,blockchain-valid_active_0,0,False,240,8,
n100-identities_c5-conc_mech-blockchain-1backend_valid-active_r30_audit-off_20260903T170500Z,obs_ba07f036d51d47a8aedbd53f8aa13da2,2026-09-03T17:05:01.432479+00:00,blockchain,valid_active,27,5,UAV-VALID,ACCEPTED,ACCEPTED,True,59956000,59.956,43200,59603600,0,3800,220100,6300,0,0,,,,none,blockchain-valid_active_1,0,False,239,8,
n100-identities_c5-conc_mech-blockchain-1backend_valid-active_r30_audit-off_20260903T170500Z,obs_d2d7bfae8e594531b89faeef4fdda284,2026-09-03T17:05:01.446208+00:00,blockchain,valid_active,29,5,UAV-VALID,ACCEPTED,ACCEPTED,True,35536000,35.536,29200,35090300,0,3900,291500,10500,0,0,,,,none,blockchain-valid_active_4,0,False,240,8,
n100-identities_c5-conc_mech-blockchain-1backend_valid-active_r30_audit-off_20260903T170500Z,obs_4620a4d523584bdfbc8111396140d389,2026-09-03T17:05:01.448397+00:00,blockchain,valid_active,28,5,UAV-VALID,ACCEPTED,ACCEPTED,True,43416400,43.4164,36800,43141000,0,3100,172500,4300,0,0,,,,none,blockchain-valid_active_2,0,False,238,8,
n100-identities_c10-conc_mech-x509-1backend_valid-active_r30_audit-off_20260903T170502Z,obs_dc5579d284274f9db88bbcf48b03e5b5,2026-09-03T17:05:02.592704+00:00,x509,valid_active,0,10,UAV-VALID,ACCEPTED,ACCEPTED,True,1110600,1.1106,29600,58300,838600,0,118200,9900,0,0,,,,none,MainThread,0,True,238,8,
n100-identities_c10-conc_mech-x509-1backend_valid-active_r30_audit-off_20260903T170502Z,obs_e00a4ff7bf3f4c8cb0d26564fbaf4ffe,2026-09-03T17:05:02.598774+00:00,x509,valid_active,1,10,UAV-VALID,ACCEPTED,ACCEPTED,True,1267600,1.2676,42100,62200,993600,0,131800,4200,0,0,,,,none,MainThread,0,True,239,8,
n100-identities_c10-conc_mech-x509-1backend_valid-active_r30_audit-off_20260903T170502Z,obs_40bc33ffb0b24f8bbdd2afd8339e6944,2026-09-03T17:05:02.619987+00:00,x509,valid_active,0,10,UAV-VALID,ACCEPTED,ACCEPTED,True,12735200,12.7352,38900,72100,12454700,0,130000,3300,0,0,,,,none,x509-valid_active_0,0,False,239,8,
n100-identities_c10-conc_mech-x509-1backend_valid-active_r30_audit-off_20260903T170502Z,obs_67f3ac026bd34a68ad810b6d5af1e120,2026-09-03T17:05:02.628963+00:00,x509,valid_active,2,10,UAV-VALID,ACCEPTED,ACCEPTED,True,10657000,10.657,24700,70900,10363400,0,144100,3800,0,0,,,,none,x509-valid_active_2,0,False,238,8,
n100-identities_c10-conc_mech-x509-1backend_valid-active_r30_audit-off_20260903T170502Z,obs_802c52197a6c4fe3a2c2a79e8e58ef0f,2026-09-03T17:05:02.632042+00:00,x509,valid_active,1,10,UAV-VALID,ACCEPTED,ACCEPTED,True,19872300,19.8723,33500,85700,19532600,0,154900,5000,0,0,,,,none,x509-valid_active_1,0,False,239,8,
n100-identities_c10-conc_mech-x509-1backend_valid-active_r30_audit-off_20260903T170502Z,obs_43712776d0344d86950aeadcdb243e82,2026-09-03T17:05:02.632825+00:00,x509,valid_active,3,10,UAV-VALID,ACCEPTED,ACCEPTED,True,13533900,13.5339,45600,87700,13210800,0,135800,3400,0,0,,,,none,x509-valid_active_3,0,False,238,8,
n100-identities_c10-conc_mech-x509-1backend_valid-active_r30_audit-off_20260903T170502Z,obs_4be23c8d5e63440a85021bad026beed6,2026-09-03T17:05:02.638486+00:00,x509,valid_active,5,10,UAV-VALID,ACCEPTED,ACCEPTED,True,16131200,16.1312,37800,71900,15841200,0,136000,3500,0,0,,,,none,x509-valid_active_5,0,False,239,8,
n100-identities_c10-conc_mech-x509-1backend_valid-active_r30_audit-off_20260903T170502Z,obs_75ea238e874a403d8669975ff77abf90,2026-09-03T17:05:02.640437+00:00,x509,valid_active,7,10,UAV-VALID,ACCEPTED,ACCEPTED,True,12585100,12.5851,27100,111500,12256900,0,135500,4200,0,0,,,,none,x509-valid_active_7,0,False,239,8,
n100-identities_c10-conc_mech-x509-1backend_valid-active_r30_audit-off_20260903T170502Z,obs_170c5f22ff7a49c49aa0bcf8dbf15f35,2026-09-03T17:05:02.641203+00:00,x509,valid_active,4,10,UAV-VALID,ACCEPTED,ACCEPTED,True,14652200,14.6522,44400,68700,14376900,0,131500,2700,0,0,,,,none,x509-valid_active_4,0,False,240,8,
n100-identities_c10-conc_mech-x509-1backend_valid-active_r30_audit-off_20260903T170502Z,obs_995badcb5a2b41758fbd4c560a1aa2b0,2026-09-03T17:05:02.644514+00:00,x509,valid_active,6,10,UAV-VALID,ACCEPTED,ACCEPTED,True,16059700,16.0597,24500,68600,15791300,0,124500,4000,0,0,,,,none,x509-valid_active_6,0,False,239,8,
n100-identities_c10-conc_mech-x509-1backend_valid-active_r30_audit-off_20260903T170502Z,obs_af7ef0f88dec498c930e3983e40b77e1,2026-09-03T17:05:02.646183+00:00,x509,valid_active,8,10,UAV-VALID,ACCEPTED,ACCEPTED,True,13055100,13.0551,25400,68000,12753500,0,154800,3800,0,0,,,,none,x509-valid_active_8,0,False,240,8,
n100-identities_c10-conc_mech-x509-1backend_valid-active_r30_audit-off_20260903T170502Z,obs_cf9e1a10483248898654e4268800696f,2026-09-03T17:05:02.650699+00:00,x509,valid_active,9,10,UAV-VALID,ACCEPTED,ACCEPTED,True,15630800,15.6308,41600,65100,15328300,0,144800,4300,0,0,,,,none,x509-valid_active_9,0,False,239,8,
n100-identities_c10-conc_mech-x509-1backend_valid-active_r30_audit-off_20260903T170502Z,obs_2b090eb3f6604bd6b73f2d618cc55f3d,2026-09-03T17:05:02.652645+00:00,x509,valid_active,10,10,UAV-VALID,ACCEPTED,ACCEPTED,True,14955500,14.9555,35700,66600,14595900,0,180000,3900,0,0,,,,none,x509-valid_active_0,0,False,239,8,
n100-identities_c10-conc_mech-x509-1backend_valid-active_r30_audit-off_20260903T170502Z,obs_345051a39eaf41b299b23a71768f04b1,2026-09-03T17:05:02.656065+00:00,x509,valid_active,11,10,UAV-VALID,ACCEPTED,ACCEPTED,True,12764900,12.7649,25800,60800,12469300,0,141100,4400,0,0,,,,none,x509-valid_active_2,0,False,239,8,
n100-identities_c10-conc_mech-x509-1backend_valid-active_r30_audit-off_20260903T170502Z,obs_acc199735d8b49e7ac83d657edbb3685,2026-09-03T17:05:02.661408+00:00,x509,valid_active,12,10,UAV-VALID,ACCEPTED,ACCEPTED,True,14816800,14.8168,28600,56700,14494300,0,177000,7200,0,0,,,,none,x509-valid_active_1,0,False,239,8,
n100-identities_c10-conc_mech-x509-1backend_valid-active_r30_audit-off_20260903T170502Z,obs_08616ace0f844f57b8c6261f422067f9,2026-09-03T17:05:02.663066+00:00,x509,valid_active,13,10,UAV-VALID,ACCEPTED,ACCEPTED,True,14201000,14.201,30800,54600,13861400,0,178700,5300,0,0,,,,none,x509-valid_active_3,0,False,238,8,
n100-identities_c10-conc_mech-x509-1backend_valid-active_r30_audit-off_20260903T170502Z,obs_14954a9ff136446d8a615195cd471840,2026-09-03T17:05:02.664574+00:00,x509,valid_active,16,10,UAV-VALID,ACCEPTED,ACCEPTED,True,9686400,9.6864,28000,53800,9312100,0,209600,4600,0,0,,,,none,x509-valid_active_4,0,False,238,8,
n100-identities_c10-conc_mech-x509-1backend_valid-active_r30_audit-off_20260903T170502Z,obs_9781a5a681a34502881a579f8cc0f4b3,2026-09-03T17:05:02.671099+00:00,x509,valid_active,14,10,UAV-VALID,ACCEPTED,ACCEPTED,True,13270900,13.2709,25900,43200,12964500,0,163000,4900,0,0,,,,none,x509-valid_active_5,0,False,239,8,
n100-identities_c10-conc_mech-x509-1backend_valid-active_r30_audit-off_20260903T170502Z,obs_575b0ff6f18545419b79568c0e5525b5,2026-09-03T17:05:02.674582+00:00,x509,valid_active,17,10,UAV-VALID,ACCEPTED,ACCEPTED,True,13872600,13.8726,21000,44100,13489300,0,222400,7100,0,0,,,,none,x509-valid_active_6,0,False,239,8,
n100-identities_c10-conc_mech-x509-1backend_valid-active_r30_audit-off_20260903T170502Z,obs_60f0cc0b37c847309a90ce067aa92681,2026-09-03T17:05:02.676543+00:00,x509,valid_active,18,10,UAV-VALID,ACCEPTED,ACCEPTED,True,17165700,17.1657,27500,44000,16811100,0,201500,5800,0,0,,,,none,x509-valid_active_8,0,False,240,8,
n100-identities_c10-conc_mech-x509-1backend_valid-active_r30_audit-off_20260903T170502Z,obs_c362c2936056430d973d0ce2a5890c77,2026-09-03T17:05:02.678191+00:00,x509,valid_active,15,10,UAV-VALID,ACCEPTED,ACCEPTED,True,15732600,15.7326,22300,60400,15315300,0,244100,6700,0,0,,,,none,x509-valid_active_7,0,False,238,8,
n100-identities_c10-conc_mech-x509-1backend_valid-active_r30_audit-off_20260903T170502Z,obs_e1df571675aa45fe841cc8cb5790ab09,2026-09-03T17:05:02.687729+00:00,x509,valid_active,19,10,UAV-VALID,ACCEPTED,ACCEPTED,True,16069600,16.0696,22100,68900,15676300,0,205900,4400,0,0,,,,none,x509-valid_active_9,0,False,240,8,
n100-identities_c10-conc_mech-x509-1backend_valid-active_r30_audit-off_20260903T170502Z,obs_2913f4333e544e65aa9e2a7958ba53b9,2026-09-03T17:05:02.688839+00:00,x509,valid_active,20,10,UAV-VALID,ACCEPTED,ACCEPTED,True,15521600,15.5216,31500,86400,15160800,0,159300,4600,0,0,,,,none,x509-valid_active_0,0,False,239,8,
n100-identities_c10-conc_mech-x509-1backend_valid-active_r30_audit-off_20260903T170502Z,obs_2c0b34a349744c2cb465b03d844405fd,2026-09-03T17:05:02.692863+00:00,x509,valid_active,21,10,UAV-VALID,ACCEPTED,ACCEPTED,True,15831100,15.8311,49200,93600,15424200,0,190000,5100,0,0,,,,none,x509-valid_active_2,0,False,238,8,
n100-identities_c10-conc_mech-x509-1backend_valid-active_r30_audit-off_20260903T170502Z,obs_09792881f0764802a3a665435e8a5c61,2026-09-03T17:05:02.696133+00:00,x509,valid_active,23,10,UAV-VALID,ACCEPTED,ACCEPTED,True,15881800,15.8818,44800,74000,15468400,0,209800,6200,0,0,,,,none,x509-valid_active_3,0,False,238,8,
n100-identities_c10-conc_mech-x509-1backend_valid-active_r30_audit-off_20260903T170502Z,obs_b4bfc00075244791b6520d0ee1369fae,2026-09-03T17:05:02.698414+00:00,x509,valid_active,22,10,UAV-VALID,ACCEPTED,ACCEPTED,True,12310900,12.3109,59000,86300,11892100,0,212800,5900,0,0,,,,none,x509-valid_active_1,0,False,238,8,
n100-identities_c10-conc_mech-x509-1backend_valid-active_r30_audit-off_20260903T170502Z,obs_cc05a9fd74d74d14993caf48218b7a0f,2026-09-03T17:05:02.700805+00:00,x509,valid_active,26,10,UAV-VALID,ACCEPTED,ACCEPTED,True,7052200,7.0522,25600,47700,6756600,0,148700,3700,0,0,,,,none,x509-valid_active_6,0,False,239,8,
n100-identities_c10-conc_mech-x509-1backend_valid-active_r30_audit-off_20260903T170502Z,obs_73f80d2a520248bdb04c86c47594fc82,2026-09-03T17:05:02.703487+00:00,x509,valid_active,24,10,UAV-VALID,ACCEPTED,ACCEPTED,True,12329700,12.3297,44300,49400,11975700,0,198200,6500,0,0,,,,none,x509-valid_active_4,0,False,239,8,
n100-identities_c10-conc_mech-x509-1backend_valid-active_r30_audit-off_20260903T170502Z,obs_3a574c8600fb4eedb4e355c6b5a71ffa,2026-09-03T17:05:02.706002+00:00,x509,valid_active,25,10,UAV-VALID,ACCEPTED,ACCEPTED,True,5982200,5.9822,37500,92600,5661300,0,131800,3800,0,0,,,,none,x509-valid_active_5,0,False,238,8,
n100-identities_c10-conc_mech-x509-1backend_valid-active_r30_audit-off_20260903T170502Z,obs_070bc4f1d2e54bef81585b9afafc6439,2026-09-03T17:05:02.706459+00:00,x509,valid_active,29,10,UAV-VALID,ACCEPTED,ACCEPTED,True,4300000,4.3,33900,55200,4037000,0,128200,3300,0,0,,,,none,x509-valid_active_9,0,False,239,8,
n100-identities_c10-conc_mech-x509-1backend_valid-active_r30_audit-off_20260903T170502Z,obs_fbfbfbacd2704bbfab79fe483cc232bc,2026-09-03T17:05:02.707311+00:00,x509,valid_active,27,10,UAV-VALID,ACCEPTED,ACCEPTED,True,6220900,6.2209,49400,57400,5967900,0,120600,3200,0,0,,,,none,x509-valid_active_8,0,False,238,8,
n100-identities_c10-conc_mech-x509-1backend_valid-active_r30_audit-off_20260903T170502Z,obs_cc5c3170f303438fb6440c7c99ad3338,2026-09-03T17:05:02.707736+00:00,x509,valid_active,28,10,UAV-VALID,ACCEPTED,ACCEPTED,True,5062900,5.0629,35800,50400,4813200,0,123200,3300,0,0,,,,none,x509-valid_active_7,0,False,239,8,
n100-identities_c10-conc_mech-blockchain-1backend_valid-active_r30_audit-off_20260903T170503Z,obs_9b22fbfc22264e17a68db01b3f240cba,2026-09-03T17:05:03.897409+00:00,blockchain,valid_active,0,10,UAV-VALID,ACCEPTED,ACCEPTED,True,24651200,24.6512,53800,24238200,0,5000,252600,6700,0,0,,,,none,MainThread,0,True,239,8,
n100-identities_c10-conc_mech-blockchain-1backend_valid-active_r30_audit-off_20260903T170503Z,obs_a33cefa0cc094d67801f4bf1564a9e11,2026-09-03T17:05:03.929422+00:00,blockchain,valid_active,1,10,UAV-VALID,ACCEPTED,ACCEPTED,True,25889400,25.8894,34400,25496800,0,5100,237300,6300,0,0,,,,none,MainThread,0,True,240,8,
n100-identities_c10-conc_mech-blockchain-1backend_valid-active_r30_audit-off_20260903T170503Z,obs_be8dc765b97640068a2b17bac81b88f8,2026-09-03T17:05:04.019723+00:00,blockchain,valid_active,1,10,UAV-VALID,ACCEPTED,ACCEPTED,True,78441400,78.4414,25800,78162200,0,3600,174000,4300,0,0,,,,none,blockchain-valid_active_1,0,False,239,8,
n100-identities_c10-conc_mech-blockchain-1backend_valid-active_r30_audit-off_20260903T170503Z,obs_90399906ab984dd299e42600b014f76e,2026-09-03T17:05:04.035091+00:00,blockchain,valid_active,0,10,UAV-VALID,ACCEPTED,ACCEPTED,True,99356000,99.356,30900,99052200,0,4400,187900,5300,0,0,,,,none,blockchain-valid_active_0,0,False,238,8,
n100-identities_c10-conc_mech-blockchain-1backend_valid-active_r30_audit-off_20260903T170503Z,obs_b7698ec2f8dc4fbfa10afb44c2f917d9,2026-09-03T17:05:04.042632+00:00,blockchain,valid_active,2,10,UAV-VALID,ACCEPTED,ACCEPTED,True,90992200,90.9922,20100,90745900,0,2800,155100,3700,0,0,,,,none,blockchain-valid_active_2,0,False,240,8,
n100-identities_c10-conc_mech-blockchain-1backend_valid-active_r30_audit-off_20260903T170503Z,obs_96cc0aae112f4b6d81902b7018904361,2026-09-03T17:05:04.057667+00:00,blockchain,valid_active,4,10,UAV-VALID,ACCEPTED,ACCEPTED,True,105007800,105.0078,19000,104773800,0,3000,152100,3100,0,0,,,,none,blockchain-valid_active_4,0,False,239,8,
n100-identities_c10-conc_mech-blockchain-1backend_valid-active_r30_audit-off_20260903T170503Z,obs_740d9d4fd1f548a4b914a2a54c79f359,2026-09-03T17:05:04.065710+00:00,blockchain,valid_active,5,10,UAV-VALID,ACCEPTED,ACCEPTED,True,116213900,116.2139,34000,115966900,0,2700,156400,3500,0,0,,,,none,blockchain-valid_active_5,0,False,239,8,
n100-identities_c10-conc_mech-blockchain-1backend_valid-active_r30_audit-off_20260903T170503Z,obs_49a1980c559b407a90b6ed2cb4b14030,2026-09-03T17:05:04.068336+00:00,blockchain,valid_active,3,10,UAV-VALID,ACCEPTED,ACCEPTED,True,117647700,117.6477,22600,117284000,0,4600,234900,7200,0,0,,,,none,blockchain-valid_active_3,0,False,240,8,
n100-identities_c10-conc_mech-blockchain-1backend_valid-active_r30_audit-off_20260903T170503Z,obs_48367f539cfc493d9e8f7cb4d0e3a63b,2026-09-03T17:05:04.069934+00:00,blockchain,valid_active,8,10,UAV-VALID,ACCEPTED,ACCEPTED,True,111019000,111.019,18500,110776900,0,2900,157000,4400,0,0,,,,none,blockchain-valid_active_8,0,False,239,8,
n100-identities_c10-conc_mech-blockchain-1backend_valid-active_r30_audit-off_20260903T170503Z,obs_5fef22a218c742638805b2e01545b6d0,2026-09-03T17:05:04.078104+00:00,blockchain,valid_active,9,10,UAV-VALID,ACCEPTED,ACCEPTED,True,117514400,117.5144,21900,117235000,0,3700,177100,5400,0,0,,,,none,blockchain-valid_active_9,0,False,239,8,
n100-identities_c10-conc_mech-blockchain-1backend_valid-active_r30_audit-off_20260903T170503Z,obs_b7f490e3cd0c41faa7ef03272b134398,2026-09-03T17:05:04.082300+00:00,blockchain,valid_active,7,10,UAV-VALID,ACCEPTED,ACCEPTED,True,128276600,128.2766,17500,127981400,0,4000,175600,4100,0,0,,,,none,blockchain-valid_active_7,0,False,240,8,
n100-identities_c10-conc_mech-blockchain-1backend_valid-active_r30_audit-off_20260903T170503Z,obs_2eb5ab4300e04daa88a3f43c98be8067,2026-09-03T17:05:04.090481+00:00,blockchain,valid_active,6,10,UAV-VALID,ACCEPTED,ACCEPTED,True,132633600,132.6336,20000,132367500,0,3500,174500,3800,0,0,,,,none,blockchain-valid_active_6,0,False,238,8,
n100-identities_c10-conc_mech-blockchain-1backend_valid-active_r30_audit-off_20260903T170503Z,obs_b768cf29d4cd42498830ab931d54ff1c,2026-09-03T17:05:04.152839+00:00,blockchain,valid_active,10,10,UAV-VALID,ACCEPTED,ACCEPTED,True,104378400,104.3784,33500,104117800,0,3300,158400,3600,0,0,,,,none,blockchain-valid_active_1,0,False,239,8,
n100-identities_c10-conc_mech-blockchain-1backend_valid-active_r30_audit-off_20260903T170503Z,obs_79e7cb15263e4efa9089b2733acaec25,2026-09-03T17:05:04.174465+00:00,blockchain,valid_active,12,10,UAV-VALID,ACCEPTED,ACCEPTED,True,100550100,100.5501,36900,100278600,0,3200,168500,4300,0,0,,,,none,blockchain-valid_active_2,0,False,239,8,
n100-identities_c10-conc_mech-blockchain-1backend_valid-active_r30_audit-off_20260903T170503Z,obs_a4b6924767854bc9a89c83933cc400f7,2026-09-03T17:05:04.197422+00:00,blockchain,valid_active,11,10,UAV-VALID,ACCEPTED,ACCEPTED,True,126870700,126.8707,27800,126561600,0,3100,202500,6600,0,0,,,,none,blockchain-valid_active_0,0,False,239,8,
n100-identities_c10-conc_mech-blockchain-1backend_valid-active_r30_audit-off_20260903T170503Z,obs_0b7b78593d64443b9a1ed3675198eaab,2026-09-03T17:05:04.208284+00:00,blockchain,valid_active,15,10,UAV-VALID,ACCEPTED,ACCEPTED,True,115197900,115.1979,25800,114922200,0,4100,172700,4800,0,0,,,,none,blockchain-valid_active_3,0,False,239,8,
n100-identities_c10-conc_mech-blockchain-1backend_valid-active_r30_audit-off_20260903T170503Z,obs_61b79372e34f4ef688cdb80510831213,2026-09-03T17:05:04.215938+00:00,blockchain,valid_active,13,10,UAV-VALID,ACCEPTED,ACCEPTED,True,129269900,129.2699,27000,129023900,0,2600,159800,3100,0,0,,,,none,blockchain-valid_active_4,0,False,239,8,
n100-identities_c10-conc_mech-blockchain-1backend_valid-active_r30_audit-off_20260903T170503Z,obs_52dbebd7c1f14b82a46183b3108957c1,2026-09-03T17:05:04.220399+00:00,blockchain,valid_active,17,10,UAV-VALID,ACCEPTED,ACCEPTED,True,115095600,115.0956,40000,114846200,0,2100,158200,3500,0,0,,,,none,blockchain-valid_active_9,0,False,240,8,
n100-identities_c10-conc_mech-blockchain-1backend_valid-active_r30_audit-off_20260903T170503Z,obs_611586d1c14c423682f1d5ea456f5ada,2026-09-03T17:05:04.225036+00:00,blockchain,valid_active,16,10,UAV-VALID,ACCEPTED,ACCEPTED,True,116521700,116.5217,27200,116220100,0,5300,187400,5000,0,0,,,,none,blockchain-valid_active_8,0,False,239,8,
n100-identities_c10-conc_mech-blockchain-1backend_valid-active_r30_audit-off_20260903T170503Z,obs_37fdbb2f146d4d00b4cedb304b6fe892,2026-09-03T17:05:04.239656+00:00,blockchain,valid_active,19,10,UAV-VALID,ACCEPTED,ACCEPTED,True,107357300,107.3573,30800,107105500,0,3000,160500,5400,0,0,,,,none,blockchain-valid_active_6,0,False,240,8,
n100-identities_c10-conc_mech-blockchain-1backend_valid-active_r30_audit-off_20260903T170503Z,obs_1a71961278c544f29566b978f22d1040,2026-09-03T17:05:04.246966+00:00,blockchain,valid_active,14,10,UAV-VALID,ACCEPTED,ACCEPTED,True,151971300,151.9713,35500,151607100,0,5500,227400,6100,0,0,,,,none,blockchain-valid_active_5,0,False,239,8,
n100-identities_c10-conc_mech-blockchain-1backend_valid-active_r30_audit-off_20260903T170503Z,obs_e36c1e1f823c442fbbf79696bda025ab,2026-09-03T17:05:04.259402+00:00,blockchain,valid_active,18,10,UAV-VALID,ACCEPTED,ACCEPTED,True,133847200,133.8472,32800,133584900,0,2300,164000,3500,0,0,,,,none,blockchain-valid_active_7,0,False,240,8,
n100-identities_c10-conc_mech-blockchain-1backend_valid-active_r30_audit-off_20260903T170503Z,obs_61f63e0620bd41568c7bfea6cfcb6fc3,2026-09-03T17:05:04.297044+00:00,blockchain,valid_active,20,10,UAV-VALID,ACCEPTED,ACCEPTED,True,106602600,106.6026,43700,106277500,0,3300,182600,4100,0,0,,,,none,blockchain-valid_active_1,0,False,239,8,
n100-identities_c10-conc_mech-blockchain-1backend_valid-active_r30_audit-off_20260903T170503Z,obs_2145eb9b690e4e64871ebfea9297b61e,2026-09-03T17:05:04.333785+00:00,blockchain,valid_active,21,10,UAV-VALID,ACCEPTED,ACCEPTED,True,122188000,122.188,57800,121819200,0,5000,223700,6500,0,0,,,,none,blockchain-valid_active_2,0,False,238,8,
n100-identities_c10-conc_mech-blockchain-1backend_valid-active_r30_audit-off_20260903T170503Z,obs_7ee35e0bba394e4db9ee9f97446e9198,2026-09-03T17:05:04.346482+00:00,blockchain,valid_active,23,10,UAV-VALID,ACCEPTED,ACCEPTED,True,108943800,108.9438,40800,108546300,0,5500,239900,8100,0,0,,,,none,blockchain-valid_active_3,0,False,239,8,
n100-identities_c10-conc_mech-blockchain-1backend_valid-active_r30_audit-off_20260903T170503Z,obs_1c7138932ed144ba89f0053a6bdd0888,2026-09-03T17:05:04.384347+00:00,blockchain,valid_active,22,10,UAV-VALID,ACCEPTED,ACCEPTED,True,156560100,156.5601,61900,156292100,0,3100,160100,3300,0,0,,,,none,blockchain-valid_active_0,0,False,239,8,
n100-identities_c10-conc_mech-blockchain-1backend_valid-active_r30_audit-off_20260903T170503Z,obs_fcb9e3e6a6e54e8daa1f76328a2b4b31,2026-09-03T17:05:04.393467+00:00,blockchain,valid_active,25,10,UAV-VALID,ACCEPTED,ACCEPTED,True,141729300,141.7293,47000,141321600,0,6500,245500,8500,0,0,,,,none,blockchain-valid_active_9,0,False,239,8,
n100-identities_c10-conc_mech-blockchain-1backend_valid-active_r30_audit-off_20260903T170503Z,obs_5f80bf7dfa824b66bb2b0dc66bdbe734,2026-09-03T17:05:04.396775+00:00,blockchain,valid_active,27,10,UAV-VALID,ACCEPTED,ACCEPTED,True,127648000,127.648,50200,127217200,0,3300,247600,7000,0,0,,,,none,blockchain-valid_active_6,0,False,239,8,
n100-identities_c10-conc_mech-blockchain-1backend_valid-active_r30_audit-off_20260903T170503Z,obs_72b8823551434284a033d634c35e2a4f,2026-09-03T17:05:04.399314+00:00,blockchain,valid_active,28,10,UAV-VALID,ACCEPTED,ACCEPTED,True,128277400,128.2774,39300,128009300,0,3600,160600,3800,0,0,,,,none,blockchain-valid_active_5,0,False,239,8,
n100-identities_c10-conc_mech-blockchain-1backend_valid-active_r30_audit-off_20260903T170503Z,obs_c03de2ba831146058e051e9c59542dda,2026-09-03T17:05:04.400360+00:00,blockchain,valid_active,24,10,UAV-VALID,ACCEPTED,ACCEPTED,True,144611400,144.6114,33200,144397000,0,2500,139200,3600,0,0,,,,none,blockchain-valid_active_4,0,False,239,8,
n100-identities_c10-conc_mech-blockchain-1backend_valid-active_r30_audit-off_20260903T170503Z,obs_1c89fc9883dc4e05ad3a9bd08432e220,2026-09-03T17:05:04.406860+00:00,blockchain,valid_active,26,10,UAV-VALID,ACCEPTED,ACCEPTED,True,149869000,149.869,33800,149510300,0,4200,236400,5200,0,0,,,,none,blockchain-valid_active_8,0,False,240,8,
n100-identities_c10-conc_mech-blockchain-1backend_valid-active_r30_audit-off_20260903T170503Z,obs_3a393fafb9b844f09cd0031c9f3c86d9,2026-09-03T17:05:04.407984+00:00,blockchain,valid_active,29,10,UAV-VALID,ACCEPTED,ACCEPTED,True,122423700,122.4237,35500,122208500,0,2100,137900,2700,0,0,,,,none,blockchain-valid_active_7,0,False,239,8,
n100-identities_c25-conc_mech-x509-1backend_valid-active_r30_audit-off_20260903T170505Z,obs_2a94aba38a6a4f47bec9576103052c5c,2026-09-03T17:05:05.565746+00:00,x509,valid_active,0,25,UAV-VALID,ACCEPTED,ACCEPTED,True,3855900,3.8559,54300,97900,3199500,0,293900,6700,0,0,,,,none,MainThread,0,True,239,8,
n100-identities_c25-conc_mech-x509-1backend_valid-active_r30_audit-off_20260903T170505Z,obs_de8d6601633b4a90b69e8b119245b436,2026-09-03T17:05:05.573532+00:00,x509,valid_active,1,25,UAV-VALID,ACCEPTED,ACCEPTED,True,1207500,1.2075,37900,65700,947300,0,120500,4000,0,0,,,,none,MainThread,0,True,238,8,
n100-identities_c25-conc_mech-x509-1backend_valid-active_r30_audit-off_20260903T170505Z,obs_4c1840d779c54e5c8cfb169d90fa7617,2026-09-03T17:05:05.632707+00:00,x509,valid_active,5,25,UAV-VALID,ACCEPTED,ACCEPTED,True,16827000,16.827,33100,71500,16485500,0,160800,4200,0,0,,,,none,x509-valid_active_5,0,False,239,8,
n100-identities_c25-conc_mech-x509-1backend_valid-active_r30_audit-off_20260903T170505Z,obs_61c836dc367f41dd8291724371614d68,2026-09-03T17:05:05.645055+00:00,x509,valid_active,8,25,UAV-VALID,ACCEPTED,ACCEPTED,True,23854100,23.8541,22500,112900,23418400,0,189500,5600,0,0,,,,none,x509-valid_active_7,0,False,240,8,
n100-identities_c25-conc_mech-x509-1backend_valid-active_r30_audit-off_20260903T170505Z,obs_263d789faf084d93bce3fca9e50ae98c,2026-09-03T17:05:05.654142+00:00,x509,valid_active,9,25,UAV-VALID,ACCEPTED,ACCEPTED,True,30066600,30.0666,45900,86600,29667800,0,195200,5300,0,0,,,,none,x509-valid_active_8,0,False,239,8,
n100-identities_c25-conc_mech-x509-1backend_valid-active_r30_audit-off_20260903T170505Z,obs_b04b305214d6449c8ee7dc940729bb47,2026-09-03T17:05:05.625655+00:00,x509,valid_active,2,25,UAV-VALID,ACCEPTED,ACCEPTED,True,25864500,25.8645,46700,105800,25408100,0,220400,5800,0,0,,,,none,x509-valid_active_2,0,False,239,8,
n100-identities_c25-conc_mech-x509-1backend_valid-active_r30_audit-off_20260903T170505Z,obs_acaab4296ef9410a816ef8c05b4b5599,2026-09-03T17:05:05.643778+00:00,x509,valid_active,7,25,UAV-VALID,ACCEPTED,ACCEPTED,True,21873300,21.8733,41600,78700,21375500,0,298900,9400,0,0,,,,none,x509-valid_active_0,0,False,239,8,
n100-identities_c25-conc_mech-x509-1backend_valid-active_r30_audit-off_20260903T170505Z,obs_50e56f3e3618474f815a64c46203f500,2026-09-03T17:05:05.618515+00:00,x509,valid_active,3,25,UAV-VALID,ACCEPTED,ACCEPTED,True,15640100,15.6401,40200,99000,15238300,0,185800,5400,0,0,,,,none,x509-valid_active_3,0,False,240,8,
n100-identities_c25-conc_mech-x509-1backend_valid-active_r30_audit-off_20260903T170505Z,obs_d5f0528c28c340b0a32ff69d29598a60,2026-09-03T17:05:05.613801+00:00,x509,valid_active,1,25,UAV-VALID,ACCEPTED,ACCEPTED,True,21150300,21.1503,135100,229100,20548400,0,184300,5900,0,0,,,,none,x509-valid_active_1,0,False,240,8,
n100-identities_c25-conc_mech-x509-1backend_valid-active_r30_audit-off_20260903T170505Z,obs_7bbacf65c3604eda8b708490ecc2cce7,2026-09-03T17:05:05.623204+00:00,x509,valid_active,4,25,UAV-VALID,ACCEPTED,ACCEPTED,True,15878000,15.878,32300,105300,15472300,0,177600,5700,0,0,,,,none,x509-valid_active_4,0,False,239,8,
n100-identities_c25-conc_mech-x509-1backend_valid-active_r30_audit-off_20260903T170505Z,obs_294a5425a3cb470083530b58e0f61650,2026-09-03T17:05:05.598637+00:00,x509,valid_active,0,25,UAV-VALID,ACCEPTED,ACCEPTED,True,12407300,12.4073,46100,87300,11949500,0,227800,7900,0,0,,,,none,x509-valid_active_0,0,False,239,8,
n100-identities_c25-conc_mech-x509-1backend_valid-active_r30_audit-off_20260903T170505Z,obs_e203bee059e14f05ba310a9bd1c39559,2026-09-03T17:05:05.658599+00:00,x509,valid_active,6,25,UAV-VALID,ACCEPTED,ACCEPTED,True,34952600,34.9526,46700,74000,34629400,0,153300,4100,0,0,,,,none,x509-valid_active_6,0,False,239,8,
n100-identities_c25-conc_mech-x509-1backend_valid-active_r30_audit-off_20260903T170505Z,obs_4ff768d145c44bc1acd12fe5d2e8730a,2026-09-03T17:05:05.675653+00:00,x509,valid_active,15,25,UAV-VALID,ACCEPTED,ACCEPTED,True,27573400,27.5734,52400,67800,27103700,0,269900,7200,0,0,,,,none,x509-valid_active_3,0,False,239,8,
n100-identities_c25-conc_mech-x509-1backend_valid-active_r30_audit-off_20260903T170505Z,obs_05e4b416ae8140bc956f1386ac9a1836,2026-09-03T17:05:05.677894+00:00,x509,valid_active,10,25,UAV-VALID,ACCEPTED,ACCEPTED,True,35529900,35.5299,52400,82400,34987100,0,284400,15000,0,0,,,,none,x509-valid_active_9,0,False,239,8,
n100-identities_c25-conc_mech-x509-1backend_valid-active_r30_audit-off_20260903T170505Z,obs_957fb35441d945dd8617252da9d1493a,2026-09-03T17:05:05.681166+00:00,x509,valid_active,13,25,UAV-VALID,ACCEPTED,ACCEPTED,True,32651700,32.6517,29100,66400,32114200,0,313000,7900,0,0,,,,none,x509-valid_active_11,0,False,239,8,
n100-identities_c25-conc_mech-x509-1backend_valid-active_r30_audit-off_20260903T170505Z,obs_f67e95bd627a4e63af5bf3373b76934c,2026-09-03T17:05:05.691745+00:00,x509,valid_active,12,25,UAV-VALID,ACCEPTED,ACCEPTED,True,31834200,31.8342,33100,57700,31308400,0,331200,6500,0,0,,,,none,x509-valid_active_1,0,False,239,8,
n100-identities_c25-conc_mech-x509-1backend_valid-active_r30_audit-off_20260903T170505Z,obs_46c3625da5244f22b983d75efd7bc8f8,2026-09-03T17:05:05.703022+00:00,x509,valid_active,20,25,UAV-VALID,ACCEPTED,ACCEPTED,True,19978900,19.9789,59000,109200,19350500,0,217000,7100,0,0,,,,none,x509-valid_active_15,0,False,239,8,
n100-identities_c25-conc_mech-x509-1backend_valid-active_r30_audit-off_20260903T170505Z,obs_fe66703db6034071a9780045f0077d4c,2026-09-03T17:05:05.705992+00:00,x509,valid_active,17,25,UAV-VALID,ACCEPTED,ACCEPTED,True,43945000,43.945,49900,121800,43466500,0,219700,5400,0,0,,,,none,x509-valid_active_4,0,False,239,8,
n100-identities_c25-conc_mech-x509-1backend_valid-active_r30_audit-off_20260903T170505Z,obs_6b474c98947f45b5b5f0ec05077e12cb,2026-09-03T17:05:05.720348+00:00,x509,valid_active,19,25,UAV-VALID,ACCEPTED,ACCEPTED,True,53226700,53.2267,32000,63700,52630900,0,395000,7800,0,0,,,,none,x509-valid_active_2,0,False,240,8,
n100-identities_c25-conc_mech-x509-1backend_valid-active_r30_audit-off_20260903T170505Z,obs_e873e291a7ce4b98bdfb8e81fe07c364,2026-09-03T17:05:05.722792+00:00,x509,valid_active,14,25,UAV-VALID,ACCEPTED,ACCEPTED,True,57855900,57.8559,29500,93600,57316500,0,294700,5700,0,0,,,,none,x509-valid_active_12,0,False,239,8,
n100-identities_c25-conc_mech-x509-1backend_valid-active_r30_audit-off_20260903T170505Z,obs_eb4ede88add04fcbb45bcc63e5bc0948,2026-09-03T17:05:05.725440+00:00,x509,valid_active,11,25,UAV-VALID,ACCEPTED,ACCEPTED,True,64738300,64.7383,34000,83100,64311400,0,219500,5800,0,0,,,,none,x509-valid_active_10,0,False,240,8,
n100-identities_c25-conc_mech-x509-1backend_valid-active_r30_audit-off_20260903T170505Z,obs_066fe0a5f59d4db08f084608ac1a8a6d,2026-09-03T17:05:05.726061+00:00,x509,valid_active,25,25,UAV-VALID,ACCEPTED,ACCEPTED,True,30652600,30.6526,43100,187100,30117900,0,173000,9000,0,0,,,,none,x509-valid_active_19,0,False,239,8,
n100-identities_c25-conc_mech-x509-1backend_valid-active_r30_audit-off_20260903T170505Z,obs_755c181fd1324d2a9612f3f80884e55c,2026-09-03T17:05:05.729859+00:00,x509,valid_active,29,25,UAV-VALID,ACCEPTED,ACCEPTED,True,26296800,26.2968,93900,169500,25480800,0,332500,5700,0,0,,,,none,x509-valid_active_8,0,False,238,8,
n100-identities_c25-conc_mech-x509-1backend_valid-active_r30_audit-off_20260903T170505Z,obs_6186c6b8e83f417a9daa41b935fa0ae4,2026-09-03T17:05:05.732101+00:00,x509,valid_active,21,25,UAV-VALID,ACCEPTED,ACCEPTED,True,61751300,61.7513,36000,56900,61182500,0,306100,44000,0,0,,,,none,x509-valid_active_5,0,False,240,8,
n100-identities_c25-conc_mech-x509-1backend_valid-active_r30_audit-off_20260903T170505Z,obs_704ff938022a4787a07733ed6344e815,2026-09-03T17:05:05.733180+00:00,x509,valid_active,23,25,UAV-VALID,ACCEPTED,ACCEPTED,True,20954100,20.9541,114400,231500,20308900,0,239400,6900,0,0,,,,none,x509-valid_active_17,0,False,240,8,
n100-identities_c25-conc_mech-x509-1backend_valid-active_r30_audit-off_20260903T170505Z,obs_40e5cddc8de74c15bb62ce1dcbf21c41,2026-09-03T17:05:05.733910+00:00,x509,valid_active,26,25,UAV-VALID,ACCEPTED,ACCEPTED,True,35705900,35.7059,49400,137200,35120600,0,287100,9500,0,0,,,,none,x509-valid_active_0,0,False,239,8,
n100-identities_c25-conc_mech-x509-1backend_valid-active_r30_audit-off_20260903T170505Z,obs_b3af4fd45beb4ed584801206c7657fc3,2026-09-03T17:05:05.737433+00:00,x509,valid_active,27,25,UAV-VALID,ACCEPTED,ACCEPTED,True,30335800,30.3358,176300,88000,29853600,0,207700,12100,0,0,,,,none,x509-valid_active_7,0,False,238,8,
n100-identities_c25-conc_mech-x509-1backend_valid-active_r30_audit-off_20260903T170505Z,obs_2b2d36b106154e3681e551c6ed820113,2026-09-03T17:05:05.738315+00:00,x509,valid_active,28,25,UAV-VALID,ACCEPTED,ACCEPTED,True,16513600,16.5136,49000,126900,15928400,0,243900,5100,0,0,,,,none,x509-valid_active_20,0,False,240,8,
n100-identities_c25-conc_mech-x509-1backend_valid-active_r30_audit-off_20260903T170505Z,obs_782bb110cbec4c8d94ae469ed20d79a4,2026-09-03T17:05:05.739327+00:00,x509,valid_active,16,25,UAV-VALID,ACCEPTED,ACCEPTED,True,66179000,66.179,37700,485600,65103100,0,308200,9200,0,0,,,,none,x509-valid_active_13,0,False,239,8,
n100-identities_c25-conc_mech-x509-1backend_valid-active_r30_audit-off_20260903T170505Z,obs_3d6e41ae209b4f0abd1a90c4f7d18144,2026-09-03T17:05:05.740078+00:00,x509,valid_active,18,25,UAV-VALID,ACCEPTED,ACCEPTED,True,24251000,24.251,47300,253700,23139900,0,247800,6700,0,0,,,,none,x509-valid_active_14,0,False,240,8,
n100-identities_c25-conc_mech-x509-1backend_valid-active_r30_audit-off_20260903T170505Z,obs_3f970c0da2e04292a969deac1c651143,2026-09-03T17:05:05.740810+00:00,x509,valid_active,22,25,UAV-VALID,ACCEPTED,ACCEPTED,True,51801500,51.8015,30200,738100,50631000,0,235400,13200,0,0,,,,none,x509-valid_active_16,0,False,239,8,
n100-identities_c25-conc_mech-x509-1backend_valid-active_r30_audit-off_20260903T170505Z,obs_bfdb18205df446229c0ac48e6915d739,2026-09-03T17:05:05.742078+00:00,x509,valid_active,24,25,UAV-VALID,ACCEPTED,ACCEPTED,True,31218500,31.2185,65300,273500,30429300,0,243200,8500,0,0,,,,none,x509-valid_active_18,0,False,239,8,
n100-identities_c25-conc_mech-blockchain-1backend_valid-active_r30_audit-off_20260903T170506Z,obs_aa40795ad86644ebb461813bf704e78a,2026-09-03T17:05:06.825072+00:00,blockchain,valid_active,0,25,UAV-VALID,ACCEPTED,ACCEPTED,True,27416200,27.4162,56800,27128600,0,3900,170400,4300,0,0,,,,none,MainThread,0,True,240,8,
n100-identities_c25-conc_mech-blockchain-1backend_valid-active_r30_audit-off_20260903T170506Z,obs_3b926d3ae19b4590a738bf9ce8d5ffb3,2026-09-03T17:05:06.851558+00:00,blockchain,valid_active,1,25,UAV-VALID,ACCEPTED,ACCEPTED,True,20676600,20.6766,45100,20391900,0,2700,164600,4100,0,0,,,,none,MainThread,0,True,239,8,
n100-identities_c25-conc_mech-blockchain-1backend_valid-active_r30_audit-off_20260903T170506Z,obs_33f73926fd8c491f812da6dff0d285e2,2026-09-03T17:05:07.034604+00:00,blockchain,valid_active,0,25,UAV-VALID,ACCEPTED,ACCEPTED,True,175949100,175.9491,28700,175503300,0,6600,284000,8300,0,0,,,,none,blockchain-valid_active_0,0,False,240,8,
n100-identities_c25-conc_mech-blockchain-1backend_valid-active_r30_audit-off_20260903T170506Z,obs_2db48889d654416ba34f91f7f9f3e7f2,2026-09-03T17:05:07.152515+00:00,blockchain,valid_active,3,25,UAV-VALID,ACCEPTED,ACCEPTED,True,278391900,278.3919,30600,277963700,0,6300,257700,6100,0,0,,,,none,blockchain-valid_active_3,0,False,239,8,
n100-identities_c25-conc_mech-blockchain-1backend_valid-active_r30_audit-off_20260903T170506Z,obs_5bfb194b71714617859834f20ab0339e,2026-09-03T17:05:07.160533+00:00,blockchain,valid_active,1,25,UAV-VALID,ACCEPTED,ACCEPTED,True,296392000,296.392,51000,295870200,0,24300,304000,9900,0,0,,,,none,blockchain-valid_active_1,0,False,239,8,
n100-identities_c25-conc_mech-blockchain-1backend_valid-active_r30_audit-off_20260903T170506Z,obs_d410ddf38d8b482fb4e1bd9f4c11b99b,2026-09-03T17:05:07.167348+00:00,blockchain,valid_active,2,25,UAV-VALID,ACCEPTED,ACCEPTED,True,297357600,297.3576,31800,296971100,0,4500,251100,5300,0,0,,,,none,blockchain-valid_active_2,0,False,238,8,
n100-identities_c25-conc_mech-blockchain-1backend_valid-active_r30_audit-off_20260903T170506Z,obs_62129f2fc6b64969a24f0231787da6c5,2026-09-03T17:05:07.223445+00:00,blockchain,valid_active,4,25,UAV-VALID,ACCEPTED,ACCEPTED,True,338829600,338.8296,44600,338418500,0,5300,247700,8100,0,0,,,,none,blockchain-valid_active_4,0,False,240,8,
n100-identities_c25-conc_mech-blockchain-1backend_valid-active_r30_audit-off_20260903T170506Z,obs_dc0e85c180ef49bbab08aad6951359f7,2026-09-03T17:05:07.248429+00:00,blockchain,valid_active,9,25,UAV-VALID,ACCEPTED,ACCEPTED,True,335973000,335.973,37500,335479000,0,5600,308000,9600,0,0,,,,none,blockchain-valid_active_9,0,False,240,8,
n100-identities_c25-conc_mech-blockchain-1backend_valid-active_r30_audit-off_20260903T170506Z,obs_5eff78f3aae043668899d0c592d3d752,2026-09-03T17:05:07.259236+00:00,blockchain,valid_active,5,25,UAV-VALID,ACCEPTED,ACCEPTED,True,368919100,368.9191,37400,368459000,0,4900,292900,9300,0,0,,,,none,blockchain-valid_active_5,0,False,239,8,
n100-identities_c25-conc_mech-blockchain-1backend_valid-active_r30_audit-off_20260903T170506Z,obs_b9f5cc572fc943f382bc8d275a6d71a3,2026-09-03T17:05:07.274812+00:00,blockchain,valid_active,8,25,UAV-VALID,ACCEPTED,ACCEPTED,True,373320500,373.3205,29500,372890400,0,6700,270100,7500,0,0,,,,none,blockchain-valid_active_8,0,False,239,8,
n100-identities_c25-conc_mech-blockchain-1backend_valid-active_r30_audit-off_20260903T170506Z,obs_26f94cfc8130422d87eb343c76a71665,2026-09-03T17:05:07.293173+00:00,blockchain,valid_active,6,25,UAV-VALID,ACCEPTED,ACCEPTED,True,386638700,386.6387,34000,386239000,0,5600,256500,9400,0,0,,,,none,blockchain-valid_active_6,0,False,239,8,
n100-identities_c25-conc_mech-blockchain-1backend_valid-active_r30_audit-off_20260903T170506Z,obs_a589ccb6c89d460f8a48977f57b2697c,2026-09-03T17:05:07.350217+00:00,blockchain,valid_active,11,25,UAV-VALID,ACCEPTED,ACCEPTED,True,428874000,428.874,44700,428471600,0,5500,240900,7400,0,0,,,,none,blockchain-valid_active_11,0,False,239,8,
n100-identities_c25-conc_mech-blockchain-1backend_valid-active_r30_audit-off_20260903T170506Z,obs_a1a17e1f32b74b5eab97871e4678d0f4,2026-09-03T17:05:07.374605+00:00,blockchain,valid_active,7,25,UAV-VALID,ACCEPTED,ACCEPTED,True,471404500,471.4045,23400,470980300,0,4900,256300,7100,0,0,,,,none,blockchain-valid_active_7,0,False,240,8,
n100-identities_c25-conc_mech-blockchain-1backend_valid-active_r30_audit-off_20260903T170506Z,obs_60ac7a5ed7bf4b9c97f5e006bdeb640f,2026-09-03T17:05:07.394205+00:00,blockchain,valid_active,16,25,UAV-VALID,ACCEPTED,ACCEPTED,True,424010700,424.0107,37800,423566800,0,6300,277500,7800,0,0,,,,none,blockchain-valid_active_16,0,False,240,8,
n100-identities_c25-conc_mech-blockchain-1backend_valid-active_r30_audit-off_20260903T170506Z,obs_c33f34342aea4604ab99adebec2e4464,2026-09-03T17:05:07.407450+00:00,blockchain,valid_active,12,25,UAV-VALID,ACCEPTED,ACCEPTED,True,480089600,480.0896,60600,479806800,0,2900,165600,3500,0,0,,,,none,blockchain-valid_active_12,0,False,238,8,
n100-identities_c25-conc_mech-blockchain-1backend_valid-active_r30_audit-off_20260903T170506Z,obs_abff9c76c9ab4e978deadcb83aacb6ff,2026-09-03T17:05:07.412446+00:00,blockchain,valid_active,10,25,UAV-VALID,ACCEPTED,ACCEPTED,True,495600700,495.6007,48000,495242800,0,6300,218000,6100,0,0,,,,none,blockchain-valid_active_10,0,False,238,8,
n100-identities_c25-conc_mech-blockchain-1backend_valid-active_r30_audit-off_20260903T170506Z,obs_0aade2526c6a4ac7861bc20327c93a48,2026-09-03T17:05:07.413809+00:00,blockchain,valid_active,19,25,UAV-VALID,ACCEPTED,ACCEPTED,True,417831200,417.8312,46800,417578500,0,3300,151800,3900,0,0,,,,none,blockchain-valid_active_19,0,False,240,8,
n100-identities_c25-conc_mech-blockchain-1backend_valid-active_r30_audit-off_20260903T170506Z,obs_93e1cb2eb2194f69a18c66ae2739d1fb,2026-09-03T17:05:07.417880+00:00,blockchain,valid_active,13,25,UAV-VALID,ACCEPTED,ACCEPTED,True,482844200,482.8442,32200,482414700,0,13800,274500,6000,0,0,,,,none,blockchain-valid_active_13,0,False,239,8,
n100-identities_c25-conc_mech-blockchain-1backend_valid-active_r30_audit-off_20260903T170506Z,obs_c55845c7053b46f7859b11d290e999e5,2026-09-03T17:05:07.439834+00:00,blockchain,valid_active,24,25,UAV-VALID,ACCEPTED,ACCEPTED,True,384607700,384.6077,45200,384304200,0,3900,185200,4300,0,0,,,,none,blockchain-valid_active_24,0,False,240,8,
n100-identities_c25-conc_mech-blockchain-1backend_valid-active_r30_audit-off_20260903T170506Z,obs_0974055f547043f1bbefaa9e3c3c3e89,2026-09-03T17:05:07.443581+00:00,blockchain,valid_active,25,25,UAV-VALID,ACCEPTED,ACCEPTED,True,327556400,327.5564,49400,327220200,0,3800,199100,5800,0,0,,,,none,blockchain-valid_active_0,0,False,239,8,
n100-identities_c25-conc_mech-blockchain-1backend_valid-active_r30_audit-off_20260903T170506Z,obs_374bae7d59a44ff9a5cb2cca10f6ef6b,2026-09-03T17:05:07.447551+00:00,blockchain,valid_active,22,25,UAV-VALID,ACCEPTED,ACCEPTED,True,406903300,406.9033,30700,406409700,0,5200,242200,118500,0,0,,,,none,blockchain-valid_active_22,0,False,238,8,
n100-identities_c25-conc_mech-blockchain-1backend_valid-active_r30_audit-off_20260903T170506Z,obs_989044bd6349446aa881059020079998,2026-09-03T17:05:07.448744+00:00,blockchain,valid_active,15,25,UAV-VALID,ACCEPTED,ACCEPTED,True,472537900,472.5379,24600,472273900,0,3500,160600,3900,0,0,,,,none,blockchain-valid_active_15,0,False,239,8,
n100-identities_c25-conc_mech-blockchain-1backend_valid-active_r30_audit-off_20260903T170506Z,obs_b0adfc173d3b4897882844781a95c507,2026-09-03T17:05:07.452038+00:00,blockchain,valid_active,23,25,UAV-VALID,ACCEPTED,ACCEPTED,True,429817600,429.8176,69600,429480100,0,3100,184300,5600,0,0,,,,none,blockchain-valid_active_23,0,False,238,8,
n100-identities_c25-conc_mech-blockchain-1backend_valid-active_r30_audit-off_20260903T170506Z,obs_0249e300150e42da908b0f86dd095fe1,2026-09-03T17:05:07.454221+00:00,blockchain,valid_active,17,25,UAV-VALID,ACCEPTED,ACCEPTED,True,479136700,479.1367,30000,478825100,0,2400,219800,4100,0,0,,,,none,blockchain-valid_active_17,0,False,239,8,
n100-identities_c25-conc_mech-blockchain-1backend_valid-active_r30_audit-off_20260903T170506Z,obs_9a1db4dfe4504db5a44088d3a663b236,2026-09-03T17:05:07.457176+00:00,blockchain,valid_active,21,25,UAV-VALID,ACCEPTED,ACCEPTED,True,464681800,464.6818,51500,464279300,0,4300,241500,6700,0,0,,,,none,blockchain-valid_active_21,0,False,239,8,
n100-identities_c25-conc_mech-blockchain-1backend_valid-active_r30_audit-off_20260903T170506Z,obs_9b7747109aba4ddeaabe97becdde5ff5,2026-09-03T17:05:07.461701+00:00,blockchain,valid_active,20,25,UAV-VALID,ACCEPTED,ACCEPTED,True,457817900,457.8179,64600,457382100,0,4000,226300,6500,0,0,,,,none,blockchain-valid_active_20,0,False,238,8,
n100-identities_c25-conc_mech-blockchain-1backend_valid-active_r30_audit-off_20260903T170506Z,obs_e035e7cf16894eb3b0772e7ae7a31943,2026-09-03T17:05:07.466836+00:00,blockchain,valid_active,18,25,UAV-VALID,ACCEPTED,ACCEPTED,True,494901600,494.9016,45100,494590200,0,2800,177100,3900,0,0,,,,none,blockchain-valid_active_18,0,False,239,8,
n100-identities_c25-conc_mech-blockchain-1backend_valid-active_r30_audit-off_20260903T170506Z,obs_a4d82f15ffc74f57b3927a28949942b8,2026-09-03T17:05:07.479696+00:00,blockchain,valid_active,14,25,UAV-VALID,ACCEPTED,ACCEPTED,True,520508700,520.5087,30300,520168100,0,4900,205000,6500,0,0,,,,none,blockchain-valid_active_14,0,False,239,8,
n100-identities_c25-conc_mech-blockchain-1backend_valid-active_r30_audit-off_20260903T170506Z,obs_b4c82c1b8a5f4326b7dd54932d8914fc,2026-09-03T17:05:07.487724+00:00,blockchain,valid_active,26,25,UAV-VALID,ACCEPTED,ACCEPTED,True,246165400,246.1654,66600,245807500,0,2800,225800,6800,0,0,,,,none,blockchain-valid_active_3,0,False,239,8,
n100-identities_c25-conc_mech-blockchain-1backend_valid-active_r30_audit-off_20260903T170506Z,obs_d851bc83a99044ca9136f3be70dc663f,2026-09-03T17:05:07.505525+00:00,blockchain,valid_active,27,25,UAV-VALID,ACCEPTED,ACCEPTED,True,149633200,149.6332,50800,149329200,0,2500,172100,4400,0,0,,,,none,blockchain-valid_active_1,0,False,240,8,
n100-identities_c25-conc_mech-blockchain-1backend_valid-active_r30_audit-off_20260903T170506Z,obs_4a339a777c4b4038ad72986eae65cf40,2026-09-03T17:05:07.506817+00:00,blockchain,valid_active,28,25,UAV-VALID,ACCEPTED,ACCEPTED,True,137361300,137.3613,58200,137125600,0,2700,148300,3300,0,0,,,,none,blockchain-valid_active_2,0,False,238,8,
n100-identities_c25-conc_mech-blockchain-1backend_valid-active_r30_audit-off_20260903T170506Z,obs_ff8bab6163ab459894e31b70c1d8b48d,2026-09-03T17:05:07.508069+00:00,blockchain,valid_active,29,25,UAV-VALID,ACCEPTED,ACCEPTED,True,175943700,175.9437,52000,175707800,0,2200,145300,3200,0,0,,,,none,blockchain-valid_active_4,0,False,239,8,
n100-identities_c50-conc_mech-x509-1backend_valid-active_r50_audit-off_20260903T170508Z,obs_fe54f0cf7d084d8f963bf8820b24bbb1,2026-09-03T17:05:08.547497+00:00,x509,valid_active,0,50,UAV-VALID,ACCEPTED,ACCEPTED,True,1477000,1.477,36600,64200,1211100,0,122700,3200,0,0,,,,none,MainThread,0,True,240,8,
n100-identities_c50-conc_mech-x509-1backend_valid-active_r50_audit-off_20260903T170508Z,obs_3af9a290fa8448808baa424b612d6520,2026-09-03T17:05:08.552962+00:00,x509,valid_active,1,50,UAV-VALID,ACCEPTED,ACCEPTED,True,1095200,1.0952,29000,55500,856600,0,115900,3300,0,0,,,,none,MainThread,0,True,238,8,
n100-identities_c50-conc_mech-x509-1backend_valid-active_r50_audit-off_20260903T170508Z,obs_07de03adde30457a9e07dd431089d54a,2026-09-03T17:05:08.589437+00:00,x509,valid_active,3,50,UAV-VALID,ACCEPTED,ACCEPTED,True,15273700,15.2737,28600,61100,14885600,0,215300,4200,0,0,,,,none,x509-valid_active_3,0,False,239,8,
n100-identities_c50-conc_mech-x509-1backend_valid-active_r50_audit-off_20260903T170508Z,obs_b9089289e54f442d8c19023628c408f1,2026-09-03T17:05:08.648550+00:00,x509,valid_active,12,50,UAV-VALID,ACCEPTED,ACCEPTED,True,24803800,24.8038,38000,72600,24516500,0,129900,6600,0,0,,,,none,x509-valid_active_12,0,False,238,8,
n100-identities_c50-conc_mech-x509-1backend_valid-active_r50_audit-off_20260903T170508Z,obs_8fcb079ad5fd48aca5454cda580da63d,2026-09-03T17:05:08.630367+00:00,x509,valid_active,9,50,UAV-VALID,ACCEPTED,ACCEPTED,True,35526300,35.5263,23500,127600,35172100,0,126200,3200,0,0,,,,none,x509-valid_active_9,0,False,239,8,
n100-identities_c50-conc_mech-x509-1backend_valid-active_r50_audit-off_20260903T170508Z,obs_d233a6eec1e14ee092a03c1e784f830b,2026-09-03T17:05:08.663048+00:00,x509,valid_active,16,50,UAV-VALID,ACCEPTED,ACCEPTED,True,29948100,29.9481,24700,71600,29635700,0,148200,4000,0,0,,,,none,x509-valid_active_15,0,False,239,8,
n100-identities_c50-conc_mech-x509-1backend_valid-active_r50_audit-off_20260903T170508Z,obs_3df22523efd74fc8ac840d64b6166ecd,2026-09-03T17:05:08.574876+00:00,x509,valid_active,0,50,UAV-VALID,ACCEPTED,ACCEPTED,True,10982600,10.9826,72700,71600,10677500,0,147600,5300,0,0,,,,none,x509-valid_active_0,0,False,239,8,
n100-identities_c50-conc_mech-x509-1backend_valid-active_r50_audit-off_20260903T170508Z,obs_28fcc11565ac420bbecb853c37101f16,2026-09-03T17:05:08.606698+00:00,x509,valid_active,6,50,UAV-VALID,ACCEPTED,ACCEPTED,True,21422500,21.4225,41200,59200,21068600,0,190500,4800,0,0,,,,none,x509-valid_active_6,0,False,238,8,
n100-identities_c50-conc_mech-x509-1backend_valid-active_r50_audit-off_20260903T170508Z,obs_b78ab7ac93b945ab8609a7e745ffd620,2026-09-03T17:05:08.650562+00:00,x509,valid_active,14,50,UAV-VALID,ACCEPTED,ACCEPTED,True,45154900,45.1549,27000,107100,44827100,0,127400,3100,0,0,,,,none,x509-valid_active_13,0,False,240,8,
n100-identities_c50-conc_mech-x509-1backend_valid-active_r50_audit-off_20260903T170508Z,obs_d82d30584bbf4197b67945cdec3a3631,2026-09-03T17:05:08.629568+00:00,x509,valid_active,10,50,UAV-VALID,ACCEPTED,ACCEPTED,True,33681200,33.6812,21000,84100,33236200,0,225600,6500,0,0,,,,none,x509-valid_active_10,0,False,239,8,
n100-identities_c50-conc_mech-x509-1backend_valid-active_r50_audit-off_20260903T170508Z,obs_ce5b118dad70408fbb27d9fd2fee4597,2026-09-03T17:05:08.647632+00:00,x509,valid_active,11,50,UAV-VALID,ACCEPTED,ACCEPTED,True,35619100,35.6191,26600,116000,35176500,0,224900,3300,0,0,,,,none,x509-valid_active_11,0,False,238,8,
n100-identities_c50-conc_mech-x509-1backend_valid-active_r50_audit-off_20260903T170508Z,obs_7e9342575b7242ccb3b2a27a77a7e84a,2026-09-03T17:05:08.600393+00:00,x509,valid_active,4,50,UAV-VALID,ACCEPTED,ACCEPTED,True,21327400,21.3274,32300,111400,20977000,0,135800,4200,0,0,,,,none,x509-valid_active_4,0,False,238,8,
n100-identities_c50-conc_mech-x509-1backend_valid-active_r50_audit-off_20260903T170508Z,obs_8ba2152bb7e24c0a958d399ef6814f0b,2026-09-03T17:05:08.597676+00:00,x509,valid_active,2,50,UAV-VALID,ACCEPTED,ACCEPTED,True,21633200,21.6332,27500,77100,21245600,0,189000,5000,0,0,,,,none,x509-valid_active_2,0,False,239,8,
n100-identities_c50-conc_mech-x509-1backend_valid-active_r50_audit-off_20260903T170508Z,obs_52e5a1234ac744e1b37065324d05c1e7,2026-09-03T17:05:08.611493+00:00,x509,valid_active,5,50,UAV-VALID,ACCEPTED,ACCEPTED,True,30323500,30.3235,30200,62700,29940300,0,199600,7200,0,0,,,,none,x509-valid_active_5,0,False,238,8,
n100-identities_c50-conc_mech-x509-1backend_valid-active_r50_audit-off_20260903T170508Z,obs_d6758872a1db463f8bbeb15cfa25d674,2026-09-03T17:05:08.614592+00:00,x509,valid_active,7,50,UAV-VALID,ACCEPTED,ACCEPTED,True,23100500,23.1005,21500,61800,22727600,0,188600,4100,0,0,,,,none,x509-valid_active_7,0,False,239,8,
n100-identities_c50-conc_mech-x509-1backend_valid-active_r50_audit-off_20260903T170508Z,obs_2b4a9d29813842be9871405a724b49e8,2026-09-03T17:05:08.626555+00:00,x509,valid_active,8,50,UAV-VALID,ACCEPTED,ACCEPTED,True,33784900,33.7849,33200,119200,33380600,0,161800,4200,0,0,,,,none,x509-valid_active_8,0,False,239,8,
n100-identities_c50-conc_mech-x509-1backend_valid-active_r50_audit-off_20260903T170508Z,obs_94b4cd1b8de14d739342b7a57c7b11f3,2026-09-03T17:05:08.586291+00:00,x509,valid_active,1,50,UAV-VALID,ACCEPTED,ACCEPTED,True,17839000,17.839,34600,76000,17558600,0,127700,2900,0,0,,,,none,x509-valid_active_1,0,False,239,8,
n100-identities_c50-conc_mech-x509-1backend_valid-active_r50_audit-off_20260903T170508Z,obs_9323da69c040498fb59a07530ef0e3ed,2026-09-03T17:05:08.668053+00:00,x509,valid_active,13,50,UAV-VALID,ACCEPTED,ACCEPTED,True,46083400,46.0834,25300,66400,45799100,0,131700,3200,0,0,,,,none,x509-valid_active_0,0,False,238,8,
n100-identities_c50-conc_mech-x509-1backend_valid-active_r50_audit-off_20260903T170508Z,obs_3a0a5ce9364c40ca8e0416f128cfa965,2026-09-03T17:05:08.669678+00:00,x509,valid_active,15,50,UAV-VALID,ACCEPTED,ACCEPTED,True,33026200,33.0262,24700,56400,32530600,0,177900,5700,0,0,,,,none,x509-valid_active_14,0,False,238,8,
n100-identities_c50-conc_mech-x509-1backend_valid-active_r50_audit-off_20260903T170508Z,obs_40ab8dca918a4c7a8a8ce02bc4918ef5,2026-09-03T17:05:08.670901+00:00,x509,valid_active,22,50,UAV-VALID,ACCEPTED,ACCEPTED,True,35670600,35.6706,37300,55900,35401200,0,140200,2900,0,0,,,,none,x509-valid_active_19,0,False,239,8,
n100-identities_c50-conc_mech-x509-1backend_valid-active_r50_audit-off_20260903T170508Z,obs_4bffcdffd54b461a8e184efd7a37718d,2026-09-03T17:05:08.672564+00:00,x509,valid_active,21,50,UAV-VALID,ACCEPTED,ACCEPTED,True,35582400,35.5824,26800,81200,35294300,0,124100,2600,0,0,,,,none,x509-valid_active_18,0,False,240,8,
n100-identities_c50-conc_mech-x509-1backend_valid-active_r50_audit-off_20260903T170508Z,obs_84c30ae485b34d0b824c3831b6e7bb35,2026-09-03T17:05:08.678480+00:00,x509,valid_active,19,50,UAV-VALID,ACCEPTED,ACCEPTED,True,39237400,39.2374,37700,72600,38879900,0,180100,5400,0,0,,,,none,x509-valid_active_17,0,False,239,8,
n100-identities_c50-conc_mech-x509-1backend_valid-active_r50_audit-off_20260903T170508Z,obs_5bba1b593d7c4dd2afc4e356cee69f74,2026-09-03T17:05:08.678972+00:00,x509,valid_active,17,50,UAV-VALID,ACCEPTED,ACCEPTED,True,44131200,44.1312,36700,50500,43817200,0,168100,4400,0,0,,,,none,x509-valid_active_1,0,False,239,8,
n100-identities_c50-conc_mech-x509-1backend_valid-active_r50_audit-off_20260903T170508Z,obs_338ed9ce3cb745c7b39894799dfc16f2,2026-09-03T17:05:08.679773+00:00,x509,valid_active,26,50,UAV-VALID,ACCEPTED,ACCEPTED,True,33376400,33.3764,23900,66200,33113900,0,124200,2600,0,0,,,,none,x509-valid_active_21,0,False,239,8,
n100-identities_c50-conc_mech-x509-1backend_valid-active_r50_audit-off_20260903T170508Z,obs_fcdfdab3f034494985e85d7764b5418b,2026-09-03T17:05:08.682514+00:00,x509,valid_active,25,50,UAV-VALID,ACCEPTED,ACCEPTED,True,30487600,30.4876,26300,46600,30248900,0,126700,3400,0,0,,,,none,x509-valid_active_4,0,False,240,8,
n100-identities_c50-conc_mech-x509-1backend_valid-active_r50_audit-off_20260903T170508Z,obs_4ebe06eddf2a42ae8df86a6ba74b83cb,2026-09-03T17:05:08.683203+00:00,x509,valid_active,20,50,UAV-VALID,ACCEPTED,ACCEPTED,True,38610900,38.6109,27400,61900,38345800,0,122300,3100,0,0,,,,none,x509-valid_active_3,0,False,239,8,
n100-identities_c50-conc_mech-x509-1backend_valid-active_r50_audit-off_20260903T170508Z,obs_268afb56d7dd43c2b33b5e94cd7ceed9,2026-09-03T17:05:08.688388+00:00,x509,valid_active,18,50,UAV-VALID,ACCEPTED,ACCEPTED,True,42424200,42.4242,27700,114000,42093400,0,123600,2800,0,0,,,,none,x509-valid_active_16,0,False,239,8,
n100-identities_c50-conc_mech-x509-1backend_valid-active_r50_audit-off_20260903T170508Z,obs_bb5c3d073ca1474ab3003acd4952f890,2026-09-03T17:05:08.690647+00:00,x509,valid_active,24,50,UAV-VALID,ACCEPTED,ACCEPTED,True,32160900,32.1609,24100,67000,31900900,0,117500,3200,0,0,,,,none,x509-valid_active_20,0,False,239,8,
n100-identities_c50-conc_mech-x509-1backend_valid-active_r50_audit-off_20260903T170508Z,obs_90b81c7c90f844aaa944a4f480a64a2d,2026-09-03T17:05:08.691279+00:00,x509,valid_active,27,50,UAV-VALID,ACCEPTED,ACCEPTED,True,37991200,37.9912,36000,113800,37683400,0,112500,2600,0,0,,,,none,x509-valid_active_22,0,False,239,8,
n100-identities_c50-conc_mech-x509-1backend_valid-active_r50_audit-off_20260903T170508Z,obs_c367fcc4760848f98240fa9fd0b5f34d,2026-09-03T17:05:08.695116+00:00,x509,valid_active,29,50,UAV-VALID,ACCEPTED,ACCEPTED,True,52938500,52.9385,19900,65200,52636600,0,147600,4300,0,0,,,,none,x509-valid_active_23,0,False,240,8,
n100-identities_c50-conc_mech-x509-1backend_valid-active_r50_audit-off_20260903T170508Z,obs_26b0409ee63c4b748d029a587029f0f7,2026-09-03T17:05:08.697866+00:00,x509,valid_active,23,50,UAV-VALID,ACCEPTED,ACCEPTED,True,23060500,23.0605,30000,43100,22810600,0,131100,4000,0,0,,,,none,x509-valid_active_2,0,False,240,8,
n100-identities_c50-conc_mech-x509-1backend_valid-active_r50_audit-off_20260903T170508Z,obs_e1b526a2e3ea45a09239c1112411c5ce,2026-09-03T17:05:08.698687+00:00,x509,valid_active,36,50,UAV-VALID,ACCEPTED,ACCEPTED,True,23111800,23.1118,179800,42000,22883500,0,116500,2900,0,0,,,,none,x509-valid_active_8,0,False,238,8,
n100-identities_c50-conc_mech-x509-1backend_valid-active_r50_audit-off_20260903T170508Z,obs_e670d3496bc34c3d91ce0d2276551141,2026-09-03T17:05:08.699714+00:00,x509,valid_active,31,50,UAV-VALID,ACCEPTED,ACCEPTED,True,22341700,22.3417,26900,71500,22073200,0,123000,3000,0,0,,,,none,x509-valid_active_24,0,False,239,8,
n100-identities_c50-conc_mech-x509-1backend_valid-active_r50_audit-off_20260903T170508Z,obs_73f335122ebe4a3f8dc3f6516124781c,2026-09-03T17:05:08.700950+00:00,x509,valid_active,28,50,UAV-VALID,ACCEPTED,ACCEPTED,True,23135900,23.1359,24900,51600,22792800,0,179900,6700,0,0,,,,none,x509-valid_active_6,0,False,239,8,
n100-identities_c50-conc_mech-x509-1backend_valid-active_r50_audit-off_20260903T170508Z,obs_89ed9ce0dd384b8dbb5fd3a0fe94aa72,2026-09-03T17:05:08.708380+00:00,x509,valid_active,33,50,UAV-VALID,ACCEPTED,ACCEPTED,True,17510400,17.5104,24000,57200,17262300,0,123300,3900,0,0,,,,none,x509-valid_active_25,0,False,239,8,
n100-identities_c50-conc_mech-x509-1backend_valid-active_r50_audit-off_20260903T170508Z,obs_741a7973087c48c0b22662fafdc8f0eb,2026-09-03T17:05:08.708990+00:00,x509,valid_active,34,50,UAV-VALID,ACCEPTED,ACCEPTED,True,22704200,22.7042,20000,74800,22443000,0,116000,2600,0,0,,,,none,x509-valid_active_26,0,False,239,8,
n100-identities_c50-conc_mech-x509-1backend_valid-active_r50_audit-off_20260903T170508Z,obs_d4c61cfaf02b473688eaa158e0781e88,2026-09-03T17:05:08.710274+00:00,x509,valid_active,30,50,UAV-VALID,ACCEPTED,ACCEPTED,True,20837700,20.8377,26000,46700,20584700,0,132000,4100,0,0,,,,none,x509-valid_active_5,0,False,239,8,
n100-identities_c50-conc_mech-x509-1backend_valid-active_r50_audit-off_20260903T170508Z,obs_b442b16b54b646b3b7aa49cd0da06309,2026-09-03T17:05:08.711095+00:00,x509,valid_active,32,50,UAV-VALID,ACCEPTED,ACCEPTED,True,27154200,27.1542,28600,44600,26788100,0,191100,5300,0,0,,,,none,x509-valid_active_7,0,False,239,8,
n100-identities_c50-conc_mech-x509-1backend_valid-active_r50_audit-off_20260903T170508Z,obs_877b2f79f1fc4c76af472fccfbcf888c,2026-09-03T17:05:08.711593+00:00,x509,valid_active,39,50,UAV-VALID,ACCEPTED,ACCEPTED,True,29512000,29.512,21400,62800,29200200,0,164300,3800,0,0,,,,none,x509-valid_active_28,0,False,239,8,
n100-identities_c50-conc_mech-x509-1backend_valid-active_r50_audit-off_20260903T170508Z,obs_63daa4d8fa6f4be69b7857bf1268bbdd,2026-09-03T17:05:08.712187+00:00,x509,valid_active,38,50,UAV-VALID,ACCEPTED,ACCEPTED,True,30457100,30.4571,18200,54700,30170500,0,145300,3500,0,0,,,,none,x509-valid_active_9,0,False,240,8,
n100-identities_c50-conc_mech-x509-1backend_valid-active_r50_audit-off_20260903T170508Z,obs_55a2fa6d216d45aca8edace6a11bb167,2026-09-03T17:05:08.712788+00:00,x509,valid_active,40,50,UAV-VALID,ACCEPTED,ACCEPTED,True,23050000,23.05,19800,60600,22676700,0,208500,6800,0,0,,,,none,x509-valid_active_29,0,False,239,8,
n100-identities_c50-conc_mech-x509-1backend_valid-active_r50_audit-off_20260903T170508Z,obs_330ace48f0e84f5cad03d8de82a18430,2026-09-03T17:05:08.713263+00:00,x509,valid_active,37,50,UAV-VALID,ACCEPTED,ACCEPTED,True,19630500,19.6305,31100,72900,19279200,0,179000,4800,0,0,,,,none,x509-valid_active_10,0,False,239,8,
n100-identities_c50-conc_mech-x509-1backend_valid-active_r50_audit-off_20260903T170508Z,obs_e69a52b278984f7e88046aff0cc6d1cf,2026-09-03T17:05:08.714531+00:00,x509,valid_active,35,50,UAV-VALID,ACCEPTED,ACCEPTED,True,30292600,30.2926,32800,55900,29886100,0,204200,8400,0,0,,,,none,x509-valid_active_27,0,False,238,8,
n100-identities_c50-conc_mech-x509-1backend_valid-active_r50_audit-off_20260903T170508Z,obs_b4af69ef6b7f45a8bb7f5d5a73e4cb8d,2026-09-03T17:05:08.719120+00:00,x509,valid_active,41,50,UAV-VALID,ACCEPTED,ACCEPTED,True,20952500,20.9525,23300,57000,20701300,0,122200,3100,0,0,,,,none,x509-valid_active_30,0,False,239,8,
n100-identities_c50-conc_mech-x509-1backend_valid-active_r50_audit-off_20260903T170508Z,obs_e56992ceaab245ee80bdc4de36dee3be,2026-09-03T17:05:08.720048+00:00,x509,valid_active,48,50,UAV-VALID,ACCEPTED,ACCEPTED,True,15672600,15.6726,33500,57000,15420200,0,120900,3900,0,0,,,,none,x509-valid_active_15,0,False,240,8,
n100-identities_c50-conc_mech-x509-1backend_valid-active_r50_audit-off_20260903T170508Z,obs_550f59e6d0aa44e2b6b8573efa38a05b,2026-09-03T17:05:08.721800+00:00,x509,valid_active,46,50,UAV-VALID,ACCEPTED,ACCEPTED,True,14493300,14.4933,28200,56600,14261100,0,112700,2800,0,0,,,,none,x509-valid_active_32,0,False,239,8,
n100-identities_c50-conc_mech-x509-1backend_valid-active_r50_audit-off_20260903T170508Z,obs_e21e2a7e6fa0405d9942e6652747144c,2026-09-03T17:05:08.722054+00:00,x509,valid_active,42,50,UAV-VALID,ACCEPTED,ACCEPTED,True,15139300,15.1393,23000,65100,14906000,0,108100,2600,0,0,,,,none,x509-valid_active_31,0,False,238,8,
n100-identities_c50-conc_mech-x509-1backend_valid-active_r50_audit-off_20260903T170508Z,obs_475a467c3dcd4f5291f8f2bf6de88b03,2026-09-03T17:05:08.722433+00:00,x509,valid_active,47,50,UAV-VALID,ACCEPTED,ACCEPTED,True,13162000,13.162,19000,89800,12880200,0,115500,2600,0,0,,,,none,x509-valid_active_33,0,False,240,8,
n100-identities_c50-conc_mech-x509-1backend_valid-active_r50_audit-off_20260903T170508Z,obs_b6c187515336446eb4116ed42c732566,2026-09-03T17:05:08.722671+00:00,x509,valid_active,49,50,UAV-VALID,ACCEPTED,ACCEPTED,True,6737400,6.7374,16900,119600,6429400,0,107300,2600,0,0,,,,none,x509-valid_active_34,0,False,239,8,
n100-identities_c50-conc_mech-x509-1backend_valid-active_r50_audit-off_20260903T170508Z,obs_4a8e084b0b0146458b37271662bfc811,2026-09-03T17:05:08.722972+00:00,x509,valid_active,45,50,UAV-VALID,ACCEPTED,ACCEPTED,True,16722400,16.7224,20300,59600,16483800,0,109900,2400,0,0,,,,none,x509-valid_active_13,0,False,240,8,
n100-identities_c50-conc_mech-x509-1backend_valid-active_r50_audit-off_20260903T170508Z,obs_55dc8248f36943a594b83f1d8486a038,2026-09-03T17:05:08.723230+00:00,x509,valid_active,43,50,UAV-VALID,ACCEPTED,ACCEPTED,True,13525100,13.5251,21900,64500,13287400,0,109100,2600,0,0,,,,none,x509-valid_active_11,0,False,240,8,
n100-identities_c50-conc_mech-x509-1backend_valid-active_r50_audit-off_20260903T170508Z,obs_7c21731ef1c5431f9cf552dc920cc8f5,2026-09-03T17:05:08.723615+00:00,x509,valid_active,44,50,UAV-VALID,ACCEPTED,ACCEPTED,True,9914200,9.9142,31900,89300,9633300,0,108900,2400,0,0,,,,none,x509-valid_active_12,0,False,239,8,
n100-identities_c50-conc_mech-blockchain-1backend_valid-active_r50_audit-off_20260903T170509Z,obs_07614e4d1fc849278ccf4ff38b1359b2,2026-09-03T17:05:09.727291+00:00,blockchain,valid_active,0,50,UAV-VALID,ACCEPTED,ACCEPTED,True,22230300,22.2303,41700,20967300,0,53400,1023200,10000,0,0,,,,none,MainThread,0,True,239,8,
n100-identities_c50-conc_mech-blockchain-1backend_valid-active_r50_audit-off_20260903T170509Z,obs_f372b1dc070b4ef5bc3d9d3e76defb61,2026-09-03T17:05:09.758542+00:00,blockchain,valid_active,1,50,UAV-VALID,ACCEPTED,ACCEPTED,True,24885600,24.8856,46100,24584600,0,2900,177800,4200,0,0,,,,none,MainThread,0,True,239,8,
n100-identities_c50-conc_mech-blockchain-1backend_valid-active_r50_audit-off_20260903T170509Z,obs_76cd3c7e7dcf4fb9a50bfe592c579f12,2026-09-03T17:05:09.977756+00:00,blockchain,valid_active,0,50,UAV-VALID,ACCEPTED,ACCEPTED,True,205849200,205.8492,42500,205562800,0,2600,169200,4700,0,0,,,,none,blockchain-valid_active_0,0,False,239,8,
n100-identities_c50-conc_mech-blockchain-1backend_valid-active_r50_audit-off_20260903T170509Z,obs_ceca110030ed46a49776ec0971f583e0,2026-09-03T17:05:10.082776+00:00,blockchain,valid_active,3,50,UAV-VALID,ACCEPTED,ACCEPTED,True,293414600,293.4146,31500,293113200,0,3800,183900,5600,0,0,,,,none,blockchain-valid_active_3,0,False,238,8,
n100-identities_c50-conc_mech-blockchain-1backend_valid-active_r50_audit-off_20260903T170509Z,obs_5b8eb7af9b8740fcbd9383b1cac7024e,2026-09-03T17:05:10.158860+00:00,blockchain,valid_active,4,50,UAV-VALID,ACCEPTED,ACCEPTED,True,350267400,350.2674,25100,349881500,0,3300,247200,10300,0,0,,,,none,blockchain-valid_active_4,0,False,238,8,
n100-identities_c50-conc_mech-blockchain-1backend_valid-active_r50_audit-off_20260903T170509Z,obs_f8ebdd89dad9480dad71f5127322a295,2026-09-03T17:05:10.098071+00:00,blockchain,valid_active,2,50,UAV-VALID,ACCEPTED,ACCEPTED,True,313518100,313.5181,46500,312443800,0,4900,889400,10000,0,0,,,,none,blockchain-valid_active_2,0,False,239,8,
n100-identities_c50-conc_mech-blockchain-1backend_valid-active_r50_audit-off_20260903T170509Z,obs_2992fb7ed4a345dba2d789987142a882,2026-09-03T17:05:10.360181+00:00,blockchain,valid_active,7,50,UAV-VALID,ACCEPTED,ACCEPTED,True,556135300,556.1353,41400,555642200,0,5100,299100,10800,0,0,,,,none,blockchain-valid_active_7,0,False,240,8,
n100-identities_c50-conc_mech-blockchain-1backend_valid-active_r50_audit-off_20260903T170509Z,obs_1c2f1fe20de94f649e2a781435368acd,2026-09-03T17:05:10.069718+00:00,blockchain,valid_active,1,50,UAV-VALID,ACCEPTED,ACCEPTED,True,292391000,292.391,58400,291932100,0,4800,275300,7200,0,0,,,,none,blockchain-valid_active_1,0,False,239,8,
n100-identities_c50-conc_mech-blockchain-1backend_valid-active_r50_audit-off_20260903T170509Z,obs_c9ee430d0caa40e988ec7ae4a93fdad0,2026-09-03T17:05:10.174538+00:00,blockchain,valid_active,8,50,UAV-VALID,ACCEPTED,ACCEPTED,True,353527000,353.527,35500,353159700,0,4000,237600,5500,0,0,,,,none,blockchain-valid_active_8,0,False,239,8,
n100-identities_c50-conc_mech-blockchain-1backend_valid-active_r50_audit-off_20260903T170509Z,obs_e786ca9230d346d6ba30a516ee9aa991,2026-09-03T17:05:10.420826+00:00,blockchain,valid_active,13,50,UAV-VALID,ACCEPTED,ACCEPTED,True,597073400,597.0734,41400,596644900,0,4500,271300,7900,0,0,,,,none,blockchain-valid_active_13,0,False,239,8,
n100-identities_c50-conc_mech-blockchain-1backend_valid-active_r50_audit-off_20260903T170509Z,obs_7d6bc5aacd0b4964a7420c3e65432f2f,2026-09-03T17:05:10.429267+00:00,blockchain,valid_active,5,50,UAV-VALID,ACCEPTED,ACCEPTED,True,623578600,623.5786,23200,623107600,0,5300,301000,9500,0,0,,,,none,blockchain-valid_active_5,0,False,238,8,
n100-identities_c50-conc_mech-blockchain-1backend_valid-active_r50_audit-off_20260903T170509Z,obs_3dff56bd4c374e7c930fc2d83185e597,2026-09-03T17:05:10.538533+00:00,blockchain,valid_active,31,50,UAV-VALID,ACCEPTED,ACCEPTED,True,541672100,541.6721,29300,541274500,0,5200,247800,7200,0,0,,,,none,blockchain-valid_active_31,0,False,239,8,
n100-identities_c50-conc_mech-blockchain-1backend_valid-active_r50_audit-off_20260903T170509Z,obs_41edacc571df48bba36980678c9077da,2026-09-03T17:05:10.542498+00:00,blockchain,valid_active,10,50,UAV-VALID,ACCEPTED,ACCEPTED,True,716109200,716.1092,37400,715483400,0,9800,332500,11600,0,0,,,,none,blockchain-valid_active_10,0,False,238,8,
n100-identities_c50-conc_mech-blockchain-1backend_valid-active_r50_audit-off_20260903T170509Z,obs_fc453de16f6f437980fb71af746dec03,2026-09-03T17:05:10.563910+00:00,blockchain,valid_active,22,50,UAV-VALID,ACCEPTED,ACCEPTED,True,668953400,668.9534,87500,668474000,0,5000,295500,20800,0,0,,,,none,blockchain-valid_active_22,0,False,239,8,
n100-identities_c50-conc_mech-blockchain-1backend_valid-active_r50_audit-off_20260903T170509Z,obs_a05414ef84e64ad0948ef090524955c7,2026-09-03T17:05:10.572298+00:00,blockchain,valid_active,6,50,UAV-VALID,ACCEPTED,ACCEPTED,True,769953700,769.9537,28300,769576400,0,4200,241200,7000,0,0,,,,none,blockchain-valid_active_6,0,False,238,8,
n100-identities_c50-conc_mech-blockchain-1backend_valid-active_r50_audit-off_20260903T170509Z,obs_00e7e87a8c1b4e82a244ba6ff33cfa9a,2026-09-03T17:05:10.581032+00:00,blockchain,valid_active,12,50,UAV-VALID,ACCEPTED,ACCEPTED,True,735906400,735.9064,37300,735441900,0,6200,273100,10700,0,0,,,,none,blockchain-valid_active_12,0,False,240,8,
n100-identities_c50-conc_mech-blockchain-1backend_valid-active_r50_audit-off_20260903T170509Z,obs_cd68749305ac48a18b2651a5c1387724,2026-09-03T17:05:10.597896+00:00,blockchain,valid_active,43,50,UAV-VALID,ACCEPTED,ACCEPTED,True,412795900,412.7959,43300,412347200,0,4300,278200,8200,0,0,,,,none,blockchain-valid_active_3,0,False,239,8,
n100-identities_c50-conc_mech-blockchain-1backend_valid-active_r50_audit-off_20260903T170509Z,obs_ca46d6e3a61b4d8fb2e0f235f4a08e50,2026-09-03T17:05:10.601983+00:00,blockchain,valid_active,35,50,UAV-VALID,ACCEPTED,ACCEPTED,True,549547500,549.5475,40200,549137200,0,3700,265600,6600,0,0,,,,none,blockchain-valid_active_35,0,False,239,8,
n100-identities_c50-conc_mech-blockchain-1backend_valid-active_r50_audit-off_20260903T170509Z,obs_c4c609aa2a82405b9964d747f7a30a85,2026-09-03T17:05:10.603919+00:00,blockchain,valid_active,27,50,UAV-VALID,ACCEPTED,ACCEPTED,True,646666500,646.6665,27900,646225700,0,4400,292200,7600,0,0,,,,none,blockchain-valid_active_27,0,False,238,8,
n100-identities_c50-conc_mech-blockchain-1backend_valid-active_r50_audit-off_20260903T170509Z,obs_59c1f638d9fa43b585a58bbcf6642757,2026-09-03T17:05:10.612091+00:00,blockchain,valid_active,11,50,UAV-VALID,ACCEPTED,ACCEPTED,True,782204500,782.2045,29900,781712400,0,5200,316800,9400,0,0,,,,none,blockchain-valid_active_11,0,False,238,8,
n100-identities_c50-conc_mech-blockchain-1backend_valid-active_r50_audit-off_20260903T170509Z,obs_9d0bbee1af19494d925aad92db567c9c,2026-09-03T17:05:10.617787+00:00,blockchain,valid_active,23,50,UAV-VALID,ACCEPTED,ACCEPTED,True,654948100,654.9481,59200,654397500,0,4500,279100,113600,0,0,,,,none,blockchain-valid_active_23,0,False,238,8,
n100-identities_c50-conc_mech-blockchain-1backend_valid-active_r50_audit-off_20260903T170509Z,obs_9f34f9bff0cc4d65b2683509e9f9a07a,2026-09-03T17:05:10.624356+00:00,blockchain,valid_active,40,50,UAV-VALID,ACCEPTED,ACCEPTED,True,519671400,519.6714,43400,519254000,0,4100,262900,7600,0,0,,,,none,blockchain-valid_active_39,0,False,238,8,
n100-identities_c50-conc_mech-blockchain-1backend_valid-active_r50_audit-off_20260903T170509Z,obs_ad5011f6241247598a23a665b5231eca,2026-09-03T17:05:10.631172+00:00,blockchain,valid_active,34,50,UAV-VALID,ACCEPTED,ACCEPTED,True,571956600,571.9566,41400,571541200,0,5300,250000,8700,0,0,,,,none,blockchain-valid_active_34,0,False,239,8,
n100-identities_c50-conc_mech-blockchain-1backend_valid-active_r50_audit-off_20260903T170509Z,obs_b89793f595d74b5ca8017f23b93d67b1,2026-09-03T17:05:10.633273+00:00,blockchain,valid_active,30,50,UAV-VALID,ACCEPTED,ACCEPTED,True,629905100,629.9051,34700,629468400,0,4800,284400,9100,0,0,,,,none,blockchain-valid_active_30,0,False,240,8,
n100-identities_c50-conc_mech-blockchain-1backend_valid-active_r50_audit-off_20260903T170509Z,obs_da17e49c7ffd43d099dba314ef652dbe,2026-09-03T17:05:10.635344+00:00,blockchain,valid_active,39,50,UAV-VALID,ACCEPTED,ACCEPTED,True,446953400,446.9534,42700,446543800,0,4800,255300,6900,0,0,,,,none,blockchain-valid_active_38,0,False,238,8,
n100-identities_c50-conc_mech-blockchain-1backend_valid-active_r50_audit-off_20260903T170509Z,obs_97776e06f8b741a28b8ecfaf3771c2b1,2026-09-03T17:05:10.637901+00:00,blockchain,valid_active,15,50,UAV-VALID,ACCEPTED,ACCEPTED,True,762035200,762.0352,32400,761665100,0,4300,239100,6400,0,0,,,,none,blockchain-valid_active_15,0,False,238,8,
n100-identities_c50-conc_mech-blockchain-1backend_valid-active_r50_audit-off_20260903T170509Z,obs_3be0010fac934dd4bff8376125885404,2026-09-03T17:05:10.640203+00:00,blockchain,valid_active,16,50,UAV-VALID,ACCEPTED,ACCEPTED,True,761333500,761.3335,33100,760947200,0,4300,243300,5700,0,0,,,,none,blockchain-valid_active_16,0,False,239,8,
n100-identities_c50-conc_mech-blockchain-1backend_valid-active_r50_audit-off_20260903T170509Z,obs_0f0daf70eb9241ed9d694f9b49bb1059,2026-09-03T17:05:10.643442+00:00,blockchain,valid_active,26,50,UAV-VALID,ACCEPTED,ACCEPTED,True,677958100,677.9581,30100,677476400,0,10600,279700,8700,0,0,,,,none,blockchain-valid_active_26,0,False,238,8,
n100-identities_c50-conc_mech-blockchain-1backend_valid-active_r50_audit-off_20260903T170509Z,obs_90f1d54d86d2414c9fd4daf6fad4f8e6,2026-09-03T17:05:10.655897+00:00,blockchain,valid_active,18,50,UAV-VALID,ACCEPTED,ACCEPTED,True,787220100,787.2201,37100,786803100,0,4600,264600,8000,0,0,,,,none,blockchain-valid_active_18,0,False,240,8,
n100-identities_c50-conc_mech-blockchain-1backend_valid-active_r50_audit-off_20260903T170509Z,obs_d39c9a0e5f084a858255a39e6f36ac36,2026-09-03T17:05:10.683895+00:00,blockchain,valid_active,45,50,UAV-VALID,ACCEPTED,ACCEPTED,True,471938800,471.9388,49400,471504200,0,4600,267100,8800,0,0,,,,none,blockchain-valid_active_2,0,False,239,8,
n100-identities_c50-conc_mech-blockchain-1backend_valid-active_r50_audit-off_20260903T170509Z,obs_6fd7fc26831a4a40a4d1236be7a1e2c9,2026-09-03T17:05:10.687295+00:00,blockchain,valid_active,19,50,UAV-VALID,ACCEPTED,ACCEPTED,True,809792000,809.792,31300,809358000,0,5000,282900,7300,0,0,,,,none,blockchain-valid_active_19,0,False,238,8,
n100-identities_c50-conc_mech-blockchain-1backend_valid-active_r50_audit-off_20260903T170509Z,obs_9f26691dab5742e29bf5008dce9ed52a,2026-09-03T17:05:10.703453+00:00,blockchain,valid_active,14,50,UAV-VALID,ACCEPTED,ACCEPTED,True,867295800,867.2958,40800,866887300,0,5000,261200,6500,0,0,,,,none,blockchain-valid_active_14,0,False,238,8,
n100-identities_c50-conc_mech-blockchain-1backend_valid-active_r50_audit-off_20260903T170509Z,obs_ce13a3f05f514f83a1851902cad81cc0,2026-09-03T17:05:10.770011+00:00,blockchain,valid_active,32,50,UAV-VALID,ACCEPTED,ACCEPTED,True,778251400,778.2514,37500,777897000,0,2900,226000,4900,0,0,,,,none,blockchain-valid_active_32,0,False,238,8,
n100-identities_c50-conc_mech-blockchain-1backend_valid-active_r50_audit-off_20260903T170509Z,obs_3aae7fb151e74a259476e0c817ff02c6,2026-09-03T17:05:10.785492+00:00,blockchain,valid_active,9,50,UAV-VALID,ACCEPTED,ACCEPTED,True,946115300,946.1153,26900,945702000,0,3900,263400,8000,0,0,,,,none,blockchain-valid_active_9,0,False,238,8,
n100-identities_c50-conc_mech-blockchain-1backend_valid-active_r50_audit-off_20260903T170509Z,obs_bb3eac2fc5cc4f479f9f696517846f2d,2026-09-03T17:05:10.791731+00:00,blockchain,valid_active,41,50,UAV-VALID,ACCEPTED,ACCEPTED,True,360256900,360.2569,59100,359856300,0,4300,242000,6900,0,0,,,,none,blockchain-valid_active_40,0,False,238,8,
n100-identities_c50-conc_mech-blockchain-1backend_valid-active_r50_audit-off_20260903T170509Z,obs_959a93696b584892b7e47eb578f41f81,2026-09-03T17:05:10.805462+00:00,blockchain,valid_active,24,50,UAV-VALID,ACCEPTED,ACCEPTED,True,871621100,871.6211,30300,871214300,0,6100,249400,9500,0,0,,,,none,blockchain-valid_active_24,0,False,239,8,
n100-identities_c50-conc_mech-blockchain-1backend_valid-active_r50_audit-off_20260903T170509Z,obs_32e1059c2d014f5695427965eb13a2b8,2026-09-03T17:05:10.856336+00:00,blockchain,valid_active,20,50,UAV-VALID,ACCEPTED,ACCEPTED,True,947783300,947.7833,29400,947392300,0,3600,257800,6500,0,0,,,,none,blockchain-valid_active_20,0,False,239,8,
n100-identities_c50-conc_mech-blockchain-1backend_valid-active_r50_audit-off_20260903T170509Z,obs_ac12de1862874c19ac474f600684fd2c,2026-09-03T17:05:10.863740+00:00,blockchain,valid_active,25,50,UAV-VALID,ACCEPTED,ACCEPTED,True,907758200,907.7582,23600,907374600,0,3900,249900,6100,0,0,,,,none,blockchain-valid_active_25,0,False,240,8,
n100-identities_c50-conc_mech-blockchain-1backend_valid-active_r50_audit-off_20260903T170509Z,obs_3df3ea6850964342a2c6b14838234d35,2026-09-03T17:05:10.875286+00:00,blockchain,valid_active,21,50,UAV-VALID,ACCEPTED,ACCEPTED,True,937914200,937.9142,30400,937504600,0,4700,256500,10900,0,0,,,,none,blockchain-valid_active_21,0,False,238,8,
n100-identities_c50-conc_mech-blockchain-1backend_valid-active_r50_audit-off_20260903T170509Z,obs_79c5fb31b69d49438c461723222e1b29,2026-09-03T17:05:10.878685+00:00,blockchain,valid_active,17,50,UAV-VALID,ACCEPTED,ACCEPTED,True,992895800,992.8958,30400,992532000,0,4200,236900,6600,0,0,,,,none,blockchain-valid_active_17,0,False,239,8,
n100-identities_c50-conc_mech-blockchain-1backend_valid-active_r50_audit-off_20260903T170509Z,obs_b05fa349b8ee4cf9b53d9be74da24b57,2026-09-03T17:05:10.884450+00:00,blockchain,valid_active,29,50,UAV-VALID,ACCEPTED,ACCEPTED,True,856959900,856.9599,57200,856650200,0,2600,182200,5100,0,0,,,,none,blockchain-valid_active_29,0,False,239,8,
n100-identities_c50-conc_mech-blockchain-1backend_valid-active_r50_audit-off_20260903T170509Z,obs_04d9b1c26c97421a92eab43407ef2f27,2026-09-03T17:05:10.886801+00:00,blockchain,valid_active,28,50,UAV-VALID,ACCEPTED,ACCEPTED,True,932249800,932.2498,30900,932039300,0,2000,136900,3700,0,0,,,,none,blockchain-valid_active_28,0,False,238,8,
n100-identities_c50-conc_mech-blockchain-1backend_valid-active_r50_audit-off_20260903T170509Z,obs_2bc8e36780cf472db8c7596617305019,2026-09-03T17:05:10.899075+00:00,blockchain,valid_active,33,50,UAV-VALID,ACCEPTED,ACCEPTED,True,825723100,825.7231,33800,825428800,0,4100,171600,5300,0,0,,,,none,blockchain-valid_active_33,0,False,239,8,
n100-identities_c50-conc_mech-blockchain-1backend_valid-active_r50_audit-off_20260903T170509Z,obs_dc4729083dd545d5934aa80958326790,2026-09-03T17:05:10.906523+00:00,blockchain,valid_active,49,50,UAV-VALID,ACCEPTED,ACCEPTED,True,353234600,353.2346,61700,352929700,0,3000,175600,4400,0,0,,,,none,blockchain-valid_active_7,0,False,239,8,
n100-identities_c50-conc_mech-blockchain-1backend_valid-active_r50_audit-off_20260903T170509Z,obs_5a6df785be574d28be1579e99d7382e1,2026-09-03T17:05:10.909064+00:00,blockchain,valid_active,37,50,UAV-VALID,ACCEPTED,ACCEPTED,True,416263100,416.2631,50200,415555200,0,4100,256900,9500,0,0,,,,none,blockchain-valid_active_37,0,False,238,8,
n100-identities_c50-conc_mech-blockchain-1backend_valid-active_r50_audit-off_20260903T170509Z,obs_4a6ecac22872436a9e24c332a51cde3f,2026-09-03T17:05:10.916357+00:00,blockchain,valid_active,36,50,UAV-VALID,ACCEPTED,ACCEPTED,True,754888800,754.8888,71400,754556000,0,4400,180800,4900,0,0,,,,none,blockchain-valid_active_36,0,False,238,8,
n100-identities_c50-conc_mech-blockchain-1backend_valid-active_r50_audit-off_20260903T170509Z,obs_9a08f1b408c24d4790160612cc1fdf29,2026-09-03T17:05:10.918086+00:00,blockchain,valid_active,38,50,UAV-VALID,ACCEPTED,ACCEPTED,True,553655500,553.6555,98300,553314300,0,5600,172400,4900,0,0,,,,none,blockchain-valid_active_0,0,False,240,8,
n100-identities_c50-conc_mech-blockchain-1backend_valid-active_r50_audit-off_20260903T170509Z,obs_acbfa33f8e3b4ef080c0644873f0eb0c,2026-09-03T17:05:10.921485+00:00,blockchain,valid_active,44,50,UAV-VALID,ACCEPTED,ACCEPTED,True,260182200,260.1822,49900,259925300,0,2000,150000,3200,0,0,,,,none,blockchain-valid_active_41,0,False,238,8,
n100-identities_c50-conc_mech-blockchain-1backend_valid-active_r50_audit-off_20260903T170509Z,obs_0d6e83629eb34aebb5d6fd3068e849da,2026-09-03T17:05:10.928688+00:00,blockchain,valid_active,47,50,UAV-VALID,ACCEPTED,ACCEPTED,True,339217200,339.2172,59100,338827200,0,2900,231100,7400,0,0,,,,none,blockchain-valid_active_4,0,False,238,8,
n100-identities_c50-conc_mech-blockchain-1backend_valid-active_r50_audit-off_20260903T170509Z,obs_66a61477c0684d96aaa4bd399b1592ef,2026-09-03T17:05:10.931386+00:00,blockchain,valid_active,46,50,UAV-VALID,ACCEPTED,ACCEPTED,True,385383400,385.3834,87900,385027100,0,3200,192700,5600,0,0,,,,none,blockchain-valid_active_42,0,False,239,8,
n100-identities_c50-conc_mech-blockchain-1backend_valid-active_r50_audit-off_20260903T170509Z,obs_e7c95788d31f45f1b0f93d6c7246fb26,2026-09-03T17:05:10.933873+00:00,blockchain,valid_active,48,50,UAV-VALID,ACCEPTED,ACCEPTED,True,275585800,275.5858,54000,275141300,0,5100,269800,7500,0,0,,,,none,blockchain-valid_active_8,0,False,238,8,
n100-identities_c50-conc_mech-blockchain-1backend_valid-active_r50_audit-off_20260903T170509Z,obs_561d61b43e864dd78e761d5b412c7792,2026-09-03T17:05:10.936364+00:00,blockchain,valid_active,42,50,UAV-VALID,ACCEPTED,ACCEPTED,True,222553600,222.5536,71800,222180600,0,3600,226500,6200,0,0,,,,none,blockchain-valid_active_1,0,False,240,8,
n250-identities_c1-conc_mech-x509-1backend_valid-active_r30_audit-off_20260903T170512Z,obs_79e64bdd78f24e37b96fedd6cfe4c908,2026-09-03T17:05:13.095950+00:00,x509,valid_active,0,1,UAV-VALID,ACCEPTED,ACCEPTED,True,2066100,2.0661,32100,56100,1760200,0,158800,4300,0,0,,,,none,MainThread,0,True,238,8,
n250-identities_c1-conc_mech-x509-1backend_valid-active_r30_audit-off_20260903T170512Z,obs_a3941ae35d6345e1b439c10158eedb14,2026-09-03T17:05:13.101937+00:00,x509,valid_active,1,1,UAV-VALID,ACCEPTED,ACCEPTED,True,1011800,1.0118,25000,51700,783900,0,113700,3300,0,0,,,,none,MainThread,0,True,239,8,
n250-identities_c1-conc_mech-x509-1backend_valid-active_r30_audit-off_20260903T170512Z,obs_7863373a62af468d8ac9bf606dada966,2026-09-03T17:05:13.108542+00:00,x509,valid_active,0,1,UAV-VALID,ACCEPTED,ACCEPTED,True,1353300,1.3533,26200,62800,1012500,0,177800,5700,0,0,,,,none,x509-valid_active_0,0,False,238,8,
n250-identities_c1-conc_mech-x509-1backend_valid-active_r30_audit-off_20260903T170512Z,obs_13809ce87a4f4da791e56d8c5066b947,2026-09-03T17:05:13.113973+00:00,x509,valid_active,1,1,UAV-VALID,ACCEPTED,ACCEPTED,True,1359200,1.3592,43500,65000,1085100,0,132000,3800,0,0,,,,none,x509-valid_active_0,0,False,239,8,
n250-identities_c1-conc_mech-x509-1backend_valid-active_r30_audit-off_20260903T170512Z,obs_ed95fecd31d949cbbb525914040fc5dd,2026-09-03T17:05:13.117926+00:00,x509,valid_active,2,1,UAV-VALID,ACCEPTED,ACCEPTED,True,1131100,1.1311,32400,53800,895400,0,116600,3400,0,0,,,,none,x509-valid_active_0,0,False,238,8,
n250-identities_c1-conc_mech-x509-1backend_valid-active_r30_audit-off_20260903T170512Z,obs_15dd9f05f8784b40b75487d92b0a6fd6,2026-09-03T17:05:13.121793+00:00,x509,valid_active,3,1,UAV-VALID,ACCEPTED,ACCEPTED,True,1353900,1.3539,23200,49200,1116200,0,121700,3900,0,0,,,,none,x509-valid_active_0,0,False,239,8,
n250-identities_c1-conc_mech-x509-1backend_valid-active_r30_audit-off_20260903T170512Z,obs_7144137d7eee482998f0015835c12bdc,2026-09-03T17:05:13.127052+00:00,x509,valid_active,4,1,UAV-VALID,ACCEPTED,ACCEPTED,True,2520500,2.5205,33500,84200,2078600,0,221300,7400,0,0,,,,none,x509-valid_active_0,0,False,239,8,
n250-identities_c1-conc_mech-x509-1backend_valid-active_r30_audit-off_20260903T170512Z,obs_48fba94d30ce4e268d6d0efee07d649a,2026-09-03T17:05:13.131745+00:00,x509,valid_active,5,1,UAV-VALID,ACCEPTED,ACCEPTED,True,1452200,1.4522,32300,57000,1186400,0,139400,3900,0,0,,,,none,x509-valid_active_0,0,False,238,8,
n250-identities_c1-conc_mech-x509-1backend_valid-active_r30_audit-off_20260903T170512Z,obs_e02e3757f5834db8a5c6336a1a36f6ce,2026-09-03T17:05:13.135486+00:00,x509,valid_active,6,1,UAV-VALID,ACCEPTED,ACCEPTED,True,1113800,1.1138,24400,50200,885100,0,116900,3200,0,0,,,,none,x509-valid_active_0,0,False,239,8,
n250-identities_c1-conc_mech-x509-1backend_valid-active_r30_audit-off_20260903T170512Z,obs_6ad4f52f8acb453eb1cdf787cb5bf0f8,2026-09-03T17:05:13.139016+00:00,x509,valid_active,7,1,UAV-VALID,ACCEPTED,ACCEPTED,True,1072700,1.0727,25000,49300,848300,0,116000,2600,0,0,,,,none,x509-valid_active_0,0,False,238,8,
n250-identities_c1-conc_mech-x509-1backend_valid-active_r30_audit-off_20260903T170512Z,obs_e2d7bca2d0ab49a28db0503eedae476e,2026-09-03T17:05:13.144163+00:00,x509,valid_active,8,1,UAV-VALID,ACCEPTED,ACCEPTED,True,2194100,2.1941,32100,174500,1759900,0,127200,4100,0,0,,,,none,x509-valid_active_0,0,False,239,8,
n250-identities_c1-conc_mech-x509-1backend_valid-active_r30_audit-off_20260903T170512Z,obs_23c82b11e05a469d953975b6a0b908a8,2026-09-03T17:05:13.148273+00:00,x509,valid_active,9,1,UAV-VALID,ACCEPTED,ACCEPTED,True,1288100,1.2881,26700,55600,1029800,0,121900,3200,0,0,,,,none,x509-valid_active_0,0,False,239,8,
n250-identities_c1-conc_mech-x509-1backend_valid-active_r30_audit-off_20260903T170512Z,obs_bb2d7b968fb24acc90e3dfefe5449883,2026-09-03T17:05:13.152161+00:00,x509,valid_active,10,1,UAV-VALID,ACCEPTED,ACCEPTED,True,1167600,1.1676,21100,48100,926500,0,125200,3200,0,0,,,,none,x509-valid_active_0,0,False,240,8,
n250-identities_c1-conc_mech-x509-1backend_valid-active_r30_audit-off_20260903T170512Z,obs_8e5dae040bd841a0bf26507d52507e11,2026-09-03T17:05:13.156052+00:00,x509,valid_active,11,1,UAV-VALID,ACCEPTED,ACCEPTED,True,1126700,1.1267,22500,49700,884100,0,127100,3900,0,0,,,,none,x509-valid_active_0,0,False,238,8,
n250-identities_c1-conc_mech-x509-1backend_valid-active_r30_audit-off_20260903T170512Z,obs_64b4cf7004e4490b9b0219e6963cbc11,2026-09-03T17:05:13.161460+00:00,x509,valid_active,12,1,UAV-VALID,ACCEPTED,ACCEPTED,True,1068300,1.0683,44900,55100,844700,0,109500,3800,0,0,,,,none,x509-valid_active_0,0,False,239,8,
n250-identities_c1-conc_mech-x509-1backend_valid-active_r30_audit-off_20260903T170512Z,obs_cc489cfc0db543fabacd7c4935654dac,2026-09-03T17:05:13.165332+00:00,x509,valid_active,13,1,UAV-VALID,ACCEPTED,ACCEPTED,True,1308500,1.3085,20000,51300,1077600,0,117500,3000,0,0,,,,none,x509-valid_active_0,0,False,238,8,
n250-identities_c1-conc_mech-x509-1backend_valid-active_r30_audit-off_20260903T170512Z,obs_3aac57498aae479db67aba3af5e5edfb,2026-09-03T17:05:13.169181+00:00,x509,valid_active,14,1,UAV-VALID,ACCEPTED,ACCEPTED,True,1200300,1.2003,32200,51500,974500,0,114800,3100,0,0,,,,none,x509-valid_active_0,0,False,238,8,
n250-identities_c1-conc_mech-x509-1backend_valid-active_r30_audit-off_20260903T170512Z,obs_4f197b81ae844c18b38f74711dbf6329,2026-09-03T17:05:13.172980+00:00,x509,valid_active,15,1,UAV-VALID,ACCEPTED,ACCEPTED,True,1306200,1.3062,21200,47100,1053800,0,137500,4500,0,0,,,,none,x509-valid_active_0,0,False,239,8,
n250-identities_c1-conc_mech-x509-1backend_valid-active_r30_audit-off_20260903T170512Z,obs_2022ec32747944f5be97c747f4d7e458,2026-09-03T17:05:13.178248+00:00,x509,valid_active,16,1,UAV-VALID,ACCEPTED,ACCEPTED,True,1120500,1.1205,31200,59700,872200,0,120700,3300,0,0,,,,none,x509-valid_active_0,0,False,238,8,
n250-identities_c1-conc_mech-x509-1backend_valid-active_r30_audit-off_20260903T170512Z,obs_a9dbd3aa9b0349babbe48b5c38095100,2026-09-03T17:05:13.182095+00:00,x509,valid_active,17,1,UAV-VALID,ACCEPTED,ACCEPTED,True,1246400,1.2464,23500,52500,1003400,0,121900,3500,0,0,,,,none,x509-valid_active_0,0,False,239,8,
n250-identities_c1-conc_mech-x509-1backend_valid-active_r30_audit-off_20260903T170512Z,obs_e33eb6bc48fb4affa719a7773b23ec2f,2026-09-03T17:05:13.185815+00:00,x509,valid_active,18,1,UAV-VALID,ACCEPTED,ACCEPTED,True,1064500,1.0645,24600,50000,840400,0,113200,3100,0,0,,,,none,x509-valid_active_0,0,False,238,8,
n250-identities_c1-conc_mech-x509-1backend_valid-active_r30_audit-off_20260903T170512Z,obs_7ef326b6370d4f45b77435757b012b61,2026-09-03T17:05:13.189536+00:00,x509,valid_active,19,1,UAV-VALID,ACCEPTED,ACCEPTED,True,1392400,1.3924,23300,65500,1134400,0,125200,3400,0,0,,,,none,x509-valid_active_0,0,False,238,8,
n250-identities_c1-conc_mech-x509-1backend_valid-active_r30_audit-off_20260903T170512Z,obs_d731e66b454a4b0183b237eece87fd66,2026-09-03T17:05:13.196232+00:00,x509,valid_active,20,1,UAV-VALID,ACCEPTED,ACCEPTED,True,1586000,1.586,28500,60700,1212300,0,132900,3700,0,0,,,,none,x509-valid_active_0,0,False,238,8,
n250-identities_c1-conc_mech-x509-1backend_valid-active_r30_audit-off_20260903T170512Z,obs_1f8695aa0d53461bb5e53db802bcef62,2026-09-03T17:05:13.200267+00:00,x509,valid_active,21,1,UAV-VALID,ACCEPTED,ACCEPTED,True,1178100,1.1781,25500,62000,928700,0,120700,3700,0,0,,,,none,x509-valid_active_0,0,False,238,8,
n250-identities_c1-conc_mech-x509-1backend_valid-active_r30_audit-off_20260903T170512Z,obs_664227e45c9b4e6d90b4daa4ece54b14,2026-09-03T17:05:13.204094+00:00,x509,valid_active,22,1,UAV-VALID,ACCEPTED,ACCEPTED,True,1308900,1.3089,41400,48300,1068300,0,123700,3600,0,0,,,,none,x509-valid_active_0,0,False,238,8,
n250-identities_c1-conc_mech-x509-1backend_valid-active_r30_audit-off_20260903T170512Z,obs_b9c86098c5974a8080d18b008daea3d3,2026-09-03T17:05:13.209247+00:00,x509,valid_active,23,1,UAV-VALID,ACCEPTED,ACCEPTED,True,1801000,1.801,42300,58100,1432500,0,193800,6000,0,0,,,,none,x509-valid_active_0,0,False,238,8,
n250-identities_c1-conc_mech-x509-1backend_valid-active_r30_audit-off_20260903T170512Z,obs_4683674217f143e6ad30f213985f48b7,2026-09-03T17:05:13.213521+00:00,x509,valid_active,24,1,UAV-VALID,ACCEPTED,ACCEPTED,True,1238000,1.238,27000,52500,995700,0,122700,3600,0,0,,,,none,x509-valid_active_0,0,False,238,8,
n250-identities_c1-conc_mech-x509-1backend_valid-active_r30_audit-off_20260903T170512Z,obs_03598239ea5846b195982a9d56b6f6f5,2026-09-03T17:05:13.217482+00:00,x509,valid_active,25,1,UAV-VALID,ACCEPTED,ACCEPTED,True,1345200,1.3452,33900,57700,1091600,0,122400,10400,0,0,,,,none,x509-valid_active_0,0,False,238,8,
n250-identities_c1-conc_mech-x509-1backend_valid-active_r30_audit-off_20260903T170512Z,obs_14140b3c76bf4a5e9fb3148ef5ded3b5,2026-09-03T17:05:13.221236+00:00,x509,valid_active,26,1,UAV-VALID,ACCEPTED,ACCEPTED,True,1295600,1.2956,23300,50800,868300,0,263400,5400,0,0,,,,none,x509-valid_active_0,0,False,239,8,
n250-identities_c1-conc_mech-x509-1backend_valid-active_r30_audit-off_20260903T170512Z,obs_71810817ab15484c81119aed6c8e0db5,2026-09-03T17:05:13.227326+00:00,x509,valid_active,27,1,UAV-VALID,ACCEPTED,ACCEPTED,True,1686700,1.6867,50200,108300,1354900,0,123900,3100,0,0,,,,none,x509-valid_active_0,0,False,239,8,
n250-identities_c1-conc_mech-x509-1backend_valid-active_r30_audit-off_20260903T170512Z,obs_32a7edc0f67f41fd982fd9278beb6e11,2026-09-03T17:05:13.231619+00:00,x509,valid_active,28,1,UAV-VALID,ACCEPTED,ACCEPTED,True,1366100,1.3661,25500,53800,1120200,0,114800,3900,0,0,,,,none,x509-valid_active_0,0,False,238,8,
n250-identities_c1-conc_mech-x509-1backend_valid-active_r30_audit-off_20260903T170512Z,obs_6087be62eabf499099057dd21a748710,2026-09-03T17:05:13.235725+00:00,x509,valid_active,29,1,UAV-VALID,ACCEPTED,ACCEPTED,True,1340800,1.3408,24400,70200,1079000,0,124200,3900,0,0,,,,none,x509-valid_active_0,0,False,239,8,
n250-identities_c1-conc_mech-blockchain-1backend_valid-active_r30_audit-off_20260903T170514Z,obs_79e141e16477481d860764dc64fe1e4b,2026-09-03T17:10:15.886112+00:00,blockchain,valid_active,0,1,UAV-VALID,ACCEPTED,ACCEPTED,True,23898900,23.8989,57500,23484600,0,4500,261700,6800,0,0,,,,none,MainThread,0,True,239,8,
n250-identities_c1-conc_mech-blockchain-1backend_valid-active_r30_audit-off_20260903T170514Z,obs_66a5cf6b523a4f648b907744be59ea8f,2026-09-03T17:10:15.923792+00:00,blockchain,valid_active,1,1,UAV-VALID,ACCEPTED,ACCEPTED,True,25310000,25.31,50000,24953700,0,4600,222800,5600,0,0,,,,none,MainThread,0,True,239,8,
n250-identities_c1-conc_mech-blockchain-1backend_valid-active_r30_audit-off_20260903T170514Z,obs_f3067e201f804813b3e5227644713a4b,2026-09-03T17:10:15.990534+00:00,blockchain,valid_active,0,1,UAV-VALID,ACCEPTED,ACCEPTED,True,55519400,55.5194,52900,54988400,0,9100,295900,16800,0,0,,,,none,blockchain-valid_active_0,0,False,238,8,
n250-identities_c1-conc_mech-blockchain-1backend_valid-active_r30_audit-off_20260903T170514Z,obs_de9e3240ab6e48e7af4b423f5f8f0c40,2026-09-03T17:10:16.036931+00:00,blockchain,valid_active,1,1,UAV-VALID,ACCEPTED,ACCEPTED,True,39597200,39.5972,80000,39068400,0,5200,298700,12000,0,0,,,,none,blockchain-valid_active_0,0,False,239,8,
n250-identities_c1-conc_mech-blockchain-1backend_valid-active_r30_audit-off_20260903T170514Z,obs_c052c9acedb44f2d9cf04a38eea7c32b,2026-09-03T17:10:16.071650+00:00,blockchain,valid_active,2,1,UAV-VALID,ACCEPTED,ACCEPTED,True,28770900,28.7709,66800,28351400,0,4200,239500,7200,0,0,,,,none,blockchain-valid_active_0,0,False,239,8,
n250-identities_c1-conc_mech-blockchain-1backend_valid-active_r30_audit-off_20260903T170514Z,obs_31a31b22418a4d70a9a0719694a3dadf,2026-09-03T17:10:16.099777+00:00,blockchain,valid_active,3,1,UAV-VALID,ACCEPTED,ACCEPTED,True,22707300,22.7073,67800,22337600,0,4900,222900,5100,0,0,,,,none,blockchain-valid_active_0,0,False,239,8,
n250-identities_c1-conc_mech-blockchain-1backend_valid-active_r30_audit-off_20260903T170514Z,obs_d557b5f0bd5846808fcde6e65b33bdb4,2026-09-03T17:10:16.134501+00:00,blockchain,valid_active,4,1,UAV-VALID,ACCEPTED,ACCEPTED,True,30354400,30.3544,44700,29927700,0,6100,249400,7200,0,0,,,,none,blockchain-valid_active_0,0,False,239,8,
n250-identities_c1-conc_mech-blockchain-1backend_valid-active_r30_audit-off_20260903T170514Z,obs_24d5c73be03c4d9dad2bfa3d44623684,2026-09-03T17:10:16.165316+00:00,blockchain,valid_active,5,1,UAV-VALID,ACCEPTED,ACCEPTED,True,25167600,25.1676,58400,24728900,0,4600,248600,6200,0,0,,,,none,blockchain-valid_active_0,0,False,239,8,
n250-identities_c1-conc_mech-blockchain-1backend_valid-active_r30_audit-off_20260903T170514Z,obs_ca0d35d48f20486db8968cc1757c68ad,2026-09-03T17:10:16.200856+00:00,blockchain,valid_active,6,1,UAV-VALID,ACCEPTED,ACCEPTED,True,29711100,29.7111,48100,29393600,0,3200,163200,3500,0,0,,,,none,blockchain-valid_active_0,0,False,239,8,
n250-identities_c1-conc_mech-blockchain-1backend_valid-active_r30_audit-off_20260903T170514Z,obs_688e48c02bbe4a34aca3a66973ef23ba,2026-09-03T17:10:16.223155+00:00,blockchain,valid_active,7,1,UAV-VALID,ACCEPTED,ACCEPTED,True,19174200,19.1742,29900,18740000,0,3700,187300,14000,0,0,,,,none,blockchain-valid_active_0,0,False,238,8,
n250-identities_c1-conc_mech-blockchain-1backend_valid-active_r30_audit-off_20260903T170514Z,obs_143b29d9faf14f09bd86feab8509088e,2026-09-03T17:10:16.265229+00:00,blockchain,valid_active,8,1,UAV-VALID,ACCEPTED,ACCEPTED,True,37719900,37.7199,61400,37409200,0,3500,166700,4700,0,0,,,,none,blockchain-valid_active_0,0,False,239,8,
n250-identities_c1-conc_mech-blockchain-1backend_valid-active_r30_audit-off_20260903T170514Z,obs_fb3ae60ef26e45f59ea14344295f22ca,2026-09-03T17:10:16.289256+00:00,blockchain,valid_active,9,1,UAV-VALID,ACCEPTED,ACCEPTED,True,21144900,21.1449,29000,20751000,0,3900,252900,5700,0,0,,,,none,blockchain-valid_active_0,0,False,239,8,
n250-identities_c1-conc_mech-blockchain-1backend_valid-active_r30_audit-off_20260903T170514Z,obs_785f87f9c1b143ca91259c9879eb03da,2026-09-03T17:10:16.311189+00:00,blockchain,valid_active,10,1,UAV-VALID,ACCEPTED,ACCEPTED,True,17815800,17.8158,36500,17545600,0,2900,171100,4200,0,0,,,,none,blockchain-valid_active_0,0,False,240,8,
n250-identities_c1-conc_mech-blockchain-1backend_valid-active_r30_audit-off_20260903T170514Z,obs_f2622ee54b2841169971a743d9f6f3cd,2026-09-03T17:10:16.331579+00:00,blockchain,valid_active,11,1,UAV-VALID,ACCEPTED,ACCEPTED,True,17361700,17.3617,27900,17076000,0,3600,172500,6300,0,0,,,,none,blockchain-valid_active_0,0,False,239,8,
n250-identities_c1-conc_mech-blockchain-1backend_valid-active_r30_audit-off_20260903T170514Z,obs_eb3aad436cde463aa81b3e877250dd10,2026-09-03T17:10:16.366389+00:00,blockchain,valid_active,12,1,UAV-VALID,ACCEPTED,ACCEPTED,True,31550800,31.5508,32100,31281200,0,3000,178900,3200,0,0,,,,none,blockchain-valid_active_0,0,False,239,8,
n250-identities_c1-conc_mech-blockchain-1backend_valid-active_r30_audit-off_20260903T170514Z,obs_82a4290bb5fe403a8e3bea7c72b46bac,2026-09-03T17:10:16.387746+00:00,blockchain,valid_active,13,1,UAV-VALID,ACCEPTED,ACCEPTED,True,18499400,18.4994,30200,18127700,0,4700,245500,6200,0,0,,,,none,blockchain-valid_active_0,0,False,240,8,
n250-identities_c1-conc_mech-blockchain-1backend_valid-active_r30_audit-off_20260903T170514Z,obs_47be87fe4a5249609814acc38b25b546,2026-09-03T17:10:16.408578+00:00,blockchain,valid_active,14,1,UAV-VALID,ACCEPTED,ACCEPTED,True,16419300,16.4193,59800,15983400,0,3400,243000,6400,0,0,,,,none,blockchain-valid_active_0,0,False,239,8,
n250-identities_c1-conc_mech-blockchain-1backend_valid-active_r30_audit-off_20260903T170514Z,obs_632faff8adf54bc28aa5eeaeb0b9278b,2026-09-03T17:10:16.450999+00:00,blockchain,valid_active,15,1,UAV-VALID,ACCEPTED,ACCEPTED,True,37814900,37.8149,31900,37572700,0,2600,157300,3200,0,0,,,,none,blockchain-valid_active_0,0,False,238,8,
n250-identities_c1-conc_mech-blockchain-1backend_valid-active_r30_audit-off_20260903T170514Z,obs_dc48e8caee9749c2b844199b5f543bc6,2026-09-03T17:10:16.470141+00:00,blockchain,valid_active,16,1,UAV-VALID,ACCEPTED,ACCEPTED,True,16355200,16.3552,26100,15952900,0,3000,216000,5100,0,0,,,,none,blockchain-valid_active_0,0,False,239,8,
n250-identities_c1-conc_mech-blockchain-1backend_valid-active_r30_audit-off_20260903T170514Z,obs_a5d7ad443ee44909a0d818059cda830a,2026-09-03T17:10:16.491045+00:00,blockchain,valid_active,17,1,UAV-VALID,ACCEPTED,ACCEPTED,True,16925000,16.925,37900,16626700,0,3800,179700,3700,0,0,,,,none,blockchain-valid_active_0,0,False,239,8,
n250-identities_c1-conc_mech-blockchain-1backend_valid-active_r30_audit-off_20260903T170514Z,obs_b93865b97699490ba065f82ad0ce19d6,2026-09-03T17:10:16.509278+00:00,blockchain,valid_active,18,1,UAV-VALID,ACCEPTED,ACCEPTED,True,15055600,15.0556,31400,14793100,0,2500,160700,4300,0,0,,,,none,blockchain-valid_active_0,0,False,238,8,
n250-identities_c1-conc_mech-blockchain-1backend_valid-active_r30_audit-off_20260903T170514Z,obs_e3acdd1a05024eeca730838602d8e418,2026-09-03T17:10:16.540713+00:00,blockchain,valid_active,19,1,UAV-VALID,ACCEPTED,ACCEPTED,True,28564500,28.5645,30700,28304000,0,3400,166800,3800,0,0,,,,none,blockchain-valid_active_0,0,False,240,8,
n250-identities_c1-conc_mech-blockchain-1backend_valid-active_r30_audit-off_20260903T170514Z,obs_63b0290ca6624f7997e12ba24b6a1030,2026-09-03T17:10:16.560689+00:00,blockchain,valid_active,20,1,UAV-VALID,ACCEPTED,ACCEPTED,True,16833200,16.8332,29700,16579900,0,3400,159000,3200,0,0,,,,none,blockchain-valid_active_0,0,False,239,8,
n250-identities_c1-conc_mech-blockchain-1backend_valid-active_r30_audit-off_20260903T170514Z,obs_66fb5c42b0c241acbcc833ffdceb8110,2026-09-03T17:10:16.603633+00:00,blockchain,valid_active,21,1,UAV-VALID,ACCEPTED,ACCEPTED,True,39482000,39.482,29800,39211900,0,3500,171700,3600,0,0,,,,none,blockchain-valid_active_0,0,False,240,8,
n250-identities_c1-conc_mech-blockchain-1backend_valid-active_r30_audit-off_20260903T170514Z,obs_ce8f7ae053ea44649144aef858585065,2026-09-03T17:10:16.627570+00:00,blockchain,valid_active,22,1,UAV-VALID,ACCEPTED,ACCEPTED,True,19947300,19.9473,36300,19621300,0,2900,159300,3800,0,0,,,,none,blockchain-valid_active_0,0,False,239,8,
n250-identities_c1-conc_mech-blockchain-1backend_valid-active_r30_audit-off_20260903T170514Z,obs_fc95bcfb2eb845b387876eadb7c54c9f,2026-09-03T17:10:16.651456+00:00,blockchain,valid_active,23,1,UAV-VALID,ACCEPTED,ACCEPTED,True,20788700,20.7887,31400,20528100,0,4400,160200,3400,0,0,,,,none,blockchain-valid_active_0,0,False,240,8,
n250-identities_c1-conc_mech-blockchain-1backend_valid-active_r30_audit-off_20260903T170514Z,obs_2e34255d77d043fabd34d9c6db4fc92b,2026-09-03T17:10:16.676856+00:00,blockchain,valid_active,24,1,UAV-VALID,ACCEPTED,ACCEPTED,True,21352300,21.3523,100300,20924800,0,5800,237200,6400,0,0,,,,none,blockchain-valid_active_0,0,False,238,8,
n250-identities_c1-conc_mech-blockchain-1backend_valid-active_r30_audit-off_20260903T170514Z,obs_73e1843ccefc48629382924517bdfeaf,2026-09-03T17:10:16.704233+00:00,blockchain,valid_active,25,1,UAV-VALID,ACCEPTED,ACCEPTED,True,22744800,22.7448,34300,22476200,0,3200,170000,3500,0,0,,,,none,blockchain-valid_active_0,0,False,238,8,
n250-identities_c1-conc_mech-blockchain-1backend_valid-active_r30_audit-off_20260903T170514Z,obs_8c6e325290e745119817daadea0d247b,2026-09-03T17:10:16.728549+00:00,blockchain,valid_active,26,1,UAV-VALID,ACCEPTED,ACCEPTED,True,19536100,19.5361,54500,19236600,0,3600,167800,3800,0,0,,,,none,blockchain-valid_active_0,0,False,238,8,
n250-identities_c1-conc_mech-blockchain-1backend_valid-active_r30_audit-off_20260903T170514Z,obs_9037e19c8b2c44c792d54f4fdd34a57f,2026-09-03T17:10:16.750989+00:00,blockchain,valid_active,27,1,UAV-VALID,ACCEPTED,ACCEPTED,True,18013300,18.0133,35100,17721600,0,3100,183300,3800,0,0,,,,none,blockchain-valid_active_0,0,False,238,8,
n250-identities_c1-conc_mech-blockchain-1backend_valid-active_r30_audit-off_20260903T170514Z,obs_a6d4c670042d42f087e56a7c474ea22c,2026-09-03T17:10:16.772353+00:00,blockchain,valid_active,28,1,UAV-VALID,ACCEPTED,ACCEPTED,True,18330500,18.3305,30600,17966400,0,4400,222600,5300,0,0,,,,none,blockchain-valid_active_0,0,False,239,8,
n250-identities_c1-conc_mech-blockchain-1backend_valid-active_r30_audit-off_20260903T170514Z,obs_748a7671e3b746938485681f61254c63,2026-09-03T17:10:16.808007+00:00,blockchain,valid_active,29,1,UAV-VALID,ACCEPTED,ACCEPTED,True,31467200,31.4672,46000,30886000,0,5900,272200,8200,0,0,,,,none,blockchain-valid_active_0,0,False,239,8,
n250-identities_c5-conc_mech-x509-1backend_valid-active_r30_audit-off_20260903T171017Z,obs_37390e3af8c24793a472edf766783bec,2026-09-03T17:10:17.549292+00:00,x509,valid_active,0,5,UAV-VALID,ACCEPTED,ACCEPTED,True,1104600,1.1046,30700,57600,867100,0,114400,3500,0,0,,,,none,MainThread,0,True,239,8,
n250-identities_c5-conc_mech-x509-1backend_valid-active_r30_audit-off_20260903T171017Z,obs_f701036a225d46b8bcdf4eb26789f4b4,2026-09-03T17:10:17.557154+00:00,x509,valid_active,1,5,UAV-VALID,ACCEPTED,ACCEPTED,True,1977200,1.9772,44300,120000,1517700,0,202100,5500,0,0,,,,none,MainThread,0,True,239,8,
n250-identities_c5-conc_mech-x509-1backend_valid-active_r30_audit-off_20260903T171017Z,obs_c47f3ce0a7784da39bce5f6a65728737,2026-09-03T17:10:17.581286+00:00,x509,valid_active,0,5,UAV-VALID,ACCEPTED,ACCEPTED,True,8382900,8.3829,31900,113600,8041800,0,119300,3500,0,0,,,,none,x509-valid_active_0,0,False,238,8,
n250-identities_c5-conc_mech-x509-1backend_valid-active_r30_audit-off_20260903T171017Z,obs_8b52d259e06641a48ee17c8de84d1ca9,2026-09-03T17:10:17.583011+00:00,x509,valid_active,1,5,UAV-VALID,ACCEPTED,ACCEPTED,True,4926600,4.9266,47600,68400,4657400,0,122000,3900,0,0,,,,none,x509-valid_active_1,0,False,239,8,
n250-identities_c5-conc_mech-x509-1backend_valid-active_r30_audit-off_20260903T171017Z,obs_4c139230abbc4c5eb5dbd33852e7da09,2026-09-03T17:10:17.585991+00:00,x509,valid_active,3,5,UAV-VALID,ACCEPTED,ACCEPTED,True,5624400,5.6244,25000,57300,5328700,0,142600,4200,0,0,,,,none,x509-valid_active_3,0,False,239,8,
n250-identities_c5-conc_mech-x509-1backend_valid-active_r30_audit-off_20260903T171017Z,obs_007a600956394b13b93d825675e19be0,2026-09-03T17:10:17.589822+00:00,x509,valid_active,2,5,UAV-VALID,ACCEPTED,ACCEPTED,True,10468900,10.4689,28100,65700,10084300,0,188500,5200,0,0,,,,none,x509-valid_active_2,0,False,238,8,
n250-identities_c5-conc_mech-x509-1backend_valid-active_r30_audit-off_20260903T171017Z,obs_24864df775614fb8a7b6610761984025,2026-09-03T17:10:17.593513+00:00,x509,valid_active,4,5,UAV-VALID,ACCEPTED,ACCEPTED,True,12765700,12.7657,26400,55900,12373300,0,222400,4800,0,0,,,,none,x509-valid_active_4,0,False,239,8,
n250-identities_c5-conc_mech-x509-1backend_valid-active_r30_audit-off_20260903T171017Z,obs_76749dde335443f49e3b4654255a8861,2026-09-03T17:10:17.607533+00:00,x509,valid_active,7,5,UAV-VALID,ACCEPTED,ACCEPTED,True,6537900,6.5379,35500,100800,6183000,0,151800,5000,0,0,,,,none,x509-valid_active_3,0,False,238,8,
n250-identities_c5-conc_mech-x509-1backend_valid-active_r30_audit-off_20260903T171017Z,obs_abf4f12f29e846ef954160c94036e03f,2026-09-03T17:10:17.608946+00:00,x509,valid_active,6,5,UAV-VALID,ACCEPTED,ACCEPTED,True,9529800,9.5298,38800,100700,9230500,0,109700,2700,0,0,,,,none,x509-valid_active_1,0,False,239,8,
n250-identities_c5-conc_mech-x509-1backend_valid-active_r30_audit-off_20260903T171017Z,obs_8c4f4aafaa324a68ab94077780771775,2026-09-03T17:10:17.611416+00:00,x509,valid_active,5,5,UAV-VALID,ACCEPTED,ACCEPTED,True,8098500,8.0985,53800,64300,7842600,0,115900,2900,0,0,,,,none,x509-valid_active_0,0,False,239,8,
n250-identities_c5-conc_mech-x509-1backend_valid-active_r30_audit-off_20260903T171017Z,obs_9bd797c5ed294e5b8465385cdac93804,2026-09-03T17:10:17.619482+00:00,x509,valid_active,8,5,UAV-VALID,ACCEPTED,ACCEPTED,True,11019400,11.0194,30200,60100,10755300,0,127700,4000,0,0,,,,none,x509-valid_active_2,0,False,239,8,
n250-identities_c5-conc_mech-x509-1backend_valid-active_r30_audit-off_20260903T171017Z,obs_50ae6ff805ae4b4fac7baf9337078e6e,2026-09-03T17:10:17.620064+00:00,x509,valid_active,9,5,UAV-VALID,ACCEPTED,ACCEPTED,True,13159900,13.1599,45100,55600,12830500,0,177200,4600,0,0,,,,none,x509-valid_active_4,0,False,240,8,
n250-identities_c5-conc_mech-x509-1backend_valid-active_r30_audit-off_20260903T171017Z,obs_301e486bb4594b469ce2931e720c86e9,2026-09-03T17:10:17.625943+00:00,x509,valid_active,11,5,UAV-VALID,ACCEPTED,ACCEPTED,True,9107200,9.1072,24500,57500,8797400,0,158300,4100,0,0,,,,none,x509-valid_active_1,0,False,239,8,
n250-identities_c5-conc_mech-x509-1backend_valid-active_r30_audit-off_20260903T171017Z,obs_c4789bbb5c364ccab6ad9737e14ea971,2026-09-03T17:10:17.630109+00:00,x509,valid_active,10,5,UAV-VALID,ACCEPTED,ACCEPTED,True,9357500,9.3575,29200,44500,9035200,0,177200,4400,0,0,,,,none,x509-valid_active_3,0,False,240,8,
n250-identities_c5-conc_mech-x509-1backend_valid-active_r30_audit-off_20260903T171017Z,obs_7ce65df26d1c4197b9465fa2b4e5f9f2,2026-09-03T17:10:17.632406+00:00,x509,valid_active,12,5,UAV-VALID,ACCEPTED,ACCEPTED,True,11300600,11.3006,23800,46600,11046000,0,130500,3200,0,0,,,,none,x509-valid_active_0,0,False,239,8,
n250-identities_c5-conc_mech-x509-1backend_valid-active_r30_audit-off_20260903T171017Z,obs_638be292f65e40178d490d996d67786a,2026-09-03T17:10:17.640310+00:00,x509,valid_active,13,5,UAV-VALID,ACCEPTED,ACCEPTED,True,8559300,8.5593,25900,54800,8236500,0,171200,5600,0,0,,,,none,x509-valid_active_2,0,False,239,8,
n250-identities_c5-conc_mech-x509-1backend_valid-active_r30_audit-off_20260903T171017Z,obs_c85fe128bbc3410a8fd90a31e5533cfb,2026-09-03T17:10:17.641689+00:00,x509,valid_active,14,5,UAV-VALID,ACCEPTED,ACCEPTED,True,7585600,7.5856,30300,46000,7270700,0,168300,6300,0,0,,,,none,x509-valid_active_4,0,False,239,8,
n250-identities_c5-conc_mech-x509-1backend_valid-active_r30_audit-off_20260903T171017Z,obs_357e078baffa4701a68fdee21ecb6feb,2026-09-03T17:10:17.644822+00:00,x509,valid_active,15,5,UAV-VALID,ACCEPTED,ACCEPTED,True,8642100,8.6421,21800,44600,8392300,0,133200,3400,0,0,,,,none,x509-valid_active_1,0,False,239,8,
n250-identities_c5-conc_mech-x509-1backend_valid-active_r30_audit-off_20260903T171017Z,obs_16a78af8e93f4b52896ae42aff907ff2,2026-09-03T17:10:17.646836+00:00,x509,valid_active,16,5,UAV-VALID,ACCEPTED,ACCEPTED,True,7783800,7.7838,21900,70400,7460700,0,149900,3600,0,0,,,,none,x509-valid_active_3,0,False,239,8,
n250-identities_c5-conc_mech-x509-1backend_valid-active_r30_audit-off_20260903T171017Z,obs_518c5a1059754435b249a6df0cfb006a,2026-09-03T17:10:17.650423+00:00,x509,valid_active,17,5,UAV-VALID,ACCEPTED,ACCEPTED,True,9869700,9.8697,29300,55600,9606800,0,130400,3500,0,0,,,,none,x509-valid_active_0,0,False,238,8,
n250-identities_c5-conc_mech-x509-1backend_valid-active_r30_audit-off_20260903T171017Z,obs_43e61f89409e4c61abf92992903bbee5,2026-09-03T17:10:17.659217+00:00,x509,valid_active,19,5,UAV-VALID,ACCEPTED,ACCEPTED,True,6865200,6.8652,26100,47700,6620200,0,131000,3600,0,0,,,,none,x509-valid_active_4,0,False,238,8,
n250-identities_c5-conc_mech-x509-1backend_valid-active_r30_audit-off_20260903T171017Z,obs_21efa6b5fd714c0c917b4f1c6d16aa0e,2026-09-03T17:10:17.660812+00:00,x509,valid_active,18,5,UAV-VALID,ACCEPTED,ACCEPTED,True,5538600,5.5386,21900,78200,5252100,0,122300,3000,0,0,,,,none,x509-valid_active_2,0,False,239,8,
n250-identities_c5-conc_mech-x509-1backend_valid-active_r30_audit-off_20260903T171017Z,obs_f58400a78525484fbdc5bc84cdb73874,2026-09-03T17:10:17.665886+00:00,x509,valid_active,20,5,UAV-VALID,ACCEPTED,ACCEPTED,True,8982900,8.9829,23200,99100,8622800,0,139000,4000,0,0,,,,none,x509-valid_active_1,0,False,238,8,
n250-identities_c5-conc_mech-x509-1backend_valid-active_r30_audit-off_20260903T171017Z,obs_539bf098e68e417d9b8b4903ccc3a13b,2026-09-03T17:10:17.667188+00:00,x509,valid_active,22,5,UAV-VALID,ACCEPTED,ACCEPTED,True,7615700,7.6157,20900,43600,7370600,0,129700,3200,0,0,,,,none,x509-valid_active_0,0,False,240,8,
n250-identities_c5-conc_mech-x509-1backend_valid-active_r30_audit-off_20260903T171017Z,obs_24200d4e0ae74f48b89f280d426b5a2a,2026-09-03T17:10:17.674312+00:00,x509,valid_active,21,5,UAV-VALID,ACCEPTED,ACCEPTED,True,13114000,13.114,30100,44700,12820600,0,159200,4400,0,0,,,,none,x509-valid_active_3,0,False,239,8,
n250-identities_c5-conc_mech-x509-1backend_valid-active_r30_audit-off_20260903T171017Z,obs_6cb4446fa17a4420b5801f486f8c7994,2026-09-03T17:10:17.678664+00:00,x509,valid_active,24,5,UAV-VALID,ACCEPTED,ACCEPTED,True,6207500,6.2075,25000,65000,5889000,0,157000,3900,0,0,,,,none,x509-valid_active_2,0,False,239,8,
n250-identities_c5-conc_mech-x509-1backend_valid-active_r30_audit-off_20260903T171017Z,obs_cb49428344ae4f93a01d170469477e78,2026-09-03T17:10:17.682006+00:00,x509,valid_active,23,5,UAV-VALID,ACCEPTED,ACCEPTED,True,10045600,10.0456,20100,87900,9727300,0,135700,3700,0,0,,,,none,x509-valid_active_4,0,False,239,8,
n250-identities_c5-conc_mech-x509-1backend_valid-active_r30_audit-off_20260903T171017Z,obs_2eb647faea0047a4878c7a445b7807e7,2026-09-03T17:10:17.682481+00:00,x509,valid_active,25,5,UAV-VALID,ACCEPTED,ACCEPTED,True,7439500,7.4395,42300,56600,7173200,0,129300,3200,0,0,,,,none,x509-valid_active_1,0,False,239,8,
n250-identities_c5-conc_mech-x509-1backend_valid-active_r30_audit-off_20260903T171017Z,obs_802d1833c8f94bc888e47727a8470f3c,2026-09-03T17:10:17.684662+00:00,x509,valid_active,26,5,UAV-VALID,ACCEPTED,ACCEPTED,True,7878800,7.8788,30200,60600,7605200,0,128400,3600,0,0,,,,none,x509-valid_active_0,0,False,239,8,
n250-identities_c5-conc_mech-x509-1backend_valid-active_r30_audit-off_20260903T171017Z,obs_6b50303b6b50421db16dd155adfbf1cd,2026-09-03T17:10:17.689275+00:00,x509,valid_active,27,5,UAV-VALID,ACCEPTED,ACCEPTED,True,3523100,3.5231,20600,47200,3278500,0,129900,4000,0,0,,,,none,x509-valid_active_3,0,False,239,8,
n250-identities_c5-conc_mech-x509-1backend_valid-active_r30_audit-off_20260903T171017Z,obs_083c2048f0e2426a843ce04baafcfbc1,2026-09-03T17:10:17.690864+00:00,x509,valid_active,28,5,UAV-VALID,ACCEPTED,ACCEPTED,True,3125800,3.1258,20400,43100,2825100,0,172000,4000,0,0,,,,none,x509-valid_active_2,0,False,239,8,
n250-identities_c5-conc_mech-x509-1backend_valid-active_r30_audit-off_20260903T171017Z,obs_8269d1a144ac49bcb69113d786ffcfaf,2026-09-03T17:10:17.691325+00:00,x509,valid_active,29,5,UAV-VALID,ACCEPTED,ACCEPTED,True,2736200,2.7362,19700,52700,2478500,0,128700,3500,0,0,,,,none,x509-valid_active_4,0,False,239,8,
n250-identities_c5-conc_mech-blockchain-1backend_valid-active_r30_audit-off_20260903T171018Z,obs_9ac8842489d548dd8f1a7803f4604b74,2026-09-03T17:10:18.793629+00:00,blockchain,valid_active,0,5,UAV-VALID,ACCEPTED,ACCEPTED,True,18738600,18.7386,33500,18489900,0,2900,159700,3900,0,0,,,,none,MainThread,0,True,239,8,
n250-identities_c5-conc_mech-blockchain-1backend_valid-active_r30_audit-off_20260903T171018Z,obs_50ac5cec586d47048a2e706612b3dd3e,2026-09-03T17:10:18.836758+00:00,blockchain,valid_active,1,5,UAV-VALID,ACCEPTED,ACCEPTED,True,37349200,37.3492,29700,37110200,0,2500,153100,3300,0,0,,,,none,MainThread,0,True,240,8,
n250-identities_c5-conc_mech-blockchain-1backend_valid-active_r30_audit-off_20260903T171018Z,obs_7bad318c3226414381f732a8138494f9,2026-09-03T17:10:18.902284+00:00,blockchain,valid_active,1,5,UAV-VALID,ACCEPTED,ACCEPTED,True,49410200,49.4102,24700,49178000,0,3300,147800,3300,0,0,,,,none,blockchain-valid_active_1,0,False,239,8,
n250-identities_c5-conc_mech-blockchain-1backend_valid-active_r30_audit-off_20260903T171018Z,obs_adf7fd0c363b41848290d5b5e7a1458f,2026-09-03T17:10:18.912930+00:00,blockchain,valid_active,0,5,UAV-VALID,ACCEPTED,ACCEPTED,True,61217800,61.2178,41300,60916100,0,4600,171400,5700,0,0,,,,none,blockchain-valid_active_0,0,False,239,8,
n250-identities_c5-conc_mech-blockchain-1backend_valid-active_r30_audit-off_20260903T171018Z,obs_58ed40ae6df14693a75f85b7fae8578b,2026-09-03T17:10:18.924660+00:00,blockchain,valid_active,4,5,UAV-VALID,ACCEPTED,ACCEPTED,True,55446600,55.4466,23600,55074400,0,5700,234700,6100,0,0,,,,none,blockchain-valid_active_4,0,False,240,8,
n250-identities_c5-conc_mech-blockchain-1backend_valid-active_r30_audit-off_20260903T171018Z,obs_0a0df7ce4dc54284b9dfef4e3df5f4f6,2026-09-03T17:10:18.930968+00:00,blockchain,valid_active,3,5,UAV-VALID,ACCEPTED,ACCEPTED,True,71649800,71.6498,53300,71370200,0,3200,176100,4500,0,0,,,,none,blockchain-valid_active_3,0,False,240,8,
n250-identities_c5-conc_mech-blockchain-1backend_valid-active_r30_audit-off_20260903T171018Z,obs_f64f1ab0cdd24d2ead2142517ebb4c76,2026-09-03T17:10:18.932553+00:00,blockchain,valid_active,2,5,UAV-VALID,ACCEPTED,ACCEPTED,True,65862600,65.8626,28300,65632100,0,2200,152600,4100,0,0,,,,none,blockchain-valid_active_2,0,False,240,8,
n250-identities_c5-conc_mech-blockchain-1backend_valid-active_r30_audit-off_20260903T171018Z,obs_e6a215306dd8467a8a9d6c3d58869cc6,2026-09-03T17:10:18.998566+00:00,blockchain,valid_active,5,5,UAV-VALID,ACCEPTED,ACCEPTED,True,79728300,79.7283,45300,79341600,0,5700,240700,7100,0,0,,,,none,blockchain-valid_active_1,0,False,239,8,
n250-identities_c5-conc_mech-blockchain-1backend_valid-active_r30_audit-off_20260903T171018Z,obs_bb068d939cb143e49cf8216fd6a1e2e0,2026-09-03T17:10:19.033830+00:00,blockchain,valid_active,6,5,UAV-VALID,ACCEPTED,ACCEPTED,True,99049900,99.0499,28400,98637600,0,5800,256400,8400,0,0,,,,none,blockchain-valid_active_0,0,False,239,8,
n250-identities_c5-conc_mech-blockchain-1backend_valid-active_r30_audit-off_20260903T171018Z,obs_eeb29a86b63a4011bd6bfebce5a73bc8,2026-09-03T17:10:19.037600+00:00,blockchain,valid_active,7,5,UAV-VALID,ACCEPTED,ACCEPTED,True,92936600,92.9366,41900,92540800,0,4600,241600,6000,0,0,,,,none,blockchain-valid_active_4,0,False,238,8,
n250-identities_c5-conc_mech-blockchain-1backend_valid-active_r30_audit-off_20260903T171018Z,obs_39874dd727044f30bd1e9cf6146469d6,2026-09-03T17:10:19.057335+00:00,blockchain,valid_active,9,5,UAV-VALID,ACCEPTED,ACCEPTED,True,106578400,106.5784,26700,106182000,0,6500,252700,8000,0,0,,,,none,blockchain-valid_active_2,0,False,240,8,
n250-identities_c5-conc_mech-blockchain-1backend_valid-active_r30_audit-off_20260903T171018Z,obs_ef539eea811a4b38876e6f66a1917757,2026-09-03T17:10:19.063637+00:00,blockchain,valid_active,8,5,UAV-VALID,ACCEPTED,ACCEPTED,True,115373200,115.3732,30400,114974600,0,4700,254400,8700,0,0,,,,none,blockchain-valid_active_3,0,False,239,8,
n250-identities_c5-conc_mech-blockchain-1backend_valid-active_r30_audit-off_20260903T171018Z,obs_088f4d7f15024f24a6312e48f8860155,2026-09-03T17:10:19.095565+00:00,blockchain,valid_active,10,5,UAV-VALID,ACCEPTED,ACCEPTED,True,79479900,79.4799,67000,79049700,0,4200,272000,6300,0,0,,,,none,blockchain-valid_active_1,0,False,239,8,
n250-identities_c5-conc_mech-blockchain-1backend_valid-active_r30_audit-off_20260903T171018Z,obs_2ea0c0e8f98a4d5b919cac115fd3f7d1,2026-09-03T17:10:19.146959+00:00,blockchain,valid_active,11,5,UAV-VALID,ACCEPTED,ACCEPTED,True,96053300,96.0533,55600,95644500,0,4800,259500,5800,0,0,,,,none,blockchain-valid_active_0,0,False,239,8,
n250-identities_c5-conc_mech-blockchain-1backend_valid-active_r30_audit-off_20260903T171018Z,obs_dbfe23eff0d44eeabfd30b10a86e976e,2026-09-03T17:10:19.166083+00:00,blockchain,valid_active,12,5,UAV-VALID,ACCEPTED,ACCEPTED,True,113093300,113.0933,51200,112656100,0,5600,262400,7300,0,0,,,,none,blockchain-valid_active_4,0,False,239,8,
n250-identities_c5-conc_mech-blockchain-1backend_valid-active_r30_audit-off_20260903T171018Z,obs_4f5297542a2b43f8a82ff28793c76ddb,2026-09-03T17:10:19.184950+00:00,blockchain,valid_active,13,5,UAV-VALID,ACCEPTED,ACCEPTED,True,93175500,93.1755,54300,92727200,0,4800,279700,6400,0,0,,,,none,blockchain-valid_active_2,0,False,240,8,
n250-identities_c5-conc_mech-blockchain-1backend_valid-active_r30_audit-off_20260903T171018Z,obs_5b543827291b4f1dbb665e44a05fd5f6,2026-09-03T17:10:19.187308+00:00,blockchain,valid_active,14,5,UAV-VALID,ACCEPTED,ACCEPTED,True,99878900,99.8789,51400,99518700,0,4200,224500,6200,0,0,,,,none,blockchain-valid_active_3,0,False,239,8,
n250-identities_c5-conc_mech-blockchain-1backend_valid-active_r30_audit-off_20260903T171018Z,obs_469d09fb5fdf437aaf819080c263d3bc,2026-09-03T17:10:19.206287+00:00,blockchain,valid_active,15,5,UAV-VALID,ACCEPTED,ACCEPTED,True,81934100,81.9341,74500,81571500,0,3700,219600,5700,0,0,,,,none,blockchain-valid_active_1,0,False,239,8,
n250-identities_c5-conc_mech-blockchain-1backend_valid-active_r30_audit-off_20260903T171018Z,obs_1bc05713b10f4b8caf4daf681ee5f8fe,2026-09-03T17:10:19.236800+00:00,blockchain,valid_active,16,5,UAV-VALID,ACCEPTED,ACCEPTED,True,65549700,65.5497,53900,65296900,0,2700,150600,3000,0,0,,,,none,blockchain-valid_active_0,0,False,238,8,
n250-identities_c5-conc_mech-blockchain-1backend_valid-active_r30_audit-off_20260903T171018Z,obs_11489564e83e4a6ca4113906b8397bb8,2026-09-03T17:10:19.276054+00:00,blockchain,valid_active,17,5,UAV-VALID,ACCEPTED,ACCEPTED,True,78898100,78.8981,59300,78621600,0,3400,161100,3400,0,0,,,,none,blockchain-valid_active_4,0,False,239,8,
n250-identities_c5-conc_mech-blockchain-1backend_valid-active_r30_audit-off_20260903T171018Z,obs_ee9e468fe23949f3a86c55e5d4919822,2026-09-03T17:10:19.284594+00:00,blockchain,valid_active,19,5,UAV-VALID,ACCEPTED,ACCEPTED,True,68490800,68.4908,32100,68249300,0,2700,154000,3600,0,0,,,,none,blockchain-valid_active_3,0,False,238,8,
n250-identities_c5-conc_mech-blockchain-1backend_valid-active_r30_audit-off_20260903T171018Z,obs_10badb2af2204c03b28576d2d1ccdd2e,2026-09-03T17:10:19.294876+00:00,blockchain,valid_active,18,5,UAV-VALID,ACCEPTED,ACCEPTED,True,77222400,77.2224,26800,76946100,0,3400,163900,3700,0,0,,,,none,blockchain-valid_active_2,0,False,238,8,
n250-identities_c5-conc_mech-blockchain-1backend_valid-active_r30_audit-off_20260903T171018Z,obs_c4bc3e3189a14637a5d43078a6bd7ff8,2026-09-03T17:10:19.302078+00:00,blockchain,valid_active,20,5,UAV-VALID,ACCEPTED,ACCEPTED,True,79595000,79.595,54700,79328900,0,2500,158900,3800,0,0,,,,none,blockchain-valid_active_1,0,False,239,8,
n250-identities_c5-conc_mech-blockchain-1backend_valid-active_r30_audit-off_20260903T171018Z,obs_d32d88258c314b66a445d8d6c8ace817,2026-09-03T17:10:19.324421+00:00,blockchain,valid_active,21,5,UAV-VALID,ACCEPTED,ACCEPTED,True,59986400,59.9864,31900,59691800,0,2700,179200,4600,0,0,,,,none,blockchain-valid_active_0,0,False,239,8,
n250-identities_c5-conc_mech-blockchain-1backend_valid-active_r30_audit-off_20260903T171018Z,obs_5388dfd5e1ab442e946e3007d75b839d,2026-09-03T17:10:19.345634+00:00,blockchain,valid_active,22,5,UAV-VALID,ACCEPTED,ACCEPTED,True,53982500,53.9825,114400,53703000,0,2700,170400,4900,0,0,,,,none,blockchain-valid_active_4,0,False,239,8,
n250-identities_c5-conc_mech-blockchain-1backend_valid-active_r30_audit-off_20260903T171018Z,obs_98ce49cfd62d4387b04bbeec4cdfdc63,2026-09-03T17:10:19.368574+00:00,blockchain,valid_active,23,5,UAV-VALID,ACCEPTED,ACCEPTED,True,62862500,62.8625,50600,62541900,0,3800,195400,5000,0,0,,,,none,blockchain-valid_active_3,0,False,239,8,
n250-identities_c5-conc_mech-blockchain-1backend_valid-active_r30_audit-off_20260903T171018Z,obs_e1b9f5f2ad3c4044a95e47afb8b273ba,2026-09-03T17:10:19.375105+00:00,blockchain,valid_active,24,5,UAV-VALID,ACCEPTED,ACCEPTED,True,59222300,59.2223,30300,58939300,0,3300,182300,4100,0,0,,,,none,blockchain-valid_active_2,0,False,240,8,
n250-identities_c5-conc_mech-blockchain-1backend_valid-active_r30_audit-off_20260903T171018Z,obs_26f7170591004d2c987b19476fd88a34,2026-09-03T17:10:19.377296+00:00,blockchain,valid_active,25,5,UAV-VALID,ACCEPTED,ACCEPTED,True,56754100,56.7541,33800,56532300,0,1900,146000,3500,0,0,,,,none,blockchain-valid_active_1,0,False,238,8,
n250-identities_c5-conc_mech-blockchain-1backend_valid-active_r30_audit-off_20260903T171018Z,obs_9f11d5f493fd433db9d6028899bccda4,2026-09-03T17:10:19.396497+00:00,blockchain,valid_active,26,5,UAV-VALID,ACCEPTED,ACCEPTED,True,58496500,58.4965,28800,58235900,0,2600,161500,4700,0,0,,,,none,blockchain-valid_active_0,0,False,239,8,
n250-identities_c5-conc_mech-blockchain-1backend_valid-active_r30_audit-off_20260903T171018Z,obs_6fc26e7ca3714ae6897679f208466415,2026-09-03T17:10:19.414656+00:00,blockchain,valid_active,27,5,UAV-VALID,ACCEPTED,ACCEPTED,True,52032100,52.0321,32700,51768900,0,3400,164200,4700,0,0,,,,none,blockchain-valid_active_4,0,False,240,8,
n250-identities_c5-conc_mech-blockchain-1backend_valid-active_r30_audit-off_20260903T171018Z,obs_ae46927c26f04ee1a5da0f76f009b43f,2026-09-03T17:10:19.427586+00:00,blockchain,valid_active,29,5,UAV-VALID,ACCEPTED,ACCEPTED,True,37129000,37.129,54300,36806300,0,2500,199100,6400,0,0,,,,none,blockchain-valid_active_2,0,False,239,8,
n250-identities_c5-conc_mech-blockchain-1backend_valid-active_r30_audit-off_20260903T171018Z,obs_6ece27daa8da4512996a8d754fff4fd6,2026-09-03T17:10:19.428823+00:00,blockchain,valid_active,28,5,UAV-VALID,ACCEPTED,ACCEPTED,True,45551800,45.5518,76000,45329300,0,1900,135700,2700,0,0,,,,none,blockchain-valid_active_3,0,False,239,8,
n250-identities_c10-conc_mech-x509-1backend_valid-active_r30_audit-off_20260903T171020Z,obs_a1f289ce71e44a36bd5dd39b505652fb,2026-09-03T17:10:20.410534+00:00,x509,valid_active,0,10,UAV-VALID,ACCEPTED,ACCEPTED,True,1545700,1.5457,40300,58600,1225300,0,165600,5200,0,0,,,,none,MainThread,0,True,239,8,
n250-identities_c10-conc_mech-x509-1backend_valid-active_r30_audit-off_20260903T171020Z,obs_555ab9fbe6064e81aa1755e2f80aafaf,2026-09-03T17:10:20.417317+00:00,x509,valid_active,1,10,UAV-VALID,ACCEPTED,ACCEPTED,True,1059600,1.0596,29300,58800,816600,0,119300,3800,0,0,,,,none,MainThread,0,True,239,8,
n250-identities_c10-conc_mech-x509-1backend_valid-active_r30_audit-off_20260903T171020Z,obs_ff31e1e6ebd14345955f8c57a345a6b2,2026-09-03T17:10:20.449762+00:00,x509,valid_active,3,10,UAV-VALID,ACCEPTED,ACCEPTED,True,8892000,8.892,26800,121700,8555500,0,119600,4200,0,0,,,,none,x509-valid_active_3,0,False,239,8,
n250-identities_c10-conc_mech-x509-1backend_valid-active_r30_audit-off_20260903T171020Z,obs_ffd1bf740cc747eb84fac9c75dcb7759,2026-09-03T17:10:20.453336+00:00,x509,valid_active,1,10,UAV-VALID,ACCEPTED,ACCEPTED,True,16762200,16.7622,21000,63200,16501400,0,120800,2700,0,0,,,,none,x509-valid_active_1,0,False,239,8,
n250-identities_c10-conc_mech-x509-1backend_valid-active_r30_audit-off_20260903T171020Z,obs_3c0b6d64addf4e77b6d9ceec747f9eac,2026-09-03T17:10:20.463421+00:00,x509,valid_active,0,10,UAV-VALID,ACCEPTED,ACCEPTED,True,17617000,17.617,27400,75000,17272400,0,167100,5000,0,0,,,,none,x509-valid_active_0,0,False,239,8,
n250-identities_c10-conc_mech-x509-1backend_valid-active_r30_audit-off_20260903T171020Z,obs_96344138c03b4ef8bd9488ab29b8a558,2026-09-03T17:10:20.466718+00:00,x509,valid_active,6,10,UAV-VALID,ACCEPTED,ACCEPTED,True,16530700,16.5307,28000,59200,16206500,0,172000,4700,0,0,,,,none,x509-valid_active_6,0,False,239,8,
n250-identities_c10-conc_mech-x509-1backend_valid-active_r30_audit-off_20260903T171020Z,obs_5882d72fcc724d9fb47cf11cead82ac3,2026-09-03T17:10:20.467970+00:00,x509,valid_active,2,10,UAV-VALID,ACCEPTED,ACCEPTED,True,26292300,26.2923,35700,110000,25969900,0,124800,2900,0,0,,,,none,x509-valid_active_2,0,False,239,8,
n250-identities_c10-conc_mech-x509-1backend_valid-active_r30_audit-off_20260903T171020Z,obs_5aaf7bcbddbf4b478203dcc73a79929c,2026-09-03T17:10:20.471684+00:00,x509,valid_active,7,10,UAV-VALID,ACCEPTED,ACCEPTED,True,14735900,14.7359,26600,110100,14348400,0,159200,3700,0,0,,,,none,x509-valid_active_7,0,False,238,8,
n250-identities_c10-conc_mech-x509-1backend_valid-active_r30_audit-off_20260903T171020Z,obs_b865ae16935d498bbb529c2fdfffd76a,2026-09-03T17:10:20.474474+00:00,x509,valid_active,5,10,UAV-VALID,ACCEPTED,ACCEPTED,True,22954800,22.9548,23400,58500,22572400,0,207100,5900,0,0,,,,none,x509-valid_active_5,0,False,238,8,
n250-identities_c10-conc_mech-x509-1backend_valid-active_r30_audit-off_20260903T171020Z,obs_2824f7e22e684338b7ab462af3a1bd82,2026-09-03T17:10:20.482561+00:00,x509,valid_active,10,10,UAV-VALID,ACCEPTED,ACCEPTED,True,10572900,10.5729,27700,94000,10198800,0,160500,4300,0,0,,,,none,x509-valid_active_3,0,False,239,8,
n250-identities_c10-conc_mech-x509-1backend_valid-active_r30_audit-off_20260903T171020Z,obs_b2394b284fed49518834f8e23ef268a8,2026-09-03T17:10:20.483141+00:00,x509,valid_active,9,10,UAV-VALID,ACCEPTED,ACCEPTED,True,21620800,21.6208,40500,81000,21320900,0,132400,3100,0,0,,,,none,x509-valid_active_9,0,False,239,8,
n250-identities_c10-conc_mech-x509-1backend_valid-active_r30_audit-off_20260903T171020Z,obs_5dafe9d69ad64a6d988a43f12d3a8d6e,2026-09-03T17:10:20.491159+00:00,x509,valid_active,4,10,UAV-VALID,ACCEPTED,ACCEPTED,True,25166900,25.1669,38000,94200,24675200,0,246800,6000,0,0,,,,none,x509-valid_active_4,0,False,239,8,
n250-identities_c10-conc_mech-x509-1backend_valid-active_r30_audit-off_20260903T171020Z,obs_d8377800791c458dbe51c184906d9106,2026-09-03T17:10:20.500914+00:00,x509,valid_active,8,10,UAV-VALID,ACCEPTED,ACCEPTED,True,22937900,22.9379,25900,106500,22597200,0,134300,3300,0,0,,,,none,x509-valid_active_8,0,False,240,8,
n250-identities_c10-conc_mech-x509-1backend_valid-active_r30_audit-off_20260903T171020Z,obs_3dc96db4922549d190b1bd26a645511d,2026-09-03T17:10:20.513007+00:00,x509,valid_active,11,10,UAV-VALID,ACCEPTED,ACCEPTED,True,25241000,25.241,42400,143700,24105600,0,126100,3800,0,0,,,,none,x509-valid_active_1,0,False,238,8,
n250-identities_c10-conc_mech-x509-1backend_valid-active_r30_audit-off_20260903T171020Z,obs_d8c2a46bad604e94af2ac1e3e2be0da7,2026-09-03T17:10:20.515640+00:00,x509,valid_active,13,10,UAV-VALID,ACCEPTED,ACCEPTED,True,10349400,10.3494,40000,62800,10068900,0,131200,2800,0,0,,,,none,x509-valid_active_6,0,False,240,8,
n250-identities_c10-conc_mech-x509-1backend_valid-active_r30_audit-off_20260903T171020Z,obs_cad999065bac4068893c1271fd2df7b2,2026-09-03T17:10:20.516009+00:00,x509,valid_active,12,10,UAV-VALID,ACCEPTED,ACCEPTED,True,18890500,18.8905,30500,73800,18605200,0,124800,3000,0,0,,,,none,x509-valid_active_0,0,False,239,8,
n250-identities_c10-conc_mech-x509-1backend_valid-active_r30_audit-off_20260903T171020Z,obs_b56db271ff0c4b7886954e3b812e9955,2026-09-03T17:10:20.516918+00:00,x509,valid_active,14,10,UAV-VALID,ACCEPTED,ACCEPTED,True,15803600,15.8036,29300,46200,15571000,0,118400,2700,0,0,,,,none,x509-valid_active_2,0,False,239,8,
n250-identities_c10-conc_mech-x509-1backend_valid-active_r30_audit-off_20260903T171020Z,obs_8f1a125868454365a25ccc1530d2c5ee,2026-09-03T17:10:20.520444+00:00,x509,valid_active,15,10,UAV-VALID,ACCEPTED,ACCEPTED,True,20020000,20.02,30300,54400,19680400,0,174400,4700,0,0,,,,none,x509-valid_active_7,0,False,239,8,
n250-identities_c10-conc_mech-x509-1backend_valid-active_r30_audit-off_20260903T171020Z,obs_64c9b7a6fbea4bc29fb42d129c229af0,2026-09-03T17:10:20.521566+00:00,x509,valid_active,16,10,UAV-VALID,ACCEPTED,ACCEPTED,True,13859000,13.859,66800,99900,13386700,0,224500,5800,0,0,,,,none,x509-valid_active_5,0,False,240,8,
n250-identities_c10-conc_mech-x509-1backend_valid-active_r30_audit-off_20260903T171020Z,obs_a15211daa35d48c691be0f15c78199a3,2026-09-03T17:10:20.543485+00:00,x509,valid_active,17,10,UAV-VALID,ACCEPTED,ACCEPTED,True,31084500,31.0845,40200,50900,30676600,0,235500,6600,0,0,,,,none,x509-valid_active_3,0,False,238,8,
n250-identities_c10-conc_mech-x509-1backend_valid-active_r30_audit-off_20260903T171020Z,obs_96e6e2ff16884033b27a1f5c68464769,2026-09-03T17:10:20.546008+00:00,x509,valid_active,18,10,UAV-VALID,ACCEPTED,ACCEPTED,True,35730400,35.7304,37900,68300,35415100,0,158100,4100,0,0,,,,none,x509-valid_active_9,0,False,239,8,
n250-identities_c10-conc_mech-x509-1backend_valid-active_r30_audit-off_20260903T171020Z,obs_ae9487a3b8d84b21835e4334e9ef8c03,2026-09-03T17:10:20.552375+00:00,x509,valid_active,19,10,UAV-VALID,ACCEPTED,ACCEPTED,True,34655000,34.655,32600,51300,34308700,0,178100,7000,0,0,,,,none,x509-valid_active_4,0,False,239,8,
n250-identities_c10-conc_mech-x509-1backend_valid-active_r30_audit-off_20260903T171020Z,obs_61818a0888904231849363cedc536702,2026-09-03T17:10:20.567211+00:00,x509,valid_active,20,10,UAV-VALID,ACCEPTED,ACCEPTED,True,18796300,18.7963,32200,87600,18489000,0,131000,3800,0,0,,,,none,x509-valid_active_8,0,False,239,8,
n250-identities_c10-conc_mech-x509-1backend_valid-active_r30_audit-off_20260903T171020Z,obs_99d7c2ab2a0d47f1b3904d59aaa2fe61,2026-09-03T17:10:20.568824+00:00,x509,valid_active,23,10,UAV-VALID,ACCEPTED,ACCEPTED,True,18231000,18.231,33900,77900,17780400,0,246200,6900,0,0,,,,none,x509-valid_active_0,0,False,239,8,
n250-identities_c10-conc_mech-x509-1backend_valid-active_r30_audit-off_20260903T171020Z,obs_355d128053a94b2aac128e57212d3c64,2026-09-03T17:10:20.578091+00:00,x509,valid_active,21,10,UAV-VALID,ACCEPTED,ACCEPTED,True,23402900,23.4029,77000,96100,23036100,0,152000,4300,0,0,,,,none,x509-valid_active_1,0,False,239,8,
n250-identities_c10-conc_mech-x509-1backend_valid-active_r30_audit-off_20260903T171020Z,obs_d437293d7f2048099d69e7868e515a49,2026-09-03T17:10:20.582729+00:00,x509,valid_active,24,10,UAV-VALID,ACCEPTED,ACCEPTED,True,23791700,23.7917,43600,100000,23393300,0,183300,4700,0,0,,,,none,x509-valid_active_2,0,False,239,8,
n250-identities_c10-conc_mech-x509-1backend_valid-active_r30_audit-off_20260903T171020Z,obs_6d0a5fbf71fb43fe85a001f04ec0bb99,2026-09-03T17:10:20.583632+00:00,x509,valid_active,25,10,UAV-VALID,ACCEPTED,ACCEPTED,True,18874700,18.8747,45700,107900,18522800,0,128000,3000,0,0,,,,none,x509-valid_active_7,0,False,238,8,
n250-identities_c10-conc_mech-x509-1backend_valid-active_r30_audit-off_20260903T171020Z,obs_bdf03321f6cb4a2c846ad5673d3b690c,2026-09-03T17:10:20.583936+00:00,x509,valid_active,22,10,UAV-VALID,ACCEPTED,ACCEPTED,True,22825000,22.825,46900,90200,22530100,0,119200,2700,0,0,,,,none,x509-valid_active_6,0,False,239,8,
n250-identities_c10-conc_mech-x509-1backend_valid-active_r30_audit-off_20260903T171020Z,obs_b7b8f2ed94194fe7a4c59cc04e736476,2026-09-03T17:10:20.587416+00:00,x509,valid_active,28,10,UAV-VALID,ACCEPTED,ACCEPTED,True,5333400,5.3334,33800,58000,4970300,0,221600,5900,0,0,,,,none,x509-valid_active_9,0,False,239,8,
n250-identities_c10-conc_mech-x509-1backend_valid-active_r30_audit-off_20260903T171020Z,obs_34a217da0dde49a2a9c9a8b7b1064c6c,2026-09-03T17:10:20.587732+00:00,x509,valid_active,27,10,UAV-VALID,ACCEPTED,ACCEPTED,True,4739800,4.7398,34700,66900,4464200,0,129900,3000,0,0,,,,none,x509-valid_active_3,0,False,238,8,
n250-identities_c10-conc_mech-x509-1backend_valid-active_r30_audit-off_20260903T171020Z,obs_e17948562a3c4f1c896524d7b5d14a36,2026-09-03T17:10:20.588408+00:00,x509,valid_active,29,10,UAV-VALID,ACCEPTED,ACCEPTED,True,4125100,4.1251,43100,52900,3837300,0,146500,4000,0,0,,,,none,x509-valid_active_4,0,False,239,8,
n250-identities_c10-conc_mech-x509-1backend_valid-active_r30_audit-off_20260903T171020Z,obs_e6f609fe356c4e46ae243625d49c73f8,2026-09-03T17:10:20.589922+00:00,x509,valid_active,26,10,UAV-VALID,ACCEPTED,ACCEPTED,True,3414600,3.4146,20300,44100,3123200,0,160700,4000,0,0,,,,none,x509-valid_active_5,0,False,239,8,
n250-identities_c10-conc_mech-blockchain-1backend_valid-active_r30_audit-off_20260903T171021Z,obs_08375806b89246d1904e89a5d262c0a3,2026-09-03T17:10:21.737950+00:00,blockchain,valid_active,0,10,UAV-VALID,ACCEPTED,ACCEPTED,True,33012100,33.0121,35200,32717400,0,2000,191100,4900,0,0,,,,none,MainThread,0,True,239,8,
n250-identities_c10-conc_mech-blockchain-1backend_valid-active_r30_audit-off_20260903T171021Z,obs_2fd224bfdae949af909b9fd4991b60eb,2026-09-03T17:10:21.760633+00:00,blockchain,valid_active,1,10,UAV-VALID,ACCEPTED,ACCEPTED,True,15309200,15.3092,32200,15056900,0,2100,160600,3600,0,0,,,,none,MainThread,0,True,239,8,
n250-identities_c10-conc_mech-blockchain-1backend_valid-active_r30_audit-off_20260903T171021Z,obs_197958448185436cad6c20cc48492fc1,2026-09-03T17:10:21.885304+00:00,blockchain,valid_active,2,10,UAV-VALID,ACCEPTED,ACCEPTED,True,104148100,104.1481,22900,103916900,0,2400,148600,3200,0,0,,,,none,blockchain-valid_active_2,0,False,240,8,
n250-identities_c10-conc_mech-blockchain-1backend_valid-active_r30_audit-off_20260903T171021Z,obs_8f93f1f46c5d4a83ad04c0199ed33d71,2026-09-03T17:10:21.889426+00:00,blockchain,valid_active,1,10,UAV-VALID,ACCEPTED,ACCEPTED,True,109470400,109.4704,28000,109094500,0,4100,244200,5800,0,0,,,,none,blockchain-valid_active_1,0,False,239,8,
n250-identities_c10-conc_mech-blockchain-1backend_valid-active_r30_audit-off_20260903T171021Z,obs_236478a7ca214cc7841b86102a84fbae,2026-09-03T17:10:21.900056+00:00,blockchain,valid_active,0,10,UAV-VALID,ACCEPTED,ACCEPTED,True,130924800,130.9248,28900,130650000,0,2700,162500,4000,0,0,,,,none,blockchain-valid_active_0,0,False,238,8,
n250-identities_c10-conc_mech-blockchain-1backend_valid-active_r30_audit-off_20260903T171021Z,obs_4689c1b2fdb74dcabfbbb0f6e4d6228b,2026-09-03T17:10:21.901572+00:00,blockchain,valid_active,4,10,UAV-VALID,ACCEPTED,ACCEPTED,True,117026100,117.0261,25700,116752400,0,2100,165000,5000,0,0,,,,none,blockchain-valid_active_4,0,False,239,8,
n250-identities_c10-conc_mech-blockchain-1backend_valid-active_r30_audit-off_20260903T171021Z,obs_90d5f370cc4f4a8cb721460426ab1483,2026-09-03T17:10:21.919300+00:00,blockchain,valid_active,3,10,UAV-VALID,ACCEPTED,ACCEPTED,True,132481400,132.4814,19200,132210700,0,3100,181100,4400,0,0,,,,none,blockchain-valid_active_3,0,False,240,8,
n250-identities_c10-conc_mech-blockchain-1backend_valid-active_r30_audit-off_20260903T171021Z,obs_ef9a86282bb74541ba755d223a29357b,2026-09-03T17:10:21.927096+00:00,blockchain,valid_active,5,10,UAV-VALID,ACCEPTED,ACCEPTED,True,132571300,132.5713,34600,132135200,0,4600,275800,7900,0,0,,,,none,blockchain-valid_active_5,0,False,240,8,
n250-identities_c10-conc_mech-blockchain-1backend_valid-active_r30_audit-off_20260903T171021Z,obs_2f2e0d9554704f8d885d9dd4d5db5be9,2026-09-03T17:10:21.950411+00:00,blockchain,valid_active,7,10,UAV-VALID,ACCEPTED,ACCEPTED,True,141211800,141.2118,36300,140855700,0,3700,230600,6600,0,0,,,,none,blockchain-valid_active_7,0,False,240,8,
n250-identities_c10-conc_mech-blockchain-1backend_valid-active_r30_audit-off_20260903T171021Z,obs_1c4f823752134856a208f706688cda9d,2026-09-03T17:10:21.955665+00:00,blockchain,valid_active,8,10,UAV-VALID,ACCEPTED,ACCEPTED,True,142537400,142.5374,22400,142169000,0,4000,226100,7200,0,0,,,,none,blockchain-valid_active_8,0,False,239,8,
n250-identities_c10-conc_mech-blockchain-1backend_valid-active_r30_audit-off_20260903T171021Z,obs_b53e1651a8ff46a498345ad8f67aabdf,2026-09-03T17:10:21.959198+00:00,blockchain,valid_active,6,10,UAV-VALID,ACCEPTED,ACCEPTED,True,148633300,148.6333,26600,148352200,0,2700,186200,4600,0,0,,,,none,blockchain-valid_active_6,0,False,240,8,
n250-identities_c10-conc_mech-blockchain-1backend_valid-active_r30_audit-off_20260903T171021Z,obs_be0d13d9341e433393116d8f9a77a602,2026-09-03T17:10:21.960344+00:00,blockchain,valid_active,9,10,UAV-VALID,ACCEPTED,ACCEPTED,True,155512700,155.5127,56900,155247600,0,2000,155900,3900,0,0,,,,none,blockchain-valid_active_9,0,False,240,8,
n250-identities_c10-conc_mech-blockchain-1backend_valid-active_r30_audit-off_20260903T171021Z,obs_5aaa8dc5a6594ebd8cc878c858c464e5,2026-09-03T17:10:22.052927+00:00,blockchain,valid_active,12,10,UAV-VALID,ACCEPTED,ACCEPTED,True,113377500,113.3775,36100,113045800,0,3000,208700,4900,0,0,,,,none,blockchain-valid_active_0,0,False,239,8,
n250-identities_c10-conc_mech-blockchain-1backend_valid-active_r30_audit-off_20260903T171021Z,obs_6ffb12a34db047d59a9a97749050ff21,2026-09-03T17:10:22.055338+00:00,blockchain,valid_active,11,10,UAV-VALID,ACCEPTED,ACCEPTED,True,139818200,139.8182,40600,139484600,0,2700,201300,5200,0,0,,,,none,blockchain-valid_active_1,0,False,240,8,
n250-identities_c10-conc_mech-blockchain-1backend_valid-active_r30_audit-off_20260903T171021Z,obs_f009fd1a4e024b2ca19dccb809618f35,2026-09-03T17:10:22.058314+00:00,blockchain,valid_active,13,10,UAV-VALID,ACCEPTED,ACCEPTED,True,117386000,117.386,29100,117135400,0,2900,156300,4000,0,0,,,,none,blockchain-valid_active_4,0,False,239,8,
n250-identities_c10-conc_mech-blockchain-1backend_valid-active_r30_audit-off_20260903T171021Z,obs_24128cee77094aa49e4734acc55ade0c,2026-09-03T17:10:22.060366+00:00,blockchain,valid_active,10,10,UAV-VALID,ACCEPTED,ACCEPTED,True,132038200,132.0382,66000,131787000,0,2600,155000,4100,0,0,,,,none,blockchain-valid_active_2,0,False,238,8,
n250-identities_c10-conc_mech-blockchain-1backend_valid-active_r30_audit-off_20260903T171021Z,obs_68d4e6ca2124483fb15f57fbea9c87de,2026-09-03T17:10:22.078195+00:00,blockchain,valid_active,14,10,UAV-VALID,ACCEPTED,ACCEPTED,True,134236200,134.2362,41500,133816500,0,3400,264000,6000,0,0,,,,none,blockchain-valid_active_3,0,False,239,8,
n250-identities_c10-conc_mech-blockchain-1backend_valid-active_r30_audit-off_20260903T171021Z,obs_3ad8a17d369c49cf9c8c94703f56edab,2026-09-03T17:10:22.081540+00:00,blockchain,valid_active,15,10,UAV-VALID,ACCEPTED,ACCEPTED,True,117060500,117.0605,27200,116679100,0,4200,241300,6100,0,0,,,,none,blockchain-valid_active_5,0,False,239,8,
n250-identities_c10-conc_mech-blockchain-1backend_valid-active_r30_audit-off_20260903T171021Z,obs_b021189c85a04b7c98fa768dfd7ce304,2026-09-03T17:10:22.107068+00:00,blockchain,valid_active,16,10,UAV-VALID,ACCEPTED,ACCEPTED,True,128889300,128.8893,33100,128514400,0,4200,233600,6400,0,0,,,,none,blockchain-valid_active_7,0,False,239,8,
n250-identities_c10-conc_mech-blockchain-1backend_valid-active_r30_audit-off_20260903T171021Z,obs_3fe8e077afd94219912e19515f2ad85d,2026-09-03T17:10:22.129928+00:00,blockchain,valid_active,17,10,UAV-VALID,ACCEPTED,ACCEPTED,True,134216600,134.2166,33100,133850000,0,3800,230400,7100,0,0,,,,none,blockchain-valid_active_8,0,False,240,8,
n250-identities_c10-conc_mech-blockchain-1backend_valid-active_r30_audit-off_20260903T171021Z,obs_5a8bbc1742684c51bcf85dc835c783ff,2026-09-03T17:10:22.132917+00:00,blockchain,valid_active,18,10,UAV-VALID,ACCEPTED,ACCEPTED,True,147108900,147.1089,33200,146849600,0,2600,160100,4000,0,0,,,,none,blockchain-valid_active_6,0,False,240,8,
n250-identities_c10-conc_mech-blockchain-1backend_valid-active_r30_audit-off_20260903T171021Z,obs_3c58a673cd6b4186bd7bc86b843ea290,2026-09-03T17:10:22.151514+00:00,blockchain,valid_active,19,10,UAV-VALID,ACCEPTED,ACCEPTED,True,169540900,169.5409,28300,169278600,0,2900,166000,3600,0,0,,,,none,blockchain-valid_active_9,0,False,240,8,
n250-identities_c10-conc_mech-blockchain-1backend_valid-active_r30_audit-off_20260903T171021Z,obs_d019f6aff04342598fb7f37f3f67bca4,2026-09-03T17:10:22.256061+00:00,blockchain,valid_active,24,10,UAV-VALID,ACCEPTED,ACCEPTED,True,137961300,137.9613,55900,137551600,0,3900,219100,7000,0,0,,,,none,blockchain-valid_active_3,0,False,239,8,
n250-identities_c10-conc_mech-blockchain-1backend_valid-active_r30_audit-off_20260903T171021Z,obs_75584c00fb4649cabd7894c9229a41c2,2026-09-03T17:10:22.275262+00:00,blockchain,valid_active,25,10,UAV-VALID,ACCEPTED,ACCEPTED,True,141772400,141.7724,32100,141497700,0,2800,162800,4700,0,0,,,,none,blockchain-valid_active_5,0,False,239,8,
n250-identities_c10-conc_mech-blockchain-1backend_valid-active_r30_audit-off_20260903T171021Z,obs_003469a0505d4620a42a1711e9b19b26,2026-09-03T17:10:22.278483+00:00,blockchain,valid_active,20,10,UAV-VALID,ACCEPTED,ACCEPTED,True,166703300,166.7033,60600,166401700,0,3900,178700,4000,0,0,,,,none,blockchain-valid_active_0,0,False,240,8,
n250-identities_c10-conc_mech-blockchain-1backend_valid-active_r30_audit-off_20260903T171021Z,obs_d77893d09bc743fab8d40bd77fa36a3a,2026-09-03T17:10:22.281615+00:00,blockchain,valid_active,23,10,UAV-VALID,ACCEPTED,ACCEPTED,True,179643100,179.6431,44500,179145800,0,3100,380400,4300,0,0,,,,none,blockchain-valid_active_2,0,False,240,8,
n250-identities_c10-conc_mech-blockchain-1backend_valid-active_r30_audit-off_20260903T171021Z,obs_9054dfdaa911497f93cbba12f7eec152,2026-09-03T17:10:22.293413+00:00,blockchain,valid_active,22,10,UAV-VALID,ACCEPTED,ACCEPTED,True,118632500,118.6325,44000,118355100,0,2200,167400,3900,0,0,,,,none,blockchain-valid_active_4,0,False,239,8,
n250-identities_c10-conc_mech-blockchain-1backend_valid-active_r30_audit-off_20260903T171021Z,obs_e2563778fb164f32b5b4d0d4bd3b1547,2026-09-03T17:10:22.294555+00:00,blockchain,valid_active,26,10,UAV-VALID,ACCEPTED,ACCEPTED,True,126642500,126.6425,33900,126424900,0,2200,140700,5000,0,0,,,,none,blockchain-valid_active_7,0,False,239,8,
n250-identities_c10-conc_mech-blockchain-1backend_valid-active_r30_audit-off_20260903T171021Z,obs_8f24900ac3d54508bb5aa5257f632697,2026-09-03T17:10:22.298904+00:00,blockchain,valid_active,27,10,UAV-VALID,ACCEPTED,ACCEPTED,True,125852400,125.8524,39000,125429500,0,4200,269000,6200,0,0,,,,none,blockchain-valid_active_8,0,False,238,8,
n250-identities_c10-conc_mech-blockchain-1backend_valid-active_r30_audit-off_20260903T171021Z,obs_0313209826fd4e399d66a7a5b4d72213,2026-09-03T17:10:22.301262+00:00,blockchain,valid_active,21,10,UAV-VALID,ACCEPTED,ACCEPTED,True,177394700,177.3947,57600,177108000,0,2500,165000,4100,0,0,,,,none,blockchain-valid_active_1,0,False,240,8,
n250-identities_c10-conc_mech-blockchain-1backend_valid-active_r30_audit-off_20260903T171021Z,obs_2bd0f94611d849cfac4849c7cd7263c1,2026-09-03T17:10:22.302851+00:00,blockchain,valid_active,28,10,UAV-VALID,ACCEPTED,ACCEPTED,True,133247800,133.2478,29400,133004400,0,2300,159200,3900,0,0,,,,none,blockchain-valid_active_6,0,False,239,8,
n250-identities_c10-conc_mech-blockchain-1backend_valid-active_r30_audit-off_20260903T171021Z,obs_ee3ed7d59e624329a7b3efc07e7df7f2,2026-09-03T17:10:22.308908+00:00,blockchain,valid_active,29,10,UAV-VALID,ACCEPTED,ACCEPTED,True,94328000,94.328,33300,93945500,0,4300,221200,6900,0,0,,,,none,blockchain-valid_active_9,0,False,238,8,
n250-identities_c25-conc_mech-x509-1backend_valid-active_r30_audit-off_20260903T171023Z,obs_6e106149e0924a79aba4cf69871b9cf6,2026-09-03T17:10:23.478973+00:00,x509,valid_active,0,25,UAV-VALID,ACCEPTED,ACCEPTED,True,1761600,1.7616,33400,85700,1363100,0,166400,5100,0,0,,,,none,MainThread,0,True,240,8,
n250-identities_c25-conc_mech-x509-1backend_valid-active_r30_audit-off_20260903T171023Z,obs_d81379cc17884777afa74b8fc7cbce86,2026-09-03T17:10:23.488525+00:00,x509,valid_active,1,25,UAV-VALID,ACCEPTED,ACCEPTED,True,1684400,1.6844,41500,99300,1355100,0,135100,4700,0,0,,,,none,MainThread,0,True,239,8,
n250-identities_c25-conc_mech-x509-1backend_valid-active_r30_audit-off_20260903T171023Z,obs_3b0acdc497324d0f8bb556db7e2dfaff,2026-09-03T17:10:23.573866+00:00,x509,valid_active,4,25,UAV-VALID,ACCEPTED,ACCEPTED,True,33942400,33.9424,29400,113000,33518100,0,191000,4200,0,0,,,,none,x509-valid_active_4,0,False,239,8,
n250-identities_c25-conc_mech-x509-1backend_valid-active_r30_audit-off_20260903T171023Z,obs_b9d936e323ab4afc83312b8bcbb81df4,2026-09-03T17:10:23.586757+00:00,x509,valid_active,6,25,UAV-VALID,ACCEPTED,ACCEPTED,True,43009200,43.0092,34000,60900,42645600,0,192500,5200,0,0,,,,none,x509-valid_active_6,0,False,239,8,
n250-identities_c25-conc_mech-x509-1backend_valid-active_r30_audit-off_20260903T171023Z,obs_aea835fd2f1049419db483bde9d2f069,2026-09-03T17:10:23.591359+00:00,x509,valid_active,10,25,UAV-VALID,ACCEPTED,ACCEPTED,True,36061300,36.0613,30900,78500,35747100,0,142900,3400,0,0,,,,none,x509-valid_active_10,0,False,239,8,
n250-identities_c25-conc_mech-x509-1backend_valid-active_r30_audit-off_20260903T171023Z,obs_d4ccfd439a1c4f3a964e95e460c4dafd,2026-09-03T17:10:23.548158+00:00,x509,valid_active,3,25,UAV-VALID,ACCEPTED,ACCEPTED,True,28752200,28.7522,32500,97000,28293700,0,223000,5100,0,0,,,,none,x509-valid_active_3,0,False,238,8,
n250-identities_c25-conc_mech-x509-1backend_valid-active_r30_audit-off_20260903T171023Z,obs_76566358ba2e442883b36b0cd98e4827,2026-09-03T17:10:23.568297+00:00,x509,valid_active,8,25,UAV-VALID,ACCEPTED,ACCEPTED,True,31002200,31.0022,31600,115000,30583600,0,166700,3800,0,0,,,,none,x509-valid_active_8,0,False,238,8,
n250-identities_c25-conc_mech-x509-1backend_valid-active_r30_audit-off_20260903T171023Z,obs_32df552e4620427386adece41001a976,2026-09-03T17:10:23.518040+00:00,x509,valid_active,0,25,UAV-VALID,ACCEPTED,ACCEPTED,True,13485000,13.485,31500,110600,13124300,0,147700,3800,0,0,,,,none,x509-valid_active_0,0,False,239,8,
n250-identities_c25-conc_mech-x509-1backend_valid-active_r30_audit-off_20260903T171023Z,obs_d79cc7681d16439181831cadd7079532,2026-09-03T17:10:23.570931+00:00,x509,valid_active,7,25,UAV-VALID,ACCEPTED,ACCEPTED,True,28117100,28.1171,45300,103900,27665400,0,214900,5900,0,0,,,,none,x509-valid_active_7,0,False,239,8,
n250-identities_c25-conc_mech-x509-1backend_valid-active_r30_audit-off_20260903T171023Z,obs_d11fcf4ac208486bab9434dcd9a0fc83,2026-09-03T17:10:23.548568+00:00,x509,valid_active,1,25,UAV-VALID,ACCEPTED,ACCEPTED,True,33783900,33.7839,36000,105600,33437300,0,138800,3400,0,0,,,,none,x509-valid_active_1,0,False,239,8,
n250-identities_c25-conc_mech-x509-1backend_valid-active_r30_audit-off_20260903T171023Z,obs_862ec3903b4a4d45b279ea38f1aa9e81,2026-09-03T17:10:23.563074+00:00,x509,valid_active,2,25,UAV-VALID,ACCEPTED,ACCEPTED,True,35595900,35.5959,33900,76500,35201300,0,177700,4500,0,0,,,,none,x509-valid_active_2,0,False,239,8,
n250-identities_c25-conc_mech-x509-1backend_valid-active_r30_audit-off_20260903T171023Z,obs_d1371b6ac361404eb503abfbda54565d,2026-09-03T17:10:23.594734+00:00,x509,valid_active,5,25,UAV-VALID,ACCEPTED,ACCEPTED,True,45354400,45.3544,53500,101100,45007100,0,150800,3200,0,0,,,,none,x509-valid_active_5,0,False,238,8,
n250-identities_c25-conc_mech-x509-1backend_valid-active_r30_audit-off_20260903T171023Z,obs_e1dec2d0abac4515a3652eefaea4cbc1,2026-09-03T17:10:23.605247+00:00,x509,valid_active,9,25,UAV-VALID,ACCEPTED,ACCEPTED,True,47616800,47.6168,26400,88500,47202500,0,189200,5600,0,0,,,,none,x509-valid_active_9,0,False,240,8,
n250-identities_c25-conc_mech-x509-1backend_valid-active_r30_audit-off_20260903T171023Z,obs_f076fbb226364ce68d860751d8fd55ff,2026-09-03T17:10:23.617885+00:00,x509,valid_active,12,25,UAV-VALID,ACCEPTED,ACCEPTED,True,36611700,36.6117,55000,68900,36285300,0,165900,4200,0,0,,,,none,x509-valid_active_11,0,False,238,8,
n250-identities_c25-conc_mech-x509-1backend_valid-active_r30_audit-off_20260903T171023Z,obs_f644ccff577b4ea78622a1fb6d965ff2,2026-09-03T17:10:23.621439+00:00,x509,valid_active,15,25,UAV-VALID,ACCEPTED,ACCEPTED,True,26361100,26.3611,30400,70400,25982700,0,199900,5900,0,0,,,,none,x509-valid_active_14,0,False,238,8,
n250-identities_c25-conc_mech-x509-1backend_valid-active_r30_audit-off_20260903T171023Z,obs_68669131e5134364b36d3f7c9c2abab7,2026-09-03T17:10:23.624696+00:00,x509,valid_active,13,25,UAV-VALID,ACCEPTED,ACCEPTED,True,34840600,34.8406,35900,91200,34451900,0,179800,5700,0,0,,,,none,x509-valid_active_12,0,False,240,8,
n250-identities_c25-conc_mech-x509-1backend_valid-active_r30_audit-off_20260903T171023Z,obs_5fe88f1ab652461d98f3707f4d079bb1,2026-09-03T17:10:23.626085+00:00,x509,valid_active,11,25,UAV-VALID,ACCEPTED,ACCEPTED,True,53423800,53.4238,26700,105000,53045600,0,148100,3700,0,0,,,,none,x509-valid_active_0,0,False,239,8,
n250-identities_c25-conc_mech-x509-1backend_valid-active_r30_audit-off_20260903T171023Z,obs_9198b68ab965427c86558984942cc6fe,2026-09-03T17:10:23.630552+00:00,x509,valid_active,14,25,UAV-VALID,ACCEPTED,ACCEPTED,True,19750200,19.7502,20600,62200,19483100,0,127000,3600,0,0,,,,none,x509-valid_active_13,0,False,238,8,
n250-identities_c25-conc_mech-x509-1backend_valid-active_r30_audit-off_20260903T171023Z,obs_ff9b6ced9e5d4731b45d094236be8dde,2026-09-03T17:10:23.633126+00:00,x509,valid_active,26,25,UAV-VALID,ACCEPTED,ACCEPTED,True,22791600,22.7916,28400,73700,22523600,0,123300,2600,0,0,,,,none,x509-valid_active_19,0,False,238,8,
n250-identities_c25-conc_mech-x509-1backend_valid-active_r30_audit-off_20260903T171023Z,obs_0defa364129548d0a295500cbe5c3592,2026-09-03T17:10:23.636419+00:00,x509,valid_active,17,25,UAV-VALID,ACCEPTED,ACCEPTED,True,21110200,21.1102,23600,69200,20795700,0,153900,3200,0,0,,,,none,x509-valid_active_1,0,False,238,8,
n250-identities_c25-conc_mech-x509-1backend_valid-active_r30_audit-off_20260903T171023Z,obs_7b68827349cb43bbaff74708c64461d9,2026-09-03T17:10:23.636723+00:00,x509,valid_active,16,25,UAV-VALID,ACCEPTED,ACCEPTED,True,20395700,20.3957,33800,44000,20171600,0,116400,3500,0,0,,,,none,x509-valid_active_3,0,False,238,8,
n250-identities_c25-conc_mech-x509-1backend_valid-active_r30_audit-off_20260903T171023Z,obs_44c7f34ce8fe44a8bd739d56b3957f88,2026-09-03T17:10:23.638502+00:00,x509,valid_active,22,25,UAV-VALID,ACCEPTED,ACCEPTED,True,21578600,21.5786,40000,61700,21225000,0,185200,4900,0,0,,,,none,x509-valid_active_8,0,False,240,8,
n250-identities_c25-conc_mech-x509-1backend_valid-active_r30_audit-off_20260903T171023Z,obs_ea48b89544d54b86bc4b9e65a99190dc,2026-09-03T17:10:23.638903+00:00,x509,valid_active,18,25,UAV-VALID,ACCEPTED,ACCEPTED,True,36638800,36.6388,38200,72200,36355900,0,126700,2800,0,0,,,,none,x509-valid_active_15,0,False,239,8,
n250-identities_c25-conc_mech-x509-1backend_valid-active_r30_audit-off_20260903T171023Z,obs_39732d5abf3e40b59043884af1de0171,2026-09-03T17:10:23.639479+00:00,x509,valid_active,24,25,UAV-VALID,ACCEPTED,ACCEPTED,True,16231800,16.2318,31700,51100,15900500,0,178400,6300,0,0,,,,none,x509-valid_active_4,0,False,238,8,
n250-identities_c25-conc_mech-x509-1backend_valid-active_r30_audit-off_20260903T171023Z,obs_65d9981307094c068342c544404d954f,2026-09-03T17:10:23.639979+00:00,x509,valid_active,19,25,UAV-VALID,ACCEPTED,ACCEPTED,True,26078000,26.078,29000,89900,25629500,0,244000,6700,0,0,,,,none,x509-valid_active_16,0,False,239,8,
n250-identities_c25-conc_mech-x509-1backend_valid-active_r30_audit-off_20260903T171023Z,obs_22a60f67d3c8496cbed7b862e47bd724,2026-09-03T17:10:23.640499+00:00,x509,valid_active,20,25,UAV-VALID,ACCEPTED,ACCEPTED,True,21465900,21.4659,26700,54300,21141000,0,168200,4400,0,0,,,,none,x509-valid_active_17,0,False,239,8,
n250-identities_c25-conc_mech-x509-1backend_valid-active_r30_audit-off_20260903T171023Z,obs_3124d4706958420fadfa137ee023ec63,2026-09-03T17:10:23.642759+00:00,x509,valid_active,25,25,UAV-VALID,ACCEPTED,ACCEPTED,True,17445700,17.4457,34800,100900,17139900,0,119100,2700,0,0,,,,none,x509-valid_active_18,0,False,239,8,
n250-identities_c25-conc_mech-x509-1backend_valid-active_r30_audit-off_20260903T171023Z,obs_e5035c7831b4436d8dc1d3971fe6fdc9,2026-09-03T17:10:23.644549+00:00,x509,valid_active,28,25,UAV-VALID,ACCEPTED,ACCEPTED,True,11970900,11.9709,33500,71500,11698400,0,118600,2600,0,0,,,,none,x509-valid_active_10,0,False,240,8,
n250-identities_c25-conc_mech-x509-1backend_valid-active_r30_audit-off_20260903T171023Z,obs_3d23d551a87541f0a34251484b9e60c0,2026-09-03T17:10:23.644905+00:00,x509,valid_active,23,25,UAV-VALID,ACCEPTED,ACCEPTED,True,2965400,2.9654,22600,53900,2735700,0,113000,2300,0,0,,,,none,x509-valid_active_7,0,False,239,8,
n250-identities_c25-conc_mech-x509-1backend_valid-active_r30_audit-off_20260903T171023Z,obs_069a15a03cf04425bb96e21eaea7b7d5,2026-09-03T17:10:23.645832+00:00,x509,valid_active,21,25,UAV-VALID,ACCEPTED,ACCEPTED,True,22122200,22.1222,31000,47500,21864500,0,131000,2900,0,0,,,,none,x509-valid_active_2,0,False,239,8,
n250-identities_c25-conc_mech-x509-1backend_valid-active_r30_audit-off_20260903T171023Z,obs_eaa936d1509e446cac64581262a6d67d,2026-09-03T17:10:23.646192+00:00,x509,valid_active,27,25,UAV-VALID,ACCEPTED,ACCEPTED,True,5132500,5.1325,26200,58300,4893400,0,114100,2700,0,0,,,,none,x509-valid_active_6,0,False,240,8,
n250-identities_c25-conc_mech-x509-1backend_valid-active_r30_audit-off_20260903T171023Z,obs_e954ed0970294986bf1679133d6cfb45,2026-09-03T17:10:23.647317+00:00,x509,valid_active,29,25,UAV-VALID,ACCEPTED,ACCEPTED,True,4221000,4.221,22800,63100,3952900,0,129300,3000,0,0,,,,none,x509-valid_active_20,0,False,239,8,
n250-identities_c25-conc_mech-blockchain-1backend_valid-active_r30_audit-off_20260903T171024Z,obs_8f0f6f1ece8443eb93394656437018b1,2026-09-03T17:10:24.631167+00:00,blockchain,valid_active,0,25,UAV-VALID,ACCEPTED,ACCEPTED,True,16316200,16.3162,30800,16061300,0,2800,161600,3200,0,0,,,,none,MainThread,0,True,239,8,
n250-identities_c25-conc_mech-blockchain-1backend_valid-active_r30_audit-off_20260903T171024Z,obs_55a3e723edd44481b5fd4284342728c0,2026-09-03T17:10:24.653011+00:00,blockchain,valid_active,1,25,UAV-VALID,ACCEPTED,ACCEPTED,True,15408100,15.4081,36000,15112300,0,4000,177600,3500,0,0,,,,none,MainThread,0,True,239,8,
n250-identities_c25-conc_mech-blockchain-1backend_valid-active_r30_audit-off_20260903T171024Z,obs_7de8c5d40f6c42f7b35a1efcfe0035ac,2026-09-03T17:10:24.880097+00:00,blockchain,valid_active,5,25,UAV-VALID,ACCEPTED,ACCEPTED,True,192238000,192.238,31300,191954900,0,3200,187500,4000,0,0,,,,none,blockchain-valid_active_5,0,False,239,8,
n250-identities_c25-conc_mech-blockchain-1backend_valid-active_r30_audit-off_20260903T171024Z,obs_d63497b9b7b3421c88d9116a35e88615,2026-09-03T17:10:24.892050+00:00,blockchain,valid_active,1,25,UAV-VALID,ACCEPTED,ACCEPTED,True,218839800,218.8398,32700,218553600,0,3400,181300,5500,0,0,,,,none,blockchain-valid_active_1,0,False,238,8,
n250-identities_c25-conc_mech-blockchain-1backend_valid-active_r30_audit-off_20260903T171024Z,obs_03c5581abe2047f289e0aca112db76f1,2026-09-03T17:10:24.896780+00:00,blockchain,valid_active,0,25,UAV-VALID,ACCEPTED,ACCEPTED,True,222483200,222.4832,25500,222243500,0,2900,152400,3400,0,0,,,,none,blockchain-valid_active_0,0,False,239,8,
n250-identities_c25-conc_mech-blockchain-1backend_valid-active_r30_audit-off_20260903T171024Z,obs_a77319a7f5934d4bbcca2c757782428a,2026-09-03T17:10:24.938497+00:00,blockchain,valid_active,2,25,UAV-VALID,ACCEPTED,ACCEPTED,True,262840000,262.84,22300,262562300,0,3300,176100,5400,0,0,,,,none,blockchain-valid_active_2,0,False,239,8,
n250-identities_c25-conc_mech-blockchain-1backend_valid-active_r30_audit-off_20260903T171024Z,obs_56603178c3374c0083b2be1762e5a332,2026-09-03T17:10:24.955239+00:00,blockchain,valid_active,10,25,UAV-VALID,ACCEPTED,ACCEPTED,True,235528500,235.5285,38700,235267300,0,3000,157800,3800,0,0,,,,none,blockchain-valid_active_10,0,False,239,8,
n250-identities_c25-conc_mech-blockchain-1backend_valid-active_r30_audit-off_20260903T171024Z,obs_6b8f2a67ecac42378819dfc4855a25a0,2026-09-03T17:10:24.969622+00:00,blockchain,valid_active,9,25,UAV-VALID,ACCEPTED,ACCEPTED,True,246255300,246.2553,30000,245664000,0,10100,263900,8300,0,0,,,,none,blockchain-valid_active_9,0,False,240,8,
n250-identities_c25-conc_mech-blockchain-1backend_valid-active_r30_audit-off_20260903T171024Z,obs_f1e3ce046a3a46c48b7c8f3d022d1ffd,2026-09-03T17:10:24.972983+00:00,blockchain,valid_active,7,25,UAV-VALID,ACCEPTED,ACCEPTED,True,269124000,269.124,32900,268752100,0,4600,239900,6900,0,0,,,,none,blockchain-valid_active_7,0,False,239,8,
n250-identities_c25-conc_mech-blockchain-1backend_valid-active_r30_audit-off_20260903T171024Z,obs_70c2483c5db446d881ad74ff066320aa,2026-09-03T17:10:24.991875+00:00,blockchain,valid_active,3,25,UAV-VALID,ACCEPTED,ACCEPTED,True,313253000,313.253,24100,312962200,0,5700,176700,4500,0,0,,,,none,blockchain-valid_active_3,0,False,238,8,
n250-identities_c25-conc_mech-blockchain-1backend_valid-active_r30_audit-off_20260903T171024Z,obs_c449bbc9aa2f40a8840e283c7cb2c3c4,2026-09-03T17:10:24.997886+00:00,blockchain,valid_active,4,25,UAV-VALID,ACCEPTED,ACCEPTED,True,307917600,307.9176,28500,307656300,0,3800,164700,3800,0,0,,,,none,blockchain-valid_active_4,0,False,240,8,
n250-identities_c25-conc_mech-blockchain-1backend_valid-active_r30_audit-off_20260903T171024Z,obs_1e5912c9ab6b4aff95d71ec336cea8e9,2026-09-03T17:10:25.073036+00:00,blockchain,valid_active,8,25,UAV-VALID,ACCEPTED,ACCEPTED,True,367347200,367.3472,40700,366920500,0,5400,254900,8300,0,0,,,,none,blockchain-valid_active_8,0,False,239,8,
n250-identities_c25-conc_mech-blockchain-1backend_valid-active_r30_audit-off_20260903T171024Z,obs_8261929054784cfdb552b61ebf99c6ba,2026-09-03T17:10:25.075368+00:00,blockchain,valid_active,6,25,UAV-VALID,ACCEPTED,ACCEPTED,True,374691300,374.6913,28500,374308900,0,4300,245600,6900,0,0,,,,none,blockchain-valid_active_6,0,False,239,8,
n250-identities_c25-conc_mech-blockchain-1backend_valid-active_r30_audit-off_20260903T171024Z,obs_2c427974ed414b1d879504e8eb037877,2026-09-03T17:10:25.091429+00:00,blockchain,valid_active,11,25,UAV-VALID,ACCEPTED,ACCEPTED,True,357789400,357.7894,31800,357464300,0,5700,186900,5600,0,0,,,,none,blockchain-valid_active_11,0,False,239,8,
n250-identities_c25-conc_mech-blockchain-1backend_valid-active_r30_audit-off_20260903T171024Z,obs_219214fda96f4308b9631774904cb81c,2026-09-03T17:10:25.138699+00:00,blockchain,valid_active,18,25,UAV-VALID,ACCEPTED,ACCEPTED,True,331579100,331.5791,37700,331287300,0,3200,177200,7000,0,0,,,,none,blockchain-valid_active_18,0,False,240,8,
n250-identities_c25-conc_mech-blockchain-1backend_valid-active_r30_audit-off_20260903T171024Z,obs_08f7790bb8354eddbe22e334b63ffe59,2026-09-03T17:10:25.140671+00:00,blockchain,valid_active,13,25,UAV-VALID,ACCEPTED,ACCEPTED,True,373790800,373.7908,46100,373366600,0,4400,258800,5800,0,0,,,,none,blockchain-valid_active_13,0,False,239,8,
n250-identities_c25-conc_mech-blockchain-1backend_valid-active_r30_audit-off_20260903T171024Z,obs_1194d83a3a374c0f89d97fd3a19de492,2026-09-03T17:10:25.148245+00:00,blockchain,valid_active,19,25,UAV-VALID,ACCEPTED,ACCEPTED,True,343975200,343.9752,46400,343515200,0,5300,288200,7800,0,0,,,,none,blockchain-valid_active_19,0,False,238,8,
n250-identities_c25-conc_mech-blockchain-1backend_valid-active_r30_audit-off_20260903T171024Z,obs_b8a3aa5ee4124720a77604e7bc241cd5,2026-09-03T17:10:25.166818+00:00,blockchain,valid_active,12,25,UAV-VALID,ACCEPTED,ACCEPTED,True,419934500,419.9345,31200,419534000,0,5600,245600,7300,0,0,,,,none,blockchain-valid_active_12,0,False,239,8,
n250-identities_c25-conc_mech-blockchain-1backend_valid-active_r30_audit-off_20260903T171024Z,obs_bddb4aefc900436683d8907d02216a73,2026-09-03T17:10:25.173544+00:00,blockchain,valid_active,21,25,UAV-VALID,ACCEPTED,ACCEPTED,True,361628800,361.6288,30300,361145600,0,4200,326800,8000,0,0,,,,none,blockchain-valid_active_21,0,False,239,8,
n250-identities_c25-conc_mech-blockchain-1backend_valid-active_r30_audit-off_20260903T171024Z,obs_cacd19b6c57149c1af13524087c5af3f,2026-09-03T17:10:25.177443+00:00,blockchain,valid_active,14,25,UAV-VALID,ACCEPTED,ACCEPTED,True,400090500,400.0905,84000,399576200,0,4200,320500,8400,0,0,,,,none,blockchain-valid_active_14,0,False,238,8,
n250-identities_c25-conc_mech-blockchain-1backend_valid-active_r30_audit-off_20260903T171024Z,obs_e9342de06a1e4a5a85fbfaaec1bd2d24,2026-09-03T17:10:25.189079+00:00,blockchain,valid_active,17,25,UAV-VALID,ACCEPTED,ACCEPTED,True,373911900,373.9119,27500,373504700,0,5700,246400,8500,0,0,,,,none,blockchain-valid_active_17,0,False,239,8,
n250-identities_c25-conc_mech-blockchain-1backend_valid-active_r30_audit-off_20260903T171024Z,obs_46acaf1b76ef41e3aac0ae470a7fed66,2026-09-03T17:10:25.197853+00:00,blockchain,valid_active,24,25,UAV-VALID,ACCEPTED,ACCEPTED,True,365505200,365.5052,32000,365094700,0,6300,263100,7100,0,0,,,,none,blockchain-valid_active_24,0,False,238,8,
n250-identities_c25-conc_mech-blockchain-1backend_valid-active_r30_audit-off_20260903T171024Z,obs_a119428cf7c94823a80ea60677625829,2026-09-03T17:10:25.209806+00:00,blockchain,valid_active,23,25,UAV-VALID,ACCEPTED,ACCEPTED,True,356958200,356.9582,47800,356447700,0,5700,274200,6500,0,0,,,,none,blockchain-valid_active_23,0,False,240,8,
n250-identities_c25-conc_mech-blockchain-1backend_valid-active_r30_audit-off_20260903T171024Z,obs_b93458973eea4105a7415059265b1986,2026-09-03T17:10:25.215065+00:00,blockchain,valid_active,16,25,UAV-VALID,ACCEPTED,ACCEPTED,True,441721200,441.7212,52200,441285500,0,5600,269300,7400,0,0,,,,none,blockchain-valid_active_16,0,False,240,8,
n250-identities_c25-conc_mech-blockchain-1backend_valid-active_r30_audit-off_20260903T171024Z,obs_d26509841c5c4cf28c7e2925aaa80c5d,2026-09-03T17:10:25.218355+00:00,blockchain,valid_active,15,25,UAV-VALID,ACCEPTED,ACCEPTED,True,493935600,493.9356,20200,493503300,0,5900,282900,7700,0,0,,,,none,blockchain-valid_active_15,0,False,238,8,
n250-identities_c25-conc_mech-blockchain-1backend_valid-active_r30_audit-off_20260903T171024Z,obs_00f128c2dbfb4f829a9e1d190537e0ce,2026-09-03T17:10:25.229120+00:00,blockchain,valid_active,22,25,UAV-VALID,ACCEPTED,ACCEPTED,True,419327100,419.3271,31900,418890600,0,5600,277600,9000,0,0,,,,none,blockchain-valid_active_22,0,False,239,8,
n250-identities_c25-conc_mech-blockchain-1backend_valid-active_r30_audit-off_20260903T171024Z,obs_b1da57fa81674880879b08ddef542e61,2026-09-03T17:10:25.277870+00:00,blockchain,valid_active,27,25,UAV-VALID,ACCEPTED,ACCEPTED,True,300687000,300.687,59700,300195700,0,5800,318500,8600,0,0,,,,none,blockchain-valid_active_0,0,False,239,8,
n250-identities_c25-conc_mech-blockchain-1backend_valid-active_r30_audit-off_20260903T171024Z,obs_8000e6206ddd4184b896435d6c987ac5,2026-09-03T17:10:25.281894+00:00,blockchain,valid_active,20,25,UAV-VALID,ACCEPTED,ACCEPTED,True,395325900,395.3259,54300,394929600,0,4400,249100,6200,0,0,,,,none,blockchain-valid_active_20,0,False,238,8,
n250-identities_c25-conc_mech-blockchain-1backend_valid-active_r30_audit-off_20260903T171024Z,obs_2cb5f543bee845d49e9aaf39fe7faf7f,2026-09-03T17:10:25.285070+00:00,blockchain,valid_active,29,25,UAV-VALID,ACCEPTED,ACCEPTED,True,199752700,199.7527,47700,199347000,0,4400,261800,7300,0,0,,,,none,blockchain-valid_active_10,0,False,238,8,
n250-identities_c25-conc_mech-blockchain-1backend_valid-active_r30_audit-off_20260903T171024Z,obs_2a6d7db2c4da4ce091be07782e282b7b,2026-09-03T17:10:25.313672+00:00,blockchain,valid_active,25,25,UAV-VALID,ACCEPTED,ACCEPTED,True,352305300,352.3053,34400,351898800,0,4700,251500,8700,0,0,,,,none,blockchain-valid_active_5,0,False,240,8,
n250-identities_c25-conc_mech-blockchain-1backend_valid-active_r30_audit-off_20260903T171024Z,obs_acfaeda5e0484b4492234644fed8e69f,2026-09-03T17:10:25.315778+00:00,blockchain,valid_active,26,25,UAV-VALID,ACCEPTED,ACCEPTED,True,321977600,321.9776,29500,321491700,0,4600,253700,7200,0,0,,,,none,blockchain-valid_active_1,0,False,238,8,
n250-identities_c25-conc_mech-blockchain-1backend_valid-active_r30_audit-off_20260903T171024Z,obs_1ef1f63e54254a67ad7c8ae03616f507,2026-09-03T17:10:25.318324+00:00,blockchain,valid_active,28,25,UAV-VALID,ACCEPTED,ACCEPTED,True,154924100,154.9241,68500,154489000,0,4500,266100,8500,0,0,,,,none,blockchain-valid_active_2,0,False,239,8,
n250-identities_c50-conc_mech-x509-1backend_valid-active_r50_audit-off_20260903T171026Z,obs_37c6f12e1b254a719614bd00c8924b32,2026-09-03T17:10:26.809256+00:00,x509,valid_active,0,50,UAV-VALID,ACCEPTED,ACCEPTED,True,5325400,5.3254,55900,169600,4646100,0,368300,7300,0,0,,,,none,MainThread,0,True,239,8,
n250-identities_c50-conc_mech-x509-1backend_valid-active_r50_audit-off_20260903T171026Z,obs_8677b679c21044cab51b95eb14edb313,2026-09-03T17:10:26.825496+00:00,x509,valid_active,1,50,UAV-VALID,ACCEPTED,ACCEPTED,True,1976300,1.9763,55600,116200,1510000,0,223600,6300,0,0,,,,none,MainThread,0,True,238,8,
n250-identities_c50-conc_mech-x509-1backend_valid-active_r50_audit-off_20260903T171026Z,obs_13d8f41e03d14d028ebcbf02da411f89,2026-09-03T17:10:27.005053+00:00,x509,valid_active,20,50,UAV-VALID,ACCEPTED,ACCEPTED,True,39596500,39.5965,38300,107700,38964300,0,335200,9100,0,0,,,,none,x509-valid_active_15,0,False,240,8,
n250-identities_c50-conc_mech-x509-1backend_valid-active_r50_audit-off_20260903T171026Z,obs_e8373accb77b44c5a58c28ea10099a28,2026-09-03T17:10:26.975131+00:00,x509,valid_active,13,50,UAV-VALID,ACCEPTED,ACCEPTED,True,40685700,40.6857,28500,102400,40348000,0,138500,3700,0,0,,,,none,x509-valid_active_8,0,False,239,8,
n250-identities_c50-conc_mech-x509-1backend_valid-active_r50_audit-off_20260903T171026Z,obs_3875e62f5ece46839983e518d0ee62cc,2026-09-03T17:10:26.971751+00:00,x509,valid_active,12,50,UAV-VALID,ACCEPTED,ACCEPTED,True,36812400,36.8124,40700,57600,36480100,0,170000,4100,0,0,,,,none,x509-valid_active_1,0,False,239,8,
n250-identities_c50-conc_mech-x509-1backend_valid-active_r50_audit-off_20260903T171026Z,obs_59bb998d172249038280b560b90c3c9f,2026-09-03T17:10:26.948006+00:00,x509,valid_active,10,50,UAV-VALID,ACCEPTED,ACCEPTED,True,24404800,24.4048,31200,73700,24083000,0,157200,3700,0,0,,,,none,x509-valid_active_6,0,False,239,8,
n250-identities_c50-conc_mech-x509-1backend_valid-active_r50_audit-off_20260903T171026Z,obs_66c49d91139e4f448fecca5c692337d2,2026-09-03T17:10:26.874800+00:00,x509,valid_active,3,50,UAV-VALID,ACCEPTED,ACCEPTED,True,8955100,8.9551,39100,98900,8435600,0,259900,8000,0,0,,,,none,x509-valid_active_0,0,False,240,8,
n250-identities_c50-conc_mech-x509-1backend_valid-active_r50_audit-off_20260903T171026Z,obs_18554323e62d4a5ebebd1c862f1cf02d,2026-09-03T17:10:26.984578+00:00,x509,valid_active,15,50,UAV-VALID,ACCEPTED,ACCEPTED,True,44524200,44.5242,22300,69000,44259400,0,125800,2700,0,0,,,,none,x509-valid_active_10,0,False,239,8,
n250-identities_c50-conc_mech-x509-1backend_valid-active_r50_audit-off_20260903T171026Z,obs_b666e6143bbd4f5ab9323fa046ea0d54,2026-09-03T17:10:27.013140+00:00,x509,valid_active,18,50,UAV-VALID,ACCEPTED,ACCEPTED,True,33507700,33.5077,47900,76600,32794000,0,362600,9300,0,0,,,,none,x509-valid_active_13,0,False,238,8,
n250-identities_c50-conc_mech-x509-1backend_valid-active_r50_audit-off_20260903T171026Z,obs_fc8803aa7ec84e67943991e3cbf96773,2026-09-03T17:10:26.994265+00:00,x509,valid_active,17,50,UAV-VALID,ACCEPTED,ACCEPTED,True,35383100,35.3831,34400,62000,35086300,0,148700,3600,0,0,,,,none,x509-valid_active_12,0,False,239,8,
n250-identities_c50-conc_mech-x509-1backend_valid-active_r50_audit-off_20260903T171026Z,obs_86c8763ad7ec403992a5e03994d83058,2026-09-03T17:10:27.025853+00:00,x509,valid_active,14,50,UAV-VALID,ACCEPTED,ACCEPTED,True,72102200,72.1022,21400,129800,71594300,0,219000,6300,0,0,,,,none,x509-valid_active_9,0,False,239,8,
n250-identities_c50-conc_mech-x509-1backend_valid-active_r50_audit-off_20260903T171026Z,obs_8d15da52a5c34cdfb8fb80189926a24a,2026-09-03T17:10:26.982806+00:00,x509,valid_active,11,50,UAV-VALID,ACCEPTED,ACCEPTED,True,38398900,38.3989,37600,55700,38144400,0,127500,3100,0,0,,,,none,x509-valid_active_7,0,False,239,8,
n250-identities_c50-conc_mech-x509-1backend_valid-active_r50_audit-off_20260903T171026Z,obs_5dd0aa632b3e4a99bb94905fc3437a1f,2026-09-03T17:10:26.938127+00:00,x509,valid_active,9,50,UAV-VALID,ACCEPTED,ACCEPTED,True,30405300,30.4053,35400,74700,30008100,0,204400,5700,0,0,,,,none,x509-valid_active_5,0,False,240,8,
n250-identities_c50-conc_mech-x509-1backend_valid-active_r50_audit-off_20260903T171026Z,obs_6b5a2808ac38490aa3c1290ad17f8641,2026-09-03T17:10:26.938751+00:00,x509,valid_active,6,50,UAV-VALID,ACCEPTED,ACCEPTED,True,39307300,39.3073,43400,321700,38743200,0,133400,3100,0,0,,,,none,x509-valid_active_3,0,False,239,8,
n250-identities_c50-conc_mech-x509-1backend_valid-active_r50_audit-off_20260903T171026Z,obs_7d8648a0fe4d4e9993446d194db67e56,2026-09-03T17:10:26.854819+00:00,x509,valid_active,1,50,UAV-VALID,ACCEPTED,ACCEPTED,True,4637600,4.6376,52700,92800,4177000,0,211900,6600,0,0,,,,none,x509-valid_active_0,0,False,239,8,
n250-identities_c50-conc_mech-x509-1backend_valid-active_r50_audit-off_20260903T171026Z,obs_568020a943ef4d2181a9c990c520579f,2026-09-03T17:10:26.860795+00:00,x509,valid_active,2,50,UAV-VALID,ACCEPTED,ACCEPTED,True,5629000,5.629,56700,111600,5138500,0,229900,6600,0,0,,,,none,x509-valid_active_1,0,False,238,8,
n250-identities_c50-conc_mech-x509-1backend_valid-active_r50_audit-off_20260903T171026Z,obs_022a59b5d8aa4cb281ec4a6c63fa9850,2026-09-03T17:10:26.925551+00:00,x509,valid_active,5,50,UAV-VALID,ACCEPTED,ACCEPTED,True,39311100,39.3111,40600,131300,38937700,0,137600,3700,0,0,,,,none,x509-valid_active_2,0,False,238,8,
n250-identities_c50-conc_mech-x509-1backend_valid-active_r50_audit-off_20260903T171026Z,obs_8b6a06aa4bd3405eab748df2e8279c52,2026-09-03T17:10:26.842914+00:00,x509,valid_active,0,50,UAV-VALID,ACCEPTED,ACCEPTED,True,1956100,1.9561,52800,120000,1506800,0,197300,7700,0,0,,,,none,x509-valid_active_0,0,False,239,8,
n250-identities_c50-conc_mech-x509-1backend_valid-active_r50_audit-off_20260903T171026Z,obs_5ca75102ea87488e84160b3984ae18d9,2026-09-03T17:10:26.958608+00:00,x509,valid_active,8,50,UAV-VALID,ACCEPTED,ACCEPTED,True,31777900,31.7779,37700,60600,31488600,0,144800,3100,0,0,,,,none,x509-valid_active_4,0,False,238,8,
n250-identities_c50-conc_mech-x509-1backend_valid-active_r50_audit-off_20260903T171026Z,obs_ffb706b5142845e7b4b32e12b970f977,2026-09-03T17:10:26.927382+00:00,x509,valid_active,7,50,UAV-VALID,ACCEPTED,ACCEPTED,True,29594300,29.5943,61900,88100,29297800,0,120300,2900,0,0,,,,none,x509-valid_active_0,0,False,240,8,
n250-identities_c50-conc_mech-x509-1backend_valid-active_r50_audit-off_20260903T171026Z,obs_e42619f893ba48b585467077656231cd,2026-09-03T17:10:26.891908+00:00,x509,valid_active,4,50,UAV-VALID,ACCEPTED,ACCEPTED,True,19970200,19.9702,54100,120100,19452200,0,234100,6500,0,0,,,,none,x509-valid_active_1,0,False,239,8,
n250-identities_c50-conc_mech-x509-1backend_valid-active_r50_audit-off_20260903T171026Z,obs_22154c178e1942d78117b1cf4bcf98a1,2026-09-03T17:10:27.015294+00:00,x509,valid_active,22,50,UAV-VALID,ACCEPTED,ACCEPTED,True,47771600,47.7716,51800,70200,47249800,0,298900,8100,0,0,,,,none,x509-valid_active_2,0,False,239,8,
n250-identities_c50-conc_mech-x509-1backend_valid-active_r50_audit-off_20260903T171026Z,obs_d89d08364b52430087c7b77be09e9da7,2026-09-03T17:10:27.033617+00:00,x509,valid_active,16,50,UAV-VALID,ACCEPTED,ACCEPTED,True,85290800,85.2908,42300,69900,84859300,0,230100,6300,0,0,,,,none,x509-valid_active_11,0,False,239,8,
n250-identities_c50-conc_mech-x509-1backend_valid-active_r50_audit-off_20260903T171026Z,obs_25b77d1081324e7aa982db498fbae4ef,2026-09-03T17:10:27.043470+00:00,x509,valid_active,23,50,UAV-VALID,ACCEPTED,ACCEPTED,True,49834300,49.8343,42300,59200,49392700,0,253300,5800,0,0,,,,none,x509-valid_active_17,0,False,240,8,
n250-identities_c50-conc_mech-x509-1backend_valid-active_r50_audit-off_20260903T171026Z,obs_21bd134daf164fa9972005c75020d740,2026-09-03T17:10:27.057820+00:00,x509,valid_active,21,50,UAV-VALID,ACCEPTED,ACCEPTED,True,81120400,81.1204,28800,61400,80666500,0,247900,8200,0,0,,,,none,x509-valid_active_16,0,False,239,8,
n250-identities_c50-conc_mech-x509-1backend_valid-active_r50_audit-off_20260903T171026Z,obs_f17c0aa3670d4a668f7b5c8130e1f929,2026-09-03T17:10:27.071738+00:00,x509,valid_active,27,50,UAV-VALID,ACCEPTED,ACCEPTED,True,80774800,80.7748,22200,57600,80459400,0,171400,4500,0,0,,,,none,x509-valid_active_5,0,False,239,8,
n250-identities_c50-conc_mech-x509-1backend_valid-active_r50_audit-off_20260903T171026Z,obs_b098615cf0a841d8b278bb52a7c17768,2026-09-03T17:10:27.072790+00:00,x509,valid_active,30,50,UAV-VALID,ACCEPTED,ACCEPTED,True,49093400,49.0934,23200,150100,48537600,0,157200,4200,0,0,,,,none,x509-valid_active_21,0,False,239,8,
n250-identities_c50-conc_mech-x509-1backend_valid-active_r50_audit-off_20260903T171026Z,obs_db792a7e7d374f6daf358e6a0eaedeec,2026-09-03T17:10:27.075320+00:00,x509,valid_active,19,50,UAV-VALID,ACCEPTED,ACCEPTED,True,94647200,94.6472,34000,61000,94273200,0,217800,4600,0,0,,,,none,x509-valid_active_14,0,False,239,8,
n250-identities_c50-conc_mech-x509-1backend_valid-active_r50_audit-off_20260903T171026Z,obs_56e25af05cf44d3c94df3b19f9670973,2026-09-03T17:10:27.079454+00:00,x509,valid_active,32,50,UAV-VALID,ACCEPTED,ACCEPTED,True,78122700,78.1227,26700,66500,77750000,0,198400,4800,0,0,,,,none,x509-valid_active_22,0,False,238,8,
n250-identities_c50-conc_mech-x509-1backend_valid-active_r50_audit-off_20260903T171026Z,obs_2bac8c80c09444718ac3c78044007db6,2026-09-03T17:10:27.080107+00:00,x509,valid_active,26,50,UAV-VALID,ACCEPTED,ACCEPTED,True,55605400,55.6054,53300,112100,55254900,0,138700,3700,0,0,,,,none,x509-valid_active_19,0,False,239,8,
n250-identities_c50-conc_mech-x509-1backend_valid-active_r50_audit-off_20260903T171026Z,obs_26bf9b9323be4a60a89dd7e487f32b15,2026-09-03T17:10:27.082726+00:00,x509,valid_active,29,50,UAV-VALID,ACCEPTED,ACCEPTED,True,84044900,84.0449,25900,70700,83676600,0,201800,4200,0,0,,,,none,x509-valid_active_20,0,False,239,8,
n250-identities_c50-conc_mech-x509-1backend_valid-active_r50_audit-off_20260903T171026Z,obs_b442714b26b34ab3bb70c8c9e6e2835e,2026-09-03T17:10:27.084527+00:00,x509,valid_active,25,50,UAV-VALID,ACCEPTED,ACCEPTED,True,79093100,79.0931,29700,99800,78793500,0,124000,2700,0,0,,,,none,x509-valid_active_18,0,False,240,8,
n250-identities_c50-conc_mech-x509-1backend_valid-active_r50_audit-off_20260903T171026Z,obs_7f4e417314aa4962975a5d0f73a4741e,2026-09-03T17:10:27.086248+00:00,x509,valid_active,38,50,UAV-VALID,ACCEPTED,ACCEPTED,True,51023200,51.0232,53400,86500,50653700,0,179200,5200,0,0,,,,none,x509-valid_active_25,0,False,239,8,
n250-identities_c50-conc_mech-x509-1backend_valid-active_r50_audit-off_20260903T171026Z,obs_2be6a052f48641ba9f8ac3ecfff75428,2026-09-03T17:10:27.094131+00:00,x509,valid_active,24,50,UAV-VALID,ACCEPTED,ACCEPTED,True,93542900,93.5429,24300,88700,93222000,0,140600,3900,0,0,,,,none,x509-valid_active_0,0,False,239,8,
n250-identities_c50-conc_mech-x509-1backend_valid-active_r50_audit-off_20260903T171026Z,obs_3ae4f109022c4737b43a02068a5631fc,2026-09-03T17:10:27.094517+00:00,x509,valid_active,28,50,UAV-VALID,ACCEPTED,ACCEPTED,True,66715800,66.7158,23400,106800,66385700,0,124000,3400,0,0,,,,none,x509-valid_active_3,0,False,240,8,
n250-identities_c50-conc_mech-x509-1backend_valid-active_r50_audit-off_20260903T171026Z,obs_ff468a1ef4f04465b0c333b1ea503254,2026-09-03T17:10:27.095689+00:00,x509,valid_active,33,50,UAV-VALID,ACCEPTED,ACCEPTED,True,61685000,61.685,46300,87100,61380900,0,123500,3100,0,0,,,,none,x509-valid_active_4,0,False,239,8,
n250-identities_c50-conc_mech-x509-1backend_valid-active_r50_audit-off_20260903T171026Z,obs_de0d41bccb394b479d690c65d5293b03,2026-09-03T17:10:27.096440+00:00,x509,valid_active,42,50,UAV-VALID,ACCEPTED,ACCEPTED,True,32062300,32.0623,50900,101200,31747100,0,125400,3000,0,0,,,,none,x509-valid_active_10,0,False,239,8,
n250-identities_c50-conc_mech-x509-1backend_valid-active_r50_audit-off_20260903T171026Z,obs_d8d58a3767f5410c95a4bd30c18be2cd,2026-09-03T17:10:27.098463+00:00,x509,valid_active,37,50,UAV-VALID,ACCEPTED,ACCEPTED,True,40181200,40.1812,61000,98800,39864600,0,125500,3200,0,0,,,,none,x509-valid_active_8,0,False,240,8,
n250-identities_c50-conc_mech-x509-1backend_valid-active_r50_audit-off_20260903T171026Z,obs_8f06a91b9bf3416b94b08b730f774c73,2026-09-03T17:10:27.101933+00:00,x509,valid_active,35,50,UAV-VALID,ACCEPTED,ACCEPTED,True,27334600,27.3346,85100,80900,26967100,0,173800,4700,0,0,,,,none,x509-valid_active_24,0,False,238,8,
n250-identities_c50-conc_mech-x509-1backend_valid-active_r50_audit-off_20260903T171026Z,obs_370bf75f6e754be793f558bc4dc4742c,2026-09-03T17:10:27.104896+00:00,x509,valid_active,36,50,UAV-VALID,ACCEPTED,ACCEPTED,True,33918300,33.9183,39000,107700,33455900,0,203200,5900,0,0,,,,none,x509-valid_active_1,0,False,239,8,
n250-identities_c50-conc_mech-x509-1backend_valid-active_r50_audit-off_20260903T171026Z,obs_9e2f1b824241411e9da06b56eee0a900,2026-09-03T17:10:27.105916+00:00,x509,valid_active,48,50,UAV-VALID,ACCEPTED,ACCEPTED,True,15537600,15.5376,26100,52400,15216100,0,164200,4100,0,0,,,,none,x509-valid_active_13,0,False,239,8,
n250-identities_c50-conc_mech-x509-1backend_valid-active_r50_audit-off_20260903T171026Z,obs_ba71cb1272f8475f970beedb2d8bfe41,2026-09-03T17:10:27.106510+00:00,x509,valid_active,31,50,UAV-VALID,ACCEPTED,ACCEPTED,True,29629100,29.6291,46300,48600,29287700,0,193400,4100,0,0,,,,none,x509-valid_active_6,0,False,239,8,
n250-identities_c50-conc_mech-x509-1backend_valid-active_r50_audit-off_20260903T171026Z,obs_9ff4bc14141a465e9966cddb24f3d8e8,2026-09-03T17:10:27.107021+00:00,x509,valid_active,39,50,UAV-VALID,ACCEPTED,ACCEPTED,True,14096200,14.0962,30000,92900,13788700,0,128500,3100,0,0,,,,none,x509-valid_active_26,0,False,240,8,
n250-identities_c50-conc_mech-x509-1backend_valid-active_r50_audit-off_20260903T171026Z,obs_5cf92876e9834252b3d643863f4263f8,2026-09-03T17:10:27.107377+00:00,x509,valid_active,43,50,UAV-VALID,ACCEPTED,ACCEPTED,True,17903400,17.9034,66500,112300,17583500,0,123900,2400,0,0,,,,none,x509-valid_active_28,0,False,238,8,
n250-identities_c50-conc_mech-x509-1backend_valid-active_r50_audit-off_20260903T171026Z,obs_366feb56990f4862a6927546b6786177,2026-09-03T17:10:27.109167+00:00,x509,valid_active,45,50,UAV-VALID,ACCEPTED,ACCEPTED,True,16733300,16.7333,28000,49100,16405200,0,186300,4100,0,0,,,,none,x509-valid_active_12,0,False,239,8,
n250-identities_c50-conc_mech-x509-1backend_valid-active_r50_audit-off_20260903T171026Z,obs_30a13b1363a6481289978427f9bdd070,2026-09-03T17:10:27.110624+00:00,x509,valid_active,40,50,UAV-VALID,ACCEPTED,ACCEPTED,True,25031500,25.0315,38800,81500,24762200,0,118500,2400,0,0,,,,none,x509-valid_active_27,0,False,239,8,
n250-identities_c50-conc_mech-x509-1backend_valid-active_r50_audit-off_20260903T171026Z,obs_24fdc6bc023b438ea34c8a07cf85a933,2026-09-03T17:10:27.111016+00:00,x509,valid_active,44,50,UAV-VALID,ACCEPTED,ACCEPTED,True,27204500,27.2045,23200,65300,26949200,0,121100,2900,0,0,,,,none,x509-valid_active_29,0,False,240,8,
n250-identities_c50-conc_mech-x509-1backend_valid-active_r50_audit-off_20260903T171026Z,obs_b05428922fa748fba737a4006f4be519,2026-09-03T17:10:27.111459+00:00,x509,valid_active,34,50,UAV-VALID,ACCEPTED,ACCEPTED,True,30886200,30.8862,49400,96700,30539200,0,156000,3300,0,0,,,,none,x509-valid_active_23,0,False,239,8,
n250-identities_c50-conc_mech-x509-1backend_valid-active_r50_audit-off_20260903T171026Z,obs_317959d2cdee43458298afa12367e937,2026-09-03T17:10:27.112254+00:00,x509,valid_active,41,50,UAV-VALID,ACCEPTED,ACCEPTED,True,12579600,12.5796,24700,45500,12344800,0,117800,2500,0,0,,,,none,x509-valid_active_7,0,False,239,8,
n250-identities_c50-conc_mech-x509-1backend_valid-active_r50_audit-off_20260903T171026Z,obs_e6bf51120d514268a9edfb2714af82f3,2026-09-03T17:10:27.112592+00:00,x509,valid_active,49,50,UAV-VALID,ACCEPTED,ACCEPTED,True,14740300,14.7403,23700,45200,14503400,0,120300,3700,0,0,,,,none,x509-valid_active_2,0,False,239,8,
n250-identities_c50-conc_mech-x509-1backend_valid-active_r50_audit-off_20260903T171026Z,obs_843c9674801c45329721c92e725039a2,2026-09-03T17:10:27.113338+00:00,x509,valid_active,47,50,UAV-VALID,ACCEPTED,ACCEPTED,True,13998800,13.9988,20800,48100,13752500,0,126500,3100,0,0,,,,none,x509-valid_active_15,0,False,239,8,
n250-identities_c50-conc_mech-x509-1backend_valid-active_r50_audit-off_20260903T171026Z,obs_57267a90f32945b4a78815b6d4850df6,2026-09-03T17:10:27.113709+00:00,x509,valid_active,46,50,UAV-VALID,ACCEPTED,ACCEPTED,True,5947000,5.947,19500,104500,5648200,0,117300,2600,0,0,,,,none,x509-valid_active_30,0,False,239,8,
n250-identities_c50-conc_mech-blockchain-1backend_valid-active_r50_audit-off_20260903T171027Z,obs_9bf64de44fa24672939191a2b7ca8159,2026-09-03T17:10:28.036418+00:00,blockchain,valid_active,0,50,UAV-VALID,ACCEPTED,ACCEPTED,True,31504600,31.5046,33100,31251000,0,2600,160300,3400,0,0,,,,none,MainThread,0,True,238,8,
n250-identities_c50-conc_mech-blockchain-1backend_valid-active_r50_audit-off_20260903T171027Z,obs_4ea31700490e42b9b03f3e35b4e5f66f,2026-09-03T17:10:28.090906+00:00,blockchain,valid_active,1,50,UAV-VALID,ACCEPTED,ACCEPTED,True,48736000,48.736,32700,48304100,0,4100,305000,7800,0,0,,,,none,MainThread,0,True,239,8,
n250-identities_c50-conc_mech-blockchain-1backend_valid-active_r50_audit-off_20260903T171027Z,obs_56b7955900364f5c8c06efceef06d76b,2026-09-03T17:10:28.284070+00:00,blockchain,valid_active,1,50,UAV-VALID,ACCEPTED,ACCEPTED,True,165659500,165.6595,60700,165377300,0,3200,156000,3900,0,0,,,,none,blockchain-valid_active_1,0,False,240,8,
n250-identities_c50-conc_mech-blockchain-1backend_valid-active_r50_audit-off_20260903T171027Z,obs_0d2fb1b864b2419f92a5e1b2471bbf94,2026-09-03T17:10:28.289010+00:00,blockchain,valid_active,0,50,UAV-VALID,ACCEPTED,ACCEPTED,True,186480400,186.4804,139600,186106700,0,4000,211200,5200,0,0,,,,none,blockchain-valid_active_0,0,False,240,8,
n250-identities_c50-conc_mech-blockchain-1backend_valid-active_r50_audit-off_20260903T171027Z,obs_058e87eb0dc04b3dbb83e56d4a203bff,2026-09-03T17:10:28.242182+00:00,blockchain,valid_active,4,50,UAV-VALID,ACCEPTED,ACCEPTED,True,109083900,109.0839,46400,108713700,0,5800,208600,4600,0,0,,,,none,blockchain-valid_active_4,0,False,239,8,
n250-identities_c50-conc_mech-blockchain-1backend_valid-active_r50_audit-off_20260903T171027Z,obs_ff5d5d4fbabf4ecab42908119559aee9,2026-09-03T17:10:28.403685+00:00,blockchain,valid_active,3,50,UAV-VALID,ACCEPTED,ACCEPTED,True,241287000,241.287,39800,240951100,0,4500,210800,7000,0,0,,,,none,blockchain-valid_active_3,0,False,238,8,
n250-identities_c50-conc_mech-blockchain-1backend_valid-active_r50_audit-off_20260903T171027Z,obs_4f87da5570de4a079f5c4eb2c59e5a2f,2026-09-03T17:10:28.556165+00:00,blockchain,valid_active,2,50,UAV-VALID,ACCEPTED,ACCEPTED,True,400183600,400.1836,105200,399808600,0,4600,183700,4400,0,0,,,,none,blockchain-valid_active_2,0,False,239,8,
n250-identities_c50-conc_mech-blockchain-1backend_valid-active_r50_audit-off_20260903T171027Z,obs_204baa1ee51745138f5cc425007ca087,2026-09-03T17:10:28.559666+00:00,blockchain,valid_active,6,50,UAV-VALID,ACCEPTED,ACCEPTED,True,382822200,382.8222,43900,382547900,0,3900,164300,4400,0,0,,,,none,blockchain-valid_active_6,0,False,239,8,
n250-identities_c50-conc_mech-blockchain-1backend_valid-active_r50_audit-off_20260903T171027Z,obs_aa0d36c8bb10485e99f43bb38b62945d,2026-09-03T17:10:28.567387+00:00,blockchain,valid_active,8,50,UAV-VALID,ACCEPTED,ACCEPTED,True,374439900,374.4399,31700,374170300,0,3400,173900,4600,0,0,,,,none,blockchain-valid_active_8,0,False,240,8,
n250-identities_c50-conc_mech-blockchain-1backend_valid-active_r50_audit-off_20260903T171027Z,obs_1a638f4a2e4e4d36b1da7322d63ed761,2026-09-03T17:10:28.629365+00:00,blockchain,valid_active,9,50,UAV-VALID,ACCEPTED,ACCEPTED,True,433413700,433.4137,42300,433118400,0,4000,170200,4300,0,0,,,,none,blockchain-valid_active_9,0,False,238,8,
n250-identities_c50-conc_mech-blockchain-1backend_valid-active_r50_audit-off_20260903T171027Z,obs_71b828dfb9114d92bd6cda13bf3e5ce1,2026-09-03T17:10:28.632576+00:00,blockchain,valid_active,10,50,UAV-VALID,ACCEPTED,ACCEPTED,True,432201800,432.2018,44800,431914900,0,3500,181100,4600,0,0,,,,none,blockchain-valid_active_10,0,False,239,8,
n250-identities_c50-conc_mech-blockchain-1backend_valid-active_r50_audit-off_20260903T171027Z,obs_59043567c20345c2ab0da3b6c151519c,2026-09-03T17:10:28.641910+00:00,blockchain,valid_active,11,50,UAV-VALID,ACCEPTED,ACCEPTED,True,425941500,425.9415,36500,425512000,0,7300,249000,8800,0,0,,,,none,blockchain-valid_active_11,0,False,239,8,
n250-identities_c50-conc_mech-blockchain-1backend_valid-active_r50_audit-off_20260903T171027Z,obs_6e6accd8a0bc4a288a1298e7ef306669,2026-09-03T17:10:28.656598+00:00,blockchain,valid_active,12,50,UAV-VALID,ACCEPTED,ACCEPTED,True,444375400,444.3754,50800,444083100,0,4100,165100,4600,0,0,,,,none,blockchain-valid_active_12,0,False,239,8,
n250-identities_c50-conc_mech-blockchain-1backend_valid-active_r50_audit-off_20260903T171027Z,obs_898c6f65af654c548bd3e61963040c32,2026-09-03T17:10:28.680987+00:00,blockchain,valid_active,13,50,UAV-VALID,ACCEPTED,ACCEPTED,True,461967900,461.9679,56600,461690200,0,4000,160000,4500,0,0,,,,none,blockchain-valid_active_13,0,False,239,8,
n250-identities_c50-conc_mech-blockchain-1backend_valid-active_r50_audit-off_20260903T171027Z,obs_921ca37ec6864c738aaaf7a4c02f2b6a,2026-09-03T17:10:28.701076+00:00,blockchain,valid_active,7,50,UAV-VALID,ACCEPTED,ACCEPTED,True,518438800,518.4388,43800,518050100,0,5000,238800,6700,0,0,,,,none,blockchain-valid_active_7,0,False,240,8,
n250-identities_c50-conc_mech-blockchain-1backend_valid-active_r50_audit-off_20260903T171027Z,obs_765c0457768244789bcdf1020367da9e,2026-09-03T17:10:28.712276+00:00,blockchain,valid_active,16,50,UAV-VALID,ACCEPTED,ACCEPTED,True,469465300,469.4653,29000,469202700,0,2700,164100,3700,0,0,,,,none,blockchain-valid_active_16,0,False,239,8,
n250-identities_c50-conc_mech-blockchain-1backend_valid-active_r50_audit-off_20260903T171027Z,obs_d16bb6ba6a9c4fcb95977b006a233a8e,2026-09-03T17:10:28.724755+00:00,blockchain,valid_active,5,50,UAV-VALID,ACCEPTED,ACCEPTED,True,530585400,530.5854,25100,530303300,0,3300,177500,4200,0,0,,,,none,blockchain-valid_active_5,0,False,238,8,
n250-identities_c50-conc_mech-blockchain-1backend_valid-active_r50_audit-off_20260903T171027Z,obs_29040edda31646b680ca622aa02bc487,2026-09-03T17:10:28.759655+00:00,blockchain,valid_active,18,50,UAV-VALID,ACCEPTED,ACCEPTED,True,468576400,468.5764,31900,468326400,0,2700,160000,3600,0,0,,,,none,blockchain-valid_active_18,0,False,239,8,
n250-identities_c50-conc_mech-blockchain-1backend_valid-active_r50_audit-off_20260903T171027Z,obs_9695a8652cca411eb730e99c9fc8f9b1,2026-09-03T17:10:28.764123+00:00,blockchain,valid_active,15,50,UAV-VALID,ACCEPTED,ACCEPTED,True,492741400,492.7414,37800,492391100,0,3200,201700,4200,0,0,,,,none,blockchain-valid_active_15,0,False,238,8,
n250-identities_c50-conc_mech-blockchain-1backend_valid-active_r50_audit-off_20260903T171027Z,obs_e6fd940d164b41328f7ae148c4f77e96,2026-09-03T17:10:28.769744+00:00,blockchain,valid_active,14,50,UAV-VALID,ACCEPTED,ACCEPTED,True,516753400,516.7534,70300,516375200,0,4500,201800,4500,0,0,,,,none,blockchain-valid_active_14,0,False,238,8,
n250-identities_c50-conc_mech-blockchain-1backend_valid-active_r50_audit-off_20260903T171027Z,obs_e78d291590d94e6796924ffca07e84ce,2026-09-03T17:10:28.789086+00:00,blockchain,valid_active,20,50,UAV-VALID,ACCEPTED,ACCEPTED,True,491370300,491.3703,37500,490962100,0,5400,247900,6200,0,0,,,,none,blockchain-valid_active_20,0,False,239,8,
n250-identities_c50-conc_mech-blockchain-1backend_valid-active_r50_audit-off_20260903T171027Z,obs_fbcabeea28954a10b5ca34040276c2e6,2026-09-03T17:10:28.792557+00:00,blockchain,valid_active,17,50,UAV-VALID,ACCEPTED,ACCEPTED,True,524828900,524.8289,30400,524464000,0,4100,222000,6000,0,0,,,,none,blockchain-valid_active_17,0,False,239,8,
n250-identities_c50-conc_mech-blockchain-1backend_valid-active_r50_audit-off_20260903T171027Z,obs_e0decde41fcc482997069ea819e429bf,2026-09-03T17:10:28.804463+00:00,blockchain,valid_active,28,50,UAV-VALID,ACCEPTED,ACCEPTED,True,444012800,444.0128,31200,443602300,0,4700,257400,8400,0,0,,,,none,blockchain-valid_active_0,0,False,239,8,
n250-identities_c50-conc_mech-blockchain-1backend_valid-active_r50_audit-off_20260903T171027Z,obs_a5489f723e4e49fcbf69284321405582,2026-09-03T17:10:28.815825+00:00,blockchain,valid_active,29,50,UAV-VALID,ACCEPTED,ACCEPTED,True,422051300,422.0513,33100,421688700,0,4000,233400,6200,0,0,,,,none,blockchain-valid_active_26,0,False,239,8,
n250-identities_c50-conc_mech-blockchain-1backend_valid-active_r50_audit-off_20260903T171027Z,obs_09af26fd37f2435aaf3edf92e8e4dff9,2026-09-03T17:10:28.820873+00:00,blockchain,valid_active,25,50,UAV-VALID,ACCEPTED,ACCEPTED,True,490206000,490.206,26400,489895500,0,2700,203900,6500,0,0,,,,none,blockchain-valid_active_24,0,False,239,8,
n250-identities_c50-conc_mech-blockchain-1backend_valid-active_r50_audit-off_20260903T171027Z,obs_8d83b03e2b344e2d8e6da70fabe185bf,2026-09-03T17:10:28.827106+00:00,blockchain,valid_active,22,50,UAV-VALID,ACCEPTED,ACCEPTED,True,517307400,517.3074,37700,517007200,0,2900,186300,5000,0,0,,,,none,blockchain-valid_active_21,0,False,239,8,
n250-identities_c50-conc_mech-blockchain-1backend_valid-active_r50_audit-off_20260903T171027Z,obs_405346ccb4474e029fc875c6e32425d4,2026-09-03T17:10:28.843193+00:00,blockchain,valid_active,19,50,UAV-VALID,ACCEPTED,ACCEPTED,True,529447800,529.4478,30000,529188800,0,2300,167000,3700,0,0,,,,none,blockchain-valid_active_19,0,False,239,8,
n250-identities_c50-conc_mech-blockchain-1backend_valid-active_r50_audit-off_20260903T171027Z,obs_3482a2a79e0a42e7a7ed5b24f32fc441,2026-09-03T17:10:28.846491+00:00,blockchain,valid_active,27,50,UAV-VALID,ACCEPTED,ACCEPTED,True,425277100,425.2771,41000,425002400,0,3000,168000,4500,0,0,,,,none,blockchain-valid_active_1,0,False,239,8,
n250-identities_c50-conc_mech-blockchain-1backend_valid-active_r50_audit-off_20260903T171027Z,obs_9cf2359bbdec4964a5e206fca97f038b,2026-09-03T17:10:28.870345+00:00,blockchain,valid_active,21,50,UAV-VALID,ACCEPTED,ACCEPTED,True,529750900,529.7509,29700,529440500,0,3100,184000,5100,0,0,,,,none,blockchain-valid_active_4,0,False,238,8,
n250-identities_c50-conc_mech-blockchain-1backend_valid-active_r50_audit-off_20260903T171027Z,obs_cbaca63b17f641fc93e4759819371099,2026-09-03T17:10:28.873996+00:00,blockchain,valid_active,26,50,UAV-VALID,ACCEPTED,ACCEPTED,True,508512100,508.5121,28900,508231100,0,3600,173900,4900,0,0,,,,none,blockchain-valid_active_25,0,False,240,8,
n250-identities_c50-conc_mech-blockchain-1backend_valid-active_r50_audit-off_20260903T171027Z,obs_752b6c9d63514b21a0accaaffb41d1bf,2026-09-03T17:10:28.875391+00:00,blockchain,valid_active,36,50,UAV-VALID,ACCEPTED,ACCEPTED,True,370316100,370.3161,44800,370068900,0,3300,153800,4200,0,0,,,,none,blockchain-valid_active_33,0,False,239,8,
n250-identities_c50-conc_mech-blockchain-1backend_valid-active_r50_audit-off_20260903T171027Z,obs_bc2f41a579dd42fb9df12da85909b9f5,2026-09-03T17:10:28.895137+00:00,blockchain,valid_active,23,50,UAV-VALID,ACCEPTED,ACCEPTED,True,507355200,507.3552,49100,507088200,0,2700,154500,7600,0,0,,,,none,blockchain-valid_active_22,0,False,238,8,
n250-identities_c50-conc_mech-blockchain-1backend_valid-active_r50_audit-off_20260903T171027Z,obs_85a94bea9276420e8c533ce0e2e266a1,2026-09-03T17:10:28.899100+00:00,blockchain,valid_active,30,50,UAV-VALID,ACCEPTED,ACCEPTED,True,516450100,516.4501,33200,516138900,0,2200,205800,6700,0,0,,,,none,blockchain-valid_active_27,0,False,240,8,
n250-identities_c50-conc_mech-blockchain-1backend_valid-active_r50_audit-off_20260903T171027Z,obs_2f90708bb12d454cbdf9819f1bfe3030,2026-09-03T17:10:28.902393+00:00,blockchain,valid_active,24,50,UAV-VALID,ACCEPTED,ACCEPTED,True,525536300,525.5363,31800,525123700,0,4000,249300,7400,0,0,,,,none,blockchain-valid_active_23,0,False,239,8,
n250-identities_c50-conc_mech-blockchain-1backend_valid-active_r50_audit-off_20260903T171027Z,obs_af913b8bd0384340b7063b9f4e459185,2026-09-03T17:10:28.911134+00:00,blockchain,valid_active,31,50,UAV-VALID,ACCEPTED,ACCEPTED,True,463490200,463.4902,51400,463243400,0,2200,156400,3300,0,0,,,,none,blockchain-valid_active_28,0,False,239,8,
n250-identities_c50-conc_mech-blockchain-1backend_valid-active_r50_audit-off_20260903T171027Z,obs_d8bf076df13a4fc682454ccbb1422c75,2026-09-03T17:10:28.913624+00:00,blockchain,valid_active,37,50,UAV-VALID,ACCEPTED,ACCEPTED,True,450181600,450.1816,30800,449932500,0,2200,157400,4400,0,0,,,,none,blockchain-valid_active_34,0,False,240,8,
n250-identities_c50-conc_mech-blockchain-1backend_valid-active_r50_audit-off_20260903T171027Z,obs_86b674c0dfa944a7aae85eea5e02ce33,2026-09-03T17:10:28.923997+00:00,blockchain,valid_active,32,50,UAV-VALID,ACCEPTED,ACCEPTED,True,528536700,528.5367,34700,528278400,0,2400,160900,3200,0,0,,,,none,blockchain-valid_active_29,0,False,239,8,
n250-identities_c50-conc_mech-blockchain-1backend_valid-active_r50_audit-off_20260903T171027Z,obs_950f07a382a54d658f0e7888a0b5db21,2026-09-03T17:10:28.925562+00:00,blockchain,valid_active,38,50,UAV-VALID,ACCEPTED,ACCEPTED,True,411876800,411.8768,39400,411628100,0,2400,156800,4400,0,0,,,,none,blockchain-valid_active_35,0,False,239,8,
n250-identities_c50-conc_mech-blockchain-1backend_valid-active_r50_audit-off_20260903T171027Z,obs_e31a6fe502a94712a80e72e1fa87b2d3,2026-09-03T17:10:28.926932+00:00,blockchain,valid_active,35,50,UAV-VALID,ACCEPTED,ACCEPTED,True,468535700,468.5357,28600,468317000,0,1800,140800,4000,0,0,,,,none,blockchain-valid_active_32,0,False,239,8,
n250-identities_c50-conc_mech-blockchain-1backend_valid-active_r50_audit-off_20260903T171027Z,obs_f20eba2def14433288fe8d721c78fe39,2026-09-03T17:10:28.932408+00:00,blockchain,valid_active,33,50,UAV-VALID,ACCEPTED,ACCEPTED,True,482601300,482.6013,28600,482306700,0,3800,179800,4600,0,0,,,,none,blockchain-valid_active_30,0,False,239,8,
n250-identities_c50-conc_mech-blockchain-1backend_valid-active_r50_audit-off_20260903T171027Z,obs_a204b38823f04591bb515d2ddb5eefec,2026-09-03T17:10:28.946101+00:00,blockchain,valid_active,42,50,UAV-VALID,ACCEPTED,ACCEPTED,True,417724400,417.7244,28600,417126800,0,2400,489300,7900,0,0,,,,none,blockchain-valid_active_38,0,False,240,8,
n250-identities_c50-conc_mech-blockchain-1backend_valid-active_r50_audit-off_20260903T171027Z,obs_ec6b52c8065342658351fbe8578b4cdb,2026-09-03T17:10:28.948615+00:00,blockchain,valid_active,34,50,UAV-VALID,ACCEPTED,ACCEPTED,True,479543600,479.5436,38500,479296800,0,2100,155700,4300,0,0,,,,none,blockchain-valid_active_31,0,False,238,8,
n250-identities_c50-conc_mech-blockchain-1backend_valid-active_r50_audit-off_20260903T171027Z,obs_ab0fed6c1e16404199cd7b7b492dec3e,2026-09-03T17:10:28.955041+00:00,blockchain,valid_active,44,50,UAV-VALID,ACCEPTED,ACCEPTED,True,373479900,373.4799,35900,373099600,0,4600,232500,7400,0,0,,,,none,blockchain-valid_active_40,0,False,240,8,
n250-identities_c50-conc_mech-blockchain-1backend_valid-active_r50_audit-off_20260903T171027Z,obs_83c3b96ab0df48ab8b5b13bc73f0e4cf,2026-09-03T17:10:28.963278+00:00,blockchain,valid_active,43,50,UAV-VALID,ACCEPTED,ACCEPTED,True,326667300,326.6673,58700,326378900,0,2700,163900,4900,0,0,,,,none,blockchain-valid_active_39,0,False,240,8,
n250-identities_c50-conc_mech-blockchain-1backend_valid-active_r50_audit-off_20260903T171027Z,obs_6c51ec9de6704c9f888a4d1e1f56e173,2026-09-03T17:10:28.966530+00:00,blockchain,valid_active,46,50,UAV-VALID,ACCEPTED,ACCEPTED,True,301623300,301.6233,24400,301364600,0,2800,163300,4500,0,0,,,,none,blockchain-valid_active_42,0,False,240,8,
n250-identities_c50-conc_mech-blockchain-1backend_valid-active_r50_audit-off_20260903T171027Z,obs_9537d88ded9d4d35bc0c960612742163,2026-09-03T17:10:28.969002+00:00,blockchain,valid_active,45,50,UAV-VALID,ACCEPTED,ACCEPTED,True,318305000,318.305,24500,318032800,0,2700,171800,4700,0,0,,,,none,blockchain-valid_active_41,0,False,239,8,
n250-identities_c50-conc_mech-blockchain-1backend_valid-active_r50_audit-off_20260903T171027Z,obs_eb455ab5dcf4495495c73100e24da4c9,2026-09-03T17:10:28.970814+00:00,blockchain,valid_active,40,50,UAV-VALID,ACCEPTED,ACCEPTED,True,444341500,444.3415,35000,444025000,0,2700,197200,6500,0,0,,,,none,blockchain-valid_active_37,0,False,240,8,
n250-identities_c50-conc_mech-blockchain-1backend_valid-active_r50_audit-off_20260903T171027Z,obs_f3a9b5d0503340e885a88bfb0dab6e7a,2026-09-03T17:10:28.972502+00:00,blockchain,valid_active,48,50,UAV-VALID,ACCEPTED,ACCEPTED,True,323736400,323.7364,27200,323495200,0,2000,160200,3400,0,0,,,,none,blockchain-valid_active_44,0,False,240,8,
n250-identities_c50-conc_mech-blockchain-1backend_valid-active_r50_audit-off_20260903T171027Z,obs_3551875070a64045983eabc7de879f82,2026-09-03T17:10:28.973761+00:00,blockchain,valid_active,49,50,UAV-VALID,ACCEPTED,ACCEPTED,True,312203600,312.2036,31900,311941000,0,1900,156800,14000,0,0,,,,none,blockchain-valid_active_45,0,False,238,8,
n250-identities_c50-conc_mech-blockchain-1backend_valid-active_r50_audit-off_20260903T171027Z,obs_ba41c4d74e534d8bacc68a5e223f9085,2026-09-03T17:10:28.976762+00:00,blockchain,valid_active,41,50,UAV-VALID,ACCEPTED,ACCEPTED,True,427181700,427.1817,28100,426807400,0,4000,235300,6800,0,0,,,,none,blockchain-valid_active_3,0,False,239,8,
n250-identities_c50-conc_mech-blockchain-1backend_valid-active_r50_audit-off_20260903T171027Z,obs_bb3897d1ceae49c2a284aaa90796d9c9,2026-09-03T17:10:28.980087+00:00,blockchain,valid_active,39,50,UAV-VALID,ACCEPTED,ACCEPTED,True,363683400,363.6834,51100,363436000,0,2100,153700,4200,0,0,,,,none,blockchain-valid_active_36,0,False,239,8,
n250-identities_c50-conc_mech-blockchain-1backend_valid-active_r50_audit-off_20260903T171027Z,obs_4249293f687b48aaa3e5a942e44b263e,2026-09-03T17:10:28.983177+00:00,blockchain,valid_active,47,50,UAV-VALID,ACCEPTED,ACCEPTED,True,274425300,274.4253,40900,274178500,0,2000,155300,3100,0,0,,,,none,blockchain-valid_active_43,0,False,240,8,
n500-identities_c1-conc_mech-x509-1backend_valid-active_r30_audit-off_20260903T171030Z,obs_42f2502aa828403cb21338e3fe463ff2,2026-09-03T17:10:31.343122+00:00,x509,valid_active,0,1,UAV-VALID,ACCEPTED,ACCEPTED,True,1245300,1.2453,38000,62000,976300,0,127200,3500,0,0,,,,none,MainThread,0,True,240,8,
n500-identities_c1-conc_mech-x509-1backend_valid-active_r30_audit-off_20260903T171030Z,obs_5d92c86681a24a46b4316dcc0bdd1a81,2026-09-03T17:10:31.355618+00:00,x509,valid_active,1,1,UAV-VALID,ACCEPTED,ACCEPTED,True,1515100,1.5151,75000,81100,1225100,0,126100,3700,0,0,,,,none,MainThread,0,True,238,8,
n500-identities_c1-conc_mech-x509-1backend_valid-active_r30_audit-off_20260903T171030Z,obs_32ccdf9c0fe048bc89ae73808e174102,2026-09-03T17:10:31.366823+00:00,x509,valid_active,0,1,UAV-VALID,ACCEPTED,ACCEPTED,True,1637300,1.6373,36500,70700,1153000,0,301300,7200,0,0,,,,none,x509-valid_active_0,0,False,239,8,
n500-identities_c1-conc_mech-x509-1backend_valid-active_r30_audit-off_20260903T171030Z,obs_1f3f6f019eb7467b98b8cdb39575d4af,2026-09-03T17:10:31.376850+00:00,x509,valid_active,1,1,UAV-VALID,ACCEPTED,ACCEPTED,True,1700100,1.7001,52200,62600,1340200,0,190700,5700,0,0,,,,none,x509-valid_active_0,0,False,239,8,
n500-identities_c1-conc_mech-x509-1backend_valid-active_r30_audit-off_20260903T171030Z,obs_f6465faf9e704366a9752e48bea7f4b3,2026-09-03T17:10:31.386114+00:00,x509,valid_active,2,1,UAV-VALID,ACCEPTED,ACCEPTED,True,3202900,3.2029,54300,99800,2680600,0,237300,6300,0,0,,,,none,x509-valid_active_0,0,False,240,8,
n500-identities_c1-conc_mech-x509-1backend_valid-active_r30_audit-off_20260903T171030Z,obs_7b2440898b3847e48c02c3ba06ce90cd,2026-09-03T17:10:31.396131+00:00,x509,valid_active,3,1,UAV-VALID,ACCEPTED,ACCEPTED,True,1641900,1.6419,50100,66300,1355000,0,134800,4400,0,0,,,,none,x509-valid_active_0,0,False,240,8,
n500-identities_c1-conc_mech-x509-1backend_valid-active_r30_audit-off_20260903T171030Z,obs_5b9127faa6b84fbab8401443757eb734,2026-09-03T17:10:31.407933+00:00,x509,valid_active,4,1,UAV-VALID,ACCEPTED,ACCEPTED,True,2547700,2.5477,52500,107300,1996100,0,298400,4300,0,0,,,,none,x509-valid_active_0,0,False,239,8,
n500-identities_c1-conc_mech-x509-1backend_valid-active_r30_audit-off_20260903T171030Z,obs_96abd8196d314be2b3e5de866f40a103,2026-09-03T17:10:31.419274+00:00,x509,valid_active,5,1,UAV-VALID,ACCEPTED,ACCEPTED,True,2476500,2.4765,55200,102300,2044600,0,191500,6200,0,0,,,,none,x509-valid_active_0,0,False,239,8,
n500-identities_c1-conc_mech-x509-1backend_valid-active_r30_audit-off_20260903T171030Z,obs_443ff7416689455b9f95bad9a440fc47,2026-09-03T17:10:31.427624+00:00,x509,valid_active,6,1,UAV-VALID,ACCEPTED,ACCEPTED,True,1781300,1.7813,37300,65200,1410900,0,189200,6000,0,0,,,,none,x509-valid_active_0,0,False,240,8,
n500-identities_c1-conc_mech-x509-1backend_valid-active_r30_audit-off_20260903T171030Z,obs_42aebd172d5845f4a8daf8421d23dd74,2026-09-03T17:10:31.437008+00:00,x509,valid_active,7,1,UAV-VALID,ACCEPTED,ACCEPTED,True,2085000,2.085,50700,64900,1708200,0,204500,5300,0,0,,,,none,x509-valid_active_0,0,False,240,8,
n500-identities_c1-conc_mech-x509-1backend_valid-active_r30_audit-off_20260903T171030Z,obs_c8aa645fe062449fa7872c0da55e4fc9,2026-09-03T17:10:31.445150+00:00,x509,valid_active,8,1,UAV-VALID,ACCEPTED,ACCEPTED,True,1845500,1.8455,38300,91300,1517600,0,139000,4200,0,0,,,,none,x509-valid_active_0,0,False,240,8,
n500-identities_c1-conc_mech-x509-1backend_valid-active_r30_audit-off_20260903T171030Z,obs_162eabb7223b43e2a67f20bd1d00d0d7,2026-09-03T17:10:31.454911+00:00,x509,valid_active,9,1,UAV-VALID,ACCEPTED,ACCEPTED,True,1788400,1.7884,52800,71300,1486500,0,148400,4100,0,0,,,,none,x509-valid_active_0,0,False,239,8,
n500-identities_c1-conc_mech-x509-1backend_valid-active_r30_audit-off_20260903T171030Z,obs_9b965db5ed224a2cbffcfc62dcb65d15,2026-09-03T17:10:31.462178+00:00,x509,valid_active,10,1,UAV-VALID,ACCEPTED,ACCEPTED,True,1934000,1.934,37700,61700,1651300,0,139100,4500,0,0,,,,none,x509-valid_active_0,0,False,239,8,
n500-identities_c1-conc_mech-x509-1backend_valid-active_r30_audit-off_20260903T171030Z,obs_eeba39ad652d473a99eaa61011d7f2ca,2026-09-03T17:10:31.469347+00:00,x509,valid_active,11,1,UAV-VALID,ACCEPTED,ACCEPTED,True,1952800,1.9528,37100,94600,1627000,0,132900,4300,0,0,,,,none,x509-valid_active_0,0,False,239,8,
n500-identities_c1-conc_mech-x509-1backend_valid-active_r30_audit-off_20260903T171030Z,obs_8f77587b4f044581af8a81a5dddeb3af,2026-09-03T17:10:31.479148+00:00,x509,valid_active,12,1,UAV-VALID,ACCEPTED,ACCEPTED,True,3018600,3.0186,38500,88800,2641200,0,173900,5200,0,0,,,,none,x509-valid_active_0,0,False,239,8,
n500-identities_c1-conc_mech-x509-1backend_valid-active_r30_audit-off_20260903T171030Z,obs_b4f1d1548ba44306a4f6234dd439d1ee,2026-09-03T17:10:31.489190+00:00,x509,valid_active,13,1,UAV-VALID,ACCEPTED,ACCEPTED,True,2204400,2.2044,60100,71200,1704300,0,305300,5400,0,0,,,,none,x509-valid_active_0,0,False,238,8,
n500-identities_c1-conc_mech-x509-1backend_valid-active_r30_audit-off_20260903T171030Z,obs_cf11972e52c345f4be08bf8ef9206b6f,2026-09-03T17:10:31.498549+00:00,x509,valid_active,14,1,UAV-VALID,ACCEPTED,ACCEPTED,True,2035700,2.0357,56400,95600,1667700,0,164100,5400,0,0,,,,none,x509-valid_active_0,0,False,240,8,
n500-identities_c1-conc_mech-x509-1backend_valid-active_r30_audit-off_20260903T171030Z,obs_055a8d307c804428ab105a83abdd5c6a,2026-09-03T17:10:31.508383+00:00,x509,valid_active,15,1,UAV-VALID,ACCEPTED,ACCEPTED,True,1838600,1.8386,37100,62400,1448200,0,218700,5100,0,0,,,,none,x509-valid_active_0,0,False,238,8,
n500-identities_c1-conc_mech-x509-1backend_valid-active_r30_audit-off_20260903T171030Z,obs_dbb4b5f18f5d468ab8301208c2d46d4f,2026-09-03T17:10:31.517843+00:00,x509,valid_active,16,1,UAV-VALID,ACCEPTED,ACCEPTED,True,2150000,2.15,46000,87700,1746600,0,192800,5500,0,0,,,,none,x509-valid_active_0,0,False,240,8,
n500-identities_c1-conc_mech-x509-1backend_valid-active_r30_audit-off_20260903T171030Z,obs_d4a30768a39d43efbc88192e331a86cb,2026-09-03T17:10:31.527241+00:00,x509,valid_active,17,1,UAV-VALID,ACCEPTED,ACCEPTED,True,2200400,2.2004,54200,95500,1765700,0,156400,4500,0,0,,,,none,x509-valid_active_0,0,False,239,8,
n500-identities_c1-conc_mech-x509-1backend_valid-active_r30_audit-off_20260903T171030Z,obs_d1c8345e53414b72af092b4a29fbe826,2026-09-03T17:10:31.537732+00:00,x509,valid_active,18,1,UAV-VALID,ACCEPTED,ACCEPTED,True,2167200,2.1672,59600,77900,1774800,0,183800,6300,0,0,,,,none,x509-valid_active_0,0,False,238,8,
n500-identities_c1-conc_mech-x509-1backend_valid-active_r30_audit-off_20260903T171030Z,obs_176dd45e9a19461ea653c6e0e9724ca2,2026-09-03T17:10:31.546272+00:00,x509,valid_active,19,1,UAV-VALID,ACCEPTED,ACCEPTED,True,1880900,1.8809,47900,65300,1524500,0,186700,5700,0,0,,,,none,x509-valid_active_0,0,False,239,8,
n500-identities_c1-conc_mech-x509-1backend_valid-active_r30_audit-off_20260903T171030Z,obs_0385711c032248e191d52fe52830ebcc,2026-09-03T17:10:31.556393+00:00,x509,valid_active,20,1,UAV-VALID,ACCEPTED,ACCEPTED,True,3296200,3.2962,37600,94500,2833300,0,230100,6700,0,0,,,,none,x509-valid_active_0,0,False,240,8,
n500-identities_c1-conc_mech-x509-1backend_valid-active_r30_audit-off_20260903T171030Z,obs_6c48049a98db432cb78929f9c96fd156,2026-09-03T17:10:31.566350+00:00,x509,valid_active,21,1,UAV-VALID,ACCEPTED,ACCEPTED,True,1794600,1.7946,49100,68200,1486700,0,148100,4300,0,0,,,,none,x509-valid_active_0,0,False,239,8,
n500-identities_c1-conc_mech-x509-1backend_valid-active_r30_audit-off_20260903T171030Z,obs_be7926d37c3b4480bde4baad4a262c54,2026-09-03T17:10:31.578068+00:00,x509,valid_active,22,1,UAV-VALID,ACCEPTED,ACCEPTED,True,1505400,1.5054,38400,61900,1218600,0,144400,3900,0,0,,,,none,x509-valid_active_0,0,False,240,8,
n500-identities_c1-conc_mech-x509-1backend_valid-active_r30_audit-off_20260903T171030Z,obs_d9b6ddcd7cb74b18bfd15888c2694431,2026-09-03T17:10:31.585108+00:00,x509,valid_active,23,1,UAV-VALID,ACCEPTED,ACCEPTED,True,1828500,1.8285,39900,58900,1466700,0,192200,5400,0,0,,,,none,x509-valid_active_0,0,False,239,8,
n500-identities_c1-conc_mech-x509-1backend_valid-active_r30_audit-off_20260903T171030Z,obs_84ec34472c7c4fa1b79723720019410f,2026-09-03T17:10:31.596719+00:00,x509,valid_active,24,1,UAV-VALID,ACCEPTED,ACCEPTED,True,1750900,1.7509,51600,82500,1376400,0,188600,5800,0,0,,,,none,x509-valid_active_0,0,False,238,8,
n500-identities_c1-conc_mech-x509-1backend_valid-active_r30_audit-off_20260903T171030Z,obs_239b991d1c81417aae61a4a3f7e0b06d,2026-09-03T17:10:31.607135+00:00,x509,valid_active,25,1,UAV-VALID,ACCEPTED,ACCEPTED,True,2164900,2.1649,57900,100800,1807300,0,148400,4300,0,0,,,,none,x509-valid_active_0,0,False,240,8,
n500-identities_c1-conc_mech-x509-1backend_valid-active_r30_audit-off_20260903T171030Z,obs_4181db0e816c47c0a7493caf584a9998,2026-09-03T17:10:31.614060+00:00,x509,valid_active,26,1,UAV-VALID,ACCEPTED,ACCEPTED,True,1564800,1.5648,37800,63900,1267400,0,145600,4300,0,0,,,,none,x509-valid_active_0,0,False,238,8,
n500-identities_c1-conc_mech-x509-1backend_valid-active_r30_audit-off_20260903T171030Z,obs_030abaa1889040118001786986623f50,2026-09-03T17:10:31.622290+00:00,x509,valid_active,27,1,UAV-VALID,ACCEPTED,ACCEPTED,True,1562200,1.5622,61800,88200,1241400,0,140500,4500,0,0,,,,none,x509-valid_active_0,0,False,240,8,
n500-identities_c1-conc_mech-x509-1backend_valid-active_r30_audit-off_20260903T171030Z,obs_4547cba7327442f384d38ddb13bf0fbf,2026-09-03T17:10:31.628639+00:00,x509,valid_active,28,1,UAV-VALID,ACCEPTED,ACCEPTED,True,1388600,1.3886,36200,60600,1096200,0,137200,4400,0,0,,,,none,x509-valid_active_0,0,False,240,8,
n500-identities_c1-conc_mech-x509-1backend_valid-active_r30_audit-off_20260903T171030Z,obs_266973ac8d084016a6ece5d546e09bd4,2026-09-03T17:10:31.636393+00:00,x509,valid_active,29,1,UAV-VALID,ACCEPTED,ACCEPTED,True,1983100,1.9831,101900,101500,1615600,0,155800,6500,0,0,,,,none,x509-valid_active_0,0,False,238,8,
n500-identities_c1-conc_mech-blockchain-1backend_valid-active_r30_audit-off_20260903T171032Z,obs_7c56ce4db3404834bf7eb87ea795a5dd,2026-09-03T17:18:57.887834+00:00,blockchain,valid_active,0,1,UAV-VALID,ACCEPTED,ACCEPTED,True,24216500,24.2165,68600,23800800,0,3900,251300,5500,0,0,,,,none,MainThread,0,True,238,8,
n500-identities_c1-conc_mech-blockchain-1backend_valid-active_r30_audit-off_20260903T171032Z,obs_40a40728dc4440df9131f262bdc2b227,2026-09-03T17:18:57.922139+00:00,blockchain,valid_active,1,1,UAV-VALID,ACCEPTED,ACCEPTED,True,22968900,22.9689,49200,22693200,0,2200,168800,3400,0,0,,,,none,MainThread,0,True,239,8,
n500-identities_c1-conc_mech-blockchain-1backend_valid-active_r30_audit-off_20260903T171032Z,obs_4109bff1e8384b3198038c7206c1432b,2026-09-03T17:18:57.951597+00:00,blockchain,valid_active,0,1,UAV-VALID,ACCEPTED,ACCEPTED,True,19982800,19.9828,64500,19663400,0,2300,194300,7000,0,0,,,,none,blockchain-valid_active_0,0,False,240,8,
n500-identities_c1-conc_mech-blockchain-1backend_valid-active_r30_audit-off_20260903T171032Z,obs_ddc6ca260dfb4a949e64cd6b74b5b964,2026-09-03T17:18:57.977571+00:00,blockchain,valid_active,1,1,UAV-VALID,ACCEPTED,ACCEPTED,True,17610100,17.6101,44600,17340800,0,2100,156200,3300,0,0,,,,none,blockchain-valid_active_0,0,False,239,8,
n500-identities_c1-conc_mech-blockchain-1backend_valid-active_r30_audit-off_20260903T171032Z,obs_108999ddec54486bbbfb6ba66dfe6c64,2026-09-03T17:18:58.001014+00:00,blockchain,valid_active,2,1,UAV-VALID,ACCEPTED,ACCEPTED,True,16593900,16.5939,38100,16332000,0,2400,165000,4300,0,0,,,,none,blockchain-valid_active_0,0,False,240,8,
n500-identities_c1-conc_mech-blockchain-1backend_valid-active_r30_audit-off_20260903T171032Z,obs_38286f2e019047f69b1e08eac58a7006,2026-09-03T17:18:58.026476+00:00,blockchain,valid_active,3,1,UAV-VALID,ACCEPTED,ACCEPTED,True,19292200,19.2922,44200,19035100,0,2200,158300,3500,0,0,,,,none,blockchain-valid_active_0,0,False,239,8,
n500-identities_c1-conc_mech-blockchain-1backend_valid-active_r30_audit-off_20260903T171032Z,obs_70a9fce596504a4db0f6f7de0366c02c,2026-09-03T17:18:58.055502+00:00,blockchain,valid_active,4,1,UAV-VALID,ACCEPTED,ACCEPTED,True,20195900,20.1959,39200,19716900,0,8300,299500,8300,0,0,,,,none,blockchain-valid_active_0,0,False,239,8,
n500-identities_c1-conc_mech-blockchain-1backend_valid-active_r30_audit-off_20260903T171032Z,obs_eb488efd8de94c458f424de0e7d99747,2026-09-03T17:18:58.099476+00:00,blockchain,valid_active,5,1,UAV-VALID,ACCEPTED,ACCEPTED,True,31610200,31.6102,70600,31225700,0,3900,240200,6100,0,0,,,,none,blockchain-valid_active_0,0,False,240,8,
n500-identities_c1-conc_mech-blockchain-1backend_valid-active_r30_audit-off_20260903T171032Z,obs_0f4fe3e7760d4d6ca7ba47a5b6deda2b,2026-09-03T17:18:58.132640+00:00,blockchain,valid_active,6,1,UAV-VALID,ACCEPTED,ACCEPTED,True,25198000,25.198,51300,24821600,0,4100,237700,5500,0,0,,,,none,blockchain-valid_active_0,0,False,239,8,
n500-identities_c1-conc_mech-blockchain-1backend_valid-active_r30_audit-off_20260903T171032Z,obs_5a45d7c545bf4cb49544b97223073d72,2026-09-03T17:18:58.178599+00:00,blockchain,valid_active,7,1,UAV-VALID,ACCEPTED,ACCEPTED,True,38209800,38.2098,35500,37858600,0,2800,236700,5600,0,0,,,,none,blockchain-valid_active_0,0,False,239,8,
n500-identities_c1-conc_mech-blockchain-1backend_valid-active_r30_audit-off_20260903T171032Z,obs_4f95cdaba2994102a7cbb410f3140878,2026-09-03T17:18:58.201684+00:00,blockchain,valid_active,8,1,UAV-VALID,ACCEPTED,ACCEPTED,True,16132700,16.1327,34600,15879100,0,2300,159500,4100,0,0,,,,none,blockchain-valid_active_0,0,False,239,8,
n500-identities_c1-conc_mech-blockchain-1backend_valid-active_r30_audit-off_20260903T171032Z,obs_be776fd94a24438bbbca29f1c013fffb,2026-09-03T17:18:58.238875+00:00,blockchain,valid_active,9,1,UAV-VALID,ACCEPTED,ACCEPTED,True,32715900,32.7159,30200,32470700,0,2700,156600,3800,0,0,,,,none,blockchain-valid_active_0,0,False,239,8,
n500-identities_c1-conc_mech-blockchain-1backend_valid-active_r30_audit-off_20260903T171032Z,obs_fa0f6ac55c8545bcbe69f01c2222862c,2026-09-03T17:18:58.268498+00:00,blockchain,valid_active,10,1,UAV-VALID,ACCEPTED,ACCEPTED,True,16097900,16.0979,38500,15831600,0,3600,162600,3400,0,0,,,,none,blockchain-valid_active_0,0,False,239,8,
n500-identities_c1-conc_mech-blockchain-1backend_valid-active_r30_audit-off_20260903T171032Z,obs_9766d5319f0841fd8f8e5f5c5938083d,2026-09-03T17:18:58.290667+00:00,blockchain,valid_active,11,1,UAV-VALID,ACCEPTED,ACCEPTED,True,17537600,17.5376,31100,17203100,0,3200,213300,5700,0,0,,,,none,blockchain-valid_active_0,0,False,238,8,
n500-identities_c1-conc_mech-blockchain-1backend_valid-active_r30_audit-off_20260903T171032Z,obs_7c25bdd824b34e6dbd876e2dbc114d52,2026-09-03T17:18:58.311392+00:00,blockchain,valid_active,12,1,UAV-VALID,ACCEPTED,ACCEPTED,True,16398600,16.3986,28800,16161500,0,2100,153000,3700,0,0,,,,none,blockchain-valid_active_0,0,False,240,8,
n500-identities_c1-conc_mech-blockchain-1backend_valid-active_r30_audit-off_20260903T171032Z,obs_5e3608d5645f43fe84497c8426755768,2026-09-03T17:18:58.336237+00:00,blockchain,valid_active,13,1,UAV-VALID,ACCEPTED,ACCEPTED,True,17931600,17.9316,33500,17655500,0,2100,183700,4300,0,0,,,,none,blockchain-valid_active_0,0,False,239,8,
n500-identities_c1-conc_mech-blockchain-1backend_valid-active_r30_audit-off_20260903T171032Z,obs_ba19052cc08d4c1582430b7fa15c5e7a,2026-09-03T17:18:58.372918+00:00,blockchain,valid_active,14,1,UAV-VALID,ACCEPTED,ACCEPTED,True,32237000,32.237,30300,31993800,0,2400,155300,3200,0,0,,,,none,blockchain-valid_active_0,0,False,240,8,
n500-identities_c1-conc_mech-blockchain-1backend_valid-active_r30_audit-off_20260903T171032Z,obs_6386adc1b86748e7bca430296068726d,2026-09-03T17:18:58.406347+00:00,blockchain,valid_active,15,1,UAV-VALID,ACCEPTED,ACCEPTED,True,29048700,29.0487,28500,28796500,0,2300,156800,2900,0,0,,,,none,blockchain-valid_active_0,0,False,240,8,
n500-identities_c1-conc_mech-blockchain-1backend_valid-active_r30_audit-off_20260903T171032Z,obs_c4b4d38571da469d8a884a00376fa5b3,2026-09-03T17:18:58.438037+00:00,blockchain,valid_active,16,1,UAV-VALID,ACCEPTED,ACCEPTED,True,25949200,25.9492,43100,25510200,0,3200,252600,6400,0,0,,,,none,blockchain-valid_active_0,0,False,240,8,
n500-identities_c1-conc_mech-blockchain-1backend_valid-active_r30_audit-off_20260903T171032Z,obs_b02d22d8398c4d159b96e25554799f39,2026-09-03T17:18:58.467889+00:00,blockchain,valid_active,17,1,UAV-VALID,ACCEPTED,ACCEPTED,True,20577800,20.5778,79900,20294000,0,2900,161900,4600,0,0,,,,none,blockchain-valid_active_0,0,False,238,8,
n500-identities_c1-conc_mech-blockchain-1backend_valid-active_r30_audit-off_20260903T171032Z,obs_80b615b0a2914106a5043203255d3b56,2026-09-03T17:18:58.493972+00:00,blockchain,valid_active,18,1,UAV-VALID,ACCEPTED,ACCEPTED,True,20887300,20.8873,45700,20608500,0,2700,162700,4300,0,0,,,,none,blockchain-valid_active_0,0,False,240,8,
n500-identities_c1-conc_mech-blockchain-1backend_valid-active_r30_audit-off_20260903T171032Z,obs_33b06f1f42f94c10ba09d9f68743eab1,2026-09-03T17:18:58.527907+00:00,blockchain,valid_active,19,1,UAV-VALID,ACCEPTED,ACCEPTED,True,22542200,22.5422,744200,22256400,0,2300,158700,3800,0,0,,,,none,blockchain-valid_active_0,0,False,239,8,
n500-identities_c1-conc_mech-blockchain-1backend_valid-active_r30_audit-off_20260903T171032Z,obs_fbf4c3cfeeea489b8ac0a1e558ce63ce,2026-09-03T17:18:58.558945+00:00,blockchain,valid_active,20,1,UAV-VALID,ACCEPTED,ACCEPTED,True,23120900,23.1209,62500,22645800,0,3600,294700,8800,0,0,,,,none,blockchain-valid_active_0,0,False,238,8,
n500-identities_c1-conc_mech-blockchain-1backend_valid-active_r30_audit-off_20260903T171032Z,obs_316a9d9cfde14f4ebe65cd6abc44ab3d,2026-09-03T17:18:58.593121+00:00,blockchain,valid_active,21,1,UAV-VALID,ACCEPTED,ACCEPTED,True,24794800,24.7948,71000,24375900,0,3400,251300,6400,0,0,,,,none,blockchain-valid_active_0,0,False,238,8,
n500-identities_c1-conc_mech-blockchain-1backend_valid-active_r30_audit-off_20260903T171032Z,obs_35774c6fa93d40cb9e10d1db0f21dec3,2026-09-03T17:18:58.632586+00:00,blockchain,valid_active,22,1,UAV-VALID,ACCEPTED,ACCEPTED,True,27176200,27.1762,56900,26885000,0,2400,164300,3900,0,0,,,,none,blockchain-valid_active_0,0,False,239,8,
n500-identities_c1-conc_mech-blockchain-1backend_valid-active_r30_audit-off_20260903T171032Z,obs_cf6508278d37461e8c7de365d1d1b052,2026-09-03T17:18:58.667572+00:00,blockchain,valid_active,23,1,UAV-VALID,ACCEPTED,ACCEPTED,True,30046300,30.0463,32800,29798400,0,2200,157700,3200,0,0,,,,none,blockchain-valid_active_0,0,False,239,8,
n500-identities_c1-conc_mech-blockchain-1backend_valid-active_r30_audit-off_20260903T171032Z,obs_b0be8032391a42ccad1b2e5d8b549874,2026-09-03T17:18:58.692827+00:00,blockchain,valid_active,24,1,UAV-VALID,ACCEPTED,ACCEPTED,True,20422400,20.4224,46900,20151000,0,2300,165000,3800,0,0,,,,none,blockchain-valid_active_0,0,False,239,8,
n500-identities_c1-conc_mech-blockchain-1backend_valid-active_r30_audit-off_20260903T171032Z,obs_6db0d1a5d6fb4b81b04841b16b654d62,2026-09-03T17:18:58.717956+00:00,blockchain,valid_active,25,1,UAV-VALID,ACCEPTED,ACCEPTED,True,17173500,17.1735,34200,16915200,0,3100,162800,3800,0,0,,,,none,blockchain-valid_active_0,0,False,239,8,
n500-identities_c1-conc_mech-blockchain-1backend_valid-active_r30_audit-off_20260903T171032Z,obs_8985ea149de34938a35eb2f80b9c5104,2026-09-03T17:18:58.740504+00:00,blockchain,valid_active,26,1,UAV-VALID,ACCEPTED,ACCEPTED,True,16560800,16.5608,34300,16315900,0,2300,154600,3200,0,0,,,,none,blockchain-valid_active_0,0,False,239,8,
n500-identities_c1-conc_mech-blockchain-1backend_valid-active_r30_audit-off_20260903T171032Z,obs_4bc91213265d454bb44d38c2170d7be2,2026-09-03T17:18:58.761138+00:00,blockchain,valid_active,27,1,UAV-VALID,ACCEPTED,ACCEPTED,True,16297800,16.2978,37200,16040300,0,2400,153900,3300,0,0,,,,none,blockchain-valid_active_0,0,False,240,8,
n500-identities_c1-conc_mech-blockchain-1backend_valid-active_r30_audit-off_20260903T171032Z,obs_f522fb8c29214363a8920ce8b5cdc450,2026-09-03T17:18:58.807220+00:00,blockchain,valid_active,28,1,UAV-VALID,ACCEPTED,ACCEPTED,True,38475100,38.4751,33600,38172000,0,3200,183900,4200,0,0,,,,none,blockchain-valid_active_0,0,False,238,8,
n500-identities_c1-conc_mech-blockchain-1backend_valid-active_r30_audit-off_20260903T171032Z,obs_dc5453528c394d49bc189164dbbb44b2,2026-09-03T17:18:58.828582+00:00,blockchain,valid_active,29,1,UAV-VALID,ACCEPTED,ACCEPTED,True,15949000,15.949,61400,15677600,0,2200,172700,3500,0,0,,,,none,blockchain-valid_active_0,0,False,239,8,
n500-identities_c5-conc_mech-x509-1backend_valid-active_r30_audit-off_20260903T171859Z,obs_69abba4d376a47678968fb8c36f5f5e1,2026-09-03T17:18:59.621127+00:00,x509,valid_active,0,5,UAV-VALID,ACCEPTED,ACCEPTED,True,1604100,1.6041,75300,128400,1262600,0,127700,3500,0,0,,,,none,MainThread,0,True,239,8,
n500-identities_c5-conc_mech-x509-1backend_valid-active_r30_audit-off_20260903T171859Z,obs_e927413e5f2145dcb988d4de0f996f38,2026-09-03T17:18:59.632134+00:00,x509,valid_active,1,5,UAV-VALID,ACCEPTED,ACCEPTED,True,1832400,1.8324,61700,128100,1458900,0,130600,3900,0,0,,,,none,MainThread,0,True,240,8,
n500-identities_c5-conc_mech-x509-1backend_valid-active_r30_audit-off_20260903T171859Z,obs_63fcace5aebf43279c612cb6f790c421,2026-09-03T17:18:59.679400+00:00,x509,valid_active,2,5,UAV-VALID,ACCEPTED,ACCEPTED,True,8751500,8.7515,50200,134600,8291100,0,199100,7500,0,0,,,,none,x509-valid_active_2,0,False,240,8,
n500-identities_c5-conc_mech-x509-1backend_valid-active_r30_audit-off_20260903T171859Z,obs_7a48cc6dffc8461d89d8222cbc03da3a,2026-09-03T17:18:59.682072+00:00,x509,valid_active,0,5,UAV-VALID,ACCEPTED,ACCEPTED,True,19812500,19.8125,36400,131200,19358100,0,184400,6000,0,0,,,,none,x509-valid_active_0,0,False,239,8,
n500-identities_c5-conc_mech-x509-1backend_valid-active_r30_audit-off_20260903T171859Z,obs_f6cecaf2fa0b4c1da707f7c682818014,2026-09-03T17:18:59.686448+00:00,x509,valid_active,1,5,UAV-VALID,ACCEPTED,ACCEPTED,True,11272500,11.2725,36500,111600,10735800,0,261400,7700,0,0,,,,none,x509-valid_active_1,0,False,238,8,
n500-identities_c5-conc_mech-x509-1backend_valid-active_r30_audit-off_20260903T171859Z,obs_f755cfc78b384524ac24310846f47322,2026-09-03T17:18:59.687019+00:00,x509,valid_active,3,5,UAV-VALID,ACCEPTED,ACCEPTED,True,12545500,12.5455,42000,127100,12044700,0,209300,5900,0,0,,,,none,x509-valid_active_3,0,False,239,8,
n500-identities_c5-conc_mech-x509-1backend_valid-active_r30_audit-off_20260903T171859Z,obs_25b157b9679246e3becc14f9c3fd8511,2026-09-03T17:18:59.707357+00:00,x509,valid_active,4,5,UAV-VALID,ACCEPTED,ACCEPTED,True,29456500,29.4565,50500,89700,29015900,0,219200,5300,0,0,,,,none,x509-valid_active_4,0,False,239,8,
n500-identities_c5-conc_mech-x509-1backend_valid-active_r30_audit-off_20260903T171859Z,obs_1a97bea220284aa8992e67ef67b79251,2026-09-03T17:18:59.728389+00:00,x509,valid_active,5,5,UAV-VALID,ACCEPTED,ACCEPTED,True,8739900,8.7399,49800,119700,8313100,0,163300,4700,0,0,,,,none,x509-valid_active_2,0,False,239,8,
n500-identities_c5-conc_mech-x509-1backend_valid-active_r30_audit-off_20260903T171859Z,obs_0b34c7bda5d14392b7ba0cc6bff855b6,2026-09-03T17:18:59.729027+00:00,x509,valid_active,8,5,UAV-VALID,ACCEPTED,ACCEPTED,True,5288300,5.2883,43100,76100,4894100,0,189700,5500,0,0,,,,none,x509-valid_active_3,0,False,239,8,
n500-identities_c5-conc_mech-x509-1backend_valid-active_r30_audit-off_20260903T171859Z,obs_5bacb90a2868405791e43a7491167856,2026-09-03T17:18:59.735990+00:00,x509,valid_active,7,5,UAV-VALID,ACCEPTED,ACCEPTED,True,10788500,10.7885,44800,77200,10456600,0,151400,5100,0,0,,,,none,x509-valid_active_1,0,False,239,8,
n500-identities_c5-conc_mech-x509-1backend_valid-active_r30_audit-off_20260903T171859Z,obs_47474d82d8a044a8b2ca154a34d7749a,2026-09-03T17:18:59.739062+00:00,x509,valid_active,6,5,UAV-VALID,ACCEPTED,ACCEPTED,True,14498000,14.498,35800,59400,14079000,0,230500,6300,0,0,,,,none,x509-valid_active_0,0,False,238,8,
n500-identities_c5-conc_mech-x509-1backend_valid-active_r30_audit-off_20260903T171859Z,obs_f9a60454c413429ba9d8a6dc9a49ac79,2026-09-03T17:18:59.759420+00:00,x509,valid_active,9,5,UAV-VALID,ACCEPTED,ACCEPTED,True,24452200,24.4522,44000,85300,24116300,0,151200,4200,0,0,,,,none,x509-valid_active_4,0,False,238,8,
n500-identities_c5-conc_mech-x509-1backend_valid-active_r30_audit-off_20260903T171859Z,obs_0beddb27809a46bdb28a18cd657a8df1,2026-09-03T17:18:59.773314+00:00,x509,valid_active,10,5,UAV-VALID,ACCEPTED,ACCEPTED,True,13547000,13.547,34800,54800,13176100,0,204500,6800,0,0,,,,none,x509-valid_active_2,0,False,239,8,
n500-identities_c5-conc_mech-x509-1backend_valid-active_r30_audit-off_20260903T171859Z,obs_b4a331297e9c4edfae5c7853c649c21c,2026-09-03T17:18:59.773950+00:00,x509,valid_active,13,5,UAV-VALID,ACCEPTED,ACCEPTED,True,12206400,12.2064,29200,301500,11680600,0,140500,3600,0,0,,,,none,x509-valid_active_0,0,False,238,8,
n500-identities_c5-conc_mech-x509-1backend_valid-active_r30_audit-off_20260903T171859Z,obs_54d590f1b9a64096a1915d922b594934,2026-09-03T17:18:59.774501+00:00,x509,valid_active,12,5,UAV-VALID,ACCEPTED,ACCEPTED,True,13068100,13.0681,25900,52900,12731400,0,179300,4400,0,0,,,,none,x509-valid_active_1,0,False,238,8,
n500-identities_c5-conc_mech-x509-1backend_valid-active_r30_audit-off_20260903T171859Z,obs_3cd42a992a1748c9b252746a0be5d970,2026-09-03T17:18:59.775826+00:00,x509,valid_active,11,5,UAV-VALID,ACCEPTED,ACCEPTED,True,14865600,14.8656,35300,77300,14562900,0,139300,2800,0,0,,,,none,x509-valid_active_3,0,False,239,8,
n500-identities_c5-conc_mech-x509-1backend_valid-active_r30_audit-off_20260903T171859Z,obs_53a538c8fa054078b87d1f695af89753,2026-09-03T17:18:59.794167+00:00,x509,valid_active,14,5,UAV-VALID,ACCEPTED,ACCEPTED,True,19362600,19.3626,45500,57500,19024700,0,176800,3900,0,0,,,,none,x509-valid_active_4,0,False,239,8,
n500-identities_c5-conc_mech-x509-1backend_valid-active_r30_audit-off_20260903T171859Z,obs_992ab7be44d74e2a974e1d4c043648d2,2026-09-03T17:18:59.804686+00:00,x509,valid_active,15,5,UAV-VALID,ACCEPTED,ACCEPTED,True,9852400,9.8524,36200,97400,9364000,0,243500,8100,0,0,,,,none,x509-valid_active_2,0,False,239,8,
n500-identities_c5-conc_mech-x509-1backend_valid-active_r30_audit-off_20260903T171859Z,obs_615875ecb6964c51b6177dfa4e463829,2026-09-03T17:18:59.815409+00:00,x509,valid_active,17,5,UAV-VALID,ACCEPTED,ACCEPTED,True,17579900,17.5799,125900,90900,16892000,0,413200,7700,0,0,,,,none,x509-valid_active_1,0,False,240,8,
n500-identities_c5-conc_mech-x509-1backend_valid-active_r30_audit-off_20260903T171859Z,obs_e8a391d14bc44c11ba5621d91a2849d1,2026-09-03T17:18:59.815960+00:00,x509,valid_active,16,5,UAV-VALID,ACCEPTED,ACCEPTED,True,12358000,12.358,36400,95700,11934900,0,194600,7100,0,0,,,,none,x509-valid_active_0,0,False,238,8,
n500-identities_c5-conc_mech-x509-1backend_valid-active_r30_audit-off_20260903T171859Z,obs_258b35ca04f0456ea817bf154acd2ebd,2026-09-03T17:18:59.824012+00:00,x509,valid_active,18,5,UAV-VALID,ACCEPTED,ACCEPTED,True,18111800,18.1118,42000,72300,17809600,0,141100,3200,0,0,,,,none,x509-valid_active_3,0,False,240,8,
n500-identities_c5-conc_mech-x509-1backend_valid-active_r30_audit-off_20260903T171859Z,obs_6bcc1d66e0d5460e8c80d1c112e79462,2026-09-03T17:18:59.836160+00:00,x509,valid_active,19,5,UAV-VALID,ACCEPTED,ACCEPTED,True,19577000,19.577,42400,60200,19309100,0,128200,3700,0,0,,,,none,x509-valid_active_4,0,False,240,8,
n500-identities_c5-conc_mech-x509-1backend_valid-active_r30_audit-off_20260903T171859Z,obs_57023978d03649a6afb112850d8ef1e2,2026-09-03T17:18:59.836618+00:00,x509,valid_active,20,5,UAV-VALID,ACCEPTED,ACCEPTED,True,8231300,8.2313,31600,69200,7945000,0,124300,4000,0,0,,,,none,x509-valid_active_2,0,False,240,8,
n500-identities_c5-conc_mech-x509-1backend_valid-active_r30_audit-off_20260903T171859Z,obs_39ccfb3ae0c248ffb62fb0bc416c7438,2026-09-03T17:18:59.844987+00:00,x509,valid_active,22,5,UAV-VALID,ACCEPTED,ACCEPTED,True,11309000,11.309,70200,50500,11009700,0,150100,3700,0,0,,,,none,x509-valid_active_0,0,False,240,8,
n500-identities_c5-conc_mech-x509-1backend_valid-active_r30_audit-off_20260903T171859Z,obs_f85cc69585c641d3a287f33ce10dfe0f,2026-09-03T17:18:59.847797+00:00,x509,valid_active,21,5,UAV-VALID,ACCEPTED,ACCEPTED,True,13456900,13.4569,32400,44200,13166700,0,156100,4100,0,0,,,,none,x509-valid_active_1,0,False,238,8,
n500-identities_c5-conc_mech-x509-1backend_valid-active_r30_audit-off_20260903T171859Z,obs_0df036ffe3a1406288da4843223d3296,2026-09-03T17:18:59.859909+00:00,x509,valid_active,23,5,UAV-VALID,ACCEPTED,ACCEPTED,True,11867200,11.8672,25400,56100,11573000,0,151000,3400,0,0,,,,none,x509-valid_active_3,0,False,239,8,
n500-identities_c5-conc_mech-x509-1backend_valid-active_r30_audit-off_20260903T171859Z,obs_7b5724b56aaf422497d94de219a19059,2026-09-03T17:18:59.863446+00:00,x509,valid_active,24,5,UAV-VALID,ACCEPTED,ACCEPTED,True,7556300,7.5563,28000,72500,7036100,0,244100,9000,0,0,,,,none,x509-valid_active_4,0,False,239,8,
n500-identities_c5-conc_mech-x509-1backend_valid-active_r30_audit-off_20260903T171859Z,obs_67a54bf2abf847a68a0813caaea775c8,2026-09-03T17:18:59.864794+00:00,x509,valid_active,25,5,UAV-VALID,ACCEPTED,ACCEPTED,True,8524800,8.5248,27400,44300,8266900,0,135600,3700,0,0,,,,none,x509-valid_active_2,0,False,239,8,
n500-identities_c5-conc_mech-x509-1backend_valid-active_r30_audit-off_20260903T171859Z,obs_ddd98776d2824601807b3552b67afaad,2026-09-03T17:18:59.870894+00:00,x509,valid_active,26,5,UAV-VALID,ACCEPTED,ACCEPTED,True,10091100,10.0911,29500,67600,9799100,0,138000,3600,0,0,,,,none,x509-valid_active_0,0,False,240,8,
n500-identities_c5-conc_mech-x509-1backend_valid-active_r30_audit-off_20260903T171859Z,obs_814da7f7bbf14a25b879f63cbb4fbea9,2026-09-03T17:18:59.871913+00:00,x509,valid_active,27,5,UAV-VALID,ACCEPTED,ACCEPTED,True,9420100,9.4201,25400,71700,9143200,0,125000,2900,0,0,,,,none,x509-valid_active_1,0,False,239,8,
n500-identities_c5-conc_mech-x509-1backend_valid-active_r30_audit-off_20260903T171859Z,obs_b467843fe5724a98becfbe733e87df64,2026-09-03T17:18:59.876381+00:00,x509,valid_active,28,5,UAV-VALID,ACCEPTED,ACCEPTED,True,2197300,2.1973,24200,79800,1914000,0,119500,3500,0,0,,,,none,x509-valid_active_3,0,False,239,8,
n500-identities_c5-conc_mech-x509-1backend_valid-active_r30_audit-off_20260903T171859Z,obs_49d09a9b92a44cf8b61a63661d896669,2026-09-03T17:18:59.877367+00:00,x509,valid_active,29,5,UAV-VALID,ACCEPTED,ACCEPTED,True,2235100,2.2351,33500,57100,1957800,0,133300,3500,0,0,,,,none,x509-valid_active_4,0,False,239,8,
n500-identities_c5-conc_mech-blockchain-1backend_valid-active_r30_audit-off_20260903T171900Z,obs_036daf1857804e0d883f80932be79d9a,2026-09-03T17:19:01.123059+00:00,blockchain,valid_active,0,5,UAV-VALID,ACCEPTED,ACCEPTED,True,19966500,19.9665,40000,19675600,0,3800,190100,4400,0,0,,,,none,MainThread,0,True,239,8,
n500-identities_c5-conc_mech-blockchain-1backend_valid-active_r30_audit-off_20260903T171900Z,obs_f85882aa972345a086233757e13cb9f4,2026-09-03T17:19:01.152766+00:00,blockchain,valid_active,1,5,UAV-VALID,ACCEPTED,ACCEPTED,True,18859200,18.8592,79700,18411100,0,4900,266600,7300,0,0,,,,none,MainThread,0,True,239,8,
n500-identities_c5-conc_mech-blockchain-1backend_valid-active_r30_audit-off_20260903T171900Z,obs_347399bd1d4c4d1b854a4eeacf7602f4,2026-09-03T17:19:01.237396+00:00,blockchain,valid_active,0,5,UAV-VALID,ACCEPTED,ACCEPTED,True,60606400,60.6064,37300,60346900,0,3500,162200,4200,0,0,,,,none,blockchain-valid_active_0,0,False,239,8,
n500-identities_c5-conc_mech-blockchain-1backend_valid-active_r30_audit-off_20260903T171900Z,obs_6715fb9bced84ca8bf08567fef0720d1,2026-09-03T17:19:01.246995+00:00,blockchain,valid_active,1,5,UAV-VALID,ACCEPTED,ACCEPTED,True,68743800,68.7438,31300,68366000,0,5100,224000,8300,0,0,,,,none,blockchain-valid_active_1,0,False,239,8,
n500-identities_c5-conc_mech-blockchain-1backend_valid-active_r30_audit-off_20260903T171900Z,obs_3aa15e98b45c486abdd8176878a58d65,2026-09-03T17:19:01.257563+00:00,blockchain,valid_active,3,5,UAV-VALID,ACCEPTED,ACCEPTED,True,74613900,74.6139,36600,74307200,0,3400,194000,6600,0,0,,,,none,blockchain-valid_active_3,0,False,238,8,
n500-identities_c5-conc_mech-blockchain-1backend_valid-active_r30_audit-off_20260903T171900Z,obs_4a8ddc6904be4eb09deadca47d8d04ea,2026-09-03T17:19:01.262367+00:00,blockchain,valid_active,2,5,UAV-VALID,ACCEPTED,ACCEPTED,True,74339000,74.339,34700,73980000,0,3300,218200,7900,0,0,,,,none,blockchain-valid_active_2,0,False,240,8,
n500-identities_c5-conc_mech-blockchain-1backend_valid-active_r30_audit-off_20260903T171900Z,obs_a92f60ed74df4d6c930679c23fb6e866,2026-09-03T17:19:01.266200+00:00,blockchain,valid_active,4,5,UAV-VALID,ACCEPTED,ACCEPTED,True,72195700,72.1957,29900,71938800,0,2600,162400,3800,0,0,,,,none,blockchain-valid_active_4,0,False,240,8,
n500-identities_c5-conc_mech-blockchain-1backend_valid-active_r30_audit-off_20260903T171900Z,obs_8b88f6b277914b09b05ec090a123eb5a,2026-09-03T17:19:01.335795+00:00,blockchain,valid_active,5,5,UAV-VALID,ACCEPTED,ACCEPTED,True,76993400,76.9934,41500,76591100,0,4700,259800,6000,0,0,,,,none,blockchain-valid_active_0,0,False,239,8,
n500-identities_c5-conc_mech-blockchain-1backend_valid-active_r30_audit-off_20260903T171900Z,obs_5728488df8574b58ac84d77e5dfcb5bc,2026-09-03T17:19:01.360883+00:00,blockchain,valid_active,6,5,UAV-VALID,ACCEPTED,ACCEPTED,True,91423400,91.4234,32300,91117000,0,4700,195400,6500,0,0,,,,none,blockchain-valid_active_1,0,False,238,8,
n500-identities_c5-conc_mech-blockchain-1backend_valid-active_r30_audit-off_20260903T171900Z,obs_161eed5dd3324085991726c3110ff96f,2026-09-03T17:19:01.366607+00:00,blockchain,valid_active,8,5,UAV-VALID,ACCEPTED,ACCEPTED,True,74785300,74.7853,57400,74371200,0,5900,251200,6300,0,0,,,,none,blockchain-valid_active_2,0,False,240,8,
n500-identities_c5-conc_mech-blockchain-1backend_valid-active_r30_audit-off_20260903T171900Z,obs_d8bdfedcefbd4cad8d0804f760fe85d0,2026-09-03T17:19:01.378411+00:00,blockchain,valid_active,7,5,UAV-VALID,ACCEPTED,ACCEPTED,True,93252800,93.2528,61200,92832300,0,4800,272600,6000,0,0,,,,none,blockchain-valid_active_3,0,False,239,8,
n500-identities_c5-conc_mech-blockchain-1backend_valid-active_r30_audit-off_20260903T171900Z,obs_bb4da5c765c5485c98aaac33f37ebd50,2026-09-03T17:19:01.381348+00:00,blockchain,valid_active,9,5,UAV-VALID,ACCEPTED,ACCEPTED,True,84402800,84.4028,97700,84005900,0,4900,241900,5900,0,0,,,,none,blockchain-valid_active_4,0,False,240,8,
n500-identities_c5-conc_mech-blockchain-1backend_valid-active_r30_audit-off_20260903T171900Z,obs_9b5c20dd6d474d2bb80bdc54e8e3b443,2026-09-03T17:19:01.428385+00:00,blockchain,valid_active,10,5,UAV-VALID,ACCEPTED,ACCEPTED,True,72107500,72.1075,56100,71823100,0,4200,161500,5700,0,0,,,,none,blockchain-valid_active_0,0,False,239,8,
n500-identities_c5-conc_mech-blockchain-1backend_valid-active_r30_audit-off_20260903T171900Z,obs_236da0df0f1c4956ae8df516a0f2509d,2026-09-03T17:19:01.457527+00:00,blockchain,valid_active,11,5,UAV-VALID,ACCEPTED,ACCEPTED,True,64875000,64.875,42800,64608700,0,2900,162600,3700,0,0,,,,none,blockchain-valid_active_1,0,False,238,8,
n500-identities_c5-conc_mech-blockchain-1backend_valid-active_r30_audit-off_20260903T171900Z,obs_ac4d5d178e5640edac35d7138a939566,2026-09-03T17:19:01.467485+00:00,blockchain,valid_active,12,5,UAV-VALID,ACCEPTED,ACCEPTED,True,72991100,72.9911,30800,72735200,0,3700,160200,3800,0,0,,,,none,blockchain-valid_active_2,0,False,240,8,
n500-identities_c5-conc_mech-blockchain-1backend_valid-active_r30_audit-off_20260903T171900Z,obs_39b6f49bd3d14b41a5ae215fb1d41a47,2026-09-03T17:19:01.469789+00:00,blockchain,valid_active,13,5,UAV-VALID,ACCEPTED,ACCEPTED,True,66753600,66.7536,35400,66524800,0,2300,147900,3300,0,0,,,,none,blockchain-valid_active_3,0,False,239,8,
n500-identities_c5-conc_mech-blockchain-1backend_valid-active_r30_audit-off_20260903T171900Z,obs_f51d602ca1534b8382ef1d1ea5829b18,2026-09-03T17:19:01.483589+00:00,blockchain,valid_active,14,5,UAV-VALID,ACCEPTED,ACCEPTED,True,74992400,74.9924,28000,74732500,0,3200,162500,5200,0,0,,,,none,blockchain-valid_active_4,0,False,240,8,
n500-identities_c5-conc_mech-blockchain-1backend_valid-active_r30_audit-off_20260903T171900Z,obs_dcf1bc5e928f434492b64b7105e16790,2026-09-03T17:19:01.518202+00:00,blockchain,valid_active,15,5,UAV-VALID,ACCEPTED,ACCEPTED,True,68548000,68.548,46000,68267600,0,3200,167400,4300,0,0,,,,none,blockchain-valid_active_0,0,False,238,8,
n500-identities_c5-conc_mech-blockchain-1backend_valid-active_r30_audit-off_20260903T171900Z,obs_bc530f1928584f12a06538678241bc11,2026-09-03T17:19:01.563599+00:00,blockchain,valid_active,18,5,UAV-VALID,ACCEPTED,ACCEPTED,True,68464500,68.4645,43600,68028100,0,5500,263700,9200,0,0,,,,none,blockchain-valid_active_3,0,False,239,8,
n500-identities_c5-conc_mech-blockchain-1backend_valid-active_r30_audit-off_20260903T171900Z,obs_b58633896e9b466f80cc0cc3c2e7a1ea,2026-09-03T17:19:01.566191+00:00,blockchain,valid_active,16,5,UAV-VALID,ACCEPTED,ACCEPTED,True,78070900,78.0709,44500,77796100,0,2600,166800,5200,0,0,,,,none,blockchain-valid_active_1,0,False,239,8,
n500-identities_c5-conc_mech-blockchain-1backend_valid-active_r30_audit-off_20260903T171900Z,obs_e3548bc6bae44880b393f2616490306e,2026-09-03T17:19:01.608337+00:00,blockchain,valid_active,17,5,UAV-VALID,ACCEPTED,ACCEPTED,True,110885200,110.8852,45200,110619800,0,3200,158700,3700,0,0,,,,none,blockchain-valid_active_2,0,False,238,8,
n500-identities_c5-conc_mech-blockchain-1backend_valid-active_r30_audit-off_20260903T171900Z,obs_b5fd314e3d594055825aeeabd92ab5f2,2026-09-03T17:19:01.622508+00:00,blockchain,valid_active,19,5,UAV-VALID,ACCEPTED,ACCEPTED,True,114688900,114.6889,33100,114281100,0,4500,254800,7400,0,0,,,,none,blockchain-valid_active_4,0,False,239,8,
n500-identities_c5-conc_mech-blockchain-1backend_valid-active_r30_audit-off_20260903T171900Z,obs_7971228a632544098cf5a30a1004a5d6,2026-09-03T17:19:01.649778+00:00,blockchain,valid_active,20,5,UAV-VALID,ACCEPTED,ACCEPTED,True,110807500,110.8075,41900,110380000,0,6200,263000,8700,0,0,,,,none,blockchain-valid_active_0,0,False,239,8,
n500-identities_c5-conc_mech-blockchain-1backend_valid-active_r30_audit-off_20260903T171900Z,obs_db095f7941494e2abb56a8fa2e7cea58,2026-09-03T17:19:01.697679+00:00,blockchain,valid_active,21,5,UAV-VALID,ACCEPTED,ACCEPTED,True,112274800,112.2748,62500,111772200,0,5600,324400,8200,0,0,,,,none,blockchain-valid_active_3,0,False,240,8,
n500-identities_c5-conc_mech-blockchain-1backend_valid-active_r30_audit-off_20260903T171900Z,obs_11c0dd32e928407f91aad30edf4cafc9,2026-09-03T17:19:01.720137+00:00,blockchain,valid_active,22,5,UAV-VALID,ACCEPTED,ACCEPTED,True,110457000,110.457,35400,110048200,0,5800,260000,7200,0,0,,,,none,blockchain-valid_active_1,0,False,239,8,
n500-identities_c5-conc_mech-blockchain-1backend_valid-active_r30_audit-off_20260903T171900Z,obs_ac261dd80e524925a11cdede672368b3,2026-09-03T17:19:01.743314+00:00,blockchain,valid_active,23,5,UAV-VALID,ACCEPTED,ACCEPTED,True,102286000,102.286,48200,101870600,0,4700,250000,5800,0,0,,,,none,blockchain-valid_active_2,0,False,238,8,
n500-identities_c5-conc_mech-blockchain-1backend_valid-active_r30_audit-off_20260903T171900Z,obs_e23b544d704a499b8356075d0783acfc,2026-09-03T17:19:01.746647+00:00,blockchain,valid_active,24,5,UAV-VALID,ACCEPTED,ACCEPTED,True,95137500,95.1375,44800,94696400,0,6200,251200,8000,0,0,,,,none,blockchain-valid_active_4,0,False,239,8,
n500-identities_c5-conc_mech-blockchain-1backend_valid-active_r30_audit-off_20260903T171900Z,obs_9697a7ce903f417ebb036f9b5f7aab60,2026-09-03T17:19:01.772891+00:00,blockchain,valid_active,25,5,UAV-VALID,ACCEPTED,ACCEPTED,True,95754100,95.7541,67000,95392400,0,3500,178000,5200,0,0,,,,none,blockchain-valid_active_0,0,False,238,8,
n500-identities_c5-conc_mech-blockchain-1backend_valid-active_r30_audit-off_20260903T171900Z,obs_ce4c6d2323bd400685886bf667d377b2,2026-09-03T17:19:01.793397+00:00,blockchain,valid_active,26,5,UAV-VALID,ACCEPTED,ACCEPTED,True,72028500,72.0285,43800,71777900,0,2600,152100,3200,0,0,,,,none,blockchain-valid_active_3,0,False,239,8,
n500-identities_c5-conc_mech-blockchain-1backend_valid-active_r30_audit-off_20260903T171900Z,obs_914f08e7d3dc40daacd02f8df87a0941,2026-09-03T17:19:01.810477+00:00,blockchain,valid_active,27,5,UAV-VALID,ACCEPTED,ACCEPTED,True,58802600,58.8026,55000,58379100,0,4500,262700,8200,0,0,,,,none,blockchain-valid_active_1,0,False,239,8,
n500-identities_c5-conc_mech-blockchain-1backend_valid-active_r30_audit-off_20260903T171900Z,obs_28868053625f46adb8232a566dd30678,2026-09-03T17:19:01.819138+00:00,blockchain,valid_active,29,5,UAV-VALID,ACCEPTED,ACCEPTED,True,36768500,36.7685,59700,36374800,0,5900,235400,6400,0,0,,,,none,blockchain-valid_active_4,0,False,238,8,
n500-identities_c5-conc_mech-blockchain-1backend_valid-active_r30_audit-off_20260903T171900Z,obs_dc25369285e34439879a6ef78c1d3ce2,2026-09-03T17:19:01.824349+00:00,blockchain,valid_active,28,5,UAV-VALID,ACCEPTED,ACCEPTED,True,46489400,46.4894,35000,46219800,0,3400,166300,4800,0,0,,,,none,blockchain-valid_active_2,0,False,239,8,
n500-identities_c10-conc_mech-x509-1backend_valid-active_r30_audit-off_20260903T171902Z,obs_889f902797ce4de7a545e2c5fb3df8d8,2026-09-03T17:19:02.933599+00:00,x509,valid_active,0,10,UAV-VALID,ACCEPTED,ACCEPTED,True,1504100,1.5041,36900,90300,1196700,0,128500,3300,0,0,,,,none,MainThread,0,True,239,8,
n500-identities_c10-conc_mech-x509-1backend_valid-active_r30_audit-off_20260903T171902Z,obs_99e2a72ff24a43d2a585b9e637f33334,2026-09-03T17:19:02.941659+00:00,x509,valid_active,1,10,UAV-VALID,ACCEPTED,ACCEPTED,True,1086400,1.0864,30700,59000,833900,0,124000,3500,0,0,,,,none,MainThread,0,True,239,8,
n500-identities_c10-conc_mech-x509-1backend_valid-active_r30_audit-off_20260903T171902Z,obs_51926ed950734964aa348f0724dbbf20,2026-09-03T17:19:02.986950+00:00,x509,valid_active,1,10,UAV-VALID,ACCEPTED,ACCEPTED,True,21778300,21.7783,30200,122800,21403500,0,138400,4000,0,0,,,,none,x509-valid_active_1,0,False,239,8,
n500-identities_c10-conc_mech-x509-1backend_valid-active_r30_audit-off_20260903T171902Z,obs_6685f3e1ce3444ed8a1248fc55707790,2026-09-03T17:19:02.996832+00:00,x509,valid_active,2,10,UAV-VALID,ACCEPTED,ACCEPTED,True,30882800,30.8828,29000,77800,30487700,0,190800,4000,0,0,,,,none,x509-valid_active_2,0,False,238,8,
n500-identities_c10-conc_mech-x509-1backend_valid-active_r30_audit-off_20260903T171902Z,obs_eba1306ecbd3478098ae7470a2b2fb76,2026-09-03T17:19:03.002653+00:00,x509,valid_active,0,10,UAV-VALID,ACCEPTED,ACCEPTED,True,33987600,33.9876,33800,95900,33625400,0,164500,4200,0,0,,,,none,x509-valid_active_0,0,False,239,8,
n500-identities_c10-conc_mech-x509-1backend_valid-active_r30_audit-off_20260903T171902Z,obs_577988f1e20149638cd2d2a967000870,2026-09-03T17:19:03.008465+00:00,x509,valid_active,4,10,UAV-VALID,ACCEPTED,ACCEPTED,True,19066200,19.0662,66000,73900,18562300,0,269500,8200,0,0,,,,none,x509-valid_active_4,0,False,238,8,
n500-identities_c10-conc_mech-x509-1backend_valid-active_r30_audit-off_20260903T171902Z,obs_4338e04e5557407f95934033481d7666,2026-09-03T17:19:03.036314+00:00,x509,valid_active,6,10,UAV-VALID,ACCEPTED,ACCEPTED,True,40982700,40.9827,29500,122700,40541900,0,203500,4600,0,0,,,,none,x509-valid_active_6,0,False,240,8,
n500-identities_c10-conc_mech-x509-1backend_valid-active_r30_audit-off_20260903T171902Z,obs_2d0f2072257044e6a34e9e8e429dfea0,2026-09-03T17:19:03.039591+00:00,x509,valid_active,5,10,UAV-VALID,ACCEPTED,ACCEPTED,True,42438300,42.4383,30200,82900,42136400,0,134600,3400,0,0,,,,none,x509-valid_active_5,0,False,238,8,
n500-identities_c10-conc_mech-x509-1backend_valid-active_r30_audit-off_20260903T171902Z,obs_a0b06c1a7ecb4a7e96d3047db25d8e92,2026-09-03T17:19:03.042529+00:00,x509,valid_active,3,10,UAV-VALID,ACCEPTED,ACCEPTED,True,38936700,38.9367,24900,129300,38414600,0,261900,6500,0,0,,,,none,x509-valid_active_3,0,False,239,8,
n500-identities_c10-conc_mech-x509-1backend_valid-active_r30_audit-off_20260903T171902Z,obs_a9823ea7d1864ccf9b77d3ef0a7a0568,2026-09-03T17:19:03.054498+00:00,x509,valid_active,8,10,UAV-VALID,ACCEPTED,ACCEPTED,True,20455700,20.4557,46100,79800,20168600,0,124400,4600,0,0,,,,none,x509-valid_active_8,0,False,238,8,
n500-identities_c10-conc_mech-x509-1backend_valid-active_r30_audit-off_20260903T171902Z,obs_14f2f31c1a9a4f8cb631f1026b63f9e8,2026-09-03T17:19:03.057776+00:00,x509,valid_active,10,10,UAV-VALID,ACCEPTED,ACCEPTED,True,16626500,16.6265,35300,45400,16336000,0,146700,4700,0,0,,,,none,x509-valid_active_1,0,False,239,8,
n500-identities_c10-conc_mech-x509-1backend_valid-active_r30_audit-off_20260903T171902Z,obs_e352625a8e344128b5322fbc67a0b674,2026-09-03T17:19:03.058363+00:00,x509,valid_active,9,10,UAV-VALID,ACCEPTED,ACCEPTED,True,34934300,34.9343,39900,84000,34549400,0,181500,5400,0,0,,,,none,x509-valid_active_9,0,False,240,8,
n500-identities_c10-conc_mech-x509-1backend_valid-active_r30_audit-off_20260903T171902Z,obs_5b48176408b947d8aba1cd849445c664,2026-09-03T17:19:03.059068+00:00,x509,valid_active,7,10,UAV-VALID,ACCEPTED,ACCEPTED,True,29519100,29.5191,47200,597200,28575600,0,188000,4900,0,0,,,,none,x509-valid_active_7,0,False,240,8,
n500-identities_c10-conc_mech-x509-1backend_valid-active_r30_audit-off_20260903T171902Z,obs_9d145db2f9a94bb799606f1af368291f,2026-09-03T17:19:03.084562+00:00,x509,valid_active,13,10,UAV-VALID,ACCEPTED,ACCEPTED,True,36823500,36.8235,29300,54400,36499100,0,149100,4600,0,0,,,,none,x509-valid_active_4,0,False,239,8,
n500-identities_c10-conc_mech-x509-1backend_valid-active_r30_audit-off_20260903T171902Z,obs_d3dc05a842714b968619307cdf79c482,2026-09-03T17:19:03.084963+00:00,x509,valid_active,12,10,UAV-VALID,ACCEPTED,ACCEPTED,True,35797100,35.7971,25500,44500,35552900,0,126300,3100,0,0,,,,none,x509-valid_active_0,0,False,238,8,
n500-identities_c10-conc_mech-x509-1backend_valid-active_r30_audit-off_20260903T171902Z,obs_fd09137b3cb64446b52c6ef192462d24,2026-09-03T17:19:03.085814+00:00,x509,valid_active,11,10,UAV-VALID,ACCEPTED,ACCEPTED,True,33266700,33.2667,39000,56400,32990100,0,137300,3700,0,0,,,,none,x509-valid_active_2,0,False,239,8,
n500-identities_c10-conc_mech-x509-1backend_valid-active_r30_audit-off_20260903T171902Z,obs_3bdc589e384f4000a04128f7db165c9a,2026-09-03T17:19:03.094417+00:00,x509,valid_active,14,10,UAV-VALID,ACCEPTED,ACCEPTED,True,32074800,32.0748,53200,116400,31653800,0,176300,5600,0,0,,,,none,x509-valid_active_6,0,False,239,8,
n500-identities_c10-conc_mech-x509-1backend_valid-active_r30_audit-off_20260903T171902Z,obs_ca936c36f2c9479c9716531079fa4ddf,2026-09-03T17:19:03.100619+00:00,x509,valid_active,15,10,UAV-VALID,ACCEPTED,ACCEPTED,True,23446300,23.4463,52800,69800,23121100,0,159400,3800,0,0,,,,none,x509-valid_active_5,0,False,239,8,
n500-identities_c10-conc_mech-x509-1backend_valid-active_r30_audit-off_20260903T171902Z,obs_5bb9ff89422b4ccebfc2f333c649b473,2026-09-03T17:19:03.118309+00:00,x509,valid_active,20,10,UAV-VALID,ACCEPTED,ACCEPTED,True,21925900,21.9259,24100,81800,21610700,0,140900,5000,0,0,,,,none,x509-valid_active_7,0,False,238,8,
n500-identities_c10-conc_mech-x509-1backend_valid-active_r30_audit-off_20260903T171902Z,obs_0d665ffe37af4e8bb80e695b640ddf46,2026-09-03T17:19:03.119782+00:00,x509,valid_active,17,10,UAV-VALID,ACCEPTED,ACCEPTED,True,16922500,16.9225,25100,52500,16597200,0,198800,4200,0,0,,,,none,x509-valid_active_8,0,False,239,8,
n500-identities_c10-conc_mech-x509-1backend_valid-active_r30_audit-off_20260903T171902Z,obs_368e71cfde8f4babbdb62b6a74f63d9c,2026-09-03T17:19:03.124709+00:00,x509,valid_active,16,10,UAV-VALID,ACCEPTED,ACCEPTED,True,30981100,30.9811,40600,54800,30726300,0,121000,2800,0,0,,,,none,x509-valid_active_3,0,False,238,8,
n500-identities_c10-conc_mech-x509-1backend_valid-active_r30_audit-off_20260903T171902Z,obs_45903e452eaf4243bd66a75c31041d71,2026-09-03T17:19:03.130997+00:00,x509,valid_active,18,10,UAV-VALID,ACCEPTED,ACCEPTED,True,27066900,27.0669,73000,87200,26697900,0,166100,4500,0,0,,,,none,x509-valid_active_1,0,False,238,8,
n500-identities_c10-conc_mech-x509-1backend_valid-active_r30_audit-off_20260903T171902Z,obs_a1d2d5adf07e4cee98fea8f18215d8fe,2026-09-03T17:19:03.132709+00:00,x509,valid_active,19,10,UAV-VALID,ACCEPTED,ACCEPTED,True,22041300,22.0413,30900,66400,21759700,0,131500,3300,0,0,,,,none,x509-valid_active_9,0,False,239,8,
n500-identities_c10-conc_mech-x509-1backend_valid-active_r30_audit-off_20260903T171902Z,obs_4b73bc138720491b97d92b3926251b3b,2026-09-03T17:19:03.144937+00:00,x509,valid_active,21,10,UAV-VALID,ACCEPTED,ACCEPTED,True,26303900,26.3039,32000,47300,25864000,0,246700,9000,0,0,,,,none,x509-valid_active_4,0,False,239,8,
n500-identities_c10-conc_mech-x509-1backend_valid-active_r30_audit-off_20260903T171902Z,obs_d65fea2b9efc4920afc64a3f9b46c72b,2026-09-03T17:19:03.146087+00:00,x509,valid_active,23,10,UAV-VALID,ACCEPTED,ACCEPTED,True,22907400,22.9074,24600,57300,22439600,0,260300,7200,0,0,,,,none,x509-valid_active_2,0,False,240,8,
n500-identities_c10-conc_mech-x509-1backend_valid-active_r30_audit-off_20260903T171902Z,obs_062baacd487247cc8e87dc9ffde4b43d,2026-09-03T17:19:03.152973+00:00,x509,valid_active,22,10,UAV-VALID,ACCEPTED,ACCEPTED,True,29283700,29.2837,33300,59300,28942600,0,178700,4800,0,0,,,,none,x509-valid_active_0,0,False,239,8,
n500-identities_c10-conc_mech-x509-1backend_valid-active_r30_audit-off_20260903T171902Z,obs_904b456c7cd245e59ecaf03d8af5fcb1,2026-09-03T17:19:03.156586+00:00,x509,valid_active,25,10,UAV-VALID,ACCEPTED,ACCEPTED,True,15125100,15.1251,24400,87000,14729400,0,193000,4800,0,0,,,,none,x509-valid_active_5,0,False,239,8,
n500-identities_c10-conc_mech-x509-1backend_valid-active_r30_audit-off_20260903T171902Z,obs_9c1db336b1794efca4af16a7dd99d962,2026-09-03T17:19:03.157195+00:00,x509,valid_active,24,10,UAV-VALID,ACCEPTED,ACCEPTED,True,25226400,25.2264,29400,48500,24990900,0,117700,3000,0,0,,,,none,x509-valid_active_6,0,False,239,8,
n500-identities_c10-conc_mech-x509-1backend_valid-active_r30_audit-off_20260903T171902Z,obs_273e14bf4e464162b8fc4dd5d6f999b3,2026-09-03T17:19:03.158757+00:00,x509,valid_active,26,10,UAV-VALID,ACCEPTED,ACCEPTED,True,4352400,4.3524,39100,80100,3967300,0,185000,4300,0,0,,,,none,x509-valid_active_7,0,False,240,8,
n500-identities_c10-conc_mech-x509-1backend_valid-active_r30_audit-off_20260903T171902Z,obs_f8a399362cb741659a201990613c0234,2026-09-03T17:19:03.160707+00:00,x509,valid_active,28,10,UAV-VALID,ACCEPTED,ACCEPTED,True,3254000,3.254,24300,41800,3010200,0,129100,5100,0,0,,,,none,x509-valid_active_3,0,False,240,8,
n500-identities_c10-conc_mech-x509-1backend_valid-active_r30_audit-off_20260903T171902Z,obs_b63f48c17ba74b85b4b1f7084986c8a5,2026-09-03T17:19:03.161128+00:00,x509,valid_active,29,10,UAV-VALID,ACCEPTED,ACCEPTED,True,5094100,5.0941,32100,50800,4783800,0,164800,4200,0,0,,,,none,x509-valid_active_1,0,False,240,8,
n500-identities_c10-conc_mech-x509-1backend_valid-active_r30_audit-off_20260903T171902Z,obs_10ccca60a93c49c386f260fbf59ce5cd,2026-09-03T17:19:03.161541+00:00,x509,valid_active,27,10,UAV-VALID,ACCEPTED,ACCEPTED,True,4745800,4.7458,52100,48700,4446400,0,163800,4900,0,0,,,,none,x509-valid_active_8,0,False,239,8,
n500-identities_c10-conc_mech-blockchain-1backend_valid-active_r30_audit-off_20260903T171904Z,obs_3b4e1622160e4831a8f0aaa26f1579a8,2026-09-03T17:19:04.336416+00:00,blockchain,valid_active,0,10,UAV-VALID,ACCEPTED,ACCEPTED,True,19740700,19.7407,38500,19482300,0,2800,162500,3500,0,0,,,,none,MainThread,0,True,239,8,
n500-identities_c10-conc_mech-blockchain-1backend_valid-active_r30_audit-off_20260903T171904Z,obs_5220873bc95545b6a761b884bb39ea17,2026-09-03T17:19:04.365675+00:00,blockchain,valid_active,1,10,UAV-VALID,ACCEPTED,ACCEPTED,True,18810300,18.8103,40600,18496900,0,3800,186100,4300,0,0,,,,none,MainThread,0,True,240,8,
n500-identities_c10-conc_mech-blockchain-1backend_valid-active_r30_audit-off_20260903T171904Z,obs_d0ada7047d034b83a8101da2e05bf25b,2026-09-03T17:19:04.531325+00:00,blockchain,valid_active,0,10,UAV-VALID,ACCEPTED,ACCEPTED,True,151146500,151.1465,48300,150728400,0,5100,251100,7900,0,0,,,,none,blockchain-valid_active_0,0,False,239,8,
n500-identities_c10-conc_mech-blockchain-1backend_valid-active_r30_audit-off_20260903T171904Z,obs_451aee726589443a89af96dc69a6d683,2026-09-03T17:19:04.575458+00:00,blockchain,valid_active,2,10,UAV-VALID,ACCEPTED,ACCEPTED,True,169378700,169.3787,44000,168955500,0,5600,259200,9100,0,0,,,,none,blockchain-valid_active_2,0,False,239,8,
n500-identities_c10-conc_mech-blockchain-1backend_valid-active_r30_audit-off_20260903T171904Z,obs_e6ce9e44f38f48c8928fa05c57b7f7cb,2026-09-03T17:19:04.583074+00:00,blockchain,valid_active,6,10,UAV-VALID,ACCEPTED,ACCEPTED,True,159047000,159.047,35400,158637100,0,5100,248900,8300,0,0,,,,none,blockchain-valid_active_6,0,False,240,8,
n500-identities_c10-conc_mech-blockchain-1backend_valid-active_r30_audit-off_20260903T171904Z,obs_04d40f1c365847199ffc5385de78c37a,2026-09-03T17:19:04.590447+00:00,blockchain,valid_active,3,10,UAV-VALID,ACCEPTED,ACCEPTED,True,170575300,170.5753,41900,170261600,0,3500,203400,4800,0,0,,,,none,blockchain-valid_active_3,0,False,239,8,
n500-identities_c10-conc_mech-blockchain-1backend_valid-active_r30_audit-off_20260903T171904Z,obs_c0f68cbe02ca4ab795caae9f9cff2daa,2026-09-03T17:19:04.601610+00:00,blockchain,valid_active,1,10,UAV-VALID,ACCEPTED,ACCEPTED,True,207617900,207.6179,46100,207181600,0,3700,269600,7500,0,0,,,,none,blockchain-valid_active_1,0,False,238,8,
n500-identities_c10-conc_mech-blockchain-1backend_valid-active_r30_audit-off_20260903T171904Z,obs_dedc1034a77c43e5b824af4a47dad8ec,2026-09-03T17:19:04.624529+00:00,blockchain,valid_active,7,10,UAV-VALID,ACCEPTED,ACCEPTED,True,172957800,172.9578,32000,172557200,0,5000,245000,8000,0,0,,,,none,blockchain-valid_active_7,0,False,239,8,
n500-identities_c10-conc_mech-blockchain-1backend_valid-active_r30_audit-off_20260903T171904Z,obs_d0883ef0993c49f88485800a233aecdd,2026-09-03T17:19:04.635528+00:00,blockchain,valid_active,5,10,UAV-VALID,ACCEPTED,ACCEPTED,True,185269700,185.2697,35600,184992500,0,3200,176000,4000,0,0,,,,none,blockchain-valid_active_5,0,False,240,8,
n500-identities_c10-conc_mech-blockchain-1backend_valid-active_r30_audit-off_20260903T171904Z,obs_ae044403dc684f3cb97154b29fedf38f,2026-09-03T17:19:04.647923+00:00,blockchain,valid_active,9,10,UAV-VALID,ACCEPTED,ACCEPTED,True,189507300,189.5073,32900,189234300,0,3400,173800,4900,0,0,,,,none,blockchain-valid_active_9,0,False,238,8,
n500-identities_c10-conc_mech-blockchain-1backend_valid-active_r30_audit-off_20260903T171904Z,obs_723b6206cb824fe2a27befe468686f66,2026-09-03T17:19:04.656581+00:00,blockchain,valid_active,4,10,UAV-VALID,ACCEPTED,ACCEPTED,True,214118200,214.1182,45100,213863400,0,2600,155600,3800,0,0,,,,none,blockchain-valid_active_4,0,False,239,8,
n500-identities_c10-conc_mech-blockchain-1backend_valid-active_r30_audit-off_20260903T171904Z,obs_9d60b17fa18247e3851defbd6c17a8ab,2026-09-03T17:19:04.659907+00:00,blockchain,valid_active,8,10,UAV-VALID,ACCEPTED,ACCEPTED,True,199831400,199.8314,41500,199558000,0,3100,173900,4700,0,0,,,,none,blockchain-valid_active_8,0,False,240,8,
n500-identities_c10-conc_mech-blockchain-1backend_valid-active_r30_audit-off_20260903T171904Z,obs_29c793e890984e5f9cd089958f2f179c,2026-09-03T17:19:04.753962+00:00,blockchain,valid_active,12,10,UAV-VALID,ACCEPTED,ACCEPTED,True,115503100,115.5031,40000,115238300,0,2500,174900,4600,0,0,,,,none,blockchain-valid_active_6,0,False,239,8,
n500-identities_c10-conc_mech-blockchain-1backend_valid-active_r30_audit-off_20260903T171904Z,obs_6458af32d0c640b09b4120dc9afa193e,2026-09-03T17:19:04.760652+00:00,blockchain,valid_active,11,10,UAV-VALID,ACCEPTED,ACCEPTED,True,146377600,146.3776,65800,145977100,0,4400,232000,7300,0,0,,,,none,blockchain-valid_active_2,0,False,239,8,
n500-identities_c10-conc_mech-blockchain-1backend_valid-active_r30_audit-off_20260903T171904Z,obs_7a17a4d66804480a88d8ad811a8e19a7,2026-09-03T17:19:04.769744+00:00,blockchain,valid_active,10,10,UAV-VALID,ACCEPTED,ACCEPTED,True,192031400,192.0314,71700,191736400,0,3400,157700,4000,0,0,,,,none,blockchain-valid_active_0,0,False,239,8,
n500-identities_c10-conc_mech-blockchain-1backend_valid-active_r30_audit-off_20260903T171904Z,obs_288a179c2c764a108a6427ae6ede2907,2026-09-03T17:19:04.781911+00:00,blockchain,valid_active,13,10,UAV-VALID,ACCEPTED,ACCEPTED,True,138084700,138.0847,49400,137820200,0,3200,167700,4400,0,0,,,,none,blockchain-valid_active_3,0,False,239,8,
n500-identities_c10-conc_mech-blockchain-1backend_valid-active_r30_audit-off_20260903T171904Z,obs_bd0c0a1bf0994ed2911193cc868afb14,2026-09-03T17:19:04.794819+00:00,blockchain,valid_active,15,10,UAV-VALID,ACCEPTED,ACCEPTED,True,121919300,121.9193,32900,121546700,0,5100,221100,5800,0,0,,,,none,blockchain-valid_active_7,0,False,239,8,
n500-identities_c10-conc_mech-blockchain-1backend_valid-active_r30_audit-off_20260903T171904Z,obs_43656c8946da4bb3b334110581cd60e8,2026-09-03T17:19:04.800405+00:00,blockchain,valid_active,14,10,UAV-VALID,ACCEPTED,ACCEPTED,True,136393200,136.3932,34400,136140000,0,2900,159000,3800,0,0,,,,none,blockchain-valid_active_1,0,False,239,8,
n500-identities_c10-conc_mech-blockchain-1backend_valid-active_r30_audit-off_20260903T171904Z,obs_f287bf96e64448b0b4a959bda40f361b,2026-09-03T17:19:04.840084+00:00,blockchain,valid_active,18,10,UAV-VALID,ACCEPTED,ACCEPTED,True,149510700,149.5107,35900,149241000,0,4300,168300,4200,0,0,,,,none,blockchain-valid_active_4,0,False,239,8,
n500-identities_c10-conc_mech-blockchain-1backend_valid-active_r30_audit-off_20260903T171904Z,obs_47842f304bc64b4ab93236e14cb03f6a,2026-09-03T17:19:04.856723+00:00,blockchain,valid_active,19,10,UAV-VALID,ACCEPTED,ACCEPTED,True,156763600,156.7636,32400,156512300,0,2900,161000,3800,0,0,,,,none,blockchain-valid_active_8,0,False,238,8,
n500-identities_c10-conc_mech-blockchain-1backend_valid-active_r30_audit-off_20260903T171904Z,obs_512e4b961f2e46bfbe7e165461b80463,2026-09-03T17:19:04.882648+00:00,blockchain,valid_active,16,10,UAV-VALID,ACCEPTED,ACCEPTED,True,196607600,196.6076,44300,196265800,0,4000,216300,4600,0,0,,,,none,blockchain-valid_active_5,0,False,240,8,
n500-identities_c10-conc_mech-blockchain-1backend_valid-active_r30_audit-off_20260903T171904Z,obs_a87900d4a91b411a812ded5e0128ab2d,2026-09-03T17:19:04.905001+00:00,blockchain,valid_active,17,10,UAV-VALID,ACCEPTED,ACCEPTED,True,192753500,192.7535,58900,192501800,0,2300,155500,3500,0,0,,,,none,blockchain-valid_active_9,0,False,240,8,
n500-identities_c10-conc_mech-blockchain-1backend_valid-active_r30_audit-off_20260903T171904Z,obs_024599f3107c4c17842786bccf948ce4,2026-09-03T17:19:04.949415+00:00,blockchain,valid_active,21,10,UAV-VALID,ACCEPTED,ACCEPTED,True,148302400,148.3024,26300,147914100,0,4400,232300,5900,0,0,,,,none,blockchain-valid_active_2,0,False,239,8,
n500-identities_c10-conc_mech-blockchain-1backend_valid-active_r30_audit-off_20260903T171904Z,obs_72784f3800bd4177941d6d5710e485cf,2026-09-03T17:19:04.963581+00:00,blockchain,valid_active,20,10,UAV-VALID,ACCEPTED,ACCEPTED,True,176924100,176.9241,51300,176466500,0,4400,281900,6900,0,0,,,,none,blockchain-valid_active_6,0,False,239,8,
n500-identities_c10-conc_mech-blockchain-1backend_valid-active_r30_audit-off_20260903T171904Z,obs_ec51dc37ec3540f88dc4bee3cc74eb49,2026-09-03T17:19:04.980318+00:00,blockchain,valid_active,22,10,UAV-VALID,ACCEPTED,ACCEPTED,True,138993200,138.9932,25900,138609700,0,3600,238600,6300,0,0,,,,none,blockchain-valid_active_0,0,False,240,8,
n500-identities_c10-conc_mech-blockchain-1backend_valid-active_r30_audit-off_20260903T171904Z,obs_65cae0cb508a42979887fa97303d89e2,2026-09-03T17:19:04.983136+00:00,blockchain,valid_active,24,10,UAV-VALID,ACCEPTED,ACCEPTED,True,138778800,138.7788,38400,138364900,0,4100,260600,7100,0,0,,,,none,blockchain-valid_active_7,0,False,240,8,
n500-identities_c10-conc_mech-blockchain-1backend_valid-active_r30_audit-off_20260903T171904Z,obs_8e5bf5386e1d4559b50274914b3cc09d,2026-09-03T17:19:05.008046+00:00,blockchain,valid_active,23,10,UAV-VALID,ACCEPTED,ACCEPTED,True,172315100,172.3151,49500,171895400,0,5300,260900,7600,0,0,,,,none,blockchain-valid_active_3,0,False,240,8,
n500-identities_c10-conc_mech-blockchain-1backend_valid-active_r30_audit-off_20260903T171904Z,obs_a3520e037619474bac7ccfff12e66d1d,2026-09-03T17:19:05.015770+00:00,blockchain,valid_active,25,10,UAV-VALID,ACCEPTED,ACCEPTED,True,156984400,156.9844,30200,156608900,0,3800,239800,6300,0,0,,,,none,blockchain-valid_active_1,0,False,238,8,
n500-identities_c10-conc_mech-blockchain-1backend_valid-active_r30_audit-off_20260903T171904Z,obs_543f97a483724caeab3aba8a3e478b95,2026-09-03T17:19:05.032448+00:00,blockchain,valid_active,26,10,UAV-VALID,ACCEPTED,ACCEPTED,True,157782000,157.782,45500,157348100,0,4800,281100,8500,0,0,,,,none,blockchain-valid_active_4,0,False,238,8,
n500-identities_c10-conc_mech-blockchain-1backend_valid-active_r30_audit-off_20260903T171904Z,obs_1723f74267794807893295ed5ae3ce85,2026-09-03T17:19:05.052651+00:00,blockchain,valid_active,28,10,UAV-VALID,ACCEPTED,ACCEPTED,True,129565500,129.5655,36100,129232000,0,3000,201800,4700,0,0,,,,none,blockchain-valid_active_5,0,False,239,8,
n500-identities_c10-conc_mech-blockchain-1backend_valid-active_r30_audit-off_20260903T171904Z,obs_ea11fe10050a4f33a7c840e636c62300,2026-09-03T17:19:05.059817+00:00,blockchain,valid_active,27,10,UAV-VALID,ACCEPTED,ACCEPTED,True,160719900,160.7199,40600,160351900,0,4100,228900,5600,0,0,,,,none,blockchain-valid_active_8,0,False,238,8,
n500-identities_c10-conc_mech-blockchain-1backend_valid-active_r30_audit-off_20260903T171904Z,obs_e93029d5e2d1440ea83d6a0cb2f5a569,2026-09-03T17:19:05.067508+00:00,blockchain,valid_active,29,10,UAV-VALID,ACCEPTED,ACCEPTED,True,114795000,114.795,57000,114369000,0,3800,234800,8800,0,0,,,,none,blockchain-valid_active_9,0,False,239,8,
n500-identities_c25-conc_mech-x509-1backend_valid-active_r30_audit-off_20260903T171906Z,obs_1b60b4a81e8b438f850f0cfcfc51b77a,2026-09-03T17:19:06.494720+00:00,x509,valid_active,0,25,UAV-VALID,ACCEPTED,ACCEPTED,True,2333100,2.3331,47100,89100,1626400,0,402600,8700,0,0,,,,none,MainThread,0,True,239,8,
n500-identities_c25-conc_mech-x509-1backend_valid-active_r30_audit-off_20260903T171906Z,obs_562e3afa1ec44c0ab51889b892151f70,2026-09-03T17:19:06.508449+00:00,x509,valid_active,1,25,UAV-VALID,ACCEPTED,ACCEPTED,True,1705200,1.7052,38100,91800,1315600,0,189600,6100,0,0,,,,none,MainThread,0,True,239,8,
n500-identities_c25-conc_mech-x509-1backend_valid-active_r30_audit-off_20260903T171906Z,obs_f276a3daea7442c49e855331b1b396b6,2026-09-03T17:19:06.676085+00:00,x509,valid_active,7,25,UAV-VALID,ACCEPTED,ACCEPTED,True,86353700,86.3537,49000,106700,85858300,0,233800,6400,0,0,,,,none,x509-valid_active_7,0,False,237,8,
n500-identities_c25-conc_mech-x509-1backend_valid-active_r30_audit-off_20260903T171906Z,obs_6545bc2bb31440409d34becc03cd3e24,2026-09-03T17:19:06.629926+00:00,x509,valid_active,1,25,UAV-VALID,ACCEPTED,ACCEPTED,True,49290700,49.2907,110200,97900,48581400,0,351500,64000,0,0,,,,none,x509-valid_active_1,0,False,239,8,
n500-identities_c25-conc_mech-x509-1backend_valid-active_r30_audit-off_20260903T171906Z,obs_fdc46b07625d482dbb2f7654ef839e21,2026-09-03T17:19:06.589104+00:00,x509,valid_active,0,25,UAV-VALID,ACCEPTED,ACCEPTED,True,33689500,33.6895,56000,118100,33181100,0,233000,9100,0,0,,,,none,x509-valid_active_0,0,False,240,8,
n500-identities_c25-conc_mech-x509-1backend_valid-active_r30_audit-off_20260903T171906Z,obs_b89d912517f3487abe66563f2c2e35b8,2026-09-03T17:19:06.646803+00:00,x509,valid_active,3,25,UAV-VALID,ACCEPTED,ACCEPTED,True,58847200,58.8472,52300,131100,58262600,0,253200,8000,0,0,,,,none,x509-valid_active_3,0,False,239,8,
n500-identities_c25-conc_mech-x509-1backend_valid-active_r30_audit-off_20260903T171906Z,obs_c2ed80f7775049c4990c50a7a8001c8f,2026-09-03T17:19:06.627485+00:00,x509,valid_active,4,25,UAV-VALID,ACCEPTED,ACCEPTED,True,54502700,54.5027,51900,114600,54018400,0,221200,7000,0,0,,,,none,x509-valid_active_4,0,False,238,8,
n500-identities_c25-conc_mech-x509-1backend_valid-active_r30_audit-off_20260903T171906Z,obs_791c37f4a67345bdbbd8e2f43f06162c,2026-09-03T17:19:06.641299+00:00,x509,valid_active,2,25,UAV-VALID,ACCEPTED,ACCEPTED,True,61246900,61.2469,40500,115300,60604700,0,257500,9300,0,0,,,,none,x509-valid_active_2,0,False,240,8,
n500-identities_c25-conc_mech-x509-1backend_valid-active_r30_audit-off_20260903T171906Z,obs_e202aa3dd7ee4df68a1b53909a2607f1,2026-09-03T17:19:06.749693+00:00,x509,valid_active,8,25,UAV-VALID,ACCEPTED,ACCEPTED,True,105627500,105.6275,48400,169800,105024000,0,239100,5900,0,0,,,,none,x509-valid_active_8,0,False,239,8,
n500-identities_c25-conc_mech-x509-1backend_valid-active_r30_audit-off_20260903T171906Z,obs_9012b2ae52334e2484361dbc07ec3916,2026-09-03T17:19:06.715935+00:00,x509,valid_active,5,25,UAV-VALID,ACCEPTED,ACCEPTED,True,119871200,119.8712,74000,144700,119122700,0,309100,9100,0,0,,,,none,x509-valid_active_5,0,False,239,8,
n500-identities_c25-conc_mech-x509-1backend_valid-active_r30_audit-off_20260903T171906Z,obs_99896a7fbe3446f0914afb310b2b3557,2026-09-03T17:19:06.770804+00:00,x509,valid_active,6,25,UAV-VALID,ACCEPTED,ACCEPTED,True,130971900,130.9719,320100,359100,130335200,0,153500,3300,0,0,,,,none,x509-valid_active_6,0,False,240,8,
n500-identities_c25-conc_mech-x509-1backend_valid-active_r30_audit-off_20260903T171906Z,obs_0c1a98445e274d08bb0eb0bf0ea4560a,2026-09-03T17:19:06.795372+00:00,x509,valid_active,11,25,UAV-VALID,ACCEPTED,ACCEPTED,True,122503300,122.5033,75500,99000,122167400,0,138200,4500,0,0,,,,none,x509-valid_active_11,0,False,239,8,
n500-identities_c25-conc_mech-x509-1backend_valid-active_r30_audit-off_20260903T171906Z,obs_9a5548717044415b92b3ea8c7a877f47,2026-09-03T17:19:06.801197+00:00,x509,valid_active,12,25,UAV-VALID,ACCEPTED,ACCEPTED,True,58945200,58.9452,49300,117800,58459500,0,214000,6000,0,0,,,,none,x509-valid_active_0,0,False,239,8,
n500-identities_c25-conc_mech-x509-1backend_valid-active_r30_audit-off_20260903T171906Z,obs_3e8dc021a32d467ba6e24d10a8b6514a,2026-09-03T17:19:06.801881+00:00,x509,valid_active,9,25,UAV-VALID,ACCEPTED,ACCEPTED,True,107867800,107.8678,54600,139100,107447700,0,143800,4000,0,0,,,,none,x509-valid_active_9,0,False,240,8,
n500-identities_c25-conc_mech-x509-1backend_valid-active_r30_audit-off_20260903T171906Z,obs_2863d1271065414b90523514a06e2b10,2026-09-03T17:19:06.803257+00:00,x509,valid_active,10,25,UAV-VALID,ACCEPTED,ACCEPTED,True,118909800,118.9098,131200,124600,118486500,0,170000,5100,0,0,,,,none,x509-valid_active_10,0,False,240,8,
n500-identities_c25-conc_mech-x509-1backend_valid-active_r30_audit-off_20260903T171906Z,obs_23d09e16f12e41a7a7cf9f9b2ecce039,2026-09-03T17:19:06.805323+00:00,x509,valid_active,13,25,UAV-VALID,ACCEPTED,ACCEPTED,True,58710700,58.7107,57300,133200,58343400,0,121400,3300,0,0,,,,none,x509-valid_active_12,0,False,239,8,
n500-identities_c25-conc_mech-x509-1backend_valid-active_r30_audit-off_20260903T171906Z,obs_9f54543bc38e4af4adcc80d9ff9859fc,2026-09-03T17:19:06.812735+00:00,x509,valid_active,16,25,UAV-VALID,ACCEPTED,ACCEPTED,True,18882700,18.8827,82700,75000,18478200,0,139100,4300,0,0,,,,none,x509-valid_active_1,0,False,239,8,
n500-identities_c25-conc_mech-x509-1backend_valid-active_r30_audit-off_20260903T171906Z,obs_4daa068cc96b4440992413118164d093,2026-09-03T17:19:06.813112+00:00,x509,valid_active,21,25,UAV-VALID,ACCEPTED,ACCEPTED,True,26770000,26.77,32500,81800,26483700,0,123500,3000,0,0,,,,none,x509-valid_active_16,0,False,239,8,
n500-identities_c25-conc_mech-x509-1backend_valid-active_r30_audit-off_20260903T171906Z,obs_b5a1d0e520194b5dbe8c4e577e3cb38e,2026-09-03T17:19:06.815303+00:00,x509,valid_active,14,25,UAV-VALID,ACCEPTED,ACCEPTED,True,46480100,46.4801,46200,80100,46211100,0,112000,2600,0,0,,,,none,x509-valid_active_13,0,False,240,8,
n500-identities_c25-conc_mech-x509-1backend_valid-active_r30_audit-off_20260903T171906Z,obs_370620cf5231488cb6d0fb26af15879f,2026-09-03T17:19:06.815957+00:00,x509,valid_active,15,25,UAV-VALID,ACCEPTED,ACCEPTED,True,36136700,36.1367,35400,74600,35872000,0,113600,3400,0,0,,,,none,x509-valid_active_4,0,False,239,8,
n500-identities_c25-conc_mech-x509-1backend_valid-active_r30_audit-off_20260903T171906Z,obs_b16d778bd73f4904981239d7b599f32d,2026-09-03T17:19:06.817554+00:00,x509,valid_active,24,25,UAV-VALID,ACCEPTED,ACCEPTED,True,24386100,24.3861,46000,124100,24021500,0,137200,4500,0,0,,,,none,x509-valid_active_18,0,False,238,8,
n500-identities_c25-conc_mech-x509-1backend_valid-active_r30_audit-off_20260903T171906Z,obs_079407392ee94c03a87d32d02040905f,2026-09-03T17:19:06.817935+00:00,x509,valid_active,18,25,UAV-VALID,ACCEPTED,ACCEPTED,True,15236800,15.2368,47100,50500,14984800,0,132300,3600,0,0,,,,none,x509-valid_active_2,0,False,238,8,
n500-identities_c25-conc_mech-x509-1backend_valid-active_r30_audit-off_20260903T171906Z,obs_35a1682eb5fa457898d0e194ab142788,2026-09-03T17:19:06.818561+00:00,x509,valid_active,19,25,UAV-VALID,ACCEPTED,ACCEPTED,True,42513300,42.5133,72100,80200,42163200,0,171100,4900,0,0,,,,none,x509-valid_active_15,0,False,238,8,
n500-identities_c25-conc_mech-x509-1backend_valid-active_r30_audit-off_20260903T171906Z,obs_39ad5d9b611b43618bb54a11f7da32ad,2026-09-03T17:19:06.821525+00:00,x509,valid_active,20,25,UAV-VALID,ACCEPTED,ACCEPTED,True,38334000,38.334,240200,126900,37918200,0,166700,4800,0,0,,,,none,x509-valid_active_3,0,False,238,8,
n500-identities_c25-conc_mech-x509-1backend_valid-active_r30_audit-off_20260903T171906Z,obs_355544ba0daa44e0ad5abc907f245403,2026-09-03T17:19:06.823403+00:00,x509,valid_active,28,25,UAV-VALID,ACCEPTED,ACCEPTED,True,8520100,8.5201,21900,56100,8179500,0,179400,5900,0,0,,,,none,x509-valid_active_21,0,False,239,8,
n500-identities_c25-conc_mech-x509-1backend_valid-active_r30_audit-off_20260903T171906Z,obs_adbcbc037f4b4ae397074571c3a5aac1,2026-09-03T17:19:06.824785+00:00,x509,valid_active,25,25,UAV-VALID,ACCEPTED,ACCEPTED,True,20400100,20.4001,28700,98100,20087800,0,123900,3300,0,0,,,,none,x509-valid_active_19,0,False,239,8,
n500-identities_c25-conc_mech-x509-1backend_valid-active_r30_audit-off_20260903T171906Z,obs_70af4df9a654492e95779ae6033a5a5c,2026-09-03T17:19:06.825905+00:00,x509,valid_active,23,25,UAV-VALID,ACCEPTED,ACCEPTED,True,15429100,15.4291,30400,90600,15129500,0,118700,2900,0,0,,,,none,x509-valid_active_7,0,False,239,8,
n500-identities_c25-conc_mech-x509-1backend_valid-active_r30_audit-off_20260903T171906Z,obs_2492bd7ddad44cd9a9f508bcddc42830,2026-09-03T17:19:06.826277+00:00,x509,valid_active,27,25,UAV-VALID,ACCEPTED,ACCEPTED,True,15104100,15.1041,20700,114600,14772800,0,123500,4100,0,0,,,,none,x509-valid_active_20,0,False,240,8,
n500-identities_c25-conc_mech-x509-1backend_valid-active_r30_audit-off_20260903T171906Z,obs_723fca0876bf48d9bfafc1afc84dcaed,2026-09-03T17:19:06.826993+00:00,x509,valid_active,29,25,UAV-VALID,ACCEPTED,ACCEPTED,True,8181100,8.1811,24600,76100,7794900,0,196500,6000,0,0,,,,none,x509-valid_active_8,0,False,239,8,
n500-identities_c25-conc_mech-x509-1backend_valid-active_r30_audit-off_20260903T171906Z,obs_70ff554a900a4185ae606f7743931430,2026-09-03T17:19:06.827530+00:00,x509,valid_active,17,25,UAV-VALID,ACCEPTED,ACCEPTED,True,12010200,12.0102,29200,52600,11684000,0,175100,5300,0,0,,,,none,x509-valid_active_14,0,False,239,8,
n500-identities_c25-conc_mech-x509-1backend_valid-active_r30_audit-off_20260903T171906Z,obs_ce9707e99d4249bf911697ce0daa117a,2026-09-03T17:19:06.828104+00:00,x509,valid_active,26,25,UAV-VALID,ACCEPTED,ACCEPTED,True,11244600,11.2446,24400,65700,10863400,0,200600,7000,0,0,,,,none,x509-valid_active_5,0,False,239,8,
n500-identities_c25-conc_mech-x509-1backend_valid-active_r30_audit-off_20260903T171906Z,obs_27f566bfbe9f497bb92008c8832db78a,2026-09-03T17:19:06.829473+00:00,x509,valid_active,22,25,UAV-VALID,ACCEPTED,ACCEPTED,True,9144400,9.1444,28600,67100,8863500,0,128800,3700,0,0,,,,none,x509-valid_active_17,0,False,239,8,
n500-identities_c25-conc_mech-blockchain-1backend_valid-active_r30_audit-off_20260903T171907Z,obs_da23655ece9441d59c113ea4e74379dd,2026-09-03T17:19:07.784199+00:00,blockchain,valid_active,0,25,UAV-VALID,ACCEPTED,ACCEPTED,True,21244500,21.2445,58800,20975900,0,2000,163400,3800,0,0,,,,none,MainThread,0,True,239,8,
n500-identities_c25-conc_mech-blockchain-1backend_valid-active_r30_audit-off_20260903T171907Z,obs_dc8cc595430441e68fd07ab89112beac,2026-09-03T17:19:07.812663+00:00,blockchain,valid_active,1,25,UAV-VALID,ACCEPTED,ACCEPTED,True,16696300,16.6963,53900,16434600,0,3200,158900,3300,0,0,,,,none,MainThread,0,True,239,8,
n500-identities_c25-conc_mech-blockchain-1backend_valid-active_r30_audit-off_20260903T171907Z,obs_896d4085bc254ef9959c841b1d76c944,2026-09-03T17:19:08.036539+00:00,blockchain,valid_active,0,25,UAV-VALID,ACCEPTED,ACCEPTED,True,201386300,201.3863,54300,201103900,0,2400,161300,3700,0,0,,,,none,blockchain-valid_active_0,0,False,239,8,
n500-identities_c25-conc_mech-blockchain-1backend_valid-active_r30_audit-off_20260903T171907Z,obs_f55a2260bfd8429695ccf0217d694d2f,2026-09-03T17:19:08.225803+00:00,blockchain,valid_active,3,25,UAV-VALID,ACCEPTED,ACCEPTED,True,373992600,373.9926,44900,373725600,0,2500,166100,4400,0,0,,,,none,blockchain-valid_active_3,0,False,240,8,
n500-identities_c25-conc_mech-blockchain-1backend_valid-active_r30_audit-off_20260903T171907Z,obs_19b1936239df43e3853e963926342fae,2026-09-03T17:19:08.228202+00:00,blockchain,valid_active,1,25,UAV-VALID,ACCEPTED,ACCEPTED,True,391013700,391.0137,28800,390645600,0,4800,220600,7600,0,0,,,,none,blockchain-valid_active_1,0,False,239,8,
n500-identities_c25-conc_mech-blockchain-1backend_valid-active_r30_audit-off_20260903T171907Z,obs_f97542c4a0cb4ef592d453ce433e0a2a,2026-09-03T17:19:08.268133+00:00,blockchain,valid_active,4,25,UAV-VALID,ACCEPTED,ACCEPTED,True,387957900,387.9579,34300,387708200,0,2800,156200,3300,0,0,,,,none,blockchain-valid_active_4,0,False,240,8,
n500-identities_c25-conc_mech-blockchain-1backend_valid-active_r30_audit-off_20260903T171907Z,obs_6c55c8c26c25425e90dc45b09090df17,2026-09-03T17:19:08.320582+00:00,blockchain,valid_active,5,25,UAV-VALID,ACCEPTED,ACCEPTED,True,449651700,449.6517,31900,449380600,0,2200,170200,3700,0,0,,,,none,blockchain-valid_active_5,0,False,239,8,
n500-identities_c25-conc_mech-blockchain-1backend_valid-active_r30_audit-off_20260903T171907Z,obs_615b27820dd34ee690e65d1daa6bb0f1,2026-09-03T17:19:08.333257+00:00,blockchain,valid_active,2,25,UAV-VALID,ACCEPTED,ACCEPTED,True,478641800,478.6418,32100,478378600,0,1900,166200,4300,0,0,,,,none,blockchain-valid_active_2,0,False,238,8,
n500-identities_c25-conc_mech-blockchain-1backend_valid-active_r30_audit-off_20260903T171907Z,obs_6859c20434294af59633f73a41305839,2026-09-03T17:19:08.352802+00:00,blockchain,valid_active,8,25,UAV-VALID,ACCEPTED,ACCEPTED,True,470157600,470.1576,33800,469912900,0,2700,152300,3700,0,0,,,,none,blockchain-valid_active_8,0,False,239,8,
n500-identities_c25-conc_mech-blockchain-1backend_valid-active_r30_audit-off_20260903T171907Z,obs_87c79ca88dc0427fa2983b4d09f08efb,2026-09-03T17:19:08.391163+00:00,blockchain,valid_active,7,25,UAV-VALID,ACCEPTED,ACCEPTED,True,499694200,499.6942,30200,499449000,0,2100,156500,3400,0,0,,,,none,blockchain-valid_active_7,0,False,239,8,
n500-identities_c25-conc_mech-blockchain-1backend_valid-active_r30_audit-off_20260903T171907Z,obs_2f2e8bc57e204dcbaf4a1e2b22697b72,2026-09-03T17:19:08.395647+00:00,blockchain,valid_active,10,25,UAV-VALID,ACCEPTED,ACCEPTED,True,481017300,481.0173,35400,480769400,0,2100,159100,3400,0,0,,,,none,blockchain-valid_active_10,0,False,239,8,
n500-identities_c25-conc_mech-blockchain-1backend_valid-active_r30_audit-off_20260903T171907Z,obs_a5c379295b7d431caa49a6cb9623626e,2026-09-03T17:19:08.414603+00:00,blockchain,valid_active,6,25,UAV-VALID,ACCEPTED,ACCEPTED,True,510397200,510.3972,52300,509951500,0,4400,239200,6800,0,0,,,,none,blockchain-valid_active_6,0,False,239,8,
n500-identities_c25-conc_mech-blockchain-1backend_valid-active_r30_audit-off_20260903T171907Z,obs_73a314471e51489887cc7ebf86bf0c57,2026-09-03T17:19:08.423251+00:00,blockchain,valid_active,12,25,UAV-VALID,ACCEPTED,ACCEPTED,True,457411700,457.4117,41900,457078100,0,5100,195900,5000,0,0,,,,none,blockchain-valid_active_12,0,False,239,8,
n500-identities_c25-conc_mech-blockchain-1backend_valid-active_r30_audit-off_20260903T171907Z,obs_558dcb95c8ea4fa6a8faad51ec7fc412,2026-09-03T17:19:08.430605+00:00,blockchain,valid_active,19,25,UAV-VALID,ACCEPTED,ACCEPTED,True,400950600,400.9506,33300,400696900,0,2800,161200,4100,0,0,,,,none,blockchain-valid_active_19,0,False,239,8,
n500-identities_c25-conc_mech-blockchain-1backend_valid-active_r30_audit-off_20260903T171907Z,obs_6c490d65e6994156be6d698b3bd9eba9,2026-09-03T17:19:08.437036+00:00,blockchain,valid_active,16,25,UAV-VALID,ACCEPTED,ACCEPTED,True,453326800,453.3268,27500,453089800,0,2700,150300,3600,0,0,,,,none,blockchain-valid_active_16,0,False,240,8,
n500-identities_c25-conc_mech-blockchain-1backend_valid-active_r30_audit-off_20260903T171907Z,obs_d4f6a6784df74670be9afd4d68d96065,2026-09-03T17:19:08.439123+00:00,blockchain,valid_active,13,25,UAV-VALID,ACCEPTED,ACCEPTED,True,457628500,457.6285,46500,457368100,0,3200,153800,3900,0,0,,,,none,blockchain-valid_active_13,0,False,239,8,
n500-identities_c25-conc_mech-blockchain-1backend_valid-active_r30_audit-off_20260903T171907Z,obs_06970cbd11ca4649909b3e73d9c73296,2026-09-03T17:19:08.449565+00:00,blockchain,valid_active,9,25,UAV-VALID,ACCEPTED,ACCEPTED,True,469590300,469.5903,34500,469178000,0,4100,267500,7100,0,0,,,,none,blockchain-valid_active_9,0,False,239,8,
n500-identities_c25-conc_mech-blockchain-1backend_valid-active_r30_audit-off_20260903T171907Z,obs_d8a79564773b4f8a91fe36fa2e95be9b,2026-09-03T17:19:08.467655+00:00,blockchain,valid_active,11,25,UAV-VALID,ACCEPTED,ACCEPTED,True,482664100,482.6641,27900,482344900,0,2800,211700,5800,0,0,,,,none,blockchain-valid_active_11,0,False,239,8,
n500-identities_c25-conc_mech-blockchain-1backend_valid-active_r30_audit-off_20260903T171907Z,obs_e67a0baa202046d285d1f14805ed3e1c,2026-09-03T17:19:08.474025+00:00,blockchain,valid_active,15,25,UAV-VALID,ACCEPTED,ACCEPTED,True,476702300,476.7023,33300,476304200,0,3700,281400,5700,0,0,,,,none,blockchain-valid_active_15,0,False,240,8,
n500-identities_c25-conc_mech-blockchain-1backend_valid-active_r30_audit-off_20260903T171907Z,obs_c906615defa941faacaa56b3930bc88f,2026-09-03T17:19:08.475118+00:00,blockchain,valid_active,14,25,UAV-VALID,ACCEPTED,ACCEPTED,True,483015900,483.0159,30600,482798000,0,2400,140600,3200,0,0,,,,none,blockchain-valid_active_14,0,False,238,8,
n500-identities_c25-conc_mech-blockchain-1backend_valid-active_r30_audit-off_20260903T171907Z,obs_7fab1aae528b438cadae3d23b3fb5037,2026-09-03T17:19:08.478247+00:00,blockchain,valid_active,20,25,UAV-VALID,ACCEPTED,ACCEPTED,True,323021500,323.0215,43700,322592800,0,5400,259200,7000,0,0,,,,none,blockchain-valid_active_20,0,False,239,8,
n500-identities_c25-conc_mech-blockchain-1backend_valid-active_r30_audit-off_20260903T171907Z,obs_d435e676302b46428bdae6f1c268ec81,2026-09-03T17:19:08.497382+00:00,blockchain,valid_active,21,25,UAV-VALID,ACCEPTED,ACCEPTED,True,339430400,339.4304,83200,338817800,0,4100,273300,8000,0,0,,,,none,blockchain-valid_active_21,0,False,239,8,
n500-identities_c25-conc_mech-blockchain-1backend_valid-active_r30_audit-off_20260903T171907Z,obs_35e2b64bfe6b4ee3a6666a40bf3aec5b,2026-09-03T17:19:08.504471+00:00,blockchain,valid_active,18,25,UAV-VALID,ACCEPTED,ACCEPTED,True,466616700,466.6167,40600,466143500,0,5200,276800,8400,0,0,,,,none,blockchain-valid_active_18,0,False,239,8,
n500-identities_c25-conc_mech-blockchain-1backend_valid-active_r30_audit-off_20260903T171907Z,obs_8ac55dead697447b946cc119342025b4,2026-09-03T17:19:08.512104+00:00,blockchain,valid_active,25,25,UAV-VALID,ACCEPTED,ACCEPTED,True,289593700,289.5937,35700,289175200,0,4100,270800,8000,0,0,,,,none,blockchain-valid_active_0,0,False,238,8,
n500-identities_c25-conc_mech-blockchain-1backend_valid-active_r30_audit-off_20260903T171907Z,obs_b248fb33903c455ca0ace3c4ced461e8,2026-09-03T17:19:08.524963+00:00,blockchain,valid_active,22,25,UAV-VALID,ACCEPTED,ACCEPTED,True,341538800,341.5388,48200,340993300,0,3900,315500,39600,0,0,,,,none,blockchain-valid_active_22,0,False,240,8,
n500-identities_c25-conc_mech-blockchain-1backend_valid-active_r30_audit-off_20260903T171907Z,obs_ee24eff301a54bd9962b6a0992937e1d,2026-09-03T17:19:08.528482+00:00,blockchain,valid_active,17,25,UAV-VALID,ACCEPTED,ACCEPTED,True,485254400,485.2544,71000,484804800,0,5100,270700,8300,0,0,,,,none,blockchain-valid_active_17,0,False,239,8,
n500-identities_c25-conc_mech-blockchain-1backend_valid-active_r30_audit-off_20260903T171907Z,obs_a522a49a0bbc40cbbe0ab152b8c5d5fb,2026-09-03T17:19:08.548430+00:00,blockchain,valid_active,24,25,UAV-VALID,ACCEPTED,ACCEPTED,True,316584800,316.5848,34300,316149400,0,4900,285200,7300,0,0,,,,none,blockchain-valid_active_24,0,False,240,8,
n500-identities_c25-conc_mech-blockchain-1backend_valid-active_r30_audit-off_20260903T171907Z,obs_a272eb1bc93a4878807f6cb274354b42,2026-09-03T17:19:08.552206+00:00,blockchain,valid_active,28,25,UAV-VALID,ACCEPTED,ACCEPTED,True,189373800,189.3738,38300,188592100,0,4500,617700,9400,0,0,,,,none,blockchain-valid_active_4,0,False,239,8,
n500-identities_c25-conc_mech-blockchain-1backend_valid-active_r30_audit-off_20260903T171907Z,obs_729fbfce9e1c4fa084a54bfe64d41679,2026-09-03T17:19:08.570769+00:00,blockchain,valid_active,27,25,UAV-VALID,ACCEPTED,ACCEPTED,True,206030400,206.0304,28300,205619900,0,4600,251600,14600,0,0,,,,none,blockchain-valid_active_1,0,False,240,8,
n500-identities_c25-conc_mech-blockchain-1backend_valid-active_r30_audit-off_20260903T171907Z,obs_16437eed878a4608a354722f6d4934e3,2026-09-03T17:19:08.581251+00:00,blockchain,valid_active,23,25,UAV-VALID,ACCEPTED,ACCEPTED,True,244261600,244.2616,28600,243863300,0,4900,260600,7200,0,0,,,,none,blockchain-valid_active_23,0,False,238,8,
n500-identities_c25-conc_mech-blockchain-1backend_valid-active_r30_audit-off_20260903T171907Z,obs_7fb5f674e4c64ecbb218365cf6bc90ae,2026-09-03T17:19:08.584257+00:00,blockchain,valid_active,26,25,UAV-VALID,ACCEPTED,ACCEPTED,True,214702400,214.7024,28200,214278100,0,4900,279400,7900,0,0,,,,none,blockchain-valid_active_3,0,False,240,8,
n500-identities_c25-conc_mech-blockchain-1backend_valid-active_r30_audit-off_20260903T171907Z,obs_87a592b11e5e4568abb8575581197fee,2026-09-03T17:19:08.586720+00:00,blockchain,valid_active,29,25,UAV-VALID,ACCEPTED,ACCEPTED,True,140158200,140.1582,32200,139775700,0,3700,240900,18200,0,0,,,,none,blockchain-valid_active_5,0,False,239,8,
n500-identities_c50-conc_mech-x509-1backend_valid-active_r50_audit-off_20260903T171909Z,obs_8ce6c8eb396c4aa5ac7d5f354f6cb8d8,2026-09-03T17:19:09.506253+00:00,x509,valid_active,0,50,UAV-VALID,ACCEPTED,ACCEPTED,True,1128100,1.1281,45400,58400,851800,0,141400,5100,0,0,,,,none,MainThread,0,True,239,8,
n500-identities_c50-conc_mech-x509-1backend_valid-active_r50_audit-off_20260903T171909Z,obs_916c4c2fd13440349b6c321e3003a70e,2026-09-03T17:19:09.515940+00:00,x509,valid_active,1,50,UAV-VALID,ACCEPTED,ACCEPTED,True,1119900,1.1199,34100,57100,868400,0,120300,4700,0,0,,,,none,MainThread,0,True,239,8,
n500-identities_c50-conc_mech-x509-1backend_valid-active_r50_audit-off_20260903T171909Z,obs_fe2959455f8343e29bcd94666a1a1346,2026-09-03T17:19:09.590103+00:00,x509,valid_active,2,50,UAV-VALID,ACCEPTED,ACCEPTED,True,19712200,19.7122,38200,94200,19374400,0,143300,3500,0,0,,,,none,x509-valid_active_2,0,False,238,8,
n500-identities_c50-conc_mech-x509-1backend_valid-active_r50_audit-off_20260903T171909Z,obs_2b850434e69c43b296b8f527b07880fb,2026-09-03T17:19:09.767305+00:00,x509,valid_active,13,50,UAV-VALID,ACCEPTED,ACCEPTED,True,72784500,72.7845,55100,114100,72397300,0,153000,3900,0,0,,,,none,x509-valid_active_2,0,False,239,8,
n500-identities_c50-conc_mech-x509-1backend_valid-active_r50_audit-off_20260903T171909Z,obs_c4fc1bfdf9cc454eb35e94527336a1a2,2026-09-03T17:19:09.789022+00:00,x509,valid_active,8,50,UAV-VALID,ACCEPTED,ACCEPTED,True,101007600,101.0076,74500,117500,100537800,0,216900,5100,0,0,,,,none,x509-valid_active_8,0,False,240,8,
n500-identities_c50-conc_mech-x509-1backend_valid-active_r50_audit-off_20260903T171909Z,obs_18c23c4220bc4113ac835996b461e823,2026-09-03T17:19:09.662352+00:00,x509,valid_active,4,50,UAV-VALID,ACCEPTED,ACCEPTED,True,83974800,83.9748,35200,127500,82059600,0,301000,10200,0,0,,,,none,x509-valid_active_4,0,False,238,8,
n500-identities_c50-conc_mech-x509-1backend_valid-active_r50_audit-off_20260903T171909Z,obs_e1fe2e86d3104c39a0ff966faeb9f9cf,2026-09-03T17:19:09.878186+00:00,x509,valid_active,14,50,UAV-VALID,ACCEPTED,ACCEPTED,True,118551400,118.5514,41200,130100,118015800,0,246400,6600,0,0,,,,none,x509-valid_active_5,0,False,239,8,
n500-identities_c50-conc_mech-x509-1backend_valid-active_r50_audit-off_20260903T171909Z,obs_9e00bc5b42d44dcba2ce5cee6e866c65,2026-09-03T17:19:09.767734+00:00,x509,valid_active,7,50,UAV-VALID,ACCEPTED,ACCEPTED,True,114109900,114.1099,45100,131900,113730600,0,134700,4000,0,0,,,,none,x509-valid_active_7,0,False,238,8,
n500-identities_c50-conc_mech-x509-1backend_valid-active_r50_audit-off_20260903T171909Z,obs_5c895d033aa54af3aec19401a579b2f5,2026-09-03T17:19:09.654976+00:00,x509,valid_active,3,50,UAV-VALID,ACCEPTED,ACCEPTED,True,68058300,68.0583,36900,80900,67586000,0,257100,6400,0,0,,,,none,x509-valid_active_3,0,False,239,8,
n500-identities_c50-conc_mech-x509-1backend_valid-active_r50_audit-off_20260903T171909Z,obs_0c0db060efc44b5fa03df13c215a34ae,2026-09-03T17:19:09.900318+00:00,x509,valid_active,21,50,UAV-VALID,ACCEPTED,ACCEPTED,True,154008200,154.0082,50600,117600,153540500,0,218200,4600,0,0,,,,none,x509-valid_active_17,0,False,240,8,
n500-identities_c50-conc_mech-x509-1backend_valid-active_r50_audit-off_20260903T171909Z,obs_5baafc5327104d379dbc439947122517,2026-09-03T17:19:09.842990+00:00,x509,valid_active,17,50,UAV-VALID,ACCEPTED,ACCEPTED,True,131679000,131.679,61400,103500,131154800,0,263800,7200,0,0,,,,none,x509-valid_active_14,0,False,240,8,
n500-identities_c50-conc_mech-x509-1backend_valid-active_r50_audit-off_20260903T171909Z,obs_386b994f54b24e518779d520971fbe68,2026-09-03T17:19:09.882059+00:00,x509,valid_active,15,50,UAV-VALID,ACCEPTED,ACCEPTED,True,121108500,121.1085,32300,126100,120593700,0,228700,5500,0,0,,,,none,x509-valid_active_12,0,False,238,8,
n500-identities_c50-conc_mech-x509-1backend_valid-active_r50_audit-off_20260903T171909Z,obs_ff41a41fc17445e19754eb3a2067afeb,2026-09-03T17:19:09.712810+00:00,x509,valid_active,9,50,UAV-VALID,ACCEPTED,ACCEPTED,True,96357500,96.3575,39900,108900,95894100,0,218500,5300,0,0,,,,none,x509-valid_active_9,0,False,238,8,
n500-identities_c50-conc_mech-x509-1backend_valid-active_r50_audit-off_20260903T171909Z,obs_79bdd76f6f774819a988f2e697aea2e7,2026-09-03T17:19:09.590533+00:00,x509,valid_active,5,50,UAV-VALID,ACCEPTED,ACCEPTED,True,34144100,34.1441,56500,124300,33789200,0,134400,3200,0,0,,,,none,x509-valid_active_5,0,False,239,8,
n500-identities_c50-conc_mech-x509-1backend_valid-active_r50_audit-off_20260903T171909Z,obs_b186a04684574a70acfb608a641439c3,2026-09-03T17:19:09.860555+00:00,x509,valid_active,16,50,UAV-VALID,ACCEPTED,ACCEPTED,True,98390700,98.3907,53400,73800,97736600,0,362200,8100,0,0,,,,none,x509-valid_active_13,0,False,239,8,
n500-identities_c50-conc_mech-x509-1backend_valid-active_r50_audit-off_20260903T171909Z,obs_ffcd4f35cbaf4e44bf972fe49889e058,2026-09-03T17:19:09.845845+00:00,x509,valid_active,12,50,UAV-VALID,ACCEPTED,ACCEPTED,True,100944700,100.9447,50200,132000,100446400,0,220800,5100,0,0,,,,none,x509-valid_active_11,0,False,238,8,
n500-identities_c50-conc_mech-x509-1backend_valid-active_r50_audit-off_20260903T171909Z,obs_974e3e4b096b44c2a8dd281de4c3851c,2026-09-03T17:19:09.586470+00:00,x509,valid_active,1,50,UAV-VALID,ACCEPTED,ACCEPTED,True,28430600,28.4306,28300,102300,27981000,0,214400,6200,0,0,,,,none,x509-valid_active_1,0,False,239,8,
n500-identities_c50-conc_mech-x509-1backend_valid-active_r50_audit-off_20260903T171909Z,obs_be783628e0d8463aa81a4447a0d85e88,2026-09-03T17:19:09.794473+00:00,x509,valid_active,11,50,UAV-VALID,ACCEPTED,ACCEPTED,True,83793100,83.7931,62800,128000,83227400,0,268300,6200,0,0,,,,none,x509-valid_active_1,0,False,239,8,
n500-identities_c50-conc_mech-x509-1backend_valid-active_r50_audit-off_20260903T171909Z,obs_186546099a134e4d87d71928102cada0,2026-09-03T17:19:09.678673+00:00,x509,valid_active,6,50,UAV-VALID,ACCEPTED,ACCEPTED,True,84847800,84.8478,34300,118200,84364400,0,219400,7000,0,0,,,,none,x509-valid_active_6,0,False,238,8,
n500-identities_c50-conc_mech-x509-1backend_valid-active_r50_audit-off_20260903T171909Z,obs_344483fbb2404cbb8c70c538bbb4d040,2026-09-03T17:19:09.603440+00:00,x509,valid_active,0,50,UAV-VALID,ACCEPTED,ACCEPTED,True,44830700,44.8307,49700,87600,44479600,0,160600,3500,0,0,,,,none,x509-valid_active_0,0,False,238,8,
n500-identities_c50-conc_mech-x509-1backend_valid-active_r50_audit-off_20260903T171909Z,obs_8f267aba23634beabf2b63a446c72541,2026-09-03T17:19:09.813000+00:00,x509,valid_active,10,50,UAV-VALID,ACCEPTED,ACCEPTED,True,117128600,117.1286,63300,110100,116650300,0,225900,6600,0,0,,,,none,x509-valid_active_10,0,False,240,8,
n500-identities_c50-conc_mech-x509-1backend_valid-active_r50_audit-off_20260903T171909Z,obs_0fdc80cc2ba148a09e37108a3fdf16d7,2026-09-03T17:19:09.905442+00:00,x509,valid_active,19,50,UAV-VALID,ACCEPTED,ACCEPTED,True,158048000,158.048,50700,124300,157585300,0,204700,5300,0,0,,,,none,x509-valid_active_15,0,False,239,8,
n500-identities_c50-conc_mech-x509-1backend_valid-active_r50_audit-off_20260903T171909Z,obs_3cdd6661fcf34c0b8bd2b5d52cf94076,2026-09-03T17:19:09.906103+00:00,x509,valid_active,22,50,UAV-VALID,ACCEPTED,ACCEPTED,True,100119100,100.1191,51300,148400,99643200,0,191600,4600,0,0,,,,none,x509-valid_active_18,0,False,239,8,
n500-identities_c50-conc_mech-x509-1backend_valid-active_r50_audit-off_20260903T171909Z,obs_51018f185e844f13b0bb7e2d891c933e,2026-09-03T17:19:09.935819+00:00,x509,valid_active,18,50,UAV-VALID,ACCEPTED,ACCEPTED,True,137328000,137.328,54700,89300,136875600,0,225400,6300,0,0,,,,none,x509-valid_active_0,0,False,239,8,
n500-identities_c50-conc_mech-x509-1backend_valid-active_r50_audit-off_20260903T171909Z,obs_8bf520a55c794b3f9360c2cc8bd103a7,2026-09-03T17:19:09.940610+00:00,x509,valid_active,26,50,UAV-VALID,ACCEPTED,ACCEPTED,True,75286600,75.2866,58100,124800,74845900,0,174600,5000,0,0,,,,none,x509-valid_active_6,0,False,240,8,
n500-identities_c50-conc_mech-x509-1backend_valid-active_r50_audit-off_20260903T171909Z,obs_600c3c2cf66a4c9a902bc5b23e89c351,2026-09-03T17:19:09.952630+00:00,x509,valid_active,29,50,UAV-VALID,ACCEPTED,ACCEPTED,True,42332600,42.3326,52800,121600,41783400,0,221100,6000,0,0,,,,none,x509-valid_active_9,0,False,239,8,
n500-identities_c50-conc_mech-x509-1backend_valid-active_r50_audit-off_20260903T171909Z,obs_d1804ecc3b984931934f4263149e0413,2026-09-03T17:19:09.953163+00:00,x509,valid_active,30,50,UAV-VALID,ACCEPTED,ACCEPTED,True,131741300,131.7413,63000,127400,131288400,0,197500,5500,0,0,,,,none,x509-valid_active_22,0,False,240,8,
n500-identities_c50-conc_mech-x509-1backend_valid-active_r50_audit-off_20260903T171909Z,obs_5e38084a8b5f470d87b3a61127bb90cf,2026-09-03T17:19:09.973984+00:00,x509,valid_active,28,50,UAV-VALID,ACCEPTED,ACCEPTED,True,74398300,74.3983,70700,86100,73982000,0,204000,6300,0,0,,,,none,x509-valid_active_21,0,False,238,8,
n500-identities_c50-conc_mech-x509-1backend_valid-active_r50_audit-off_20260903T171909Z,obs_09793027321d4369818be020e6ac07ae,2026-09-03T17:19:09.978306+00:00,x509,valid_active,20,50,UAV-VALID,ACCEPTED,ACCEPTED,True,149274500,149.2745,32600,197400,148679600,0,235800,6000,0,0,,,,none,x509-valid_active_16,0,False,240,8,
n500-identities_c50-conc_mech-x509-1backend_valid-active_r50_audit-off_20260903T171909Z,obs_c2875184d6054855853798828905d8a8,2026-09-03T17:19:09.980518+00:00,x509,valid_active,25,50,UAV-VALID,ACCEPTED,ACCEPTED,True,168467800,168.4678,54100,111000,168079700,0,159100,4200,0,0,,,,none,x509-valid_active_19,0,False,238,8,
n500-identities_c50-conc_mech-x509-1backend_valid-active_r50_audit-off_20260903T171909Z,obs_ec32c37ebd0c41cbb52ed96d4d8e5707,2026-09-03T17:19:09.985963+00:00,x509,valid_active,24,50,UAV-VALID,ACCEPTED,ACCEPTED,True,108940800,108.9408,46500,109300,108508200,0,177200,4100,0,0,,,,none,x509-valid_active_4,0,False,238,8,
n500-identities_c50-conc_mech-x509-1backend_valid-active_r50_audit-off_20260903T171909Z,obs_ef74d11865864b6cadc53f8de257b4ab,2026-09-03T17:19:09.987330+00:00,x509,valid_active,34,50,UAV-VALID,ACCEPTED,ACCEPTED,True,65088300,65.0883,51500,87900,64685900,0,193300,5300,0,0,,,,none,x509-valid_active_2,0,False,239,8,
n500-identities_c50-conc_mech-x509-1backend_valid-active_r50_audit-off_20260903T171909Z,obs_15b5c3331cc84032affe3faebbd58e98,2026-09-03T17:19:09.992041+00:00,x509,valid_active,27,50,UAV-VALID,ACCEPTED,ACCEPTED,True,87482100,87.4821,53100,135900,86824700,0,373200,7200,0,0,,,,none,x509-valid_active_20,0,False,240,8,
n500-identities_c50-conc_mech-x509-1backend_valid-active_r50_audit-off_20260903T171909Z,obs_f41d72811df241c9ad0f7f21965f8ba4,2026-09-03T17:19:10.002662+00:00,x509,valid_active,33,50,UAV-VALID,ACCEPTED,ACCEPTED,True,88486900,88.4869,52000,135300,88051600,0,175800,3900,0,0,,,,none,x509-valid_active_25,0,False,239,8,
n500-identities_c50-conc_mech-x509-1backend_valid-active_r50_audit-off_20260903T171909Z,obs_075191e5580d4e07945f2fb34949517a,2026-09-03T17:19:10.005308+00:00,x509,valid_active,43,50,UAV-VALID,ACCEPTED,ACCEPTED,True,57013700,57.0137,58600,83400,56493100,0,259600,6200,0,0,,,,none,x509-valid_active_14,0,False,239,8,
n500-identities_c50-conc_mech-x509-1backend_valid-active_r50_audit-off_20260903T171909Z,obs_8eff3bccaa374d298cab3512cf362b2b,2026-09-03T17:19:10.006149+00:00,x509,valid_active,31,50,UAV-VALID,ACCEPTED,ACCEPTED,True,80993700,80.9937,37200,189900,80453600,0,209700,5000,0,0,,,,none,x509-valid_active_23,0,False,239,8,
n500-identities_c50-conc_mech-x509-1backend_valid-active_r50_audit-off_20260903T171909Z,obs_fee51bccf3374949a3cf1fc27bd921be,2026-09-03T17:19:10.027819+00:00,x509,valid_active,32,50,UAV-VALID,ACCEPTED,ACCEPTED,True,91513800,91.5138,30700,93600,91059600,0,225700,6700,0,0,,,,none,x509-valid_active_24,0,False,238,8,
n500-identities_c50-conc_mech-x509-1backend_valid-active_r50_audit-off_20260903T171909Z,obs_35828c9d8e2a467ab1b98e2d41756434,2026-09-03T17:19:10.028955+00:00,x509,valid_active,38,50,UAV-VALID,ACCEPTED,ACCEPTED,True,61816200,61.8162,47400,370200,61185300,0,147000,4600,0,0,,,,none,x509-valid_active_8,0,False,239,8,
n500-identities_c50-conc_mech-x509-1backend_valid-active_r50_audit-off_20260903T171909Z,obs_0e1f10ecccf84c3b8788ff31b02e5189,2026-09-03T17:19:10.031691+00:00,x509,valid_active,36,50,UAV-VALID,ACCEPTED,ACCEPTED,True,92189900,92.1899,57700,121900,91807600,0,151700,4300,0,0,,,,none,x509-valid_active_26,0,False,239,8,
n500-identities_c50-conc_mech-x509-1backend_valid-active_r50_audit-off_20260903T171909Z,obs_d8cadf063fca4596921e846edec492fa,2026-09-03T17:19:10.037205+00:00,x509,valid_active,39,50,UAV-VALID,ACCEPTED,ACCEPTED,True,57430900,57.4309,56200,78700,57057400,0,180500,4800,0,0,,,,none,x509-valid_active_1,0,False,239,8,
n500-identities_c50-conc_mech-x509-1backend_valid-active_r50_audit-off_20260903T171909Z,obs_5a8f844619e345adabfb21d4bf114b8d,2026-09-03T17:19:10.038236+00:00,x509,valid_active,42,50,UAV-VALID,ACCEPTED,ACCEPTED,True,50406100,50.4061,69400,91900,50098600,0,124600,3300,0,0,,,,none,x509-valid_active_29,0,False,238,8,
n500-identities_c50-conc_mech-x509-1backend_valid-active_r50_audit-off_20260903T171909Z,obs_27b7c4beca564d4bb1119132ef2e3b47,2026-09-03T17:19:10.038600+00:00,x509,valid_active,47,50,UAV-VALID,ACCEPTED,ACCEPTED,True,41220500,41.2205,63700,65400,40950000,0,119900,2700,0,0,,,,none,x509-valid_active_5,0,False,238,8,
n500-identities_c50-conc_mech-x509-1backend_valid-active_r50_audit-off_20260903T171909Z,obs_23ffe5f8479641588ccb41c06fb8ac8a,2026-09-03T17:19:10.038978+00:00,x509,valid_active,23,50,UAV-VALID,ACCEPTED,ACCEPTED,True,84834500,84.8345,68200,98700,84530300,0,116000,2600,0,0,,,,none,x509-valid_active_3,0,False,240,8,
n500-identities_c50-conc_mech-x509-1backend_valid-active_r50_audit-off_20260903T171909Z,obs_42bebed9f6d74608936c0071025b21aa,2026-09-03T17:19:10.040191+00:00,x509,valid_active,44,50,UAV-VALID,ACCEPTED,ACCEPTED,True,49099500,49.0995,57900,92600,48787100,0,124100,2800,0,0,,,,none,x509-valid_active_11,0,False,239,8,
n500-identities_c50-conc_mech-x509-1backend_valid-active_r50_audit-off_20260903T171909Z,obs_d62e00bfb70548eb808e2cbdb9f12781,2026-09-03T17:19:10.040506+00:00,x509,valid_active,37,50,UAV-VALID,ACCEPTED,ACCEPTED,True,53952100,53.9521,58600,86300,53667200,0,115900,2600,0,0,,,,none,x509-valid_active_27,0,False,239,8,
n500-identities_c50-conc_mech-x509-1backend_valid-active_r50_audit-off_20260903T171909Z,obs_a2292b6fed4d4a20b55bb8cbb388480c,2026-09-03T17:19:10.044089+00:00,x509,valid_active,45,50,UAV-VALID,ACCEPTED,ACCEPTED,True,17279000,17.279,40700,152700,16586800,0,218500,6000,0,0,,,,none,x509-valid_active_30,0,False,239,8,
n500-identities_c50-conc_mech-x509-1backend_valid-active_r50_audit-off_20260903T171909Z,obs_d0f2af59c0a34bc2babb90bf4da8b848,2026-09-03T17:19:10.045304+00:00,x509,valid_active,35,50,UAV-VALID,ACCEPTED,ACCEPTED,True,17184400,17.1844,39500,76300,16881200,0,132300,3200,0,0,,,,none,x509-valid_active_7,0,False,239,8,
n500-identities_c50-conc_mech-x509-1backend_valid-active_r50_audit-off_20260903T171909Z,obs_77f810a593b84dd2a3a38cc235c1b809,2026-09-03T17:19:10.046202+00:00,x509,valid_active,49,50,UAV-VALID,ACCEPTED,ACCEPTED,True,11078300,11.0783,35200,98800,10704600,0,170400,4000,0,0,,,,none,x509-valid_active_31,0,False,238,8,
n500-identities_c50-conc_mech-x509-1backend_valid-active_r50_audit-off_20260903T171909Z,obs_9e19ef6ad84e4b99ba5983b8fa8eb030,2026-09-03T17:19:10.046685+00:00,x509,valid_active,41,50,UAV-VALID,ACCEPTED,ACCEPTED,True,14619300,14.6193,88800,51300,14315900,0,159000,4300,0,0,,,,none,x509-valid_active_10,0,False,239,8,
n500-identities_c50-conc_mech-x509-1backend_valid-active_r50_audit-off_20260903T171909Z,obs_716cc23fb7ee429f9b571782e81f31d9,2026-09-03T17:19:10.047205+00:00,x509,valid_active,48,50,UAV-VALID,ACCEPTED,ACCEPTED,True,9733300,9.7333,29100,54100,9437100,0,157800,3500,0,0,,,,none,x509-valid_active_12,0,False,239,8,
n500-identities_c50-conc_mech-x509-1backend_valid-active_r50_audit-off_20260903T171909Z,obs_29570fdf66914b3882cd6a29fda64edb,2026-09-03T17:19:10.047512+00:00,x509,valid_active,46,50,UAV-VALID,ACCEPTED,ACCEPTED,True,11931000,11.931,28500,48400,11701500,0,114600,2600,0,0,,,,none,x509-valid_active_13,0,False,239,8,
n500-identities_c50-conc_mech-x509-1backend_valid-active_r50_audit-off_20260903T171909Z,obs_29809a107ad54b819f2396523c1855d5,2026-09-03T17:19:10.047801+00:00,x509,valid_active,40,50,UAV-VALID,ACCEPTED,ACCEPTED,True,11902300,11.9023,22700,60300,11674900,0,109300,2000,0,0,,,,none,x509-valid_active_28,0,False,239,8,
n500-identities_c50-conc_mech-blockchain-1backend_valid-active_r50_audit-off_20260903T171911Z,obs_09e39904a8ee47ec91b9f271dc320d19,2026-09-03T17:19:11.519920+00:00,blockchain,valid_active,0,50,UAV-VALID,ACCEPTED,ACCEPTED,True,45486800,45.4868,82200,45032500,0,5300,267900,7300,0,0,,,,none,MainThread,0,True,238,8,
n500-identities_c50-conc_mech-blockchain-1backend_valid-active_r50_audit-off_20260903T171911Z,obs_cc1897580df64cd6a337c2e1709c741b,2026-09-03T17:19:11.605989+00:00,blockchain,valid_active,1,50,UAV-VALID,ACCEPTED,ACCEPTED,True,57700500,57.7005,54500,57158800,0,7100,284800,5500,0,0,,,,none,MainThread,0,True,238,8,
n500-identities_c50-conc_mech-blockchain-1backend_valid-active_r50_audit-off_20260903T171911Z,obs_e71997e93a254131a599691b8b338f7b,2026-09-03T17:19:11.797083+00:00,blockchain,valid_active,1,50,UAV-VALID,ACCEPTED,ACCEPTED,True,150953400,150.9534,75300,150679500,0,3600,161300,3900,0,0,,,,none,blockchain-valid_active_1,0,False,239,8,
n500-identities_c50-conc_mech-blockchain-1backend_valid-active_r50_audit-off_20260903T171911Z,obs_9fd081b8ad9f42ce9c468d5587d5eeab,2026-09-03T17:19:12.245758+00:00,blockchain,valid_active,3,50,UAV-VALID,ACCEPTED,ACCEPTED,True,523906500,523.9065,40400,523511500,0,4300,247700,5900,0,0,,,,none,blockchain-valid_active_3,0,False,239,8,
n500-identities_c50-conc_mech-blockchain-1backend_valid-active_r50_audit-off_20260903T171911Z,obs_21ac022cac114452bc78de694d35856e,2026-09-03T17:19:11.804967+00:00,blockchain,valid_active,0,50,UAV-VALID,ACCEPTED,ACCEPTED,True,163463900,163.4639,57300,163212500,0,2500,147600,3100,0,0,,,,none,blockchain-valid_active_0,0,False,240,8,
n500-identities_c50-conc_mech-blockchain-1backend_valid-active_r50_audit-off_20260903T171911Z,obs_029f651f0c2f424dbb1bcd45344dabec,2026-09-03T17:19:11.878310+00:00,blockchain,valid_active,4,50,UAV-VALID,ACCEPTED,ACCEPTED,True,191177300,191.1773,58800,190881500,0,4200,168500,4400,0,0,,,,none,blockchain-valid_active_4,0,False,239,8,
n500-identities_c50-conc_mech-blockchain-1backend_valid-active_r50_audit-off_20260903T171911Z,obs_1e7f87ecb5b3487eb56095b3803f9a93,2026-09-03T17:19:12.044923+00:00,blockchain,valid_active,2,50,UAV-VALID,ACCEPTED,ACCEPTED,True,331696800,331.6968,47200,331260500,0,4700,269000,7400,0,0,,,,none,blockchain-valid_active_2,0,False,239,8,
n500-identities_c50-conc_mech-blockchain-1backend_valid-active_r50_audit-off_20260903T171911Z,obs_635b9057d4a149919b1bf13b8ba54065,2026-09-03T17:19:12.310108+00:00,blockchain,valid_active,5,50,UAV-VALID,ACCEPTED,ACCEPTED,True,616590900,616.5909,291000,616162700,0,6300,246600,7800,0,0,,,,none,blockchain-valid_active_5,0,False,239,8,
n500-identities_c50-conc_mech-blockchain-1backend_valid-active_r50_audit-off_20260903T171911Z,obs_a5a3db2a97574cb6843593f68341769b,2026-09-03T17:19:12.336996+00:00,blockchain,valid_active,13,50,UAV-VALID,ACCEPTED,ACCEPTED,True,537300100,537.3001,23700,537023300,0,3100,177000,4400,0,0,,,,none,blockchain-valid_active_13,0,False,239,8,
n500-identities_c50-conc_mech-blockchain-1backend_valid-active_r50_audit-off_20260903T171911Z,obs_fb7dc27e3a0b449fb3a3bbfb88bae105,2026-09-03T17:19:12.370126+00:00,blockchain,valid_active,8,50,UAV-VALID,ACCEPTED,ACCEPTED,True,592414400,592.4144,54800,592085700,0,4400,192200,3800,0,0,,,,none,blockchain-valid_active_8,0,False,239,8,
n500-identities_c50-conc_mech-blockchain-1backend_valid-active_r50_audit-off_20260903T171911Z,obs_6d854ffccb184b4eaa5cb542d752ec36,2026-09-03T17:19:12.401558+00:00,blockchain,valid_active,11,50,UAV-VALID,ACCEPTED,ACCEPTED,True,603459100,603.4591,27200,603088600,0,5200,233000,9500,0,0,,,,none,blockchain-valid_active_11,0,False,240,8,
n500-identities_c50-conc_mech-blockchain-1backend_valid-active_r50_audit-off_20260903T171911Z,obs_2e5b656554504502a7018bd94888139e,2026-09-03T17:19:12.410639+00:00,blockchain,valid_active,12,50,UAV-VALID,ACCEPTED,ACCEPTED,True,599546400,599.5464,72500,599139900,0,5300,234100,7400,0,0,,,,none,blockchain-valid_active_12,0,False,239,8,
n500-identities_c50-conc_mech-blockchain-1backend_valid-active_r50_audit-off_20260903T171911Z,obs_329a28cc93e54d0895f4db21176b7aae,2026-09-03T17:19:12.432772+00:00,blockchain,valid_active,14,50,UAV-VALID,ACCEPTED,ACCEPTED,True,612991400,612.9914,30200,612539600,0,5200,285100,7800,0,0,,,,none,blockchain-valid_active_14,0,False,238,8,
n500-identities_c50-conc_mech-blockchain-1backend_valid-active_r50_audit-off_20260903T171911Z,obs_dcaf7226419145ac824c16d04342ebde,2026-09-03T17:19:12.479916+00:00,blockchain,valid_active,6,50,UAV-VALID,ACCEPTED,ACCEPTED,True,724516900,724.5169,38100,724116400,0,6300,255400,7200,0,0,,,,none,blockchain-valid_active_6,0,False,239,8,
n500-identities_c50-conc_mech-blockchain-1backend_valid-active_r50_audit-off_20260903T171911Z,obs_f1c2b5b48e5e42ce9f0687ff4534f969,2026-09-03T17:19:12.492488+00:00,blockchain,valid_active,7,50,UAV-VALID,ACCEPTED,ACCEPTED,True,729569800,729.5698,56100,729115800,0,5800,287500,8500,0,0,,,,none,blockchain-valid_active_7,0,False,239,8,
n500-identities_c50-conc_mech-blockchain-1backend_valid-active_r50_audit-off_20260903T171911Z,obs_e65b3631285e4b37b143a54363c104a1,2026-09-03T17:19:12.517624+00:00,blockchain,valid_active,16,50,UAV-VALID,ACCEPTED,ACCEPTED,True,653194500,653.1945,29700,652855300,0,4600,211900,5800,0,0,,,,none,blockchain-valid_active_16,0,False,239,8,
n500-identities_c50-conc_mech-blockchain-1backend_valid-active_r50_audit-off_20260903T171911Z,obs_3f4bcd3e42a34f679f06aad7af2a2bfa,2026-09-03T17:19:12.523520+00:00,blockchain,valid_active,9,50,UAV-VALID,ACCEPTED,ACCEPTED,True,741950800,741.9508,30300,741659200,0,3600,196300,4000,0,0,,,,none,blockchain-valid_active_9,0,False,239,8,
n500-identities_c50-conc_mech-blockchain-1backend_valid-active_r50_audit-off_20260903T171911Z,obs_5b460aaa45884890875157984a899ec2,2026-09-03T17:19:12.534117+00:00,blockchain,valid_active,10,50,UAV-VALID,ACCEPTED,ACCEPTED,True,727048000,727.048,26100,726793900,0,2800,164700,3400,0,0,,,,none,blockchain-valid_active_10,0,False,238,8,
n500-identities_c50-conc_mech-blockchain-1backend_valid-active_r50_audit-off_20260903T171911Z,obs_d65652473d514d7cb12691243e42230a,2026-09-03T17:19:12.556224+00:00,blockchain,valid_active,18,50,UAV-VALID,ACCEPTED,ACCEPTED,True,694546800,694.5468,44800,694288800,0,3000,150600,3500,0,0,,,,none,blockchain-valid_active_18,0,False,239,8,
n500-identities_c50-conc_mech-blockchain-1backend_valid-active_r50_audit-off_20260903T171911Z,obs_67091d9ff0344e189d52aebf5a868ac4,2026-09-03T17:19:12.579446+00:00,blockchain,valid_active,24,50,UAV-VALID,ACCEPTED,ACCEPTED,True,667733200,667.7332,34400,667423200,0,3900,187600,4600,0,0,,,,none,blockchain-valid_active_22,0,False,240,8,
n500-identities_c50-conc_mech-blockchain-1backend_valid-active_r50_audit-off_20260903T171911Z,obs_4a9b7542ab05455480f1b5b962ba9b3c,2026-09-03T17:19:12.584362+00:00,blockchain,valid_active,20,50,UAV-VALID,ACCEPTED,ACCEPTED,True,655781100,655.7811,31700,655519800,0,2400,155000,3500,0,0,,,,none,blockchain-valid_active_20,0,False,240,8,
n500-identities_c50-conc_mech-blockchain-1backend_valid-active_r50_audit-off_20260903T171911Z,obs_0723f82e6e1d400c8cfed7c00890028e,2026-09-03T17:19:12.593989+00:00,blockchain,valid_active,22,50,UAV-VALID,ACCEPTED,ACCEPTED,True,686622600,686.6226,31900,686343200,0,4100,164900,4300,0,0,,,,none,blockchain-valid_active_21,0,False,239,8,
n500-identities_c50-conc_mech-blockchain-1backend_valid-active_r50_audit-off_20260903T171911Z,obs_66b4f3ab54574bf4a51b29b4aa7cb128,2026-09-03T17:19:12.603230+00:00,blockchain,valid_active,15,50,UAV-VALID,ACCEPTED,ACCEPTED,True,751253400,751.2534,32800,751013100,0,2400,154100,3100,0,0,,,,none,blockchain-valid_active_15,0,False,239,8,
n500-identities_c50-conc_mech-blockchain-1backend_valid-active_r50_audit-off_20260903T171911Z,obs_a9ef9c70d1324e3583c3126e6ec5e960,2026-09-03T17:19:12.604347+00:00,blockchain,valid_active,17,50,UAV-VALID,ACCEPTED,ACCEPTED,True,706610800,706.6108,35300,706376300,0,3100,147400,3600,0,0,,,,none,blockchain-valid_active_17,0,False,239,8,
n500-identities_c50-conc_mech-blockchain-1backend_valid-active_r50_audit-off_20260903T171911Z,obs_8cc0b389fabb42dda636ac19a341753e,2026-09-03T17:19:12.620485+00:00,blockchain,valid_active,25,50,UAV-VALID,ACCEPTED,ACCEPTED,True,694126100,694.1261,80800,693830500,0,4300,167200,4300,0,0,,,,none,blockchain-valid_active_23,0,False,239,8,
n500-identities_c50-conc_mech-blockchain-1backend_valid-active_r50_audit-off_20260903T171911Z,obs_4c75f75681f94fc892535d09d58ec557,2026-09-03T17:19:12.622472+00:00,blockchain,valid_active,21,50,UAV-VALID,ACCEPTED,ACCEPTED,True,717382300,717.3823,41900,717080800,0,3400,189000,4000,0,0,,,,none,blockchain-valid_active_1,0,False,239,8,
n500-identities_c50-conc_mech-blockchain-1backend_valid-active_r50_audit-off_20260903T171911Z,obs_176072a113b94b42a662daf3826e63c6,2026-09-03T17:19:12.632013+00:00,blockchain,valid_active,26,50,UAV-VALID,ACCEPTED,ACCEPTED,True,661137900,661.1379,36900,660779500,0,4600,225200,6500,0,0,,,,none,blockchain-valid_active_24,0,False,239,8,
n500-identities_c50-conc_mech-blockchain-1backend_valid-active_r50_audit-off_20260903T171911Z,obs_a653ea1deb0e497eaba969e22299aafb,2026-09-03T17:19:12.654432+00:00,blockchain,valid_active,27,50,UAV-VALID,ACCEPTED,ACCEPTED,True,668432700,668.4327,34200,668132300,0,3200,165800,5200,0,0,,,,none,blockchain-valid_active_25,0,False,239,8,
n500-identities_c50-conc_mech-blockchain-1backend_valid-active_r50_audit-off_20260903T171911Z,obs_5e6df3a9e0494a908869d0e364c64cde,2026-09-03T17:19:12.656144+00:00,blockchain,valid_active,23,50,UAV-VALID,ACCEPTED,ACCEPTED,True,755906100,755.9061,26900,755621000,0,3300,186300,3800,0,0,,,,none,blockchain-valid_active_0,0,False,239,8,
n500-identities_c50-conc_mech-blockchain-1backend_valid-active_r50_audit-off_20260903T171911Z,obs_31b106096e3e44e5b5536bc706bae5c1,2026-09-03T17:19:12.659514+00:00,blockchain,valid_active,28,50,UAV-VALID,ACCEPTED,ACCEPTED,True,581254600,581.2546,58700,580860900,0,2600,264600,6300,0,0,,,,none,blockchain-valid_active_26,0,False,239,8,
n500-identities_c50-conc_mech-blockchain-1backend_valid-active_r50_audit-off_20260903T171911Z,obs_c47efa2e90834b94a3eb0268fb617f10,2026-09-03T17:19:12.664196+00:00,blockchain,valid_active,19,50,UAV-VALID,ACCEPTED,ACCEPTED,True,779515100,779.5151,29400,779207000,0,3400,191700,6100,0,0,,,,none,blockchain-valid_active_19,0,False,240,8,
n500-identities_c50-conc_mech-blockchain-1backend_valid-active_r50_audit-off_20260903T171911Z,obs_65bd3107694849e6b4800f54910d6f34,2026-09-03T17:19:12.669177+00:00,blockchain,valid_active,32,50,UAV-VALID,ACCEPTED,ACCEPTED,True,563221100,563.2211,61900,562964200,0,2400,147600,4200,0,0,,,,none,blockchain-valid_active_29,0,False,239,8,
n500-identities_c50-conc_mech-blockchain-1backend_valid-active_r50_audit-off_20260903T171911Z,obs_bba27781159f4c4086b59086b53931cc,2026-09-03T17:19:12.671951+00:00,blockchain,valid_active,30,50,UAV-VALID,ACCEPTED,ACCEPTED,True,615668200,615.6682,49000,615328300,0,3700,205900,5200,0,0,,,,none,blockchain-valid_active_28,0,False,239,8,
n500-identities_c50-conc_mech-blockchain-1backend_valid-active_r50_audit-off_20260903T171911Z,obs_203c410c3d6c40518759e5839d17bc6e,2026-09-03T17:19:12.679755+00:00,blockchain,valid_active,29,50,UAV-VALID,ACCEPTED,ACCEPTED,True,544541800,544.5418,58500,544277200,0,2700,155100,4100,0,0,,,,none,blockchain-valid_active_27,0,False,239,8,
n500-identities_c50-conc_mech-blockchain-1backend_valid-active_r50_audit-off_20260903T171911Z,obs_6c37a46200fe4647b7c49d69f72417d7,2026-09-03T17:19:12.683197+00:00,blockchain,valid_active,31,50,UAV-VALID,ACCEPTED,ACCEPTED,True,620177600,620.1776,54200,619834400,0,3800,209000,5200,0,0,,,,none,blockchain-valid_active_4,0,False,238,8,
n500-identities_c50-conc_mech-blockchain-1backend_valid-active_r50_audit-off_20260903T171911Z,obs_b7b92fe8bb0c44bfa12af7b295b2445b,2026-09-03T17:19:12.717786+00:00,blockchain,valid_active,33,50,UAV-VALID,ACCEPTED,ACCEPTED,True,542330400,542.3304,53800,541955100,0,3400,158200,4400,0,0,,,,none,blockchain-valid_active_30,0,False,238,8,
n500-identities_c50-conc_mech-blockchain-1backend_valid-active_r50_audit-off_20260903T171911Z,obs_552554bfe6e4479f866f3710b6952b96,2026-09-03T17:19:12.725323+00:00,blockchain,valid_active,38,50,UAV-VALID,ACCEPTED,ACCEPTED,True,426568100,426.5681,39500,426122100,0,10800,240200,8000,0,0,,,,none,blockchain-valid_active_35,0,False,240,8,
n500-identities_c50-conc_mech-blockchain-1backend_valid-active_r50_audit-off_20260903T171911Z,obs_6a9bbcc67855432c93fc17391279ebdd,2026-09-03T17:19:12.728410+00:00,blockchain,valid_active,36,50,UAV-VALID,ACCEPTED,ACCEPTED,True,451826700,451.8267,56300,451474700,0,3300,209000,7000,0,0,,,,none,blockchain-valid_active_33,0,False,239,8,
n500-identities_c50-conc_mech-blockchain-1backend_valid-active_r50_audit-off_20260903T171911Z,obs_9e08aaf749d649d88b2ac50d0928760d,2026-09-03T17:19:12.736018+00:00,blockchain,valid_active,40,50,UAV-VALID,ACCEPTED,ACCEPTED,True,408662300,408.6623,55500,408401200,0,2800,149900,3900,0,0,,,,none,blockchain-valid_active_36,0,False,240,8,
n500-identities_c50-conc_mech-blockchain-1backend_valid-active_r50_audit-off_20260903T171911Z,obs_0dd29c0170bd43f296507110e4706bca,2026-09-03T17:19:12.739063+00:00,blockchain,valid_active,44,50,UAV-VALID,ACCEPTED,ACCEPTED,True,393792400,393.7924,50500,393514800,0,3600,163500,3800,0,0,,,,none,blockchain-valid_active_40,0,False,240,8,
n500-identities_c50-conc_mech-blockchain-1backend_valid-active_r50_audit-off_20260903T171911Z,obs_d9bcea3c323840bea16714ab0eaf3210,2026-09-03T17:19:12.744791+00:00,blockchain,valid_active,41,50,UAV-VALID,ACCEPTED,ACCEPTED,True,393422700,393.4227,55700,393065200,0,4200,217000,6200,0,0,,,,none,blockchain-valid_active_37,0,False,238,8,
n500-identities_c50-conc_mech-blockchain-1backend_valid-active_r50_audit-off_20260903T171911Z,obs_375f40b075184ee3acc78e4da503295a,2026-09-03T17:19:12.753443+00:00,blockchain,valid_active,35,50,UAV-VALID,ACCEPTED,ACCEPTED,True,582573400,582.5734,51700,582284700,0,3300,174300,4000,0,0,,,,none,blockchain-valid_active_32,0,False,240,8,
n500-identities_c50-conc_mech-blockchain-1backend_valid-active_r50_audit-off_20260903T171911Z,obs_165d0f8fe21a460794e150ce6663c314,2026-09-03T17:19:12.759651+00:00,blockchain,valid_active,39,50,UAV-VALID,ACCEPTED,ACCEPTED,True,526229600,526.2296,39700,525659100,0,6000,266200,6000,0,0,,,,none,blockchain-valid_active_2,0,False,238,8,
n500-identities_c50-conc_mech-blockchain-1backend_valid-active_r50_audit-off_20260903T171911Z,obs_e06d6e0a54f74999b96e9d31d4f385f4,2026-09-03T17:19:12.762917+00:00,blockchain,valid_active,34,50,UAV-VALID,ACCEPTED,ACCEPTED,True,572147300,572.1473,54100,571752500,0,3900,239500,5200,0,0,,,,none,blockchain-valid_active_31,0,False,239,8,
n500-identities_c50-conc_mech-blockchain-1backend_valid-active_r50_audit-off_20260903T171911Z,obs_99762b34089e41e39974a436b3e2d28f,2026-09-03T17:19:12.770708+00:00,blockchain,valid_active,37,50,UAV-VALID,ACCEPTED,ACCEPTED,True,438642000,438.642,45300,438387900,0,3000,158900,4000,0,0,,,,none,blockchain-valid_active_34,0,False,239,8,
n500-identities_c50-conc_mech-blockchain-1backend_valid-active_r50_audit-off_20260903T171911Z,obs_25bfda01cdeb48039084cd23a2f91245,2026-09-03T17:19:12.774555+00:00,blockchain,valid_active,42,50,UAV-VALID,ACCEPTED,ACCEPTED,True,401619800,401.6198,46600,401218800,0,4800,246400,7000,0,0,,,,none,blockchain-valid_active_38,0,False,238,8,
n500-identities_c50-conc_mech-blockchain-1backend_valid-active_r50_audit-off_20260903T171911Z,obs_cebc6705f44e4619b44e0309d1c03b66,2026-09-03T17:19:12.776577+00:00,blockchain,valid_active,43,50,UAV-VALID,ACCEPTED,ACCEPTED,True,409298200,409.2982,58100,409017000,0,3000,166100,3600,0,0,,,,none,blockchain-valid_active_39,0,False,238,8,
n500-identities_c50-conc_mech-blockchain-1backend_valid-active_r50_audit-off_20260903T171911Z,obs_7ce9681ec2b542e0a473f4f5264cff3b,2026-09-03T17:19:12.779400+00:00,blockchain,valid_active,45,50,UAV-VALID,ACCEPTED,ACCEPTED,True,345565200,345.5652,46800,345310200,0,3600,159500,3400,0,0,,,,none,blockchain-valid_active_41,0,False,240,8,
n500-identities_c50-conc_mech-blockchain-1backend_valid-active_r50_audit-off_20260903T171911Z,obs_b8e9dd9bf8334f6f96b9ef0e2f3e8068,2026-09-03T17:19:12.781649+00:00,blockchain,valid_active,47,50,UAV-VALID,ACCEPTED,ACCEPTED,True,243274800,243.2748,29300,243030000,0,2400,154300,4100,0,0,,,,none,blockchain-valid_active_42,0,False,239,8,
n500-identities_c50-conc_mech-blockchain-1backend_valid-active_r50_audit-off_20260903T171911Z,obs_fb0ae771dddd44299775aee7143665ac,2026-09-03T17:19:12.783138+00:00,blockchain,valid_active,46,50,UAV-VALID,ACCEPTED,ACCEPTED,True,327659900,327.6599,83300,327418000,0,2800,145200,3000,0,0,,,,none,blockchain-valid_active_3,0,False,239,8,
n500-identities_c50-conc_mech-blockchain-1backend_valid-active_r50_audit-off_20260903T171911Z,obs_8e0614134b2949a299ad27c5f7db127a,2026-09-03T17:19:12.784498+00:00,blockchain,valid_active,48,50,UAV-VALID,ACCEPTED,ACCEPTED,True,234314000,234.314,44900,234103400,0,3000,134000,3400,0,0,,,,none,blockchain-valid_active_43,0,False,238,8,
n500-identities_c50-conc_mech-blockchain-1backend_valid-active_r50_audit-off_20260903T171911Z,obs_3ff8b0b0344742469b937c9a81fb89e6,2026-09-03T17:19:12.787889+00:00,blockchain,valid_active,49,50,UAV-VALID,ACCEPTED,ACCEPTED,True,246257900,246.2579,54900,245962300,0,5000,165500,4400,0,0,,,,none,blockchain-valid_active_44,0,False,237,8,
