run_id,observation_id,utc_timestamp,mechanism,scenario,repetition,concurrency_level,uav_id,expected_outcome,observed_outcome,expectation_met,decision_latency_ns,decision_latency_ms,challenge_generation_ns,identity_lookup_ns,certificate_validation_ns,contract_call_ns,signature_verification_ns,authorisation_check_ns,audit_submission_ns,audit_confirmation_ns,tx_hash,block_number,gas_used,timeout_error_class,worker_id,payload_size,warmup,request_bytes,response_bytes,notes
n10-identities_c1-conc_mech-x509-1backend_security-battery_r30_audit-off_20260824T233608Z,obs_d0770a2c4e984f6792d86088a8f3e5c5,2026-08-24T23:36:36.233724+00:00,x509,valid_active,0,1,UAV-VALID,ACCEPTED,ACCEPTED,true,11873800,11.8738,56200,3821300,7620400,0,209300,9400,0,0,,,,none,x509-valid_active_0,0,true,239,8,
n10-identities_c1-conc_mech-x509-1backend_security-battery_r30_audit-off_20260824T233608Z,obs_ea5223ac1cef4353810c2e2f8a9f45b1,2026-08-24T23:36:36.242406+00:00,x509,valid_active,1,1,UAV-VALID,ACCEPTED,ACCEPTED,true,1713100,1.7131,47300,90400,1331200,0,167800,5900,0,0,,,,none,x509-valid_active_0,0,true,239,8,
n10-identities_c1-conc_mech-x509-1backend_security-battery_r30_audit-off_20260824T233608Z,obs_10de68b5644f44c98063b72ee13f1c29,2026-08-24T23:36:36.251967+00:00,x509,valid_active,0,1,UAV-VALID,ACCEPTED,ACCEPTED,true,1944400,1.9444,50600,93700,1536900,0,189300,5800,0,0,,,,none,x509-valid_active_0,0,false,239,8,
n10-identities_c1-conc_mech-x509-1backend_security-battery_r30_audit-off_20260824T233608Z,obs_16d21165798342e29f82236b5ee01aaf,2026-08-24T23:36:36.261142+00:00,x509,valid_active,1,1,UAV-VALID,ACCEPTED,ACCEPTED,true,1789800,1.7898,55800,92000,1402400,0,166600,5500,0,0,,,,none,x509-valid_active_0,0,false,240,8,
n10-identities_c1-conc_mech-x509-1backend_security-battery_r30_audit-off_20260824T233608Z,obs_80dbe426c6ae48b8836df5619cff0206,2026-08-24T23:36:36.270151+00:00,x509,valid_active,2,1,UAV-VALID,ACCEPTED,ACCEPTED,true,2413600,2.4136,56200,127600,1950700,0,187100,7400,0,0,,,,none,x509-valid_active_0,0,false,238,8,
n10-identities_c1-conc_mech-x509-1backend_security-battery_r30_audit-off_20260824T233608Z,obs_7a23dd933b4e4f8c8bded30e3365bbc9,2026-08-24T23:36:36.279545+00:00,x509,valid_active,3,1,UAV-VALID,ACCEPTED,ACCEPTED,true,1988200,1.9882,52300,90800,1578200,0,197500,5000,0,0,,,,none,x509-valid_active_0,0,false,238,8,
n10-identities_c1-conc_mech-x509-1backend_security-battery_r30_audit-off_20260824T233608Z,obs_6f8e2765ed2b427aae1f648d7cf9fa83,2026-08-24T23:36:36.288668+00:00,x509,valid_active,4,1,UAV-VALID,ACCEPTED,ACCEPTED,true,1944400,1.9444,50600,109000,1511600,0,200100,5600,0,0,,,,none,x509-valid_active_0,0,false,239,8,
n10-identities_c1-conc_mech-x509-1backend_security-battery_r30_audit-off_20260824T233608Z,obs_4a670febeb2245fe81b8fd5e5ff3ba73,2026-08-24T23:36:36.297267+00:00,x509,valid_active,5,1,UAV-VALID,ACCEPTED,ACCEPTED,true,1516200,1.5162,51000,70300,1160000,0,178300,4800,0,0,,,,none,x509-valid_active_0,0,false,240,8,
n10-identities_c1-conc_mech-x509-1backend_security-battery_r30_audit-off_20260824T233608Z,obs_ad1e0195d46144bc8de47961c11b5862,2026-08-24T23:36:36.306074+00:00,x509,valid_active,6,1,UAV-VALID,ACCEPTED,ACCEPTED,true,2118600,2.1186,50700,88700,1698000,0,195600,6900,0,0,,,,none,x509-valid_active_0,0,false,239,8,
n10-identities_c1-conc_mech-x509-1backend_security-battery_r30_audit-off_20260824T233608Z,obs_524eb7f7396a4d6abd577f2d0dc597cb,2026-08-24T23:36:36.315816+00:00,x509,valid_active,7,1,UAV-VALID,ACCEPTED,ACCEPTED,true,2994500,2.9945,50300,88100,2304400,0,274200,9200,0,0,,,,none,x509-valid_active_0,0,false,239,8,
n10-identities_c1-conc_mech-x509-1backend_security-battery_r30_audit-off_20260824T233608Z,obs_6dd17d543ef9418fa742a2411affdd83,2026-08-24T23:36:36.324730+00:00,x509,valid_active,8,1,UAV-VALID,ACCEPTED,ACCEPTED,true,1754000,1.754,46800,88600,1401700,0,157800,5100,0,0,,,,none,x509-valid_active_0,0,false,238,8,
n10-identities_c1-conc_mech-x509-1backend_security-battery_r30_audit-off_20260824T233608Z,obs_953b5bd5833740fbbbac4e043bcf55a5,2026-08-24T23:36:36.332986+00:00,x509,valid_active,9,1,UAV-VALID,ACCEPTED,ACCEPTED,true,2053000,2.053,40900,81500,1639100,0,201600,5400,0,0,,,,none,x509-valid_active_0,0,false,239,8,
n10-identities_c1-conc_mech-x509-1backend_security-battery_r30_audit-off_20260824T233608Z,obs_ea6175bac9334a30ac9782eee5d4fab9,2026-08-24T23:36:36.341696+00:00,x509,valid_active,10,1,UAV-VALID,ACCEPTED,ACCEPTED,true,1788000,1.788,43600,68500,1466300,0,157900,5000,0,0,,,,none,x509-valid_active_0,0,false,239,8,
n10-identities_c1-conc_mech-x509-1backend_security-battery_r30_audit-off_20260824T233608Z,obs_e727642d3b0e4a5c99358f99044932f5,2026-08-24T23:36:36.349991+00:00,x509,valid_active,11,1,UAV-VALID,ACCEPTED,ACCEPTED,true,2188100,2.1881,36000,77800,1794300,0,197400,5100,0,0,,,,none,x509-valid_active_0,0,false,238,8,
n10-identities_c1-conc_mech-x509-1backend_security-battery_r30_audit-off_20260824T233608Z,obs_60ae336d625348bb9430e194d846034c,2026-08-24T23:36:36.359073+00:00,x509,valid_active,12,1,UAV-VALID,ACCEPTED,ACCEPTED,true,1807300,1.8073,43200,83100,1469000,0,153800,4600,0,0,,,,none,x509-valid_active_0,0,false,240,8,
n10-identities_c1-conc_mech-x509-1backend_security-battery_r30_audit-off_20260824T233608Z,obs_bfa4126438994011a4728979280ae3eb,2026-08-24T23:36:36.366219+00:00,x509,valid_active,13,1,UAV-VALID,ACCEPTED,ACCEPTED,true,2089500,2.0895,35700,72400,1663400,0,189200,5900,0,0,,,,none,x509-valid_active_0,0,false,238,8,
n10-identities_c1-conc_mech-x509-1backend_security-battery_r30_audit-off_20260824T233608Z,obs_054d78f426a141efa084b033114202a6,2026-08-24T23:36:36.375026+00:00,x509,valid_active,14,1,UAV-VALID,ACCEPTED,ACCEPTED,true,1798000,1.798,39200,78300,1458300,0,164700,4400,0,0,,,,none,x509-valid_active_0,0,false,239,8,
n10-identities_c1-conc_mech-x509-1backend_security-battery_r30_audit-off_20260824T233608Z,obs_5f8c1295bf864ca49eaf6cf3fd8453a1,2026-08-24T23:36:36.383779+00:00,x509,valid_active,15,1,UAV-VALID,ACCEPTED,ACCEPTED,true,2095400,2.0954,32300,70400,1744600,0,179100,5800,0,0,,,,none,x509-valid_active_0,0,false,239,8,
n10-identities_c1-conc_mech-x509-1backend_security-battery_r30_audit-off_20260824T233608Z,obs_dba3cc6bede640e0b659d6390153b675,2026-08-24T23:36:36.391947+00:00,x509,valid_active,16,1,UAV-VALID,ACCEPTED,ACCEPTED,true,1700800,1.7008,37700,80000,1364600,0,155700,4800,0,0,,,,none,x509-valid_active_0,0,false,238,8,
n10-identities_c1-conc_mech-x509-1backend_security-battery_r30_audit-off_20260824T233608Z,obs_0df44903fdb641e0b462a571f36836cb,2026-08-24T23:36:36.401200+00:00,x509,valid_active,17,1,UAV-VALID,ACCEPTED,ACCEPTED,true,2762400,2.7624,53100,140400,2316100,0,166100,4500,0,0,,,,none,x509-valid_active_0,0,false,239,8,
n10-identities_c1-conc_mech-x509-1backend_security-battery_r30_audit-off_20260824T233608Z,obs_46072672e4b84cd0a0c3ac8779184bb0,2026-08-24T23:36:36.409596+00:00,x509,valid_active,18,1,UAV-VALID,ACCEPTED,ACCEPTED,true,1778300,1.7783,42000,71500,1452200,0,165300,4400,0,0,,,,none,x509-valid_active_0,0,false,238,8,
n10-identities_c1-conc_mech-x509-1backend_security-battery_r30_audit-off_20260824T233608Z,obs_58b989cb8186422c9f31f7eb3959b8a4,2026-08-24T23:36:36.419513+00:00,x509,valid_active,19,1,UAV-VALID,ACCEPTED,ACCEPTED,true,2418900,2.4189,66200,133700,1935500,0,199100,7200,0,0,,,,none,x509-valid_active_0,0,false,238,8,
n10-identities_c1-conc_mech-x509-1backend_security-battery_r30_audit-off_20260824T233608Z,obs_3cdb8e887d434c2080ec96bb4f52962f,2026-08-24T23:36:36.427405+00:00,x509,valid_active,20,1,UAV-VALID,ACCEPTED,ACCEPTED,true,1623500,1.6235,39800,75000,1308700,0,153400,4400,0,0,,,,none,x509-valid_active_0,0,false,240,8,
n10-identities_c1-conc_mech-x509-1backend_security-battery_r30_audit-off_20260824T233608Z,obs_2ce372a1233f49ac916769746317b2d1,2026-08-24T23:36:36.436272+00:00,x509,valid_active,21,1,UAV-VALID,ACCEPTED,ACCEPTED,true,2033100,2.0331,52400,95900,1594200,0,206000,5800,0,0,,,,none,x509-valid_active_0,0,false,240,8,
n10-identities_c1-conc_mech-x509-1backend_security-battery_r30_audit-off_20260824T233608Z,obs_95ffbfaf84d44c4b9557523357ffa0ec,2026-08-24T23:36:36.445603+00:00,x509,valid_active,22,1,UAV-VALID,ACCEPTED,ACCEPTED,true,1871500,1.8715,46300,91400,1424400,0,233900,7700,0,0,,,,none,x509-valid_active_0,0,false,239,8,
n10-identities_c1-conc_mech-x509-1backend_security-battery_r30_audit-off_20260824T233608Z,obs_aceadf1d1c034b7e997325179474a641,2026-08-24T23:36:36.456655+00:00,x509,valid_active,23,1,UAV-VALID,ACCEPTED,ACCEPTED,true,2319800,2.3198,66700,177300,1792200,0,193500,5400,0,0,,,,none,x509-valid_active_0,0,false,239,8,
n10-identities_c1-conc_mech-x509-1backend_security-battery_r30_audit-off_20260824T233608Z,obs_30bf9e6a8d6043b6ba3be0c0a8823fd8,2026-08-24T23:36:36.465970+00:00,x509,valid_active,24,1,UAV-VALID,ACCEPTED,ACCEPTED,true,2114900,2.1149,49500,97100,1521700,0,203600,7000,0,0,,,,none,x509-valid_active_0,0,false,238,8,
n10-identities_c1-conc_mech-x509-1backend_security-battery_r30_audit-off_20260824T233608Z,obs_d10939ce81784a2db44dfe0554e99ce2,2026-08-24T23:36:36.481188+00:00,x509,valid_active,25,1,UAV-VALID,ACCEPTED,ACCEPTED,true,2139700,2.1397,56800,256100,1553200,0,169500,5800,0,0,,,,none,x509-valid_active_0,0,false,239,8,
n10-identities_c1-conc_mech-x509-1backend_security-battery_r30_audit-off_20260824T233608Z,obs_c9ac853c4c65486da9948bfada70ffb6,2026-08-24T23:36:36.489750+00:00,x509,valid_active,26,1,UAV-VALID,ACCEPTED,ACCEPTED,true,1686600,1.6866,48200,74500,1274900,0,230600,6200,0,0,,,,none,x509-valid_active_0,0,false,239,8,
n10-identities_c1-conc_mech-x509-1backend_security-battery_r30_audit-off_20260824T233608Z,obs_cca0322fbd194c0bb6163289f4b6537c,2026-08-24T23:36:36.499311+00:00,x509,valid_active,27,1,UAV-VALID,ACCEPTED,ACCEPTED,true,1990700,1.9907,43300,80200,1611100,0,188200,4900,0,0,,,,none,x509-valid_active_0,0,false,239,8,
n10-identities_c1-conc_mech-x509-1backend_security-battery_r30_audit-off_20260824T233608Z,obs_446b7af8b47047049d14cececaf1ccbd,2026-08-24T23:36:36.509639+00:00,x509,valid_active,28,1,UAV-VALID,ACCEPTED,ACCEPTED,true,2489100,2.4891,52200,164200,1973500,0,181200,4700,0,0,,,,none,x509-valid_active_0,0,false,239,8,
n10-identities_c1-conc_mech-x509-1backend_security-battery_r30_audit-off_20260824T233608Z,obs_5d77faf19d51463ba86c469ac2ae80f1,2026-08-24T23:36:36.517647+00:00,x509,valid_active,29,1,UAV-VALID,ACCEPTED,ACCEPTED,true,2182200,2.1822,42300,129100,1731500,0,196700,5400,0,0,,,,none,x509-valid_active_0,0,false,239,8,
n10-identities_c1-conc_mech-x509-1backend_security-battery_r30_audit-off_20260824T233608Z,obs_f34f3afeb2ba4d96b9dcf1875a53dcef,2026-08-24T23:36:36.538528+00:00,x509,unknown_uav,0,1,UAV-NOT-REGISTERED,UNKNOWN_IDENTITY,UNKNOWN_IDENTITY,true,238900,0.2389,54900,196200,0,0,0,0,0,0,,,,none,x509-unknown_uav_0,0,true,248,16,
n10-identities_c1-conc_mech-x509-1backend_security-battery_r30_audit-off_20260824T233608Z,obs_57c2af4eed184d3dadfe34153b122735,2026-08-24T23:36:36.545045+00:00,x509,unknown_uav,1,1,UAV-NOT-REGISTERED,UNKNOWN_IDENTITY,UNKNOWN_IDENTITY,true,223800,0.2238,33800,187600,0,0,0,0,0,0,,,,none,x509-unknown_uav_0,0,true,249,16,
n10-identities_c1-conc_mech-x509-1backend_security-battery_r30_audit-off_20260824T233608Z,obs_3643a5f03e4543f49f1a032891064b1d,2026-08-24T23:36:36.550530+00:00,x509,unknown_uav,0,1,UAV-NOT-REGISTERED,UNKNOWN_IDENTITY,UNKNOWN_IDENTITY,true,353400,0.3534,54800,305600,0,0,0,0,0,0,,,,none,x509-unknown_uav_0,0,false,247,16,
n10-identities_c1-conc_mech-x509-1backend_security-battery_r30_audit-off_20260824T233608Z,obs_eb19ee5097c940b7bd162323b947e9eb,2026-08-24T23:36:36.559493+00:00,x509,unknown_uav,1,1,UAV-NOT-REGISTERED,UNKNOWN_IDENTITY,UNKNOWN_IDENTITY,true,231500,0.2315,53100,183800,0,0,0,0,0,0,,,,none,x509-unknown_uav_0,0,false,248,16,
n10-identities_c1-conc_mech-x509-1backend_security-battery_r30_audit-off_20260824T233608Z,obs_429587768acf42a0bda6a88ad3253f3b,2026-08-24T23:36:36.564866+00:00,x509,unknown_uav,2,1,UAV-NOT-REGISTERED,UNKNOWN_IDENTITY,UNKNOWN_IDENTITY,true,183500,0.1835,35800,156800,0,0,0,0,0,0,,,,none,x509-unknown_uav_0,0,false,248,16,
n10-identities_c1-conc_mech-x509-1backend_security-battery_r30_audit-off_20260824T233608Z,obs_ef3f4f4e242a4146b72c91128bc4e47a,2026-08-24T23:36:36.572032+00:00,x509,unknown_uav,3,1,UAV-NOT-REGISTERED,UNKNOWN_IDENTITY,UNKNOWN_IDENTITY,true,162300,0.1623,35500,138200,0,0,0,0,0,0,,,,none,x509-unknown_uav_0,0,false,249,16,
n10-identities_c1-conc_mech-x509-1backend_security-battery_r30_audit-off_20260824T233608Z,obs_12d301d8832645f99641dcc400c0f1b9,2026-08-24T23:36:36.576653+00:00,x509,unknown_uav,4,1,UAV-NOT-REGISTERED,UNKNOWN_IDENTITY,UNKNOWN_IDENTITY,true,170100,0.1701,28100,144900,0,0,0,0,0,0,,,,none,x509-unknown_uav_0,0,false,248,16,
n10-identities_c1-conc_mech-x509-1backend_security-battery_r30_audit-off_20260824T233608Z,obs_001e201e3fa54c32871e3287034657a6,2026-08-24T23:36:36.581097+00:00,x509,unknown_uav,5,1,UAV-NOT-REGISTERED,UNKNOWN_IDENTITY,UNKNOWN_IDENTITY,true,165200,0.1652,33000,131300,0,0,0,0,0,0,,,,none,x509-unknown_uav_0,0,false,247,16,
n10-identities_c1-conc_mech-x509-1backend_security-battery_r30_audit-off_20260824T233608Z,obs_58a0da7d9adc45d0bec7c7e0cd531a6b,2026-08-24T23:36:36.586935+00:00,x509,unknown_uav,6,1,UAV-NOT-REGISTERED,UNKNOWN_IDENTITY,UNKNOWN_IDENTITY,true,211100,0.2111,33600,185100,0,0,0,0,0,0,,,,none,x509-unknown_uav_0,0,false,248,16,
n10-identities_c1-conc_mech-x509-1backend_security-battery_r30_audit-off_20260824T233608Z,obs_649f0c0f7bd047ce8c879591a814f219,2026-08-24T23:36:36.593637+00:00,x509,unknown_uav,7,1,UAV-NOT-REGISTERED,UNKNOWN_IDENTITY,UNKNOWN_IDENTITY,true,186200,0.1862,39200,149600,0,0,0,0,0,0,,,,none,x509-unknown_uav_0,0,false,248,16,
n10-identities_c1-conc_mech-x509-1backend_security-battery_r30_audit-off_20260824T233608Z,obs_4aad86008ca44c4da3f548c310e41b66,2026-08-24T23:36:36.600795+00:00,x509,unknown_uav,8,1,UAV-NOT-REGISTERED,UNKNOWN_IDENTITY,UNKNOWN_IDENTITY,true,409000,0.409,45200,370800,0,0,0,0,0,0,,,,none,x509-unknown_uav_0,0,false,248,16,
n10-identities_c1-conc_mech-x509-1backend_security-battery_r30_audit-off_20260824T233608Z,obs_38da85e6554a40b195f24e43045c0721,2026-08-24T23:36:36.607171+00:00,x509,unknown_uav,9,1,UAV-NOT-REGISTERED,UNKNOWN_IDENTITY,UNKNOWN_IDENTITY,true,213500,0.2135,45900,175200,0,0,0,0,0,0,,,,none,x509-unknown_uav_0,0,false,247,16,
n10-identities_c1-conc_mech-x509-1backend_security-battery_r30_audit-off_20260824T233608Z,obs_60b371302be14cf28f1153fad95a894a,2026-08-24T23:36:36.614021+00:00,x509,unknown_uav,10,1,UAV-NOT-REGISTERED,UNKNOWN_IDENTITY,UNKNOWN_IDENTITY,true,180000,0.18,31600,156000,0,0,0,0,0,0,,,,none,x509-unknown_uav_0,0,false,249,16,
n10-identities_c1-conc_mech-x509-1backend_security-battery_r30_audit-off_20260824T233608Z,obs_a0459e27637c4befbe05370d8e77b70e,2026-08-24T23:36:36.620483+00:00,x509,unknown_uav,11,1,UAV-NOT-REGISTERED,UNKNOWN_IDENTITY,UNKNOWN_IDENTITY,true,169200,0.1692,33700,143600,0,0,0,0,0,0,,,,none,x509-unknown_uav_0,0,false,248,16,
n10-identities_c1-conc_mech-x509-1backend_security-battery_r30_audit-off_20260824T233608Z,obs_27fad8fe936d46638c8e408925810ae9,2026-08-24T23:36:36.625154+00:00,x509,unknown_uav,12,1,UAV-NOT-REGISTERED,UNKNOWN_IDENTITY,UNKNOWN_IDENTITY,true,156300,0.1563,26300,132000,0,0,0,0,0,0,,,,none,x509-unknown_uav_0,0,false,247,16,
n10-identities_c1-conc_mech-x509-1backend_security-battery_r30_audit-off_20260824T233608Z,obs_d8542fb9b27740e78e29967abc8f8716,2026-08-24T23:36:36.631226+00:00,x509,unknown_uav,13,1,UAV-NOT-REGISTERED,UNKNOWN_IDENTITY,UNKNOWN_IDENTITY,true,205800,0.2058,66700,170700,0,0,0,0,0,0,,,,none,x509-unknown_uav_0,0,false,247,16,
n10-identities_c1-conc_mech-x509-1backend_security-battery_r30_audit-off_20260824T233608Z,obs_19c3187f4e6247dfb0a8831b46a4c413,2026-08-24T23:36:36.638961+00:00,x509,unknown_uav,14,1,UAV-NOT-REGISTERED,UNKNOWN_IDENTITY,UNKNOWN_IDENTITY,true,163900,0.1639,32500,139300,0,0,0,0,0,0,,,,none,x509-unknown_uav_0,0,false,248,16,
n10-identities_c1-conc_mech-x509-1backend_security-battery_r30_audit-off_20260824T233608Z,obs_eee8e8620db34045b462788859800dd4,2026-08-24T23:36:36.643004+00:00,x509,unknown_uav,15,1,UAV-NOT-REGISTERED,UNKNOWN_IDENTITY,UNKNOWN_IDENTITY,true,122900,0.1229,24700,99200,0,0,0,0,0,0,,,,none,x509-unknown_uav_0,0,false,249,16,
n10-identities_c1-conc_mech-x509-1backend_security-battery_r30_audit-off_20260824T233608Z,obs_71ea5ead57a14eea88c360f5b2dc228a,2026-08-24T23:36:36.648357+00:00,x509,unknown_uav,16,1,UAV-NOT-REGISTERED,UNKNOWN_IDENTITY,UNKNOWN_IDENTITY,true,167700,0.1677,33000,140200,0,0,0,0,0,0,,,,none,x509-unknown_uav_0,0,false,248,16,
n10-identities_c1-conc_mech-x509-1backend_security-battery_r30_audit-off_20260824T233608Z,obs_8affad90efad40bbb41b6d7a2645a177,2026-08-24T23:36:36.654804+00:00,x509,unknown_uav,17,1,UAV-NOT-REGISTERED,UNKNOWN_IDENTITY,UNKNOWN_IDENTITY,true,173000,0.173,30600,146500,0,0,0,0,0,0,,,,none,x509-unknown_uav_0,0,false,248,16,
n10-identities_c1-conc_mech-x509-1backend_security-battery_r30_audit-off_20260824T233608Z,obs_5c31a4a99f0e474ea997e46c145f2b2c,2026-08-24T23:36:36.659189+00:00,x509,unknown_uav,18,1,UAV-NOT-REGISTERED,UNKNOWN_IDENTITY,UNKNOWN_IDENTITY,true,124300,0.1243,31900,97600,0,0,0,0,0,0,,,,none,x509-unknown_uav_0,0,false,247,16,
n10-identities_c1-conc_mech-x509-1backend_security-battery_r30_audit-off_20260824T233608Z,obs_04f1c6b910c344769af783b2615d7003,2026-08-24T23:36:36.664687+00:00,x509,unknown_uav,19,1,UAV-NOT-REGISTERED,UNKNOWN_IDENTITY,UNKNOWN_IDENTITY,true,329100,0.3291,53700,271200,0,0,0,0,0,0,,,,none,x509-unknown_uav_0,0,false,248,16,
n10-identities_c1-conc_mech-x509-1backend_security-battery_r30_audit-off_20260824T233608Z,obs_8a8a67ce95b447e5905ba5758facafe7,2026-08-24T23:36:36.670897+00:00,x509,unknown_uav,20,1,UAV-NOT-REGISTERED,UNKNOWN_IDENTITY,UNKNOWN_IDENTITY,true,192700,0.1927,33100,166800,0,0,0,0,0,0,,,,none,x509-unknown_uav_0,0,false,249,16,
n10-identities_c1-conc_mech-x509-1backend_security-battery_r30_audit-off_20260824T233608Z,obs_5f1b7239579f4dfb858e59fbcb76b590,2026-08-24T23:36:36.676666+00:00,x509,unknown_uav,21,1,UAV-NOT-REGISTERED,UNKNOWN_IDENTITY,UNKNOWN_IDENTITY,true,230900,0.2309,32800,191900,0,0,0,0,0,0,,,,none,x509-unknown_uav_0,0,false,248,16,
n10-identities_c1-conc_mech-x509-1backend_security-battery_r30_audit-off_20260824T233608Z,obs_f6ae5dc11f874a03ba4323ad0707d224,2026-08-24T23:36:36.683254+00:00,x509,unknown_uav,22,1,UAV-NOT-REGISTERED,UNKNOWN_IDENTITY,UNKNOWN_IDENTITY,true,289900,0.2899,50700,252100,0,0,0,0,0,0,,,,none,x509-unknown_uav_0,0,false,248,16,
n10-identities_c1-conc_mech-x509-1backend_security-battery_r30_audit-off_20260824T233608Z,obs_5c77887fb07b4e819428840e49a5ed9d,2026-08-24T23:36:36.689408+00:00,x509,unknown_uav,23,1,UAV-NOT-REGISTERED,UNKNOWN_IDENTITY,UNKNOWN_IDENTITY,true,226200,0.2262,40200,195400,0,0,0,0,0,0,,,,none,x509-unknown_uav_0,0,false,248,16,
n10-identities_c1-conc_mech-x509-1backend_security-battery_r30_audit-off_20260824T233608Z,obs_38c37ceabf18498bb2767c76814b35d2,2026-08-24T23:36:36.695933+00:00,x509,unknown_uav,24,1,UAV-NOT-REGISTERED,UNKNOWN_IDENTITY,UNKNOWN_IDENTITY,true,192400,0.1924,39600,162300,0,0,0,0,0,0,,,,none,x509-unknown_uav_0,0,false,247,16,
n10-identities_c1-conc_mech-x509-1backend_security-battery_r30_audit-off_20260824T233608Z,obs_c4cbdc8ab894435f82490483a2c2c6b0,2026-08-24T23:36:36.704032+00:00,x509,unknown_uav,25,1,UAV-NOT-REGISTERED,UNKNOWN_IDENTITY,UNKNOWN_IDENTITY,true,220900,0.2209,45300,194600,0,0,0,0,0,0,,,,none,x509-unknown_uav_0,0,false,249,16,
n10-identities_c1-conc_mech-x509-1backend_security-battery_r30_audit-off_20260824T233608Z,obs_22e4ca81f6684fb280a6918a36d6a8eb,2026-08-24T23:36:36.730573+00:00,x509,unknown_uav,26,1,UAV-NOT-REGISTERED,UNKNOWN_IDENTITY,UNKNOWN_IDENTITY,true,353400,0.3534,40200,318700,0,0,0,0,0,0,,,,none,x509-unknown_uav_0,0,false,249,16,
n10-identities_c1-conc_mech-x509-1backend_security-battery_r30_audit-off_20260824T233608Z,obs_3eac6b997a80483a8886f9a9ee80e052,2026-08-24T23:36:36.736647+00:00,x509,unknown_uav,27,1,UAV-NOT-REGISTERED,UNKNOWN_IDENTITY,UNKNOWN_IDENTITY,true,204700,0.2047,34500,180500,0,0,0,0,0,0,,,,none,x509-unknown_uav_0,0,false,248,16,
n10-identities_c1-conc_mech-x509-1backend_security-battery_r30_audit-off_20260824T233608Z,obs_ee60d063db72462bbe247736a23822f4,2026-08-24T23:36:36.743296+00:00,x509,unknown_uav,28,1,UAV-NOT-REGISTERED,UNKNOWN_IDENTITY,UNKNOWN_IDENTITY,true,171400,0.1714,34300,146000,0,0,0,0,0,0,,,,none,x509-unknown_uav_0,0,false,248,16,
n10-identities_c1-conc_mech-x509-1backend_security-battery_r30_audit-off_20260824T233608Z,obs_cbb00e40d5924542abae1215f13eb476,2026-08-24T23:36:36.747713+00:00,x509,unknown_uav,29,1,UAV-NOT-REGISTERED,UNKNOWN_IDENTITY,UNKNOWN_IDENTITY,true,143300,0.1433,30400,121500,0,0,0,0,0,0,,,,none,x509-unknown_uav_0,0,false,249,16,
n10-identities_c1-conc_mech-x509-1backend_security-battery_r30_audit-off_20260824T233608Z,obs_c405b19f68a04e298f107916d950f6a1,2026-08-24T23:36:36.826284+00:00,x509,impersonation_wrong_key,0,1,UAV-VALID,INVALID_SIGNATURE,INVALID_SIGNATURE,true,1495300,1.4953,45000,95100,1150800,0,160700,0,0,0,,,,none,x509-impersonation_wrong_key_0,0,true,239,17,
n10-identities_c1-conc_mech-x509-1backend_security-battery_r30_audit-off_20260824T233608Z,obs_50bb458b01514664a360d2cee03abcfa,2026-08-24T23:36:36.836778+00:00,x509,impersonation_wrong_key,1,1,UAV-VALID,INVALID_SIGNATURE,INVALID_SIGNATURE,true,1855500,1.8555,83700,89400,1466800,0,181100,0,0,0,,,,none,x509-impersonation_wrong_key_0,0,true,240,17,
n10-identities_c1-conc_mech-x509-1backend_security-battery_r30_audit-off_20260824T233608Z,obs_67645355629e400e9f32307e3149af30,2026-08-24T23:36:36.843024+00:00,x509,impersonation_wrong_key,0,1,UAV-VALID,INVALID_SIGNATURE,INVALID_SIGNATURE,true,1306600,1.3066,31000,78600,1032100,0,121700,0,0,0,,,,none,x509-impersonation_wrong_key_0,0,false,239,17,
n10-identities_c1-conc_mech-x509-1backend_security-battery_r30_audit-off_20260824T233608Z,obs_81194e98261f4b7f967bb96c7e2393d6,2026-08-24T23:36:36.852585+00:00,x509,impersonation_wrong_key,1,1,UAV-VALID,INVALID_SIGNATURE,INVALID_SIGNATURE,true,2011000,2.011,68300,111900,1662900,0,148100,0,0,0,,,,none,x509-impersonation_wrong_key_0,0,false,239,17,
n10-identities_c1-conc_mech-x509-1backend_security-battery_r30_audit-off_20260824T233608Z,obs_e04ca5e9311340d69b530fb2585ace66,2026-08-24T23:36:36.861041+00:00,x509,impersonation_wrong_key,2,1,UAV-VALID,INVALID_SIGNATURE,INVALID_SIGNATURE,true,1712100,1.7121,41500,79500,1363100,0,173100,0,0,0,,,,none,x509-impersonation_wrong_key_0,0,false,240,17,
n10-identities_c1-conc_mech-x509-1backend_security-battery_r30_audit-off_20260824T233608Z,obs_39f959a4929f46ee8fcf516761cbdfba,2026-08-24T23:36:36.872162+00:00,x509,impersonation_wrong_key,3,1,UAV-VALID,INVALID_SIGNATURE,INVALID_SIGNATURE,true,1556600,1.5566,46300,83600,1267200,0,125200,0,0,0,,,,none,x509-impersonation_wrong_key_0,0,false,240,17,
n10-identities_c1-conc_mech-x509-1backend_security-battery_r30_audit-off_20260824T233608Z,obs_0c11dcc0e0544c09806e0241a2fc6adb,2026-08-24T23:36:36.880738+00:00,x509,impersonation_wrong_key,4,1,UAV-VALID,INVALID_SIGNATURE,INVALID_SIGNATURE,true,3227300,3.2273,31000,143300,2822300,0,148400,0,0,0,,,,none,x509-impersonation_wrong_key_0,0,false,239,17,
n10-identities_c1-conc_mech-x509-1backend_security-battery_r30_audit-off_20260824T233608Z,obs_ee240403bc0a48f5823442150aa7d300,2026-08-24T23:36:36.889880+00:00,x509,impersonation_wrong_key,5,1,UAV-VALID,INVALID_SIGNATURE,INVALID_SIGNATURE,true,1969600,1.9696,50800,94900,1593600,0,175200,0,0,0,,,,none,x509-impersonation_wrong_key_0,0,false,239,17,
n10-identities_c1-conc_mech-x509-1backend_security-battery_r30_audit-off_20260824T233608Z,obs_b88f8482ecef424997e6d0d381c94a61,2026-08-24T23:36:36.899831+00:00,x509,impersonation_wrong_key,6,1,UAV-VALID,INVALID_SIGNATURE,INVALID_SIGNATURE,true,2255700,2.2557,46000,81400,1785700,0,253600,0,0,0,,,,none,x509-impersonation_wrong_key_0,0,false,238,17,
n10-identities_c1-conc_mech-x509-1backend_security-battery_r30_audit-off_20260824T233608Z,obs_87ee0fa31c094185acbc6315d7814d5e,2026-08-24T23:36:36.908939+00:00,x509,impersonation_wrong_key,7,1,UAV-VALID,INVALID_SIGNATURE,INVALID_SIGNATURE,true,1966400,1.9664,45000,67300,1539000,0,204400,0,0,0,,,,none,x509-impersonation_wrong_key_0,0,false,238,17,
n10-identities_c1-conc_mech-x509-1backend_security-battery_r30_audit-off_20260824T233608Z,obs_6e2b8184445a4298896e2ec5579c6ee7,2026-08-24T23:36:36.920247+00:00,x509,impersonation_wrong_key,8,1,UAV-VALID,INVALID_SIGNATURE,INVALID_SIGNATURE,true,2532600,2.5326,68100,114000,2069300,0,210700,0,0,0,,,,none,x509-impersonation_wrong_key_0,0,false,238,17,
n10-identities_c1-conc_mech-x509-1backend_security-battery_r30_audit-off_20260824T233608Z,obs_8b11da99bf3d4736ac04851b48e01b7e,2026-08-24T23:36:36.929790+00:00,x509,impersonation_wrong_key,9,1,UAV-VALID,INVALID_SIGNATURE,INVALID_SIGNATURE,true,2140600,2.1406,46700,77200,1757600,0,193200,0,0,0,,,,none,x509-impersonation_wrong_key_0,0,false,239,17,
n10-identities_c1-conc_mech-x509-1backend_security-battery_r30_audit-off_20260824T233608Z,obs_87e2169d19cb429d9da86fb6a0e99e54,2026-08-24T23:36:36.939528+00:00,x509,impersonation_wrong_key,10,1,UAV-VALID,INVALID_SIGNATURE,INVALID_SIGNATURE,true,2069500,2.0695,59300,88500,1664100,0,202500,0,0,0,,,,none,x509-impersonation_wrong_key_0,0,false,239,17,
n10-identities_c1-conc_mech-x509-1backend_security-battery_r30_audit-off_20260824T233608Z,obs_e5cfc7fb0ad34806b2a0ccc1b3c660ff,2026-08-24T23:36:36.947942+00:00,x509,impersonation_wrong_key,11,1,UAV-VALID,INVALID_SIGNATURE,INVALID_SIGNATURE,true,1958100,1.9581,45300,60800,1604900,0,195000,0,0,0,,,,none,x509-impersonation_wrong_key_0,0,false,240,17,
n10-identities_c1-conc_mech-x509-1backend_security-battery_r30_audit-off_20260824T233608Z,obs_6907284bf1f6446c90c9bc99528b032e,2026-08-24T23:36:36.958172+00:00,x509,impersonation_wrong_key,12,1,UAV-VALID,INVALID_SIGNATURE,INVALID_SIGNATURE,true,2098300,2.0983,52300,104400,1703600,0,171500,0,0,0,,,,none,x509-impersonation_wrong_key_0,0,false,239,17,
n10-identities_c1-conc_mech-x509-1backend_security-battery_r30_audit-off_20260824T233608Z,obs_bd08ca4fb9354ac4833db1d4b53762ac,2026-08-24T23:36:36.966028+00:00,x509,impersonation_wrong_key,13,1,UAV-VALID,INVALID_SIGNATURE,INVALID_SIGNATURE,true,1859700,1.8597,35600,73300,1399200,0,209700,0,0,0,,,,none,x509-impersonation_wrong_key_0,0,false,239,17,
n10-identities_c1-conc_mech-x509-1backend_security-battery_r30_audit-off_20260824T233608Z,obs_abd7bc96e5104ffa959aa2db10bad720,2026-08-24T23:36:36.975116+00:00,x509,impersonation_wrong_key,14,1,UAV-VALID,INVALID_SIGNATURE,INVALID_SIGNATURE,true,1484300,1.4843,55600,63200,1172200,0,157300,0,0,0,,,,none,x509-impersonation_wrong_key_0,0,false,239,17,
n10-identities_c1-conc_mech-x509-1backend_security-battery_r30_audit-off_20260824T233608Z,obs_ed3cc4318970469e8a8f57ddd4f7425e,2026-08-24T23:36:36.983495+00:00,x509,impersonation_wrong_key,15,1,UAV-VALID,INVALID_SIGNATURE,INVALID_SIGNATURE,true,2134000,2.134,34200,66400,1715100,0,223900,0,0,0,,,,none,x509-impersonation_wrong_key_0,0,false,240,17,
n10-identities_c1-conc_mech-x509-1backend_security-battery_r30_audit-off_20260824T233608Z,obs_f8df8732b2b1471d9a457a43a209cf3a,2026-08-24T23:36:36.993512+00:00,x509,impersonation_wrong_key,16,1,UAV-VALID,INVALID_SIGNATURE,INVALID_SIGNATURE,true,1699500,1.6995,44700,84800,1330600,0,177400,0,0,0,,,,none,x509-impersonation_wrong_key_0,0,false,240,17,
n10-identities_c1-conc_mech-x509-1backend_security-battery_r30_audit-off_20260824T233608Z,obs_953549e0935a4d17b0782ce77672b3f4,2026-08-24T23:36:37.007175+00:00,x509,impersonation_wrong_key,17,1,UAV-VALID,INVALID_SIGNATURE,INVALID_SIGNATURE,true,6020000,6.02,147800,552200,5079000,0,231300,0,0,0,,,,none,x509-impersonation_wrong_key_0,0,false,240,17,
n10-identities_c1-conc_mech-x509-1backend_security-battery_r30_audit-off_20260824T233608Z,obs_ec440f8d84da46768aef5a13fbf347b7,2026-08-24T23:36:37.028517+00:00,x509,impersonation_wrong_key,18,1,UAV-VALID,INVALID_SIGNATURE,INVALID_SIGNATURE,true,3003400,3.0034,84800,124800,2505200,0,216100,0,0,0,,,,none,x509-impersonation_wrong_key_0,0,false,239,17,
n10-identities_c1-conc_mech-x509-1backend_security-battery_r30_audit-off_20260824T233608Z,obs_ba576f6bf74b43049fc9b210d4cf53aa,2026-08-24T23:36:37.044498+00:00,x509,impersonation_wrong_key,19,1,UAV-VALID,INVALID_SIGNATURE,INVALID_SIGNATURE,true,2022800,2.0228,43200,90800,1561400,0,207900,0,0,0,,,,none,x509-impersonation_wrong_key_0,0,false,240,17,
n10-identities_c1-conc_mech-x509-1backend_security-battery_r30_audit-off_20260824T233608Z,obs_66955fa03d8a4e06bdbde17648ac76cc,2026-08-24T23:36:37.059564+00:00,x509,impersonation_wrong_key,20,1,UAV-VALID,INVALID_SIGNATURE,INVALID_SIGNATURE,true,2167700,2.1677,68200,112000,1709900,0,205400,0,0,0,,,,none,x509-impersonation_wrong_key_0,0,false,239,17,
n10-identities_c1-conc_mech-x509-1backend_security-battery_r30_audit-off_20260824T233608Z,obs_193ab9f52bfa463eb632573cb30bf6be,2026-08-24T23:36:37.072600+00:00,x509,impersonation_wrong_key,21,1,UAV-VALID,INVALID_SIGNATURE,INVALID_SIGNATURE,true,1860500,1.8605,53200,96400,1450800,0,195200,0,0,0,,,,none,x509-impersonation_wrong_key_0,0,false,238,17,
n10-identities_c1-conc_mech-x509-1backend_security-battery_r30_audit-off_20260824T233608Z,obs_1682bd324c0c43d9862b650521992b71,2026-08-24T23:36:37.090566+00:00,x509,impersonation_wrong_key,22,1,UAV-VALID,INVALID_SIGNATURE,INVALID_SIGNATURE,true,2165500,2.1655,59300,115200,1735000,0,195800,0,0,0,,,,none,x509-impersonation_wrong_key_0,0,false,239,17,
n10-identities_c1-conc_mech-x509-1backend_security-battery_r30_audit-off_20260824T233608Z,obs_0ca0d03ec4774b89ac2c152017898e13,2026-08-24T23:36:37.104767+00:00,x509,impersonation_wrong_key,23,1,UAV-VALID,INVALID_SIGNATURE,INVALID_SIGNATURE,true,3480300,3.4803,56600,96900,3010900,0,235200,0,0,0,,,,none,x509-impersonation_wrong_key_0,0,false,239,17,
n10-identities_c1-conc_mech-x509-1backend_security-battery_r30_audit-off_20260824T233608Z,obs_f2682353691442128606e7956ece1da6,2026-08-24T23:36:37.135128+00:00,x509,impersonation_wrong_key,24,1,UAV-VALID,INVALID_SIGNATURE,INVALID_SIGNATURE,true,9612200,9.6122,55900,88600,9031300,0,251700,0,0,0,,,,none,x509-impersonation_wrong_key_0,0,false,239,17,
n10-identities_c1-conc_mech-x509-1backend_security-battery_r30_audit-off_20260824T233608Z,obs_029c74eb8ff44884b82f7f6c878b23e4,2026-08-24T23:36:37.152593+00:00,x509,impersonation_wrong_key,25,1,UAV-VALID,INVALID_SIGNATURE,INVALID_SIGNATURE,true,2220000,2.22,48500,100300,1768400,0,215400,0,0,0,,,,none,x509-impersonation_wrong_key_0,0,false,238,17,
n10-identities_c1-conc_mech-x509-1backend_security-battery_r30_audit-off_20260824T233608Z,obs_e24069f9bed240bfaf74ae154cab28be,2026-08-24T23:36:37.164240+00:00,x509,impersonation_wrong_key,26,1,UAV-VALID,INVALID_SIGNATURE,INVALID_SIGNATURE,true,1785800,1.7858,56300,92500,1382300,0,189700,0,0,0,,,,none,x509-impersonation_wrong_key_0,0,false,238,17,
n10-identities_c1-conc_mech-x509-1backend_security-battery_r30_audit-off_20260824T233608Z,obs_54188678b5584b3fa6386583435188a4,2026-08-24T23:36:37.192660+00:00,x509,impersonation_wrong_key,27,1,UAV-VALID,INVALID_SIGNATURE,INVALID_SIGNATURE,true,5384100,5.3841,442400,148800,4902700,0,202800,0,0,0,,,,none,x509-impersonation_wrong_key_0,0,false,240,17,
n10-identities_c1-conc_mech-x509-1backend_security-battery_r30_audit-off_20260824T233608Z,obs_8ef2dd3205014e518cae3d70ff832d0b,2026-08-24T23:36:37.218351+00:00,x509,impersonation_wrong_key,28,1,UAV-VALID,INVALID_SIGNATURE,INVALID_SIGNATURE,true,17112500,17.1125,57900,85000,16604900,0,242800,0,0,0,,,,none,x509-impersonation_wrong_key_0,0,false,238,17,
n10-identities_c1-conc_mech-x509-1backend_security-battery_r30_audit-off_20260824T233608Z,obs_fd5a108ae3d64ca5b67118d4409730d6,2026-08-24T23:36:37.233488+00:00,x509,impersonation_wrong_key,29,1,UAV-VALID,INVALID_SIGNATURE,INVALID_SIGNATURE,true,3029500,3.0295,50500,82800,1825000,0,991500,0,0,0,,,,none,x509-impersonation_wrong_key_0,0,false,239,17,
n10-identities_c1-conc_mech-x509-1backend_security-battery_r30_audit-off_20260824T233608Z,obs_e1b91a96c09347548c6909d471d216ed,2026-08-24T23:36:37.373187+00:00,x509,replay,0,1,UAV-VALID,REPLAY_DETECTED,REPLAY_DETECTED,true,41700,0.0417,62600,0,0,0,0,0,0,0,,,,none,x509-replay_0,0,true,238,15,
n10-identities_c1-conc_mech-x509-1backend_security-battery_r30_audit-off_20260824T233608Z,obs_f6c26bc60dd04c5f8733ce856fc6a5c1,2026-08-24T23:36:37.413602+00:00,x509,replay,1,1,UAV-VALID,REPLAY_DETECTED,REPLAY_DETECTED,true,55200,0.0552,77700,0,0,0,0,0,0,0,,,,none,x509-replay_0,0,true,239,15,
n10-identities_c1-conc_mech-x509-1backend_security-battery_r30_audit-off_20260824T233608Z,obs_5c136bad09ca4384a72da97119d4eb71,2026-08-24T23:36:37.431495+00:00,x509,replay,0,1,UAV-VALID,REPLAY_DETECTED,REPLAY_DETECTED,true,513300,0.5133,64700,0,0,0,0,0,0,0,,,,none,x509-replay_0,0,false,240,15,
n10-identities_c1-conc_mech-x509-1backend_security-battery_r30_audit-off_20260824T233608Z,obs_547b7acf1e8349a2880e47fa00a12adc,2026-08-24T23:36:37.446630+00:00,x509,replay,1,1,UAV-VALID,REPLAY_DETECTED,REPLAY_DETECTED,true,49000,0.049,68500,0,0,0,0,0,0,0,,,,none,x509-replay_0,0,false,240,15,
n10-identities_c1-conc_mech-x509-1backend_security-battery_r30_audit-off_20260824T233608Z,obs_52367b3bd08c4dafac28470c67d4a4fe,2026-08-24T23:36:37.458384+00:00,x509,replay,2,1,UAV-VALID,REPLAY_DETECTED,REPLAY_DETECTED,true,37300,0.0373,86400,0,0,0,0,0,0,0,,,,none,x509-replay_0,0,false,240,15,
n10-identities_c1-conc_mech-x509-1backend_security-battery_r30_audit-off_20260824T233608Z,obs_497207fabd494901a07a05a72a2d0614,2026-08-24T23:36:37.469582+00:00,x509,replay,3,1,UAV-VALID,REPLAY_DETECTED,REPLAY_DETECTED,true,157800,0.1578,66500,0,0,0,0,0,0,0,,,,none,x509-replay_0,0,false,239,15,
n10-identities_c1-conc_mech-x509-1backend_security-battery_r30_audit-off_20260824T233608Z,obs_ce1ed383978941af9e71ffec3d26acfa,2026-08-24T23:36:37.483574+00:00,x509,replay,4,1,UAV-VALID,REPLAY_DETECTED,REPLAY_DETECTED,true,42400,0.0424,49900,0,0,0,0,0,0,0,,,,none,x509-replay_0,0,false,240,15,
n10-identities_c1-conc_mech-x509-1backend_security-battery_r30_audit-off_20260824T233608Z,obs_8a330fff836544d6a044285120b1b186,2026-08-24T23:36:37.495692+00:00,x509,replay,5,1,UAV-VALID,REPLAY_DETECTED,REPLAY_DETECTED,true,36900,0.0369,42200,0,0,0,0,0,0,0,,,,none,x509-replay_0,0,false,239,15,
n10-identities_c1-conc_mech-x509-1backend_security-battery_r30_audit-off_20260824T233608Z,obs_37b621792a1e48f68015edef0075c5ca,2026-08-24T23:36:37.507217+00:00,x509,replay,6,1,UAV-VALID,REPLAY_DETECTED,REPLAY_DETECTED,true,113100,0.1131,58800,0,0,0,0,0,0,0,,,,none,x509-replay_0,0,false,239,15,
n10-identities_c1-conc_mech-x509-1backend_security-battery_r30_audit-off_20260824T233608Z,obs_24a4767b1b1b4ecdb6975f30b09a12ca,2026-08-24T23:36:37.516346+00:00,x509,replay,7,1,UAV-VALID,REPLAY_DETECTED,REPLAY_DETECTED,true,40800,0.0408,39400,0,0,0,0,0,0,0,,,,none,x509-replay_0,0,false,239,15,
n10-identities_c1-conc_mech-x509-1backend_security-battery_r30_audit-off_20260824T233608Z,obs_e11d94a972c6412087c33a542b91c499,2026-08-24T23:36:37.525677+00:00,x509,replay,8,1,UAV-VALID,REPLAY_DETECTED,REPLAY_DETECTED,true,32000,0.032,49000,0,0,0,0,0,0,0,,,,none,x509-replay_0,0,false,238,15,
n10-identities_c1-conc_mech-x509-1backend_security-battery_r30_audit-off_20260824T233608Z,obs_99ff4d66c5e4435e858d91211200abd5,2026-08-24T23:36:37.538093+00:00,x509,replay,9,1,UAV-VALID,REPLAY_DETECTED,REPLAY_DETECTED,true,53700,0.0537,41700,0,0,0,0,0,0,0,,,,none,x509-replay_0,0,false,239,15,
n10-identities_c1-conc_mech-x509-1backend_security-battery_r30_audit-off_20260824T233608Z,obs_31642d8952334f17b5668f7c06ec0eed,2026-08-24T23:36:37.545971+00:00,x509,replay,10,1,UAV-VALID,REPLAY_DETECTED,REPLAY_DETECTED,true,24000,0.024,39200,0,0,0,0,0,0,0,,,,none,x509-replay_0,0,false,240,15,
n10-identities_c1-conc_mech-x509-1backend_security-battery_r30_audit-off_20260824T233608Z,obs_fbe74bac6b2545ca9e6e76a4be05aecb,2026-08-24T23:36:37.555310+00:00,x509,replay,11,1,UAV-VALID,REPLAY_DETECTED,REPLAY_DETECTED,true,28300,0.0283,35300,0,0,0,0,0,0,0,,,,none,x509-replay_0,0,false,239,15,
n10-identities_c1-conc_mech-x509-1backend_security-battery_r30_audit-off_20260824T233608Z,obs_e626f246a0e94f3f99b89a4dc59602a8,2026-08-24T23:36:37.562779+00:00,x509,replay,12,1,UAV-VALID,REPLAY_DETECTED,REPLAY_DETECTED,true,26800,0.0268,38200,0,0,0,0,0,0,0,,,,none,x509-replay_0,0,false,238,15,
n10-identities_c1-conc_mech-x509-1backend_security-battery_r30_audit-off_20260824T233608Z,obs_d7367ffd4ee246859b49250bf38b4b9a,2026-08-24T23:36:37.574621+00:00,x509,replay,13,1,UAV-VALID,REPLAY_DETECTED,REPLAY_DETECTED,true,32100,0.0321,40700,0,0,0,0,0,0,0,,,,none,x509-replay_0,0,false,239,15,
n10-identities_c1-conc_mech-x509-1backend_security-battery_r30_audit-off_20260824T233608Z,obs_5313405cc1c2440a9b451f04b32b1cb0,2026-08-24T23:36:37.586256+00:00,x509,replay,14,1,UAV-VALID,REPLAY_DETECTED,REPLAY_DETECTED,true,35700,0.0357,45000,0,0,0,0,0,0,0,,,,none,x509-replay_0,0,false,238,15,
n10-identities_c1-conc_mech-x509-1backend_security-battery_r30_audit-off_20260824T233608Z,obs_6b5437758b5d4205b2b7aee4e77c326f,2026-08-24T23:36:37.595039+00:00,x509,replay,15,1,UAV-VALID,REPLAY_DETECTED,REPLAY_DETECTED,true,28400,0.0284,39000,0,0,0,0,0,0,0,,,,none,x509-replay_0,0,false,240,15,
n10-identities_c1-conc_mech-x509-1backend_security-battery_r30_audit-off_20260824T233608Z,obs_d3b812c54aba40c1b111c5d00da828e6,2026-08-24T23:36:37.603480+00:00,x509,replay,16,1,UAV-VALID,REPLAY_DETECTED,REPLAY_DETECTED,true,30100,0.0301,37900,0,0,0,0,0,0,0,,,,none,x509-replay_0,0,false,239,15,
n10-identities_c1-conc_mech-x509-1backend_security-battery_r30_audit-off_20260824T233608Z,obs_327535fca0144dafb4cb20b766d61be8,2026-08-24T23:36:37.611731+00:00,x509,replay,17,1,UAV-VALID,REPLAY_DETECTED,REPLAY_DETECTED,true,28300,0.0283,38900,0,0,0,0,0,0,0,,,,none,x509-replay_0,0,false,239,15,
n10-identities_c1-conc_mech-x509-1backend_security-battery_r30_audit-off_20260824T233608Z,obs_f24730955eae43c58dc8aade15e5bf11,2026-08-24T23:36:37.620874+00:00,x509,replay,18,1,UAV-VALID,REPLAY_DETECTED,REPLAY_DETECTED,true,30600,0.0306,45800,0,0,0,0,0,0,0,,,,none,x509-replay_0,0,false,238,15,
n10-identities_c1-conc_mech-x509-1backend_security-battery_r30_audit-off_20260824T233608Z,obs_9f31b148143f4fc3b8443e98f3d06076,2026-08-24T23:36:37.632295+00:00,x509,replay,19,1,UAV-VALID,REPLAY_DETECTED,REPLAY_DETECTED,true,30500,0.0305,56700,0,0,0,0,0,0,0,,,,none,x509-replay_0,0,false,238,15,
n10-identities_c1-conc_mech-x509-1backend_security-battery_r30_audit-off_20260824T233608Z,obs_5ba44a9e443c4369bb63238967dda481,2026-08-24T23:36:37.641347+00:00,x509,replay,20,1,UAV-VALID,REPLAY_DETECTED,REPLAY_DETECTED,true,32700,0.0327,43500,0,0,0,0,0,0,0,,,,none,x509-replay_0,0,false,239,15,
n10-identities_c1-conc_mech-x509-1backend_security-battery_r30_audit-off_20260824T233608Z,obs_337321d1fb9c460e9f514bd2ff2c1f12,2026-08-24T23:36:37.651882+00:00,x509,replay,21,1,UAV-VALID,REPLAY_DETECTED,REPLAY_DETECTED,true,36400,0.0364,53700,0,0,0,0,0,0,0,,,,none,x509-replay_0,0,false,240,15,
n10-identities_c1-conc_mech-x509-1backend_security-battery_r30_audit-off_20260824T233608Z,obs_43259cc0123b44699be0ef655bf9ede6,2026-08-24T23:36:37.660034+00:00,x509,replay,22,1,UAV-VALID,REPLAY_DETECTED,REPLAY_DETECTED,true,34800,0.0348,42800,0,0,0,0,0,0,0,,,,none,x509-replay_0,0,false,239,15,
n10-identities_c1-conc_mech-x509-1backend_security-battery_r30_audit-off_20260824T233608Z,obs_8e73d6ff07934dbda475f0c9ecd72294,2026-08-24T23:36:37.669695+00:00,x509,replay,23,1,UAV-VALID,REPLAY_DETECTED,REPLAY_DETECTED,true,24800,0.0248,45900,0,0,0,0,0,0,0,,,,none,x509-replay_0,0,false,240,15,
n10-identities_c1-conc_mech-x509-1backend_security-battery_r30_audit-off_20260824T233608Z,obs_2a155ad8c9144027a9b9ff4bffdc9115,2026-08-24T23:36:37.678601+00:00,x509,replay,24,1,UAV-VALID,REPLAY_DETECTED,REPLAY_DETECTED,true,34500,0.0345,66400,0,0,0,0,0,0,0,,,,none,x509-replay_0,0,false,239,15,
n10-identities_c1-conc_mech-x509-1backend_security-battery_r30_audit-off_20260824T233608Z,obs_4978129a099b4fae80093a469517ba16,2026-08-24T23:36:37.687870+00:00,x509,replay,25,1,UAV-VALID,REPLAY_DETECTED,REPLAY_DETECTED,true,24000,0.024,47500,0,0,0,0,0,0,0,,,,none,x509-replay_0,0,false,240,15,
n10-identities_c1-conc_mech-x509-1backend_security-battery_r30_audit-off_20260824T233608Z,obs_5438aed3f756496fa1b3f45420cd8f3d,2026-08-24T23:36:37.696640+00:00,x509,replay,26,1,UAV-VALID,REPLAY_DETECTED,REPLAY_DETECTED,true,22500,0.0225,43600,0,0,0,0,0,0,0,,,,none,x509-replay_0,0,false,240,15,
n10-identities_c1-conc_mech-x509-1backend_security-battery_r30_audit-off_20260824T233608Z,obs_5ffdacafc5df4100aa1634d17f72cb14,2026-08-24T23:36:37.704957+00:00,x509,replay,27,1,UAV-VALID,REPLAY_DETECTED,REPLAY_DETECTED,true,20700,0.0207,37200,0,0,0,0,0,0,0,,,,none,x509-replay_0,0,false,239,15,
n10-identities_c1-conc_mech-x509-1backend_security-battery_r30_audit-off_20260824T233608Z,obs_2b29b2f569fd4c6e8814871f58acb441,2026-08-24T23:36:37.712798+00:00,x509,replay,28,1,UAV-VALID,REPLAY_DETECTED,REPLAY_DETECTED,true,28900,0.0289,30600,0,0,0,0,0,0,0,,,,none,x509-replay_0,0,false,239,15,
n10-identities_c1-conc_mech-x509-1backend_security-battery_r30_audit-off_20260824T233608Z,obs_0ff0fa3d114b40b7bfd7fdd3e9625330,2026-08-24T23:36:37.721325+00:00,x509,replay,29,1,UAV-VALID,REPLAY_DETECTED,REPLAY_DETECTED,true,23500,0.0235,41400,0,0,0,0,0,0,0,,,,none,x509-replay_0,0,false,239,15,
n10-identities_c1-conc_mech-x509-1backend_security-battery_r30_audit-off_20260824T233608Z,obs_8cb3145213d84efbadff10ef7677b57b,2026-08-24T23:36:37.745077+00:00,x509,modified_nonce,0,1,UAV-VALID,INVALID_SIGNATURE,INVALID_SIGNATURE,true,20800,0.0208,45300,0,0,0,0,0,0,0,,,,none,x509-modified_nonce_0,0,true,239,17,nonce mismatch
n10-identities_c1-conc_mech-x509-1backend_security-battery_r30_audit-off_20260824T233608Z,obs_5fcd74ca2f704d8c8131477d174c0ad6,2026-08-24T23:36:37.751942+00:00,x509,modified_nonce,1,1,UAV-VALID,INVALID_SIGNATURE,INVALID_SIGNATURE,true,17300,0.0173,53000,0,0,0,0,0,0,0,,,,none,x509-modified_nonce_0,0,true,240,17,nonce mismatch
n10-identities_c1-conc_mech-x509-1backend_security-battery_r30_audit-off_20260824T233608Z,obs_202528e4fdb041de805cba3cbca99cf7,2026-08-24T23:36:37.759251+00:00,x509,modified_nonce,0,1,UAV-VALID,INVALID_SIGNATURE,INVALID_SIGNATURE,true,15800,0.0158,35100,0,0,0,0,0,0,0,,,,none,x509-modified_nonce_0,0,false,240,17,nonce mismatch
n10-identities_c1-conc_mech-x509-1backend_security-battery_r30_audit-off_20260824T233608Z,obs_9499809bf54241c6a8e9208ed011f976,2026-08-24T23:36:37.765044+00:00,x509,modified_nonce,1,1,UAV-VALID,INVALID_SIGNATURE,INVALID_SIGNATURE,true,25900,0.0259,47400,0,0,0,0,0,0,0,,,,none,x509-modified_nonce_0,0,false,238,17,nonce mismatch
n10-identities_c1-conc_mech-x509-1backend_security-battery_r30_audit-off_20260824T233608Z,obs_2d21e9602d1e498c95a0f3246da037e5,2026-08-24T23:36:37.780341+00:00,x509,modified_nonce,2,1,UAV-VALID,INVALID_SIGNATURE,INVALID_SIGNATURE,true,23400,0.0234,53500,0,0,0,0,0,0,0,,,,none,x509-modified_nonce_0,0,false,238,17,nonce mismatch
n10-identities_c1-conc_mech-x509-1backend_security-battery_r30_audit-off_20260824T233608Z,obs_048a3643952c416c838ff91a58ecfefd,2026-08-24T23:36:37.790409+00:00,x509,modified_nonce,3,1,UAV-VALID,INVALID_SIGNATURE,INVALID_SIGNATURE,true,23200,0.0232,57200,0,0,0,0,0,0,0,,,,none,x509-modified_nonce_0,0,false,240,17,nonce mismatch
n10-identities_c1-conc_mech-x509-1backend_security-battery_r30_audit-off_20260824T233608Z,obs_68356118628947b8b7d6460c5b8ea177,2026-08-24T23:36:37.799077+00:00,x509,modified_nonce,4,1,UAV-VALID,INVALID_SIGNATURE,INVALID_SIGNATURE,true,36500,0.0365,58500,0,0,0,0,0,0,0,,,,none,x509-modified_nonce_0,0,false,239,17,nonce mismatch
n10-identities_c1-conc_mech-x509-1backend_security-battery_r30_audit-off_20260824T233608Z,obs_a5d0932a630f4bf482044f9877e0b0c5,2026-08-24T23:36:37.808068+00:00,x509,modified_nonce,5,1,UAV-VALID,INVALID_SIGNATURE,INVALID_SIGNATURE,true,23200,0.0232,70200,0,0,0,0,0,0,0,,,,none,x509-modified_nonce_0,0,false,238,17,nonce mismatch
n10-identities_c1-conc_mech-x509-1backend_security-battery_r30_audit-off_20260824T233608Z,obs_93b8a447f458496db61f44ca44fb0604,2026-08-24T23:36:37.818253+00:00,x509,modified_nonce,6,1,UAV-VALID,INVALID_SIGNATURE,INVALID_SIGNATURE,true,35300,0.0353,58800,0,0,0,0,0,0,0,,,,none,x509-modified_nonce_0,0,false,239,17,nonce mismatch
n10-identities_c1-conc_mech-x509-1backend_security-battery_r30_audit-off_20260824T233608Z,obs_d30c7581344b4c95a1e3d62040c77856,2026-08-24T23:36:37.853276+00:00,x509,modified_nonce,7,1,UAV-VALID,INVALID_SIGNATURE,INVALID_SIGNATURE,true,24600,0.0246,112500,0,0,0,0,0,0,0,,,,none,x509-modified_nonce_0,0,false,239,17,nonce mismatch
n10-identities_c1-conc_mech-x509-1backend_security-battery_r30_audit-off_20260824T233608Z,obs_b2be085c8bd84b3b9a6ab98f85a3abb5,2026-08-24T23:36:37.861533+00:00,x509,modified_nonce,8,1,UAV-VALID,INVALID_SIGNATURE,INVALID_SIGNATURE,true,24300,0.0243,58500,0,0,0,0,0,0,0,,,,none,x509-modified_nonce_0,0,false,238,17,nonce mismatch
n10-identities_c1-conc_mech-x509-1backend_security-battery_r30_audit-off_20260824T233608Z,obs_add4549e98e3467aaa1328faa3b37381,2026-08-24T23:36:37.869941+00:00,x509,modified_nonce,9,1,UAV-VALID,INVALID_SIGNATURE,INVALID_SIGNATURE,true,24300,0.0243,49600,0,0,0,0,0,0,0,,,,none,x509-modified_nonce_0,0,false,238,17,nonce mismatch
n10-identities_c1-conc_mech-x509-1backend_security-battery_r30_audit-off_20260824T233608Z,obs_0b93f1bb292c4f198288c019226fef88,2026-08-24T23:36:37.879158+00:00,x509,modified_nonce,10,1,UAV-VALID,INVALID_SIGNATURE,INVALID_SIGNATURE,true,24800,0.0248,55400,0,0,0,0,0,0,0,,,,none,x509-modified_nonce_0,0,false,239,17,nonce mismatch
n10-identities_c1-conc_mech-x509-1backend_security-battery_r30_audit-off_20260824T233608Z,obs_f180a1474d1c477d8504b2e966e3edff,2026-08-24T23:36:37.887674+00:00,x509,modified_nonce,11,1,UAV-VALID,INVALID_SIGNATURE,INVALID_SIGNATURE,true,25200,0.0252,62400,0,0,0,0,0,0,0,,,,none,x509-modified_nonce_0,0,false,239,17,nonce mismatch
n10-identities_c1-conc_mech-x509-1backend_security-battery_r30_audit-off_20260824T233608Z,obs_93139e3e23e34afda339b0c1db23dd0c,2026-08-24T23:36:37.895931+00:00,x509,modified_nonce,12,1,UAV-VALID,INVALID_SIGNATURE,INVALID_SIGNATURE,true,22200,0.0222,56300,0,0,0,0,0,0,0,,,,none,x509-modified_nonce_0,0,false,238,17,nonce mismatch
n10-identities_c1-conc_mech-x509-1backend_security-battery_r30_audit-off_20260824T233608Z,obs_dd6c342998c94f97a4c02622c3b90d0c,2026-08-24T23:36:37.905267+00:00,x509,modified_nonce,13,1,UAV-VALID,INVALID_SIGNATURE,INVALID_SIGNATURE,true,28100,0.0281,58400,0,0,0,0,0,0,0,,,,none,x509-modified_nonce_0,0,false,240,17,nonce mismatch
n10-identities_c1-conc_mech-x509-1backend_security-battery_r30_audit-off_20260824T233608Z,obs_6f73eb23fdb14ef5b313175d20ada819,2026-08-24T23:36:37.915430+00:00,x509,modified_nonce,14,1,UAV-VALID,INVALID_SIGNATURE,INVALID_SIGNATURE,true,25200,0.0252,39100,0,0,0,0,0,0,0,,,,none,x509-modified_nonce_0,0,false,238,17,nonce mismatch
n10-identities_c1-conc_mech-x509-1backend_security-battery_r30_audit-off_20260824T233608Z,obs_97142bc193fa41e2b6e2126cd429ce3c,2026-08-24T23:36:37.923631+00:00,x509,modified_nonce,15,1,UAV-VALID,INVALID_SIGNATURE,INVALID_SIGNATURE,true,25400,0.0254,55300,0,0,0,0,0,0,0,,,,none,x509-modified_nonce_0,0,false,239,17,nonce mismatch
n10-identities_c1-conc_mech-x509-1backend_security-battery_r30_audit-off_20260824T233608Z,obs_b94a01840ffe4d16a9022b57e8862298,2026-08-24T23:36:37.930012+00:00,x509,modified_nonce,16,1,UAV-VALID,INVALID_SIGNATURE,INVALID_SIGNATURE,true,22900,0.0229,52400,0,0,0,0,0,0,0,,,,none,x509-modified_nonce_0,0,false,239,17,nonce mismatch
n10-identities_c1-conc_mech-x509-1backend_security-battery_r30_audit-off_20260824T233608Z,obs_faad4763cb8b482eaa3241e7fe92e156,2026-08-24T23:36:37.935658+00:00,x509,modified_nonce,17,1,UAV-VALID,INVALID_SIGNATURE,INVALID_SIGNATURE,true,16600,0.0166,47600,0,0,0,0,0,0,0,,,,none,x509-modified_nonce_0,0,false,239,17,nonce mismatch
n10-identities_c1-conc_mech-x509-1backend_security-battery_r30_audit-off_20260824T233608Z,obs_35a959f63c3e42f9ac8bfa0b4545ce44,2026-08-24T23:36:37.940181+00:00,x509,modified_nonce,18,1,UAV-VALID,INVALID_SIGNATURE,INVALID_SIGNATURE,true,15300,0.0153,31900,0,0,0,0,0,0,0,,,,none,x509-modified_nonce_0,0,false,240,17,nonce mismatch
n10-identities_c1-conc_mech-x509-1backend_security-battery_r30_audit-off_20260824T233608Z,obs_132da39784f547659a6ac420c2638dfb,2026-08-24T23:36:37.945428+00:00,x509,modified_nonce,19,1,UAV-VALID,INVALID_SIGNATURE,INVALID_SIGNATURE,true,24500,0.0245,47600,0,0,0,0,0,0,0,,,,none,x509-modified_nonce_0,0,false,238,17,nonce mismatch
n10-identities_c1-conc_mech-x509-1backend_security-battery_r30_audit-off_20260824T233608Z,obs_0d457f1d94354ba6a6b23c50b94a8fed,2026-08-24T23:36:37.952929+00:00,x509,modified_nonce,20,1,UAV-VALID,INVALID_SIGNATURE,INVALID_SIGNATURE,true,22800,0.0228,34600,0,0,0,0,0,0,0,,,,none,x509-modified_nonce_0,0,false,238,17,nonce mismatch
n10-identities_c1-conc_mech-x509-1backend_security-battery_r30_audit-off_20260824T233608Z,obs_cf67e1e50b4c4beab21033ee461e3dca,2026-08-24T23:36:37.957879+00:00,x509,modified_nonce,21,1,UAV-VALID,INVALID_SIGNATURE,INVALID_SIGNATURE,true,15600,0.0156,43100,0,0,0,0,0,0,0,,,,none,x509-modified_nonce_0,0,false,239,17,nonce mismatch
n10-identities_c1-conc_mech-x509-1backend_security-battery_r30_audit-off_20260824T233608Z,obs_5b765cbdb97c4c4fbe8dd1193c4ec0a4,2026-08-24T23:36:37.962439+00:00,x509,modified_nonce,22,1,UAV-VALID,INVALID_SIGNATURE,INVALID_SIGNATURE,true,19100,0.0191,24300,0,0,0,0,0,0,0,,,,none,x509-modified_nonce_0,0,false,239,17,nonce mismatch
n10-identities_c1-conc_mech-x509-1backend_security-battery_r30_audit-off_20260824T233608Z,obs_24e9d8e95c78471b96f6e976b015ad14,2026-08-24T23:36:37.968430+00:00,x509,modified_nonce,23,1,UAV-VALID,INVALID_SIGNATURE,INVALID_SIGNATURE,true,22200,0.0222,54000,0,0,0,0,0,0,0,,,,none,x509-modified_nonce_0,0,false,238,17,nonce mismatch
n10-identities_c1-conc_mech-x509-1backend_security-battery_r30_audit-off_20260824T233608Z,obs_52410c70558f40ee8d00659d07ad96dc,2026-08-24T23:36:37.975549+00:00,x509,modified_nonce,24,1,UAV-VALID,INVALID_SIGNATURE,INVALID_SIGNATURE,true,22000,0.022,43200,0,0,0,0,0,0,0,,,,none,x509-modified_nonce_0,0,false,239,17,nonce mismatch
n10-identities_c1-conc_mech-x509-1backend_security-battery_r30_audit-off_20260824T233608Z,obs_30cd4f0f6179429da03b2371a131b4b1,2026-08-24T23:36:37.983270+00:00,x509,modified_nonce,25,1,UAV-VALID,INVALID_SIGNATURE,INVALID_SIGNATURE,true,92800,0.0928,60000,0,0,0,0,0,0,0,,,,none,x509-modified_nonce_0,0,false,240,17,nonce mismatch
n10-identities_c1-conc_mech-x509-1backend_security-battery_r30_audit-off_20260824T233608Z,obs_36607b37d2b44d8fa6d2b4191d7b867c,2026-08-24T23:36:37.992922+00:00,x509,modified_nonce,26,1,UAV-VALID,INVALID_SIGNATURE,INVALID_SIGNATURE,true,19800,0.0198,58900,0,0,0,0,0,0,0,,,,none,x509-modified_nonce_0,0,false,239,17,nonce mismatch
n10-identities_c1-conc_mech-x509-1backend_security-battery_r30_audit-off_20260824T233608Z,obs_63a831e92d0541f888dbf22b739e9ee9,2026-08-24T23:36:38.002562+00:00,x509,modified_nonce,27,1,UAV-VALID,INVALID_SIGNATURE,INVALID_SIGNATURE,true,29500,0.0295,54300,0,0,0,0,0,0,0,,,,none,x509-modified_nonce_0,0,false,239,17,nonce mismatch
n10-identities_c1-conc_mech-x509-1backend_security-battery_r30_audit-off_20260824T233608Z,obs_e74cc0fd3f794861b012eb41393890ad,2026-08-24T23:36:38.010403+00:00,x509,modified_nonce,28,1,UAV-VALID,INVALID_SIGNATURE,INVALID_SIGNATURE,true,21600,0.0216,44500,0,0,0,0,0,0,0,,,,none,x509-modified_nonce_0,0,false,240,17,nonce mismatch
n10-identities_c1-conc_mech-x509-1backend_security-battery_r30_audit-off_20260824T233608Z,obs_b0753477df1b462c82bb02e9ac284b30,2026-08-24T23:36:38.020025+00:00,x509,modified_nonce,29,1,UAV-VALID,INVALID_SIGNATURE,INVALID_SIGNATURE,true,65700,0.0657,59200,0,0,0,0,0,0,0,,,,none,x509-modified_nonce_0,0,false,239,17,nonce mismatch
n10-identities_c1-conc_mech-x509-1backend_security-battery_r30_audit-off_20260824T233608Z,obs_f80527a5f6b049929e76210a33a3e554,2026-08-24T23:36:38.105682+00:00,x509,modified_uav_id,0,1,UAV-0005,INVALID_SIGNATURE,INVALID_SIGNATURE,true,1996000,1.996,48100,479800,1236100,0,180200,0,0,0,,,,none,x509-modified_uav_id_0,0,true,238,17,
n10-identities_c1-conc_mech-x509-1backend_security-battery_r30_audit-off_20260824T233608Z,obs_00eb4c6bae4e4872947b90ea0ec270df,2026-08-24T23:36:38.120317+00:00,x509,modified_uav_id,1,1,UAV-0005,INVALID_SIGNATURE,INVALID_SIGNATURE,true,4404900,4.4049,41500,1684200,2233500,0,154300,0,0,0,,,,none,x509-modified_uav_id_0,0,true,237,17,
n10-identities_c1-conc_mech-x509-1backend_security-battery_r30_audit-off_20260824T233608Z,obs_1af70375ad034b79a84c9ab4ac7094a4,2026-08-24T23:36:38.133603+00:00,x509,modified_uav_id,0,1,UAV-0005,INVALID_SIGNATURE,INVALID_SIGNATURE,true,3549300,3.5493,36300,721400,2465300,0,216400,0,0,0,,,,none,x509-modified_uav_id_0,0,false,239,17,
n10-identities_c1-conc_mech-x509-1backend_security-battery_r30_audit-off_20260824T233608Z,obs_7cf1ec8c55a1461ab219216880d32f58,2026-08-24T23:36:38.150593+00:00,x509,modified_uav_id,1,1,UAV-0005,INVALID_SIGNATURE,INVALID_SIGNATURE,true,2889000,2.889,95200,473500,2013200,0,230900,0,0,0,,,,none,x509-modified_uav_id_0,0,false,238,17,
n10-identities_c1-conc_mech-x509-1backend_security-battery_r30_audit-off_20260824T233608Z,obs_0826f1326c414575a57474dde6d9e17c,2026-08-24T23:36:38.162230+00:00,x509,modified_uav_id,2,1,UAV-0005,INVALID_SIGNATURE,INVALID_SIGNATURE,true,1711600,1.7116,35600,379000,1109200,0,139700,0,0,0,,,,none,x509-modified_uav_id_0,0,false,238,17,
n10-identities_c1-conc_mech-x509-1backend_security-battery_r30_audit-off_20260824T233608Z,obs_84efa13d803248408786601209ed35b2,2026-08-24T23:36:38.174725+00:00,x509,modified_uav_id,3,1,UAV-0005,INVALID_SIGNATURE,INVALID_SIGNATURE,true,2608000,2.608,53300,545500,1719600,0,206400,0,0,0,,,,none,x509-modified_uav_id_0,0,false,238,17,
n10-identities_c1-conc_mech-x509-1backend_security-battery_r30_audit-off_20260824T233608Z,obs_e33e1cdc3ecd4b6897cba667e1f67c45,2026-08-24T23:36:38.187232+00:00,x509,modified_uav_id,4,1,UAV-0005,INVALID_SIGNATURE,INVALID_SIGNATURE,true,2578300,2.5783,45300,480000,1711600,0,176500,0,0,0,,,,none,x509-modified_uav_id_0,0,false,239,17,
n10-identities_c1-conc_mech-x509-1backend_security-battery_r30_audit-off_20260824T233608Z,obs_9cb298fffddb4ab68e11ba52d4ac7b1e,2026-08-24T23:36:38.199385+00:00,x509,modified_uav_id,5,1,UAV-0005,INVALID_SIGNATURE,INVALID_SIGNATURE,true,2606300,2.6063,54800,542400,1727800,0,234200,0,0,0,,,,none,x509-modified_uav_id_0,0,false,238,17,
n10-identities_c1-conc_mech-x509-1backend_security-battery_r30_audit-off_20260824T233608Z,obs_1f44810e1a2644c4be2c920b69ca4c4a,2026-08-24T23:36:38.211374+00:00,x509,modified_uav_id,6,1,UAV-0005,INVALID_SIGNATURE,INVALID_SIGNATURE,true,2173900,2.1739,55300,419000,1471500,0,182900,0,0,0,,,,none,x509-modified_uav_id_0,0,false,239,17,
n10-identities_c1-conc_mech-x509-1backend_security-battery_r30_audit-off_20260824T233608Z,obs_d4eb2575b5464f4db25ea3f88d9b088a,2026-08-24T23:36:38.224568+00:00,x509,modified_uav_id,7,1,UAV-0005,INVALID_SIGNATURE,INVALID_SIGNATURE,true,2533400,2.5334,52400,549700,1652100,0,202600,0,0,0,,,,none,x509-modified_uav_id_0,0,false,238,17,
n10-identities_c1-conc_mech-x509-1backend_security-battery_r30_audit-off_20260824T233608Z,obs_815d66cce94e4e8c9f10e00f2f5a6c6f,2026-08-24T23:36:38.237882+00:00,x509,modified_uav_id,8,1,UAV-0005,INVALID_SIGNATURE,INVALID_SIGNATURE,true,2121800,2.1218,46800,467900,1379700,0,176300,0,0,0,,,,none,x509-modified_uav_id_0,0,false,238,17,
n10-identities_c1-conc_mech-x509-1backend_security-battery_r30_audit-off_20260824T233608Z,obs_2ef09f9a789e44a096a894d58e954e72,2026-08-24T23:36:38.281179+00:00,x509,modified_uav_id,9,1,UAV-0005,INVALID_SIGNATURE,INVALID_SIGNATURE,true,4699300,4.6993,93800,1255700,3060200,0,223700,0,0,0,,,,none,x509-modified_uav_id_0,0,false,237,17,
n10-identities_c1-conc_mech-x509-1backend_security-battery_r30_audit-off_20260824T233608Z,obs_ee5f490726914cf49b12b5625982760b,2026-08-24T23:36:38.298374+00:00,x509,modified_uav_id,10,1,UAV-0005,INVALID_SIGNATURE,INVALID_SIGNATURE,true,5211600,5.2116,59300,525800,3139900,0,1329700,0,0,0,,,,none,x509-modified_uav_id_0,0,false,237,17,
n10-identities_c1-conc_mech-x509-1backend_security-battery_r30_audit-off_20260824T233608Z,obs_54bb701f79144c0481fb5f8f0fdd1342,2026-08-24T23:36:38.313448+00:00,x509,modified_uav_id,11,1,UAV-0005,INVALID_SIGNATURE,INVALID_SIGNATURE,true,2614100,2.6141,91000,604100,1687900,0,188600,0,0,0,,,,none,x509-modified_uav_id_0,0,false,237,17,
n10-identities_c1-conc_mech-x509-1backend_security-battery_r30_audit-off_20260824T233608Z,obs_5fb87724d13949df983ce174a0b38825,2026-08-24T23:36:38.328731+00:00,x509,modified_uav_id,12,1,UAV-0005,INVALID_SIGNATURE,INVALID_SIGNATURE,true,3143000,3.143,74800,529600,2280500,0,201700,0,0,0,,,,none,x509-modified_uav_id_0,0,false,239,17,
n10-identities_c1-conc_mech-x509-1backend_security-battery_r30_audit-off_20260824T233608Z,obs_3606a1e3db594070935dca7877c64d4e,2026-08-24T23:36:38.344253+00:00,x509,modified_uav_id,13,1,UAV-0005,INVALID_SIGNATURE,INVALID_SIGNATURE,true,2586800,2.5868,62500,568700,1656400,0,221500,0,0,0,,,,none,x509-modified_uav_id_0,0,false,239,17,
n10-identities_c1-conc_mech-x509-1backend_security-battery_r30_audit-off_20260824T233608Z,obs_607e4cbf656c49728bf08743709b6d88,2026-08-24T23:36:38.382309+00:00,x509,modified_uav_id,14,1,UAV-0005,INVALID_SIGNATURE,INVALID_SIGNATURE,true,5494900,5.4949,52600,893200,4137800,0,327200,0,0,0,,,,none,x509-modified_uav_id_0,0,false,237,17,
n10-identities_c1-conc_mech-x509-1backend_security-battery_r30_audit-off_20260824T233608Z,obs_2dc963607f8348c3aa585937b3bb83e2,2026-08-24T23:36:38.396276+00:00,x509,modified_uav_id,15,1,UAV-0005,INVALID_SIGNATURE,INVALID_SIGNATURE,true,2229400,2.2294,70000,439400,1439200,0,224500,0,0,0,,,,none,x509-modified_uav_id_0,0,false,238,17,
n10-identities_c1-conc_mech-x509-1backend_security-battery_r30_audit-off_20260824T233608Z,obs_98225467b5764bd49eb9e7062d835727,2026-08-24T23:36:38.415031+00:00,x509,modified_uav_id,16,1,UAV-0005,INVALID_SIGNATURE,INVALID_SIGNATURE,true,2886100,2.8861,194300,703900,1800900,0,212300,0,0,0,,,,none,x509-modified_uav_id_0,0,false,239,17,
n10-identities_c1-conc_mech-x509-1backend_security-battery_r30_audit-off_20260824T233608Z,obs_7b8e36957e11419d969bda3a7fabe0c2,2026-08-24T23:36:38.428927+00:00,x509,modified_uav_id,17,1,UAV-0005,INVALID_SIGNATURE,INVALID_SIGNATURE,true,2233100,2.2331,49000,478700,1469000,0,176800,0,0,0,,,,none,x509-modified_uav_id_0,0,false,238,17,
n10-identities_c1-conc_mech-x509-1backend_security-battery_r30_audit-off_20260824T233608Z,obs_fe2d0484730f4de096bee5bae482aeec,2026-08-24T23:36:38.443552+00:00,x509,modified_uav_id,18,1,UAV-0005,INVALID_SIGNATURE,INVALID_SIGNATURE,true,3326500,3.3265,59000,679000,2262700,0,233700,0,0,0,,,,none,x509-modified_uav_id_0,0,false,238,17,
n10-identities_c1-conc_mech-x509-1backend_security-battery_r30_audit-off_20260824T233608Z,obs_61ec0dc6962e4bb8b7a0d97098c38a1a,2026-08-24T23:36:38.455866+00:00,x509,modified_uav_id,19,1,UAV-0005,INVALID_SIGNATURE,INVALID_SIGNATURE,true,2268100,2.2681,59000,491500,1468800,0,192000,0,0,0,,,,none,x509-modified_uav_id_0,0,false,239,17,
n10-identities_c1-conc_mech-x509-1backend_security-battery_r30_audit-off_20260824T233608Z,obs_f16606c853824ba5aa1b6e2e7363d20a,2026-08-24T23:36:38.468588+00:00,x509,modified_uav_id,20,1,UAV-0005,INVALID_SIGNATURE,INVALID_SIGNATURE,true,2648900,2.6489,48900,510600,1786400,0,210100,0,0,0,,,,none,x509-modified_uav_id_0,0,false,238,17,
n10-identities_c1-conc_mech-x509-1backend_security-battery_r30_audit-off_20260824T233608Z,obs_8ec3bb42f0224868a06c342518b3a88c,2026-08-24T23:36:38.478989+00:00,x509,modified_uav_id,21,1,UAV-0005,INVALID_SIGNATURE,INVALID_SIGNATURE,true,1952600,1.9526,52600,356100,1327800,0,174500,0,0,0,,,,none,x509-modified_uav_id_0,0,false,238,17,
n10-identities_c1-conc_mech-x509-1backend_security-battery_r30_audit-off_20260824T233608Z,obs_1b4e648fc9d34ebdadce4e8d997bce28,2026-08-24T23:36:38.491409+00:00,x509,modified_uav_id,22,1,UAV-0005,INVALID_SIGNATURE,INVALID_SIGNATURE,true,2549500,2.5495,58900,564700,1675800,0,187700,0,0,0,,,,none,x509-modified_uav_id_0,0,false,238,17,
n10-identities_c1-conc_mech-x509-1backend_security-battery_r30_audit-off_20260824T233608Z,obs_eecdd8e92695479a8a14dc7309875ab8,2026-08-24T23:36:38.506689+00:00,x509,modified_uav_id,23,1,UAV-0005,INVALID_SIGNATURE,INVALID_SIGNATURE,true,2947300,2.9473,42200,727500,1766900,0,274400,0,0,0,,,,none,x509-modified_uav_id_0,0,false,238,17,
n10-identities_c1-conc_mech-x509-1backend_security-battery_r30_audit-off_20260824T233608Z,obs_e95181258b4a4781a655f637a8e351de,2026-08-24T23:36:38.528009+00:00,x509,modified_uav_id,24,1,UAV-0005,INVALID_SIGNATURE,INVALID_SIGNATURE,true,7743600,7.7436,58400,987400,5592900,0,341100,0,0,0,,,,none,x509-modified_uav_id_0,0,false,238,17,
n10-identities_c1-conc_mech-x509-1backend_security-battery_r30_audit-off_20260824T233608Z,obs_7851e672182e4cf9b8e3e4ebe85b94cf,2026-08-24T23:36:38.552594+00:00,x509,modified_uav_id,25,1,UAV-0005,INVALID_SIGNATURE,INVALID_SIGNATURE,true,3294500,3.2945,122600,548100,2393900,0,207300,0,0,0,,,,none,x509-modified_uav_id_0,0,false,238,17,
n10-identities_c1-conc_mech-x509-1backend_security-battery_r30_audit-off_20260824T233608Z,obs_c41998080a8e4f2195909bbca6178820,2026-08-24T23:36:38.568404+00:00,x509,modified_uav_id,26,1,UAV-0005,INVALID_SIGNATURE,INVALID_SIGNATURE,true,3573300,3.5733,60300,815400,2340900,0,254500,0,0,0,,,,none,x509-modified_uav_id_0,0,false,239,17,
n10-identities_c1-conc_mech-x509-1backend_security-battery_r30_audit-off_20260824T233608Z,obs_7dfefde82d304de3bc47e2ce41e2ef8f,2026-08-24T23:36:38.582233+00:00,x509,modified_uav_id,27,1,UAV-0005,INVALID_SIGNATURE,INVALID_SIGNATURE,true,2501700,2.5017,46900,504000,1667800,0,208600,0,0,0,,,,none,x509-modified_uav_id_0,0,false,239,17,
n10-identities_c1-conc_mech-x509-1backend_security-battery_r30_audit-off_20260824T233608Z,obs_24784f548e564a1bac81db1270d854be,2026-08-24T23:36:38.594409+00:00,x509,modified_uav_id,28,1,UAV-0005,INVALID_SIGNATURE,INVALID_SIGNATURE,true,2090100,2.0901,44100,375200,1423600,0,182200,0,0,0,,,,none,x509-modified_uav_id_0,0,false,239,17,
n10-identities_c1-conc_mech-x509-1backend_security-battery_r30_audit-off_20260824T233608Z,obs_3c6d2d09719c455e92c6921855cf64e2,2026-08-24T23:36:38.605814+00:00,x509,modified_uav_id,29,1,UAV-0005,INVALID_SIGNATURE,INVALID_SIGNATURE,true,2157900,2.1579,41400,630500,1253800,0,154800,0,0,0,,,,none,x509-modified_uav_id_0,0,false,239,17,
n10-identities_c1-conc_mech-x509-1backend_security-battery_r30_audit-off_20260824T233608Z,obs_089914e4bc1342cda62edc6013074931,2026-08-24T23:36:38.618441+00:00,x509,modified_operation,0,1,UAV-VALID,INVALID_SIGNATURE,INVALID_SIGNATURE,true,1978300,1.9783,31600,144000,1237100,0,289700,0,0,0,,,,none,x509-modified_operation_0,0,true,240,17,
n10-identities_c1-conc_mech-x509-1backend_security-battery_r30_audit-off_20260824T233608Z,obs_7f0ac331e10646feb2830a2402c177b2,2026-08-24T23:36:38.628993+00:00,x509,modified_operation,1,1,UAV-VALID,INVALID_SIGNATURE,INVALID_SIGNATURE,true,2865600,2.8656,66400,446100,2066900,0,221900,0,0,0,,,,none,x509-modified_operation_0,0,true,240,17,
n10-identities_c1-conc_mech-x509-1backend_security-battery_r30_audit-off_20260824T233608Z,obs_321a3c3970d148b78a3a6fb1530f6db7,2026-08-24T23:36:38.637961+00:00,x509,modified_operation,0,1,UAV-VALID,INVALID_SIGNATURE,INVALID_SIGNATURE,true,1896200,1.8962,47100,91100,1519400,0,188200,0,0,0,,,,none,x509-modified_operation_0,0,false,240,17,
n10-identities_c1-conc_mech-x509-1backend_security-battery_r30_audit-off_20260824T233608Z,obs_12ad7a8a19b9404ebbdd54fda55d53de,2026-08-24T23:36:38.647157+00:00,x509,modified_operation,1,1,UAV-VALID,INVALID_SIGNATURE,INVALID_SIGNATURE,true,2774000,2.774,56400,85700,1797100,0,789900,0,0,0,,,,none,x509-modified_operation_0,0,false,240,17,
n10-identities_c1-conc_mech-x509-1backend_security-battery_r30_audit-off_20260824T233608Z,obs_2e77716ca1ad43eea97652012fe25959,2026-08-24T23:36:38.656313+00:00,x509,modified_operation,2,1,UAV-VALID,INVALID_SIGNATURE,INVALID_SIGNATURE,true,1767700,1.7677,45500,83600,1435800,0,165900,0,0,0,,,,none,x509-modified_operation_0,0,false,241,17,
n10-identities_c1-conc_mech-x509-1backend_security-battery_r30_audit-off_20260824T233608Z,obs_7e426a6fcf6341afbe0831bb7bb10a83,2026-08-24T23:36:38.664504+00:00,x509,modified_operation,3,1,UAV-VALID,INVALID_SIGNATURE,INVALID_SIGNATURE,true,1793300,1.7933,36900,75900,1479200,0,155700,0,0,0,,,,none,x509-modified_operation_0,0,false,241,17,
n10-identities_c1-conc_mech-x509-1backend_security-battery_r30_audit-off_20260824T233608Z,obs_68e4868d8e3e48de981d67145bc82169,2026-08-24T23:36:38.675280+00:00,x509,modified_operation,4,1,UAV-VALID,INVALID_SIGNATURE,INVALID_SIGNATURE,true,1780600,1.7806,42800,84000,1450700,0,164500,0,0,0,,,,none,x509-modified_operation_0,0,false,240,17,
n10-identities_c1-conc_mech-x509-1backend_security-battery_r30_audit-off_20260824T233608Z,obs_ff11a21d5eaf455f8481a89b6078f93c,2026-08-24T23:36:38.686933+00:00,x509,modified_operation,5,1,UAV-VALID,INVALID_SIGNATURE,INVALID_SIGNATURE,true,2249600,2.2496,120400,117700,1825300,0,185600,0,0,0,,,,none,x509-modified_operation_0,0,false,241,17,
n10-identities_c1-conc_mech-x509-1backend_security-battery_r30_audit-off_20260824T233608Z,obs_ed244e28c2dd4ef2a318f677630be7e5,2026-08-24T23:36:38.695844+00:00,x509,modified_operation,6,1,UAV-VALID,INVALID_SIGNATURE,INVALID_SIGNATURE,true,1988900,1.9889,44100,93200,1665900,0,144900,0,0,0,,,,none,x509-modified_operation_0,0,false,241,17,
n10-identities_c1-conc_mech-x509-1backend_security-battery_r30_audit-off_20260824T233608Z,obs_350c5e529b584871bd30833dcaf6cda3,2026-08-24T23:36:38.705451+00:00,x509,modified_operation,7,1,UAV-VALID,INVALID_SIGNATURE,INVALID_SIGNATURE,true,1790300,1.7903,43200,82600,1478900,0,149000,0,0,0,,,,none,x509-modified_operation_0,0,false,240,17,
n10-identities_c1-conc_mech-x509-1backend_security-battery_r30_audit-off_20260824T233608Z,obs_c5981052b5e947018dabd79e989fd749,2026-08-24T23:36:38.713701+00:00,x509,modified_operation,8,1,UAV-VALID,INVALID_SIGNATURE,INVALID_SIGNATURE,true,1818200,1.8182,43200,68800,1499600,0,168700,0,0,0,,,,none,x509-modified_operation_0,0,false,241,17,
n10-identities_c1-conc_mech-x509-1backend_security-battery_r30_audit-off_20260824T233608Z,obs_df479cae434c48118cb8d1774f2ce9ba,2026-08-24T23:36:38.722226+00:00,x509,modified_operation,9,1,UAV-VALID,INVALID_SIGNATURE,INVALID_SIGNATURE,true,1667900,1.6679,44300,59900,1359700,0,172200,0,0,0,,,,none,x509-modified_operation_0,0,false,240,17,
n10-identities_c1-conc_mech-x509-1backend_security-battery_r30_audit-off_20260824T233608Z,obs_d38d6466fb444ada9b07e64fa71cce5a,2026-08-24T23:36:38.731102+00:00,x509,modified_operation,10,1,UAV-VALID,INVALID_SIGNATURE,INVALID_SIGNATURE,true,2219000,2.219,43300,90900,1856200,0,179300,0,0,0,,,,none,x509-modified_operation_0,0,false,241,17,
n10-identities_c1-conc_mech-x509-1backend_security-battery_r30_audit-off_20260824T233608Z,obs_eb2a0ae0a49b411da8ee93999d24766e,2026-08-24T23:36:38.739647+00:00,x509,modified_operation,11,1,UAV-VALID,INVALID_SIGNATURE,INVALID_SIGNATURE,true,1668400,1.6684,47100,86700,1339100,0,165300,0,0,0,,,,none,x509-modified_operation_0,0,false,240,17,
n10-identities_c1-conc_mech-x509-1backend_security-battery_r30_audit-off_20260824T233608Z,obs_ead5c6530bf74c6386b609a17843a9c9,2026-08-24T23:36:38.747768+00:00,x509,modified_operation,12,1,UAV-VALID,INVALID_SIGNATURE,INVALID_SIGNATURE,true,1810100,1.8101,45800,84900,1466000,0,170500,0,0,0,,,,none,x509-modified_operation_0,0,false,240,17,
n10-identities_c1-conc_mech-x509-1backend_security-battery_r30_audit-off_20260824T233608Z,obs_5fadb4cbc7c9488692036570cf56fcb8,2026-08-24T23:36:38.756508+00:00,x509,modified_operation,13,1,UAV-VALID,INVALID_SIGNATURE,INVALID_SIGNATURE,true,1608300,1.6083,46400,81300,1271300,0,169300,0,0,0,,,,none,x509-modified_operation_0,0,false,239,17,
n10-identities_c1-conc_mech-x509-1backend_security-battery_r30_audit-off_20260824T233608Z,obs_1b6b020f29fc4452be436ea7324079af,2026-08-24T23:36:38.765494+00:00,x509,modified_operation,14,1,UAV-VALID,INVALID_SIGNATURE,INVALID_SIGNATURE,true,2089000,2.089,48800,83800,1654700,0,220400,0,0,0,,,,none,x509-modified_operation_0,0,false,239,17,
n10-identities_c1-conc_mech-x509-1backend_security-battery_r30_audit-off_20260824T233608Z,obs_202cc575e7c94bb4a51d5ac5fe00f074,2026-08-24T23:36:38.775294+00:00,x509,modified_operation,15,1,UAV-VALID,INVALID_SIGNATURE,INVALID_SIGNATURE,true,2534800,2.5348,58600,89100,2147500,0,195100,0,0,0,,,,none,x509-modified_operation_0,0,false,241,17,
n10-identities_c1-conc_mech-x509-1backend_security-battery_r30_audit-off_20260824T233608Z,obs_de0a90baeb0a420b93ab5eb0a39faa44,2026-08-24T23:36:38.784814+00:00,x509,modified_operation,16,1,UAV-VALID,INVALID_SIGNATURE,INVALID_SIGNATURE,true,2558100,2.5581,52600,107100,2129900,0,213600,0,0,0,,,,none,x509-modified_operation_0,0,false,241,17,
n10-identities_c1-conc_mech-x509-1backend_security-battery_r30_audit-off_20260824T233608Z,obs_dcf9622348f3402ab656c6c014e5152a,2026-08-24T23:36:38.794667+00:00,x509,modified_operation,17,1,UAV-VALID,INVALID_SIGNATURE,INVALID_SIGNATURE,true,4023500,4.0235,47100,153600,3531100,0,200400,0,0,0,,,,none,x509-modified_operation_0,0,false,240,17,
n10-identities_c1-conc_mech-x509-1backend_security-battery_r30_audit-off_20260824T233608Z,obs_db1fdca5bc12428c984e646cbe47e700,2026-08-24T23:36:38.804187+00:00,x509,modified_operation,18,1,UAV-VALID,INVALID_SIGNATURE,INVALID_SIGNATURE,true,2028400,2.0284,41200,67900,1647700,0,194100,0,0,0,,,,none,x509-modified_operation_0,0,false,240,17,
n10-identities_c1-conc_mech-x509-1backend_security-battery_r30_audit-off_20260824T233608Z,obs_71358b937daf48b1a8a4ee3e94fbfc30,2026-08-24T23:36:38.814600+00:00,x509,modified_operation,19,1,UAV-VALID,INVALID_SIGNATURE,INVALID_SIGNATURE,true,2248900,2.2489,53200,68200,1858200,0,217300,0,0,0,,,,none,x509-modified_operation_0,0,false,241,17,
n10-identities_c1-conc_mech-x509-1backend_security-battery_r30_audit-off_20260824T233608Z,obs_912f19165d154ed68d7131fe386ec27b,2026-08-24T23:36:38.823152+00:00,x509,modified_operation,20,1,UAV-VALID,INVALID_SIGNATURE,INVALID_SIGNATURE,true,1747000,1.747,46000,87400,1414900,0,151600,0,0,0,,,,none,x509-modified_operation_0,0,false,239,17,
n10-identities_c1-conc_mech-x509-1backend_security-battery_r30_audit-off_20260824T233608Z,obs_5e84aac72d3d41f9a33711566c584a32,2026-08-24T23:36:38.832275+00:00,x509,modified_operation,21,1,UAV-VALID,INVALID_SIGNATURE,INVALID_SIGNATURE,true,2089600,2.0896,35700,82500,1620800,0,252900,0,0,0,,,,none,x509-modified_operation_0,0,false,241,17,
n10-identities_c1-conc_mech-x509-1backend_security-battery_r30_audit-off_20260824T233608Z,obs_3136fcdc2588403d9c8c9328af666a89,2026-08-24T23:36:38.842785+00:00,x509,modified_operation,22,1,UAV-VALID,INVALID_SIGNATURE,INVALID_SIGNATURE,true,1888600,1.8886,46700,147200,1474400,0,174300,0,0,0,,,,none,x509-modified_operation_0,0,false,239,17,
n10-identities_c1-conc_mech-x509-1backend_security-battery_r30_audit-off_20260824T233608Z,obs_ed0270605d0f432081b6a3aa601f3a8e,2026-08-24T23:36:38.851804+00:00,x509,modified_operation,23,1,UAV-VALID,INVALID_SIGNATURE,INVALID_SIGNATURE,true,2156500,2.1565,56000,107300,1772100,0,178900,0,0,0,,,,none,x509-modified_operation_0,0,false,239,17,
n10-identities_c1-conc_mech-x509-1backend_security-battery_r30_audit-off_20260824T233608Z,obs_7c0ea012bcd64a9e928aa16ac1cfddd3,2026-08-24T23:36:38.862501+00:00,x509,modified_operation,24,1,UAV-VALID,INVALID_SIGNATURE,INVALID_SIGNATURE,true,1969500,1.9695,49200,99900,1570500,0,194800,0,0,0,,,,none,x509-modified_operation_0,0,false,239,17,
n10-identities_c1-conc_mech-x509-1backend_security-battery_r30_audit-off_20260824T233608Z,obs_8c8e282f6a964c6e862a541c42e6b000,2026-08-24T23:36:38.871541+00:00,x509,modified_operation,25,1,UAV-VALID,INVALID_SIGNATURE,INVALID_SIGNATURE,true,1911500,1.9115,53300,97800,1537900,0,179800,0,0,0,,,,none,x509-modified_operation_0,0,false,239,17,
n10-identities_c1-conc_mech-x509-1backend_security-battery_r30_audit-off_20260824T233608Z,obs_52312658afcb439094e333130aa47c29,2026-08-24T23:36:38.878980+00:00,x509,modified_operation,26,1,UAV-VALID,INVALID_SIGNATURE,INVALID_SIGNATURE,true,1531800,1.5318,40800,87000,1160800,0,194400,0,0,0,,,,none,x509-modified_operation_0,0,false,239,17,
n10-identities_c1-conc_mech-x509-1backend_security-battery_r30_audit-off_20260824T233608Z,obs_061d697282d54144968abad093db2dd7,2026-08-24T23:36:38.908320+00:00,x509,modified_operation,27,1,UAV-VALID,INVALID_SIGNATURE,INVALID_SIGNATURE,true,23192900,23.1929,53300,90400,22834400,0,176200,0,0,0,,,,none,x509-modified_operation_0,0,false,239,17,
n10-identities_c1-conc_mech-x509-1backend_security-battery_r30_audit-off_20260824T233608Z,obs_2a5e17438d9941c58c97466960b61302,2026-08-24T23:36:38.914414+00:00,x509,modified_operation,28,1,UAV-VALID,INVALID_SIGNATURE,INVALID_SIGNATURE,true,1291000,1.291,28800,53300,1064000,0,120600,0,0,0,,,,none,x509-modified_operation_0,0,false,240,17,
n10-identities_c1-conc_mech-x509-1backend_security-battery_r30_audit-off_20260824T233608Z,obs_8b7546b364014c048cf28b0e11eeec4c,2026-08-24T23:36:38.925447+00:00,x509,modified_operation,29,1,UAV-VALID,INVALID_SIGNATURE,INVALID_SIGNATURE,true,1738500,1.7385,41200,81300,1401300,0,172400,0,0,0,,,,none,x509-modified_operation_0,0,false,241,17,
n10-identities_c1-conc_mech-x509-1backend_security-battery_r30_audit-off_20260824T233608Z,obs_b08b1fcc8bf74c1a9d317dc7bfaa5a6c,2026-08-24T23:36:39.060682+00:00,x509,expired_challenge,0,1,UAV-VALID,EXPIRED_CHALLENGE,EXPIRED_CHALLENGE,true,33900,0.0339,32200,0,0,0,0,0,0,0,,,,none,x509-expired_challenge_0,0,true,240,17,
n10-identities_c1-conc_mech-x509-1backend_security-battery_r30_audit-off_20260824T233608Z,obs_a1cd92c76fbd436c9d6fa2196eea260f,2026-08-24T23:36:39.186409+00:00,x509,expired_challenge,1,1,UAV-VALID,EXPIRED_CHALLENGE,EXPIRED_CHALLENGE,true,36300,0.0363,61500,0,0,0,0,0,0,0,,,,none,x509-expired_challenge_0,0,true,238,17,
n10-identities_c1-conc_mech-x509-1backend_security-battery_r30_audit-off_20260824T233608Z,obs_750c046106884328b453655f6d053178,2026-08-24T23:36:39.314325+00:00,x509,expired_challenge,0,1,UAV-VALID,EXPIRED_CHALLENGE,EXPIRED_CHALLENGE,true,29800,0.0298,41900,0,0,0,0,0,0,0,,,,none,x509-expired_challenge_0,0,false,239,17,
n10-identities_c1-conc_mech-x509-1backend_security-battery_r30_audit-off_20260824T233608Z,obs_d7fd4240da5143eea2a6fde8bd08079e,2026-08-24T23:36:39.442815+00:00,x509,expired_challenge,1,1,UAV-VALID,EXPIRED_CHALLENGE,EXPIRED_CHALLENGE,true,36500,0.0365,46800,0,0,0,0,0,0,0,,,,none,x509-expired_challenge_0,0,false,239,17,
n10-identities_c1-conc_mech-x509-1backend_security-battery_r30_audit-off_20260824T233608Z,obs_d07d1ea25b40432bb2d026aeabe7b718,2026-08-24T23:36:39.570697+00:00,x509,expired_challenge,2,1,UAV-VALID,EXPIRED_CHALLENGE,EXPIRED_CHALLENGE,true,37000,0.037,53100,0,0,0,0,0,0,0,,,,none,x509-expired_challenge_0,0,false,239,17,
n10-identities_c1-conc_mech-x509-1backend_security-battery_r30_audit-off_20260824T233608Z,obs_2aef6a53571d4a12918e49b52ab22dba,2026-08-24T23:36:39.697059+00:00,x509,expired_challenge,3,1,UAV-VALID,EXPIRED_CHALLENGE,EXPIRED_CHALLENGE,true,38700,0.0387,31500,0,0,0,0,0,0,0,,,,none,x509-expired_challenge_0,0,false,238,17,
n10-identities_c1-conc_mech-x509-1backend_security-battery_r30_audit-off_20260824T233608Z,obs_495358a390c440bd9cad4e319b2d0d65,2026-08-24T23:36:39.823959+00:00,x509,expired_challenge,4,1,UAV-VALID,EXPIRED_CHALLENGE,EXPIRED_CHALLENGE,true,23300,0.0233,35400,0,0,0,0,0,0,0,,,,none,x509-expired_challenge_0,0,false,238,17,
n10-identities_c1-conc_mech-x509-1backend_security-battery_r30_audit-off_20260824T233608Z,obs_ab98794d8bc54783be82eca69935a3bf,2026-08-24T23:36:39.954632+00:00,x509,expired_challenge,5,1,UAV-VALID,EXPIRED_CHALLENGE,EXPIRED_CHALLENGE,true,35600,0.0356,35600,0,0,0,0,0,0,0,,,,none,x509-expired_challenge_0,0,false,239,17,
n10-identities_c1-conc_mech-x509-1backend_security-battery_r30_audit-off_20260824T233608Z,obs_ff5ed419afec41ca9f0eeda0e8e8c004,2026-08-24T23:36:40.084338+00:00,x509,expired_challenge,6,1,UAV-VALID,EXPIRED_CHALLENGE,EXPIRED_CHALLENGE,true,28700,0.0287,48200,0,0,0,0,0,0,0,,,,none,x509-expired_challenge_0,0,false,239,17,
n10-identities_c1-conc_mech-x509-1backend_security-battery_r30_audit-off_20260824T233608Z,obs_7ea69a7027cc434cbac09ee0b77fce0b,2026-08-24T23:36:40.211002+00:00,x509,expired_challenge,7,1,UAV-VALID,EXPIRED_CHALLENGE,EXPIRED_CHALLENGE,true,38100,0.0381,42000,0,0,0,0,0,0,0,,,,none,x509-expired_challenge_0,0,false,240,17,
n10-identities_c1-conc_mech-x509-1backend_security-battery_r30_audit-off_20260824T233608Z,obs_83a6f5e9a48c4277920e74028f22abe5,2026-08-24T23:36:40.339546+00:00,x509,expired_challenge,8,1,UAV-VALID,EXPIRED_CHALLENGE,EXPIRED_CHALLENGE,true,30800,0.0308,47800,0,0,0,0,0,0,0,,,,none,x509-expired_challenge_0,0,false,239,17,
n10-identities_c1-conc_mech-x509-1backend_security-battery_r30_audit-off_20260824T233608Z,obs_00d42ddb380e4e7dbac5a128a4ad6fa6,2026-08-24T23:36:40.471277+00:00,x509,expired_challenge,9,1,UAV-VALID,EXPIRED_CHALLENGE,EXPIRED_CHALLENGE,true,38300,0.0383,67800,0,0,0,0,0,0,0,,,,none,x509-expired_challenge_0,0,false,239,17,
n10-identities_c1-conc_mech-x509-1backend_security-battery_r30_audit-off_20260824T233608Z,obs_8e417eec8394498fb4547009cbd7ed1f,2026-08-24T23:36:40.597015+00:00,x509,expired_challenge,10,1,UAV-VALID,EXPIRED_CHALLENGE,EXPIRED_CHALLENGE,true,27000,0.027,40900,0,0,0,0,0,0,0,,,,none,x509-expired_challenge_0,0,false,239,17,
n10-identities_c1-conc_mech-x509-1backend_security-battery_r30_audit-off_20260824T233608Z,obs_a3c05e4ef6a0409f992b1483dfe468e5,2026-08-24T23:36:40.725058+00:00,x509,expired_challenge,11,1,UAV-VALID,EXPIRED_CHALLENGE,EXPIRED_CHALLENGE,true,35400,0.0354,74400,0,0,0,0,0,0,0,,,,none,x509-expired_challenge_0,0,false,239,17,
n10-identities_c1-conc_mech-x509-1backend_security-battery_r30_audit-off_20260824T233608Z,obs_ce460ee6c0e84b62bf3c4ebbd47703d1,2026-08-24T23:36:40.851491+00:00,x509,expired_challenge,12,1,UAV-VALID,EXPIRED_CHALLENGE,EXPIRED_CHALLENGE,true,35200,0.0352,34400,0,0,0,0,0,0,0,,,,none,x509-expired_challenge_0,0,false,240,17,
n10-identities_c1-conc_mech-x509-1backend_security-battery_r30_audit-off_20260824T233608Z,obs_3cffa3a4224e4db7b7d1f13bf562e49c,2026-08-24T23:36:40.991047+00:00,x509,expired_challenge,13,1,UAV-VALID,EXPIRED_CHALLENGE,EXPIRED_CHALLENGE,true,20900,0.0209,37800,0,0,0,0,0,0,0,,,,none,x509-expired_challenge_0,0,false,238,17,
n10-identities_c1-conc_mech-x509-1backend_security-battery_r30_audit-off_20260824T233608Z,obs_77ae58f56d9541c59c854bfbab6eb706,2026-08-24T23:36:41.117692+00:00,x509,expired_challenge,14,1,UAV-VALID,EXPIRED_CHALLENGE,EXPIRED_CHALLENGE,true,32000,0.032,36600,0,0,0,0,0,0,0,,,,none,x509-expired_challenge_0,0,false,239,17,
n10-identities_c1-conc_mech-x509-1backend_security-battery_r30_audit-off_20260824T233608Z,obs_040021d2a90547129bc2785a319e1607,2026-08-24T23:36:41.245965+00:00,x509,expired_challenge,15,1,UAV-VALID,EXPIRED_CHALLENGE,EXPIRED_CHALLENGE,true,31300,0.0313,42600,0,0,0,0,0,0,0,,,,none,x509-expired_challenge_0,0,false,240,17,
n10-identities_c1-conc_mech-x509-1backend_security-battery_r30_audit-off_20260824T233608Z,obs_4cce033721e44b11bc5f76dd66a3fad4,2026-08-24T23:36:41.372712+00:00,x509,expired_challenge,16,1,UAV-VALID,EXPIRED_CHALLENGE,EXPIRED_CHALLENGE,true,34100,0.0341,30800,0,0,0,0,0,0,0,,,,none,x509-expired_challenge_0,0,false,238,17,
n10-identities_c1-conc_mech-x509-1backend_security-battery_r30_audit-off_20260824T233608Z,obs_e9ea2b4175f94508966f6df0a56eb69e,2026-08-24T23:36:41.513767+00:00,x509,expired_challenge,17,1,UAV-VALID,EXPIRED_CHALLENGE,EXPIRED_CHALLENGE,true,39700,0.0397,51500,0,0,0,0,0,0,0,,,,none,x509-expired_challenge_0,0,false,238,17,
n10-identities_c1-conc_mech-x509-1backend_security-battery_r30_audit-off_20260824T233608Z,obs_a4fa17cdf17c45b0bfc057bcc8d2dd82,2026-08-24T23:36:41.641794+00:00,x509,expired_challenge,18,1,UAV-VALID,EXPIRED_CHALLENGE,EXPIRED_CHALLENGE,true,52200,0.0522,46700,0,0,0,0,0,0,0,,,,none,x509-expired_challenge_0,0,false,240,17,
n10-identities_c1-conc_mech-x509-1backend_security-battery_r30_audit-off_20260824T233608Z,obs_090ce1f5fc3e42b8a214671b1052b0e1,2026-08-24T23:36:41.772618+00:00,x509,expired_challenge,19,1,UAV-VALID,EXPIRED_CHALLENGE,EXPIRED_CHALLENGE,true,35700,0.0357,89300,0,0,0,0,0,0,0,,,,none,x509-expired_challenge_0,0,false,239,17,
n10-identities_c1-conc_mech-x509-1backend_security-battery_r30_audit-off_20260824T233608Z,obs_68b51290fa084389a45658ed7b2e2475,2026-08-24T23:36:41.900140+00:00,x509,expired_challenge,20,1,UAV-VALID,EXPIRED_CHALLENGE,EXPIRED_CHALLENGE,true,31400,0.0314,47000,0,0,0,0,0,0,0,,,,none,x509-expired_challenge_0,0,false,239,17,
n10-identities_c1-conc_mech-x509-1backend_security-battery_r30_audit-off_20260824T233608Z,obs_b1f4e1c6bacf414892035f0c934d1879,2026-08-24T23:36:42.033137+00:00,x509,expired_challenge,21,1,UAV-VALID,EXPIRED_CHALLENGE,EXPIRED_CHALLENGE,true,49000,0.049,46600,0,0,0,0,0,0,0,,,,none,x509-expired_challenge_0,0,false,240,17,
n10-identities_c1-conc_mech-x509-1backend_security-battery_r30_audit-off_20260824T233608Z,obs_e60cd23f3ad14a43b5ce833643bbd794,2026-08-24T23:36:42.160130+00:00,x509,expired_challenge,22,1,UAV-VALID,EXPIRED_CHALLENGE,EXPIRED_CHALLENGE,true,38400,0.0384,41800,0,0,0,0,0,0,0,,,,none,x509-expired_challenge_0,0,false,240,17,
n10-identities_c1-conc_mech-x509-1backend_security-battery_r30_audit-off_20260824T233608Z,obs_61a17e261a62494a81f5d481f40be844,2026-08-24T23:36:42.287182+00:00,x509,expired_challenge,23,1,UAV-VALID,EXPIRED_CHALLENGE,EXPIRED_CHALLENGE,true,24700,0.0247,80400,0,0,0,0,0,0,0,,,,none,x509-expired_challenge_0,0,false,239,17,
n10-identities_c1-conc_mech-x509-1backend_security-battery_r30_audit-off_20260824T233608Z,obs_ae1522ce0e5b490a80c6f07801c79474,2026-08-24T23:36:42.413591+00:00,x509,expired_challenge,24,1,UAV-VALID,EXPIRED_CHALLENGE,EXPIRED_CHALLENGE,true,53900,0.0539,42100,0,0,0,0,0,0,0,,,,none,x509-expired_challenge_0,0,false,239,17,
n10-identities_c1-conc_mech-x509-1backend_security-battery_r30_audit-off_20260824T233608Z,obs_518289557f0a4eeeb1802f4794935b75,2026-08-24T23:36:42.554692+00:00,x509,expired_challenge,25,1,UAV-VALID,EXPIRED_CHALLENGE,EXPIRED_CHALLENGE,true,32700,0.0327,49400,0,0,0,0,0,0,0,,,,none,x509-expired_challenge_0,0,false,238,17,
n10-identities_c1-conc_mech-x509-1backend_security-battery_r30_audit-off_20260824T233608Z,obs_bb5658e5af564106a9bc8b39256c9692,2026-08-24T23:36:42.681536+00:00,x509,expired_challenge,26,1,UAV-VALID,EXPIRED_CHALLENGE,EXPIRED_CHALLENGE,true,31300,0.0313,40500,0,0,0,0,0,0,0,,,,none,x509-expired_challenge_0,0,false,239,17,
n10-identities_c1-conc_mech-x509-1backend_security-battery_r30_audit-off_20260824T233608Z,obs_6e99447984824269a4daa6c7036cd20b,2026-08-24T23:36:42.808194+00:00,x509,expired_challenge,27,1,UAV-VALID,EXPIRED_CHALLENGE,EXPIRED_CHALLENGE,true,36600,0.0366,32800,0,0,0,0,0,0,0,,,,none,x509-expired_challenge_0,0,false,239,17,
n10-identities_c1-conc_mech-x509-1backend_security-battery_r30_audit-off_20260824T233608Z,obs_c653474358134289bfa219471a9b6e53,2026-08-24T23:36:42.935228+00:00,x509,expired_challenge,28,1,UAV-VALID,EXPIRED_CHALLENGE,EXPIRED_CHALLENGE,true,23800,0.0238,54700,0,0,0,0,0,0,0,,,,none,x509-expired_challenge_0,0,false,239,17,
n10-identities_c1-conc_mech-x509-1backend_security-battery_r30_audit-off_20260824T233608Z,obs_d37c73efd90d482ba35e037d4c52a9a6,2026-08-24T23:36:43.071504+00:00,x509,expired_challenge,29,1,UAV-VALID,EXPIRED_CHALLENGE,EXPIRED_CHALLENGE,true,25800,0.0258,32700,0,0,0,0,0,0,0,,,,none,x509-expired_challenge_0,0,false,238,17,
n10-identities_c1-conc_mech-x509-1backend_security-battery_r30_audit-off_20260824T233608Z,obs_4d13c089401f4c66be64bcfea8e0c673,2026-08-24T23:36:43.081345+00:00,x509,revoked_uav,0,1,UAV-REVOKED,REVOKED_IDENTITY,REVOKED_IDENTITY,true,1591200,1.5912,28900,68900,1469500,0,0,0,0,0,,,,none,x509-revoked_uav_0,0,true,242,16,
n10-identities_c1-conc_mech-x509-1backend_security-battery_r30_audit-off_20260824T233608Z,obs_a46252739bb64631a5b83c9dfd09cb55,2026-08-24T23:36:43.091190+00:00,x509,revoked_uav,1,1,UAV-REVOKED,REVOKED_IDENTITY,REVOKED_IDENTITY,true,1627200,1.6272,34400,67100,1513700,0,0,0,0,0,,,,none,x509-revoked_uav_0,0,true,241,16,
n10-identities_c1-conc_mech-x509-1backend_security-battery_r30_audit-off_20260824T233608Z,obs_8ceb9b647f2740aea95afc63c41bc119,2026-08-24T23:36:43.098576+00:00,x509,revoked_uav,0,1,UAV-REVOKED,REVOKED_IDENTITY,REVOKED_IDENTITY,true,2313200,2.3132,31000,72800,2194400,0,0,0,0,0,,,,none,x509-revoked_uav_0,0,false,241,16,
n10-identities_c1-conc_mech-x509-1backend_security-battery_r30_audit-off_20260824T233608Z,obs_94aa8aa475bf404cb644d9b00b69dc12,2026-08-24T23:36:43.107089+00:00,x509,revoked_uav,1,1,UAV-REVOKED,REVOKED_IDENTITY,REVOKED_IDENTITY,true,1700600,1.7006,45900,118100,1530900,0,0,0,0,0,,,,none,x509-revoked_uav_0,0,false,242,16,
n10-identities_c1-conc_mech-x509-1backend_security-battery_r30_audit-off_20260824T233608Z,obs_308782e235b74f0da905937d5813d715,2026-08-24T23:36:43.117164+00:00,x509,revoked_uav,2,1,UAV-REVOKED,REVOKED_IDENTITY,REVOKED_IDENTITY,true,2082500,2.0825,60900,122600,1898200,0,0,0,0,0,,,,none,x509-revoked_uav_0,0,false,241,16,
n10-identities_c1-conc_mech-x509-1backend_security-battery_r30_audit-off_20260824T233608Z,obs_9885164fb7a145509474b17edc52caf9,2026-08-24T23:36:43.124591+00:00,x509,revoked_uav,3,1,UAV-REVOKED,REVOKED_IDENTITY,REVOKED_IDENTITY,true,1595000,1.595,36000,61300,1494600,0,0,0,0,0,,,,none,x509-revoked_uav_0,0,false,241,16,
n10-identities_c1-conc_mech-x509-1backend_security-battery_r30_audit-off_20260824T233608Z,obs_e3d2da03e70047cf848f8a7bff8b77d2,2026-08-24T23:36:43.134366+00:00,x509,revoked_uav,4,1,UAV-REVOKED,REVOKED_IDENTITY,REVOKED_IDENTITY,true,1926200,1.9262,128900,102700,1762200,0,0,0,0,0,,,,none,x509-revoked_uav_0,0,false,241,16,
n10-identities_c1-conc_mech-x509-1backend_security-battery_r30_audit-off_20260824T233608Z,obs_6cd281d3467645db816d1f8c747b52dc,2026-08-24T23:36:43.140567+00:00,x509,revoked_uav,5,1,UAV-REVOKED,REVOKED_IDENTITY,REVOKED_IDENTITY,true,1219700,1.2197,40200,67900,1112400,0,0,0,0,0,,,,none,x509-revoked_uav_0,0,false,240,16,
n10-identities_c1-conc_mech-x509-1backend_security-battery_r30_audit-off_20260824T233608Z,obs_c25e75b7fac54664820b34f3b2f6bc17,2026-08-24T23:36:43.150362+00:00,x509,revoked_uav,6,1,UAV-REVOKED,REVOKED_IDENTITY,REVOKED_IDENTITY,true,2011900,2.0119,306000,107500,1839200,0,0,0,0,0,,,,none,x509-revoked_uav_0,0,false,240,16,
n10-identities_c1-conc_mech-x509-1backend_security-battery_r30_audit-off_20260824T233608Z,obs_dc3d307398b54b6e8be1f1344a2fadf8,2026-08-24T23:36:43.156936+00:00,x509,revoked_uav,7,1,UAV-REVOKED,REVOKED_IDENTITY,REVOKED_IDENTITY,true,1491900,1.4919,31600,59800,1393100,0,0,0,0,0,,,,none,x509-revoked_uav_0,0,false,240,16,
n10-identities_c1-conc_mech-x509-1backend_security-battery_r30_audit-off_20260824T233608Z,obs_093f9546f54f4e568dfaf598d9aea2d8,2026-08-24T23:36:43.166448+00:00,x509,revoked_uav,8,1,UAV-REVOKED,REVOKED_IDENTITY,REVOKED_IDENTITY,true,2159500,2.1595,55000,120200,1964600,0,0,0,0,0,,,,none,x509-revoked_uav_0,0,false,241,16,
n10-identities_c1-conc_mech-x509-1backend_security-battery_r30_audit-off_20260824T233608Z,obs_ab6303aa85874b46ae290831dbe729f8,2026-08-24T23:36:43.173139+00:00,x509,revoked_uav,9,1,UAV-REVOKED,REVOKED_IDENTITY,REVOKED_IDENTITY,true,1526700,1.5267,32200,69400,1417100,0,0,0,0,0,,,,none,x509-revoked_uav_0,0,false,241,16,
n10-identities_c1-conc_mech-x509-1backend_security-battery_r30_audit-off_20260824T233608Z,obs_cf44a744f55b45dc81a1ed4197e03b28,2026-08-24T23:36:43.181097+00:00,x509,revoked_uav,10,1,UAV-REVOKED,REVOKED_IDENTITY,REVOKED_IDENTITY,true,1993200,1.9932,57800,68600,1877300,0,0,0,0,0,,,,none,x509-revoked_uav_0,0,false,241,16,
n10-identities_c1-conc_mech-x509-1backend_security-battery_r30_audit-off_20260824T233608Z,obs_5d0fbeede31f40a09ce6c43ba44fd8e1,2026-08-24T23:36:43.190226+00:00,x509,revoked_uav,11,1,UAV-REVOKED,REVOKED_IDENTITY,REVOKED_IDENTITY,true,2012900,2.0129,40600,111100,1842100,0,0,0,0,0,,,,none,x509-revoked_uav_0,0,false,241,16,
n10-identities_c1-conc_mech-x509-1backend_security-battery_r30_audit-off_20260824T233608Z,obs_4fc2e89ec15d41e9ba4ff9891020b0a8,2026-08-24T23:36:43.198747+00:00,x509,revoked_uav,12,1,UAV-REVOKED,REVOKED_IDENTITY,REVOKED_IDENTITY,true,1985800,1.9858,31000,105600,1820100,0,0,0,0,0,,,,none,x509-revoked_uav_0,0,false,242,16,
n10-identities_c1-conc_mech-x509-1backend_security-battery_r30_audit-off_20260824T233608Z,obs_203c52d2b4f14db4943537013288dac5,2026-08-24T23:36:43.204980+00:00,x509,revoked_uav,13,1,UAV-REVOKED,REVOKED_IDENTITY,REVOKED_IDENTITY,true,1316300,1.3163,44400,55400,1223600,0,0,0,0,0,,,,none,x509-revoked_uav_0,0,false,242,16,
n10-identities_c1-conc_mech-x509-1backend_security-battery_r30_audit-off_20260824T233608Z,obs_0b8827fe5afa47438c31fdc698e89d8d,2026-08-24T23:36:43.213465+00:00,x509,revoked_uav,14,1,UAV-REVOKED,REVOKED_IDENTITY,REVOKED_IDENTITY,true,1660000,1.66,43500,83200,1524400,0,0,0,0,0,,,,none,x509-revoked_uav_0,0,false,240,16,
n10-identities_c1-conc_mech-x509-1backend_security-battery_r30_audit-off_20260824T233608Z,obs_1a5c758f818144c092b0cb17f2e3b32f,2026-08-24T23:36:43.221230+00:00,x509,revoked_uav,15,1,UAV-REVOKED,REVOKED_IDENTITY,REVOKED_IDENTITY,true,1508500,1.5085,34700,76800,1384000,0,0,0,0,0,,,,none,x509-revoked_uav_0,0,false,241,16,
n10-identities_c1-conc_mech-x509-1backend_security-battery_r30_audit-off_20260824T233608Z,obs_6b6cf8cc0252498391922dbb1ac415b3,2026-08-24T23:36:43.228884+00:00,x509,revoked_uav,16,1,UAV-REVOKED,REVOKED_IDENTITY,REVOKED_IDENTITY,true,1502900,1.5029,31900,84900,1371400,0,0,0,0,0,,,,none,x509-revoked_uav_0,0,false,240,16,
n10-identities_c1-conc_mech-x509-1backend_security-battery_r30_audit-off_20260824T233608Z,obs_0f90e294fe8b4d91a06385bc7aad85e4,2026-08-24T23:36:43.236833+00:00,x509,revoked_uav,17,1,UAV-REVOKED,REVOKED_IDENTITY,REVOKED_IDENTITY,true,1712700,1.7127,41500,81900,1581200,0,0,0,0,0,,,,none,x509-revoked_uav_0,0,false,241,16,
n10-identities_c1-conc_mech-x509-1backend_security-battery_r30_audit-off_20260824T233608Z,obs_2334f26ce164404182744c10ad0748e3,2026-08-24T23:36:43.245136+00:00,x509,revoked_uav,18,1,UAV-REVOKED,REVOKED_IDENTITY,REVOKED_IDENTITY,true,1364300,1.3643,44300,66700,1233300,0,0,0,0,0,,,,none,x509-revoked_uav_0,0,false,240,16,
n10-identities_c1-conc_mech-x509-1backend_security-battery_r30_audit-off_20260824T233608Z,obs_15d786714cd640da856566f2a6e390cf,2026-08-24T23:36:43.254715+00:00,x509,revoked_uav,19,1,UAV-REVOKED,REVOKED_IDENTITY,REVOKED_IDENTITY,true,1771700,1.7717,45500,111600,1594100,0,0,0,0,0,,,,none,x509-revoked_uav_0,0,false,241,16,
n10-identities_c1-conc_mech-x509-1backend_security-battery_r30_audit-off_20260824T233608Z,obs_73c57b6064ec44be8e29fbf1f0412267,2026-08-24T23:36:43.262824+00:00,x509,revoked_uav,20,1,UAV-REVOKED,REVOKED_IDENTITY,REVOKED_IDENTITY,true,1660800,1.6608,44300,85000,1526800,0,0,0,0,0,,,,none,x509-revoked_uav_0,0,false,240,16,
n10-identities_c1-conc_mech-x509-1backend_security-battery_r30_audit-off_20260824T233608Z,obs_c34279ee848d4390a13d383714fd7d0a,2026-08-24T23:36:43.272666+00:00,x509,revoked_uav,21,1,UAV-REVOKED,REVOKED_IDENTITY,REVOKED_IDENTITY,true,1848000,1.848,58300,98500,1692400,0,0,0,0,0,,,,none,x509-revoked_uav_0,0,false,240,16,
n10-identities_c1-conc_mech-x509-1backend_security-battery_r30_audit-off_20260824T233608Z,obs_c4a8ae0abfc34cafbd344ea6fb4660f0,2026-08-24T23:36:43.280814+00:00,x509,revoked_uav,22,1,UAV-REVOKED,REVOKED_IDENTITY,REVOKED_IDENTITY,true,1994200,1.9942,43500,71100,1875600,0,0,0,0,0,,,,none,x509-revoked_uav_0,0,false,240,16,
n10-identities_c1-conc_mech-x509-1backend_security-battery_r30_audit-off_20260824T233608Z,obs_14938052e973439f9f98a68faf6e13e6,2026-08-24T23:36:43.291416+00:00,x509,revoked_uav,23,1,UAV-REVOKED,REVOKED_IDENTITY,REVOKED_IDENTITY,true,1596400,1.5964,55800,88800,1451700,0,0,0,0,0,,,,none,x509-revoked_uav_0,0,false,241,16,
n10-identities_c1-conc_mech-x509-1backend_security-battery_r30_audit-off_20260824T233608Z,obs_5d73bae347614f7081de425df07b457d,2026-08-24T23:36:43.302532+00:00,x509,revoked_uav,24,1,UAV-REVOKED,REVOKED_IDENTITY,REVOKED_IDENTITY,true,4045300,4.0453,52300,274700,3548100,0,0,0,0,0,,,,none,x509-revoked_uav_0,0,false,241,16,
n10-identities_c1-conc_mech-x509-1backend_security-battery_r30_audit-off_20260824T233608Z,obs_137f3d5f02a34648823f5869f935db55,2026-08-24T23:36:43.311054+00:00,x509,revoked_uav,25,1,UAV-REVOKED,REVOKED_IDENTITY,REVOKED_IDENTITY,true,1641100,1.6411,40500,79700,1512100,0,0,0,0,0,,,,none,x509-revoked_uav_0,0,false,241,16,
n10-identities_c1-conc_mech-x509-1backend_security-battery_r30_audit-off_20260824T233608Z,obs_60a4e52b6abb43dc86ed506bdb990a5a,2026-08-24T23:36:43.322323+00:00,x509,revoked_uav,26,1,UAV-REVOKED,REVOKED_IDENTITY,REVOKED_IDENTITY,true,1601500,1.6015,38400,80500,1475300,0,0,0,0,0,,,,none,x509-revoked_uav_0,0,false,240,16,
n10-identities_c1-conc_mech-x509-1backend_security-battery_r30_audit-off_20260824T233608Z,obs_2897bf97fd9e4bfcb20766634ff041b4,2026-08-24T23:36:43.330435+00:00,x509,revoked_uav,27,1,UAV-REVOKED,REVOKED_IDENTITY,REVOKED_IDENTITY,true,1836700,1.8367,44600,84700,1698100,0,0,0,0,0,,,,none,x509-revoked_uav_0,0,false,242,16,
n10-identities_c1-conc_mech-x509-1backend_security-battery_r30_audit-off_20260824T233608Z,obs_1d86d1cc20e24f38bb6a8e1b1751ea15,2026-08-24T23:36:43.340702+00:00,x509,revoked_uav,28,1,UAV-REVOKED,REVOKED_IDENTITY,REVOKED_IDENTITY,true,1710500,1.7105,44200,85300,1572600,0,0,0,0,0,,,,none,x509-revoked_uav_0,0,false,241,16,
n10-identities_c1-conc_mech-x509-1backend_security-battery_r30_audit-off_20260824T233608Z,obs_4abe087de0cf4919902034439d2636fa,2026-08-24T23:36:43.352234+00:00,x509,revoked_uav,29,1,UAV-REVOKED,REVOKED_IDENTITY,REVOKED_IDENTITY,true,2604800,2.6048,53100,263900,2246800,0,0,0,0,0,,,,none,x509-revoked_uav_0,0,false,240,16,
n10-identities_c1-conc_mech-x509-1backend_security-battery_r30_audit-off_20260824T233608Z,obs_fae8d37d026444c29f1b6e2bf6d09ca0,2026-08-24T23:36:43.386215+00:00,x509,unauthorised_operation,0,1,UAV-LIMITED,UNAUTHORISED_OPERATION,UNAUTHORISED_OPERATION,true,1663100,1.6631,46100,96700,1307600,0,156100,4600,0,0,,,,none,x509-unauthorised_operation_0,0,true,242,22,
n10-identities_c1-conc_mech-x509-1backend_security-battery_r30_audit-off_20260824T233608Z,obs_f22d03cbdd5a419794ba6ee7a8c21a93,2026-08-24T23:36:43.394665+00:00,x509,unauthorised_operation,1,1,UAV-LIMITED,UNAUTHORISED_OPERATION,UNAUTHORISED_OPERATION,true,2258100,2.2581,34700,78800,1830700,0,199000,6800,0,0,,,,none,x509-unauthorised_operation_0,0,true,241,22,
n10-identities_c1-conc_mech-x509-1backend_security-battery_r30_audit-off_20260824T233608Z,obs_ab168390388c41f3b570aaa8b29ce28e,2026-08-24T23:36:43.403993+00:00,x509,unauthorised_operation,0,1,UAV-LIMITED,UNAUTHORISED_OPERATION,UNAUTHORISED_OPERATION,true,1815600,1.8156,43300,82700,1464100,0,168800,4500,0,0,,,,none,x509-unauthorised_operation_0,0,false,242,22,
n10-identities_c1-conc_mech-x509-1backend_security-battery_r30_audit-off_20260824T233608Z,obs_7f993ec28cb74356a49bdf8e7ed14824,2026-08-24T23:36:43.412539+00:00,x509,unauthorised_operation,1,1,UAV-LIMITED,UNAUTHORISED_OPERATION,UNAUTHORISED_OPERATION,true,1806000,1.806,120600,97300,1431800,0,165100,4000,0,0,,,,none,x509-unauthorised_operation_0,0,false,243,22,
n10-identities_c1-conc_mech-x509-1backend_security-battery_r30_audit-off_20260824T233608Z,obs_d7c54a86fdee44a0ad5cfbe003f4e3b9,2026-08-24T23:36:43.421142+00:00,x509,unauthorised_operation,2,1,UAV-LIMITED,UNAUTHORISED_OPERATION,UNAUTHORISED_OPERATION,true,1813400,1.8134,43000,75100,1500600,0,146400,3500,0,0,,,,none,x509-unauthorised_operation_0,0,false,243,22,
n10-identities_c1-conc_mech-x509-1backend_security-battery_r30_audit-off_20260824T233608Z,obs_be59be3b7038455e81c3cf50cd86f47c,2026-08-24T23:36:43.428840+00:00,x509,unauthorised_operation,3,1,UAV-LIMITED,UNAUTHORISED_OPERATION,UNAUTHORISED_OPERATION,true,1720500,1.7205,45100,78000,1399600,0,150400,3800,0,0,,,,none,x509-unauthorised_operation_0,0,false,242,22,
n10-identities_c1-conc_mech-x509-1backend_security-battery_r30_audit-off_20260824T233608Z,obs_5daca3eaf6724f8e8f82e751ab4c2314,2026-08-24T23:36:43.437933+00:00,x509,unauthorised_operation,4,1,UAV-LIMITED,UNAUTHORISED_OPERATION,UNAUTHORISED_OPERATION,true,1659200,1.6592,38300,78900,1306200,0,169300,4500,0,0,,,,none,x509-unauthorised_operation_0,0,false,242,22,
n10-identities_c1-conc_mech-x509-1backend_security-battery_r30_audit-off_20260824T233608Z,obs_900e27db1b8f4ce2852defc70485d287,2026-08-24T23:36:43.446581+00:00,x509,unauthorised_operation,5,1,UAV-LIMITED,UNAUTHORISED_OPERATION,UNAUTHORISED_OPERATION,true,1732200,1.7322,45200,79400,1368300,0,171400,6300,0,0,,,,none,x509-unauthorised_operation_0,0,false,242,22,
n10-identities_c1-conc_mech-x509-1backend_security-battery_r30_audit-off_20260824T233608Z,obs_3830b956667a4998af94d9fe07e6ef14,2026-08-24T23:36:43.456779+00:00,x509,unauthorised_operation,6,1,UAV-LIMITED,UNAUTHORISED_OPERATION,UNAUTHORISED_OPERATION,true,2179400,2.1794,45800,85200,1729800,0,237500,7000,0,0,,,,none,x509-unauthorised_operation_0,0,false,242,22,
n10-identities_c1-conc_mech-x509-1backend_security-battery_r30_audit-off_20260824T233608Z,obs_60da0f23346849c08d0f2aa6d116800a,2026-08-24T23:36:43.466341+00:00,x509,unauthorised_operation,7,1,UAV-LIMITED,UNAUTHORISED_OPERATION,UNAUTHORISED_OPERATION,true,2218900,2.2189,77600,117500,1773700,0,187100,5300,0,0,,,,none,x509-unauthorised_operation_0,0,false,243,22,
n10-identities_c1-conc_mech-x509-1backend_security-battery_r30_audit-off_20260824T233608Z,obs_2849aebafd814a44bff9aad5868dbb8b,2026-08-24T23:36:43.474515+00:00,x509,unauthorised_operation,8,1,UAV-LIMITED,UNAUTHORISED_OPERATION,UNAUTHORISED_OPERATION,true,1813300,1.8133,50900,94000,1458800,0,156400,4100,0,0,,,,none,x509-unauthorised_operation_0,0,false,242,22,
n10-identities_c1-conc_mech-x509-1backend_security-battery_r30_audit-off_20260824T233608Z,obs_453657aa00c6452992ca7fb3d7bdf977,2026-08-24T23:36:43.483038+00:00,x509,unauthorised_operation,9,1,UAV-LIMITED,UNAUTHORISED_OPERATION,UNAUTHORISED_OPERATION,true,2400100,2.4001,57800,135900,1981300,0,169200,3300,0,0,,,,none,x509-unauthorised_operation_0,0,false,241,22,
n10-identities_c1-conc_mech-x509-1backend_security-battery_r30_audit-off_20260824T233608Z,obs_660579f0ced04b7eb06d67dbe48efecc,2026-08-24T23:36:43.492148+00:00,x509,unauthorised_operation,10,1,UAV-LIMITED,UNAUTHORISED_OPERATION,UNAUTHORISED_OPERATION,true,1872000,1.872,52700,79600,1504700,0,168600,4900,0,0,,,,none,x509-unauthorised_operation_0,0,false,242,22,
n10-identities_c1-conc_mech-x509-1backend_security-battery_r30_audit-off_20260824T233608Z,obs_a8e4cc3a8ab64abbab7451851f40f275,2026-08-24T23:36:43.500833+00:00,x509,unauthorised_operation,11,1,UAV-LIMITED,UNAUTHORISED_OPERATION,UNAUTHORISED_OPERATION,true,1818000,1.818,54200,83100,1465600,0,162400,4300,0,0,,,,none,x509-unauthorised_operation_0,0,false,242,22,
n10-identities_c1-conc_mech-x509-1backend_security-battery_r30_audit-off_20260824T233608Z,obs_d4e529835ec54c05b1f7265cc9c5463d,2026-08-24T23:36:43.509599+00:00,x509,unauthorised_operation,12,1,UAV-LIMITED,UNAUTHORISED_OPERATION,UNAUTHORISED_OPERATION,true,1709800,1.7098,37000,87700,1352400,0,162700,4600,0,0,,,,none,x509-unauthorised_operation_0,0,false,243,22,
n10-identities_c1-conc_mech-x509-1backend_security-battery_r30_audit-off_20260824T233608Z,obs_aad1d1635c8841fb892aa21084af29d0,2026-08-24T23:36:43.518009+00:00,x509,unauthorised_operation,13,1,UAV-LIMITED,UNAUTHORISED_OPERATION,UNAUTHORISED_OPERATION,true,2032600,2.0326,48900,65800,1686500,0,176200,5800,0,0,,,,none,x509-unauthorised_operation_0,0,false,241,22,
n10-identities_c1-conc_mech-x509-1backend_security-battery_r30_audit-off_20260824T233608Z,obs_367d9180e59048ad8067fdb1396f4487,2026-08-24T23:36:43.526961+00:00,x509,unauthorised_operation,14,1,UAV-LIMITED,UNAUTHORISED_OPERATION,UNAUTHORISED_OPERATION,true,1638100,1.6381,43100,81500,1278900,0,172600,4900,0,0,,,,none,x509-unauthorised_operation_0,0,false,242,22,
n10-identities_c1-conc_mech-x509-1backend_security-battery_r30_audit-off_20260824T233608Z,obs_89923b1525994384a3e164858543fbdb,2026-08-24T23:36:43.536282+00:00,x509,unauthorised_operation,15,1,UAV-LIMITED,UNAUTHORISED_OPERATION,UNAUTHORISED_OPERATION,true,2371200,2.3712,48000,67800,1902800,0,243900,6000,0,0,,,,none,x509-unauthorised_operation_0,0,false,243,22,
n10-identities_c1-conc_mech-x509-1backend_security-battery_r30_audit-off_20260824T233608Z,obs_5df551e06fe4481aabc8b56a3cfcc3cc,2026-08-24T23:36:43.544259+00:00,x509,unauthorised_operation,16,1,UAV-LIMITED,UNAUTHORISED_OPERATION,UNAUTHORISED_OPERATION,true,1746200,1.7462,37800,71900,1420900,0,162300,4300,0,0,,,,none,x509-unauthorised_operation_0,0,false,241,22,
n10-identities_c1-conc_mech-x509-1backend_security-battery_r30_audit-off_20260824T233608Z,obs_9c89c6f0cbf74db4809a18b56984af42,2026-08-24T23:36:43.553844+00:00,x509,unauthorised_operation,17,1,UAV-LIMITED,UNAUTHORISED_OPERATION,UNAUTHORISED_OPERATION,true,2248500,2.2485,53100,114600,1810000,0,172700,4500,0,0,,,,none,x509-unauthorised_operation_0,0,false,241,22,
n10-identities_c1-conc_mech-x509-1backend_security-battery_r30_audit-off_20260824T233608Z,obs_e38c3982314846b0bd1a6135c3b3a0c1,2026-08-24T23:36:43.561179+00:00,x509,unauthorised_operation,18,1,UAV-LIMITED,UNAUTHORISED_OPERATION,UNAUTHORISED_OPERATION,true,1749500,1.7495,55200,85700,1382500,0,169800,4900,0,0,,,,none,x509-unauthorised_operation_0,0,false,242,22,
n10-identities_c1-conc_mech-x509-1backend_security-battery_r30_audit-off_20260824T233608Z,obs_ccd0584209cf4c8198d5c8d094b81a4b,2026-08-24T23:36:43.571809+00:00,x509,unauthorised_operation,19,1,UAV-LIMITED,UNAUTHORISED_OPERATION,UNAUTHORISED_OPERATION,true,2191800,2.1918,65300,99100,1778100,0,188000,6300,0,0,,,,none,x509-unauthorised_operation_0,0,false,243,22,
n10-identities_c1-conc_mech-x509-1backend_security-battery_r30_audit-off_20260824T233608Z,obs_611af8b8fd2b4e94ac8da4d3136603fc,2026-08-24T23:36:43.602380+00:00,x509,unauthorised_operation,20,1,UAV-LIMITED,UNAUTHORISED_OPERATION,UNAUTHORISED_OPERATION,true,1756900,1.7569,48400,85300,1422300,0,141400,4100,0,0,,,,none,x509-unauthorised_operation_0,0,false,243,22,
n10-identities_c1-conc_mech-x509-1backend_security-battery_r30_audit-off_20260824T233608Z,obs_75acc4c935104045b80e23bbe9d06a93,2026-08-24T23:36:43.610221+00:00,x509,unauthorised_operation,21,1,UAV-LIMITED,UNAUTHORISED_OPERATION,UNAUTHORISED_OPERATION,true,1778400,1.7784,37200,83600,1438200,0,149300,5000,0,0,,,,none,x509-unauthorised_operation_0,0,false,243,22,
n10-identities_c1-conc_mech-x509-1backend_security-battery_r30_audit-off_20260824T233608Z,obs_f3864832320e4579a670ea353ebc995d,2026-08-24T23:36:43.618680+00:00,x509,unauthorised_operation,22,1,UAV-LIMITED,UNAUTHORISED_OPERATION,UNAUTHORISED_OPERATION,true,1774400,1.7744,46200,96400,1423200,0,149100,5100,0,0,,,,none,x509-unauthorised_operation_0,0,false,241,22,
n10-identities_c1-conc_mech-x509-1backend_security-battery_r30_audit-off_20260824T233608Z,obs_51bf8849cf6e4aca9c38cf9a6f1a8d15,2026-08-24T23:36:43.628353+00:00,x509,unauthorised_operation,23,1,UAV-LIMITED,UNAUTHORISED_OPERATION,UNAUTHORISED_OPERATION,true,2265500,2.2655,55600,154100,1416400,0,550400,7600,0,0,,,,none,x509-unauthorised_operation_0,0,false,241,22,
n10-identities_c1-conc_mech-x509-1backend_security-battery_r30_audit-off_20260824T233608Z,obs_a82b48e925c041afb04b209853e7168b,2026-08-24T23:36:43.639364+00:00,x509,unauthorised_operation,24,1,UAV-LIMITED,UNAUTHORISED_OPERATION,UNAUTHORISED_OPERATION,true,2902600,2.9026,52900,160400,2369600,0,229600,7000,0,0,,,,none,x509-unauthorised_operation_0,0,false,242,22,
n10-identities_c1-conc_mech-x509-1backend_security-battery_r30_audit-off_20260824T233608Z,obs_e26b2750ddfa413db0d1e2cfca522e0d,2026-08-24T23:36:43.651141+00:00,x509,unauthorised_operation,25,1,UAV-LIMITED,UNAUTHORISED_OPERATION,UNAUTHORISED_OPERATION,true,2446100,2.4461,64600,184900,1856500,0,204300,6600,0,0,,,,none,x509-unauthorised_operation_0,0,false,241,22,
n10-identities_c1-conc_mech-x509-1backend_security-battery_r30_audit-off_20260824T233608Z,obs_b7e182d8a7a14307808c4036a6e2fd55,2026-08-24T23:36:43.662070+00:00,x509,unauthorised_operation,26,1,UAV-LIMITED,UNAUTHORISED_OPERATION,UNAUTHORISED_OPERATION,true,3114100,3.1141,55200,222700,2407400,0,209000,4900,0,0,,,,none,x509-unauthorised_operation_0,0,false,243,22,
n10-identities_c1-conc_mech-x509-1backend_security-battery_r30_audit-off_20260824T233608Z,obs_4c7a67764821442e9c3ccf0dc1741cbf,2026-08-24T23:36:43.672298+00:00,x509,unauthorised_operation,27,1,UAV-LIMITED,UNAUTHORISED_OPERATION,UNAUTHORISED_OPERATION,true,2181000,2.181,51300,98400,1679800,0,251600,8000,0,0,,,,none,x509-unauthorised_operation_0,0,false,242,22,
n10-identities_c1-conc_mech-x509-1backend_security-battery_r30_audit-off_20260824T233608Z,obs_b3e3ded5d6244cae807f0f10985adc8e,2026-08-24T23:36:43.684412+00:00,x509,unauthorised_operation,28,1,UAV-LIMITED,UNAUTHORISED_OPERATION,UNAUTHORISED_OPERATION,true,3213100,3.2131,73700,101400,2750500,0,214300,6500,0,0,,,,none,x509-unauthorised_operation_0,0,false,242,22,
n10-identities_c1-conc_mech-x509-1backend_security-battery_r30_audit-off_20260824T233608Z,obs_6c939f7728da45518a8b4e7e61516f40,2026-08-24T23:36:43.694802+00:00,x509,unauthorised_operation,29,1,UAV-LIMITED,UNAUTHORISED_OPERATION,UNAUTHORISED_OPERATION,true,2023600,2.0236,52500,92600,1620600,0,180100,4600,0,0,,,,none,x509-unauthorised_operation_0,0,false,243,22,
n10-identities_c1-conc_mech-x509-1backend_security-battery_r30_audit-off_20260824T233608Z,obs_456ef72244d84ed6b4e97751aa0520da,2026-08-24T23:36:43.725993+00:00,x509,malformed,0,1,UAV-VALID,MALFORMED_REQUEST,MALFORMED_REQUEST,true,15500,0.0155,55300,0,0,0,0,0,0,0,,,,none,x509-malformed_0,0,true,26,17,malformed authentication object: missing magic
n10-identities_c1-conc_mech-x509-1backend_security-battery_r30_audit-off_20260824T233608Z,obs_36f93b780a4d404d98a436f747de3608,2026-08-24T23:36:43.733031+00:00,x509,malformed,1,1,UAV-VALID,MALFORMED_REQUEST,MALFORMED_REQUEST,true,16000,0.016,55000,0,0,0,0,0,0,0,,,,none,x509-malformed_0,0,true,26,17,malformed authentication object: missing magic
n10-identities_c1-conc_mech-x509-1backend_security-battery_r30_audit-off_20260824T233608Z,obs_92205db32619469eb0c8d110459b1242,2026-08-24T23:36:43.740073+00:00,x509,malformed,0,1,UAV-VALID,MALFORMED_REQUEST,MALFORMED_REQUEST,true,10800,0.0108,52100,0,0,0,0,0,0,0,,,,none,x509-malformed_0,0,false,26,17,malformed authentication object: missing magic
n10-identities_c1-conc_mech-x509-1backend_security-battery_r30_audit-off_20260824T233608Z,obs_ddf8f9591e9d474185385d27d17bbd7f,2026-08-24T23:36:43.746026+00:00,x509,malformed,1,1,UAV-VALID,MALFORMED_REQUEST,MALFORMED_REQUEST,true,11200,0.0112,40100,0,0,0,0,0,0,0,,,,none,x509-malformed_0,0,false,26,17,malformed authentication object: missing magic
n10-identities_c1-conc_mech-x509-1backend_security-battery_r30_audit-off_20260824T233608Z,obs_63204fff31ee40d2af5772712e1e4dea,2026-08-24T23:36:43.752925+00:00,x509,malformed,2,1,UAV-VALID,MALFORMED_REQUEST,MALFORMED_REQUEST,true,14000,0.014,68400,0,0,0,0,0,0,0,,,,none,x509-malformed_0,0,false,26,17,malformed authentication object: missing magic
n10-identities_c1-conc_mech-x509-1backend_security-battery_r30_audit-off_20260824T233608Z,obs_9e3bf88936324327ae07fea162371a9d,2026-08-24T23:36:43.759154+00:00,x509,malformed,3,1,UAV-VALID,MALFORMED_REQUEST,MALFORMED_REQUEST,true,12200,0.0122,46200,0,0,0,0,0,0,0,,,,none,x509-malformed_0,0,false,26,17,malformed authentication object: missing magic
n10-identities_c1-conc_mech-x509-1backend_security-battery_r30_audit-off_20260824T233608Z,obs_75f8aa53c39b4563aef387fd9b32f9f6,2026-08-24T23:36:43.764794+00:00,x509,malformed,4,1,UAV-VALID,MALFORMED_REQUEST,MALFORMED_REQUEST,true,11600,0.0116,61600,0,0,0,0,0,0,0,,,,none,x509-malformed_0,0,false,26,17,malformed authentication object: missing magic
n10-identities_c1-conc_mech-x509-1backend_security-battery_r30_audit-off_20260824T233608Z,obs_b0ff2a534373488d93a92761bea72a8c,2026-08-24T23:36:43.772228+00:00,x509,malformed,5,1,UAV-VALID,MALFORMED_REQUEST,MALFORMED_REQUEST,true,10800,0.0108,41600,0,0,0,0,0,0,0,,,,none,x509-malformed_0,0,false,26,17,malformed authentication object: missing magic
n10-identities_c1-conc_mech-x509-1backend_security-battery_r30_audit-off_20260824T233608Z,obs_f57c7c0a22644e3dac4435e6d39c5793,2026-08-24T23:36:43.778520+00:00,x509,malformed,6,1,UAV-VALID,MALFORMED_REQUEST,MALFORMED_REQUEST,true,13200,0.0132,45500,0,0,0,0,0,0,0,,,,none,x509-malformed_0,0,false,26,17,malformed authentication object: missing magic
n10-identities_c1-conc_mech-x509-1backend_security-battery_r30_audit-off_20260824T233608Z,obs_b0e70f117c284f2c9e2cacb4de085a6b,2026-08-24T23:36:43.786200+00:00,x509,malformed,7,1,UAV-VALID,MALFORMED_REQUEST,MALFORMED_REQUEST,true,13300,0.0133,58400,0,0,0,0,0,0,0,,,,none,x509-malformed_0,0,false,26,17,malformed authentication object: missing magic
n10-identities_c1-conc_mech-x509-1backend_security-battery_r30_audit-off_20260824T233608Z,obs_376cc1751e3d491b82d9efb0d2d6cfc0,2026-08-24T23:36:43.792518+00:00,x509,malformed,8,1,UAV-VALID,MALFORMED_REQUEST,MALFORMED_REQUEST,true,8700,0.0087,40700,0,0,0,0,0,0,0,,,,none,x509-malformed_0,0,false,26,17,malformed authentication object: missing magic
n10-identities_c1-conc_mech-x509-1backend_security-battery_r30_audit-off_20260824T233608Z,obs_05c6c9a7430c4dfaa52be77bc6482553,2026-08-24T23:36:43.798805+00:00,x509,malformed,9,1,UAV-VALID,MALFORMED_REQUEST,MALFORMED_REQUEST,true,11900,0.0119,52600,0,0,0,0,0,0,0,,,,none,x509-malformed_0,0,false,26,17,malformed authentication object: missing magic
n10-identities_c1-conc_mech-x509-1backend_security-battery_r30_audit-off_20260824T233608Z,obs_9f17faa95a954d949080b04dc228ed88,2026-08-24T23:36:43.806417+00:00,x509,malformed,10,1,UAV-VALID,MALFORMED_REQUEST,MALFORMED_REQUEST,true,11200,0.0112,46600,0,0,0,0,0,0,0,,,,none,x509-malformed_0,0,false,26,17,malformed authentication object: missing magic
n10-identities_c1-conc_mech-x509-1backend_security-battery_r30_audit-off_20260824T233608Z,obs_2ff5cb38559b41c5b378b58f426ae44c,2026-08-24T23:36:43.812529+00:00,x509,malformed,11,1,UAV-VALID,MALFORMED_REQUEST,MALFORMED_REQUEST,true,14000,0.014,45900,0,0,0,0,0,0,0,,,,none,x509-malformed_0,0,false,26,17,malformed authentication object: missing magic
n10-identities_c1-conc_mech-x509-1backend_security-battery_r30_audit-off_20260824T233608Z,obs_014b91b6c25c4d718ddd0a9f05968f02,2026-08-24T23:36:43.820802+00:00,x509,malformed,12,1,UAV-VALID,MALFORMED_REQUEST,MALFORMED_REQUEST,true,11600,0.0116,49600,0,0,0,0,0,0,0,,,,none,x509-malformed_0,0,false,26,17,malformed authentication object: missing magic
n10-identities_c1-conc_mech-x509-1backend_security-battery_r30_audit-off_20260824T233608Z,obs_8c4c6117ac2e4697a2d6e2e8c561fa28,2026-08-24T23:36:43.827158+00:00,x509,malformed,13,1,UAV-VALID,MALFORMED_REQUEST,MALFORMED_REQUEST,true,10700,0.0107,63000,0,0,0,0,0,0,0,,,,none,x509-malformed_0,0,false,26,17,malformed authentication object: missing magic
n10-identities_c1-conc_mech-x509-1backend_security-battery_r30_audit-off_20260824T233608Z,obs_a7e448d304014927ac50c801449ced59,2026-08-24T23:36:43.835204+00:00,x509,malformed,14,1,UAV-VALID,MALFORMED_REQUEST,MALFORMED_REQUEST,true,10800,0.0108,50500,0,0,0,0,0,0,0,,,,none,x509-malformed_0,0,false,26,17,malformed authentication object: missing magic
n10-identities_c1-conc_mech-x509-1backend_security-battery_r30_audit-off_20260824T233608Z,obs_d5b67a2e37ec41b6a657d31a41600910,2026-08-24T23:36:43.840785+00:00,x509,malformed,15,1,UAV-VALID,MALFORMED_REQUEST,MALFORMED_REQUEST,true,12900,0.0129,48500,0,0,0,0,0,0,0,,,,none,x509-malformed_0,0,false,26,17,malformed authentication object: missing magic
n10-identities_c1-conc_mech-x509-1backend_security-battery_r30_audit-off_20260824T233608Z,obs_cd1faa4379434315979d25ebd7686f3a,2026-08-24T23:36:43.848512+00:00,x509,malformed,16,1,UAV-VALID,MALFORMED_REQUEST,MALFORMED_REQUEST,true,13300,0.0133,58400,0,0,0,0,0,0,0,,,,none,x509-malformed_0,0,false,26,17,malformed authentication object: missing magic
n10-identities_c1-conc_mech-x509-1backend_security-battery_r30_audit-off_20260824T233608Z,obs_0c4214fc728e40d2ba0d36d225551730,2026-08-24T23:36:43.854535+00:00,x509,malformed,17,1,UAV-VALID,MALFORMED_REQUEST,MALFORMED_REQUEST,true,7800,0.0078,35300,0,0,0,0,0,0,0,,,,none,x509-malformed_0,0,false,26,17,malformed authentication object: missing magic
n10-identities_c1-conc_mech-x509-1backend_security-battery_r30_audit-off_20260824T233608Z,obs_a5e6142fbab6455894f2454716de08ea,2026-08-24T23:36:43.861271+00:00,x509,malformed,18,1,UAV-VALID,MALFORMED_REQUEST,MALFORMED_REQUEST,true,16100,0.0161,51200,0,0,0,0,0,0,0,,,,none,x509-malformed_0,0,false,26,17,malformed authentication object: missing magic
n10-identities_c1-conc_mech-x509-1backend_security-battery_r30_audit-off_20260824T233608Z,obs_acd4a8c5ee6f4f3e805d493d9c07b470,2026-08-24T23:36:43.870146+00:00,x509,malformed,19,1,UAV-VALID,MALFORMED_REQUEST,MALFORMED_REQUEST,true,10600,0.0106,50000,0,0,0,0,0,0,0,,,,none,x509-malformed_0,0,false,26,17,malformed authentication object: missing magic
n10-identities_c1-conc_mech-x509-1backend_security-battery_r30_audit-off_20260824T233608Z,obs_c25d1cc09e97484686f7b7cb4af962b3,2026-08-24T23:36:43.875584+00:00,x509,malformed,20,1,UAV-VALID,MALFORMED_REQUEST,MALFORMED_REQUEST,true,11300,0.0113,43800,0,0,0,0,0,0,0,,,,none,x509-malformed_0,0,false,26,17,malformed authentication object: missing magic
n10-identities_c1-conc_mech-x509-1backend_security-battery_r30_audit-off_20260824T233608Z,obs_8387260c05824c5ab7bacafbc335abe1,2026-08-24T23:36:43.882360+00:00,x509,malformed,21,1,UAV-VALID,MALFORMED_REQUEST,MALFORMED_REQUEST,true,13100,0.0131,55100,0,0,0,0,0,0,0,,,,none,x509-malformed_0,0,false,26,17,malformed authentication object: missing magic
n10-identities_c1-conc_mech-x509-1backend_security-battery_r30_audit-off_20260824T233608Z,obs_3c878f5705774d8b8c4738d6d8e4a723,2026-08-24T23:36:43.889174+00:00,x509,malformed,22,1,UAV-VALID,MALFORMED_REQUEST,MALFORMED_REQUEST,true,10600,0.0106,54200,0,0,0,0,0,0,0,,,,none,x509-malformed_0,0,false,26,17,malformed authentication object: missing magic
n10-identities_c1-conc_mech-x509-1backend_security-battery_r30_audit-off_20260824T233608Z,obs_68f7792d64dc407fa04cc5c06a6196d1,2026-08-24T23:36:43.896795+00:00,x509,malformed,23,1,UAV-VALID,MALFORMED_REQUEST,MALFORMED_REQUEST,true,15500,0.0155,90900,0,0,0,0,0,0,0,,,,none,x509-malformed_0,0,false,26,17,malformed authentication object: missing magic
n10-identities_c1-conc_mech-x509-1backend_security-battery_r30_audit-off_20260824T233608Z,obs_38832d68e18b4bad94b0ec9f29436bc4,2026-08-24T23:36:43.904328+00:00,x509,malformed,24,1,UAV-VALID,MALFORMED_REQUEST,MALFORMED_REQUEST,true,8400,0.0084,39200,0,0,0,0,0,0,0,,,,none,x509-malformed_0,0,false,26,17,malformed authentication object: missing magic
n10-identities_c1-conc_mech-x509-1backend_security-battery_r30_audit-off_20260824T233608Z,obs_3210b4edeaff44de87ada8333ee38313,2026-08-24T23:36:43.910567+00:00,x509,malformed,25,1,UAV-VALID,MALFORMED_REQUEST,MALFORMED_REQUEST,true,11500,0.0115,58800,0,0,0,0,0,0,0,,,,none,x509-malformed_0,0,false,26,17,malformed authentication object: missing magic
n10-identities_c1-conc_mech-x509-1backend_security-battery_r30_audit-off_20260824T233608Z,obs_8bebf1d9979c449591d8190e6649bcd9,2026-08-24T23:36:43.917866+00:00,x509,malformed,26,1,UAV-VALID,MALFORMED_REQUEST,MALFORMED_REQUEST,true,14100,0.0141,60800,0,0,0,0,0,0,0,,,,none,x509-malformed_0,0,false,26,17,malformed authentication object: missing magic
n10-identities_c1-conc_mech-x509-1backend_security-battery_r30_audit-off_20260824T233608Z,obs_e19c740d19cd4fc9944c6cedc1700700,2026-08-24T23:36:43.924318+00:00,x509,malformed,27,1,UAV-VALID,MALFORMED_REQUEST,MALFORMED_REQUEST,true,7900,0.0079,34200,0,0,0,0,0,0,0,,,,none,x509-malformed_0,0,false,26,17,malformed authentication object: missing magic
n10-identities_c1-conc_mech-x509-1backend_security-battery_r30_audit-off_20260824T233608Z,obs_72832973be1b4cffb3ab1880af4c6cbb,2026-08-24T23:36:43.930664+00:00,x509,malformed,28,1,UAV-VALID,MALFORMED_REQUEST,MALFORMED_REQUEST,true,12100,0.0121,51300,0,0,0,0,0,0,0,,,,none,x509-malformed_0,0,false,26,17,malformed authentication object: missing magic
n10-identities_c1-conc_mech-x509-1backend_security-battery_r30_audit-off_20260824T233608Z,obs_5122d210d292440aae5619745053b983,2026-08-24T23:36:43.935862+00:00,x509,malformed,29,1,UAV-VALID,MALFORMED_REQUEST,MALFORMED_REQUEST,true,10100,0.0101,33900,0,0,0,0,0,0,0,,,,none,x509-malformed_0,0,false,26,17,malformed authentication object: missing magic
n10-identities_c1-conc_mech-x509-1backend_security-battery_r30_audit-off_20260824T233608Z,obs_09c5eff71d9a4251aa04cf8ce2224979,2026-08-24T23:36:43.993439+00:00,x509,expired_certificate,0,1,UAV-EXPIRED,CERTIFICATE_EXPIRED,CERTIFICATE_EXPIRED,true,123300,0.1233,34300,76000,17000,0,0,0,0,0,,,,none,x509-expired_certificate_0,0,true,241,19,
n10-identities_c1-conc_mech-x509-1backend_security-battery_r30_audit-off_20260824T233608Z,obs_fde2537b02e446908ff3764925feba3b,2026-08-24T23:36:43.999008+00:00,x509,expired_certificate,1,1,UAV-EXPIRED,CERTIFICATE_EXPIRED,CERTIFICATE_EXPIRED,true,155500,0.1555,53600,85200,21700,0,0,0,0,0,,,,none,x509-expired_certificate_0,0,true,240,19,
n10-identities_c1-conc_mech-x509-1backend_security-battery_r30_audit-off_20260824T233608Z,obs_f8e6a0f58d7a46f3b1712464c1670503,2026-08-24T23:36:44.005217+00:00,x509,expired_certificate,0,1,UAV-EXPIRED,CERTIFICATE_EXPIRED,CERTIFICATE_EXPIRED,true,122000,0.122,38900,70300,15200,0,0,0,0,0,,,,none,x509-expired_certificate_0,0,false,241,19,
n10-identities_c1-conc_mech-x509-1backend_security-battery_r30_audit-off_20260824T233608Z,obs_22cd8859680948ad8f302073539f8d18,2026-08-24T23:36:44.010100+00:00,x509,expired_certificate,1,1,UAV-EXPIRED,CERTIFICATE_EXPIRED,CERTIFICATE_EXPIRED,true,103200,0.1032,32700,54700,15300,0,0,0,0,0,,,,none,x509-expired_certificate_0,0,false,240,19,
n10-identities_c1-conc_mech-x509-1backend_security-battery_r30_audit-off_20260824T233608Z,obs_692fa45a1cd74b3c8609e7ce234c7aae,2026-08-24T23:36:44.015370+00:00,x509,expired_certificate,2,1,UAV-EXPIRED,CERTIFICATE_EXPIRED,CERTIFICATE_EXPIRED,true,153300,0.1533,60300,85900,21500,0,0,0,0,0,,,,none,x509-expired_certificate_0,0,false,241,19,
n10-identities_c1-conc_mech-x509-1backend_security-battery_r30_audit-off_20260824T233608Z,obs_8ab9c3308fed4346a75d49be5c688545,2026-08-24T23:36:44.022576+00:00,x509,expired_certificate,3,1,UAV-EXPIRED,CERTIFICATE_EXPIRED,CERTIFICATE_EXPIRED,true,109200,0.1092,35500,59100,16400,0,0,0,0,0,,,,none,x509-expired_certificate_0,0,false,242,19,
n10-identities_c1-conc_mech-x509-1backend_security-battery_r30_audit-off_20260824T233608Z,obs_d8a7a964a7304df28c28e3b91fd60d5c,2026-08-24T23:36:44.027545+00:00,x509,expired_certificate,4,1,UAV-EXPIRED,CERTIFICATE_EXPIRED,CERTIFICATE_EXPIRED,true,108100,0.1081,27100,57000,15000,0,0,0,0,0,,,,none,x509-expired_certificate_0,0,false,241,19,
n10-identities_c1-conc_mech-x509-1backend_security-battery_r30_audit-off_20260824T233608Z,obs_b247f63603ae473d872ff3a6afb637f2,2026-08-24T23:36:44.033372+00:00,x509,expired_certificate,5,1,UAV-EXPIRED,CERTIFICATE_EXPIRED,CERTIFICATE_EXPIRED,true,229300,0.2293,51900,123700,29800,0,0,0,0,0,,,,none,x509-expired_certificate_0,0,false,240,19,
n10-identities_c1-conc_mech-x509-1backend_security-battery_r30_audit-off_20260824T233608Z,obs_5ded3d94a8b64bb882f5d8a68a964212,2026-08-24T23:36:44.041755+00:00,x509,expired_certificate,6,1,UAV-EXPIRED,CERTIFICATE_EXPIRED,CERTIFICATE_EXPIRED,true,145000,0.145,41200,80800,21000,0,0,0,0,0,,,,none,x509-expired_certificate_0,0,false,241,19,
n10-identities_c1-conc_mech-x509-1backend_security-battery_r30_audit-off_20260824T233608Z,obs_34ca12a656a845e1be1d1cf4371caa05,2026-08-24T23:36:44.048143+00:00,x509,expired_certificate,7,1,UAV-EXPIRED,CERTIFICATE_EXPIRED,CERTIFICATE_EXPIRED,true,298800,0.2988,48700,173200,74200,0,0,0,0,0,,,,none,x509-expired_certificate_0,0,false,241,19,
n10-identities_c1-conc_mech-x509-1backend_security-battery_r30_audit-off_20260824T233608Z,obs_2a0c818a3f7a48c99e432848d5c2fad6,2026-08-24T23:36:44.055617+00:00,x509,expired_certificate,8,1,UAV-EXPIRED,CERTIFICATE_EXPIRED,CERTIFICATE_EXPIRED,true,118300,0.1183,40800,65400,16800,0,0,0,0,0,,,,none,x509-expired_certificate_0,0,false,241,19,
n10-identities_c1-conc_mech-x509-1backend_security-battery_r30_audit-off_20260824T233608Z,obs_d9123cc63f794da5a7d188b383634beb,2026-08-24T23:36:44.060687+00:00,x509,expired_certificate,9,1,UAV-EXPIRED,CERTIFICATE_EXPIRED,CERTIFICATE_EXPIRED,true,139300,0.1393,31200,79700,21300,0,0,0,0,0,,,,none,x509-expired_certificate_0,0,false,240,19,
n10-identities_c1-conc_mech-x509-1backend_security-battery_r30_audit-off_20260824T233608Z,obs_7ec36a33578e42929cfb63a6e3d3e3da,2026-08-24T23:36:44.068815+00:00,x509,expired_certificate,10,1,UAV-EXPIRED,CERTIFICATE_EXPIRED,CERTIFICATE_EXPIRED,true,147400,0.1474,55600,85000,19500,0,0,0,0,0,,,,none,x509-expired_certificate_0,0,false,240,19,
n10-identities_c1-conc_mech-x509-1backend_security-battery_r30_audit-off_20260824T233608Z,obs_f45e49cf1c914bbab222445ea89909ba,2026-08-24T23:36:44.074096+00:00,x509,expired_certificate,11,1,UAV-EXPIRED,CERTIFICATE_EXPIRED,CERTIFICATE_EXPIRED,true,115800,0.1158,40300,62500,17200,0,0,0,0,0,,,,none,x509-expired_certificate_0,0,false,241,19,
n10-identities_c1-conc_mech-x509-1backend_security-battery_r30_audit-off_20260824T233608Z,obs_145a8a420a8848119a1cfb4da03f2681,2026-08-24T23:36:44.080581+00:00,x509,expired_certificate,12,1,UAV-EXPIRED,CERTIFICATE_EXPIRED,CERTIFICATE_EXPIRED,true,338800,0.3388,51000,160500,113600,0,0,0,0,0,,,,none,x509-expired_certificate_0,0,false,242,19,
n10-identities_c1-conc_mech-x509-1backend_security-battery_r30_audit-off_20260824T233608Z,obs_cb9f6277b94e42b0aee3277a2b94063c,2026-08-24T23:36:44.086627+00:00,x509,expired_certificate,13,1,UAV-EXPIRED,CERTIFICATE_EXPIRED,CERTIFICATE_EXPIRED,true,100800,0.1008,32100,57700,15400,0,0,0,0,0,,,,none,x509-expired_certificate_0,0,false,241,19,
n10-identities_c1-conc_mech-x509-1backend_security-battery_r30_audit-off_20260824T233608Z,obs_bf730fef363942a98de088b1fdb42992,2026-08-24T23:36:44.090953+00:00,x509,expired_certificate,14,1,UAV-EXPIRED,CERTIFICATE_EXPIRED,CERTIFICATE_EXPIRED,true,88100,0.0881,26600,51000,12400,0,0,0,0,0,,,,none,x509-expired_certificate_0,0,false,241,19,
n10-identities_c1-conc_mech-x509-1backend_security-battery_r30_audit-off_20260824T233608Z,obs_698a3c77291748bba21ec01c714cf9dd,2026-08-24T23:36:44.097937+00:00,x509,expired_certificate,15,1,UAV-EXPIRED,CERTIFICATE_EXPIRED,CERTIFICATE_EXPIRED,true,193500,0.1935,60600,117500,22100,0,0,0,0,0,,,,none,x509-expired_certificate_0,0,false,242,19,
n10-identities_c1-conc_mech-x509-1backend_security-battery_r30_audit-off_20260824T233608Z,obs_336c27c9646d450bb9384e59c9bd2e0e,2026-08-24T23:36:44.124801+00:00,x509,expired_certificate,16,1,UAV-EXPIRED,CERTIFICATE_EXPIRED,CERTIFICATE_EXPIRED,true,137100,0.1371,42400,64600,39400,0,0,0,0,0,,,,none,x509-expired_certificate_0,0,false,240,19,
n10-identities_c1-conc_mech-x509-1backend_security-battery_r30_audit-off_20260824T233608Z,obs_372db5577ad040d49cecf4962a845fac,2026-08-24T23:36:44.132013+00:00,x509,expired_certificate,17,1,UAV-EXPIRED,CERTIFICATE_EXPIRED,CERTIFICATE_EXPIRED,true,183600,0.1836,49500,97200,19100,0,0,0,0,0,,,,none,x509-expired_certificate_0,0,false,240,19,
n10-identities_c1-conc_mech-x509-1backend_security-battery_r30_audit-off_20260824T233608Z,obs_2bd0d1f3020b493d9c6688d6ac780c9f,2026-08-24T23:36:44.139461+00:00,x509,expired_certificate,18,1,UAV-EXPIRED,CERTIFICATE_EXPIRED,CERTIFICATE_EXPIRED,true,194600,0.1946,47700,120400,24700,0,0,0,0,0,,,,none,x509-expired_certificate_0,0,false,241,19,
n10-identities_c1-conc_mech-x509-1backend_security-battery_r30_audit-off_20260824T233608Z,obs_106f84305d6d497eb97432d19a197923,2026-08-24T23:36:44.147423+00:00,x509,expired_certificate,19,1,UAV-EXPIRED,CERTIFICATE_EXPIRED,CERTIFICATE_EXPIRED,true,191600,0.1916,68100,108600,26200,0,0,0,0,0,,,,none,x509-expired_certificate_0,0,false,240,19,
n10-identities_c1-conc_mech-x509-1backend_security-battery_r30_audit-off_20260824T233608Z,obs_bd1913b52750403b97bc695311a120ef,2026-08-24T23:36:44.155997+00:00,x509,expired_certificate,20,1,UAV-EXPIRED,CERTIFICATE_EXPIRED,CERTIFICATE_EXPIRED,true,147300,0.1473,134800,84400,20600,0,0,0,0,0,,,,none,x509-expired_certificate_0,0,false,241,19,
n10-identities_c1-conc_mech-x509-1backend_security-battery_r30_audit-off_20260824T233608Z,obs_3651b8db50a943519888af0dcc642266,2026-08-24T23:36:44.163807+00:00,x509,expired_certificate,21,1,UAV-EXPIRED,CERTIFICATE_EXPIRED,CERTIFICATE_EXPIRED,true,182100,0.1821,33600,101800,25700,0,0,0,0,0,,,,none,x509-expired_certificate_0,0,false,242,19,
n10-identities_c1-conc_mech-x509-1backend_security-battery_r30_audit-off_20260824T233608Z,obs_0738853fd9f04605afdf8ee044b8c2f5,2026-08-24T23:36:44.170598+00:00,x509,expired_certificate,22,1,UAV-EXPIRED,CERTIFICATE_EXPIRED,CERTIFICATE_EXPIRED,true,105500,0.1055,33500,58500,15100,0,0,0,0,0,,,,none,x509-expired_certificate_0,0,false,240,19,
n10-identities_c1-conc_mech-x509-1backend_security-battery_r30_audit-off_20260824T233608Z,obs_81a26c74a4be4104a8cb0d8e692f0d79,2026-08-24T23:36:44.176638+00:00,x509,expired_certificate,23,1,UAV-EXPIRED,CERTIFICATE_EXPIRED,CERTIFICATE_EXPIRED,true,121800,0.1218,37000,62000,17300,0,0,0,0,0,,,,none,x509-expired_certificate_0,0,false,241,19,
n10-identities_c1-conc_mech-x509-1backend_security-battery_r30_audit-off_20260824T233608Z,obs_f392aa3d3d0a4266949a973e57c56eca,2026-08-24T23:36:44.182657+00:00,x509,expired_certificate,24,1,UAV-EXPIRED,CERTIFICATE_EXPIRED,CERTIFICATE_EXPIRED,true,158900,0.1589,48800,90700,21700,0,0,0,0,0,,,,none,x509-expired_certificate_0,0,false,241,19,
n10-identities_c1-conc_mech-x509-1backend_security-battery_r30_audit-off_20260824T233608Z,obs_69601aefdb5a4280ad4dc3f37ff28a4a,2026-08-24T23:36:44.187575+00:00,x509,expired_certificate,25,1,UAV-EXPIRED,CERTIFICATE_EXPIRED,CERTIFICATE_EXPIRED,true,111200,0.1112,34900,60500,18100,0,0,0,0,0,,,,none,x509-expired_certificate_0,0,false,241,19,
n10-identities_c1-conc_mech-x509-1backend_security-battery_r30_audit-off_20260824T233608Z,obs_850ff24c7e504beaa662de5126f9e5f3,2026-08-24T23:36:44.193770+00:00,x509,expired_certificate,26,1,UAV-EXPIRED,CERTIFICATE_EXPIRED,CERTIFICATE_EXPIRED,true,118000,0.118,38100,65800,16700,0,0,0,0,0,,,,none,x509-expired_certificate_0,0,false,241,19,
n10-identities_c1-conc_mech-x509-1backend_security-battery_r30_audit-off_20260824T233608Z,obs_17d1346ddd8f47dc9bc417d75de7143a,2026-08-24T23:36:44.200145+00:00,x509,expired_certificate,27,1,UAV-EXPIRED,CERTIFICATE_EXPIRED,CERTIFICATE_EXPIRED,true,170100,0.1701,53300,97300,22800,0,0,0,0,0,,,,none,x509-expired_certificate_0,0,false,242,19,
n10-identities_c1-conc_mech-x509-1backend_security-battery_r30_audit-off_20260824T233608Z,obs_1a5efd43278743dd80e42fd2b5718e66,2026-08-24T23:36:44.207632+00:00,x509,expired_certificate,28,1,UAV-EXPIRED,CERTIFICATE_EXPIRED,CERTIFICATE_EXPIRED,true,156400,0.1564,40500,88000,21700,0,0,0,0,0,,,,none,x509-expired_certificate_0,0,false,241,19,
n10-identities_c1-conc_mech-x509-1backend_security-battery_r30_audit-off_20260824T233608Z,obs_758c84d0c713408fac4f04c88b374bf6,2026-08-24T23:36:44.213743+00:00,x509,expired_certificate,29,1,UAV-EXPIRED,CERTIFICATE_EXPIRED,CERTIFICATE_EXPIRED,true,180200,0.1802,47300,103100,24700,0,0,0,0,0,,,,none,x509-expired_certificate_0,0,false,240,19,
n10-identities_c1-conc_mech-x509-1backend_security-battery_r30_audit-off_20260824T233608Z,obs_abe2c2b8e8f044db9e21f6159d4ff317,2026-08-24T23:36:44.269514+00:00,x509,untrusted_issuer,0,1,UAV-UNTRUSTED,UNTRUSTED_ISSUER,UNTRUSTED_ISSUER,true,777100,0.7771,55900,109000,616200,0,0,0,0,0,,,,none,x509-untrusted_issuer_0,0,true,242,16,
n10-identities_c1-conc_mech-x509-1backend_security-battery_r30_audit-off_20260824T233608Z,obs_9dc657041ea64b89b4cca6f6de82b61f,2026-08-24T23:36:44.276757+00:00,x509,untrusted_issuer,1,1,UAV-UNTRUSTED,UNTRUSTED_ISSUER,UNTRUSTED_ISSUER,true,737000,0.737,46900,92700,590200,0,0,0,0,0,,,,none,x509-untrusted_issuer_0,0,true,243,16,
n10-identities_c1-conc_mech-x509-1backend_security-battery_r30_audit-off_20260824T233608Z,obs_776c328b3adf4173bbbd4a1603af09db,2026-08-24T23:36:44.285080+00:00,x509,untrusted_issuer,0,1,UAV-UNTRUSTED,UNTRUSTED_ISSUER,UNTRUSTED_ISSUER,true,775400,0.7754,53900,87700,639400,0,0,0,0,0,,,,none,x509-untrusted_issuer_0,0,false,243,16,
n10-identities_c1-conc_mech-x509-1backend_security-battery_r30_audit-off_20260824T233608Z,obs_20bddcff1f82421782e50efc36723ada,2026-08-24T23:36:44.292242+00:00,x509,untrusted_issuer,1,1,UAV-UNTRUSTED,UNTRUSTED_ISSUER,UNTRUSTED_ISSUER,true,804800,0.8048,37200,63600,707300,0,0,0,0,0,,,,none,x509-untrusted_issuer_0,0,false,242,16,
n10-identities_c1-conc_mech-x509-1backend_security-battery_r30_audit-off_20260824T233608Z,obs_9871e82b435f4a1dbbec41bd69079819,2026-08-24T23:36:44.301004+00:00,x509,untrusted_issuer,2,1,UAV-UNTRUSTED,UNTRUSTED_ISSUER,UNTRUSTED_ISSUER,true,1344900,1.3449,53800,127100,1149500,0,0,0,0,0,,,,none,x509-untrusted_issuer_0,0,false,244,16,
n10-identities_c1-conc_mech-x509-1backend_security-battery_r30_audit-off_20260824T233608Z,obs_81c611c519b1422d9de57c7c59a88c19,2026-08-24T23:36:44.307351+00:00,x509,untrusted_issuer,3,1,UAV-UNTRUSTED,UNTRUSTED_ISSUER,UNTRUSTED_ISSUER,true,517500,0.5175,39600,60500,422200,0,0,0,0,0,,,,none,x509-untrusted_issuer_0,0,false,242,16,
n10-identities_c1-conc_mech-x509-1backend_security-battery_r30_audit-off_20260824T233608Z,obs_ef07da58940e4ec69875715decc744f8,2026-08-24T23:36:44.314116+00:00,x509,untrusted_issuer,4,1,UAV-UNTRUSTED,UNTRUSTED_ISSUER,UNTRUSTED_ISSUER,true,1183000,1.183,36500,107600,958500,0,0,0,0,0,,,,none,x509-untrusted_issuer_0,0,false,244,16,
n10-identities_c1-conc_mech-x509-1backend_security-battery_r30_audit-off_20260824T233608Z,obs_56473372a6814d01817595ef85395bbf,2026-08-24T23:36:44.321469+00:00,x509,untrusted_issuer,5,1,UAV-UNTRUSTED,UNTRUSTED_ISSUER,UNTRUSTED_ISSUER,true,865900,0.8659,40200,84800,734500,0,0,0,0,0,,,,none,x509-untrusted_issuer_0,0,false,243,16,
n10-identities_c1-conc_mech-x509-1backend_security-battery_r30_audit-off_20260824T233608Z,obs_b71128dd9f1e498e864b21edb6cc228b,2026-08-24T23:36:44.327859+00:00,x509,untrusted_issuer,6,1,UAV-UNTRUSTED,UNTRUSTED_ISSUER,UNTRUSTED_ISSUER,true,610900,0.6109,35400,71700,496500,0,0,0,0,0,,,,none,x509-untrusted_issuer_0,0,false,242,16,
n10-identities_c1-conc_mech-x509-1backend_security-battery_r30_audit-off_20260824T233608Z,obs_75a28b38883042638eb71ce9412e60f0,2026-08-24T23:36:44.335784+00:00,x509,untrusted_issuer,7,1,UAV-UNTRUSTED,UNTRUSTED_ISSUER,UNTRUSTED_ISSUER,true,719100,0.7191,43000,87100,580500,0,0,0,0,0,,,,none,x509-untrusted_issuer_0,0,false,242,16,
n10-identities_c1-conc_mech-x509-1backend_security-battery_r30_audit-off_20260824T233608Z,obs_ba03c3741f8e453583f546dad5cc1b32,2026-08-24T23:36:44.342468+00:00,x509,untrusted_issuer,8,1,UAV-UNTRUSTED,UNTRUSTED_ISSUER,UNTRUSTED_ISSUER,true,612200,0.6122,34900,84200,481800,0,0,0,0,0,,,,none,x509-untrusted_issuer_0,0,false,244,16,
n10-identities_c1-conc_mech-x509-1backend_security-battery_r30_audit-off_20260824T233608Z,obs_38b6eb87c20746fe96a6e9cfeb9e1395,2026-08-24T23:36:44.350595+00:00,x509,untrusted_issuer,9,1,UAV-UNTRUSTED,UNTRUSTED_ISSUER,UNTRUSTED_ISSUER,true,997400,0.9974,45000,88900,852600,0,0,0,0,0,,,,none,x509-untrusted_issuer_0,0,false,244,16,
n10-identities_c1-conc_mech-x509-1backend_security-battery_r30_audit-off_20260824T233608Z,obs_d3c60ba5a931435d8c411f87b1030e4a,2026-08-24T23:36:44.357282+00:00,x509,untrusted_issuer,10,1,UAV-UNTRUSTED,UNTRUSTED_ISSUER,UNTRUSTED_ISSUER,true,643600,0.6436,41400,82200,512500,0,0,0,0,0,,,,none,x509-untrusted_issuer_0,0,false,242,16,
n10-identities_c1-conc_mech-x509-1backend_security-battery_r30_audit-off_20260824T233608Z,obs_3de01d58028f4cbab0d0068a5e00c7d7,2026-08-24T23:36:44.364113+00:00,x509,untrusted_issuer,11,1,UAV-UNTRUSTED,UNTRUSTED_ISSUER,UNTRUSTED_ISSUER,true,762800,0.7628,44500,84800,622400,0,0,0,0,0,,,,none,x509-untrusted_issuer_0,0,false,243,16,
n10-identities_c1-conc_mech-x509-1backend_security-battery_r30_audit-off_20260824T233608Z,obs_80dfa489bdcf4a93b9b4f9ee540b9caf,2026-08-24T23:36:44.370721+00:00,x509,untrusted_issuer,12,1,UAV-UNTRUSTED,UNTRUSTED_ISSUER,UNTRUSTED_ISSUER,true,802900,0.8029,43500,58500,711300,0,0,0,0,0,,,,none,x509-untrusted_issuer_0,0,false,243,16,
n10-identities_c1-conc_mech-x509-1backend_security-battery_r30_audit-off_20260824T233608Z,obs_f22d15e897934b2f8ffc5e912e9e0a10,2026-08-24T23:36:44.377920+00:00,x509,untrusted_issuer,13,1,UAV-UNTRUSTED,UNTRUSTED_ISSUER,UNTRUSTED_ISSUER,true,776000,0.776,47300,95700,626300,0,0,0,0,0,,,,none,x509-untrusted_issuer_0,0,false,244,16,
n10-identities_c1-conc_mech-x509-1backend_security-battery_r30_audit-off_20260824T233608Z,obs_0d50cc69a01b4bd3a22f5180a5b59b06,2026-08-24T23:36:44.386020+00:00,x509,untrusted_issuer,14,1,UAV-UNTRUSTED,UNTRUSTED_ISSUER,UNTRUSTED_ISSUER,true,803400,0.8034,47200,91600,659300,0,0,0,0,0,,,,none,x509-untrusted_issuer_0,0,false,243,16,
n10-identities_c1-conc_mech-x509-1backend_security-battery_r30_audit-off_20260824T233608Z,obs_6fa23128de354dabbf0b6118613503c8,2026-08-24T23:36:44.393304+00:00,x509,untrusted_issuer,15,1,UAV-UNTRUSTED,UNTRUSTED_ISSUER,UNTRUSTED_ISSUER,true,922400,0.9224,38200,83300,783300,0,0,0,0,0,,,,none,x509-untrusted_issuer_0,0,false,243,16,
n10-identities_c1-conc_mech-x509-1backend_security-battery_r30_audit-off_20260824T233608Z,obs_50f100dee0df4bb384ee092726b8fe95,2026-08-24T23:36:44.401463+00:00,x509,untrusted_issuer,16,1,UAV-UNTRUSTED,UNTRUSTED_ISSUER,UNTRUSTED_ISSUER,true,976400,0.9764,56100,90900,831300,0,0,0,0,0,,,,none,x509-untrusted_issuer_0,0,false,242,16,
n10-identities_c1-conc_mech-x509-1backend_security-battery_r30_audit-off_20260824T233608Z,obs_213a4f38f1eb44a9b3da5fc4d6ca044e,2026-08-24T23:36:44.408154+00:00,x509,untrusted_issuer,17,1,UAV-UNTRUSTED,UNTRUSTED_ISSUER,UNTRUSTED_ISSUER,true,669200,0.6692,41200,82500,538700,0,0,0,0,0,,,,none,x509-untrusted_issuer_0,0,false,243,16,
n10-identities_c1-conc_mech-x509-1backend_security-battery_r30_audit-off_20260824T233608Z,obs_9e527a2eef5748d4a8139ea8049488b1,2026-08-24T23:36:44.415466+00:00,x509,untrusted_issuer,18,1,UAV-UNTRUSTED,UNTRUSTED_ISSUER,UNTRUSTED_ISSUER,true,768300,0.7683,48800,94300,621300,0,0,0,0,0,,,,none,x509-untrusted_issuer_0,0,false,242,16,
n10-identities_c1-conc_mech-x509-1backend_security-battery_r30_audit-off_20260824T233608Z,obs_41dc6942e68c45c0b1e4a648555702b6,2026-08-24T23:36:44.423699+00:00,x509,untrusted_issuer,19,1,UAV-UNTRUSTED,UNTRUSTED_ISSUER,UNTRUSTED_ISSUER,true,1051500,1.0515,55800,83600,915600,0,0,0,0,0,,,,none,x509-untrusted_issuer_0,0,false,244,16,
n10-identities_c1-conc_mech-x509-1backend_security-battery_r30_audit-off_20260824T233608Z,obs_f1074f3db6d54237b35cd170b35b2195,2026-08-24T23:36:44.432595+00:00,x509,untrusted_issuer,20,1,UAV-UNTRUSTED,UNTRUSTED_ISSUER,UNTRUSTED_ISSUER,true,1174900,1.1749,58900,105900,1001000,0,0,0,0,0,,,,none,x509-untrusted_issuer_0,0,false,243,16,
n10-identities_c1-conc_mech-x509-1backend_security-battery_r30_audit-off_20260824T233608Z,obs_814fdc0c48c64b5ebc5c9848e7f28d70,2026-08-24T23:36:44.441280+00:00,x509,untrusted_issuer,21,1,UAV-UNTRUSTED,UNTRUSTED_ISSUER,UNTRUSTED_ISSUER,true,833900,0.8339,52700,94400,685400,0,0,0,0,0,,,,none,x509-untrusted_issuer_0,0,false,243,16,
n10-identities_c1-conc_mech-x509-1backend_security-battery_r30_audit-off_20260824T233608Z,obs_ca71d31fff7f435f9fd4dc2a76a0219e,2026-08-24T23:36:44.448430+00:00,x509,untrusted_issuer,22,1,UAV-UNTRUSTED,UNTRUSTED_ISSUER,UNTRUSTED_ISSUER,true,800600,0.8006,50500,88700,659000,0,0,0,0,0,,,,none,x509-untrusted_issuer_0,0,false,243,16,
n10-identities_c1-conc_mech-x509-1backend_security-battery_r30_audit-off_20260824T233608Z,obs_daadc10564564f6ab58be2caefb3589d,2026-08-24T23:36:44.455265+00:00,x509,untrusted_issuer,23,1,UAV-UNTRUSTED,UNTRUSTED_ISSUER,UNTRUSTED_ISSUER,true,745000,0.745,42000,88600,609400,0,0,0,0,0,,,,none,x509-untrusted_issuer_0,0,false,243,16,
n10-identities_c1-conc_mech-x509-1backend_security-battery_r30_audit-off_20260824T233608Z,obs_e2ffd5028ca74611a21e1fddd8505c1e,2026-08-24T23:36:44.463183+00:00,x509,untrusted_issuer,24,1,UAV-UNTRUSTED,UNTRUSTED_ISSUER,UNTRUSTED_ISSUER,true,1279300,1.2793,49500,98300,1119800,0,0,0,0,0,,,,none,x509-untrusted_issuer_0,0,false,242,16,
n10-identities_c1-conc_mech-x509-1backend_security-battery_r30_audit-off_20260824T233608Z,obs_c43b7cfe49ff449fb5247ee853966a9a,2026-08-24T23:36:44.470465+00:00,x509,untrusted_issuer,25,1,UAV-UNTRUSTED,UNTRUSTED_ISSUER,UNTRUSTED_ISSUER,true,702400,0.7024,44500,89300,568900,0,0,0,0,0,,,,none,x509-untrusted_issuer_0,0,false,244,16,
n10-identities_c1-conc_mech-x509-1backend_security-battery_r30_audit-off_20260824T233608Z,obs_f5ecc7898b0f494ba959f61afc000d16,2026-08-24T23:36:44.477027+00:00,x509,untrusted_issuer,26,1,UAV-UNTRUSTED,UNTRUSTED_ISSUER,UNTRUSTED_ISSUER,true,721800,0.7218,39300,73500,606400,0,0,0,0,0,,,,none,x509-untrusted_issuer_0,0,false,243,16,
n10-identities_c1-conc_mech-x509-1backend_security-battery_r30_audit-off_20260824T233608Z,obs_b9623425638e47f9b5484ef80faf97f7,2026-08-24T23:36:44.485350+00:00,x509,untrusted_issuer,27,1,UAV-UNTRUSTED,UNTRUSTED_ISSUER,UNTRUSTED_ISSUER,true,986300,0.9863,48700,90500,829900,0,0,0,0,0,,,,none,x509-untrusted_issuer_0,0,false,242,16,
n10-identities_c1-conc_mech-x509-1backend_security-battery_r30_audit-off_20260824T233608Z,obs_f363e91928434688b2cc84a3db4faa65,2026-08-24T23:36:44.491910+00:00,x509,untrusted_issuer,28,1,UAV-UNTRUSTED,UNTRUSTED_ISSUER,UNTRUSTED_ISSUER,true,602100,0.6021,41300,60700,501200,0,0,0,0,0,,,,none,x509-untrusted_issuer_0,0,false,243,16,
n10-identities_c1-conc_mech-x509-1backend_security-battery_r30_audit-off_20260824T233608Z,obs_6075c6a2074a4257ba12822d308732c3,2026-08-24T23:36:44.499397+00:00,x509,untrusted_issuer,29,1,UAV-UNTRUSTED,UNTRUSTED_ISSUER,UNTRUSTED_ISSUER,true,905000,0.905,51500,88900,763700,0,0,0,0,0,,,,none,x509-untrusted_issuer_0,0,false,244,16,
