run_id,observation_id,utc_timestamp,mechanism,scenario,repetition,concurrency_level,uav_id,expected_outcome,observed_outcome,expectation_met,decision_latency_ns,decision_latency_ms,challenge_generation_ns,identity_lookup_ns,certificate_validation_ns,contract_call_ns,signature_verification_ns,authorisation_check_ns,audit_submission_ns,audit_confirmation_ns,tx_hash,block_number,gas_used,timeout_error_class,worker_id,payload_size,warmup,request_bytes,response_bytes,notes
n10-identities_c1-conc_mech-blockchain-1backend_security-battery_r30_audit-off_20260820T020051Z,obs_d60ab8f444804fdfb38efa370f4a64dc,2026-08-20T02:00:52.601176+00:00,blockchain,valid_active,0,1,UAV-VALID,ACCEPTED,INVALID_SIGNATURE,False,100889900,100.8899,94500,100427000,0,8800,265200,0,0,0,,,,none,blockchain-valid_active_0,0,True,239,17,
n10-identities_c1-conc_mech-blockchain-1backend_security-battery_r30_audit-off_20260820T020051Z,obs_23e48ed08683487fa4f88cba268567f6,2026-08-20T02:00:52.660702+00:00,blockchain,valid_active,1,1,UAV-VALID,ACCEPTED,INVALID_SIGNATURE,False,56434800,56.4348,50100,55130300,0,6500,1116500,0,0,0,,,,none,blockchain-valid_active_0,0,True,239,17,
n10-identities_c1-conc_mech-blockchain-1backend_security-battery_r30_audit-off_20260820T020051Z,obs_4b8c06ac3a1e461b903a0db7146089c6,2026-08-20T02:00:52.701739+00:00,blockchain,valid_active,0,1,UAV-VALID,ACCEPTED,INVALID_SIGNATURE,False,38314200,38.3142,51700,37880700,0,5300,275100,0,0,0,,,,none,blockchain-valid_active_0,0,False,239,17,
n10-identities_c1-conc_mech-blockchain-1backend_security-battery_r30_audit-off_20260820T020051Z,obs_726cf748861d448d938d1c98d4686c01,2026-08-20T02:00:52.762232+00:00,blockchain,valid_active,1,1,UAV-VALID,ACCEPTED,INVALID_SIGNATURE,False,58144000,58.144,57400,57496800,0,5200,253500,0,0,0,,,,none,blockchain-valid_active_0,0,False,240,17,
n10-identities_c1-conc_mech-blockchain-1backend_security-battery_r30_audit-off_20260820T020051Z,obs_6d503fde111f481f8cceab8a2931f328,2026-08-20T02:00:52.816774+00:00,blockchain,valid_active,2,1,UAV-VALID,ACCEPTED,INVALID_SIGNATURE,False,51259500,51.2595,48300,50753100,0,4300,344700,0,0,0,,,,none,blockchain-valid_active_0,0,False,239,17,
n10-identities_c1-conc_mech-blockchain-1backend_security-battery_r30_audit-off_20260820T020051Z,obs_40fd594ae8ad40f7b50b1cbc7f9d3dd4,2026-08-20T02:00:52.864895+00:00,blockchain,valid_active,3,1,UAV-VALID,ACCEPTED,INVALID_SIGNATURE,False,43510300,43.5103,57300,43081600,0,4700,255900,0,0,0,,,,none,blockchain-valid_active_0,0,False,239,17,
n10-identities_c1-conc_mech-blockchain-1backend_security-battery_r30_audit-off_20260820T020051Z,obs_d1d022f6a92f44e19a1cee8f24a5b9b2,2026-08-20T02:00:52.941767+00:00,blockchain,valid_active,4,1,UAV-VALID,ACCEPTED,INVALID_SIGNATURE,False,74667500,74.6675,49500,74266200,0,4100,248900,0,0,0,,,,none,blockchain-valid_active_0,0,False,239,17,
n10-identities_c1-conc_mech-blockchain-1backend_security-battery_r30_audit-off_20260820T020051Z,obs_c72921d2a03f42f083c72e8e4c4fed3f,2026-08-20T02:00:53.053458+00:00,blockchain,valid_active,5,1,UAV-VALID,ACCEPTED,INVALID_SIGNATURE,False,108940100,108.9401,61800,108528500,0,4800,255700,0,0,0,,,,none,blockchain-valid_active_0,0,False,240,17,
n10-identities_c1-conc_mech-blockchain-1backend_security-battery_r30_audit-off_20260820T020051Z,obs_3de038497af244eaa062aeed4b0c4399,2026-08-20T02:00:53.085053+00:00,blockchain,valid_active,6,1,UAV-VALID,ACCEPTED,INVALID_SIGNATURE,False,27446300,27.4463,50800,27008900,0,4400,258200,0,0,0,,,,none,blockchain-valid_active_0,0,False,239,17,
n10-identities_c1-conc_mech-blockchain-1backend_security-battery_r30_audit-off_20260820T020051Z,obs_033a6e56858449a9af37860e4819fbb0,2026-08-20T02:00:53.114321+00:00,blockchain,valid_active,7,1,UAV-VALID,ACCEPTED,INVALID_SIGNATURE,False,26176300,26.1763,61800,25798800,0,4400,247600,0,0,0,,,,none,blockchain-valid_active_0,0,False,239,17,
n10-identities_c1-conc_mech-blockchain-1backend_security-battery_r30_audit-off_20260820T020051Z,obs_dfb905d7738040eda5d80d5347b31453,2026-08-20T02:00:53.153057+00:00,blockchain,valid_active,8,1,UAV-VALID,ACCEPTED,INVALID_SIGNATURE,False,36452700,36.4527,50500,36025700,0,4400,258300,0,0,0,,,,none,blockchain-valid_active_0,0,False,239,17,
n10-identities_c1-conc_mech-blockchain-1backend_security-battery_r30_audit-off_20260820T020051Z,obs_4e05c4005be34ac5b023fd5bd50410b2,2026-08-20T02:00:53.186535+00:00,blockchain,valid_active,9,1,UAV-VALID,ACCEPTED,INVALID_SIGNATURE,False,30902500,30.9025,72800,29626000,0,5600,1073300,0,0,0,,,,none,blockchain-valid_active_0,0,False,239,17,
n10-identities_c1-conc_mech-blockchain-1backend_security-battery_r30_audit-off_20260820T020051Z,obs_112a68112e544cbea25092d42f011ecf,2026-08-20T02:00:53.219671+00:00,blockchain,valid_active,10,1,UAV-VALID,ACCEPTED,INVALID_SIGNATURE,False,28597200,28.5972,66500,27516400,0,5000,879200,0,0,0,,,,none,blockchain-valid_active_0,0,False,239,17,
n10-identities_c1-conc_mech-blockchain-1backend_security-battery_r30_audit-off_20260820T020051Z,obs_40d483536bc64ae7a81f0ba0f5443854,2026-08-20T02:00:53.248943+00:00,blockchain,valid_active,11,1,UAV-VALID,ACCEPTED,INVALID_SIGNATURE,False,26491800,26.4918,64800,26106300,0,4900,240300,0,0,0,,,,none,blockchain-valid_active_0,0,False,240,17,
n10-identities_c1-conc_mech-blockchain-1backend_security-battery_r30_audit-off_20260820T020051Z,obs_4e7ed3e4c1d44df2be6767760d4ad25d,2026-08-20T02:00:53.278769+00:00,blockchain,valid_active,12,1,UAV-VALID,ACCEPTED,INVALID_SIGNATURE,False,27555100,27.5551,49300,27229700,0,3900,198100,0,0,0,,,,none,blockchain-valid_active_0,0,False,239,17,
n10-identities_c1-conc_mech-blockchain-1backend_security-battery_r30_audit-off_20260820T020051Z,obs_e56704d786f442569bbc2c2599e86c0d,2026-08-20T02:00:53.304364+00:00,blockchain,valid_active,13,1,UAV-VALID,ACCEPTED,INVALID_SIGNATURE,False,23391800,23.3918,60500,22997700,0,4400,245700,0,0,0,,,,none,blockchain-valid_active_0,0,False,240,17,
n10-identities_c1-conc_mech-blockchain-1backend_security-battery_r30_audit-off_20260820T020051Z,obs_f2bdfd2f731c4aec9f800ae48819dc2f,2026-08-20T02:00:53.330486+00:00,blockchain,valid_active,14,1,UAV-VALID,ACCEPTED,INVALID_SIGNATURE,False,24168700,24.1687,49900,23793100,0,2800,243300,0,0,0,,,,none,blockchain-valid_active_0,0,False,238,17,
n10-identities_c1-conc_mech-blockchain-1backend_security-battery_r30_audit-off_20260820T020051Z,obs_9e36727a309a42cd93ed169de4b0b5df,2026-08-20T02:00:53.373472+00:00,blockchain,valid_active,15,1,UAV-VALID,ACCEPTED,INVALID_SIGNATURE,False,40131600,40.1316,273600,39702600,0,4000,269200,0,0,0,,,,none,blockchain-valid_active_0,0,False,239,17,
n10-identities_c1-conc_mech-blockchain-1backend_security-battery_r30_audit-off_20260820T020051Z,obs_9ad5fb3788c04f41b7878b823f0b896c,2026-08-20T02:00:53.417906+00:00,blockchain,valid_active,16,1,UAV-VALID,ACCEPTED,INVALID_SIGNATURE,False,40314200,40.3142,53500,39897200,0,3800,259200,0,0,0,,,,none,blockchain-valid_active_0,0,False,238,17,
n10-identities_c1-conc_mech-blockchain-1backend_security-battery_r30_audit-off_20260820T020051Z,obs_54c76ef38caf46bca38b7372d1319832,2026-08-20T02:00:53.455341+00:00,blockchain,valid_active,17,1,UAV-VALID,ACCEPTED,INVALID_SIGNATURE,False,31775200,31.7752,117900,31314800,0,5100,293800,0,0,0,,,,none,blockchain-valid_active_0,0,False,239,17,
n10-identities_c1-conc_mech-blockchain-1backend_security-battery_r30_audit-off_20260820T020051Z,obs_f165082fe58e4168911ddb858e56da08,2026-08-20T02:00:53.493317+00:00,blockchain,valid_active,18,1,UAV-VALID,ACCEPTED,INVALID_SIGNATURE,False,35763200,35.7632,50400,35337400,0,4900,267000,0,0,0,,,,none,blockchain-valid_active_0,0,False,239,17,
n10-identities_c1-conc_mech-blockchain-1backend_security-battery_r30_audit-off_20260820T020051Z,obs_b64e347d0cce4b6fb639561f8c8b6743,2026-08-20T02:00:53.547218+00:00,blockchain,valid_active,19,1,UAV-VALID,ACCEPTED,INVALID_SIGNATURE,False,50807600,50.8076,64800,50364200,0,4600,278400,0,0,0,,,,none,blockchain-valid_active_0,0,False,239,17,
n10-identities_c1-conc_mech-blockchain-1backend_security-battery_r30_audit-off_20260820T020051Z,obs_07d529870fb54e61b2c0b000528b7d1b,2026-08-20T02:00:53.635845+00:00,blockchain,valid_active,20,1,UAV-VALID,ACCEPTED,INVALID_SIGNATURE,False,33785900,33.7859,63400,32603700,0,3900,530300,0,0,0,,,,none,blockchain-valid_active_0,0,False,239,17,
n10-identities_c1-conc_mech-blockchain-1backend_security-battery_r30_audit-off_20260820T020051Z,obs_61acb40fa89f4a81bb888744fb772bbc,2026-08-20T02:00:53.666756+00:00,blockchain,valid_active,21,1,UAV-VALID,ACCEPTED,INVALID_SIGNATURE,False,27145600,27.1456,54100,26656700,0,5400,306300,0,0,0,,,,none,blockchain-valid_active_0,0,False,240,17,
n10-identities_c1-conc_mech-blockchain-1backend_security-battery_r30_audit-off_20260820T020051Z,obs_7839b03fa62d434a87e467b4345d94ff,2026-08-20T02:00:53.696159+00:00,blockchain,valid_active,22,1,UAV-VALID,ACCEPTED,INVALID_SIGNATURE,False,26598900,26.5989,68500,26214700,0,4200,231800,0,0,0,,,,none,blockchain-valid_active_0,0,False,240,17,
n10-identities_c1-conc_mech-blockchain-1backend_security-battery_r30_audit-off_20260820T020051Z,obs_1cce1ea32a224e09982562010c2a9207,2026-08-20T02:00:53.727962+00:00,blockchain,valid_active,23,1,UAV-VALID,ACCEPTED,INVALID_SIGNATURE,False,29536300,29.5363,54300,29104800,0,4500,268900,0,0,0,,,,none,blockchain-valid_active_0,0,False,239,17,
n10-identities_c1-conc_mech-blockchain-1backend_security-battery_r30_audit-off_20260820T020051Z,obs_5c1e7180ec7f4f69927c41523a9f1dc6,2026-08-20T02:00:53.760570+00:00,blockchain,valid_active,24,1,UAV-VALID,ACCEPTED,INVALID_SIGNATURE,False,29840000,29.84,58900,29343800,0,5700,301600,0,0,0,,,,none,blockchain-valid_active_0,0,False,238,17,
n10-identities_c1-conc_mech-blockchain-1backend_security-battery_r30_audit-off_20260820T020051Z,obs_c974457b9f804460907a1930c22057b3,2026-08-20T02:00:53.792999+00:00,blockchain,valid_active,25,1,UAV-VALID,ACCEPTED,INVALID_SIGNATURE,False,29201500,29.2015,49800,28804500,0,4200,251200,0,0,0,,,,none,blockchain-valid_active_0,0,False,239,17,
n10-identities_c1-conc_mech-blockchain-1backend_security-battery_r30_audit-off_20260820T020051Z,obs_8fbbeb8432b04c39a53567a960819a4d,2026-08-20T02:00:53.823707+00:00,blockchain,valid_active,26,1,UAV-VALID,ACCEPTED,INVALID_SIGNATURE,False,28338200,28.3382,47700,27916900,0,5000,265000,0,0,0,,,,none,blockchain-valid_active_0,0,False,239,17,
n10-identities_c1-conc_mech-blockchain-1backend_security-battery_r30_audit-off_20260820T020051Z,obs_7a821bbc1eea49bab4502d6a8a5f7ec9,2026-08-20T02:00:53.855420+00:00,blockchain,valid_active,27,1,UAV-VALID,ACCEPTED,INVALID_SIGNATURE,False,29534500,29.5345,50200,29084400,0,4100,285600,0,0,0,,,,none,blockchain-valid_active_0,0,False,239,17,
n10-identities_c1-conc_mech-blockchain-1backend_security-battery_r30_audit-off_20260820T020051Z,obs_473219af011342a7aa207730f843cd63,2026-08-20T02:00:53.887392+00:00,blockchain,valid_active,28,1,UAV-VALID,ACCEPTED,INVALID_SIGNATURE,False,29556800,29.5568,48400,29074300,0,4300,317000,0,0,0,,,,none,blockchain-valid_active_0,0,False,239,17,
n10-identities_c1-conc_mech-blockchain-1backend_security-battery_r30_audit-off_20260820T020051Z,obs_66c26c72e1174e469dcb4598d6659b90,2026-08-20T02:00:53.919620+00:00,blockchain,valid_active,29,1,UAV-VALID,ACCEPTED,INVALID_SIGNATURE,False,28537300,28.5373,82200,28085700,0,5300,278100,0,0,0,,,,none,blockchain-valid_active_0,0,False,239,17,
n10-identities_c1-conc_mech-blockchain-1backend_security-battery_r30_audit-off_20260820T020051Z,obs_7ff765d15cf844299c0e9598d2dfa079,2026-08-20T02:00:54.029274+00:00,blockchain,unknown_uav,0,1,UAV-NOT-REGISTERED,UNKNOWN_IDENTITY,UNKNOWN_IDENTITY,True,79959300,79.9593,50300,79709800,0,79709800,0,0,0,0,,,,none,blockchain-unknown_uav_0,0,True,249,16,
n10-identities_c1-conc_mech-blockchain-1backend_security-battery_r30_audit-off_20260820T020051Z,obs_30935aa1f46e4d7b94d6ce7abe79be07,2026-08-20T02:00:54.097250+00:00,blockchain,unknown_uav,1,1,UAV-NOT-REGISTERED,UNKNOWN_IDENTITY,UNKNOWN_IDENTITY,True,51941700,51.9417,75300,51888500,0,51888500,0,0,0,0,,,,none,blockchain-unknown_uav_0,0,True,248,16,
n10-identities_c1-conc_mech-blockchain-1backend_security-battery_r30_audit-off_20260820T020051Z,obs_9d67e75201c14dcd81fcee7efec6b396,2026-08-20T02:00:54.174166+00:00,blockchain,unknown_uav,0,1,UAV-NOT-REGISTERED,UNKNOWN_IDENTITY,UNKNOWN_IDENTITY,True,74976800,74.9768,50000,74901300,0,74901300,0,0,0,0,,,,none,blockchain-unknown_uav_0,0,False,249,16,
n10-identities_c1-conc_mech-blockchain-1backend_security-battery_r30_audit-off_20260820T020051Z,obs_c559f0e2240a4c6eabad389d5df9d19f,2026-08-20T02:00:54.211954+00:00,blockchain,unknown_uav,1,1,UAV-NOT-REGISTERED,UNKNOWN_IDENTITY,UNKNOWN_IDENTITY,True,35316500,35.3165,48700,35266300,0,35266300,0,0,0,0,,,,none,blockchain-unknown_uav_0,0,False,248,16,
n10-identities_c1-conc_mech-blockchain-1backend_security-battery_r30_audit-off_20260820T020051Z,obs_73f717505f4140c9a2a5cbb2836972e4,2026-08-20T02:00:54.274311+00:00,blockchain,unknown_uav,2,1,UAV-NOT-REGISTERED,UNKNOWN_IDENTITY,UNKNOWN_IDENTITY,True,59793700,59.7937,80300,59732200,0,59732200,0,0,0,0,,,,none,blockchain-unknown_uav_0,0,False,247,16,
n10-identities_c1-conc_mech-blockchain-1backend_security-battery_r30_audit-off_20260820T020051Z,obs_bf71664aa047491a9b01bca3fb77dbf2,2026-08-20T02:00:54.344582+00:00,blockchain,unknown_uav,3,1,UAV-NOT-REGISTERED,UNKNOWN_IDENTITY,UNKNOWN_IDENTITY,True,56722100,56.7221,60400,56601500,0,56601500,0,0,0,0,,,,none,blockchain-unknown_uav_0,0,False,248,16,
n10-identities_c1-conc_mech-blockchain-1backend_security-battery_r30_audit-off_20260820T020051Z,obs_0f09344bda5a4c5aba08005a284cc455,2026-08-20T02:00:54.390388+00:00,blockchain,unknown_uav,4,1,UAV-NOT-REGISTERED,UNKNOWN_IDENTITY,UNKNOWN_IDENTITY,True,39231600,39.2316,60700,39178500,0,39178500,0,0,0,0,,,,none,blockchain-unknown_uav_0,0,False,248,16,
n10-identities_c1-conc_mech-blockchain-1backend_security-battery_r30_audit-off_20260820T020051Z,obs_722699c1b2bc4a84855af19ab0b58406,2026-08-20T02:00:54.425558+00:00,blockchain,unknown_uav,5,1,UAV-NOT-REGISTERED,UNKNOWN_IDENTITY,UNKNOWN_IDENTITY,True,31866800,31.8668,67400,31813200,0,31813200,0,0,0,0,,,,none,blockchain-unknown_uav_0,0,False,247,16,
n10-identities_c1-conc_mech-blockchain-1backend_security-battery_r30_audit-off_20260820T020051Z,obs_173c42d8f1bd4b51ac041adfa818a885,2026-08-20T02:00:54.481971+00:00,blockchain,unknown_uav,6,1,UAV-NOT-REGISTERED,UNKNOWN_IDENTITY,UNKNOWN_IDENTITY,True,53879000,53.879,70400,53825400,0,53825400,0,0,0,0,,,,none,blockchain-unknown_uav_0,0,False,249,16,
n10-identities_c1-conc_mech-blockchain-1backend_security-battery_r30_audit-off_20260820T020051Z,obs_691d9997070544a1a16f94893c7fda51,2026-08-20T02:00:54.513186+00:00,blockchain,unknown_uav,7,1,UAV-NOT-REGISTERED,UNKNOWN_IDENTITY,UNKNOWN_IDENTITY,True,28671200,28.6712,50000,28620200,0,28620200,0,0,0,0,,,,none,blockchain-unknown_uav_0,0,False,248,16,
n10-identities_c1-conc_mech-blockchain-1backend_security-battery_r30_audit-off_20260820T020051Z,obs_deea2626fc544a99a04e4187ad4eb235,2026-08-20T02:00:54.580717+00:00,blockchain,unknown_uav,8,1,UAV-NOT-REGISTERED,UNKNOWN_IDENTITY,UNKNOWN_IDENTITY,True,64836500,64.8365,48300,64789300,0,64789300,0,0,0,0,,,,none,blockchain-unknown_uav_0,0,False,249,16,
n10-identities_c1-conc_mech-blockchain-1backend_security-battery_r30_audit-off_20260820T020051Z,obs_1f14de84138a40f7ad082590b77d19d1,2026-08-20T02:00:54.811224+00:00,blockchain,unknown_uav,9,1,UAV-NOT-REGISTERED,UNKNOWN_IDENTITY,UNKNOWN_IDENTITY,True,226963900,226.9639,61400,226912400,0,226912400,0,0,0,0,,,,none,blockchain-unknown_uav_0,0,False,247,16,
n10-identities_c1-conc_mech-blockchain-1backend_security-battery_r30_audit-off_20260820T020051Z,obs_325205b67b3545558390c651937cdb3b,2026-08-20T02:00:54.880806+00:00,blockchain,unknown_uav,10,1,UAV-NOT-REGISTERED,UNKNOWN_IDENTITY,UNKNOWN_IDENTITY,True,66206900,66.2069,56100,66154400,0,66154400,0,0,0,0,,,,none,blockchain-unknown_uav_0,0,False,248,16,
n10-identities_c1-conc_mech-blockchain-1backend_security-battery_r30_audit-off_20260820T020051Z,obs_def9301609ac43a7bf2ae8b022613c77,2026-08-20T02:00:54.933509+00:00,blockchain,unknown_uav,11,1,UAV-NOT-REGISTERED,UNKNOWN_IDENTITY,UNKNOWN_IDENTITY,True,49935000,49.935,50300,49892800,0,49892800,0,0,0,0,,,,none,blockchain-unknown_uav_0,0,False,247,16,
n10-identities_c1-conc_mech-blockchain-1backend_security-battery_r30_audit-off_20260820T020051Z,obs_98f4fd07ae804413b028f1ad0501a9d3,2026-08-20T02:00:54.991894+00:00,blockchain,unknown_uav,12,1,UAV-NOT-REGISTERED,UNKNOWN_IDENTITY,UNKNOWN_IDENTITY,True,54750500,54.7505,52300,54690200,0,54690200,0,0,0,0,,,,none,blockchain-unknown_uav_0,0,False,248,16,
n10-identities_c1-conc_mech-blockchain-1backend_security-battery_r30_audit-off_20260820T020051Z,obs_9a354ca87f474ad2b975e4ef07e8f833,2026-08-20T02:00:55.078178+00:00,blockchain,unknown_uav,13,1,UAV-NOT-REGISTERED,UNKNOWN_IDENTITY,UNKNOWN_IDENTITY,True,82297600,82.2976,52100,82208200,0,82208200,0,0,0,0,,,,none,blockchain-unknown_uav_0,0,False,247,16,
n10-identities_c1-conc_mech-blockchain-1backend_security-battery_r30_audit-off_20260820T020051Z,obs_2cc639850c31456d8de0b39c199b5702,2026-08-20T02:00:55.107681+00:00,blockchain,unknown_uav,14,1,UAV-NOT-REGISTERED,UNKNOWN_IDENTITY,UNKNOWN_IDENTITY,True,26862300,26.8623,49700,26814300,0,26814300,0,0,0,0,,,,none,blockchain-unknown_uav_0,0,False,248,16,
n10-identities_c1-conc_mech-blockchain-1backend_security-battery_r30_audit-off_20260820T020051Z,obs_9861e4282a93491e838527a037ab8b17,2026-08-20T02:00:55.158157+00:00,blockchain,unknown_uav,15,1,UAV-NOT-REGISTERED,UNKNOWN_IDENTITY,UNKNOWN_IDENTITY,True,47250700,47.2507,64000,47196300,0,47196300,0,0,0,0,,,,none,blockchain-unknown_uav_0,0,False,247,16,
n10-identities_c1-conc_mech-blockchain-1backend_security-battery_r30_audit-off_20260820T020051Z,obs_10bb4d65bb744f36a7b80f36de7cc992,2026-08-20T02:00:55.195292+00:00,blockchain,unknown_uav,16,1,UAV-NOT-REGISTERED,UNKNOWN_IDENTITY,UNKNOWN_IDENTITY,True,34592100,34.5921,49900,34547500,0,34547500,0,0,0,0,,,,none,blockchain-unknown_uav_0,0,False,249,16,
n10-identities_c1-conc_mech-blockchain-1backend_security-battery_r30_audit-off_20260820T020051Z,obs_87397d2e30df4cd9ada9b8360dfcc9e8,2026-08-20T02:00:55.242724+00:00,blockchain,unknown_uav,17,1,UAV-NOT-REGISTERED,UNKNOWN_IDENTITY,UNKNOWN_IDENTITY,True,44916700,44.9167,73700,44872400,0,44872400,0,0,0,0,,,,none,blockchain-unknown_uav_0,0,False,248,16,
n10-identities_c1-conc_mech-blockchain-1backend_security-battery_r30_audit-off_20260820T020051Z,obs_a447aacd9dc54faba083ca38897232b8,2026-08-20T02:00:55.328970+00:00,blockchain,unknown_uav,18,1,UAV-NOT-REGISTERED,UNKNOWN_IDENTITY,UNKNOWN_IDENTITY,True,82902900,82.9029,60100,82838600,0,82838600,0,0,0,0,,,,none,blockchain-unknown_uav_0,0,False,248,16,
n10-identities_c1-conc_mech-blockchain-1backend_security-battery_r30_audit-off_20260820T020051Z,obs_43f7d97f4ff642cda93d91b20b522287,2026-08-20T02:00:55.376604+00:00,blockchain,unknown_uav,19,1,UAV-NOT-REGISTERED,UNKNOWN_IDENTITY,UNKNOWN_IDENTITY,True,44940500,44.9405,57000,44895400,0,44895400,0,0,0,0,,,,none,blockchain-unknown_uav_0,0,False,248,16,
n10-identities_c1-conc_mech-blockchain-1backend_security-battery_r30_audit-off_20260820T020051Z,obs_d689d51b1fe743399d085989e3d332ad,2026-08-20T02:00:55.414913+00:00,blockchain,unknown_uav,20,1,UAV-NOT-REGISTERED,UNKNOWN_IDENTITY,UNKNOWN_IDENTITY,True,35616400,35.6164,65500,35558500,0,35558500,0,0,0,0,,,,none,blockchain-unknown_uav_0,0,False,248,16,
n10-identities_c1-conc_mech-blockchain-1backend_security-battery_r30_audit-off_20260820T020051Z,obs_1e67eacea7a24df98244982628f7bbfb,2026-08-20T02:00:55.459039+00:00,blockchain,unknown_uav,21,1,UAV-NOT-REGISTERED,UNKNOWN_IDENTITY,UNKNOWN_IDENTITY,True,35580700,35.5807,68800,35518300,0,35518300,0,0,0,0,,,,none,blockchain-unknown_uav_0,0,False,247,16,
n10-identities_c1-conc_mech-blockchain-1backend_security-battery_r30_audit-off_20260820T020051Z,obs_b098a9e8b2ad4ea8a57a4eba185e2af5,2026-08-20T02:00:55.500059+00:00,blockchain,unknown_uav,22,1,UAV-NOT-REGISTERED,UNKNOWN_IDENTITY,UNKNOWN_IDENTITY,True,34958200,34.9582,76000,34909200,0,34909200,0,0,0,0,,,,none,blockchain-unknown_uav_0,0,False,247,16,
n10-identities_c1-conc_mech-blockchain-1backend_security-battery_r30_audit-off_20260820T020051Z,obs_bafc8fab1cd34366b9d61de62955f52d,2026-08-20T02:00:55.532689+00:00,blockchain,unknown_uav,23,1,UAV-NOT-REGISTERED,UNKNOWN_IDENTITY,UNKNOWN_IDENTITY,True,29996700,29.9967,67000,29949800,0,29949800,0,0,0,0,,,,none,blockchain-unknown_uav_0,0,False,247,16,
n10-identities_c1-conc_mech-blockchain-1backend_security-battery_r30_audit-off_20260820T020051Z,obs_92ea8c33518c45d3aac25f00fd5401c1,2026-08-20T02:00:55.573776+00:00,blockchain,unknown_uav,24,1,UAV-NOT-REGISTERED,UNKNOWN_IDENTITY,UNKNOWN_IDENTITY,True,38843100,38.8431,49400,38785400,0,38785400,0,0,0,0,,,,none,blockchain-unknown_uav_0,0,False,248,16,
n10-identities_c1-conc_mech-blockchain-1backend_security-battery_r30_audit-off_20260820T020051Z,obs_0fc5e7693909454e884ccd935ad19761,2026-08-20T02:00:55.606298+00:00,blockchain,unknown_uav,25,1,UAV-NOT-REGISTERED,UNKNOWN_IDENTITY,UNKNOWN_IDENTITY,True,30094800,30.0948,47800,30047600,0,30047600,0,0,0,0,,,,none,blockchain-unknown_uav_0,0,False,249,16,
n10-identities_c1-conc_mech-blockchain-1backend_security-battery_r30_audit-off_20260820T020051Z,obs_284bb2bddf1746aeae80f28f1d87a50c,2026-08-20T02:00:55.640327+00:00,blockchain,unknown_uav,26,1,UAV-NOT-REGISTERED,UNKNOWN_IDENTITY,UNKNOWN_IDENTITY,True,31804500,31.8045,51100,31765800,0,31765800,0,0,0,0,,,,none,blockchain-unknown_uav_0,0,False,248,16,
n10-identities_c1-conc_mech-blockchain-1backend_security-battery_r30_audit-off_20260820T020051Z,obs_cab2c05ac2754be9a0ab12a41c2e094a,2026-08-20T02:00:55.673041+00:00,blockchain,unknown_uav,27,1,UAV-NOT-REGISTERED,UNKNOWN_IDENTITY,UNKNOWN_IDENTITY,True,30210900,30.2109,51500,30152300,0,30152300,0,0,0,0,,,,none,blockchain-unknown_uav_0,0,False,247,16,
n10-identities_c1-conc_mech-blockchain-1backend_security-battery_r30_audit-off_20260820T020051Z,obs_92cefc6216fe4c7d841098b457d74ad8,2026-08-20T02:00:55.720175+00:00,blockchain,unknown_uav,28,1,UAV-NOT-REGISTERED,UNKNOWN_IDENTITY,UNKNOWN_IDENTITY,True,44665100,44.6651,55000,44616300,0,44616300,0,0,0,0,,,,none,blockchain-unknown_uav_0,0,False,248,16,
n10-identities_c1-conc_mech-blockchain-1backend_security-battery_r30_audit-off_20260820T020051Z,obs_fcf32948da4641f48e6d512be3aee5c8,2026-08-20T02:00:55.766347+00:00,blockchain,unknown_uav,29,1,UAV-NOT-REGISTERED,UNKNOWN_IDENTITY,UNKNOWN_IDENTITY,True,41761800,41.7618,140400,41713000,0,41713000,0,0,0,0,,,,none,blockchain-unknown_uav_0,0,False,247,16,
n10-identities_c1-conc_mech-blockchain-1backend_security-battery_r30_audit-off_20260820T020051Z,obs_512fce10bd174008b0e935504c1e238d,2026-08-20T02:00:55.864364+00:00,blockchain,impersonation_wrong_key,0,1,UAV-VALID,INVALID_SIGNATURE,INVALID_SIGNATURE,True,67888200,67.8882,72900,67411800,0,5300,293700,0,0,0,,,,none,blockchain-impersonation_wrong_key_0,0,True,239,17,
n10-identities_c1-conc_mech-blockchain-1backend_security-battery_r30_audit-off_20260820T020051Z,obs_206497f5470f4c46829e0216170e4608,2026-08-20T02:00:55.899231+00:00,blockchain,impersonation_wrong_key,1,1,UAV-VALID,INVALID_SIGNATURE,INVALID_SIGNATURE,True,32085600,32.0856,53700,31448300,0,10100,377100,0,0,0,,,,none,blockchain-impersonation_wrong_key_0,0,True,239,17,
n10-identities_c1-conc_mech-blockchain-1backend_security-battery_r30_audit-off_20260820T020051Z,obs_ad2e19277b7e4caebc67b5420b6536fc,2026-08-20T02:00:55.934888+00:00,blockchain,impersonation_wrong_key,0,1,UAV-VALID,INVALID_SIGNATURE,INVALID_SIGNATURE,True,31941300,31.9413,81500,31170100,0,4000,588200,0,0,0,,,,none,blockchain-impersonation_wrong_key_0,0,False,240,17,
n10-identities_c1-conc_mech-blockchain-1backend_security-battery_r30_audit-off_20260820T020051Z,obs_382bfabb52be48029b9b9457f344f56c,2026-08-20T02:00:55.976337+00:00,blockchain,impersonation_wrong_key,1,1,UAV-VALID,INVALID_SIGNATURE,INVALID_SIGNATURE,True,32808900,32.8089,64200,32340400,0,4800,305900,0,0,0,,,,none,blockchain-impersonation_wrong_key_0,0,False,240,17,
n10-identities_c1-conc_mech-blockchain-1backend_security-battery_r30_audit-off_20260820T020051Z,obs_9fe2576725dc4efa96cb80239d3bf6e7,2026-08-20T02:00:56.008081+00:00,blockchain,impersonation_wrong_key,2,1,UAV-VALID,INVALID_SIGNATURE,INVALID_SIGNATURE,True,29268700,29.2687,50400,28880100,0,3600,234600,0,0,0,,,,none,blockchain-impersonation_wrong_key_0,0,False,239,17,
n10-identities_c1-conc_mech-blockchain-1backend_security-battery_r30_audit-off_20260820T020051Z,obs_e3b0a9ec03fe426bada23133872810d3,2026-08-20T02:00:56.040370+00:00,blockchain,impersonation_wrong_key,3,1,UAV-VALID,INVALID_SIGNATURE,INVALID_SIGNATURE,True,28474000,28.474,61500,28117200,0,2600,227300,0,0,0,,,,none,blockchain-impersonation_wrong_key_0,0,False,239,17,
n10-identities_c1-conc_mech-blockchain-1backend_security-battery_r30_audit-off_20260820T020051Z,obs_6e368de2c3da446b8736f0a0e73972f2,2026-08-20T02:00:56.070161+00:00,blockchain,impersonation_wrong_key,4,1,UAV-VALID,INVALID_SIGNATURE,INVALID_SIGNATURE,True,27581000,27.581,47800,27168700,0,5300,248400,0,0,0,,,,none,blockchain-impersonation_wrong_key_0,0,False,240,17,
n10-identities_c1-conc_mech-blockchain-1backend_security-battery_r30_audit-off_20260820T020051Z,obs_86ffa3ebe59646d7acd3ed4d948a9ef6,2026-08-20T02:00:56.098689+00:00,blockchain,impersonation_wrong_key,5,1,UAV-VALID,INVALID_SIGNATURE,INVALID_SIGNATURE,True,26101200,26.1012,43100,25687800,0,4900,261200,0,0,0,,,,none,blockchain-impersonation_wrong_key_0,0,False,239,17,
n10-identities_c1-conc_mech-blockchain-1backend_security-battery_r30_audit-off_20260820T020051Z,obs_cc73a61cfc4546ee9b1b81b2aba65c1c,2026-08-20T02:00:56.130910+00:00,blockchain,impersonation_wrong_key,6,1,UAV-VALID,INVALID_SIGNATURE,INVALID_SIGNATURE,True,28385400,28.3854,102400,27937800,0,4500,273300,0,0,0,,,,none,blockchain-impersonation_wrong_key_0,0,False,239,17,
n10-identities_c1-conc_mech-blockchain-1backend_security-battery_r30_audit-off_20260820T020051Z,obs_a77e9b2bb0dd48aabbfebb26271496a0,2026-08-20T02:00:56.161911+00:00,blockchain,impersonation_wrong_key,7,1,UAV-VALID,INVALID_SIGNATURE,INVALID_SIGNATURE,True,28003700,28.0037,53400,27692600,0,4700,187700,0,0,0,,,,none,blockchain-impersonation_wrong_key_0,0,False,238,17,
n10-identities_c1-conc_mech-blockchain-1backend_security-battery_r30_audit-off_20260820T020051Z,obs_33185e01bbef437d9d3cee9eb2f3af10,2026-08-20T02:00:56.190931+00:00,blockchain,impersonation_wrong_key,8,1,UAV-VALID,INVALID_SIGNATURE,INVALID_SIGNATURE,True,26726100,26.7261,47200,26326200,0,4100,259300,0,0,0,,,,none,blockchain-impersonation_wrong_key_0,0,False,238,17,
n10-identities_c1-conc_mech-blockchain-1backend_security-battery_r30_audit-off_20260820T020051Z,obs_66e84dbb19eb4c1ea2f14f516428adcf,2026-08-20T02:00:56.217155+00:00,blockchain,impersonation_wrong_key,9,1,UAV-VALID,INVALID_SIGNATURE,INVALID_SIGNATURE,True,23748400,23.7484,55300,23356900,0,4200,249800,0,0,0,,,,none,blockchain-impersonation_wrong_key_0,0,False,239,17,
n10-identities_c1-conc_mech-blockchain-1backend_security-battery_r30_audit-off_20260820T020051Z,obs_7a1ac7d7cfe64b72a6e7e834c8790235,2026-08-20T02:00:56.248285+00:00,blockchain,impersonation_wrong_key,10,1,UAV-VALID,INVALID_SIGNATURE,INVALID_SIGNATURE,True,28268300,28.2683,58100,27908100,0,3900,218600,0,0,0,,,,none,blockchain-impersonation_wrong_key_0,0,False,240,17,
n10-identities_c1-conc_mech-blockchain-1backend_security-battery_r30_audit-off_20260820T020051Z,obs_0a1077881db3426b85c73b3532806e71,2026-08-20T02:00:56.273423+00:00,blockchain,impersonation_wrong_key,11,1,UAV-VALID,INVALID_SIGNATURE,INVALID_SIGNATURE,True,22917100,22.9171,44600,22575700,0,3300,221400,0,0,0,,,,none,blockchain-impersonation_wrong_key_0,0,False,239,17,
n10-identities_c1-conc_mech-blockchain-1backend_security-battery_r30_audit-off_20260820T020051Z,obs_9f480a368bcf48b99e46ec1317205cf3,2026-08-20T02:00:56.308839+00:00,blockchain,impersonation_wrong_key,12,1,UAV-VALID,INVALID_SIGNATURE,INVALID_SIGNATURE,True,29347000,29.347,254500,28918800,0,3800,263600,0,0,0,,,,none,blockchain-impersonation_wrong_key_0,0,False,239,17,
n10-identities_c1-conc_mech-blockchain-1backend_security-battery_r30_audit-off_20260820T020051Z,obs_afd7e14ec31d4394bfabc6bc237c65e8,2026-08-20T02:00:56.341030+00:00,blockchain,impersonation_wrong_key,13,1,UAV-VALID,INVALID_SIGNATURE,INVALID_SIGNATURE,True,30062600,30.0626,85200,29621200,0,4800,282000,0,0,0,,,,none,blockchain-impersonation_wrong_key_0,0,False,239,17,
n10-identities_c1-conc_mech-blockchain-1backend_security-battery_r30_audit-off_20260820T020051Z,obs_5ad705f8acae489c92d5cdc1c29ee9aa,2026-08-20T02:00:56.417056+00:00,blockchain,impersonation_wrong_key,14,1,UAV-VALID,INVALID_SIGNATURE,INVALID_SIGNATURE,True,72857700,72.8577,63000,72437200,0,3400,257400,0,0,0,,,,none,blockchain-impersonation_wrong_key_0,0,False,238,17,
n10-identities_c1-conc_mech-blockchain-1backend_security-battery_r30_audit-off_20260820T020051Z,obs_f52e6f4275cc4d7480571940e4c340cf,2026-08-20T02:00:56.455050+00:00,blockchain,impersonation_wrong_key,15,1,UAV-VALID,INVALID_SIGNATURE,INVALID_SIGNATURE,True,32520000,32.52,68500,31987800,0,4800,279400,0,0,0,,,,none,blockchain-impersonation_wrong_key_0,0,False,239,17,
n10-identities_c1-conc_mech-blockchain-1backend_security-battery_r30_audit-off_20260820T020051Z,obs_ecfde251cd01483ba8d41d7e74c8918c,2026-08-20T02:00:56.501836+00:00,blockchain,impersonation_wrong_key,16,1,UAV-VALID,INVALID_SIGNATURE,INVALID_SIGNATURE,True,43017000,43.017,69700,42489100,0,4400,326900,0,0,0,,,,none,blockchain-impersonation_wrong_key_0,0,False,239,17,
n10-identities_c1-conc_mech-blockchain-1backend_security-battery_r30_audit-off_20260820T020051Z,obs_668b5c2d9b934b2d964c72ebbc3b2d1d,2026-08-20T02:00:56.564872+00:00,blockchain,impersonation_wrong_key,17,1,UAV-VALID,INVALID_SIGNATURE,INVALID_SIGNATURE,True,55077600,55.0776,57600,54430100,0,6700,302300,0,0,0,,,,none,blockchain-impersonation_wrong_key_0,0,False,239,17,
n10-identities_c1-conc_mech-blockchain-1backend_security-battery_r30_audit-off_20260820T020051Z,obs_b1950a8482be444d95638530c4f0a2a9,2026-08-20T02:00:56.619198+00:00,blockchain,impersonation_wrong_key,18,1,UAV-VALID,INVALID_SIGNATURE,INVALID_SIGNATURE,True,45038700,45.0387,58100,42825800,0,6200,284000,0,0,0,,,,none,blockchain-impersonation_wrong_key_0,0,False,239,17,
n10-identities_c1-conc_mech-blockchain-1backend_security-battery_r30_audit-off_20260820T020051Z,obs_b3a05dd0e25942399afab054f388a579,2026-08-20T02:00:56.682566+00:00,blockchain,impersonation_wrong_key,19,1,UAV-VALID,INVALID_SIGNATURE,INVALID_SIGNATURE,True,58372300,58.3723,59900,57931500,0,6400,267900,0,0,0,,,,none,blockchain-impersonation_wrong_key_0,0,False,239,17,
n10-identities_c1-conc_mech-blockchain-1backend_security-battery_r30_audit-off_20260820T020051Z,obs_1c107e80bab14148b37aa266d8aacd02,2026-08-20T02:00:56.727644+00:00,blockchain,impersonation_wrong_key,20,1,UAV-VALID,INVALID_SIGNATURE,INVALID_SIGNATURE,True,40261700,40.2617,55600,39792700,0,4100,292700,0,0,0,,,,none,blockchain-impersonation_wrong_key_0,0,False,240,17,
n10-identities_c1-conc_mech-blockchain-1backend_security-battery_r30_audit-off_20260820T020051Z,obs_b639ed430cbf43f8b3814c81ca53912e,2026-08-20T02:00:56.773600+00:00,blockchain,impersonation_wrong_key,21,1,UAV-VALID,INVALID_SIGNATURE,INVALID_SIGNATURE,True,42609800,42.6098,66200,42195000,0,4000,257100,0,0,0,,,,none,blockchain-impersonation_wrong_key_0,0,False,238,17,
n10-identities_c1-conc_mech-blockchain-1backend_security-battery_r30_audit-off_20260820T020051Z,obs_ad2528a8783e4052abc8c7e7dfbb2e80,2026-08-20T02:00:56.821972+00:00,blockchain,impersonation_wrong_key,22,1,UAV-VALID,INVALID_SIGNATURE,INVALID_SIGNATURE,True,42941100,42.9411,56400,42441700,0,3700,321900,0,0,0,,,,none,blockchain-impersonation_wrong_key_0,0,False,239,17,
n10-identities_c1-conc_mech-blockchain-1backend_security-battery_r30_audit-off_20260820T020051Z,obs_28287312badc4bcc936e7c4717fde8d8,2026-08-20T02:00:56.858699+00:00,blockchain,impersonation_wrong_key,23,1,UAV-VALID,INVALID_SIGNATURE,INVALID_SIGNATURE,True,32220200,32.2202,52700,31675800,0,5100,355500,0,0,0,,,,none,blockchain-impersonation_wrong_key_0,0,False,240,17,
n10-identities_c1-conc_mech-blockchain-1backend_security-battery_r30_audit-off_20260820T020051Z,obs_236a6d652c064726b18083242078fad3,2026-08-20T02:00:56.962305+00:00,blockchain,impersonation_wrong_key,24,1,UAV-VALID,INVALID_SIGNATURE,INVALID_SIGNATURE,True,98020300,98.0203,362300,97605100,0,4800,249600,0,0,0,,,,none,blockchain-impersonation_wrong_key_0,0,False,239,17,
n10-identities_c1-conc_mech-blockchain-1backend_security-battery_r30_audit-off_20260820T020051Z,obs_ee7eff4487664e07a0fa5c3f6840dcf7,2026-08-20T02:00:57.028294+00:00,blockchain,impersonation_wrong_key,25,1,UAV-VALID,INVALID_SIGNATURE,INVALID_SIGNATURE,True,62886200,62.8862,46900,62400000,0,5200,313400,0,0,0,,,,none,blockchain-impersonation_wrong_key_0,0,False,240,17,
n10-identities_c1-conc_mech-blockchain-1backend_security-battery_r30_audit-off_20260820T020051Z,obs_2b70ed0b6e6d42cd969fc18071a10086,2026-08-20T02:00:57.095882+00:00,blockchain,impersonation_wrong_key,26,1,UAV-VALID,INVALID_SIGNATURE,INVALID_SIGNATURE,True,51996100,51.9961,59400,51456200,0,4000,282300,0,0,0,,,,none,blockchain-impersonation_wrong_key_0,0,False,239,17,
n10-identities_c1-conc_mech-blockchain-1backend_security-battery_r30_audit-off_20260820T020051Z,obs_6c8e7a4599084caba382462285b65981,2026-08-20T02:00:57.243236+00:00,blockchain,impersonation_wrong_key,27,1,UAV-VALID,INVALID_SIGNATURE,INVALID_SIGNATURE,True,66641800,66.6418,65100,56568500,0,6500,9818000,0,0,0,,,,none,blockchain-impersonation_wrong_key_0,0,False,239,17,
n10-identities_c1-conc_mech-blockchain-1backend_security-battery_r30_audit-off_20260820T020051Z,obs_5fa17f87d84e41e7908f2ab0adedf824,2026-08-20T02:00:57.285022+00:00,blockchain,impersonation_wrong_key,28,1,UAV-VALID,INVALID_SIGNATURE,INVALID_SIGNATURE,True,38295200,38.2952,52200,37813000,0,16800,250600,0,0,0,,,,none,blockchain-impersonation_wrong_key_0,0,False,240,17,
n10-identities_c1-conc_mech-blockchain-1backend_security-battery_r30_audit-off_20260820T020051Z,obs_1f481a06c2824c2bbe53dcdddf13b54c,2026-08-20T02:00:57.330193+00:00,blockchain,impersonation_wrong_key,29,1,UAV-VALID,INVALID_SIGNATURE,INVALID_SIGNATURE,True,42444600,42.4446,59200,36123500,0,4800,6124800,0,0,0,,,,none,blockchain-impersonation_wrong_key_0,0,False,239,17,
n10-identities_c1-conc_mech-blockchain-1backend_security-battery_r30_audit-off_20260820T020051Z,obs_96798a839703404a889bfc0eeada27d1,2026-08-20T02:00:57.465175+00:00,blockchain,replay,0,1,UAV-VALID,REPLAY_DETECTED,REPLAY_DETECTED,True,41300,0.0413,50800,0,0,0,0,0,0,0,,,,none,blockchain-replay_0,0,True,240,15,setup-not-accepted
n10-identities_c1-conc_mech-blockchain-1backend_security-battery_r30_audit-off_20260820T020051Z,obs_4b2f7d9f8da74bd3aea053a5c751dfc2,2026-08-20T02:00:57.495337+00:00,blockchain,replay,1,1,UAV-VALID,REPLAY_DETECTED,REPLAY_DETECTED,True,41000,0.041,58200,0,0,0,0,0,0,0,,,,none,blockchain-replay_0,0,True,239,15,setup-not-accepted
n10-identities_c1-conc_mech-blockchain-1backend_security-battery_r30_audit-off_20260820T020051Z,obs_f510a2f997434610b2d6dd805da7d254,2026-08-20T02:00:57.524750+00:00,blockchain,replay,0,1,UAV-VALID,REPLAY_DETECTED,REPLAY_DETECTED,True,49500,0.0495,49500,0,0,0,0,0,0,0,,,,none,blockchain-replay_0,0,False,239,15,setup-not-accepted
n10-identities_c1-conc_mech-blockchain-1backend_security-battery_r30_audit-off_20260820T020051Z,obs_8dd821b9fe90441cab305148dff46630,2026-08-20T02:00:57.558150+00:00,blockchain,replay,1,1,UAV-VALID,REPLAY_DETECTED,REPLAY_DETECTED,True,44100,0.0441,49700,0,0,0,0,0,0,0,,,,none,blockchain-replay_0,0,False,238,15,setup-not-accepted
n10-identities_c1-conc_mech-blockchain-1backend_security-battery_r30_audit-off_20260820T020051Z,obs_6c035a8917204d8aba3c3bf2967d6b96,2026-08-20T02:00:57.594029+00:00,blockchain,replay,2,1,UAV-VALID,REPLAY_DETECTED,REPLAY_DETECTED,True,72300,0.0723,58800,0,0,0,0,0,0,0,,,,none,blockchain-replay_0,0,False,240,15,setup-not-accepted
n10-identities_c1-conc_mech-blockchain-1backend_security-battery_r30_audit-off_20260820T020051Z,obs_3a7f85dd2c86499cae4422e38faf9f70,2026-08-20T02:00:57.624039+00:00,blockchain,replay,3,1,UAV-VALID,REPLAY_DETECTED,REPLAY_DETECTED,True,44900,0.0449,49600,0,0,0,0,0,0,0,,,,none,blockchain-replay_0,0,False,240,15,setup-not-accepted
n10-identities_c1-conc_mech-blockchain-1backend_security-battery_r30_audit-off_20260820T020051Z,obs_524a15fb5d4140a08a2c9a72b36a8961,2026-08-20T02:00:57.649644+00:00,blockchain,replay,4,1,UAV-VALID,REPLAY_DETECTED,REPLAY_DETECTED,True,39700,0.0397,58400,0,0,0,0,0,0,0,,,,none,blockchain-replay_0,0,False,239,15,setup-not-accepted
n10-identities_c1-conc_mech-blockchain-1backend_security-battery_r30_audit-off_20260820T020051Z,obs_065a0f46d1164b359e92fe1cbad1dfbf,2026-08-20T02:00:57.679535+00:00,blockchain,replay,5,1,UAV-VALID,REPLAY_DETECTED,REPLAY_DETECTED,True,40800,0.0408,63400,0,0,0,0,0,0,0,,,,none,blockchain-replay_0,0,False,239,15,setup-not-accepted
n10-identities_c1-conc_mech-blockchain-1backend_security-battery_r30_audit-off_20260820T020051Z,obs_bbc42cbd0f5145ca9f250e1db8958f33,2026-08-20T02:00:57.708522+00:00,blockchain,replay,6,1,UAV-VALID,REPLAY_DETECTED,REPLAY_DETECTED,True,36700,0.0367,46000,0,0,0,0,0,0,0,,,,none,blockchain-replay_0,0,False,240,15,setup-not-accepted
n10-identities_c1-conc_mech-blockchain-1backend_security-battery_r30_audit-off_20260820T020051Z,obs_bd209c6104d14211853c1d1e1476fa1e,2026-08-20T02:00:57.738158+00:00,blockchain,replay,7,1,UAV-VALID,REPLAY_DETECTED,REPLAY_DETECTED,True,45300,0.0453,50200,0,0,0,0,0,0,0,,,,none,blockchain-replay_0,0,False,238,15,setup-not-accepted
n10-identities_c1-conc_mech-blockchain-1backend_security-battery_r30_audit-off_20260820T020051Z,obs_6ca42150bc3f4889bc99763c5755f0c7,2026-08-20T02:00:57.770075+00:00,blockchain,replay,8,1,UAV-VALID,REPLAY_DETECTED,REPLAY_DETECTED,True,54900,0.0549,55900,0,0,0,0,0,0,0,,,,none,blockchain-replay_0,0,False,240,15,setup-not-accepted
n10-identities_c1-conc_mech-blockchain-1backend_security-battery_r30_audit-off_20260820T020051Z,obs_e02b23386c4b47b3b495c7f8d04e04f5,2026-08-20T02:00:57.803388+00:00,blockchain,replay,9,1,UAV-VALID,REPLAY_DETECTED,REPLAY_DETECTED,True,45000,0.045,51300,0,0,0,0,0,0,0,,,,none,blockchain-replay_0,0,False,238,15,setup-not-accepted
n10-identities_c1-conc_mech-blockchain-1backend_security-battery_r30_audit-off_20260820T020051Z,obs_c2873a09eac3489c8e0c578d5577b96a,2026-08-20T02:00:57.836304+00:00,blockchain,replay,10,1,UAV-VALID,REPLAY_DETECTED,REPLAY_DETECTED,True,49100,0.0491,49700,0,0,0,0,0,0,0,,,,none,blockchain-replay_0,0,False,240,15,setup-not-accepted
n10-identities_c1-conc_mech-blockchain-1backend_security-battery_r30_audit-off_20260820T020051Z,obs_21de9d330d9243ab968664aedb58665a,2026-08-20T02:00:57.868661+00:00,blockchain,replay,11,1,UAV-VALID,REPLAY_DETECTED,REPLAY_DETECTED,True,43100,0.0431,57200,0,0,0,0,0,0,0,,,,none,blockchain-replay_0,0,False,238,15,setup-not-accepted
n10-identities_c1-conc_mech-blockchain-1backend_security-battery_r30_audit-off_20260820T020051Z,obs_18c4b282bb524649afd86b23bc04bec1,2026-08-20T02:00:57.897652+00:00,blockchain,replay,12,1,UAV-VALID,REPLAY_DETECTED,REPLAY_DETECTED,True,44000,0.044,45600,0,0,0,0,0,0,0,,,,none,blockchain-replay_0,0,False,239,15,setup-not-accepted
n10-identities_c1-conc_mech-blockchain-1backend_security-battery_r30_audit-off_20260820T020051Z,obs_81ef1249fbe34f8891bca59ff2e4cc96,2026-08-20T02:00:57.933694+00:00,blockchain,replay,13,1,UAV-VALID,REPLAY_DETECTED,REPLAY_DETECTED,True,31400,0.0314,71800,0,0,0,0,0,0,0,,,,none,blockchain-replay_0,0,False,239,15,setup-not-accepted
n10-identities_c1-conc_mech-blockchain-1backend_security-battery_r30_audit-off_20260820T020051Z,obs_3184fbe8cc404eb6ac1c03ae7488cb2b,2026-08-20T02:00:57.969127+00:00,blockchain,replay,14,1,UAV-VALID,REPLAY_DETECTED,REPLAY_DETECTED,True,53900,0.0539,65200,0,0,0,0,0,0,0,,,,none,blockchain-replay_0,0,False,239,15,setup-not-accepted
n10-identities_c1-conc_mech-blockchain-1backend_security-battery_r30_audit-off_20260820T020051Z,obs_44caf219c8db43a49e0ac1b3ec073aa8,2026-08-20T02:00:58.029592+00:00,blockchain,replay,15,1,UAV-VALID,REPLAY_DETECTED,REPLAY_DETECTED,True,40500,0.0405,53500,0,0,0,0,0,0,0,,,,none,blockchain-replay_0,0,False,239,15,setup-not-accepted
n10-identities_c1-conc_mech-blockchain-1backend_security-battery_r30_audit-off_20260820T020051Z,obs_b0b23ba5dc514fe5adf4df6c5a9f40f0,2026-08-20T02:00:58.076990+00:00,blockchain,replay,16,1,UAV-VALID,REPLAY_DETECTED,REPLAY_DETECTED,True,41700,0.0417,56900,0,0,0,0,0,0,0,,,,none,blockchain-replay_0,0,False,239,15,setup-not-accepted
n10-identities_c1-conc_mech-blockchain-1backend_security-battery_r30_audit-off_20260820T020051Z,obs_d618df4a33394f08a60a57a948754d78,2026-08-20T02:00:58.119603+00:00,blockchain,replay,17,1,UAV-VALID,REPLAY_DETECTED,REPLAY_DETECTED,True,56600,0.0566,68400,0,0,0,0,0,0,0,,,,none,blockchain-replay_0,0,False,238,15,setup-not-accepted
n10-identities_c1-conc_mech-blockchain-1backend_security-battery_r30_audit-off_20260820T020051Z,obs_6b0081bb077748fd96045bcbf36e5ada,2026-08-20T02:00:58.169544+00:00,blockchain,replay,18,1,UAV-VALID,REPLAY_DETECTED,REPLAY_DETECTED,True,45400,0.0454,760200,0,0,0,0,0,0,0,,,,none,blockchain-replay_0,0,False,239,15,setup-not-accepted
n10-identities_c1-conc_mech-blockchain-1backend_security-battery_r30_audit-off_20260820T020051Z,obs_13e75d4c85eb4fd28c24183a40f08ae6,2026-08-20T02:00:58.215778+00:00,blockchain,replay,19,1,UAV-VALID,REPLAY_DETECTED,REPLAY_DETECTED,True,46100,0.0461,64500,0,0,0,0,0,0,0,,,,none,blockchain-replay_0,0,False,239,15,setup-not-accepted
n10-identities_c1-conc_mech-blockchain-1backend_security-battery_r30_audit-off_20260820T020051Z,obs_ce3c475c9d594e928c3fa9dc34b84992,2026-08-20T02:00:58.264157+00:00,blockchain,replay,20,1,UAV-VALID,REPLAY_DETECTED,REPLAY_DETECTED,True,44400,0.0444,122100,0,0,0,0,0,0,0,,,,none,blockchain-replay_0,0,False,239,15,setup-not-accepted
n10-identities_c1-conc_mech-blockchain-1backend_security-battery_r30_audit-off_20260820T020051Z,obs_e385be7346404e91bacd3f87249e51bd,2026-08-20T02:00:58.306215+00:00,blockchain,replay,21,1,UAV-VALID,REPLAY_DETECTED,REPLAY_DETECTED,True,63800,0.0638,59800,0,0,0,0,0,0,0,,,,none,blockchain-replay_0,0,False,239,15,setup-not-accepted
n10-identities_c1-conc_mech-blockchain-1backend_security-battery_r30_audit-off_20260820T020051Z,obs_74be41dbd18345d9a484c18665a5dfe4,2026-08-20T02:00:58.394208+00:00,blockchain,replay,22,1,UAV-VALID,REPLAY_DETECTED,REPLAY_DETECTED,True,189000,0.189,63800,0,0,0,0,0,0,0,,,,none,blockchain-replay_0,0,False,239,15,setup-not-accepted
n10-identities_c1-conc_mech-blockchain-1backend_security-battery_r30_audit-off_20260820T020051Z,obs_54abce9898044a6db71d489dd6762801,2026-08-20T02:00:58.464897+00:00,blockchain,replay,23,1,UAV-VALID,REPLAY_DETECTED,REPLAY_DETECTED,True,43000,0.043,57400,0,0,0,0,0,0,0,,,,none,blockchain-replay_0,0,False,239,15,setup-not-accepted
n10-identities_c1-conc_mech-blockchain-1backend_security-battery_r30_audit-off_20260820T020051Z,obs_51bdcee9cb55424cbfb7fd9f0e875c71,2026-08-20T02:00:58.618947+00:00,blockchain,replay,24,1,UAV-VALID,REPLAY_DETECTED,REPLAY_DETECTED,True,48300,0.0483,53100,0,0,0,0,0,0,0,,,,none,blockchain-replay_0,0,False,240,15,setup-not-accepted
n10-identities_c1-conc_mech-blockchain-1backend_security-battery_r30_audit-off_20260820T020051Z,obs_696791da17e34fe1bc00f5beda8ead49,2026-08-20T02:00:58.666116+00:00,blockchain,replay,25,1,UAV-VALID,REPLAY_DETECTED,REPLAY_DETECTED,True,42300,0.0423,73400,0,0,0,0,0,0,0,,,,none,blockchain-replay_0,0,False,240,15,setup-not-accepted
n10-identities_c1-conc_mech-blockchain-1backend_security-battery_r30_audit-off_20260820T020051Z,obs_641f987a24c8445484e94877cd57774e,2026-08-20T02:00:58.709407+00:00,blockchain,replay,26,1,UAV-VALID,REPLAY_DETECTED,REPLAY_DETECTED,True,43200,0.0432,62200,0,0,0,0,0,0,0,,,,none,blockchain-replay_0,0,False,240,15,setup-not-accepted
n10-identities_c1-conc_mech-blockchain-1backend_security-battery_r30_audit-off_20260820T020051Z,obs_d0b789ab3f1149cb8b4d46d7919ccde8,2026-08-20T02:00:58.761666+00:00,blockchain,replay,27,1,UAV-VALID,REPLAY_DETECTED,REPLAY_DETECTED,True,42600,0.0426,52000,0,0,0,0,0,0,0,,,,none,blockchain-replay_0,0,False,239,15,setup-not-accepted
n10-identities_c1-conc_mech-blockchain-1backend_security-battery_r30_audit-off_20260820T020051Z,obs_85fc97b7546f47b88ba3a946d2235e1f,2026-08-20T02:00:58.819628+00:00,blockchain,replay,28,1,UAV-VALID,REPLAY_DETECTED,REPLAY_DETECTED,True,47300,0.0473,45800,0,0,0,0,0,0,0,,,,none,blockchain-replay_0,0,False,238,15,setup-not-accepted
n10-identities_c1-conc_mech-blockchain-1backend_security-battery_r30_audit-off_20260820T020051Z,obs_d0e0480da060467d976ff5862a0a6b18,2026-08-20T02:00:58.876113+00:00,blockchain,replay,29,1,UAV-VALID,REPLAY_DETECTED,REPLAY_DETECTED,True,47200,0.0472,46900,0,0,0,0,0,0,0,,,,none,blockchain-replay_0,0,False,240,15,setup-not-accepted
n10-identities_c1-conc_mech-blockchain-1backend_security-battery_r30_audit-off_20260820T020051Z,obs_63f4dcfad87f4e18975ef06c43ea592a,2026-08-20T02:00:58.915110+00:00,blockchain,modified_nonce,0,1,UAV-VALID,INVALID_SIGNATURE,INVALID_SIGNATURE,True,24400,0.0244,63100,0,0,0,0,0,0,0,,,,none,blockchain-modified_nonce_0,0,True,238,17,nonce mismatch
n10-identities_c1-conc_mech-blockchain-1backend_security-battery_r30_audit-off_20260820T020051Z,obs_b084757ff8184a22a0124b0edb63b3cc,2026-08-20T02:00:58.918006+00:00,blockchain,modified_nonce,1,1,UAV-VALID,INVALID_SIGNATURE,INVALID_SIGNATURE,True,19200,0.0192,53500,0,0,0,0,0,0,0,,,,none,blockchain-modified_nonce_0,0,True,240,17,nonce mismatch
n10-identities_c1-conc_mech-blockchain-1backend_security-battery_r30_audit-off_20260820T020051Z,obs_1f0e14606929482788006014792e8589,2026-08-20T02:00:58.920914+00:00,blockchain,modified_nonce,0,1,UAV-VALID,INVALID_SIGNATURE,INVALID_SIGNATURE,True,24800,0.0248,76300,0,0,0,0,0,0,0,,,,none,blockchain-modified_nonce_0,0,False,239,17,nonce mismatch
n10-identities_c1-conc_mech-blockchain-1backend_security-battery_r30_audit-off_20260820T020051Z,obs_3207d2255f144949b36ae0c6ce1fad76,2026-08-20T02:00:58.923304+00:00,blockchain,modified_nonce,1,1,UAV-VALID,INVALID_SIGNATURE,INVALID_SIGNATURE,True,24400,0.0244,55900,0,0,0,0,0,0,0,,,,none,blockchain-modified_nonce_0,0,False,240,17,nonce mismatch
n10-identities_c1-conc_mech-blockchain-1backend_security-battery_r30_audit-off_20260820T020051Z,obs_089e9bf8879d4bafb2c8d5f0f5c6f258,2026-08-20T02:00:58.925410+00:00,blockchain,modified_nonce,2,1,UAV-VALID,INVALID_SIGNATURE,INVALID_SIGNATURE,True,21400,0.0214,57500,0,0,0,0,0,0,0,,,,none,blockchain-modified_nonce_0,0,False,240,17,nonce mismatch
n10-identities_c1-conc_mech-blockchain-1backend_security-battery_r30_audit-off_20260820T020051Z,obs_407f301e5d50444391adb0f0a487a103,2026-08-20T02:00:58.928037+00:00,blockchain,modified_nonce,3,1,UAV-VALID,INVALID_SIGNATURE,INVALID_SIGNATURE,True,23300,0.0233,54200,0,0,0,0,0,0,0,,,,none,blockchain-modified_nonce_0,0,False,240,17,nonce mismatch
n10-identities_c1-conc_mech-blockchain-1backend_security-battery_r30_audit-off_20260820T020051Z,obs_9f37e26743cb493f95643940f9eccc29,2026-08-20T02:00:58.929616+00:00,blockchain,modified_nonce,4,1,UAV-VALID,INVALID_SIGNATURE,INVALID_SIGNATURE,True,19000,0.019,38200,0,0,0,0,0,0,0,,,,none,blockchain-modified_nonce_0,0,False,239,17,nonce mismatch
n10-identities_c1-conc_mech-blockchain-1backend_security-battery_r30_audit-off_20260820T020051Z,obs_13589e045c624eff88a4bb9d8836d1d0,2026-08-20T02:00:58.931696+00:00,blockchain,modified_nonce,5,1,UAV-VALID,INVALID_SIGNATURE,INVALID_SIGNATURE,True,37300,0.0373,82900,0,0,0,0,0,0,0,,,,none,blockchain-modified_nonce_0,0,False,239,17,nonce mismatch
n10-identities_c1-conc_mech-blockchain-1backend_security-battery_r30_audit-off_20260820T020051Z,obs_17e5e91b5fcf49498a9c8637d94d45ba,2026-08-20T02:00:58.934795+00:00,blockchain,modified_nonce,6,1,UAV-VALID,INVALID_SIGNATURE,INVALID_SIGNATURE,True,23800,0.0238,77000,0,0,0,0,0,0,0,,,,none,blockchain-modified_nonce_0,0,False,240,17,nonce mismatch
n10-identities_c1-conc_mech-blockchain-1backend_security-battery_r30_audit-off_20260820T020051Z,obs_f5d6e41d344244d298a8c439ccc24ea9,2026-08-20T02:00:58.937497+00:00,blockchain,modified_nonce,7,1,UAV-VALID,INVALID_SIGNATURE,INVALID_SIGNATURE,True,22600,0.0226,60900,0,0,0,0,0,0,0,,,,none,blockchain-modified_nonce_0,0,False,240,17,nonce mismatch
n10-identities_c1-conc_mech-blockchain-1backend_security-battery_r30_audit-off_20260820T020051Z,obs_eb3b6d5a3cfe43489d82de97c021cb8e,2026-08-20T02:00:58.940727+00:00,blockchain,modified_nonce,8,1,UAV-VALID,INVALID_SIGNATURE,INVALID_SIGNATURE,True,31100,0.0311,69400,0,0,0,0,0,0,0,,,,none,blockchain-modified_nonce_0,0,False,239,17,nonce mismatch
n10-identities_c1-conc_mech-blockchain-1backend_security-battery_r30_audit-off_20260820T020051Z,obs_fde5275a7de7465b9b1cdc6297dcef3a,2026-08-20T02:00:58.947261+00:00,blockchain,modified_nonce,9,1,UAV-VALID,INVALID_SIGNATURE,INVALID_SIGNATURE,True,19400,0.0194,68200,0,0,0,0,0,0,0,,,,none,blockchain-modified_nonce_0,0,False,239,17,nonce mismatch
n10-identities_c1-conc_mech-blockchain-1backend_security-battery_r30_audit-off_20260820T020051Z,obs_c7618524ead4476d94c37a40d1638912,2026-08-20T02:00:58.949578+00:00,blockchain,modified_nonce,10,1,UAV-VALID,INVALID_SIGNATURE,INVALID_SIGNATURE,True,15700,0.0157,56500,0,0,0,0,0,0,0,,,,none,blockchain-modified_nonce_0,0,False,238,17,nonce mismatch
n10-identities_c1-conc_mech-blockchain-1backend_security-battery_r30_audit-off_20260820T020051Z,obs_c19a5eb1fde848a181338d4527a23b3b,2026-08-20T02:00:58.953396+00:00,blockchain,modified_nonce,11,1,UAV-VALID,INVALID_SIGNATURE,INVALID_SIGNATURE,True,34600,0.0346,54100,0,0,0,0,0,0,0,,,,none,blockchain-modified_nonce_0,0,False,239,17,nonce mismatch
n10-identities_c1-conc_mech-blockchain-1backend_security-battery_r30_audit-off_20260820T020051Z,obs_104543429dd94aa5bb8c624554a28b49,2026-08-20T02:00:58.955797+00:00,blockchain,modified_nonce,12,1,UAV-VALID,INVALID_SIGNATURE,INVALID_SIGNATURE,True,22100,0.0221,54400,0,0,0,0,0,0,0,,,,none,blockchain-modified_nonce_0,0,False,238,17,nonce mismatch
n10-identities_c1-conc_mech-blockchain-1backend_security-battery_r30_audit-off_20260820T020051Z,obs_9ba6ed60c95d4239b337d894df7cf740,2026-08-20T02:00:58.957835+00:00,blockchain,modified_nonce,13,1,UAV-VALID,INVALID_SIGNATURE,INVALID_SIGNATURE,True,25400,0.0254,57400,0,0,0,0,0,0,0,,,,none,blockchain-modified_nonce_0,0,False,239,17,nonce mismatch
n10-identities_c1-conc_mech-blockchain-1backend_security-battery_r30_audit-off_20260820T020051Z,obs_71326fdf8bf54bc18130d11421a67c23,2026-08-20T02:00:58.960798+00:00,blockchain,modified_nonce,14,1,UAV-VALID,INVALID_SIGNATURE,INVALID_SIGNATURE,True,24800,0.0248,90600,0,0,0,0,0,0,0,,,,none,blockchain-modified_nonce_0,0,False,240,17,nonce mismatch
n10-identities_c1-conc_mech-blockchain-1backend_security-battery_r30_audit-off_20260820T020051Z,obs_26dbda1f1d7648dcbae848b21df39b0b,2026-08-20T02:00:58.963069+00:00,blockchain,modified_nonce,15,1,UAV-VALID,INVALID_SIGNATURE,INVALID_SIGNATURE,True,22600,0.0226,50700,0,0,0,0,0,0,0,,,,none,blockchain-modified_nonce_0,0,False,240,17,nonce mismatch
n10-identities_c1-conc_mech-blockchain-1backend_security-battery_r30_audit-off_20260820T020051Z,obs_88d306364bdc47b7a025f9e40c4917ca,2026-08-20T02:00:58.965211+00:00,blockchain,modified_nonce,16,1,UAV-VALID,INVALID_SIGNATURE,INVALID_SIGNATURE,True,22600,0.0226,129600,0,0,0,0,0,0,0,,,,none,blockchain-modified_nonce_0,0,False,239,17,nonce mismatch
n10-identities_c1-conc_mech-blockchain-1backend_security-battery_r30_audit-off_20260820T020051Z,obs_d4f86058af144971a4087a6a81bddbcd,2026-08-20T02:00:58.968633+00:00,blockchain,modified_nonce,17,1,UAV-VALID,INVALID_SIGNATURE,INVALID_SIGNATURE,True,22700,0.0227,71000,0,0,0,0,0,0,0,,,,none,blockchain-modified_nonce_0,0,False,239,17,nonce mismatch
n10-identities_c1-conc_mech-blockchain-1backend_security-battery_r30_audit-off_20260820T020051Z,obs_5406942e11b14e75a2338d2aee588d7a,2026-08-20T02:00:58.970767+00:00,blockchain,modified_nonce,18,1,UAV-VALID,INVALID_SIGNATURE,INVALID_SIGNATURE,True,21300,0.0213,52200,0,0,0,0,0,0,0,,,,none,blockchain-modified_nonce_0,0,False,239,17,nonce mismatch
n10-identities_c1-conc_mech-blockchain-1backend_security-battery_r30_audit-off_20260820T020051Z,obs_0afa491589b44f16915bdb5f09cc81f1,2026-08-20T02:00:58.973080+00:00,blockchain,modified_nonce,19,1,UAV-VALID,INVALID_SIGNATURE,INVALID_SIGNATURE,True,22700,0.0227,64300,0,0,0,0,0,0,0,,,,none,blockchain-modified_nonce_0,0,False,238,17,nonce mismatch
n10-identities_c1-conc_mech-blockchain-1backend_security-battery_r30_audit-off_20260820T020051Z,obs_8e29023dd3af4f93b154a707ce1f2f72,2026-08-20T02:00:58.977295+00:00,blockchain,modified_nonce,20,1,UAV-VALID,INVALID_SIGNATURE,INVALID_SIGNATURE,True,24300,0.0243,47200,0,0,0,0,0,0,0,,,,none,blockchain-modified_nonce_0,0,False,240,17,nonce mismatch
n10-identities_c1-conc_mech-blockchain-1backend_security-battery_r30_audit-off_20260820T020051Z,obs_88f5017582bb40ef83527952bff5205b,2026-08-20T02:00:58.980954+00:00,blockchain,modified_nonce,21,1,UAV-VALID,INVALID_SIGNATURE,INVALID_SIGNATURE,True,37100,0.0371,61600,0,0,0,0,0,0,0,,,,none,blockchain-modified_nonce_0,0,False,238,17,nonce mismatch
n10-identities_c1-conc_mech-blockchain-1backend_security-battery_r30_audit-off_20260820T020051Z,obs_9459cc7bad90469d9053391ecc9a14f4,2026-08-20T02:00:58.983423+00:00,blockchain,modified_nonce,22,1,UAV-VALID,INVALID_SIGNATURE,INVALID_SIGNATURE,True,27800,0.0278,53500,0,0,0,0,0,0,0,,,,none,blockchain-modified_nonce_0,0,False,240,17,nonce mismatch
n10-identities_c1-conc_mech-blockchain-1backend_security-battery_r30_audit-off_20260820T020051Z,obs_da005ad9ad8249a6ab0b0a96abc1541a,2026-08-20T02:00:58.986820+00:00,blockchain,modified_nonce,23,1,UAV-VALID,INVALID_SIGNATURE,INVALID_SIGNATURE,True,84100,0.0841,51200,0,0,0,0,0,0,0,,,,none,blockchain-modified_nonce_0,0,False,238,17,nonce mismatch
n10-identities_c1-conc_mech-blockchain-1backend_security-battery_r30_audit-off_20260820T020051Z,obs_9d6928655e374a8eb86d67e60fbd38e7,2026-08-20T02:00:58.989625+00:00,blockchain,modified_nonce,24,1,UAV-VALID,INVALID_SIGNATURE,INVALID_SIGNATURE,True,28700,0.0287,69100,0,0,0,0,0,0,0,,,,none,blockchain-modified_nonce_0,0,False,238,17,nonce mismatch
n10-identities_c1-conc_mech-blockchain-1backend_security-battery_r30_audit-off_20260820T020051Z,obs_a0e416c654a2451598a434041abd2faa,2026-08-20T02:00:58.992008+00:00,blockchain,modified_nonce,25,1,UAV-VALID,INVALID_SIGNATURE,INVALID_SIGNATURE,True,22200,0.0222,51800,0,0,0,0,0,0,0,,,,none,blockchain-modified_nonce_0,0,False,238,17,nonce mismatch
n10-identities_c1-conc_mech-blockchain-1backend_security-battery_r30_audit-off_20260820T020051Z,obs_77e15ad4ecf446329ee06903226a8bd1,2026-08-20T02:00:58.994122+00:00,blockchain,modified_nonce,26,1,UAV-VALID,INVALID_SIGNATURE,INVALID_SIGNATURE,True,20500,0.0205,48600,0,0,0,0,0,0,0,,,,none,blockchain-modified_nonce_0,0,False,238,17,nonce mismatch
n10-identities_c1-conc_mech-blockchain-1backend_security-battery_r30_audit-off_20260820T020051Z,obs_6de3d89e59664af4b5fc744cbf8cac7c,2026-08-20T02:00:58.996100+00:00,blockchain,modified_nonce,27,1,UAV-VALID,INVALID_SIGNATURE,INVALID_SIGNATURE,True,23200,0.0232,49700,0,0,0,0,0,0,0,,,,none,blockchain-modified_nonce_0,0,False,239,17,nonce mismatch
n10-identities_c1-conc_mech-blockchain-1backend_security-battery_r30_audit-off_20260820T020051Z,obs_d7bd2f140d7f46d0b037697eb3288f90,2026-08-20T02:00:58.998379+00:00,blockchain,modified_nonce,28,1,UAV-VALID,INVALID_SIGNATURE,INVALID_SIGNATURE,True,23900,0.0239,131500,0,0,0,0,0,0,0,,,,none,blockchain-modified_nonce_0,0,False,239,17,nonce mismatch
n10-identities_c1-conc_mech-blockchain-1backend_security-battery_r30_audit-off_20260820T020051Z,obs_98eef377a3af4b0f93028fa960c42cc2,2026-08-20T02:00:59.001209+00:00,blockchain,modified_nonce,29,1,UAV-VALID,INVALID_SIGNATURE,INVALID_SIGNATURE,True,33000,0.033,65500,0,0,0,0,0,0,0,,,,none,blockchain-modified_nonce_0,0,False,239,17,nonce mismatch
n10-identities_c1-conc_mech-blockchain-1backend_security-battery_r30_audit-off_20260820T020051Z,obs_5ac0e7ac84c143f4b369dfebdb10a04b,2026-08-20T02:00:59.321840+00:00,blockchain,modified_uav_id,0,1,UAV-0005,INVALID_SIGNATURE,INVALID_SIGNATURE,True,48591800,48.5918,66800,48196600,0,4500,248600,0,0,0,,,,none,blockchain-modified_uav_id_0,0,True,238,17,
n10-identities_c1-conc_mech-blockchain-1backend_security-battery_r30_audit-off_20260820T020051Z,obs_9d71893e171a48bb88298b32ec33a09e,2026-08-20T02:00:59.352881+00:00,blockchain,modified_uav_id,1,1,UAV-0005,INVALID_SIGNATURE,INVALID_SIGNATURE,True,28134900,28.1349,90200,27704200,0,4000,274200,0,0,0,,,,none,blockchain-modified_uav_id_0,0,True,239,17,
n10-identities_c1-conc_mech-blockchain-1backend_security-battery_r30_audit-off_20260820T020051Z,obs_9b9d68d208fc406291900dd54d25cf31,2026-08-20T02:00:59.382594+00:00,blockchain,modified_uav_id,0,1,UAV-0005,INVALID_SIGNATURE,INVALID_SIGNATURE,True,25638400,25.6384,68100,25294200,0,2900,234200,0,0,0,,,,none,blockchain-modified_uav_id_0,0,False,237,17,
n10-identities_c1-conc_mech-blockchain-1backend_security-battery_r30_audit-off_20260820T020051Z,obs_f7f92d22a47a4a11a345c974d40c19e0,2026-08-20T02:00:59.431437+00:00,blockchain,modified_uav_id,1,1,UAV-0005,INVALID_SIGNATURE,INVALID_SIGNATURE,True,45657100,45.6571,83200,45207500,0,5400,280100,0,0,0,,,,none,blockchain-modified_uav_id_0,0,False,237,17,
n10-identities_c1-conc_mech-blockchain-1backend_security-battery_r30_audit-off_20260820T020051Z,obs_801a89533b1b463ca46a027510b38ea8,2026-08-20T02:00:59.475587+00:00,blockchain,modified_uav_id,2,1,UAV-0005,INVALID_SIGNATURE,INVALID_SIGNATURE,True,37926900,37.9269,63600,37370400,0,4000,390500,0,0,0,,,,none,blockchain-modified_uav_id_0,0,False,238,17,
n10-identities_c1-conc_mech-blockchain-1backend_security-battery_r30_audit-off_20260820T020051Z,obs_46f61dc99c9441fd83cedd33fe407e73,2026-08-20T02:00:59.510875+00:00,blockchain,modified_uav_id,3,1,UAV-0005,INVALID_SIGNATURE,INVALID_SIGNATURE,True,32500500,32.5005,53500,32070800,0,5000,274000,0,0,0,,,,none,blockchain-modified_uav_id_0,0,False,238,17,
n10-identities_c1-conc_mech-blockchain-1backend_security-battery_r30_audit-off_20260820T020051Z,obs_2bff7ccf22514f2aa013ca455358d5a7,2026-08-20T02:00:59.578384+00:00,blockchain,modified_uav_id,4,1,UAV-0005,INVALID_SIGNATURE,INVALID_SIGNATURE,True,49709100,49.7091,52500,49282000,0,3700,270100,0,0,0,,,,none,blockchain-modified_uav_id_0,0,False,238,17,
n10-identities_c1-conc_mech-blockchain-1backend_security-battery_r30_audit-off_20260820T020051Z,obs_f95195ba986f4230a1cda3e38c2e25f2,2026-08-20T02:00:59.611826+00:00,blockchain,modified_uav_id,5,1,UAV-0005,INVALID_SIGNATURE,INVALID_SIGNATURE,True,29107100,29.1071,182900,28641300,0,5000,279500,0,0,0,,,,none,blockchain-modified_uav_id_0,0,False,238,17,
n10-identities_c1-conc_mech-blockchain-1backend_security-battery_r30_audit-off_20260820T020051Z,obs_2069260dd264412682a5b88ab0e2115c,2026-08-20T02:00:59.676025+00:00,blockchain,modified_uav_id,6,1,UAV-0005,INVALID_SIGNATURE,INVALID_SIGNATURE,True,61327800,61.3278,76800,60876900,0,5000,272000,0,0,0,,,,none,blockchain-modified_uav_id_0,0,False,238,17,
n10-identities_c1-conc_mech-blockchain-1backend_security-battery_r30_audit-off_20260820T020051Z,obs_d4c208fa30274b3da660d6130650c20e,2026-08-20T02:00:59.734375+00:00,blockchain,modified_uav_id,7,1,UAV-0005,INVALID_SIGNATURE,INVALID_SIGNATURE,True,55296000,55.296,50800,54866500,0,4600,273000,0,0,0,,,,none,blockchain-modified_uav_id_0,0,False,238,17,
n10-identities_c1-conc_mech-blockchain-1backend_security-battery_r30_audit-off_20260820T020051Z,obs_753c9f7a398849d1a572abd8d870ba93,2026-08-20T02:00:59.776053+00:00,blockchain,modified_uav_id,8,1,UAV-0005,INVALID_SIGNATURE,INVALID_SIGNATURE,True,35510100,35.5101,52600,35031600,0,5300,308100,0,0,0,,,,none,blockchain-modified_uav_id_0,0,False,239,17,
n10-identities_c1-conc_mech-blockchain-1backend_security-battery_r30_audit-off_20260820T020051Z,obs_96842e836450449bbcc118f7e742198d,2026-08-20T02:00:59.815355+00:00,blockchain,modified_uav_id,9,1,UAV-0005,INVALID_SIGNATURE,INVALID_SIGNATURE,True,31655400,31.6554,50700,31369300,0,2800,174400,0,0,0,,,,none,blockchain-modified_uav_id_0,0,False,238,17,
n10-identities_c1-conc_mech-blockchain-1backend_security-battery_r30_audit-off_20260820T020051Z,obs_1fa7a64207ab4c84bc6b7be7d6439bfb,2026-08-20T02:00:59.847889+00:00,blockchain,modified_uav_id,10,1,UAV-0005,INVALID_SIGNATURE,INVALID_SIGNATURE,True,29567000,29.567,47500,29179500,0,3500,255500,0,0,0,,,,none,blockchain-modified_uav_id_0,0,False,239,17,
n10-identities_c1-conc_mech-blockchain-1backend_security-battery_r30_audit-off_20260820T020051Z,obs_f3dadba4b10d4566ac3553dd49493920,2026-08-20T02:00:59.882209+00:00,blockchain,modified_uav_id,11,1,UAV-0005,INVALID_SIGNATURE,INVALID_SIGNATURE,True,30862400,30.8624,53400,30477600,0,3300,239900,0,0,0,,,,none,blockchain-modified_uav_id_0,0,False,238,17,
n10-identities_c1-conc_mech-blockchain-1backend_security-battery_r30_audit-off_20260820T020051Z,obs_f53b5a8d31bd4428bb8b36d052b3d482,2026-08-20T02:00:59.935722+00:00,blockchain,modified_uav_id,12,1,UAV-0005,INVALID_SIGNATURE,INVALID_SIGNATURE,True,46059400,46.0594,58400,45656200,0,3800,261200,0,0,0,,,,none,blockchain-modified_uav_id_0,0,False,238,17,
n10-identities_c1-conc_mech-blockchain-1backend_security-battery_r30_audit-off_20260820T020051Z,obs_ef48d2926ed048608b6535d1dde84505,2026-08-20T02:00:59.972007+00:00,blockchain,modified_uav_id,13,1,UAV-0005,INVALID_SIGNATURE,INVALID_SIGNATURE,True,31098000,31.098,45900,30600600,0,5300,276200,0,0,0,,,,none,blockchain-modified_uav_id_0,0,False,237,17,
n10-identities_c1-conc_mech-blockchain-1backend_security-battery_r30_audit-off_20260820T020051Z,obs_81f0906ba56a4662be9fd4b0b8e151c4,2026-08-20T02:01:00.042478+00:00,blockchain,modified_uav_id,14,1,UAV-0005,INVALID_SIGNATURE,INVALID_SIGNATURE,True,66730900,66.7309,82400,57256500,0,4700,9280200,0,0,0,,,,none,blockchain-modified_uav_id_0,0,False,237,17,
n10-identities_c1-conc_mech-blockchain-1backend_security-battery_r30_audit-off_20260820T020051Z,obs_f05041580a474794869f3b1433e441c4,2026-08-20T02:01:00.137497+00:00,blockchain,modified_uav_id,15,1,UAV-0005,INVALID_SIGNATURE,INVALID_SIGNATURE,True,92134600,92.1346,56200,91722900,0,4500,262900,0,0,0,,,,none,blockchain-modified_uav_id_0,0,False,239,17,
n10-identities_c1-conc_mech-blockchain-1backend_security-battery_r30_audit-off_20260820T020051Z,obs_1f1419f0e99d4305b256f959422c25b6,2026-08-20T02:01:00.265737+00:00,blockchain,modified_uav_id,16,1,UAV-0005,INVALID_SIGNATURE,INVALID_SIGNATURE,True,113492400,113.4924,56100,113087500,0,4000,254000,0,0,0,,,,none,blockchain-modified_uav_id_0,0,False,237,17,
n10-identities_c1-conc_mech-blockchain-1backend_security-battery_r30_audit-off_20260820T020051Z,obs_e5b81c4b95b842c38df33feb56fdf793,2026-08-20T02:01:00.313941+00:00,blockchain,modified_uav_id,17,1,UAV-0005,INVALID_SIGNATURE,INVALID_SIGNATURE,True,39284400,39.2844,62800,38853200,0,4700,271900,0,0,0,,,,none,blockchain-modified_uav_id_0,0,False,238,17,
n10-identities_c1-conc_mech-blockchain-1backend_security-battery_r30_audit-off_20260820T020051Z,obs_eb6550817c9e4d7a8d67ca041f781349,2026-08-20T02:01:00.377402+00:00,blockchain,modified_uav_id,18,1,UAV-0005,INVALID_SIGNATURE,INVALID_SIGNATURE,True,51410000,51.41,75900,50481200,0,8300,379800,0,0,0,,,,none,blockchain-modified_uav_id_0,0,False,239,17,
n10-identities_c1-conc_mech-blockchain-1backend_security-battery_r30_audit-off_20260820T020051Z,obs_6411db67e11a437096547ed34f02b3b4,2026-08-20T02:01:00.479077+00:00,blockchain,modified_uav_id,19,1,UAV-0005,INVALID_SIGNATURE,INVALID_SIGNATURE,True,61728400,61.7284,66000,61246300,0,3900,272100,0,0,0,,,,none,blockchain-modified_uav_id_0,0,False,238,17,
n10-identities_c1-conc_mech-blockchain-1backend_security-battery_r30_audit-off_20260820T020051Z,obs_8cb4dcb6dc5c4e46a51c320de34b3240,2026-08-20T02:01:00.525222+00:00,blockchain,modified_uav_id,20,1,UAV-0005,INVALID_SIGNATURE,INVALID_SIGNATURE,True,42858200,42.8582,73900,42447100,0,3800,254800,0,0,0,,,,none,blockchain-modified_uav_id_0,0,False,239,17,
n10-identities_c1-conc_mech-blockchain-1backend_security-battery_r30_audit-off_20260820T020051Z,obs_10823870d86e4b8580ba617f384fcf75,2026-08-20T02:01:00.582046+00:00,blockchain,modified_uav_id,21,1,UAV-0005,INVALID_SIGNATURE,INVALID_SIGNATURE,True,52078500,52.0785,58100,51595300,0,4400,311700,0,0,0,,,,none,blockchain-modified_uav_id_0,0,False,237,17,
n10-identities_c1-conc_mech-blockchain-1backend_security-battery_r30_audit-off_20260820T020051Z,obs_460d72fceadc47eb8e6180f769e7c793,2026-08-20T02:01:00.645319+00:00,blockchain,modified_uav_id,22,1,UAV-0005,INVALID_SIGNATURE,INVALID_SIGNATURE,True,56859200,56.8592,63800,56392400,0,3800,284300,0,0,0,,,,none,blockchain-modified_uav_id_0,0,False,238,17,
n10-identities_c1-conc_mech-blockchain-1backend_security-battery_r30_audit-off_20260820T020051Z,obs_49c1060c54134dfb913dd7783c8c00b5,2026-08-20T02:01:00.696530+00:00,blockchain,modified_uav_id,23,1,UAV-0005,INVALID_SIGNATURE,INVALID_SIGNATURE,True,48221000,48.221,49500,47757800,0,4400,289400,0,0,0,,,,none,blockchain-modified_uav_id_0,0,False,238,17,
n10-identities_c1-conc_mech-blockchain-1backend_security-battery_r30_audit-off_20260820T020051Z,obs_512541ea568c4e5d824061d7a7a6e28c,2026-08-20T02:01:00.812256+00:00,blockchain,modified_uav_id,24,1,UAV-0005,INVALID_SIGNATURE,INVALID_SIGNATURE,True,105059700,105.0597,99900,104672300,0,3500,247000,0,0,0,,,,none,blockchain-modified_uav_id_0,0,False,239,17,
n10-identities_c1-conc_mech-blockchain-1backend_security-battery_r30_audit-off_20260820T020051Z,obs_284146d726ab408a9d21252fdedc4eb0,2026-08-20T02:01:00.883833+00:00,blockchain,modified_uav_id,25,1,UAV-0005,INVALID_SIGNATURE,INVALID_SIGNATURE,True,62111600,62.1116,52200,61116100,0,48200,314400,0,0,0,,,,none,blockchain-modified_uav_id_0,0,False,239,17,
n10-identities_c1-conc_mech-blockchain-1backend_security-battery_r30_audit-off_20260820T020051Z,obs_122117c1ba2d4aeead4f449ac9de6931,2026-08-20T02:01:00.919313+00:00,blockchain,modified_uav_id,26,1,UAV-0005,INVALID_SIGNATURE,INVALID_SIGNATURE,True,32159000,32.159,59900,31432600,0,3500,512600,0,0,0,,,,none,blockchain-modified_uav_id_0,0,False,237,17,
n10-identities_c1-conc_mech-blockchain-1backend_security-battery_r30_audit-off_20260820T020051Z,obs_f8d00d37dd814c2da02663aa3e2938e5,2026-08-20T02:01:00.955543+00:00,blockchain,modified_uav_id,27,1,UAV-0005,INVALID_SIGNATURE,INVALID_SIGNATURE,True,32693600,32.6936,58000,32235600,0,4800,290400,0,0,0,,,,none,blockchain-modified_uav_id_0,0,False,238,17,
n10-identities_c1-conc_mech-blockchain-1backend_security-battery_r30_audit-off_20260820T020051Z,obs_c54caa8e0f5c420c8e9fdd0729094306,2026-08-20T02:01:00.989728+00:00,blockchain,modified_uav_id,28,1,UAV-0005,INVALID_SIGNATURE,INVALID_SIGNATURE,True,31061700,31.0617,63800,30632300,0,33000,248700,0,0,0,,,,none,blockchain-modified_uav_id_0,0,False,237,17,
n10-identities_c1-conc_mech-blockchain-1backend_security-battery_r30_audit-off_20260820T020051Z,obs_c9c975057c4b4a179f83ee874c92f3a7,2026-08-20T02:01:01.023073+00:00,blockchain,modified_uav_id,29,1,UAV-0005,INVALID_SIGNATURE,INVALID_SIGNATURE,True,30711300,30.7113,50000,30226200,0,5200,304600,0,0,0,,,,none,blockchain-modified_uav_id_0,0,False,238,17,
n10-identities_c1-conc_mech-blockchain-1backend_security-battery_r30_audit-off_20260820T020051Z,obs_b2c812472996476da1e097d808e8e4bc,2026-08-20T02:01:01.086858+00:00,blockchain,modified_operation,0,1,UAV-VALID,INVALID_SIGNATURE,INVALID_SIGNATURE,True,31173800,31.1738,54100,30748600,0,4400,281600,0,0,0,,,,none,blockchain-modified_operation_0,0,True,241,17,
n10-identities_c1-conc_mech-blockchain-1backend_security-battery_r30_audit-off_20260820T020051Z,obs_e3824bd970584b67abcbd8e9afff6561,2026-08-20T02:01:01.118302+00:00,blockchain,modified_operation,1,1,UAV-VALID,INVALID_SIGNATURE,INVALID_SIGNATURE,True,28952300,28.9523,56500,28495200,0,4600,294300,0,0,0,,,,none,blockchain-modified_operation_0,0,True,241,17,
n10-identities_c1-conc_mech-blockchain-1backend_security-battery_r30_audit-off_20260820T020051Z,obs_8b8b7ff4428d4176b93dbfdd069e319d,2026-08-20T02:01:01.149071+00:00,blockchain,modified_operation,0,1,UAV-VALID,INVALID_SIGNATURE,INVALID_SIGNATURE,True,24542000,24.542,63000,24158000,0,4700,247400,0,0,0,,,,none,blockchain-modified_operation_0,0,False,240,17,
n10-identities_c1-conc_mech-blockchain-1backend_security-battery_r30_audit-off_20260820T020051Z,obs_0b9cbfc8fc2648ab90df2e1b497cc24d,2026-08-20T02:01:01.196482+00:00,blockchain,modified_operation,1,1,UAV-VALID,INVALID_SIGNATURE,INVALID_SIGNATURE,True,37972800,37.9728,67900,37177800,0,3700,622000,0,0,0,,,,none,blockchain-modified_operation_0,0,False,240,17,
n10-identities_c1-conc_mech-blockchain-1backend_security-battery_r30_audit-off_20260820T020051Z,obs_e5e57d37af484ee4adec6b57ad6d3155,2026-08-20T02:01:01.245398+00:00,blockchain,modified_operation,2,1,UAV-VALID,INVALID_SIGNATURE,INVALID_SIGNATURE,True,38235500,38.2355,136500,37852800,0,3900,238300,0,0,0,,,,none,blockchain-modified_operation_0,0,False,241,17,
n10-identities_c1-conc_mech-blockchain-1backend_security-battery_r30_audit-off_20260820T020051Z,obs_b12fe6a50ceb42e584342ae4d35c42ab,2026-08-20T02:01:01.281624+00:00,blockchain,modified_operation,3,1,UAV-VALID,INVALID_SIGNATURE,INVALID_SIGNATURE,True,33869300,33.8693,49100,33396000,0,4900,320400,0,0,0,,,,none,blockchain-modified_operation_0,0,False,240,17,
n10-identities_c1-conc_mech-blockchain-1backend_security-battery_r30_audit-off_20260820T020051Z,obs_b810bd6779534567bef5bef525bfd436,2026-08-20T02:01:01.356995+00:00,blockchain,modified_operation,4,1,UAV-VALID,INVALID_SIGNATURE,INVALID_SIGNATURE,True,69881700,69.8817,111800,69403200,0,5100,279800,0,0,0,,,,none,blockchain-modified_operation_0,0,False,239,17,
n10-identities_c1-conc_mech-blockchain-1backend_security-battery_r30_audit-off_20260820T020051Z,obs_7fe2c9e2f5a3498cb12b96abdb895371,2026-08-20T02:01:01.389839+00:00,blockchain,modified_operation,5,1,UAV-VALID,INVALID_SIGNATURE,INVALID_SIGNATURE,True,30411000,30.411,61300,30012900,0,3800,263800,0,0,0,,,,none,blockchain-modified_operation_0,0,False,239,17,
n10-identities_c1-conc_mech-blockchain-1backend_security-battery_r30_audit-off_20260820T020051Z,obs_2dd00a927ac849a1af02876fee81d580,2026-08-20T02:01:01.426250+00:00,blockchain,modified_operation,6,1,UAV-VALID,INVALID_SIGNATURE,INVALID_SIGNATURE,True,33354700,33.3547,53500,32929400,0,4400,253800,0,0,0,,,,none,blockchain-modified_operation_0,0,False,239,17,
n10-identities_c1-conc_mech-blockchain-1backend_security-battery_r30_audit-off_20260820T020051Z,obs_142d6c52af2d4e9db7e106bb1fc1604d,2026-08-20T02:01:01.478291+00:00,blockchain,modified_operation,7,1,UAV-VALID,INVALID_SIGNATURE,INVALID_SIGNATURE,True,43559000,43.559,92600,42719400,0,5300,643400,0,0,0,,,,none,blockchain-modified_operation_0,0,False,241,17,
n10-identities_c1-conc_mech-blockchain-1backend_security-battery_r30_audit-off_20260820T020051Z,obs_1292f75742d4426dbcc5cc5cd0abe96d,2026-08-20T02:01:01.526646+00:00,blockchain,modified_operation,8,1,UAV-VALID,INVALID_SIGNATURE,INVALID_SIGNATURE,True,44150100,44.1501,70800,43703500,0,3900,279300,0,0,0,,,,none,blockchain-modified_operation_0,0,False,239,17,
n10-identities_c1-conc_mech-blockchain-1backend_security-battery_r30_audit-off_20260820T020051Z,obs_4ca105d129ab421e88aa5cd9d3ef8f55,2026-08-20T02:01:01.590886+00:00,blockchain,modified_operation,9,1,UAV-VALID,INVALID_SIGNATURE,INVALID_SIGNATURE,True,61358500,61.3585,194500,60909600,0,4100,299400,0,0,0,,,,none,blockchain-modified_operation_0,0,False,240,17,
n10-identities_c1-conc_mech-blockchain-1backend_security-battery_r30_audit-off_20260820T020051Z,obs_8870f4654e7749529c2fa7dd43449f1e,2026-08-20T02:01:01.627079+00:00,blockchain,modified_operation,10,1,UAV-VALID,INVALID_SIGNATURE,INVALID_SIGNATURE,True,33247000,33.247,59400,32757000,0,4500,331500,0,0,0,,,,none,blockchain-modified_operation_0,0,False,240,17,
n10-identities_c1-conc_mech-blockchain-1backend_security-battery_r30_audit-off_20260820T020051Z,obs_012c244e40494ed59b2fb0bc4c2d9dd1,2026-08-20T02:01:01.671754+00:00,blockchain,modified_operation,11,1,UAV-VALID,INVALID_SIGNATURE,INVALID_SIGNATURE,True,39701100,39.7011,147300,39284800,0,3900,264800,0,0,0,,,,none,blockchain-modified_operation_0,0,False,240,17,
n10-identities_c1-conc_mech-blockchain-1backend_security-battery_r30_audit-off_20260820T020051Z,obs_76e6769e0f044bf2beb884ea524d27dc,2026-08-20T02:01:01.708327+00:00,blockchain,modified_operation,12,1,UAV-VALID,INVALID_SIGNATURE,INVALID_SIGNATURE,True,31489500,31.4895,67200,31110500,0,4600,244500,0,0,0,,,,none,blockchain-modified_operation_0,0,False,240,17,
n10-identities_c1-conc_mech-blockchain-1backend_security-battery_r30_audit-off_20260820T020051Z,obs_b40882ea40fe45a09ced55c671170aff,2026-08-20T02:01:01.745246+00:00,blockchain,modified_operation,13,1,UAV-VALID,INVALID_SIGNATURE,INVALID_SIGNATURE,True,34542800,34.5428,59000,34138800,0,3400,258300,0,0,0,,,,none,blockchain-modified_operation_0,0,False,239,17,
n10-identities_c1-conc_mech-blockchain-1backend_security-battery_r30_audit-off_20260820T020051Z,obs_0b593644426a4494b442c3698015847d,2026-08-20T02:01:01.804856+00:00,blockchain,modified_operation,14,1,UAV-VALID,INVALID_SIGNATURE,INVALID_SIGNATURE,True,55867800,55.8678,57700,55364900,0,4000,326100,0,0,0,,,,none,blockchain-modified_operation_0,0,False,241,17,
n10-identities_c1-conc_mech-blockchain-1backend_security-battery_r30_audit-off_20260820T020051Z,obs_77da6b66e8454830866324c378c7734f,2026-08-20T02:01:01.899679+00:00,blockchain,modified_operation,15,1,UAV-VALID,INVALID_SIGNATURE,INVALID_SIGNATURE,True,91583600,91.5836,69400,90795400,0,6900,585900,0,0,0,,,,none,blockchain-modified_operation_0,0,False,239,17,
n10-identities_c1-conc_mech-blockchain-1backend_security-battery_r30_audit-off_20260820T020051Z,obs_2c2c0995c6504194a651947c8d9dfd31,2026-08-20T02:01:02.032535+00:00,blockchain,modified_operation,16,1,UAV-VALID,INVALID_SIGNATURE,INVALID_SIGNATURE,True,58420500,58.4205,57200,58001400,0,4000,274100,0,0,0,,,,none,blockchain-modified_operation_0,0,False,241,17,
n10-identities_c1-conc_mech-blockchain-1backend_security-battery_r30_audit-off_20260820T020051Z,obs_8e67c43b9d9c44a6a0b0f7b92babcfe1,2026-08-20T02:01:02.109694+00:00,blockchain,modified_operation,17,1,UAV-VALID,INVALID_SIGNATURE,INVALID_SIGNATURE,True,74379800,74.3798,50900,73542800,0,5300,599600,0,0,0,,,,none,blockchain-modified_operation_0,0,False,240,17,
n10-identities_c1-conc_mech-blockchain-1backend_security-battery_r30_audit-off_20260820T020051Z,obs_2faf0eef93794f81b779019f0e62f130,2026-08-20T02:01:02.344272+00:00,blockchain,modified_operation,18,1,UAV-VALID,INVALID_SIGNATURE,INVALID_SIGNATURE,True,170360400,170.3604,2446700,169828500,0,5400,319600,0,0,0,,,,none,blockchain-modified_operation_0,0,False,241,17,
n10-identities_c1-conc_mech-blockchain-1backend_security-battery_r30_audit-off_20260820T020051Z,obs_adce5d6fe8774b47bf5001ee4f7110cc,2026-08-20T02:01:02.468857+00:00,blockchain,modified_operation,19,1,UAV-VALID,INVALID_SIGNATURE,INVALID_SIGNATURE,True,120935900,120.9359,71400,120338400,0,9000,370600,0,0,0,,,,none,blockchain-modified_operation_0,0,False,240,17,
n10-identities_c1-conc_mech-blockchain-1backend_security-battery_r30_audit-off_20260820T020051Z,obs_75b5267914de46b9b29db03a6dc361d3,2026-08-20T02:01:02.577956+00:00,blockchain,modified_operation,20,1,UAV-VALID,INVALID_SIGNATURE,INVALID_SIGNATURE,True,82410700,82.4107,163300,81281500,0,4200,266500,0,0,0,,,,none,blockchain-modified_operation_0,0,False,241,17,
n10-identities_c1-conc_mech-blockchain-1backend_security-battery_r30_audit-off_20260820T020051Z,obs_599f49a1c42445ebba6a9a0581124cea,2026-08-20T02:01:02.674506+00:00,blockchain,modified_operation,21,1,UAV-VALID,INVALID_SIGNATURE,INVALID_SIGNATURE,True,80753800,80.7538,51300,80347500,0,4000,260100,0,0,0,,,,none,blockchain-modified_operation_0,0,False,241,17,
n10-identities_c1-conc_mech-blockchain-1backend_security-battery_r30_audit-off_20260820T020051Z,obs_2df7c9d0d47644f98032f6af3a2c21db,2026-08-20T02:01:02.743867+00:00,blockchain,modified_operation,22,1,UAV-VALID,INVALID_SIGNATURE,INVALID_SIGNATURE,True,56680700,56.6807,65000,56311300,0,6000,227300,0,0,0,,,,none,blockchain-modified_operation_0,0,False,240,17,
n10-identities_c1-conc_mech-blockchain-1backend_security-battery_r30_audit-off_20260820T020051Z,obs_3725541746b2433484eff67da02e4b4a,2026-08-20T02:01:02.800163+00:00,blockchain,modified_operation,23,1,UAV-VALID,INVALID_SIGNATURE,INVALID_SIGNATURE,True,52466200,52.4662,132400,52067700,0,3700,252800,0,0,0,,,,none,blockchain-modified_operation_0,0,False,240,17,
n10-identities_c1-conc_mech-blockchain-1backend_security-battery_r30_audit-off_20260820T020051Z,obs_3b11b110a4ca400fbe6dbd89ea91f4de,2026-08-20T02:01:02.868187+00:00,blockchain,modified_operation,24,1,UAV-VALID,INVALID_SIGNATURE,INVALID_SIGNATURE,True,58499100,58.4991,53900,57918200,0,4600,355700,0,0,0,,,,none,blockchain-modified_operation_0,0,False,240,17,
n10-identities_c1-conc_mech-blockchain-1backend_security-battery_r30_audit-off_20260820T020051Z,obs_1df6553cd6e94fc78c787a5daa435b2c,2026-08-20T02:01:02.934352+00:00,blockchain,modified_operation,25,1,UAV-VALID,INVALID_SIGNATURE,INVALID_SIGNATURE,True,58438100,58.4381,56200,57975500,0,4100,315300,0,0,0,,,,none,blockchain-modified_operation_0,0,False,239,17,
n10-identities_c1-conc_mech-blockchain-1backend_security-battery_r30_audit-off_20260820T020051Z,obs_3959c4ff554c4b1687987d7bda331811,2026-08-20T02:01:03.030960+00:00,blockchain,modified_operation,26,1,UAV-VALID,INVALID_SIGNATURE,INVALID_SIGNATURE,True,82860200,82.8602,66500,82003500,0,4600,620300,0,0,0,,,,none,blockchain-modified_operation_0,0,False,239,17,
n10-identities_c1-conc_mech-blockchain-1backend_security-battery_r30_audit-off_20260820T020051Z,obs_a5d806eee5014de4903ee65e9021c9a9,2026-08-20T02:01:03.092495+00:00,blockchain,modified_operation,27,1,UAV-VALID,INVALID_SIGNATURE,INVALID_SIGNATURE,True,40161200,40.1612,82600,39764500,0,4300,238000,0,0,0,,,,none,blockchain-modified_operation_0,0,False,241,17,
n10-identities_c1-conc_mech-blockchain-1backend_security-battery_r30_audit-off_20260820T020051Z,obs_e25ee341855f425a8b946735ad8c679e,2026-08-20T02:01:03.132003+00:00,blockchain,modified_operation,28,1,UAV-VALID,INVALID_SIGNATURE,INVALID_SIGNATURE,True,35822200,35.8222,52000,35297200,0,4200,383400,0,0,0,,,,none,blockchain-modified_operation_0,0,False,240,17,
n10-identities_c1-conc_mech-blockchain-1backend_security-battery_r30_audit-off_20260820T020051Z,obs_04d1a2e18565447596633fc4eb9d0773,2026-08-20T02:01:03.175206+00:00,blockchain,modified_operation,29,1,UAV-VALID,INVALID_SIGNATURE,INVALID_SIGNATURE,True,38999100,38.9991,59600,38550900,0,4000,282800,0,0,0,,,,none,blockchain-modified_operation_0,0,False,241,17,
n10-identities_c1-conc_mech-blockchain-1backend_security-battery_r30_audit-off_20260820T020051Z,obs_3304c4694db541a4a69f737d81d7cb62,2026-08-20T02:01:03.322815+00:00,blockchain,expired_challenge,0,1,UAV-VALID,EXPIRED_CHALLENGE,EXPIRED_CHALLENGE,True,36000,0.036,57000,0,0,0,0,0,0,0,,,,none,blockchain-expired_challenge_0,0,True,239,17,
n10-identities_c1-conc_mech-blockchain-1backend_security-battery_r30_audit-off_20260820T020051Z,obs_0d26f44346f2430d9833a1aed5a7d233,2026-08-20T02:01:03.446572+00:00,blockchain,expired_challenge,1,1,UAV-VALID,EXPIRED_CHALLENGE,EXPIRED_CHALLENGE,True,44200,0.0442,49200,0,0,0,0,0,0,0,,,,none,blockchain-expired_challenge_0,0,True,239,17,
n10-identities_c1-conc_mech-blockchain-1backend_security-battery_r30_audit-off_20260820T020051Z,obs_1ba9163078844ca2a883241897478b57,2026-08-20T02:01:03.573462+00:00,blockchain,expired_challenge,0,1,UAV-VALID,EXPIRED_CHALLENGE,EXPIRED_CHALLENGE,True,52900,0.0529,179000,0,0,0,0,0,0,0,,,,none,blockchain-expired_challenge_0,0,False,239,17,
n10-identities_c1-conc_mech-blockchain-1backend_security-battery_r30_audit-off_20260820T020051Z,obs_f41c797287f548a8810c48cf26c95acb,2026-08-20T02:01:03.699303+00:00,blockchain,expired_challenge,1,1,UAV-VALID,EXPIRED_CHALLENGE,EXPIRED_CHALLENGE,True,56200,0.0562,61500,0,0,0,0,0,0,0,,,,none,blockchain-expired_challenge_0,0,False,239,17,
n10-identities_c1-conc_mech-blockchain-1backend_security-battery_r30_audit-off_20260820T020051Z,obs_8bae3fd674d74f679d3cad3ae315560c,2026-08-20T02:01:03.824565+00:00,blockchain,expired_challenge,2,1,UAV-VALID,EXPIRED_CHALLENGE,EXPIRED_CHALLENGE,True,52600,0.0526,109200,0,0,0,0,0,0,0,,,,none,blockchain-expired_challenge_0,0,False,239,17,
n10-identities_c1-conc_mech-blockchain-1backend_security-battery_r30_audit-off_20260820T020051Z,obs_52b2be6700c94fb68204ea3f80fa76ef,2026-08-20T02:01:03.948026+00:00,blockchain,expired_challenge,3,1,UAV-VALID,EXPIRED_CHALLENGE,EXPIRED_CHALLENGE,True,50100,0.0501,50100,0,0,0,0,0,0,0,,,,none,blockchain-expired_challenge_0,0,False,239,17,
n10-identities_c1-conc_mech-blockchain-1backend_security-battery_r30_audit-off_20260820T020051Z,obs_5d04d56dcbaf4a0aa3b5475414759e07,2026-08-20T02:01:04.086321+00:00,blockchain,expired_challenge,4,1,UAV-VALID,EXPIRED_CHALLENGE,EXPIRED_CHALLENGE,True,89100,0.0891,57900,0,0,0,0,0,0,0,,,,none,blockchain-expired_challenge_0,0,False,238,17,
n10-identities_c1-conc_mech-blockchain-1backend_security-battery_r30_audit-off_20260820T020051Z,obs_ba29475a52d24ff4be11c4e7b6fbfa84,2026-08-20T02:01:04.210560+00:00,blockchain,expired_challenge,5,1,UAV-VALID,EXPIRED_CHALLENGE,EXPIRED_CHALLENGE,True,49800,0.0498,48300,0,0,0,0,0,0,0,,,,none,blockchain-expired_challenge_0,0,False,240,17,
n10-identities_c1-conc_mech-blockchain-1backend_security-battery_r30_audit-off_20260820T020051Z,obs_1b2170aa831d41d1a15930bbe36881e6,2026-08-20T02:01:04.335366+00:00,blockchain,expired_challenge,6,1,UAV-VALID,EXPIRED_CHALLENGE,EXPIRED_CHALLENGE,True,58300,0.0583,52600,0,0,0,0,0,0,0,,,,none,blockchain-expired_challenge_0,0,False,240,17,
n10-identities_c1-conc_mech-blockchain-1backend_security-battery_r30_audit-off_20260820T020051Z,obs_57ab6bd5ecb940b986e4bee8e7b8b8bb,2026-08-20T02:01:04.459239+00:00,blockchain,expired_challenge,7,1,UAV-VALID,EXPIRED_CHALLENGE,EXPIRED_CHALLENGE,True,45000,0.045,61300,0,0,0,0,0,0,0,,,,none,blockchain-expired_challenge_0,0,False,239,17,
n10-identities_c1-conc_mech-blockchain-1backend_security-battery_r30_audit-off_20260820T020051Z,obs_aedaf8478487414f8c3a06b78faee9c2,2026-08-20T02:01:04.584159+00:00,blockchain,expired_challenge,8,1,UAV-VALID,EXPIRED_CHALLENGE,EXPIRED_CHALLENGE,True,41000,0.041,253600,0,0,0,0,0,0,0,,,,none,blockchain-expired_challenge_0,0,False,240,17,
n10-identities_c1-conc_mech-blockchain-1backend_security-battery_r30_audit-off_20260820T020051Z,obs_44683bad7152403e9f6b65a9570f635a,2026-08-20T02:01:04.707732+00:00,blockchain,expired_challenge,9,1,UAV-VALID,EXPIRED_CHALLENGE,EXPIRED_CHALLENGE,True,48500,0.0485,63200,0,0,0,0,0,0,0,,,,none,blockchain-expired_challenge_0,0,False,239,17,
n10-identities_c1-conc_mech-blockchain-1backend_security-battery_r30_audit-off_20260820T020051Z,obs_eebf38e1fb7341e495ebbf2e640227d6,2026-08-20T02:01:04.833274+00:00,blockchain,expired_challenge,10,1,UAV-VALID,EXPIRED_CHALLENGE,EXPIRED_CHALLENGE,True,54500,0.0545,54900,0,0,0,0,0,0,0,,,,none,blockchain-expired_challenge_0,0,False,240,17,
n10-identities_c1-conc_mech-blockchain-1backend_security-battery_r30_audit-off_20260820T020051Z,obs_37c72049f17a417d98675f303aea78a6,2026-08-20T02:01:04.963801+00:00,blockchain,expired_challenge,11,1,UAV-VALID,EXPIRED_CHALLENGE,EXPIRED_CHALLENGE,True,56700,0.0567,59100,0,0,0,0,0,0,0,,,,none,blockchain-expired_challenge_0,0,False,240,17,
n10-identities_c1-conc_mech-blockchain-1backend_security-battery_r30_audit-off_20260820T020051Z,obs_5bf86f27a1e34285bae5980c50f77b3f,2026-08-20T02:01:05.097543+00:00,blockchain,expired_challenge,12,1,UAV-VALID,EXPIRED_CHALLENGE,EXPIRED_CHALLENGE,True,51400,0.0514,57500,0,0,0,0,0,0,0,,,,none,blockchain-expired_challenge_0,0,False,239,17,
n10-identities_c1-conc_mech-blockchain-1backend_security-battery_r30_audit-off_20260820T020051Z,obs_0c866d2a435947de80aaf4f60f357eee,2026-08-20T02:01:05.228980+00:00,blockchain,expired_challenge,13,1,UAV-VALID,EXPIRED_CHALLENGE,EXPIRED_CHALLENGE,True,53300,0.0533,51200,0,0,0,0,0,0,0,,,,none,blockchain-expired_challenge_0,0,False,238,17,
n10-identities_c1-conc_mech-blockchain-1backend_security-battery_r30_audit-off_20260820T020051Z,obs_ef696fc2d86b498d89a98a5d59c6c4cd,2026-08-20T02:01:05.355320+00:00,blockchain,expired_challenge,14,1,UAV-VALID,EXPIRED_CHALLENGE,EXPIRED_CHALLENGE,True,45300,0.0453,75900,0,0,0,0,0,0,0,,,,none,blockchain-expired_challenge_0,0,False,239,17,
n10-identities_c1-conc_mech-blockchain-1backend_security-battery_r30_audit-off_20260820T020051Z,obs_da96428fc92c4d4ea733e27d7f831d0f,2026-08-20T02:01:05.482394+00:00,blockchain,expired_challenge,15,1,UAV-VALID,EXPIRED_CHALLENGE,EXPIRED_CHALLENGE,True,51500,0.0515,61900,0,0,0,0,0,0,0,,,,none,blockchain-expired_challenge_0,0,False,240,17,
n10-identities_c1-conc_mech-blockchain-1backend_security-battery_r30_audit-off_20260820T020051Z,obs_dd295030e3554edcbd7bba6b26f2440b,2026-08-20T02:01:05.606287+00:00,blockchain,expired_challenge,16,1,UAV-VALID,EXPIRED_CHALLENGE,EXPIRED_CHALLENGE,True,41400,0.0414,51100,0,0,0,0,0,0,0,,,,none,blockchain-expired_challenge_0,0,False,239,17,
n10-identities_c1-conc_mech-blockchain-1backend_security-battery_r30_audit-off_20260820T020051Z,obs_ea8e5f2e4bcb46c6a8a025d341153920,2026-08-20T02:01:05.762050+00:00,blockchain,expired_challenge,17,1,UAV-VALID,EXPIRED_CHALLENGE,EXPIRED_CHALLENGE,True,49000,0.049,2086200,0,0,0,0,0,0,0,,,,none,blockchain-expired_challenge_0,0,False,240,17,
n10-identities_c1-conc_mech-blockchain-1backend_security-battery_r30_audit-off_20260820T020051Z,obs_7d672af1fb6a47d9b326238f043a68a0,2026-08-20T02:01:05.888415+00:00,blockchain,expired_challenge,18,1,UAV-VALID,EXPIRED_CHALLENGE,EXPIRED_CHALLENGE,True,57300,0.0573,61400,0,0,0,0,0,0,0,,,,none,blockchain-expired_challenge_0,0,False,239,17,
n10-identities_c1-conc_mech-blockchain-1backend_security-battery_r30_audit-off_20260820T020051Z,obs_6f6ca14b0cab4c8280d8c961e271d110,2026-08-20T02:01:06.012009+00:00,blockchain,expired_challenge,19,1,UAV-VALID,EXPIRED_CHALLENGE,EXPIRED_CHALLENGE,True,65800,0.0658,57800,0,0,0,0,0,0,0,,,,none,blockchain-expired_challenge_0,0,False,239,17,
n10-identities_c1-conc_mech-blockchain-1backend_security-battery_r30_audit-off_20260820T020051Z,obs_6ef3730722134c0397209b73e8e0cded,2026-08-20T02:01:06.135489+00:00,blockchain,expired_challenge,20,1,UAV-VALID,EXPIRED_CHALLENGE,EXPIRED_CHALLENGE,True,45300,0.0453,83900,0,0,0,0,0,0,0,,,,none,blockchain-expired_challenge_0,0,False,238,17,
n10-identities_c1-conc_mech-blockchain-1backend_security-battery_r30_audit-off_20260820T020051Z,obs_6155c9d68f6348e59d443a29f2bed6bd,2026-08-20T02:01:06.259824+00:00,blockchain,expired_challenge,21,1,UAV-VALID,EXPIRED_CHALLENGE,EXPIRED_CHALLENGE,True,52600,0.0526,46900,0,0,0,0,0,0,0,,,,none,blockchain-expired_challenge_0,0,False,239,17,
n10-identities_c1-conc_mech-blockchain-1backend_security-battery_r30_audit-off_20260820T020051Z,obs_95adc2a0e58c4d45bdca9a7b6993cd7e,2026-08-20T02:01:06.383061+00:00,blockchain,expired_challenge,22,1,UAV-VALID,EXPIRED_CHALLENGE,EXPIRED_CHALLENGE,True,56600,0.0566,56000,0,0,0,0,0,0,0,,,,none,blockchain-expired_challenge_0,0,False,239,17,
n10-identities_c1-conc_mech-blockchain-1backend_security-battery_r30_audit-off_20260820T020051Z,obs_64de2b13eb944bce95a40a4d344cf3a3,2026-08-20T02:01:06.508153+00:00,blockchain,expired_challenge,23,1,UAV-VALID,EXPIRED_CHALLENGE,EXPIRED_CHALLENGE,True,43800,0.0438,55800,0,0,0,0,0,0,0,,,,none,blockchain-expired_challenge_0,0,False,239,17,
n10-identities_c1-conc_mech-blockchain-1backend_security-battery_r30_audit-off_20260820T020051Z,obs_c99c66fe95a8457db4d9cdbe720e1eaa,2026-08-20T02:01:06.631598+00:00,blockchain,expired_challenge,24,1,UAV-VALID,EXPIRED_CHALLENGE,EXPIRED_CHALLENGE,True,76900,0.0769,50400,0,0,0,0,0,0,0,,,,none,blockchain-expired_challenge_0,0,False,239,17,
n10-identities_c1-conc_mech-blockchain-1backend_security-battery_r30_audit-off_20260820T020051Z,obs_24eb925a9a734a7686b1cd072ba087c3,2026-08-20T02:01:06.754766+00:00,blockchain,expired_challenge,25,1,UAV-VALID,EXPIRED_CHALLENGE,EXPIRED_CHALLENGE,True,62600,0.0626,56500,0,0,0,0,0,0,0,,,,none,blockchain-expired_challenge_0,0,False,238,17,
n10-identities_c1-conc_mech-blockchain-1backend_security-battery_r30_audit-off_20260820T020051Z,obs_8fb7c7b0ab2742f39ba159365193b6b8,2026-08-20T02:01:06.885628+00:00,blockchain,expired_challenge,26,1,UAV-VALID,EXPIRED_CHALLENGE,EXPIRED_CHALLENGE,True,166400,0.1664,64700,0,0,0,0,0,0,0,,,,none,blockchain-expired_challenge_0,0,False,239,17,
n10-identities_c1-conc_mech-blockchain-1backend_security-battery_r30_audit-off_20260820T020051Z,obs_2310bb710edb457c909f2b32e9f3944d,2026-08-20T02:01:07.012704+00:00,blockchain,expired_challenge,27,1,UAV-VALID,EXPIRED_CHALLENGE,EXPIRED_CHALLENGE,True,67200,0.0672,80200,0,0,0,0,0,0,0,,,,none,blockchain-expired_challenge_0,0,False,239,17,
n10-identities_c1-conc_mech-blockchain-1backend_security-battery_r30_audit-off_20260820T020051Z,obs_45debdbb42a340ed83cbe52fc53a9ff3,2026-08-20T02:01:07.140822+00:00,blockchain,expired_challenge,28,1,UAV-VALID,EXPIRED_CHALLENGE,EXPIRED_CHALLENGE,True,64300,0.0643,74700,0,0,0,0,0,0,0,,,,none,blockchain-expired_challenge_0,0,False,239,17,
n10-identities_c1-conc_mech-blockchain-1backend_security-battery_r30_audit-off_20260820T020051Z,obs_9bfacbe8bfa741058a8034a92510795d,2026-08-20T02:01:07.264800+00:00,blockchain,expired_challenge,29,1,UAV-VALID,EXPIRED_CHALLENGE,EXPIRED_CHALLENGE,True,54300,0.0543,76500,0,0,0,0,0,0,0,,,,none,blockchain-expired_challenge_0,0,False,239,17,
n10-identities_c1-conc_mech-blockchain-1backend_security-battery_r30_audit-off_20260820T020051Z,obs_763364611b9f4991b08c8b232fd74683,2026-08-20T02:01:07.333136+00:00,blockchain,revoked_uav,0,1,UAV-REVOKED,REVOKED_IDENTITY,REVOKED_IDENTITY,True,44043700,44.0437,51900,43841200,0,12800,0,0,0,0,,,,none,blockchain-revoked_uav_0,0,True,241,16,
n10-identities_c1-conc_mech-blockchain-1backend_security-battery_r30_audit-off_20260820T020051Z,obs_6a9b2188b41946059b8fe1b2a77d4818,2026-08-20T02:01:07.419073+00:00,blockchain,revoked_uav,1,1,UAV-REVOKED,REVOKED_IDENTITY,REVOKED_IDENTITY,True,83064400,83.0644,64500,82998700,0,4900,0,0,0,0,,,,none,blockchain-revoked_uav_0,0,True,242,16,
n10-identities_c1-conc_mech-blockchain-1backend_security-battery_r30_audit-off_20260820T020051Z,obs_24f5806c8d0246eaaddf3e71b288138d,2026-08-20T02:01:07.452230+00:00,blockchain,revoked_uav,0,1,UAV-REVOKED,REVOKED_IDENTITY,REVOKED_IDENTITY,True,29931700,29.9317,55600,29879600,0,4200,0,0,0,0,,,,none,blockchain-revoked_uav_0,0,False,241,16,
n10-identities_c1-conc_mech-blockchain-1backend_security-battery_r30_audit-off_20260820T020051Z,obs_04c32c7a12734a2e99ff3fbc64e0f7ad,2026-08-20T02:01:07.480950+00:00,blockchain,revoked_uav,1,1,UAV-REVOKED,REVOKED_IDENTITY,REVOKED_IDENTITY,True,25963400,25.9634,71600,25901000,0,4300,0,0,0,0,,,,none,blockchain-revoked_uav_0,0,False,242,16,
n10-identities_c1-conc_mech-blockchain-1backend_security-battery_r30_audit-off_20260820T020051Z,obs_3ecb6c012098423ab3b8a6eaa0a8377d,2026-08-20T02:01:07.511956+00:00,blockchain,revoked_uav,2,1,UAV-REVOKED,REVOKED_IDENTITY,REVOKED_IDENTITY,True,28481100,28.4811,51000,28398300,0,4200,0,0,0,0,,,,none,blockchain-revoked_uav_0,0,False,241,16,
n10-identities_c1-conc_mech-blockchain-1backend_security-battery_r30_audit-off_20260820T020051Z,obs_868b405245b74a1cac656d2bc00ddfc9,2026-08-20T02:01:07.560395+00:00,blockchain,revoked_uav,3,1,UAV-REVOKED,REVOKED_IDENTITY,REVOKED_IDENTITY,True,46016500,46.0165,53000,44800600,0,3400,0,0,0,0,,,,none,blockchain-revoked_uav_0,0,False,241,16,
n10-identities_c1-conc_mech-blockchain-1backend_security-battery_r30_audit-off_20260820T020051Z,obs_6c8ec911626a41af852d6154c083518c,2026-08-20T02:01:07.605456+00:00,blockchain,revoked_uav,4,1,UAV-REVOKED,REVOKED_IDENTITY,REVOKED_IDENTITY,True,42881900,42.8819,57900,42810300,0,4600,0,0,0,0,,,,none,blockchain-revoked_uav_0,0,False,242,16,
n10-identities_c1-conc_mech-blockchain-1backend_security-battery_r30_audit-off_20260820T020051Z,obs_8a1f258176b0420ca5369954681494d5,2026-08-20T02:01:07.640206+00:00,blockchain,revoked_uav,5,1,UAV-REVOKED,REVOKED_IDENTITY,REVOKED_IDENTITY,True,31384200,31.3842,50600,31301300,0,4000,0,0,0,0,,,,none,blockchain-revoked_uav_0,0,False,241,16,
n10-identities_c1-conc_mech-blockchain-1backend_security-battery_r30_audit-off_20260820T020051Z,obs_1524269b9d934a3c9f3703c00662d0b3,2026-08-20T02:01:07.673988+00:00,blockchain,revoked_uav,6,1,UAV-REVOKED,REVOKED_IDENTITY,REVOKED_IDENTITY,True,31044900,31.0449,65600,30973200,0,4100,0,0,0,0,,,,none,blockchain-revoked_uav_0,0,False,242,16,
n10-identities_c1-conc_mech-blockchain-1backend_security-battery_r30_audit-off_20260820T020051Z,obs_e5dad6d2420548f081b2eb735728dc8e,2026-08-20T02:01:07.721058+00:00,blockchain,revoked_uav,7,1,UAV-REVOKED,REVOKED_IDENTITY,REVOKED_IDENTITY,True,41229500,41.2295,56900,41168900,0,3800,0,0,0,0,,,,none,blockchain-revoked_uav_0,0,False,242,16,
n10-identities_c1-conc_mech-blockchain-1backend_security-battery_r30_audit-off_20260820T020051Z,obs_426f84bde9c140aaa15508b8b51a3bff,2026-08-20T02:01:07.759731+00:00,blockchain,revoked_uav,8,1,UAV-REVOKED,REVOKED_IDENTITY,REVOKED_IDENTITY,True,33771600,33.7716,60600,33696400,0,4100,0,0,0,0,,,,none,blockchain-revoked_uav_0,0,False,241,16,
n10-identities_c1-conc_mech-blockchain-1backend_security-battery_r30_audit-off_20260820T020051Z,obs_f6687bd7c39b4bbd813bdd818a8f2d51,2026-08-20T02:01:07.796160+00:00,blockchain,revoked_uav,9,1,UAV-REVOKED,REVOKED_IDENTITY,REVOKED_IDENTITY,True,33447700,33.4477,50000,33378800,0,5300,0,0,0,0,,,,none,blockchain-revoked_uav_0,0,False,241,16,
n10-identities_c1-conc_mech-blockchain-1backend_security-battery_r30_audit-off_20260820T020051Z,obs_818aec6dc8014c5bb6c33b5f7ebbf9f4,2026-08-20T02:01:07.844302+00:00,blockchain,revoked_uav,10,1,UAV-REVOKED,REVOKED_IDENTITY,REVOKED_IDENTITY,True,38791100,38.7911,64900,38723900,0,3700,0,0,0,0,,,,none,blockchain-revoked_uav_0,0,False,240,16,
n10-identities_c1-conc_mech-blockchain-1backend_security-battery_r30_audit-off_20260820T020051Z,obs_4ceb2c47f9da4af996873d4e9f4be352,2026-08-20T02:01:07.889888+00:00,blockchain,revoked_uav,11,1,UAV-REVOKED,REVOKED_IDENTITY,REVOKED_IDENTITY,True,43201900,43.2019,49300,43140400,0,4600,0,0,0,0,,,,none,blockchain-revoked_uav_0,0,False,241,16,
n10-identities_c1-conc_mech-blockchain-1backend_security-battery_r30_audit-off_20260820T020051Z,obs_4e4c1a84538d4a9499b3cacf54a70611,2026-08-20T02:01:07.946870+00:00,blockchain,revoked_uav,12,1,UAV-REVOKED,REVOKED_IDENTITY,REVOKED_IDENTITY,True,54375200,54.3752,48300,54312100,0,3900,0,0,0,0,,,,none,blockchain-revoked_uav_0,0,False,241,16,
n10-identities_c1-conc_mech-blockchain-1backend_security-battery_r30_audit-off_20260820T020051Z,obs_815f104e137d489fb0464dfd8aaaa52b,2026-08-20T02:01:07.975127+00:00,blockchain,revoked_uav,13,1,UAV-REVOKED,REVOKED_IDENTITY,REVOKED_IDENTITY,True,25479800,25.4798,54800,25416500,0,4000,0,0,0,0,,,,none,blockchain-revoked_uav_0,0,False,241,16,
n10-identities_c1-conc_mech-blockchain-1backend_security-battery_r30_audit-off_20260820T020051Z,obs_63d2533407234ddf8dbd937b169ea823,2026-08-20T02:01:08.007242+00:00,blockchain,revoked_uav,14,1,UAV-REVOKED,REVOKED_IDENTITY,REVOKED_IDENTITY,True,29756400,29.7564,67400,29689300,0,4200,0,0,0,0,,,,none,blockchain-revoked_uav_0,0,False,242,16,
n10-identities_c1-conc_mech-blockchain-1backend_security-battery_r30_audit-off_20260820T020051Z,obs_48ac010f5c6e41e5ab2636f418414060,2026-08-20T02:01:08.038839+00:00,blockchain,revoked_uav,15,1,UAV-REVOKED,REVOKED_IDENTITY,REVOKED_IDENTITY,True,29111000,29.111,59400,29059800,0,2700,0,0,0,0,,,,none,blockchain-revoked_uav_0,0,False,241,16,
n10-identities_c1-conc_mech-blockchain-1backend_security-battery_r30_audit-off_20260820T020051Z,obs_94c9978b5fd345c3a8107d86979b08e5,2026-08-20T02:01:08.070388+00:00,blockchain,revoked_uav,16,1,UAV-REVOKED,REVOKED_IDENTITY,REVOKED_IDENTITY,True,28949400,28.9494,59400,28889500,0,3400,0,0,0,0,,,,none,blockchain-revoked_uav_0,0,False,241,16,
n10-identities_c1-conc_mech-blockchain-1backend_security-battery_r30_audit-off_20260820T020051Z,obs_b871fc97b69040bcb332170fb2304214,2026-08-20T02:01:08.096973+00:00,blockchain,revoked_uav,17,1,UAV-REVOKED,REVOKED_IDENTITY,REVOKED_IDENTITY,True,24353000,24.353,47900,24298400,0,3700,0,0,0,0,,,,none,blockchain-revoked_uav_0,0,False,241,16,
n10-identities_c1-conc_mech-blockchain-1backend_security-battery_r30_audit-off_20260820T020051Z,obs_e6d018d25e7946adb778892ce72e6e05,2026-08-20T02:01:08.131681+00:00,blockchain,revoked_uav,18,1,UAV-REVOKED,REVOKED_IDENTITY,REVOKED_IDENTITY,True,31173900,31.1739,48100,31100700,0,5300,0,0,0,0,,,,none,blockchain-revoked_uav_0,0,False,241,16,
n10-identities_c1-conc_mech-blockchain-1backend_security-battery_r30_audit-off_20260820T020051Z,obs_06ad817bd0014ff7b3e1eff944841fe8,2026-08-20T02:01:08.159378+00:00,blockchain,revoked_uav,19,1,UAV-REVOKED,REVOKED_IDENTITY,REVOKED_IDENTITY,True,25685500,25.6855,55000,25632700,0,4200,0,0,0,0,,,,none,blockchain-revoked_uav_0,0,False,240,16,
n10-identities_c1-conc_mech-blockchain-1backend_security-battery_r30_audit-off_20260820T020051Z,obs_d7805e6834a5438f83d2ea8b50fe6535,2026-08-20T02:01:08.184409+00:00,blockchain,revoked_uav,20,1,UAV-REVOKED,REVOKED_IDENTITY,REVOKED_IDENTITY,True,22898000,22.898,59400,22843300,0,4000,0,0,0,0,,,,none,blockchain-revoked_uav_0,0,False,242,16,
n10-identities_c1-conc_mech-blockchain-1backend_security-battery_r30_audit-off_20260820T020051Z,obs_4cdc4dd44e7240808078b6890e89111e,2026-08-20T02:01:08.210934+00:00,blockchain,revoked_uav,21,1,UAV-REVOKED,REVOKED_IDENTITY,REVOKED_IDENTITY,True,24031200,24.0312,62800,23974400,0,3400,0,0,0,0,,,,none,blockchain-revoked_uav_0,0,False,241,16,
n10-identities_c1-conc_mech-blockchain-1backend_security-battery_r30_audit-off_20260820T020051Z,obs_bb10d650f76c497e94619ee2a507089a,2026-08-20T02:01:08.237381+00:00,blockchain,revoked_uav,22,1,UAV-REVOKED,REVOKED_IDENTITY,REVOKED_IDENTITY,True,23180600,23.1806,69200,23105500,0,3700,0,0,0,0,,,,none,blockchain-revoked_uav_0,0,False,240,16,
n10-identities_c1-conc_mech-blockchain-1backend_security-battery_r30_audit-off_20260820T020051Z,obs_c3b721b7af1d4c7b819a2ed610b7233f,2026-08-20T02:01:08.271802+00:00,blockchain,revoked_uav,23,1,UAV-REVOKED,REVOKED_IDENTITY,REVOKED_IDENTITY,True,32156400,32.1564,49100,32065000,0,5600,0,0,0,0,,,,none,blockchain-revoked_uav_0,0,False,242,16,
n10-identities_c1-conc_mech-blockchain-1backend_security-battery_r30_audit-off_20260820T020051Z,obs_e2ed789f54cd49b5aed3ab24fbd71077,2026-08-20T02:01:08.328893+00:00,blockchain,revoked_uav,24,1,UAV-REVOKED,REVOKED_IDENTITY,REVOKED_IDENTITY,True,49137800,49.1378,158200,49044700,0,4300,0,0,0,0,,,,none,blockchain-revoked_uav_0,0,False,241,16,
n10-identities_c1-conc_mech-blockchain-1backend_security-battery_r30_audit-off_20260820T020051Z,obs_00abcf275c9345898b44d3bb2b0a4873,2026-08-20T02:01:08.376269+00:00,blockchain,revoked_uav,25,1,UAV-REVOKED,REVOKED_IDENTITY,REVOKED_IDENTITY,True,45023200,45.0232,56000,44918300,0,4400,0,0,0,0,,,,none,blockchain-revoked_uav_0,0,False,241,16,
n10-identities_c1-conc_mech-blockchain-1backend_security-battery_r30_audit-off_20260820T020051Z,obs_83e19fb7b4014b978f594e583019efd9,2026-08-20T02:01:08.405141+00:00,blockchain,revoked_uav,26,1,UAV-REVOKED,REVOKED_IDENTITY,REVOKED_IDENTITY,True,26488800,26.4888,47800,26413700,0,3900,0,0,0,0,,,,none,blockchain-revoked_uav_0,0,False,241,16,
n10-identities_c1-conc_mech-blockchain-1backend_security-battery_r30_audit-off_20260820T020051Z,obs_9efa54a2abde4b47a21c57a8cff36f9f,2026-08-20T02:01:08.488983+00:00,blockchain,revoked_uav,27,1,UAV-REVOKED,REVOKED_IDENTITY,REVOKED_IDENTITY,True,81100300,81.1003,89000,81013800,0,4600,0,0,0,0,,,,none,blockchain-revoked_uav_0,0,False,241,16,
n10-identities_c1-conc_mech-blockchain-1backend_security-battery_r30_audit-off_20260820T020051Z,obs_7d595191ed814e909e712e003554ddd5,2026-08-20T02:01:08.518929+00:00,blockchain,revoked_uav,28,1,UAV-REVOKED,REVOKED_IDENTITY,REVOKED_IDENTITY,True,27043700,27.0437,57600,26979200,0,4400,0,0,0,0,,,,none,blockchain-revoked_uav_0,0,False,242,16,
n10-identities_c1-conc_mech-blockchain-1backend_security-battery_r30_audit-off_20260820T020051Z,obs_d1642bb6d77840bfb08a8f2eed4d90e4,2026-08-20T02:01:08.609110+00:00,blockchain,revoked_uav,29,1,UAV-REVOKED,REVOKED_IDENTITY,REVOKED_IDENTITY,True,87741600,87.7416,52500,87678700,0,4800,0,0,0,0,,,,none,blockchain-revoked_uav_0,0,False,241,16,
n10-identities_c1-conc_mech-blockchain-1backend_security-battery_r30_audit-off_20260820T020051Z,obs_90bd29c7ebe54dd2bddfd241d4bea1b2,2026-08-20T02:01:08.781202+00:00,blockchain,unauthorised_operation,0,1,UAV-LIMITED,UNAUTHORISED_OPERATION,INVALID_SIGNATURE,False,93123800,93.1238,63500,92115500,0,6900,818200,0,0,0,,,,none,blockchain-unauthorised_operation_0,0,True,242,17,
n10-identities_c1-conc_mech-blockchain-1backend_security-battery_r30_audit-off_20260820T020051Z,obs_4e9ca4157200429888e75fe7bb23e699,2026-08-20T02:01:08.859704+00:00,blockchain,unauthorised_operation,1,1,UAV-LIMITED,UNAUTHORISED_OPERATION,INVALID_SIGNATURE,False,71664100,71.6641,55600,71150700,0,3500,279500,0,0,0,,,,none,blockchain-unauthorised_operation_0,0,True,243,17,
n10-identities_c1-conc_mech-blockchain-1backend_security-battery_r30_audit-off_20260820T020051Z,obs_e0cefc310e9642ac8025559a7ee425d2,2026-08-20T02:01:08.929994+00:00,blockchain,unauthorised_operation,0,1,UAV-LIMITED,UNAUTHORISED_OPERATION,INVALID_SIGNATURE,False,56008000,56.008,62000,55502300,0,4700,309000,0,0,0,,,,none,blockchain-unauthorised_operation_0,0,False,241,17,
n10-identities_c1-conc_mech-blockchain-1backend_security-battery_r30_audit-off_20260820T020051Z,obs_4703cd9fe92e4886937fbef6fddcf69c,2026-08-20T02:01:08.967217+00:00,blockchain,unauthorised_operation,1,1,UAV-LIMITED,UNAUTHORISED_OPERATION,INVALID_SIGNATURE,False,32648000,32.648,54500,31832400,0,4400,622700,0,0,0,,,,none,blockchain-unauthorised_operation_0,0,False,243,17,
n10-identities_c1-conc_mech-blockchain-1backend_security-battery_r30_audit-off_20260820T020051Z,obs_8ac272f79ef44d0e9c9217e6f112b25d,2026-08-20T02:01:09.054663+00:00,blockchain,unauthorised_operation,2,1,UAV-LIMITED,UNAUTHORISED_OPERATION,INVALID_SIGNATURE,False,82209500,82.2095,60700,81800400,0,5400,240300,0,0,0,,,,none,blockchain-unauthorised_operation_0,0,False,243,17,
n10-identities_c1-conc_mech-blockchain-1backend_security-battery_r30_audit-off_20260820T020051Z,obs_66a1c1dad0f84b63bb186abfd86570ca,2026-08-20T02:01:09.085134+00:00,blockchain,unauthorised_operation,3,1,UAV-LIMITED,UNAUTHORISED_OPERATION,INVALID_SIGNATURE,False,28084000,28.084,72500,27641100,0,4100,278100,0,0,0,,,,none,blockchain-unauthorised_operation_0,0,False,240,17,
n10-identities_c1-conc_mech-blockchain-1backend_security-battery_r30_audit-off_20260820T020051Z,obs_d9511ba114624d67bd258a43ab5e4792,2026-08-20T02:01:09.117148+00:00,blockchain,unauthorised_operation,4,1,UAV-LIMITED,UNAUTHORISED_OPERATION,INVALID_SIGNATURE,False,29165600,29.1656,57800,28729900,0,4300,280900,0,0,0,,,,none,blockchain-unauthorised_operation_0,0,False,241,17,
n10-identities_c1-conc_mech-blockchain-1backend_security-battery_r30_audit-off_20260820T020051Z,obs_4a1347fef71947deba1efd091884080f,2026-08-20T02:01:09.172901+00:00,blockchain,unauthorised_operation,5,1,UAV-LIMITED,UNAUTHORISED_OPERATION,INVALID_SIGNATURE,False,53649400,53.6494,39300,53154000,0,4800,316600,0,0,0,,,,none,blockchain-unauthorised_operation_0,0,False,243,17,
n10-identities_c1-conc_mech-blockchain-1backend_security-battery_r30_audit-off_20260820T020051Z,obs_ac1bfab6531d4c2baf7a18a78c15c2f7,2026-08-20T02:01:09.232467+00:00,blockchain,unauthorised_operation,6,1,UAV-LIMITED,UNAUTHORISED_OPERATION,INVALID_SIGNATURE,False,38736300,38.7363,545700,38128600,0,4800,330400,0,0,0,,,,none,blockchain-unauthorised_operation_0,0,False,242,17,
n10-identities_c1-conc_mech-blockchain-1backend_security-battery_r30_audit-off_20260820T020051Z,obs_251240ac6291457f9309eedad58fa1e9,2026-08-20T02:01:09.270716+00:00,blockchain,unauthorised_operation,7,1,UAV-LIMITED,UNAUTHORISED_OPERATION,INVALID_SIGNATURE,False,35095900,35.0959,57900,34591200,0,4300,272300,0,0,0,,,,none,blockchain-unauthorised_operation_0,0,False,242,17,
n10-identities_c1-conc_mech-blockchain-1backend_security-battery_r30_audit-off_20260820T020051Z,obs_ec39982c574e488b84905febd087274c,2026-08-20T02:01:09.314048+00:00,blockchain,unauthorised_operation,8,1,UAV-LIMITED,UNAUTHORISED_OPERATION,INVALID_SIGNATURE,False,36274000,36.274,47300,35739600,0,5000,305100,0,0,0,,,,none,blockchain-unauthorised_operation_0,0,False,242,17,
n10-identities_c1-conc_mech-blockchain-1backend_security-battery_r30_audit-off_20260820T020051Z,obs_656c78556f3b40f5b59ce3b967a1717c,2026-08-20T02:01:09.355348+00:00,blockchain,unauthorised_operation,9,1,UAV-LIMITED,UNAUTHORISED_OPERATION,INVALID_SIGNATURE,False,31952100,31.9521,73500,31443000,0,4500,299800,0,0,0,,,,none,blockchain-unauthorised_operation_0,0,False,242,17,
n10-identities_c1-conc_mech-blockchain-1backend_security-battery_r30_audit-off_20260820T020051Z,obs_309d4bc73f1e411987cbab6055e55209,2026-08-20T02:01:09.389840+00:00,blockchain,unauthorised_operation,10,1,UAV-LIMITED,UNAUTHORISED_OPERATION,INVALID_SIGNATURE,False,31433500,31.4335,48400,30980000,0,4100,273300,0,0,0,,,,none,blockchain-unauthorised_operation_0,0,False,241,17,
n10-identities_c1-conc_mech-blockchain-1backend_security-battery_r30_audit-off_20260820T020051Z,obs_00bf9f1ed6d44e26905cad07a95e7dcb,2026-08-20T02:01:09.426947+00:00,blockchain,unauthorised_operation,11,1,UAV-LIMITED,UNAUTHORISED_OPERATION,INVALID_SIGNATURE,False,34236400,34.2364,55000,33817300,0,3900,262600,0,0,0,,,,none,blockchain-unauthorised_operation_0,0,False,242,17,
n10-identities_c1-conc_mech-blockchain-1backend_security-battery_r30_audit-off_20260820T020051Z,obs_7efeffad6f59483995947e95112a738a,2026-08-20T02:01:09.470118+00:00,blockchain,unauthorised_operation,12,1,UAV-LIMITED,UNAUTHORISED_OPERATION,INVALID_SIGNATURE,False,35898500,35.8985,52100,35504800,0,3900,253300,0,0,0,,,,none,blockchain-unauthorised_operation_0,0,False,242,17,
n10-identities_c1-conc_mech-blockchain-1backend_security-battery_r30_audit-off_20260820T020051Z,obs_0e0c71a733cf46048ae3063d7c6f9d07,2026-08-20T02:01:09.504340+00:00,blockchain,unauthorised_operation,13,1,UAV-LIMITED,UNAUTHORISED_OPERATION,INVALID_SIGNATURE,False,31488000,31.488,54100,31084900,0,4000,258000,0,0,0,,,,none,blockchain-unauthorised_operation_0,0,False,241,17,
n10-identities_c1-conc_mech-blockchain-1backend_security-battery_r30_audit-off_20260820T020051Z,obs_51fb6cfdb3a4479aa156633dc0b95cfa,2026-08-20T02:01:09.573101+00:00,blockchain,unauthorised_operation,14,1,UAV-LIMITED,UNAUTHORISED_OPERATION,INVALID_SIGNATURE,False,60974500,60.9745,599800,60558500,0,5000,242400,0,0,0,,,,none,blockchain-unauthorised_operation_0,0,False,241,17,
n10-identities_c1-conc_mech-blockchain-1backend_security-battery_r30_audit-off_20260820T020051Z,obs_d1b71e86e2d647f88602a4e5b28a42cc,2026-08-20T02:01:09.614612+00:00,blockchain,unauthorised_operation,15,1,UAV-LIMITED,UNAUTHORISED_OPERATION,INVALID_SIGNATURE,False,39169600,39.1696,54400,38699100,0,4400,254200,0,0,0,,,,none,blockchain-unauthorised_operation_0,0,False,241,17,
n10-identities_c1-conc_mech-blockchain-1backend_security-battery_r30_audit-off_20260820T020051Z,obs_c48467f85aec45b6a1def11ae6a0937e,2026-08-20T02:01:09.642671+00:00,blockchain,unauthorised_operation,16,1,UAV-LIMITED,UNAUTHORISED_OPERATION,INVALID_SIGNATURE,False,25461300,25.4613,71200,24685100,0,3200,644100,0,0,0,,,,none,blockchain-unauthorised_operation_0,0,False,242,17,
n10-identities_c1-conc_mech-blockchain-1backend_security-battery_r30_audit-off_20260820T020051Z,obs_b92a93f621674be6927c32431b1e2c11,2026-08-20T02:01:09.671218+00:00,blockchain,unauthorised_operation,17,1,UAV-LIMITED,UNAUTHORISED_OPERATION,INVALID_SIGNATURE,False,26495600,26.4956,51100,26051200,0,4900,285900,0,0,0,,,,none,blockchain-unauthorised_operation_0,0,False,242,17,
n10-identities_c1-conc_mech-blockchain-1backend_security-battery_r30_audit-off_20260820T020051Z,obs_48632990a0e94f36918fefa4bd155fa0,2026-08-20T02:01:09.703421+00:00,blockchain,unauthorised_operation,18,1,UAV-LIMITED,UNAUTHORISED_OPERATION,INVALID_SIGNATURE,False,28705200,28.7052,55200,28198300,0,4400,327100,0,0,0,,,,none,blockchain-unauthorised_operation_0,0,False,243,17,
n10-identities_c1-conc_mech-blockchain-1backend_security-battery_r30_audit-off_20260820T020051Z,obs_a76cd91e90324c819024225fdc89cd35,2026-08-20T02:01:09.758202+00:00,blockchain,unauthorised_operation,19,1,UAV-LIMITED,UNAUTHORISED_OPERATION,INVALID_SIGNATURE,False,46416500,46.4165,265400,45986900,0,3900,267500,0,0,0,,,,none,blockchain-unauthorised_operation_0,0,False,241,17,
n10-identities_c1-conc_mech-blockchain-1backend_security-battery_r30_audit-off_20260820T020051Z,obs_c7d17d932744484db68fcc27ba8e6d90,2026-08-20T02:01:09.793789+00:00,blockchain,unauthorised_operation,20,1,UAV-LIMITED,UNAUTHORISED_OPERATION,INVALID_SIGNATURE,False,33077000,33.077,71400,32728700,0,2800,216100,0,0,0,,,,none,blockchain-unauthorised_operation_0,0,False,243,17,
n10-identities_c1-conc_mech-blockchain-1backend_security-battery_r30_audit-off_20260820T020051Z,obs_5adaca25f6f547d7b91402369abe3cae,2026-08-20T02:01:09.826724+00:00,blockchain,unauthorised_operation,21,1,UAV-LIMITED,UNAUTHORISED_OPERATION,INVALID_SIGNATURE,False,30618700,30.6187,59600,30188900,0,4600,261600,0,0,0,,,,none,blockchain-unauthorised_operation_0,0,False,243,17,
n10-identities_c1-conc_mech-blockchain-1backend_security-battery_r30_audit-off_20260820T020051Z,obs_9603c6c960264794bc15151c5d25f323,2026-08-20T02:01:09.854855+00:00,blockchain,unauthorised_operation,22,1,UAV-LIMITED,UNAUTHORISED_OPERATION,INVALID_SIGNATURE,False,25883400,25.8834,50700,25436200,0,5000,281300,0,0,0,,,,none,blockchain-unauthorised_operation_0,0,False,243,17,
n10-identities_c1-conc_mech-blockchain-1backend_security-battery_r30_audit-off_20260820T020051Z,obs_80f6b029be154647994e171eb6dee7ca,2026-08-20T02:01:09.895184+00:00,blockchain,unauthorised_operation,23,1,UAV-LIMITED,UNAUTHORISED_OPERATION,INVALID_SIGNATURE,False,37424800,37.4248,63800,37023800,0,3900,217700,0,0,0,,,,none,blockchain-unauthorised_operation_0,0,False,242,17,
n10-identities_c1-conc_mech-blockchain-1backend_security-battery_r30_audit-off_20260820T020051Z,obs_66f5ea4a650849a596024f0ac3ad3b93,2026-08-20T02:01:09.976881+00:00,blockchain,unauthorised_operation,24,1,UAV-LIMITED,UNAUTHORISED_OPERATION,INVALID_SIGNATURE,False,70473800,70.4738,70700,70000700,0,4600,291900,0,0,0,,,,none,blockchain-unauthorised_operation_0,0,False,243,17,
n10-identities_c1-conc_mech-blockchain-1backend_security-battery_r30_audit-off_20260820T020051Z,obs_6101b55e344b44cb8f424bf6e68f00a8,2026-08-20T02:01:10.033143+00:00,blockchain,unauthorised_operation,25,1,UAV-LIMITED,UNAUTHORISED_OPERATION,INVALID_SIGNATURE,False,49728500,49.7285,133800,49279500,0,4800,284800,0,0,0,,,,none,blockchain-unauthorised_operation_0,0,False,242,17,
n10-identities_c1-conc_mech-blockchain-1backend_security-battery_r30_audit-off_20260820T020051Z,obs_810de5941e5044d0b3989f8dd87c5b54,2026-08-20T02:01:10.073451+00:00,blockchain,unauthorised_operation,26,1,UAV-LIMITED,UNAUTHORISED_OPERATION,INVALID_SIGNATURE,False,35882600,35.8826,56700,34930200,0,4400,267600,0,0,0,,,,none,blockchain-unauthorised_operation_0,0,False,243,17,
n10-identities_c1-conc_mech-blockchain-1backend_security-battery_r30_audit-off_20260820T020051Z,obs_5c88c60f73584eb0ab04f89f54bd7702,2026-08-20T02:01:10.129476+00:00,blockchain,unauthorised_operation,27,1,UAV-LIMITED,UNAUTHORISED_OPERATION,INVALID_SIGNATURE,False,29283600,29.2836,63000,28865200,0,4400,262800,0,0,0,,,,none,blockchain-unauthorised_operation_0,0,False,241,17,
n10-identities_c1-conc_mech-blockchain-1backend_security-battery_r30_audit-off_20260820T020051Z,obs_d00f79adae204781b86e7725c9b78cdc,2026-08-20T02:01:10.161494+00:00,blockchain,unauthorised_operation,28,1,UAV-LIMITED,UNAUTHORISED_OPERATION,INVALID_SIGNATURE,False,28790900,28.7909,63400,28389100,0,4200,238900,0,0,0,,,,none,blockchain-unauthorised_operation_0,0,False,242,17,
n10-identities_c1-conc_mech-blockchain-1backend_security-battery_r30_audit-off_20260820T020051Z,obs_314ff7bc023a4a4e9974181438c3e1a9,2026-08-20T02:01:10.206824+00:00,blockchain,unauthorised_operation,29,1,UAV-LIMITED,UNAUTHORISED_OPERATION,INVALID_SIGNATURE,False,41892700,41.8927,57600,41433000,0,5400,283000,0,0,0,,,,none,blockchain-unauthorised_operation_0,0,False,242,17,
n10-identities_c1-conc_mech-blockchain-1backend_security-battery_r30_audit-off_20260820T020051Z,obs_de6e94fd62cc4bf5a676c84c42911031,2026-08-20T02:01:10.236047+00:00,blockchain,malformed,0,1,UAV-VALID,MALFORMED_REQUEST,MALFORMED_REQUEST,True,11900,0.0119,66100,0,0,0,0,0,0,0,,,,none,blockchain-malformed_0,0,True,26,17,malformed authentication object: missing magic
n10-identities_c1-conc_mech-blockchain-1backend_security-battery_r30_audit-off_20260820T020051Z,obs_85bfddf561304383ab38f07847043084,2026-08-20T02:01:10.238073+00:00,blockchain,malformed,1,1,UAV-VALID,MALFORMED_REQUEST,MALFORMED_REQUEST,True,13500,0.0135,57100,0,0,0,0,0,0,0,,,,none,blockchain-malformed_0,0,True,26,17,malformed authentication object: missing magic
n10-identities_c1-conc_mech-blockchain-1backend_security-battery_r30_audit-off_20260820T020051Z,obs_53709a852eed4569bbfb5ea1fa6c3d61,2026-08-20T02:01:10.239772+00:00,blockchain,malformed,0,1,UAV-VALID,MALFORMED_REQUEST,MALFORMED_REQUEST,True,12500,0.0125,54200,0,0,0,0,0,0,0,,,,none,blockchain-malformed_0,0,False,26,17,malformed authentication object: missing magic
n10-identities_c1-conc_mech-blockchain-1backend_security-battery_r30_audit-off_20260820T020051Z,obs_34206a42e94543a985a711e896e54d13,2026-08-20T02:01:10.241547+00:00,blockchain,malformed,1,1,UAV-VALID,MALFORMED_REQUEST,MALFORMED_REQUEST,True,13600,0.0136,58300,0,0,0,0,0,0,0,,,,none,blockchain-malformed_0,0,False,26,17,malformed authentication object: missing magic
n10-identities_c1-conc_mech-blockchain-1backend_security-battery_r30_audit-off_20260820T020051Z,obs_4d4d93c7622b402aaf1e0810f4b6abac,2026-08-20T02:01:10.248241+00:00,blockchain,malformed,2,1,UAV-VALID,MALFORMED_REQUEST,MALFORMED_REQUEST,True,13500,0.0135,55000,0,0,0,0,0,0,0,,,,none,blockchain-malformed_0,0,False,26,17,malformed authentication object: missing magic
n10-identities_c1-conc_mech-blockchain-1backend_security-battery_r30_audit-off_20260820T020051Z,obs_a9f0a08890194333bec0bad690927d51,2026-08-20T02:01:10.253103+00:00,blockchain,malformed,3,1,UAV-VALID,MALFORMED_REQUEST,MALFORMED_REQUEST,True,12100,0.0121,50900,0,0,0,0,0,0,0,,,,none,blockchain-malformed_0,0,False,26,17,malformed authentication object: missing magic
n10-identities_c1-conc_mech-blockchain-1backend_security-battery_r30_audit-off_20260820T020051Z,obs_a7162fe9ceca4e05b517fb23687a99e3,2026-08-20T02:01:10.256096+00:00,blockchain,malformed,4,1,UAV-VALID,MALFORMED_REQUEST,MALFORMED_REQUEST,True,36200,0.0362,62600,0,0,0,0,0,0,0,,,,none,blockchain-malformed_0,0,False,26,17,malformed authentication object: missing magic
n10-identities_c1-conc_mech-blockchain-1backend_security-battery_r30_audit-off_20260820T020051Z,obs_7c751fbe958b4e6e90fa0bc6f719e2d3,2026-08-20T02:01:10.261998+00:00,blockchain,malformed,5,1,UAV-VALID,MALFORMED_REQUEST,MALFORMED_REQUEST,True,12500,0.0125,73600,0,0,0,0,0,0,0,,,,none,blockchain-malformed_0,0,False,26,17,malformed authentication object: missing magic
n10-identities_c1-conc_mech-blockchain-1backend_security-battery_r30_audit-off_20260820T020051Z,obs_d85a166ff4eb40a88cba1391e26db2b3,2026-08-20T02:01:10.264576+00:00,blockchain,malformed,6,1,UAV-VALID,MALFORMED_REQUEST,MALFORMED_REQUEST,True,13800,0.0138,52400,0,0,0,0,0,0,0,,,,none,blockchain-malformed_0,0,False,26,17,malformed authentication object: missing magic
n10-identities_c1-conc_mech-blockchain-1backend_security-battery_r30_audit-off_20260820T020051Z,obs_7c0a64f24ea44deda68edb26a2369997,2026-08-20T02:01:10.266242+00:00,blockchain,malformed,7,1,UAV-VALID,MALFORMED_REQUEST,MALFORMED_REQUEST,True,12100,0.0121,57900,0,0,0,0,0,0,0,,,,none,blockchain-malformed_0,0,False,26,17,malformed authentication object: missing magic
n10-identities_c1-conc_mech-blockchain-1backend_security-battery_r30_audit-off_20260820T020051Z,obs_04231f53a8f24e4abf611b16425f1dc7,2026-08-20T02:01:10.269386+00:00,blockchain,malformed,8,1,UAV-VALID,MALFORMED_REQUEST,MALFORMED_REQUEST,True,14500,0.0145,65600,0,0,0,0,0,0,0,,,,none,blockchain-malformed_0,0,False,26,17,malformed authentication object: missing magic
n10-identities_c1-conc_mech-blockchain-1backend_security-battery_r30_audit-off_20260820T020051Z,obs_2c2836adc23544bfbe85fb3c49a972eb,2026-08-20T02:01:10.271489+00:00,blockchain,malformed,9,1,UAV-VALID,MALFORMED_REQUEST,MALFORMED_REQUEST,True,11100,0.0111,53800,0,0,0,0,0,0,0,,,,none,blockchain-malformed_0,0,False,26,17,malformed authentication object: missing magic
n10-identities_c1-conc_mech-blockchain-1backend_security-battery_r30_audit-off_20260820T020051Z,obs_2cd18620e4934887bc95d4fe298d0316,2026-08-20T02:01:10.276731+00:00,blockchain,malformed,10,1,UAV-VALID,MALFORMED_REQUEST,MALFORMED_REQUEST,True,16500,0.0165,69400,0,0,0,0,0,0,0,,,,none,blockchain-malformed_0,0,False,26,17,malformed authentication object: missing magic
n10-identities_c1-conc_mech-blockchain-1backend_security-battery_r30_audit-off_20260820T020051Z,obs_af30faa12d214d7192f66c863dd7b0a3,2026-08-20T02:01:10.278415+00:00,blockchain,malformed,11,1,UAV-VALID,MALFORMED_REQUEST,MALFORMED_REQUEST,True,11700,0.0117,56700,0,0,0,0,0,0,0,,,,none,blockchain-malformed_0,0,False,26,17,malformed authentication object: missing magic
n10-identities_c1-conc_mech-blockchain-1backend_security-battery_r30_audit-off_20260820T020051Z,obs_77c1ebed96884f69a98c79ed301939cb,2026-08-20T02:01:10.280929+00:00,blockchain,malformed,12,1,UAV-VALID,MALFORMED_REQUEST,MALFORMED_REQUEST,True,17100,0.0171,47500,0,0,0,0,0,0,0,,,,none,blockchain-malformed_0,0,False,26,17,malformed authentication object: missing magic
n10-identities_c1-conc_mech-blockchain-1backend_security-battery_r30_audit-off_20260820T020051Z,obs_3635a187e8d14c8b9b70f55d2af7f1f7,2026-08-20T02:01:10.282972+00:00,blockchain,malformed,13,1,UAV-VALID,MALFORMED_REQUEST,MALFORMED_REQUEST,True,13000,0.013,63900,0,0,0,0,0,0,0,,,,none,blockchain-malformed_0,0,False,26,17,malformed authentication object: missing magic
n10-identities_c1-conc_mech-blockchain-1backend_security-battery_r30_audit-off_20260820T020051Z,obs_56b31ff9fefc40b285d035cd00e42018,2026-08-20T02:01:10.285334+00:00,blockchain,malformed,14,1,UAV-VALID,MALFORMED_REQUEST,MALFORMED_REQUEST,True,12900,0.0129,59600,0,0,0,0,0,0,0,,,,none,blockchain-malformed_0,0,False,26,17,malformed authentication object: missing magic
n10-identities_c1-conc_mech-blockchain-1backend_security-battery_r30_audit-off_20260820T020051Z,obs_37f7b97905f94d6aa9b8650a779b7777,2026-08-20T02:01:10.286979+00:00,blockchain,malformed,15,1,UAV-VALID,MALFORMED_REQUEST,MALFORMED_REQUEST,True,12100,0.0121,51200,0,0,0,0,0,0,0,,,,none,blockchain-malformed_0,0,False,26,17,malformed authentication object: missing magic
n10-identities_c1-conc_mech-blockchain-1backend_security-battery_r30_audit-off_20260820T020051Z,obs_122815a81c794e53ac9006d1ec2a36ca,2026-08-20T02:01:10.292267+00:00,blockchain,malformed,16,1,UAV-VALID,MALFORMED_REQUEST,MALFORMED_REQUEST,True,15400,0.0154,64000,0,0,0,0,0,0,0,,,,none,blockchain-malformed_0,0,False,26,17,malformed authentication object: missing magic
n10-identities_c1-conc_mech-blockchain-1backend_security-battery_r30_audit-off_20260820T020051Z,obs_5e50d3afbedb4aca9707f500c0ccbd48,2026-08-20T02:01:10.294733+00:00,blockchain,malformed,17,1,UAV-VALID,MALFORMED_REQUEST,MALFORMED_REQUEST,True,10300,0.0103,50000,0,0,0,0,0,0,0,,,,none,blockchain-malformed_0,0,False,26,17,malformed authentication object: missing magic
n10-identities_c1-conc_mech-blockchain-1backend_security-battery_r30_audit-off_20260820T020051Z,obs_b76f3e38dae24e96af7f6d4ee6de4386,2026-08-20T02:01:10.296392+00:00,blockchain,malformed,18,1,UAV-VALID,MALFORMED_REQUEST,MALFORMED_REQUEST,True,17900,0.0179,53600,0,0,0,0,0,0,0,,,,none,blockchain-malformed_0,0,False,26,17,malformed authentication object: missing magic
n10-identities_c1-conc_mech-blockchain-1backend_security-battery_r30_audit-off_20260820T020051Z,obs_1eac5d9d14334ed9a4f533da8d404fe9,2026-08-20T02:01:10.298475+00:00,blockchain,malformed,19,1,UAV-VALID,MALFORMED_REQUEST,MALFORMED_REQUEST,True,10200,0.0102,52700,0,0,0,0,0,0,0,,,,none,blockchain-malformed_0,0,False,26,17,malformed authentication object: missing magic
n10-identities_c1-conc_mech-blockchain-1backend_security-battery_r30_audit-off_20260820T020051Z,obs_03b290fe00674e659c8aebe03e8c5572,2026-08-20T02:01:10.301580+00:00,blockchain,malformed,20,1,UAV-VALID,MALFORMED_REQUEST,MALFORMED_REQUEST,True,12500,0.0125,57600,0,0,0,0,0,0,0,,,,none,blockchain-malformed_0,0,False,26,17,malformed authentication object: missing magic
n10-identities_c1-conc_mech-blockchain-1backend_security-battery_r30_audit-off_20260820T020051Z,obs_d6dce6a0593844ae88cd3b7579f16924,2026-08-20T02:01:10.306141+00:00,blockchain,malformed,21,1,UAV-VALID,MALFORMED_REQUEST,MALFORMED_REQUEST,True,12700,0.0127,65700,0,0,0,0,0,0,0,,,,none,blockchain-malformed_0,0,False,26,17,malformed authentication object: missing magic
n10-identities_c1-conc_mech-blockchain-1backend_security-battery_r30_audit-off_20260820T020051Z,obs_1b1fe7c5e157417c89d8d1f8dbd17582,2026-08-20T02:01:10.308217+00:00,blockchain,malformed,22,1,UAV-VALID,MALFORMED_REQUEST,MALFORMED_REQUEST,True,13900,0.0139,49800,0,0,0,0,0,0,0,,,,none,blockchain-malformed_0,0,False,26,17,malformed authentication object: missing magic
n10-identities_c1-conc_mech-blockchain-1backend_security-battery_r30_audit-off_20260820T020051Z,obs_83bc4004a6b54ed5b732ea7b62c6e5b9,2026-08-20T02:01:10.309607+00:00,blockchain,malformed,23,1,UAV-VALID,MALFORMED_REQUEST,MALFORMED_REQUEST,True,12200,0.0122,45900,0,0,0,0,0,0,0,,,,none,blockchain-malformed_0,0,False,26,17,malformed authentication object: missing magic
n10-identities_c1-conc_mech-blockchain-1backend_security-battery_r30_audit-off_20260820T020051Z,obs_90ebc9f1109f4465b67784f241ad04ac,2026-08-20T02:01:10.311634+00:00,blockchain,malformed,24,1,UAV-VALID,MALFORMED_REQUEST,MALFORMED_REQUEST,True,12000,0.012,51500,0,0,0,0,0,0,0,,,,none,blockchain-malformed_0,0,False,26,17,malformed authentication object: missing magic
n10-identities_c1-conc_mech-blockchain-1backend_security-battery_r30_audit-off_20260820T020051Z,obs_4be6eb7f2f2e4525aad30c26af8d0ed5,2026-08-20T02:01:10.314597+00:00,blockchain,malformed,25,1,UAV-VALID,MALFORMED_REQUEST,MALFORMED_REQUEST,True,16000,0.016,72900,0,0,0,0,0,0,0,,,,none,blockchain-malformed_0,0,False,26,17,malformed authentication object: missing magic
n10-identities_c1-conc_mech-blockchain-1backend_security-battery_r30_audit-off_20260820T020051Z,obs_1a26f848e9784155915a7c2b0840ad1d,2026-08-20T02:01:10.316923+00:00,blockchain,malformed,26,1,UAV-VALID,MALFORMED_REQUEST,MALFORMED_REQUEST,True,13600,0.0136,55600,0,0,0,0,0,0,0,,,,none,blockchain-malformed_0,0,False,26,17,malformed authentication object: missing magic
n10-identities_c1-conc_mech-blockchain-1backend_security-battery_r30_audit-off_20260820T020051Z,obs_a4ab6080604846d7b2c3076c55294f84,2026-08-20T02:01:10.321589+00:00,blockchain,malformed,27,1,UAV-VALID,MALFORMED_REQUEST,MALFORMED_REQUEST,True,13900,0.0139,62800,0,0,0,0,0,0,0,,,,none,blockchain-malformed_0,0,False,26,17,malformed authentication object: missing magic
n10-identities_c1-conc_mech-blockchain-1backend_security-battery_r30_audit-off_20260820T020051Z,obs_7e94f465a2544663a529a71bfd2bc41e,2026-08-20T02:01:10.323552+00:00,blockchain,malformed,28,1,UAV-VALID,MALFORMED_REQUEST,MALFORMED_REQUEST,True,11500,0.0115,49400,0,0,0,0,0,0,0,,,,none,blockchain-malformed_0,0,False,26,17,malformed authentication object: missing magic
n10-identities_c1-conc_mech-blockchain-1backend_security-battery_r30_audit-off_20260820T020051Z,obs_d3beb6b014474b098b5ce21d3073d52d,2026-08-20T02:01:10.324951+00:00,blockchain,malformed,29,1,UAV-VALID,MALFORMED_REQUEST,MALFORMED_REQUEST,True,9700,0.0097,41200,0,0,0,0,0,0,0,,,,none,blockchain-malformed_0,0,False,26,17,malformed authentication object: missing magic
n10-identities_c1-conc_mech-blockchain-1backend_security-battery_r30_audit-off_20260820T020051Z,obs_eadd5fa568b24278900495275d8b8930,2026-08-20T02:01:17.418736+00:00,blockchain,rpc_unavailable,0,1,UAV-VALID,IDENTITY_SERVICE_UNAVAILABLE,IDENTITY_SERVICE_UNAVAILABLE,True,6923296300,6923.2963,55600,6923254600,0,6923254600,0,0,0,0,,,,none,blockchain-rpc_unavailable_0,0,True,239,28,
n10-identities_c1-conc_mech-blockchain-1backend_security-battery_r30_audit-off_20260820T020051Z,obs_6882b489bfc348738b9d9f6924f22ab8,2026-08-20T02:01:24.433702+00:00,blockchain,rpc_unavailable,1,1,UAV-VALID,IDENTITY_SERVICE_UNAVAILABLE,IDENTITY_SERVICE_UNAVAILABLE,True,7012464500,7012.4645,45700,7012409100,0,7012409100,0,0,0,0,,,,none,blockchain-rpc_unavailable_0,0,True,239,28,
n10-identities_c1-conc_mech-blockchain-1backend_security-battery_r30_audit-off_20260820T020051Z,obs_47b1167bc0314f37b54948a2d1376b61,2026-08-20T02:01:31.393233+00:00,blockchain,rpc_unavailable,0,1,UAV-VALID,IDENTITY_SERVICE_UNAVAILABLE,IDENTITY_SERVICE_UNAVAILABLE,True,6954810300,6954.8103,49400,6954765800,0,6954765800,0,0,0,0,,,,none,blockchain-rpc_unavailable_0,0,False,240,28,
n10-identities_c1-conc_mech-blockchain-1backend_security-battery_r30_audit-off_20260820T020051Z,obs_3cefa679266d4014a65eb2fe3a1b87cf,2026-08-20T02:01:38.335074+00:00,blockchain,rpc_unavailable,1,1,UAV-VALID,IDENTITY_SERVICE_UNAVAILABLE,IDENTITY_SERVICE_UNAVAILABLE,True,6939565500,6939.5655,73600,6939501300,0,6939501300,0,0,0,0,,,,none,blockchain-rpc_unavailable_0,0,False,239,28,
n10-identities_c1-conc_mech-blockchain-1backend_security-battery_r30_audit-off_20260820T020051Z,obs_b5d891847869484cbdab121d7b9243a2,2026-08-20T02:01:45.274686+00:00,blockchain,rpc_unavailable,2,1,UAV-VALID,IDENTITY_SERVICE_UNAVAILABLE,IDENTITY_SERVICE_UNAVAILABLE,True,6936992600,6936.9926,146400,6936892300,0,6936892300,0,0,0,0,,,,none,blockchain-rpc_unavailable_0,0,False,240,28,
n10-identities_c1-conc_mech-blockchain-1backend_security-battery_r30_audit-off_20260820T020051Z,obs_8f06f98823c64bba8358fea42f40d618,2026-08-20T02:01:52.252054+00:00,blockchain,rpc_unavailable,3,1,UAV-VALID,IDENTITY_SERVICE_UNAVAILABLE,IDENTITY_SERVICE_UNAVAILABLE,True,6946752800,6946.7528,87900,6946694000,0,6946694000,0,0,0,0,,,,none,blockchain-rpc_unavailable_0,0,False,239,28,
n10-identities_c1-conc_mech-blockchain-1backend_security-battery_r30_audit-off_20260820T020051Z,obs_fba6e68e42774471905e269e877e34cb,2026-08-20T02:01:59.203667+00:00,blockchain,rpc_unavailable,4,1,UAV-VALID,IDENTITY_SERVICE_UNAVAILABLE,IDENTITY_SERVICE_UNAVAILABLE,True,6949623100,6949.6231,54100,6949578300,0,6949578300,0,0,0,0,,,,none,blockchain-rpc_unavailable_0,0,False,238,28,
n10-identities_c1-conc_mech-blockchain-1backend_security-battery_r30_audit-off_20260820T020051Z,obs_f033cef9c08d4a9fb9d718293b438ccd,2026-08-20T02:02:06.187446+00:00,blockchain,rpc_unavailable,5,1,UAV-VALID,IDENTITY_SERVICE_UNAVAILABLE,IDENTITY_SERVICE_UNAVAILABLE,True,6981561100,6981.5611,51400,6981510700,0,6981510700,0,0,0,0,,,,none,blockchain-rpc_unavailable_0,0,False,239,28,
n10-identities_c1-conc_mech-blockchain-1backend_security-battery_r30_audit-off_20260820T020051Z,obs_7cfeebbabaa74693b667586ce7f83050,2026-08-20T02:02:14.467469+00:00,blockchain,rpc_unavailable,6,1,UAV-VALID,IDENTITY_SERVICE_UNAVAILABLE,IDENTITY_SERVICE_UNAVAILABLE,True,8278038200,8278.0382,51100,8277988300,0,8277988300,0,0,0,0,,,,none,blockchain-rpc_unavailable_0,0,False,238,28,
n10-identities_c1-conc_mech-blockchain-1backend_security-battery_r30_audit-off_20260820T020051Z,obs_bd6a0874fa014efdbdd317918ec3b6a5,2026-08-20T02:02:21.587790+00:00,blockchain,rpc_unavailable,7,1,UAV-VALID,IDENTITY_SERVICE_UNAVAILABLE,IDENTITY_SERVICE_UNAVAILABLE,True,7118038300,7118.0383,55200,7117989500,0,7117989500,0,0,0,0,,,,none,blockchain-rpc_unavailable_0,0,False,240,28,
n10-identities_c1-conc_mech-blockchain-1backend_security-battery_r30_audit-off_20260820T020051Z,obs_4225a0497cd7485c817841e86848d9d9,2026-08-20T02:02:28.508796+00:00,blockchain,rpc_unavailable,8,1,UAV-VALID,IDENTITY_SERVICE_UNAVAILABLE,IDENTITY_SERVICE_UNAVAILABLE,True,6918061200,6918.0612,53000,6918008800,0,6918008800,0,0,0,0,,,,none,blockchain-rpc_unavailable_0,0,False,238,28,
n10-identities_c1-conc_mech-blockchain-1backend_security-battery_r30_audit-off_20260820T020051Z,obs_5e00bbcfb1604cb1bd969cb80ed6df46,2026-08-20T02:02:35.450647+00:00,blockchain,rpc_unavailable,9,1,UAV-VALID,IDENTITY_SERVICE_UNAVAILABLE,IDENTITY_SERVICE_UNAVAILABLE,True,6939726600,6939.7266,51000,6939685500,0,6939685500,0,0,0,0,,,,none,blockchain-rpc_unavailable_0,0,False,240,28,
n10-identities_c1-conc_mech-blockchain-1backend_security-battery_r30_audit-off_20260820T020051Z,obs_b493a3c0cd564f48aebcda6a5e0f194a,2026-08-20T02:02:42.390418+00:00,blockchain,rpc_unavailable,10,1,UAV-VALID,IDENTITY_SERVICE_UNAVAILABLE,IDENTITY_SERVICE_UNAVAILABLE,True,6936882200,6936.8822,53800,6936829100,0,6936829100,0,0,0,0,,,,none,blockchain-rpc_unavailable_0,0,False,238,28,
n10-identities_c1-conc_mech-blockchain-1backend_security-battery_r30_audit-off_20260820T020051Z,obs_3fb6609fe72a461db295a947c5e34478,2026-08-20T02:02:49.357650+00:00,blockchain,rpc_unavailable,11,1,UAV-VALID,IDENTITY_SERVICE_UNAVAILABLE,IDENTITY_SERVICE_UNAVAILABLE,True,6965071600,6965.0716,52400,6965025000,0,6965025000,0,0,0,0,,,,none,blockchain-rpc_unavailable_0,0,False,239,28,
n10-identities_c1-conc_mech-blockchain-1backend_security-battery_r30_audit-off_20260820T020051Z,obs_3d37a5b828e24cf3936a54bd519ebc2a,2026-08-20T02:02:56.370841+00:00,blockchain,rpc_unavailable,12,1,UAV-VALID,IDENTITY_SERVICE_UNAVAILABLE,IDENTITY_SERVICE_UNAVAILABLE,True,7011011800,7011.0118,52300,7010968000,0,7010968000,0,0,0,0,,,,none,blockchain-rpc_unavailable_0,0,False,238,28,
n10-identities_c1-conc_mech-blockchain-1backend_security-battery_r30_audit-off_20260820T020051Z,obs_feb3ea532973421bb8469ac14778f107,2026-08-20T02:03:03.404056+00:00,blockchain,rpc_unavailable,13,1,UAV-VALID,IDENTITY_SERVICE_UNAVAILABLE,IDENTITY_SERVICE_UNAVAILABLE,True,7030485200,7030.4852,55700,7030435800,0,7030435800,0,0,0,0,,,,none,blockchain-rpc_unavailable_0,0,False,239,28,
n10-identities_c1-conc_mech-blockchain-1backend_security-battery_r30_audit-off_20260820T020051Z,obs_abab73d9e202471e870078a71b5bf0c6,2026-08-20T02:03:10.345129+00:00,blockchain,rpc_unavailable,14,1,UAV-VALID,IDENTITY_SERVICE_UNAVAILABLE,IDENTITY_SERVICE_UNAVAILABLE,True,6938572500,6938.5725,49800,6938525900,0,6938525900,0,0,0,0,,,,none,blockchain-rpc_unavailable_0,0,False,239,28,
n10-identities_c1-conc_mech-blockchain-1backend_security-battery_r30_audit-off_20260820T020051Z,obs_b100b35130cd4adf832fe5a79c3559cc,2026-08-20T02:03:17.304039+00:00,blockchain,rpc_unavailable,15,1,UAV-VALID,IDENTITY_SERVICE_UNAVAILABLE,IDENTITY_SERVICE_UNAVAILABLE,True,6956881300,6956.8813,45500,6956836800,0,6956836800,0,0,0,0,,,,none,blockchain-rpc_unavailable_0,0,False,239,28,
n10-identities_c1-conc_mech-blockchain-1backend_security-battery_r30_audit-off_20260820T020051Z,obs_7de8a9f887fb4254b9aaa0e979e3bf05,2026-08-20T02:03:24.238845+00:00,blockchain,rpc_unavailable,16,1,UAV-VALID,IDENTITY_SERVICE_UNAVAILABLE,IDENTITY_SERVICE_UNAVAILABLE,True,6929504800,6929.5048,52600,6929459500,0,6929459500,0,0,0,0,,,,none,blockchain-rpc_unavailable_0,0,False,239,28,
n10-identities_c1-conc_mech-blockchain-1backend_security-battery_r30_audit-off_20260820T020051Z,obs_595bc87fbf634f8194d6dbd51e0db275,2026-08-20T02:03:31.182887+00:00,blockchain,rpc_unavailable,17,1,UAV-VALID,IDENTITY_SERVICE_UNAVAILABLE,IDENTITY_SERVICE_UNAVAILABLE,True,6939692900,6939.6929,50100,6939644300,0,6939644300,0,0,0,0,,,,none,blockchain-rpc_unavailable_0,0,False,240,28,
n10-identities_c1-conc_mech-blockchain-1backend_security-battery_r30_audit-off_20260820T020051Z,obs_9c6aac402add40da9ceca8e1d4bf9375,2026-08-20T02:03:38.141127+00:00,blockchain,rpc_unavailable,18,1,UAV-VALID,IDENTITY_SERVICE_UNAVAILABLE,IDENTITY_SERVICE_UNAVAILABLE,True,6956329000,6956.329,48300,6956291200,0,6956291200,0,0,0,0,,,,none,blockchain-rpc_unavailable_0,0,False,239,28,
n10-identities_c1-conc_mech-blockchain-1backend_security-battery_r30_audit-off_20260820T020051Z,obs_bd0dbcaa59b544adb5abe2c419080b62,2026-08-20T02:03:45.116824+00:00,blockchain,rpc_unavailable,19,1,UAV-VALID,IDENTITY_SERVICE_UNAVAILABLE,IDENTITY_SERVICE_UNAVAILABLE,True,6973185100,6973.1851,55500,6973144400,0,6973144400,0,0,0,0,,,,none,blockchain-rpc_unavailable_0,0,False,239,28,
n10-identities_c1-conc_mech-blockchain-1backend_security-battery_r30_audit-off_20260820T020051Z,obs_f54188d408894e66ac1522c55d01a72d,2026-08-20T02:03:52.116992+00:00,blockchain,rpc_unavailable,20,1,UAV-VALID,IDENTITY_SERVICE_UNAVAILABLE,IDENTITY_SERVICE_UNAVAILABLE,True,6998082800,6998.0828,57300,6998037400,0,6998037400,0,0,0,0,,,,none,blockchain-rpc_unavailable_0,0,False,240,28,
n10-identities_c1-conc_mech-blockchain-1backend_security-battery_r30_audit-off_20260820T020051Z,obs_bc0f35180861438d8250d4e643ad5607,2026-08-20T02:03:59.067985+00:00,blockchain,rpc_unavailable,21,1,UAV-VALID,IDENTITY_SERVICE_UNAVAILABLE,IDENTITY_SERVICE_UNAVAILABLE,True,6948945800,6948.9458,55500,6948878400,0,6948878400,0,0,0,0,,,,none,blockchain-rpc_unavailable_0,0,False,240,28,
n10-identities_c1-conc_mech-blockchain-1backend_security-battery_r30_audit-off_20260820T020051Z,obs_ec2e7dd8544540719ee7c70377058b16,2026-08-20T02:04:06.024517+00:00,blockchain,rpc_unavailable,22,1,UAV-VALID,IDENTITY_SERVICE_UNAVAILABLE,IDENTITY_SERVICE_UNAVAILABLE,True,6951384600,6951.3846,88500,6951305300,0,6951305300,0,0,0,0,,,,none,blockchain-rpc_unavailable_0,0,False,239,28,
n10-identities_c1-conc_mech-blockchain-1backend_security-battery_r30_audit-off_20260820T020051Z,obs_97d86023debe48cc85d8885468c50b68,2026-08-20T02:04:12.995150+00:00,blockchain,rpc_unavailable,23,1,UAV-VALID,IDENTITY_SERVICE_UNAVAILABLE,IDENTITY_SERVICE_UNAVAILABLE,True,6968332000,6968.332,51400,6968284200,0,6968284200,0,0,0,0,,,,none,blockchain-rpc_unavailable_0,0,False,240,28,
n10-identities_c1-conc_mech-blockchain-1backend_security-battery_r30_audit-off_20260820T020051Z,obs_4abb89f6f78d4635a262e07cfe6b726b,2026-08-20T02:04:19.946751+00:00,blockchain,rpc_unavailable,24,1,UAV-VALID,IDENTITY_SERVICE_UNAVAILABLE,IDENTITY_SERVICE_UNAVAILABLE,True,6948623000,6948.623,53700,6948496500,0,6948496500,0,0,0,0,,,,none,blockchain-rpc_unavailable_0,0,False,239,28,
n10-identities_c1-conc_mech-blockchain-1backend_security-battery_r30_audit-off_20260820T020051Z,obs_f32f23750d6e479a8cfc5fa78da6a9a4,2026-08-20T02:04:26.986910+00:00,blockchain,rpc_unavailable,25,1,UAV-VALID,IDENTITY_SERVICE_UNAVAILABLE,IDENTITY_SERVICE_UNAVAILABLE,True,7036777800,7036.7778,80500,7036721100,0,7036721100,0,0,0,0,,,,none,blockchain-rpc_unavailable_0,0,False,238,28,
n10-identities_c1-conc_mech-blockchain-1backend_security-battery_r30_audit-off_20260820T020051Z,obs_37817f6931aa4dc9bc9cf13e8a977e91,2026-08-20T02:04:34.020539+00:00,blockchain,rpc_unavailable,26,1,UAV-VALID,IDENTITY_SERVICE_UNAVAILABLE,IDENTITY_SERVICE_UNAVAILABLE,True,7031538700,7031.5387,53500,7031488900,0,7031488900,0,0,0,0,,,,none,blockchain-rpc_unavailable_0,0,False,240,28,
n10-identities_c1-conc_mech-blockchain-1backend_security-battery_r30_audit-off_20260820T020051Z,obs_449db756081b49fcb1f80af6866d7dac,2026-08-20T02:04:40.954083+00:00,blockchain,rpc_unavailable,27,1,UAV-VALID,IDENTITY_SERVICE_UNAVAILABLE,IDENTITY_SERVICE_UNAVAILABLE,True,6931328800,6931.3288,52400,6931283500,0,6931283500,0,0,0,0,,,,none,blockchain-rpc_unavailable_0,0,False,239,28,
n10-identities_c1-conc_mech-blockchain-1backend_security-battery_r30_audit-off_20260820T020051Z,obs_f2ca9d89693c4638bf10470cc7f91802,2026-08-20T02:04:47.906705+00:00,blockchain,rpc_unavailable,28,1,UAV-VALID,IDENTITY_SERVICE_UNAVAILABLE,IDENTITY_SERVICE_UNAVAILABLE,True,6950483500,6950.4835,50700,6950438200,0,6950438200,0,0,0,0,,,,none,blockchain-rpc_unavailable_0,0,False,239,28,
n10-identities_c1-conc_mech-blockchain-1backend_security-battery_r30_audit-off_20260820T020051Z,obs_7fa59c7c3a5c433ba9d901eb0c11b8a0,2026-08-20T02:04:54.863950+00:00,blockchain,rpc_unavailable,29,1,UAV-VALID,IDENTITY_SERVICE_UNAVAILABLE,IDENTITY_SERVICE_UNAVAILABLE,True,6955007200,6955.0072,56200,6954958700,0,6954958700,0,0,0,0,,,,none,blockchain-rpc_unavailable_0,0,False,239,28,
n10-identities_c1-conc_mech-x509-1backend_security-battery_r30_audit-off_20260820T020036Z,obs_3f88940b48b94583b559eed8abeca872,2026-08-20T02:00:39.687617+00:00,x509,valid_active,0,1,UAV-VALID,ACCEPTED,ACCEPTED,True,21360000,21.36,79800,5585000,15212700,0,274500,10500,0,0,,,,none,x509-valid_active_0,0,True,238,8,
n10-identities_c1-conc_mech-x509-1backend_security-battery_r30_audit-off_20260820T020036Z,obs_c3269f2cf422405ead07a34adfd080a9,2026-08-20T02:00:39.704115+00:00,x509,valid_active,1,1,UAV-VALID,ACCEPTED,ACCEPTED,True,6480900,6.4809,127700,312200,5587200,0,259300,12500,0,0,,,,none,x509-valid_active_0,0,True,239,8,
n10-identities_c1-conc_mech-x509-1backend_security-battery_r30_audit-off_20260820T020036Z,obs_002761c618334fe3b78af41387e3ddec,2026-08-20T02:00:39.715229+00:00,x509,valid_active,0,1,UAV-VALID,ACCEPTED,ACCEPTED,True,2845800,2.8458,58200,142300,2244900,0,254800,9900,0,0,,,,none,x509-valid_active_0,0,False,240,8,
n10-identities_c1-conc_mech-x509-1backend_security-battery_r30_audit-off_20260820T020036Z,obs_71c58bd742d24c149f662eafae8236ce,2026-08-20T02:00:39.723158+00:00,x509,valid_active,1,1,UAV-VALID,ACCEPTED,ACCEPTED,True,5436200,5.4362,49500,91200,4668400,0,453400,10400,0,0,,,,none,x509-valid_active_0,0,False,239,8,
n10-identities_c1-conc_mech-x509-1backend_security-battery_r30_audit-off_20260820T020036Z,obs_0bab669d2d24458fa957c5a2424b67fb,2026-08-20T02:00:39.733540+00:00,x509,valid_active,2,1,UAV-VALID,ACCEPTED,ACCEPTED,True,3453000,3.453,57900,96000,2971500,0,233400,7200,0,0,,,,none,x509-valid_active_0,0,False,238,8,
n10-identities_c1-conc_mech-x509-1backend_security-battery_r30_audit-off_20260820T020036Z,obs_63abc9fd7b7e4c8eb32ffea8e95a43b0,2026-08-20T02:00:39.744668+00:00,x509,valid_active,3,1,UAV-VALID,ACCEPTED,ACCEPTED,True,8354000,8.354,55800,137100,7748000,0,262400,7200,0,0,,,,none,x509-valid_active_0,0,False,239,8,
n10-identities_c1-conc_mech-x509-1backend_security-battery_r30_audit-off_20260820T020036Z,obs_e83c887817e34ac480cef5367c3677f7,2026-08-20T02:00:39.750126+00:00,x509,valid_active,4,1,UAV-VALID,ACCEPTED,ACCEPTED,True,2391600,2.3916,52000,106300,1926700,0,213000,7500,0,0,,,,none,x509-valid_active_0,0,False,240,8,
n10-identities_c1-conc_mech-x509-1backend_security-battery_r30_audit-off_20260820T020036Z,obs_fb25b5d533824ad6821122b373edabe8,2026-08-20T02:00:39.762859+00:00,x509,valid_active,5,1,UAV-VALID,ACCEPTED,ACCEPTED,True,5914400,5.9144,68300,210500,4712600,0,434200,16100,0,0,,,,none,x509-valid_active_0,0,False,239,8,
n10-identities_c1-conc_mech-x509-1backend_security-battery_r30_audit-off_20260820T020036Z,obs_2d66ad5fe78642519ee2d26fcfa343ee,2026-08-20T02:00:39.768809+00:00,x509,valid_active,6,1,UAV-VALID,ACCEPTED,ACCEPTED,True,2875000,2.875,47900,99100,2415500,0,224500,7200,0,0,,,,none,x509-valid_active_0,0,False,238,8,
n10-identities_c1-conc_mech-x509-1backend_security-battery_r30_audit-off_20260820T020036Z,obs_d2e14d1547a04429a86ae27e445172fb,2026-08-20T02:00:39.779743+00:00,x509,valid_active,7,1,UAV-VALID,ACCEPTED,ACCEPTED,True,2294800,2.2948,66700,120300,1821900,0,201900,6500,0,0,,,,none,x509-valid_active_0,0,False,239,8,
n10-identities_c1-conc_mech-x509-1backend_security-battery_r30_audit-off_20260820T020036Z,obs_7e8c7f55d20449c887b0b41218336934,2026-08-20T02:00:39.784390+00:00,x509,valid_active,8,1,UAV-VALID,ACCEPTED,ACCEPTED,True,2436100,2.4361,46500,101200,1973500,0,216900,7400,0,0,,,,none,x509-valid_active_0,0,False,239,8,
n10-identities_c1-conc_mech-x509-1backend_security-battery_r30_audit-off_20260820T020036Z,obs_3bd5ae345f8d4d7aa1f5f7d7dba5e97e,2026-08-20T02:00:39.794989+00:00,x509,valid_active,9,1,UAV-VALID,ACCEPTED,ACCEPTED,True,2462200,2.4622,56500,118600,1955000,0,231100,7400,0,0,,,,none,x509-valid_active_0,0,False,237,8,
n10-identities_c1-conc_mech-x509-1backend_security-battery_r30_audit-off_20260820T020036Z,obs_ca983e65bf614a82810ed7b3f0630558,2026-08-20T02:00:39.799102+00:00,x509,valid_active,10,1,UAV-VALID,ACCEPTED,ACCEPTED,True,2003800,2.0038,52200,107500,1568500,0,193400,6200,0,0,,,,none,x509-valid_active_0,0,False,239,8,
n10-identities_c1-conc_mech-x509-1backend_security-battery_r30_audit-off_20260820T020036Z,obs_1fbf2c45cd49499891a5118d5ed79632,2026-08-20T02:00:39.808776+00:00,x509,valid_active,11,1,UAV-VALID,ACCEPTED,ACCEPTED,True,3423300,3.4233,63400,109600,2854600,0,260100,7100,0,0,,,,none,x509-valid_active_0,0,False,239,8,
n10-identities_c1-conc_mech-x509-1backend_security-battery_r30_audit-off_20260820T020036Z,obs_1d23e159c1304e529df26e32e20ffe21,2026-08-20T02:00:39.815890+00:00,x509,valid_active,12,1,UAV-VALID,ACCEPTED,ACCEPTED,True,3770600,3.7706,57800,118400,3287200,0,214500,7400,0,0,,,,none,x509-valid_active_0,0,False,239,8,
n10-identities_c1-conc_mech-x509-1backend_security-battery_r30_audit-off_20260820T020036Z,obs_228e71dd97bf4b67aa1c19a2c9125775,2026-08-20T02:00:39.824967+00:00,x509,valid_active,13,1,UAV-VALID,ACCEPTED,ACCEPTED,True,3516700,3.5167,59800,106800,2919000,0,300600,10900,0,0,,,,none,x509-valid_active_0,0,False,240,8,
n10-identities_c1-conc_mech-x509-1backend_security-battery_r30_audit-off_20260820T020036Z,obs_251143848cee41198a37d77722abaf8a,2026-08-20T02:00:39.829814+00:00,x509,valid_active,14,1,UAV-VALID,ACCEPTED,ACCEPTED,True,2109900,2.1099,52900,107700,1660000,0,201300,7100,0,0,,,,none,x509-valid_active_0,0,False,240,8,
n10-identities_c1-conc_mech-x509-1backend_security-battery_r30_audit-off_20260820T020036Z,obs_b972c67268424ddfa1ec936c95e2861b,2026-08-20T02:00:39.837734+00:00,x509,valid_active,15,1,UAV-VALID,ACCEPTED,ACCEPTED,True,3287200,3.2872,42500,202900,2625500,0,232300,6500,0,0,,,,none,x509-valid_active_0,0,False,239,8,
n10-identities_c1-conc_mech-x509-1backend_security-battery_r30_audit-off_20260820T020036Z,obs_3958cb576fe54eb4987f515706d8e0c9,2026-08-20T02:00:39.846002+00:00,x509,valid_active,16,1,UAV-VALID,ACCEPTED,ACCEPTED,True,6109200,6.1092,45300,122300,5593000,0,241400,7600,0,0,,,,none,x509-valid_active_0,0,False,239,8,
n10-identities_c1-conc_mech-x509-1backend_security-battery_r30_audit-off_20260820T020036Z,obs_ec36a3a90be9400c933ef59a5cfdf3fc,2026-08-20T02:00:39.853213+00:00,x509,valid_active,17,1,UAV-VALID,ACCEPTED,ACCEPTED,True,2059400,2.0594,51800,94200,1633900,0,195900,6700,0,0,,,,none,x509-valid_active_0,0,False,239,8,
n10-identities_c1-conc_mech-x509-1backend_security-battery_r30_audit-off_20260820T020036Z,obs_9cbeca8b8283471aa2ab2ba53e9a49e3,2026-08-20T02:00:39.858293+00:00,x509,valid_active,18,1,UAV-VALID,ACCEPTED,ACCEPTED,True,2940800,2.9408,47200,105500,2456600,0,225200,6800,0,0,,,,none,x509-valid_active_0,0,False,238,8,
n10-identities_c1-conc_mech-x509-1backend_security-battery_r30_audit-off_20260820T020036Z,obs_746f24e2ffb1481fb9c123da52786da6,2026-08-20T02:00:39.867802+00:00,x509,valid_active,19,1,UAV-VALID,ACCEPTED,ACCEPTED,True,5563900,5.5639,65700,341100,4773500,0,227400,7300,0,0,,,,none,x509-valid_active_0,0,False,239,8,
n10-identities_c1-conc_mech-x509-1backend_security-battery_r30_audit-off_20260820T020036Z,obs_bcdc22816e8541fea4e7d5e90e061e4b,2026-08-20T02:00:39.872938+00:00,x509,valid_active,20,1,UAV-VALID,ACCEPTED,ACCEPTED,True,3082100,3.0821,48900,103500,2518900,0,287300,7800,0,0,,,,none,x509-valid_active_0,0,False,238,8,
n10-identities_c1-conc_mech-x509-1backend_security-battery_r30_audit-off_20260820T020036Z,obs_62f8e2f3d9bc4cc5aabb8672177b2047,2026-08-20T02:00:39.882602+00:00,x509,valid_active,21,1,UAV-VALID,ACCEPTED,ACCEPTED,True,6792900,6.7929,60000,113600,5485000,0,927600,28000,0,0,,,,none,x509-valid_active_0,0,False,239,8,
n10-identities_c1-conc_mech-x509-1backend_security-battery_r30_audit-off_20260820T020036Z,obs_ca96d6422d2c4335a74de5d4d825ca03,2026-08-20T02:00:39.891854+00:00,x509,valid_active,22,1,UAV-VALID,ACCEPTED,ACCEPTED,True,3822900,3.8229,64800,117200,3293700,0,231600,8200,0,0,,,,none,x509-valid_active_0,0,False,239,8,
n10-identities_c1-conc_mech-x509-1backend_security-battery_r30_audit-off_20260820T020036Z,obs_c6948561e0704204a314c3870b1b02e1,2026-08-20T02:00:39.903921+00:00,x509,valid_active,23,1,UAV-VALID,ACCEPTED,ACCEPTED,True,3827600,3.8276,48800,134100,2493600,0,283200,8000,0,0,,,,none,x509-valid_active_0,0,False,239,8,
n10-identities_c1-conc_mech-x509-1backend_security-battery_r30_audit-off_20260820T020036Z,obs_74190290e7234d51b4fa761a776b2c22,2026-08-20T02:00:39.914648+00:00,x509,valid_active,24,1,UAV-VALID,ACCEPTED,ACCEPTED,True,6650100,6.6501,66900,103700,6167200,0,226600,7100,0,0,,,,none,x509-valid_active_0,0,False,240,8,
n10-identities_c1-conc_mech-x509-1backend_security-battery_r30_audit-off_20260820T020036Z,obs_477229ef2729494db710d24e995e4ffc,2026-08-20T02:00:39.921039+00:00,x509,valid_active,25,1,UAV-VALID,ACCEPTED,ACCEPTED,True,3455100,3.4551,50300,99700,2946600,0,239700,9200,0,0,,,,none,x509-valid_active_0,0,False,239,8,
n10-identities_c1-conc_mech-x509-1backend_security-battery_r30_audit-off_20260820T020036Z,obs_c41963239d4349d68110c6aeaa3dd505,2026-08-20T02:00:39.936000+00:00,x509,valid_active,26,1,UAV-VALID,ACCEPTED,ACCEPTED,True,4853600,4.8536,5355300,138700,4325200,0,211300,7200,0,0,,,,none,x509-valid_active_0,0,False,238,8,
n10-identities_c1-conc_mech-x509-1backend_security-battery_r30_audit-off_20260820T020036Z,obs_11d2d9cc4d014cbe82f6f0748f6c11c4,2026-08-20T02:00:39.947020+00:00,x509,valid_active,27,1,UAV-VALID,ACCEPTED,ACCEPTED,True,8658500,8.6585,47600,89300,8136800,0,256300,7400,0,0,,,,none,x509-valid_active_0,0,False,238,8,
n10-identities_c1-conc_mech-x509-1backend_security-battery_r30_audit-off_20260820T020036Z,obs_75aee432406b4491b97c0ac2b99c758d,2026-08-20T02:00:39.954803+00:00,x509,valid_active,28,1,UAV-VALID,ACCEPTED,ACCEPTED,True,3512900,3.5129,67600,117000,2871100,0,347500,8800,0,0,,,,none,x509-valid_active_0,0,False,239,8,
n10-identities_c1-conc_mech-x509-1backend_security-battery_r30_audit-off_20260820T020036Z,obs_0417cdee12d447739d427e16062680a5,2026-08-20T02:00:39.965447+00:00,x509,valid_active,29,1,UAV-VALID,ACCEPTED,ACCEPTED,True,2909300,2.9093,72700,122500,1669000,0,951700,8500,0,0,,,,none,x509-valid_active_0,0,False,240,8,
n10-identities_c1-conc_mech-x509-1backend_security-battery_r30_audit-off_20260820T020036Z,obs_2c3f3bc1f9214bcda522251b953d8020,2026-08-20T02:00:40.042659+00:00,x509,unknown_uav,0,1,UAV-NOT-REGISTERED,UNKNOWN_IDENTITY,UNKNOWN_IDENTITY,True,257200,0.2572,53500,219600,0,0,0,0,0,0,,,,none,x509-unknown_uav_0,0,True,249,16,
n10-identities_c1-conc_mech-x509-1backend_security-battery_r30_audit-off_20260820T020036Z,obs_a3ebdd54cfb94f5ab5d11ca626c74ae8,2026-08-20T02:00:40.045819+00:00,x509,unknown_uav,1,1,UAV-NOT-REGISTERED,UNKNOWN_IDENTITY,UNKNOWN_IDENTITY,True,239600,0.2396,53700,191000,0,0,0,0,0,0,,,,none,x509-unknown_uav_0,0,True,249,16,
n10-identities_c1-conc_mech-x509-1backend_security-battery_r30_audit-off_20260820T020036Z,obs_605d006d48ec4e679d3e451a0f8fca92,2026-08-20T02:00:40.048765+00:00,x509,unknown_uav,0,1,UAV-NOT-REGISTERED,UNKNOWN_IDENTITY,UNKNOWN_IDENTITY,True,312800,0.3128,51400,266200,0,0,0,0,0,0,,,,none,x509-unknown_uav_0,0,False,249,16,
n10-identities_c1-conc_mech-x509-1backend_security-battery_r30_audit-off_20260820T020036Z,obs_40ad42fc30574e4ba3287fc4fc884887,2026-08-20T02:00:40.053597+00:00,x509,unknown_uav,1,1,UAV-NOT-REGISTERED,UNKNOWN_IDENTITY,UNKNOWN_IDENTITY,True,367800,0.3678,57800,309100,0,0,0,0,0,0,,,,none,x509-unknown_uav_0,0,False,247,16,
n10-identities_c1-conc_mech-x509-1backend_security-battery_r30_audit-off_20260820T020036Z,obs_4e2c4329d76c4d19bdf920330acdb004,2026-08-20T02:00:40.057006+00:00,x509,unknown_uav,2,1,UAV-NOT-REGISTERED,UNKNOWN_IDENTITY,UNKNOWN_IDENTITY,True,519400,0.5194,53400,474100,0,0,0,0,0,0,,,,none,x509-unknown_uav_0,0,False,249,16,
n10-identities_c1-conc_mech-x509-1backend_security-battery_r30_audit-off_20260820T020036Z,obs_2f806526586845a3b2f263bb1f40590f,2026-08-20T02:00:40.060028+00:00,x509,unknown_uav,3,1,UAV-NOT-REGISTERED,UNKNOWN_IDENTITY,UNKNOWN_IDENTITY,True,312000,0.312,55200,262600,0,0,0,0,0,0,,,,none,x509-unknown_uav_0,0,False,247,16,
n10-identities_c1-conc_mech-x509-1backend_security-battery_r30_audit-off_20260820T020036Z,obs_8c27646c540c4a9fb91fd27f3a88f376,2026-08-20T02:00:40.062271+00:00,x509,unknown_uav,4,1,UAV-NOT-REGISTERED,UNKNOWN_IDENTITY,UNKNOWN_IDENTITY,True,220700,0.2207,46900,174400,0,0,0,0,0,0,,,,none,x509-unknown_uav_0,0,False,247,16,
n10-identities_c1-conc_mech-x509-1backend_security-battery_r30_audit-off_20260820T020036Z,obs_020a43fc5bca404bb5079950df6fa77b,2026-08-20T02:00:40.064700+00:00,x509,unknown_uav,5,1,UAV-NOT-REGISTERED,UNKNOWN_IDENTITY,UNKNOWN_IDENTITY,True,270000,0.27,59400,221300,0,0,0,0,0,0,,,,none,x509-unknown_uav_0,0,False,247,16,
n10-identities_c1-conc_mech-x509-1backend_security-battery_r30_audit-off_20260820T020036Z,obs_29d5b8ef2333484c8d763e0843b0a132,2026-08-20T02:00:40.069113+00:00,x509,unknown_uav,6,1,UAV-NOT-REGISTERED,UNKNOWN_IDENTITY,UNKNOWN_IDENTITY,True,595700,0.5957,51300,502900,0,0,0,0,0,0,,,,none,x509-unknown_uav_0,0,False,248,16,
n10-identities_c1-conc_mech-x509-1backend_security-battery_r30_audit-off_20260820T020036Z,obs_ccb6b1add3094379b64287633a6aa540,2026-08-20T02:00:40.071458+00:00,x509,unknown_uav,7,1,UAV-NOT-REGISTERED,UNKNOWN_IDENTITY,UNKNOWN_IDENTITY,True,259300,0.2593,77300,211600,0,0,0,0,0,0,,,,none,x509-unknown_uav_0,0,False,247,16,
n10-identities_c1-conc_mech-x509-1backend_security-battery_r30_audit-off_20260820T020036Z,obs_e1116154e5d84e6fb0c88e76f7610802,2026-08-20T02:00:40.074607+00:00,x509,unknown_uav,8,1,UAV-NOT-REGISTERED,UNKNOWN_IDENTITY,UNKNOWN_IDENTITY,True,327100,0.3271,744100,261500,0,0,0,0,0,0,,,,none,x509-unknown_uav_0,0,False,248,16,
n10-identities_c1-conc_mech-x509-1backend_security-battery_r30_audit-off_20260820T020036Z,obs_551d7bd49c674d68af6b982787a8b727,2026-08-20T02:00:40.077433+00:00,x509,unknown_uav,9,1,UAV-NOT-REGISTERED,UNKNOWN_IDENTITY,UNKNOWN_IDENTITY,True,488300,0.4883,58100,445600,0,0,0,0,0,0,,,,none,x509-unknown_uav_0,0,False,247,16,
n10-identities_c1-conc_mech-x509-1backend_security-battery_r30_audit-off_20260820T020036Z,obs_3ae1411e6db743dd858df5929c5d865a,2026-08-20T02:00:40.079539+00:00,x509,unknown_uav,10,1,UAV-NOT-REGISTERED,UNKNOWN_IDENTITY,UNKNOWN_IDENTITY,True,217700,0.2177,47300,171200,0,0,0,0,0,0,,,,none,x509-unknown_uav_0,0,False,247,16,
n10-identities_c1-conc_mech-x509-1backend_security-battery_r30_audit-off_20260820T020036Z,obs_7499aa6e72cc45dfb1b65d6c9bb7b26e,2026-08-20T02:00:40.082413+00:00,x509,unknown_uav,11,1,UAV-NOT-REGISTERED,UNKNOWN_IDENTITY,UNKNOWN_IDENTITY,True,242800,0.2428,49700,199200,0,0,0,0,0,0,,,,none,x509-unknown_uav_0,0,False,247,16,
n10-identities_c1-conc_mech-x509-1backend_security-battery_r30_audit-off_20260820T020036Z,obs_5c95ed61abad471db340011ab697f2bb,2026-08-20T02:00:40.084666+00:00,x509,unknown_uav,12,1,UAV-NOT-REGISTERED,UNKNOWN_IDENTITY,UNKNOWN_IDENTITY,True,249300,0.2493,57400,198700,0,0,0,0,0,0,,,,none,x509-unknown_uav_0,0,False,247,16,
n10-identities_c1-conc_mech-x509-1backend_security-battery_r30_audit-off_20260820T020036Z,obs_ea68886a49674c89ac2715b10eb905a1,2026-08-20T02:00:40.087191+00:00,x509,unknown_uav,13,1,UAV-NOT-REGISTERED,UNKNOWN_IDENTITY,UNKNOWN_IDENTITY,True,282600,0.2826,54200,229400,0,0,0,0,0,0,,,,none,x509-unknown_uav_0,0,False,247,16,
n10-identities_c1-conc_mech-x509-1backend_security-battery_r30_audit-off_20260820T020036Z,obs_06767bedaa204ee4b612c565c05b3f1a,2026-08-20T02:00:40.089930+00:00,x509,unknown_uav,14,1,UAV-NOT-REGISTERED,UNKNOWN_IDENTITY,UNKNOWN_IDENTITY,True,349200,0.3492,54300,303000,0,0,0,0,0,0,,,,none,x509-unknown_uav_0,0,False,248,16,
n10-identities_c1-conc_mech-x509-1backend_security-battery_r30_audit-off_20260820T020036Z,obs_3e657b297bfc4fd985817cda07c80314,2026-08-20T02:00:40.128647+00:00,x509,unknown_uav,15,1,UAV-NOT-REGISTERED,UNKNOWN_IDENTITY,UNKNOWN_IDENTITY,True,34654100,34.6541,88500,34558200,0,0,0,0,0,0,,,,none,x509-unknown_uav_0,0,False,249,16,
n10-identities_c1-conc_mech-x509-1backend_security-battery_r30_audit-off_20260820T020036Z,obs_6a3a0caebecb49f6a236eccf41ef78dc,2026-08-20T02:00:40.131608+00:00,x509,unknown_uav,16,1,UAV-NOT-REGISTERED,UNKNOWN_IDENTITY,UNKNOWN_IDENTITY,True,388600,0.3886,56000,337100,0,0,0,0,0,0,,,,none,x509-unknown_uav_0,0,False,249,16,
n10-identities_c1-conc_mech-x509-1backend_security-battery_r30_audit-off_20260820T020036Z,obs_bf4312e4e876470294eabcb7f4a4732b,2026-08-20T02:00:40.134651+00:00,x509,unknown_uav,17,1,UAV-NOT-REGISTERED,UNKNOWN_IDENTITY,UNKNOWN_IDENTITY,True,261400,0.2614,64300,211500,0,0,0,0,0,0,,,,none,x509-unknown_uav_0,0,False,247,16,
n10-identities_c1-conc_mech-x509-1backend_security-battery_r30_audit-off_20260820T020036Z,obs_fe01945000d74b499c002ec3fae33c6e,2026-08-20T02:00:40.137001+00:00,x509,unknown_uav,18,1,UAV-NOT-REGISTERED,UNKNOWN_IDENTITY,UNKNOWN_IDENTITY,True,186500,0.1865,67800,149800,0,0,0,0,0,0,,,,none,x509-unknown_uav_0,0,False,249,16,
n10-identities_c1-conc_mech-x509-1backend_security-battery_r30_audit-off_20260820T020036Z,obs_4ee0aa5f73df4685b22e4dcce12ecdd8,2026-08-20T02:00:40.139458+00:00,x509,unknown_uav,19,1,UAV-NOT-REGISTERED,UNKNOWN_IDENTITY,UNKNOWN_IDENTITY,True,438100,0.4381,56700,391000,0,0,0,0,0,0,,,,none,x509-unknown_uav_0,0,False,247,16,
n10-identities_c1-conc_mech-x509-1backend_security-battery_r30_audit-off_20260820T020036Z,obs_f7386863dc6d4d8da8e48f53da4bc056,2026-08-20T02:00:40.144781+00:00,x509,unknown_uav,20,1,UAV-NOT-REGISTERED,UNKNOWN_IDENTITY,UNKNOWN_IDENTITY,True,471400,0.4714,59400,411400,0,0,0,0,0,0,,,,none,x509-unknown_uav_0,0,False,248,16,
n10-identities_c1-conc_mech-x509-1backend_security-battery_r30_audit-off_20260820T020036Z,obs_56ff77190f8e4f998292d24b501f7cd0,2026-08-20T02:00:40.149300+00:00,x509,unknown_uav,21,1,UAV-NOT-REGISTERED,UNKNOWN_IDENTITY,UNKNOWN_IDENTITY,True,313000,0.313,80200,213400,0,0,0,0,0,0,,,,none,x509-unknown_uav_0,0,False,248,16,
n10-identities_c1-conc_mech-x509-1backend_security-battery_r30_audit-off_20260820T020036Z,obs_913bd2b7553a45d1bfb6d6d61228a47a,2026-08-20T02:00:40.153252+00:00,x509,unknown_uav,22,1,UAV-NOT-REGISTERED,UNKNOWN_IDENTITY,UNKNOWN_IDENTITY,True,358600,0.3586,75600,301800,0,0,0,0,0,0,,,,none,x509-unknown_uav_0,0,False,248,16,
n10-identities_c1-conc_mech-x509-1backend_security-battery_r30_audit-off_20260820T020036Z,obs_47622ed5590b41948c672559c8a0cccc,2026-08-20T02:00:40.156411+00:00,x509,unknown_uav,23,1,UAV-NOT-REGISTERED,UNKNOWN_IDENTITY,UNKNOWN_IDENTITY,True,241800,0.2418,59500,190100,0,0,0,0,0,0,,,,none,x509-unknown_uav_0,0,False,247,16,
n10-identities_c1-conc_mech-x509-1backend_security-battery_r30_audit-off_20260820T020036Z,obs_fd700cc10d5b41e0943774c5da967094,2026-08-20T02:00:40.160037+00:00,x509,unknown_uav,24,1,UAV-NOT-REGISTERED,UNKNOWN_IDENTITY,UNKNOWN_IDENTITY,True,284000,0.284,62100,236000,0,0,0,0,0,0,,,,none,x509-unknown_uav_0,0,False,248,16,
n10-identities_c1-conc_mech-x509-1backend_security-battery_r30_audit-off_20260820T020036Z,obs_ee5af5ed38d546dfb62a5744ed47db13,2026-08-20T02:00:40.162232+00:00,x509,unknown_uav,25,1,UAV-NOT-REGISTERED,UNKNOWN_IDENTITY,UNKNOWN_IDENTITY,True,210100,0.2101,42900,173100,0,0,0,0,0,0,,,,none,x509-unknown_uav_0,0,False,247,16,
n10-identities_c1-conc_mech-x509-1backend_security-battery_r30_audit-off_20260820T020036Z,obs_ca612a29bd384dbc8f4822881d0fb055,2026-08-20T02:00:40.163898+00:00,x509,unknown_uav,26,1,UAV-NOT-REGISTERED,UNKNOWN_IDENTITY,UNKNOWN_IDENTITY,True,253200,0.2532,41000,213400,0,0,0,0,0,0,,,,none,x509-unknown_uav_0,0,False,249,16,
n10-identities_c1-conc_mech-x509-1backend_security-battery_r30_audit-off_20260820T020036Z,obs_f74c7d0181ab4ff1a3e9e7529880fd66,2026-08-20T02:00:40.166409+00:00,x509,unknown_uav,27,1,UAV-NOT-REGISTERED,UNKNOWN_IDENTITY,UNKNOWN_IDENTITY,True,299100,0.2991,57700,253000,0,0,0,0,0,0,,,,none,x509-unknown_uav_0,0,False,248,16,
n10-identities_c1-conc_mech-x509-1backend_security-battery_r30_audit-off_20260820T020036Z,obs_fa9dbfbc08804e9097cbe3c4bfb10b8d,2026-08-20T02:00:40.169218+00:00,x509,unknown_uav,28,1,UAV-NOT-REGISTERED,UNKNOWN_IDENTITY,UNKNOWN_IDENTITY,True,320700,0.3207,51500,278600,0,0,0,0,0,0,,,,none,x509-unknown_uav_0,0,False,249,16,
n10-identities_c1-conc_mech-x509-1backend_security-battery_r30_audit-off_20260820T020036Z,obs_d5b4a16351e1444caa7c6e6fde41a62d,2026-08-20T02:00:40.171463+00:00,x509,unknown_uav,29,1,UAV-NOT-REGISTERED,UNKNOWN_IDENTITY,UNKNOWN_IDENTITY,True,241400,0.2414,54600,198100,0,0,0,0,0,0,,,,none,x509-unknown_uav_0,0,False,247,16,
n10-identities_c1-conc_mech-x509-1backend_security-battery_r30_audit-off_20260820T020036Z,obs_8cacd22e97d544a8aad56aeb04c6ba58,2026-08-20T02:00:40.353880+00:00,x509,impersonation_wrong_key,0,1,UAV-VALID,INVALID_SIGNATURE,INVALID_SIGNATURE,True,3163200,3.1632,62300,869400,1847200,0,300200,0,0,0,,,,none,x509-impersonation_wrong_key_0,0,True,239,17,
n10-identities_c1-conc_mech-x509-1backend_security-battery_r30_audit-off_20260820T020036Z,obs_7321877bfcb544d3a28f682b5145b0fc,2026-08-20T02:00:40.364092+00:00,x509,impersonation_wrong_key,1,1,UAV-VALID,INVALID_SIGNATURE,INVALID_SIGNATURE,True,2543100,2.5431,255900,146300,1996200,0,216700,0,0,0,,,,none,x509-impersonation_wrong_key_0,0,True,239,17,
n10-identities_c1-conc_mech-x509-1backend_security-battery_r30_audit-off_20260820T020036Z,obs_7ddde23b321b4dc5964e84bac49bf5a3,2026-08-20T02:00:40.370030+00:00,x509,impersonation_wrong_key,0,1,UAV-VALID,INVALID_SIGNATURE,INVALID_SIGNATURE,True,2567800,2.5678,58700,111200,2023200,0,272600,0,0,0,,,,none,x509-impersonation_wrong_key_0,0,False,240,17,
n10-identities_c1-conc_mech-x509-1backend_security-battery_r30_audit-off_20260820T020036Z,obs_964919f6abec4d8fb6fcbf9173687120,2026-08-20T02:00:40.375044+00:00,x509,impersonation_wrong_key,1,1,UAV-VALID,INVALID_SIGNATURE,INVALID_SIGNATURE,True,2596600,2.5966,51700,86700,2136300,0,240000,0,0,0,,,,none,x509-impersonation_wrong_key_0,0,False,238,17,
n10-identities_c1-conc_mech-x509-1backend_security-battery_r30_audit-off_20260820T020036Z,obs_c93600d23f0441e0a3b4a473f32968f0,2026-08-20T02:00:40.380620+00:00,x509,impersonation_wrong_key,2,1,UAV-VALID,INVALID_SIGNATURE,INVALID_SIGNATURE,True,2389900,2.3899,56900,96100,1852800,0,265900,0,0,0,,,,none,x509-impersonation_wrong_key_0,0,False,238,17,
n10-identities_c1-conc_mech-x509-1backend_security-battery_r30_audit-off_20260820T020036Z,obs_28b537e719a946b9bb634242993e3d11,2026-08-20T02:00:40.387878+00:00,x509,impersonation_wrong_key,3,1,UAV-VALID,INVALID_SIGNATURE,INVALID_SIGNATURE,True,2905600,2.9056,57500,123100,2371200,0,241800,0,0,0,,,,none,x509-impersonation_wrong_key_0,0,False,240,17,
n10-identities_c1-conc_mech-x509-1backend_security-battery_r30_audit-off_20260820T020036Z,obs_8e5cb1d7340946d8a16945eed1a03a8e,2026-08-20T02:00:40.393467+00:00,x509,impersonation_wrong_key,4,1,UAV-VALID,INVALID_SIGNATURE,INVALID_SIGNATURE,True,2958600,2.9586,48100,115400,2447200,0,235800,0,0,0,,,,none,x509-impersonation_wrong_key_0,0,False,240,17,
n10-identities_c1-conc_mech-x509-1backend_security-battery_r30_audit-off_20260820T020036Z,obs_b3146acd740348ef8eb56f1d73d37875,2026-08-20T02:00:40.397943+00:00,x509,impersonation_wrong_key,5,1,UAV-VALID,INVALID_SIGNATURE,INVALID_SIGNATURE,True,2100800,2.1008,50000,90200,1645000,0,226800,0,0,0,,,,none,x509-impersonation_wrong_key_0,0,False,239,17,
n10-identities_c1-conc_mech-x509-1backend_security-battery_r30_audit-off_20260820T020036Z,obs_b4c7981165dc4c7f8ad4d8b61c2baa42,2026-08-20T02:00:40.403245+00:00,x509,impersonation_wrong_key,6,1,UAV-VALID,INVALID_SIGNATURE,INVALID_SIGNATURE,True,2317700,2.3177,62600,103800,1821300,0,234800,0,0,0,,,,none,x509-impersonation_wrong_key_0,0,False,239,17,
n10-identities_c1-conc_mech-x509-1backend_security-battery_r30_audit-off_20260820T020036Z,obs_bb29869d2eaf4e14b401aa894dcb84e0,2026-08-20T02:00:40.409366+00:00,x509,impersonation_wrong_key,7,1,UAV-VALID,INVALID_SIGNATURE,INVALID_SIGNATURE,True,3002800,3.0028,58900,390400,2191800,0,263500,0,0,0,,,,none,x509-impersonation_wrong_key_0,0,False,240,17,
n10-identities_c1-conc_mech-x509-1backend_security-battery_r30_audit-off_20260820T020036Z,obs_163a272f7023439db90f00a4f24882e3,2026-08-20T02:00:40.415128+00:00,x509,impersonation_wrong_key,8,1,UAV-VALID,INVALID_SIGNATURE,INVALID_SIGNATURE,True,2576200,2.5762,69300,130400,2095900,0,210800,0,0,0,,,,none,x509-impersonation_wrong_key_0,0,False,239,17,
n10-identities_c1-conc_mech-x509-1backend_security-battery_r30_audit-off_20260820T020036Z,obs_a9a356e7444446b1bd185ead2bf1618f,2026-08-20T02:00:40.420321+00:00,x509,impersonation_wrong_key,9,1,UAV-VALID,INVALID_SIGNATURE,INVALID_SIGNATURE,True,2356200,2.3562,48800,97900,1751900,0,352700,0,0,0,,,,none,x509-impersonation_wrong_key_0,0,False,239,17,
n10-identities_c1-conc_mech-x509-1backend_security-battery_r30_audit-off_20260820T020036Z,obs_ebebccb6082e45dab8a0754359f55739,2026-08-20T02:00:40.425559+00:00,x509,impersonation_wrong_key,10,1,UAV-VALID,INVALID_SIGNATURE,INVALID_SIGNATURE,True,1956600,1.9566,65800,128600,1502500,0,194400,0,0,0,,,,none,x509-impersonation_wrong_key_0,0,False,239,17,
n10-identities_c1-conc_mech-x509-1backend_security-battery_r30_audit-off_20260820T020036Z,obs_bbeadceba0e646c59c1bb2d89ca23cdc,2026-08-20T02:00:40.430199+00:00,x509,impersonation_wrong_key,11,1,UAV-VALID,INVALID_SIGNATURE,INVALID_SIGNATURE,True,2192200,2.1922,48100,88200,1780400,0,196800,0,0,0,,,,none,x509-impersonation_wrong_key_0,0,False,238,17,
n10-identities_c1-conc_mech-x509-1backend_security-battery_r30_audit-off_20260820T020036Z,obs_dbedca7db0c04e14a75882adad55b098,2026-08-20T02:00:40.434880+00:00,x509,impersonation_wrong_key,12,1,UAV-VALID,INVALID_SIGNATURE,INVALID_SIGNATURE,True,2439300,2.4393,40300,96800,2015300,0,196700,0,0,0,,,,none,x509-impersonation_wrong_key_0,0,False,238,17,
n10-identities_c1-conc_mech-x509-1backend_security-battery_r30_audit-off_20260820T020036Z,obs_8631af39a2c44e43b43d694843c36942,2026-08-20T02:00:40.441556+00:00,x509,impersonation_wrong_key,13,1,UAV-VALID,INVALID_SIGNATURE,INVALID_SIGNATURE,True,3213300,3.2133,56100,131800,2680200,0,225500,0,0,0,,,,none,x509-impersonation_wrong_key_0,0,False,239,17,
n10-identities_c1-conc_mech-x509-1backend_security-battery_r30_audit-off_20260820T020036Z,obs_5db622e7e0f6462b98644b5d1e6ff5a5,2026-08-20T02:00:40.447767+00:00,x509,impersonation_wrong_key,14,1,UAV-VALID,INVALID_SIGNATURE,INVALID_SIGNATURE,True,2631600,2.6316,57900,99800,2145500,0,237500,0,0,0,,,,none,x509-impersonation_wrong_key_0,0,False,239,17,
n10-identities_c1-conc_mech-x509-1backend_security-battery_r30_audit-off_20260820T020036Z,obs_c58b04f3f3bd4676aae36bfaf8fa93ec,2026-08-20T02:00:40.454139+00:00,x509,impersonation_wrong_key,15,1,UAV-VALID,INVALID_SIGNATURE,INVALID_SIGNATURE,True,2962900,2.9629,61600,188200,2384700,0,194500,0,0,0,,,,none,x509-impersonation_wrong_key_0,0,False,239,17,
n10-identities_c1-conc_mech-x509-1backend_security-battery_r30_audit-off_20260820T020036Z,obs_5919b3b84fb54d4bb817af8a1a4073f5,2026-08-20T02:00:40.460998+00:00,x509,impersonation_wrong_key,16,1,UAV-VALID,INVALID_SIGNATURE,INVALID_SIGNATURE,True,2648000,2.648,62500,105000,2064600,0,321100,0,0,0,,,,none,x509-impersonation_wrong_key_0,0,False,240,17,
n10-identities_c1-conc_mech-x509-1backend_security-battery_r30_audit-off_20260820T020036Z,obs_fac4bab214454b51bc0a825b75f67d21,2026-08-20T02:00:40.470526+00:00,x509,impersonation_wrong_key,17,1,UAV-VALID,INVALID_SIGNATURE,INVALID_SIGNATURE,True,3031600,3.0316,68100,185000,2313700,0,314300,0,0,0,,,,none,x509-impersonation_wrong_key_0,0,False,239,17,
n10-identities_c1-conc_mech-x509-1backend_security-battery_r30_audit-off_20260820T020036Z,obs_3ac4451a03d24d4f9b3a7a726145b534,2026-08-20T02:00:40.476297+00:00,x509,impersonation_wrong_key,18,1,UAV-VALID,INVALID_SIGNATURE,INVALID_SIGNATURE,True,2642600,2.6426,56700,165800,1995300,0,282700,0,0,0,,,,none,x509-impersonation_wrong_key_0,0,False,239,17,
n10-identities_c1-conc_mech-x509-1backend_security-battery_r30_audit-off_20260820T020036Z,obs_40cb81056d4a4add8c43dc8a97148d31,2026-08-20T02:00:40.483019+00:00,x509,impersonation_wrong_key,19,1,UAV-VALID,INVALID_SIGNATURE,INVALID_SIGNATURE,True,3808800,3.8088,60600,97100,3362600,0,216200,0,0,0,,,,none,x509-impersonation_wrong_key_0,0,False,238,17,
n10-identities_c1-conc_mech-x509-1backend_security-battery_r30_audit-off_20260820T020036Z,obs_749f65d6854d4218a582de654c238e73,2026-08-20T02:00:40.489149+00:00,x509,impersonation_wrong_key,20,1,UAV-VALID,INVALID_SIGNATURE,INVALID_SIGNATURE,True,3116300,3.1163,63800,122100,2469900,0,268800,0,0,0,,,,none,x509-impersonation_wrong_key_0,0,False,240,17,
n10-identities_c1-conc_mech-x509-1backend_security-battery_r30_audit-off_20260820T020036Z,obs_60d6cac202e144f2a5255afe23938bde,2026-08-20T02:00:40.496977+00:00,x509,impersonation_wrong_key,21,1,UAV-VALID,INVALID_SIGNATURE,INVALID_SIGNATURE,True,3227700,3.2277,72000,307300,2458900,0,304200,0,0,0,,,,none,x509-impersonation_wrong_key_0,0,False,240,17,
n10-identities_c1-conc_mech-x509-1backend_security-battery_r30_audit-off_20260820T020036Z,obs_1c99368190184c69b0cbf3841a1ededf,2026-08-20T02:00:40.502900+00:00,x509,impersonation_wrong_key,22,1,UAV-VALID,INVALID_SIGNATURE,INVALID_SIGNATURE,True,2479600,2.4796,63800,100700,2043500,0,199100,0,0,0,,,,none,x509-impersonation_wrong_key_0,0,False,240,17,
n10-identities_c1-conc_mech-x509-1backend_security-battery_r30_audit-off_20260820T020036Z,obs_5bef2f2900d54cff989607066d3d60eb,2026-08-20T02:00:40.508788+00:00,x509,impersonation_wrong_key,23,1,UAV-VALID,INVALID_SIGNATURE,INVALID_SIGNATURE,True,2951000,2.951,58800,99000,2498300,0,209300,0,0,0,,,,none,x509-impersonation_wrong_key_0,0,False,239,17,
n10-identities_c1-conc_mech-x509-1backend_security-battery_r30_audit-off_20260820T020036Z,obs_fce7509bf09c4069b504432adaca8ffc,2026-08-20T02:00:40.516067+00:00,x509,impersonation_wrong_key,24,1,UAV-VALID,INVALID_SIGNATURE,INVALID_SIGNATURE,True,3077600,3.0776,65600,98400,2569400,0,248800,0,0,0,,,,none,x509-impersonation_wrong_key_0,0,False,240,17,
n10-identities_c1-conc_mech-x509-1backend_security-battery_r30_audit-off_20260820T020036Z,obs_ea7b1ee131d14414821664bb69cbb125,2026-08-20T02:00:40.523387+00:00,x509,impersonation_wrong_key,25,1,UAV-VALID,INVALID_SIGNATURE,INVALID_SIGNATURE,True,3982000,3.982,58800,204500,3293200,0,289200,0,0,0,,,,none,x509-impersonation_wrong_key_0,0,False,238,17,
n10-identities_c1-conc_mech-x509-1backend_security-battery_r30_audit-off_20260820T020036Z,obs_872753c1ccdd4eb79d783fe5c182ab2d,2026-08-20T02:00:40.531643+00:00,x509,impersonation_wrong_key,26,1,UAV-VALID,INVALID_SIGNATURE,INVALID_SIGNATURE,True,2971100,2.9711,54200,125700,2410800,0,260900,0,0,0,,,,none,x509-impersonation_wrong_key_0,0,False,239,17,
n10-identities_c1-conc_mech-x509-1backend_security-battery_r30_audit-off_20260820T020036Z,obs_29a787c76b004bed86b6cb224a6bd2d7,2026-08-20T02:00:40.536391+00:00,x509,impersonation_wrong_key,27,1,UAV-VALID,INVALID_SIGNATURE,INVALID_SIGNATURE,True,2136800,2.1368,61100,95000,1721000,0,196900,0,0,0,,,,none,x509-impersonation_wrong_key_0,0,False,238,17,
n10-identities_c1-conc_mech-x509-1backend_security-battery_r30_audit-off_20260820T020036Z,obs_66ba4afa31584f4e9e09f42886d734bc,2026-08-20T02:00:40.543524+00:00,x509,impersonation_wrong_key,28,1,UAV-VALID,INVALID_SIGNATURE,INVALID_SIGNATURE,True,4468900,4.4689,55500,129600,3964000,0,238200,0,0,0,,,,none,x509-impersonation_wrong_key_0,0,False,239,17,
n10-identities_c1-conc_mech-x509-1backend_security-battery_r30_audit-off_20260820T020036Z,obs_7669c68cd4644d73a24abff89bdf274b,2026-08-20T02:00:40.549453+00:00,x509,impersonation_wrong_key,29,1,UAV-VALID,INVALID_SIGNATURE,INVALID_SIGNATURE,True,2476100,2.4761,82100,133500,1963400,0,214600,0,0,0,,,,none,x509-impersonation_wrong_key_0,0,False,240,17,
n10-identities_c1-conc_mech-x509-1backend_security-battery_r30_audit-off_20260820T020036Z,obs_2061356b6fb74f50b760983b3cbdfe67,2026-08-20T02:00:40.729180+00:00,x509,replay,0,1,UAV-VALID,REPLAY_DETECTED,REPLAY_DETECTED,True,107000,0.107,422500,0,0,0,0,0,0,0,,,,none,x509-replay_0,0,True,240,15,
n10-identities_c1-conc_mech-x509-1backend_security-battery_r30_audit-off_20260820T020036Z,obs_4ed4e8df2e1e4a34a613636e73d5fc7c,2026-08-20T02:00:40.734827+00:00,x509,replay,1,1,UAV-VALID,REPLAY_DETECTED,REPLAY_DETECTED,True,41300,0.0413,54600,0,0,0,0,0,0,0,,,,none,x509-replay_0,0,True,239,15,
n10-identities_c1-conc_mech-x509-1backend_security-battery_r30_audit-off_20260820T020036Z,obs_9c5caeabd7f143d1b574cf7fd506a337,2026-08-20T02:00:40.740476+00:00,x509,replay,0,1,UAV-VALID,REPLAY_DETECTED,REPLAY_DETECTED,True,50100,0.0501,51500,0,0,0,0,0,0,0,,,,none,x509-replay_0,0,False,239,15,
n10-identities_c1-conc_mech-x509-1backend_security-battery_r30_audit-off_20260820T020036Z,obs_dc7198e543f243fda69783cd77141cd5,2026-08-20T02:00:40.751575+00:00,x509,replay,1,1,UAV-VALID,REPLAY_DETECTED,REPLAY_DETECTED,True,48300,0.0483,57200,0,0,0,0,0,0,0,,,,none,x509-replay_0,0,False,239,15,
n10-identities_c1-conc_mech-x509-1backend_security-battery_r30_audit-off_20260820T020036Z,obs_1aca78c831ce4c578e33dcb9801d163b,2026-08-20T02:00:40.757502+00:00,x509,replay,2,1,UAV-VALID,REPLAY_DETECTED,REPLAY_DETECTED,True,169100,0.1691,60600,0,0,0,0,0,0,0,,,,none,x509-replay_0,0,False,240,15,
n10-identities_c1-conc_mech-x509-1backend_security-battery_r30_audit-off_20260820T020036Z,obs_909ba26ebd374b5d893d4bd45cc46548,2026-08-20T02:00:40.767159+00:00,x509,replay,3,1,UAV-VALID,REPLAY_DETECTED,REPLAY_DETECTED,True,47200,0.0472,54700,0,0,0,0,0,0,0,,,,none,x509-replay_0,0,False,238,15,
n10-identities_c1-conc_mech-x509-1backend_security-battery_r30_audit-off_20260820T020036Z,obs_b6fa29b1a84f4f158d874e0dc73d5516,2026-08-20T02:00:40.777647+00:00,x509,replay,4,1,UAV-VALID,REPLAY_DETECTED,REPLAY_DETECTED,True,48300,0.0483,57100,0,0,0,0,0,0,0,,,,none,x509-replay_0,0,False,239,15,
n10-identities_c1-conc_mech-x509-1backend_security-battery_r30_audit-off_20260820T020036Z,obs_5860928f0eb646c2b2f533fb40f5b133,2026-08-20T02:00:40.782702+00:00,x509,replay,5,1,UAV-VALID,REPLAY_DETECTED,REPLAY_DETECTED,True,42300,0.0423,51800,0,0,0,0,0,0,0,,,,none,x509-replay_0,0,False,238,15,
n10-identities_c1-conc_mech-x509-1backend_security-battery_r30_audit-off_20260820T020036Z,obs_5c227879b4e141c59f92a2e8911eaae3,2026-08-20T02:00:40.790113+00:00,x509,replay,6,1,UAV-VALID,REPLAY_DETECTED,REPLAY_DETECTED,True,102700,0.1027,54600,0,0,0,0,0,0,0,,,,none,x509-replay_0,0,False,238,15,
n10-identities_c1-conc_mech-x509-1backend_security-battery_r30_audit-off_20260820T020036Z,obs_06f0b4625db14541bd37c651ca0a1b5f,2026-08-20T02:00:40.797213+00:00,x509,replay,7,1,UAV-VALID,REPLAY_DETECTED,REPLAY_DETECTED,True,49300,0.0493,54900,0,0,0,0,0,0,0,,,,none,x509-replay_0,0,False,238,15,
n10-identities_c1-conc_mech-x509-1backend_security-battery_r30_audit-off_20260820T020036Z,obs_f7303fc79d874bd78e0fa69ed0f52173,2026-08-20T02:00:40.812903+00:00,x509,replay,8,1,UAV-VALID,REPLAY_DETECTED,REPLAY_DETECTED,True,50900,0.0509,55900,0,0,0,0,0,0,0,,,,none,x509-replay_0,0,False,238,15,
n10-identities_c1-conc_mech-x509-1backend_security-battery_r30_audit-off_20260820T020036Z,obs_95bb0a81744a4de4be2a10d9112799af,2026-08-20T02:00:40.825122+00:00,x509,replay,9,1,UAV-VALID,REPLAY_DETECTED,REPLAY_DETECTED,True,44200,0.0442,63700,0,0,0,0,0,0,0,,,,none,x509-replay_0,0,False,239,15,
n10-identities_c1-conc_mech-x509-1backend_security-battery_r30_audit-off_20260820T020036Z,obs_f909367b4095412ebe3fc82cbf460479,2026-08-20T02:00:40.831581+00:00,x509,replay,10,1,UAV-VALID,REPLAY_DETECTED,REPLAY_DETECTED,True,44200,0.0442,55100,0,0,0,0,0,0,0,,,,none,x509-replay_0,0,False,239,15,
n10-identities_c1-conc_mech-x509-1backend_security-battery_r30_audit-off_20260820T020036Z,obs_460fb090d46a42e39f0b41687befa36c,2026-08-20T02:00:40.837881+00:00,x509,replay,11,1,UAV-VALID,REPLAY_DETECTED,REPLAY_DETECTED,True,42500,0.0425,54800,0,0,0,0,0,0,0,,,,none,x509-replay_0,0,False,239,15,
n10-identities_c1-conc_mech-x509-1backend_security-battery_r30_audit-off_20260820T020036Z,obs_b94c13a482984f5aaf032ceebfd01744,2026-08-20T02:00:40.843559+00:00,x509,replay,12,1,UAV-VALID,REPLAY_DETECTED,REPLAY_DETECTED,True,47000,0.047,46500,0,0,0,0,0,0,0,,,,none,x509-replay_0,0,False,239,15,
n10-identities_c1-conc_mech-x509-1backend_security-battery_r30_audit-off_20260820T020036Z,obs_f1113cb181124bf18925f0e136f91267,2026-08-20T02:00:40.853744+00:00,x509,replay,13,1,UAV-VALID,REPLAY_DETECTED,REPLAY_DETECTED,True,59000,0.059,198100,0,0,0,0,0,0,0,,,,none,x509-replay_0,0,False,240,15,
n10-identities_c1-conc_mech-x509-1backend_security-battery_r30_audit-off_20260820T020036Z,obs_68d3242d175146898d09d2aa627d01e1,2026-08-20T02:00:40.868503+00:00,x509,replay,14,1,UAV-VALID,REPLAY_DETECTED,REPLAY_DETECTED,True,49200,0.0492,57300,0,0,0,0,0,0,0,,,,none,x509-replay_0,0,False,239,15,
n10-identities_c1-conc_mech-x509-1backend_security-battery_r30_audit-off_20260820T020036Z,obs_ba91b201950244a9a797aeb050d04647,2026-08-20T02:00:40.874352+00:00,x509,replay,15,1,UAV-VALID,REPLAY_DETECTED,REPLAY_DETECTED,True,48300,0.0483,61700,0,0,0,0,0,0,0,,,,none,x509-replay_0,0,False,239,15,
n10-identities_c1-conc_mech-x509-1backend_security-battery_r30_audit-off_20260820T020036Z,obs_06d7cb3f7031492fb10534b97f20d856,2026-08-20T02:00:40.884488+00:00,x509,replay,16,1,UAV-VALID,REPLAY_DETECTED,REPLAY_DETECTED,True,60300,0.0603,58800,0,0,0,0,0,0,0,,,,none,x509-replay_0,0,False,239,15,
n10-identities_c1-conc_mech-x509-1backend_security-battery_r30_audit-off_20260820T020036Z,obs_acfd87f66caa4f1a9f1cb9a1cac765d6,2026-08-20T02:00:40.892129+00:00,x509,replay,17,1,UAV-VALID,REPLAY_DETECTED,REPLAY_DETECTED,True,55200,0.0552,51400,0,0,0,0,0,0,0,,,,none,x509-replay_0,0,False,239,15,
n10-identities_c1-conc_mech-x509-1backend_security-battery_r30_audit-off_20260820T020036Z,obs_a565a3e03a8a48d6bc3e155a8a98caa5,2026-08-20T02:00:40.901219+00:00,x509,replay,18,1,UAV-VALID,REPLAY_DETECTED,REPLAY_DETECTED,True,40600,0.0406,59600,0,0,0,0,0,0,0,,,,none,x509-replay_0,0,False,239,15,
n10-identities_c1-conc_mech-x509-1backend_security-battery_r30_audit-off_20260820T020036Z,obs_ae3266499cf94d3da7b84cf90400ec65,2026-08-20T02:00:40.906320+00:00,x509,replay,19,1,UAV-VALID,REPLAY_DETECTED,REPLAY_DETECTED,True,55900,0.0559,56600,0,0,0,0,0,0,0,,,,none,x509-replay_0,0,False,240,15,
n10-identities_c1-conc_mech-x509-1backend_security-battery_r30_audit-off_20260820T020036Z,obs_b01e8a3795e04e9bb22c66411c38bf4f,2026-08-20T02:00:40.920776+00:00,x509,replay,20,1,UAV-VALID,REPLAY_DETECTED,REPLAY_DETECTED,True,48900,0.0489,53000,0,0,0,0,0,0,0,,,,none,x509-replay_0,0,False,239,15,
n10-identities_c1-conc_mech-x509-1backend_security-battery_r30_audit-off_20260820T020036Z,obs_8b6ce94d63e64520b9e4d78e07ff3a1c,2026-08-20T02:00:40.933548+00:00,x509,replay,21,1,UAV-VALID,REPLAY_DETECTED,REPLAY_DETECTED,True,244500,0.2445,54600,0,0,0,0,0,0,0,,,,none,x509-replay_0,0,False,239,15,
n10-identities_c1-conc_mech-x509-1backend_security-battery_r30_audit-off_20260820T020036Z,obs_e6e8477857454c4babe5c335c0c80660,2026-08-20T02:00:40.947862+00:00,x509,replay,22,1,UAV-VALID,REPLAY_DETECTED,REPLAY_DETECTED,True,41800,0.0418,79000,0,0,0,0,0,0,0,,,,none,x509-replay_0,0,False,240,15,
n10-identities_c1-conc_mech-x509-1backend_security-battery_r30_audit-off_20260820T020036Z,obs_c5011be52179406fbe3699929725f67e,2026-08-20T02:00:40.953069+00:00,x509,replay,23,1,UAV-VALID,REPLAY_DETECTED,REPLAY_DETECTED,True,44800,0.0448,60100,0,0,0,0,0,0,0,,,,none,x509-replay_0,0,False,239,15,
n10-identities_c1-conc_mech-x509-1backend_security-battery_r30_audit-off_20260820T020036Z,obs_3f744bb4e86c41b9a3ec34f9c93857a3,2026-08-20T02:00:40.963120+00:00,x509,replay,24,1,UAV-VALID,REPLAY_DETECTED,REPLAY_DETECTED,True,43100,0.0431,53200,0,0,0,0,0,0,0,,,,none,x509-replay_0,0,False,239,15,
n10-identities_c1-conc_mech-x509-1backend_security-battery_r30_audit-off_20260820T020036Z,obs_908bb2daf6264617bfd73a5729ff36e2,2026-08-20T02:00:40.969005+00:00,x509,replay,25,1,UAV-VALID,REPLAY_DETECTED,REPLAY_DETECTED,True,50000,0.05,58900,0,0,0,0,0,0,0,,,,none,x509-replay_0,0,False,240,15,
n10-identities_c1-conc_mech-x509-1backend_security-battery_r30_audit-off_20260820T020036Z,obs_9b3442188e844fcf9573107e278924db,2026-08-20T02:00:40.980011+00:00,x509,replay,26,1,UAV-VALID,REPLAY_DETECTED,REPLAY_DETECTED,True,47200,0.0472,72000,0,0,0,0,0,0,0,,,,none,x509-replay_0,0,False,239,15,
n10-identities_c1-conc_mech-x509-1backend_security-battery_r30_audit-off_20260820T020036Z,obs_29a118f38bde4f8eb50223479d178278,2026-08-20T02:00:40.984811+00:00,x509,replay,27,1,UAV-VALID,REPLAY_DETECTED,REPLAY_DETECTED,True,44900,0.0449,74000,0,0,0,0,0,0,0,,,,none,x509-replay_0,0,False,239,15,
n10-identities_c1-conc_mech-x509-1backend_security-battery_r30_audit-off_20260820T020036Z,obs_07500a0ea22d4712b5dd7d42ac2359d5,2026-08-20T02:00:40.995253+00:00,x509,replay,28,1,UAV-VALID,REPLAY_DETECTED,REPLAY_DETECTED,True,44500,0.0445,50700,0,0,0,0,0,0,0,,,,none,x509-replay_0,0,False,239,15,
n10-identities_c1-conc_mech-x509-1backend_security-battery_r30_audit-off_20260820T020036Z,obs_629f784a57af482f8dbf5fc3f6c294a4,2026-08-20T02:00:41.004061+00:00,x509,replay,29,1,UAV-VALID,REPLAY_DETECTED,REPLAY_DETECTED,True,60700,0.0607,67200,0,0,0,0,0,0,0,,,,none,x509-replay_0,0,False,239,15,
n10-identities_c1-conc_mech-x509-1backend_security-battery_r30_audit-off_20260820T020036Z,obs_40d9b511beab493cb3491d231c6d18d2,2026-08-20T02:00:41.096153+00:00,x509,modified_nonce,0,1,UAV-VALID,INVALID_SIGNATURE,INVALID_SIGNATURE,True,25600,0.0256,60500,0,0,0,0,0,0,0,,,,none,x509-modified_nonce_0,0,True,238,17,nonce mismatch
n10-identities_c1-conc_mech-x509-1backend_security-battery_r30_audit-off_20260820T020036Z,obs_f290eb8474e8402d8b78066996dc3ff5,2026-08-20T02:00:41.102015+00:00,x509,modified_nonce,1,1,UAV-VALID,INVALID_SIGNATURE,INVALID_SIGNATURE,True,25600,0.0256,53300,0,0,0,0,0,0,0,,,,none,x509-modified_nonce_0,0,True,238,17,nonce mismatch
n10-identities_c1-conc_mech-x509-1backend_security-battery_r30_audit-off_20260820T020036Z,obs_bdfefcf6cb0145829316380342cd37fa,2026-08-20T02:00:41.104984+00:00,x509,modified_nonce,0,1,UAV-VALID,INVALID_SIGNATURE,INVALID_SIGNATURE,True,32200,0.0322,52900,0,0,0,0,0,0,0,,,,none,x509-modified_nonce_0,0,False,238,17,nonce mismatch
n10-identities_c1-conc_mech-x509-1backend_security-battery_r30_audit-off_20260820T020036Z,obs_cb4cedb11f6e44bea023ad9c985ec315,2026-08-20T02:00:41.111572+00:00,x509,modified_nonce,1,1,UAV-VALID,INVALID_SIGNATURE,INVALID_SIGNATURE,True,31800,0.0318,69000,0,0,0,0,0,0,0,,,,none,x509-modified_nonce_0,0,False,239,17,nonce mismatch
n10-identities_c1-conc_mech-x509-1backend_security-battery_r30_audit-off_20260820T020036Z,obs_06260361a055407e97380acd474d7e38,2026-08-20T02:00:41.117740+00:00,x509,modified_nonce,2,1,UAV-VALID,INVALID_SIGNATURE,INVALID_SIGNATURE,True,28100,0.0281,64900,0,0,0,0,0,0,0,,,,none,x509-modified_nonce_0,0,False,238,17,nonce mismatch
n10-identities_c1-conc_mech-x509-1backend_security-battery_r30_audit-off_20260820T020036Z,obs_b84d9f32ceec4573b5965d1f16f88897,2026-08-20T02:00:41.120444+00:00,x509,modified_nonce,3,1,UAV-VALID,INVALID_SIGNATURE,INVALID_SIGNATURE,True,23400,0.0234,49100,0,0,0,0,0,0,0,,,,none,x509-modified_nonce_0,0,False,239,17,nonce mismatch
n10-identities_c1-conc_mech-x509-1backend_security-battery_r30_audit-off_20260820T020036Z,obs_03b129575199452d80036a9fc5c27d37,2026-08-20T02:00:41.124405+00:00,x509,modified_nonce,4,1,UAV-VALID,INVALID_SIGNATURE,INVALID_SIGNATURE,True,62000,0.062,59100,0,0,0,0,0,0,0,,,,none,x509-modified_nonce_0,0,False,239,17,nonce mismatch
n10-identities_c1-conc_mech-x509-1backend_security-battery_r30_audit-off_20260820T020036Z,obs_d4e3545fb2394a7baf93b31431ca4d9d,2026-08-20T02:00:41.133833+00:00,x509,modified_nonce,5,1,UAV-VALID,INVALID_SIGNATURE,INVALID_SIGNATURE,True,55500,0.0555,71400,0,0,0,0,0,0,0,,,,none,x509-modified_nonce_0,0,False,240,17,nonce mismatch
n10-identities_c1-conc_mech-x509-1backend_security-battery_r30_audit-off_20260820T020036Z,obs_e3156fed28084a83a9012d36277dcfa1,2026-08-20T02:00:41.136432+00:00,x509,modified_nonce,6,1,UAV-VALID,INVALID_SIGNATURE,INVALID_SIGNATURE,True,25700,0.0257,69200,0,0,0,0,0,0,0,,,,none,x509-modified_nonce_0,0,False,240,17,nonce mismatch
n10-identities_c1-conc_mech-x509-1backend_security-battery_r30_audit-off_20260820T020036Z,obs_ab2b3653797e489b86358d2a0e005f45,2026-08-20T02:00:41.142542+00:00,x509,modified_nonce,7,1,UAV-VALID,INVALID_SIGNATURE,INVALID_SIGNATURE,True,40500,0.0405,59500,0,0,0,0,0,0,0,,,,none,x509-modified_nonce_0,0,False,239,17,nonce mismatch
n10-identities_c1-conc_mech-x509-1backend_security-battery_r30_audit-off_20260820T020036Z,obs_5e561deebcbf4b6aa93f13fbe5864ffc,2026-08-20T02:00:41.151467+00:00,x509,modified_nonce,8,1,UAV-VALID,INVALID_SIGNATURE,INVALID_SIGNATURE,True,30700,0.0307,68600,0,0,0,0,0,0,0,,,,none,x509-modified_nonce_0,0,False,238,17,nonce mismatch
n10-identities_c1-conc_mech-x509-1backend_security-battery_r30_audit-off_20260820T020036Z,obs_6e02c69d3fff4bb5a9bab1fa489e6e98,2026-08-20T02:00:41.154182+00:00,x509,modified_nonce,9,1,UAV-VALID,INVALID_SIGNATURE,INVALID_SIGNATURE,True,26600,0.0266,41000,0,0,0,0,0,0,0,,,,none,x509-modified_nonce_0,0,False,239,17,nonce mismatch
n10-identities_c1-conc_mech-x509-1backend_security-battery_r30_audit-off_20260820T020036Z,obs_77f3b987f3184cb3950b84642142c179,2026-08-20T02:00:41.203730+00:00,x509,modified_nonce,10,1,UAV-VALID,INVALID_SIGNATURE,INVALID_SIGNATURE,True,30100,0.0301,63100,0,0,0,0,0,0,0,,,,none,x509-modified_nonce_0,0,False,238,17,nonce mismatch
n10-identities_c1-conc_mech-x509-1backend_security-battery_r30_audit-off_20260820T020036Z,obs_4e57b35a87dd4a688e87e77be9ef3b15,2026-08-20T02:00:41.213405+00:00,x509,modified_nonce,11,1,UAV-VALID,INVALID_SIGNATURE,INVALID_SIGNATURE,True,31400,0.0314,71200,0,0,0,0,0,0,0,,,,none,x509-modified_nonce_0,0,False,239,17,nonce mismatch
n10-identities_c1-conc_mech-x509-1backend_security-battery_r30_audit-off_20260820T020036Z,obs_79ab0fcebc534dbb885e3a226d3e0073,2026-08-20T02:00:41.216577+00:00,x509,modified_nonce,12,1,UAV-VALID,INVALID_SIGNATURE,INVALID_SIGNATURE,True,28000,0.028,71400,0,0,0,0,0,0,0,,,,none,x509-modified_nonce_0,0,False,240,17,nonce mismatch
n10-identities_c1-conc_mech-x509-1backend_security-battery_r30_audit-off_20260820T020036Z,obs_cdedac2b873e4bd7a3292b91fde26993,2026-08-20T02:00:41.225109+00:00,x509,modified_nonce,13,1,UAV-VALID,INVALID_SIGNATURE,INVALID_SIGNATURE,True,29500,0.0295,61100,0,0,0,0,0,0,0,,,,none,x509-modified_nonce_0,0,False,238,17,nonce mismatch
n10-identities_c1-conc_mech-x509-1backend_security-battery_r30_audit-off_20260820T020036Z,obs_773d00bd09a64ee997ce02f7cbb55c24,2026-08-20T02:00:41.229518+00:00,x509,modified_nonce,14,1,UAV-VALID,INVALID_SIGNATURE,INVALID_SIGNATURE,True,30100,0.0301,98700,0,0,0,0,0,0,0,,,,none,x509-modified_nonce_0,0,False,239,17,nonce mismatch
n10-identities_c1-conc_mech-x509-1backend_security-battery_r30_audit-off_20260820T020036Z,obs_90aaf343048c4292bf1f107a1976b6bd,2026-08-20T02:00:41.232607+00:00,x509,modified_nonce,15,1,UAV-VALID,INVALID_SIGNATURE,INVALID_SIGNATURE,True,23600,0.0236,62600,0,0,0,0,0,0,0,,,,none,x509-modified_nonce_0,0,False,238,17,nonce mismatch
n10-identities_c1-conc_mech-x509-1backend_security-battery_r30_audit-off_20260820T020036Z,obs_7f3c75595fe14eceb81376288f4a448e,2026-08-20T02:00:41.235165+00:00,x509,modified_nonce,16,1,UAV-VALID,INVALID_SIGNATURE,INVALID_SIGNATURE,True,28700,0.0287,67200,0,0,0,0,0,0,0,,,,none,x509-modified_nonce_0,0,False,240,17,nonce mismatch
n10-identities_c1-conc_mech-x509-1backend_security-battery_r30_audit-off_20260820T020036Z,obs_08cd575a663a4414b2c41b61d2eef07c,2026-08-20T02:00:41.238284+00:00,x509,modified_nonce,17,1,UAV-VALID,INVALID_SIGNATURE,INVALID_SIGNATURE,True,24800,0.0248,54200,0,0,0,0,0,0,0,,,,none,x509-modified_nonce_0,0,False,239,17,nonce mismatch
n10-identities_c1-conc_mech-x509-1backend_security-battery_r30_audit-off_20260820T020036Z,obs_878bef03f32b45cb86e5cab3b5ac9333,2026-08-20T02:00:41.245985+00:00,x509,modified_nonce,18,1,UAV-VALID,INVALID_SIGNATURE,INVALID_SIGNATURE,True,32800,0.0328,64700,0,0,0,0,0,0,0,,,,none,x509-modified_nonce_0,0,False,240,17,nonce mismatch
n10-identities_c1-conc_mech-x509-1backend_security-battery_r30_audit-off_20260820T020036Z,obs_91d5790c4ce94d5783e337a1599e9754,2026-08-20T02:00:41.249568+00:00,x509,modified_nonce,19,1,UAV-VALID,INVALID_SIGNATURE,INVALID_SIGNATURE,True,37600,0.0376,75800,0,0,0,0,0,0,0,,,,none,x509-modified_nonce_0,0,False,239,17,nonce mismatch
n10-identities_c1-conc_mech-x509-1backend_security-battery_r30_audit-off_20260820T020036Z,obs_22942a7e8fae4c629791f2db7ab3144e,2026-08-20T02:00:41.255914+00:00,x509,modified_nonce,20,1,UAV-VALID,INVALID_SIGNATURE,INVALID_SIGNATURE,True,31400,0.0314,146700,0,0,0,0,0,0,0,,,,none,x509-modified_nonce_0,0,False,239,17,nonce mismatch
n10-identities_c1-conc_mech-x509-1backend_security-battery_r30_audit-off_20260820T020036Z,obs_a46cae57376844889ce3773ff654a1d7,2026-08-20T02:00:41.261802+00:00,x509,modified_nonce,21,1,UAV-VALID,INVALID_SIGNATURE,INVALID_SIGNATURE,True,26700,0.0267,988600,0,0,0,0,0,0,0,,,,none,x509-modified_nonce_0,0,False,238,17,nonce mismatch
n10-identities_c1-conc_mech-x509-1backend_security-battery_r30_audit-off_20260820T020036Z,obs_a5093989511f4463b4eb68f4a242eee6,2026-08-20T02:00:41.264097+00:00,x509,modified_nonce,22,1,UAV-VALID,INVALID_SIGNATURE,INVALID_SIGNATURE,True,26200,0.0262,47100,0,0,0,0,0,0,0,,,,none,x509-modified_nonce_0,0,False,239,17,nonce mismatch
n10-identities_c1-conc_mech-x509-1backend_security-battery_r30_audit-off_20260820T020036Z,obs_46e87207a27748f8a3ae007ec69249b4,2026-08-20T02:00:41.267369+00:00,x509,modified_nonce,23,1,UAV-VALID,INVALID_SIGNATURE,INVALID_SIGNATURE,True,31400,0.0314,58400,0,0,0,0,0,0,0,,,,none,x509-modified_nonce_0,0,False,238,17,nonce mismatch
n10-identities_c1-conc_mech-x509-1backend_security-battery_r30_audit-off_20260820T020036Z,obs_03eceb141c734aff978f9f08f365ede7,2026-08-20T02:00:41.274829+00:00,x509,modified_nonce,24,1,UAV-VALID,INVALID_SIGNATURE,INVALID_SIGNATURE,True,30900,0.0309,102900,0,0,0,0,0,0,0,,,,none,x509-modified_nonce_0,0,False,240,17,nonce mismatch
n10-identities_c1-conc_mech-x509-1backend_security-battery_r30_audit-off_20260820T020036Z,obs_781575ab007048c8b91a479e31e5eb2a,2026-08-20T02:00:41.277572+00:00,x509,modified_nonce,25,1,UAV-VALID,INVALID_SIGNATURE,INVALID_SIGNATURE,True,24800,0.0248,57200,0,0,0,0,0,0,0,,,,none,x509-modified_nonce_0,0,False,239,17,nonce mismatch
n10-identities_c1-conc_mech-x509-1backend_security-battery_r30_audit-off_20260820T020036Z,obs_8e2a7ed946244d87a7171bc84805a56d,2026-08-20T02:00:41.279976+00:00,x509,modified_nonce,26,1,UAV-VALID,INVALID_SIGNATURE,INVALID_SIGNATURE,True,25100,0.0251,53900,0,0,0,0,0,0,0,,,,none,x509-modified_nonce_0,0,False,238,17,nonce mismatch
n10-identities_c1-conc_mech-x509-1backend_security-battery_r30_audit-off_20260820T020036Z,obs_3ccb24768f9941bcac4bb76da519a70e,2026-08-20T02:00:41.282518+00:00,x509,modified_nonce,27,1,UAV-VALID,INVALID_SIGNATURE,INVALID_SIGNATURE,True,35000,0.035,61000,0,0,0,0,0,0,0,,,,none,x509-modified_nonce_0,0,False,240,17,nonce mismatch
n10-identities_c1-conc_mech-x509-1backend_security-battery_r30_audit-off_20260820T020036Z,obs_4dbd092b32184003aca48ef34f736985,2026-08-20T02:00:41.289111+00:00,x509,modified_nonce,28,1,UAV-VALID,INVALID_SIGNATURE,INVALID_SIGNATURE,True,26000,0.026,57800,0,0,0,0,0,0,0,,,,none,x509-modified_nonce_0,0,False,238,17,nonce mismatch
n10-identities_c1-conc_mech-x509-1backend_security-battery_r30_audit-off_20260820T020036Z,obs_c1f7f0363dcc40b5838aef627273d272,2026-08-20T02:00:41.292359+00:00,x509,modified_nonce,29,1,UAV-VALID,INVALID_SIGNATURE,INVALID_SIGNATURE,True,27700,0.0277,58400,0,0,0,0,0,0,0,,,,none,x509-modified_nonce_0,0,False,239,17,nonce mismatch
n10-identities_c1-conc_mech-x509-1backend_security-battery_r30_audit-off_20260820T020036Z,obs_2a766a52fe9b41e1b3258a3ed5948542,2026-08-20T02:00:41.646957+00:00,x509,modified_uav_id,0,1,UAV-0005,INVALID_SIGNATURE,INVALID_SIGNATURE,True,7451600,7.4516,53600,1436900,5019000,0,382000,0,0,0,,,,none,x509-modified_uav_id_0,0,True,238,17,
n10-identities_c1-conc_mech-x509-1backend_security-battery_r30_audit-off_20260820T020036Z,obs_0b855ac003de4c42863b14ebef1b98aa,2026-08-20T02:00:41.654339+00:00,x509,modified_uav_id,1,1,UAV-0005,INVALID_SIGNATURE,INVALID_SIGNATURE,True,3029200,3.0292,53700,569400,2101800,0,220900,0,0,0,,,,none,x509-modified_uav_id_0,0,True,239,17,
n10-identities_c1-conc_mech-x509-1backend_security-battery_r30_audit-off_20260820T020036Z,obs_63d869ffcdfe45e38366b82fe9317b84,2026-08-20T02:00:41.663908+00:00,x509,modified_uav_id,0,1,UAV-0005,INVALID_SIGNATURE,INVALID_SIGNATURE,True,5949300,5.9493,57000,667500,4775000,0,257600,0,0,0,,,,none,x509-modified_uav_id_0,0,False,237,17,
n10-identities_c1-conc_mech-x509-1backend_security-battery_r30_audit-off_20260820T020036Z,obs_062f2ebc6ef5474489c0aeed2c9742df,2026-08-20T02:00:41.671208+00:00,x509,modified_uav_id,1,1,UAV-0005,INVALID_SIGNATURE,INVALID_SIGNATURE,True,2853700,2.8537,55400,537400,1954000,0,209200,0,0,0,,,,none,x509-modified_uav_id_0,0,False,238,17,
n10-identities_c1-conc_mech-x509-1backend_security-battery_r30_audit-off_20260820T020036Z,obs_e5d0ed6ecbb743d8b69a57f7cf2e3d43,2026-08-20T02:00:41.684280+00:00,x509,modified_uav_id,2,1,UAV-0005,INVALID_SIGNATURE,INVALID_SIGNATURE,True,4192600,4.1926,75300,1087000,2653500,0,192200,0,0,0,,,,none,x509-modified_uav_id_0,0,False,237,17,
n10-identities_c1-conc_mech-x509-1backend_security-battery_r30_audit-off_20260820T020036Z,obs_83ef9232429444198896e62aaf3d4166,2026-08-20T02:00:41.691140+00:00,x509,modified_uav_id,3,1,UAV-0005,INVALID_SIGNATURE,INVALID_SIGNATURE,True,3397100,3.3971,66200,629700,1926300,0,693300,0,0,0,,,,none,x509-modified_uav_id_0,0,False,238,17,
n10-identities_c1-conc_mech-x509-1backend_security-battery_r30_audit-off_20260820T020036Z,obs_654f514fe9f2426185f5c52d74ec2914,2026-08-20T02:00:41.699339+00:00,x509,modified_uav_id,4,1,UAV-0005,INVALID_SIGNATURE,INVALID_SIGNATURE,True,4592700,4.5927,76400,816500,3263300,0,287600,0,0,0,,,,none,x509-modified_uav_id_0,0,False,239,17,
n10-identities_c1-conc_mech-x509-1backend_security-battery_r30_audit-off_20260820T020036Z,obs_43f8b9c3525d4ffa8fe5200fee8c9589,2026-08-20T02:00:41.745918+00:00,x509,modified_uav_id,5,1,UAV-0005,INVALID_SIGNATURE,INVALID_SIGNATURE,True,41941200,41.9412,94200,440000,41126100,0,226300,0,0,0,,,,none,x509-modified_uav_id_0,0,False,239,17,
n10-identities_c1-conc_mech-x509-1backend_security-battery_r30_audit-off_20260820T020036Z,obs_297c3a0b50984b139c5bbe268a639b81,2026-08-20T02:00:41.755017+00:00,x509,modified_uav_id,6,1,UAV-0005,INVALID_SIGNATURE,INVALID_SIGNATURE,True,3767800,3.7678,182000,749000,2444000,0,411800,0,0,0,,,,none,x509-modified_uav_id_0,0,False,238,17,
n10-identities_c1-conc_mech-x509-1backend_security-battery_r30_audit-off_20260820T020036Z,obs_84a1a771441f43858fcd1796d9947784,2026-08-20T02:00:41.762881+00:00,x509,modified_uav_id,7,1,UAV-0005,INVALID_SIGNATURE,INVALID_SIGNATURE,True,2713300,2.7133,71500,473700,1834200,0,261800,0,0,0,,,,none,x509-modified_uav_id_0,0,False,239,17,
n10-identities_c1-conc_mech-x509-1backend_security-battery_r30_audit-off_20260820T020036Z,obs_9f269b36b85e44969f32a477603a86f6,2026-08-20T02:00:41.771888+00:00,x509,modified_uav_id,8,1,UAV-0005,INVALID_SIGNATURE,INVALID_SIGNATURE,True,3929500,3.9295,60300,546500,2950500,0,287100,0,0,0,,,,none,x509-modified_uav_id_0,0,False,239,17,
n10-identities_c1-conc_mech-x509-1backend_security-battery_r30_audit-off_20260820T020036Z,obs_b6c3e879d88f4a1cbf27e61ad5c69715,2026-08-20T02:00:41.787456+00:00,x509,modified_uav_id,9,1,UAV-0005,INVALID_SIGNATURE,INVALID_SIGNATURE,True,10244300,10.2443,61100,481000,9269600,0,302900,0,0,0,,,,none,x509-modified_uav_id_0,0,False,237,17,
n10-identities_c1-conc_mech-x509-1backend_security-battery_r30_audit-off_20260820T020036Z,obs_411edfd6882f4d7bab39b0bcd981e3dc,2026-08-20T02:00:41.794283+00:00,x509,modified_uav_id,10,1,UAV-0005,INVALID_SIGNATURE,INVALID_SIGNATURE,True,2844900,2.8449,63600,555900,1846400,0,231100,0,0,0,,,,none,x509-modified_uav_id_0,0,False,237,17,
n10-identities_c1-conc_mech-x509-1backend_security-battery_r30_audit-off_20260820T020036Z,obs_676c904f383b42d7850d6aa19ae9e1f5,2026-08-20T02:00:41.802671+00:00,x509,modified_uav_id,11,1,UAV-0005,INVALID_SIGNATURE,INVALID_SIGNATURE,True,3455200,3.4552,60700,786000,2221500,0,238400,0,0,0,,,,none,x509-modified_uav_id_0,0,False,237,17,
n10-identities_c1-conc_mech-x509-1backend_security-battery_r30_audit-off_20260820T020036Z,obs_b2dd2a1e6d3b40f3b5854990bcc97431,2026-08-20T02:00:41.810279+00:00,x509,modified_uav_id,12,1,UAV-0005,INVALID_SIGNATURE,INVALID_SIGNATURE,True,3792600,3.7926,55600,548300,2184700,0,481000,0,0,0,,,,none,x509-modified_uav_id_0,0,False,238,17,
n10-identities_c1-conc_mech-x509-1backend_security-battery_r30_audit-off_20260820T020036Z,obs_104febe6700c4edd83ec1b9dddd42eae,2026-08-20T02:00:41.818958+00:00,x509,modified_uav_id,13,1,UAV-0005,INVALID_SIGNATURE,INVALID_SIGNATURE,True,2875500,2.8755,1358100,504300,1933500,0,244700,0,0,0,,,,none,x509-modified_uav_id_0,0,False,237,17,
n10-identities_c1-conc_mech-x509-1backend_security-battery_r30_audit-off_20260820T020036Z,obs_0200f4e519754295a92029a3fa44b47d,2026-08-20T02:00:41.827038+00:00,x509,modified_uav_id,14,1,UAV-0005,INVALID_SIGNATURE,INVALID_SIGNATURE,True,4662300,4.6623,48200,946200,2373900,0,1176100,0,0,0,,,,none,x509-modified_uav_id_0,0,False,239,17,
n10-identities_c1-conc_mech-x509-1backend_security-battery_r30_audit-off_20260820T020036Z,obs_0b7d0fb1f33b44f981c85441952e1206,2026-08-20T02:00:41.836073+00:00,x509,modified_uav_id,15,1,UAV-0005,INVALID_SIGNATURE,INVALID_SIGNATURE,True,4612900,4.6129,54500,1079700,3121600,0,215900,0,0,0,,,,none,x509-modified_uav_id_0,0,False,239,17,
n10-identities_c1-conc_mech-x509-1backend_security-battery_r30_audit-off_20260820T020036Z,obs_bf460f31c8694110a18f6ef1f85fd293,2026-08-20T02:00:41.848790+00:00,x509,modified_uav_id,16,1,UAV-0005,INVALID_SIGNATURE,INVALID_SIGNATURE,True,4159000,4.159,123500,532800,3048500,0,348500,0,0,0,,,,none,x509-modified_uav_id_0,0,False,238,17,
n10-identities_c1-conc_mech-x509-1backend_security-battery_r30_audit-off_20260820T020036Z,obs_86521e2b750b419eb0d912b01bb3c669,2026-08-20T02:00:41.857598+00:00,x509,modified_uav_id,17,1,UAV-0005,INVALID_SIGNATURE,INVALID_SIGNATURE,True,3898200,3.8982,59100,403300,3017500,0,270000,0,0,0,,,,none,x509-modified_uav_id_0,0,False,238,17,
n10-identities_c1-conc_mech-x509-1backend_security-battery_r30_audit-off_20260820T020036Z,obs_cbf9ff2cf66d4bb4a5fdc067608f87e3,2026-08-20T02:00:41.865609+00:00,x509,modified_uav_id,18,1,UAV-0005,INVALID_SIGNATURE,INVALID_SIGNATURE,True,3190300,3.1903,72600,453500,2363100,0,221200,0,0,0,,,,none,x509-modified_uav_id_0,0,False,237,17,
n10-identities_c1-conc_mech-x509-1backend_security-battery_r30_audit-off_20260820T020036Z,obs_8884cbd28e1b49a1ad6204a34347b25f,2026-08-20T02:00:41.872329+00:00,x509,modified_uav_id,19,1,UAV-0005,INVALID_SIGNATURE,INVALID_SIGNATURE,True,3540500,3.5405,55100,471600,2603100,0,290000,0,0,0,,,,none,x509-modified_uav_id_0,0,False,238,17,
n10-identities_c1-conc_mech-x509-1backend_security-battery_r30_audit-off_20260820T020036Z,obs_1474c5447ae0478dad0b5c2876314d8b,2026-08-20T02:00:41.884254+00:00,x509,modified_uav_id,20,1,UAV-0005,INVALID_SIGNATURE,INVALID_SIGNATURE,True,3007300,3.0073,60000,470200,2164500,0,232300,0,0,0,,,,none,x509-modified_uav_id_0,0,False,238,17,
n10-identities_c1-conc_mech-x509-1backend_security-battery_r30_audit-off_20260820T020036Z,obs_c89613ae2b494c6e80d7efe7db78b165,2026-08-20T02:00:41.892436+00:00,x509,modified_uav_id,21,1,UAV-0005,INVALID_SIGNATURE,INVALID_SIGNATURE,True,4282600,4.2826,57700,688000,3066700,0,353200,0,0,0,,,,none,x509-modified_uav_id_0,0,False,237,17,
n10-identities_c1-conc_mech-x509-1backend_security-battery_r30_audit-off_20260820T020036Z,obs_a5ccaf38daae41c6b08d5647cde3d541,2026-08-20T02:00:41.900366+00:00,x509,modified_uav_id,22,1,UAV-0005,INVALID_SIGNATURE,INVALID_SIGNATURE,True,5402200,5.4022,47600,340100,4681600,0,234100,0,0,0,,,,none,x509-modified_uav_id_0,0,False,237,17,
n10-identities_c1-conc_mech-x509-1backend_security-battery_r30_audit-off_20260820T020036Z,obs_f123dceabc7d4e4e974a14e445578863,2026-08-20T02:00:41.906311+00:00,x509,modified_uav_id,23,1,UAV-0005,INVALID_SIGNATURE,INVALID_SIGNATURE,True,2721900,2.7219,51500,442100,1784800,0,345900,0,0,0,,,,none,x509-modified_uav_id_0,0,False,238,17,
n10-identities_c1-conc_mech-x509-1backend_security-battery_r30_audit-off_20260820T020036Z,obs_fb333fea8042458eb0c6b7e36d38a8c7,2026-08-20T02:00:41.913214+00:00,x509,modified_uav_id,24,1,UAV-0005,INVALID_SIGNATURE,INVALID_SIGNATURE,True,3073100,3.0731,73300,411500,2312600,0,225600,0,0,0,,,,none,x509-modified_uav_id_0,0,False,239,17,
n10-identities_c1-conc_mech-x509-1backend_security-battery_r30_audit-off_20260820T020036Z,obs_c974fc8bbe114e4aa08ac3cb74d0a0b7,2026-08-20T02:00:41.920936+00:00,x509,modified_uav_id,25,1,UAV-0005,INVALID_SIGNATURE,INVALID_SIGNATURE,True,4872700,4.8727,67700,1000000,3069600,0,663600,0,0,0,,,,none,x509-modified_uav_id_0,0,False,238,17,
n10-identities_c1-conc_mech-x509-1backend_security-battery_r30_audit-off_20260820T020036Z,obs_67d83af0ea4949ccac61e470e6ca4b91,2026-08-20T02:00:41.929607+00:00,x509,modified_uav_id,26,1,UAV-0005,INVALID_SIGNATURE,INVALID_SIGNATURE,True,2936800,2.9368,79600,618700,1928900,0,238000,0,0,0,,,,none,x509-modified_uav_id_0,0,False,238,17,
n10-identities_c1-conc_mech-x509-1backend_security-battery_r30_audit-off_20260820T020036Z,obs_6b458a5bcb404791ae2c99208936a184,2026-08-20T02:00:41.942146+00:00,x509,modified_uav_id,27,1,UAV-0005,INVALID_SIGNATURE,INVALID_SIGNATURE,True,7088000,7.088,64400,634400,5211500,0,1067200,0,0,0,,,,none,x509-modified_uav_id_0,0,False,238,17,
n10-identities_c1-conc_mech-x509-1backend_security-battery_r30_audit-off_20260820T020036Z,obs_d970a15c922f4bd998f787d0e0ddf2a6,2026-08-20T02:00:41.949397+00:00,x509,modified_uav_id,28,1,UAV-0005,INVALID_SIGNATURE,INVALID_SIGNATURE,True,3535300,3.5353,59200,479300,2487900,0,231000,0,0,0,,,,none,x509-modified_uav_id_0,0,False,239,17,
n10-identities_c1-conc_mech-x509-1backend_security-battery_r30_audit-off_20260820T020036Z,obs_e92b6dd2724644ccb31db0b666e3cfa6,2026-08-20T02:00:41.958440+00:00,x509,modified_uav_id,29,1,UAV-0005,INVALID_SIGNATURE,INVALID_SIGNATURE,True,3227900,3.2279,61300,619300,2201300,0,251200,0,0,0,,,,none,x509-modified_uav_id_0,0,False,238,17,
n10-identities_c1-conc_mech-x509-1backend_security-battery_r30_audit-off_20260820T020036Z,obs_8e63dd6a8b0546a7acfd6a2bbd4a8ecb,2026-08-20T02:00:42.069136+00:00,x509,modified_operation,0,1,UAV-VALID,INVALID_SIGNATURE,INVALID_SIGNATURE,True,2006300,2.0063,44100,112200,1620300,0,180500,0,0,0,,,,none,x509-modified_operation_0,0,True,241,17,
n10-identities_c1-conc_mech-x509-1backend_security-battery_r30_audit-off_20260820T020036Z,obs_193f829cd973424aa7fd62405da3d1b3,2026-08-20T02:00:42.075030+00:00,x509,modified_operation,1,1,UAV-VALID,INVALID_SIGNATURE,INVALID_SIGNATURE,True,3341800,3.3418,47200,117100,2802800,0,301200,0,0,0,,,,none,x509-modified_operation_0,0,True,240,17,
n10-identities_c1-conc_mech-x509-1backend_security-battery_r30_audit-off_20260820T020036Z,obs_d4e00b5e432f497fab28081cc38f2cfd,2026-08-20T02:00:42.082924+00:00,x509,modified_operation,0,1,UAV-VALID,INVALID_SIGNATURE,INVALID_SIGNATURE,True,2706000,2.706,57300,120100,2195000,0,252400,0,0,0,,,,none,x509-modified_operation_0,0,False,240,17,
n10-identities_c1-conc_mech-x509-1backend_security-battery_r30_audit-off_20260820T020036Z,obs_1e8a647eead04fd19179020df60b0252,2026-08-20T02:00:42.091181+00:00,x509,modified_operation,1,1,UAV-VALID,INVALID_SIGNATURE,INVALID_SIGNATURE,True,4876800,4.8768,50800,101800,4377000,0,254400,0,0,0,,,,none,x509-modified_operation_0,0,False,241,17,
n10-identities_c1-conc_mech-x509-1backend_security-battery_r30_audit-off_20260820T020036Z,obs_1e6d3c0c3b03486a8984b4e8c814cf56,2026-08-20T02:00:42.098114+00:00,x509,modified_operation,2,1,UAV-VALID,INVALID_SIGNATURE,INVALID_SIGNATURE,True,2854200,2.8542,89700,129900,2282800,0,295300,0,0,0,,,,none,x509-modified_operation_0,0,False,240,17,
n10-identities_c1-conc_mech-x509-1backend_security-battery_r30_audit-off_20260820T020036Z,obs_0e8fbc9c90b84a98962135f1c29b1bd7,2026-08-20T02:00:42.102814+00:00,x509,modified_operation,3,1,UAV-VALID,INVALID_SIGNATURE,INVALID_SIGNATURE,True,2004000,2.004,48200,97800,1552700,0,231600,0,0,0,,,,none,x509-modified_operation_0,0,False,240,17,
n10-identities_c1-conc_mech-x509-1backend_security-battery_r30_audit-off_20260820T020036Z,obs_97702cf499c4405f81833daf34a0193c,2026-08-20T02:00:42.108349+00:00,x509,modified_operation,4,1,UAV-VALID,INVALID_SIGNATURE,INVALID_SIGNATURE,True,3352200,3.3522,48700,100300,2862400,0,249800,0,0,0,,,,none,x509-modified_operation_0,0,False,240,17,
n10-identities_c1-conc_mech-x509-1backend_security-battery_r30_audit-off_20260820T020036Z,obs_4f0cd32cb2744e168843a221fc1cfb95,2026-08-20T02:00:42.113245+00:00,x509,modified_operation,5,1,UAV-VALID,INVALID_SIGNATURE,INVALID_SIGNATURE,True,2294100,2.2941,50400,99700,1874700,0,210000,0,0,0,,,,none,x509-modified_operation_0,0,False,241,17,
n10-identities_c1-conc_mech-x509-1backend_security-battery_r30_audit-off_20260820T020036Z,obs_c4c221da65344c2abd51b0871138703b,2026-08-20T02:00:42.117859+00:00,x509,modified_operation,6,1,UAV-VALID,INVALID_SIGNATURE,INVALID_SIGNATURE,True,2064100,2.0641,48900,100600,1647300,0,199400,0,0,0,,,,none,x509-modified_operation_0,0,False,240,17,
n10-identities_c1-conc_mech-x509-1backend_security-battery_r30_audit-off_20260820T020036Z,obs_f4942171a89d4ec7b0ed862b9d7a55fc,2026-08-20T02:00:42.123790+00:00,x509,modified_operation,7,1,UAV-VALID,INVALID_SIGNATURE,INVALID_SIGNATURE,True,3365600,3.3656,54400,256200,2689500,0,269700,0,0,0,,,,none,x509-modified_operation_0,0,False,241,17,
n10-identities_c1-conc_mech-x509-1backend_security-battery_r30_audit-off_20260820T020036Z,obs_40b2b564b5d94c989ecf1c3192a8d990,2026-08-20T02:00:42.130235+00:00,x509,modified_operation,8,1,UAV-VALID,INVALID_SIGNATURE,INVALID_SIGNATURE,True,2560200,2.5602,56700,118800,2084600,0,227000,0,0,0,,,,none,x509-modified_operation_0,0,False,241,17,
n10-identities_c1-conc_mech-x509-1backend_security-battery_r30_audit-off_20260820T020036Z,obs_be94a288bbfb4025893711681901d306,2026-08-20T02:00:42.134413+00:00,x509,modified_operation,9,1,UAV-VALID,INVALID_SIGNATURE,INVALID_SIGNATURE,True,2051400,2.0514,45800,132400,1586700,0,226900,0,0,0,,,,none,x509-modified_operation_0,0,False,241,17,
n10-identities_c1-conc_mech-x509-1backend_security-battery_r30_audit-off_20260820T020036Z,obs_202dda8f1f794996bab560965e06359a,2026-08-20T02:00:42.141783+00:00,x509,modified_operation,10,1,UAV-VALID,INVALID_SIGNATURE,INVALID_SIGNATURE,True,3183700,3.1837,54800,115900,2646500,0,275700,0,0,0,,,,none,x509-modified_operation_0,0,False,241,17,
n10-identities_c1-conc_mech-x509-1backend_security-battery_r30_audit-off_20260820T020036Z,obs_7450d2b6028a4277a0dde417e6f50f9e,2026-08-20T02:00:42.147707+00:00,x509,modified_operation,11,1,UAV-VALID,INVALID_SIGNATURE,INVALID_SIGNATURE,True,2870600,2.8706,69300,157000,2116400,0,251300,0,0,0,,,,none,x509-modified_operation_0,0,False,241,17,
n10-identities_c1-conc_mech-x509-1backend_security-battery_r30_audit-off_20260820T020036Z,obs_302e8d5af7704ff3a7c22a12de60a73e,2026-08-20T02:00:42.152882+00:00,x509,modified_operation,12,1,UAV-VALID,INVALID_SIGNATURE,INVALID_SIGNATURE,True,2161400,2.1614,55000,109300,1726500,0,213600,0,0,0,,,,none,x509-modified_operation_0,0,False,240,17,
n10-identities_c1-conc_mech-x509-1backend_security-battery_r30_audit-off_20260820T020036Z,obs_07f7e32be9614c79ab6f15ead75e0348,2026-08-20T02:00:42.157898+00:00,x509,modified_operation,13,1,UAV-VALID,INVALID_SIGNATURE,INVALID_SIGNATURE,True,2845000,2.845,51800,101400,2377700,0,243100,0,0,0,,,,none,x509-modified_operation_0,0,False,241,17,
n10-identities_c1-conc_mech-x509-1backend_security-battery_r30_audit-off_20260820T020036Z,obs_324ea059301143d4b7d3fd0340e8ef76,2026-08-20T02:00:42.163881+00:00,x509,modified_operation,14,1,UAV-VALID,INVALID_SIGNATURE,INVALID_SIGNATURE,True,3288700,3.2887,47700,115500,2813700,0,231300,0,0,0,,,,none,x509-modified_operation_0,0,False,239,17,
n10-identities_c1-conc_mech-x509-1backend_security-battery_r30_audit-off_20260820T020036Z,obs_f7f8691ae2c74d4e9267f3ab40120836,2026-08-20T02:00:42.171487+00:00,x509,modified_operation,15,1,UAV-VALID,INVALID_SIGNATURE,INVALID_SIGNATURE,True,2265800,2.2658,50200,92600,1772900,0,265400,0,0,0,,,,none,x509-modified_operation_0,0,False,240,17,
n10-identities_c1-conc_mech-x509-1backend_security-battery_r30_audit-off_20260820T020036Z,obs_19aa6bad9d394539a75cc3e202f87fdc,2026-08-20T02:00:42.180049+00:00,x509,modified_operation,16,1,UAV-VALID,INVALID_SIGNATURE,INVALID_SIGNATURE,True,3621200,3.6212,69600,169000,2997200,0,274200,0,0,0,,,,none,x509-modified_operation_0,0,False,240,17,
n10-identities_c1-conc_mech-x509-1backend_security-battery_r30_audit-off_20260820T020036Z,obs_f4a3e1fd868e4195b004859dbe016b2f,2026-08-20T02:00:42.185808+00:00,x509,modified_operation,17,1,UAV-VALID,INVALID_SIGNATURE,INVALID_SIGNATURE,True,2834400,2.8344,55600,101200,1968800,0,432500,0,0,0,,,,none,x509-modified_operation_0,0,False,240,17,
n10-identities_c1-conc_mech-x509-1backend_security-battery_r30_audit-off_20260820T020036Z,obs_3b564bc718074c8a9036fcc009ac83e8,2026-08-20T02:00:42.205249+00:00,x509,modified_operation,18,1,UAV-VALID,INVALID_SIGNATURE,INVALID_SIGNATURE,True,11018300,11.0183,74800,170900,10399100,0,262800,0,0,0,,,,none,x509-modified_operation_0,0,False,241,17,
n10-identities_c1-conc_mech-x509-1backend_security-battery_r30_audit-off_20260820T020036Z,obs_9a84c40b55a9430db086cf4ce47a8258,2026-08-20T02:00:42.218528+00:00,x509,modified_operation,19,1,UAV-VALID,INVALID_SIGNATURE,INVALID_SIGNATURE,True,5771100,5.7711,97900,2984600,2344800,0,271900,0,0,0,,,,none,x509-modified_operation_0,0,False,239,17,
n10-identities_c1-conc_mech-x509-1backend_security-battery_r30_audit-off_20260820T020036Z,obs_93d003818e404bb3b944e8582e7b5407,2026-08-20T02:00:42.225909+00:00,x509,modified_operation,20,1,UAV-VALID,INVALID_SIGNATURE,INVALID_SIGNATURE,True,3715100,3.7151,55500,115600,3210300,0,242200,0,0,0,,,,none,x509-modified_operation_0,0,False,240,17,
n10-identities_c1-conc_mech-x509-1backend_security-battery_r30_audit-off_20260820T020036Z,obs_c3e4f21dbfa941dc9cf954b5899a41b8,2026-08-20T02:00:42.231695+00:00,x509,modified_operation,21,1,UAV-VALID,INVALID_SIGNATURE,INVALID_SIGNATURE,True,2359200,2.3592,59800,102400,1865500,0,241100,0,0,0,,,,none,x509-modified_operation_0,0,False,239,17,
n10-identities_c1-conc_mech-x509-1backend_security-battery_r30_audit-off_20260820T020036Z,obs_b6336ee2491748279abb4278d0472c8c,2026-08-20T02:00:42.236758+00:00,x509,modified_operation,22,1,UAV-VALID,INVALID_SIGNATURE,INVALID_SIGNATURE,True,2677800,2.6778,71800,109000,2190800,0,246900,0,0,0,,,,none,x509-modified_operation_0,0,False,240,17,
n10-identities_c1-conc_mech-x509-1backend_security-battery_r30_audit-off_20260820T020036Z,obs_e59d0c65bba84124b140f6cdf4c5bbaf,2026-08-20T02:00:42.243635+00:00,x509,modified_operation,23,1,UAV-VALID,INVALID_SIGNATURE,INVALID_SIGNATURE,True,4041800,4.0418,55200,563700,2951500,0,215000,0,0,0,,,,none,x509-modified_operation_0,0,False,241,17,
n10-identities_c1-conc_mech-x509-1backend_security-battery_r30_audit-off_20260820T020036Z,obs_664b3ece92b141449afc50a34e3ad330,2026-08-20T02:00:42.248334+00:00,x509,modified_operation,24,1,UAV-VALID,INVALID_SIGNATURE,INVALID_SIGNATURE,True,2493600,2.4936,45000,96200,2043100,0,240100,0,0,0,,,,none,x509-modified_operation_0,0,False,240,17,
n10-identities_c1-conc_mech-x509-1backend_security-battery_r30_audit-off_20260820T020036Z,obs_9eff3727c0e9445ca719ff0b99b2341f,2026-08-20T02:00:42.279891+00:00,x509,modified_operation,25,1,UAV-VALID,INVALID_SIGNATURE,INVALID_SIGNATURE,True,3018300,3.0183,68900,124500,2465100,0,260800,0,0,0,,,,none,x509-modified_operation_0,0,False,240,17,
n10-identities_c1-conc_mech-x509-1backend_security-battery_r30_audit-off_20260820T020036Z,obs_880c302f9ca14173a5a445d93676d34a,2026-08-20T02:00:42.284867+00:00,x509,modified_operation,26,1,UAV-VALID,INVALID_SIGNATURE,INVALID_SIGNATURE,True,2093800,2.0938,54500,93000,1569600,0,310500,0,0,0,,,,none,x509-modified_operation_0,0,False,240,17,
n10-identities_c1-conc_mech-x509-1backend_security-battery_r30_audit-off_20260820T020036Z,obs_c79aed56ae8648f19cb1aedf18ed055a,2026-08-20T02:00:42.290345+00:00,x509,modified_operation,27,1,UAV-VALID,INVALID_SIGNATURE,INVALID_SIGNATURE,True,3182200,3.1822,88200,104200,2618300,0,314200,0,0,0,,,,none,x509-modified_operation_0,0,False,238,17,
n10-identities_c1-conc_mech-x509-1backend_security-battery_r30_audit-off_20260820T020036Z,obs_e2d8d6220fe040eba4cb18645d581a09,2026-08-20T02:00:42.296069+00:00,x509,modified_operation,28,1,UAV-VALID,INVALID_SIGNATURE,INVALID_SIGNATURE,True,3221000,3.221,50000,106100,2685600,0,303700,0,0,0,,,,none,x509-modified_operation_0,0,False,239,17,
n10-identities_c1-conc_mech-x509-1backend_security-battery_r30_audit-off_20260820T020036Z,obs_9659ae70e3a24a4196a2281b6614364c,2026-08-20T02:00:42.301505+00:00,x509,modified_operation,29,1,UAV-VALID,INVALID_SIGNATURE,INVALID_SIGNATURE,True,2774000,2.774,66600,125700,2222400,0,260900,0,0,0,,,,none,x509-modified_operation_0,0,False,240,17,
n10-identities_c1-conc_mech-x509-1backend_security-battery_r30_audit-off_20260820T020036Z,obs_63cf573b861c4689a28ef5af160bf6bf,2026-08-20T02:00:42.718132+00:00,x509,expired_challenge,0,1,UAV-VALID,EXPIRED_CHALLENGE,EXPIRED_CHALLENGE,True,55100,0.0551,45100,0,0,0,0,0,0,0,,,,none,x509-expired_challenge_0,0,True,239,17,
n10-identities_c1-conc_mech-x509-1backend_security-battery_r30_audit-off_20260820T020036Z,obs_a194a57de77c47d1824f615e9094b6c5,2026-08-20T02:00:42.843689+00:00,x509,expired_challenge,1,1,UAV-VALID,EXPIRED_CHALLENGE,EXPIRED_CHALLENGE,True,59500,0.0595,54500,0,0,0,0,0,0,0,,,,none,x509-expired_challenge_0,0,True,238,17,
n10-identities_c1-conc_mech-x509-1backend_security-battery_r30_audit-off_20260820T020036Z,obs_9974a56a51284bc2932529a1b6359156,2026-08-20T02:00:42.975445+00:00,x509,expired_challenge,0,1,UAV-VALID,EXPIRED_CHALLENGE,EXPIRED_CHALLENGE,True,49800,0.0498,47900,0,0,0,0,0,0,0,,,,none,x509-expired_challenge_0,0,False,240,17,
n10-identities_c1-conc_mech-x509-1backend_security-battery_r30_audit-off_20260820T020036Z,obs_e70e3d37ae4f434a99138a2c06c853f2,2026-08-20T02:00:43.099742+00:00,x509,expired_challenge,1,1,UAV-VALID,EXPIRED_CHALLENGE,EXPIRED_CHALLENGE,True,36200,0.0362,60600,0,0,0,0,0,0,0,,,,none,x509-expired_challenge_0,0,False,238,17,
n10-identities_c1-conc_mech-x509-1backend_security-battery_r30_audit-off_20260820T020036Z,obs_568bbf1d74b9422da0b348d82d53930e,2026-08-20T02:00:43.235024+00:00,x509,expired_challenge,2,1,UAV-VALID,EXPIRED_CHALLENGE,EXPIRED_CHALLENGE,True,6257500,6.2575,47700,0,0,0,0,0,0,0,,,,none,x509-expired_challenge_0,0,False,239,17,
n10-identities_c1-conc_mech-x509-1backend_security-battery_r30_audit-off_20260820T020036Z,obs_b2582d6c7a2a48e69f6096c85367e74d,2026-08-20T02:00:43.407675+00:00,x509,expired_challenge,3,1,UAV-VALID,EXPIRED_CHALLENGE,EXPIRED_CHALLENGE,True,47400,0.0474,61700,0,0,0,0,0,0,0,,,,none,x509-expired_challenge_0,0,False,240,17,
n10-identities_c1-conc_mech-x509-1backend_security-battery_r30_audit-off_20260820T020036Z,obs_950109a183614dff9841b9b03538d6d9,2026-08-20T02:00:43.542500+00:00,x509,expired_challenge,4,1,UAV-VALID,EXPIRED_CHALLENGE,EXPIRED_CHALLENGE,True,48300,0.0483,70100,0,0,0,0,0,0,0,,,,none,x509-expired_challenge_0,0,False,238,17,
n10-identities_c1-conc_mech-x509-1backend_security-battery_r30_audit-off_20260820T020036Z,obs_df62585d62c1465dbfe8d5dcf9b53f59,2026-08-20T02:00:43.690762+00:00,x509,expired_challenge,5,1,UAV-VALID,EXPIRED_CHALLENGE,EXPIRED_CHALLENGE,True,63800,0.0638,72900,0,0,0,0,0,0,0,,,,none,x509-expired_challenge_0,0,False,238,17,
n10-identities_c1-conc_mech-x509-1backend_security-battery_r30_audit-off_20260820T020036Z,obs_55e855b50b07430db914275a34766cb8,2026-08-20T02:00:43.836331+00:00,x509,expired_challenge,6,1,UAV-VALID,EXPIRED_CHALLENGE,EXPIRED_CHALLENGE,True,38400,0.0384,87500,0,0,0,0,0,0,0,,,,none,x509-expired_challenge_0,0,False,239,17,
n10-identities_c1-conc_mech-x509-1backend_security-battery_r30_audit-off_20260820T020036Z,obs_1e1d887b896b455aafaeaf453fddb9e1,2026-08-20T02:00:43.963511+00:00,x509,expired_challenge,7,1,UAV-VALID,EXPIRED_CHALLENGE,EXPIRED_CHALLENGE,True,69500,0.0695,86600,0,0,0,0,0,0,0,,,,none,x509-expired_challenge_0,0,False,239,17,
n10-identities_c1-conc_mech-x509-1backend_security-battery_r30_audit-off_20260820T020036Z,obs_5ca4a959f2f4433085ac63fb620fe5e0,2026-08-20T02:00:44.089729+00:00,x509,expired_challenge,8,1,UAV-VALID,EXPIRED_CHALLENGE,EXPIRED_CHALLENGE,True,49800,0.0498,56100,0,0,0,0,0,0,0,,,,none,x509-expired_challenge_0,0,False,238,17,
n10-identities_c1-conc_mech-x509-1backend_security-battery_r30_audit-off_20260820T020036Z,obs_0c1ebbd72e6d4a55878032c8e4251840,2026-08-20T02:00:44.226739+00:00,x509,expired_challenge,9,1,UAV-VALID,EXPIRED_CHALLENGE,EXPIRED_CHALLENGE,True,50600,0.0506,70100,0,0,0,0,0,0,0,,,,none,x509-expired_challenge_0,0,False,239,17,
n10-identities_c1-conc_mech-x509-1backend_security-battery_r30_audit-off_20260820T020036Z,obs_a8da4b6d87354727abb3f2b33d341789,2026-08-20T02:00:44.351967+00:00,x509,expired_challenge,10,1,UAV-VALID,EXPIRED_CHALLENGE,EXPIRED_CHALLENGE,True,51000,0.051,181400,0,0,0,0,0,0,0,,,,none,x509-expired_challenge_0,0,False,238,17,
n10-identities_c1-conc_mech-x509-1backend_security-battery_r30_audit-off_20260820T020036Z,obs_5ce928f64b894366a0d5480a60c1ca6d,2026-08-20T02:00:44.507762+00:00,x509,expired_challenge,11,1,UAV-VALID,EXPIRED_CHALLENGE,EXPIRED_CHALLENGE,True,46100,0.0461,42800,0,0,0,0,0,0,0,,,,none,x509-expired_challenge_0,0,False,239,17,
n10-identities_c1-conc_mech-x509-1backend_security-battery_r30_audit-off_20260820T020036Z,obs_d165cf258bb84427a95856b12d875e9e,2026-08-20T02:00:44.645142+00:00,x509,expired_challenge,12,1,UAV-VALID,EXPIRED_CHALLENGE,EXPIRED_CHALLENGE,True,41700,0.0417,63500,0,0,0,0,0,0,0,,,,none,x509-expired_challenge_0,0,False,238,17,
n10-identities_c1-conc_mech-x509-1backend_security-battery_r30_audit-off_20260820T020036Z,obs_b725f64d89dd4e02905195d4f31f5896,2026-08-20T02:00:44.769028+00:00,x509,expired_challenge,13,1,UAV-VALID,EXPIRED_CHALLENGE,EXPIRED_CHALLENGE,True,42400,0.0424,58400,0,0,0,0,0,0,0,,,,none,x509-expired_challenge_0,0,False,240,17,
n10-identities_c1-conc_mech-x509-1backend_security-battery_r30_audit-off_20260820T020036Z,obs_b0f1b700b9794d20abbe23af8f7a6037,2026-08-20T02:00:44.899346+00:00,x509,expired_challenge,14,1,UAV-VALID,EXPIRED_CHALLENGE,EXPIRED_CHALLENGE,True,46000,0.046,55800,0,0,0,0,0,0,0,,,,none,x509-expired_challenge_0,0,False,239,17,
n10-identities_c1-conc_mech-x509-1backend_security-battery_r30_audit-off_20260820T020036Z,obs_3e2bafe4d4784a318bccf587c447c0bb,2026-08-20T02:00:45.078148+00:00,x509,expired_challenge,15,1,UAV-VALID,EXPIRED_CHALLENGE,EXPIRED_CHALLENGE,True,41500,0.0415,52400,0,0,0,0,0,0,0,,,,none,x509-expired_challenge_0,0,False,239,17,
n10-identities_c1-conc_mech-x509-1backend_security-battery_r30_audit-off_20260820T020036Z,obs_e42da4794956446fb91ba40b42823156,2026-08-20T02:00:45.200906+00:00,x509,expired_challenge,16,1,UAV-VALID,EXPIRED_CHALLENGE,EXPIRED_CHALLENGE,True,49300,0.0493,46800,0,0,0,0,0,0,0,,,,none,x509-expired_challenge_0,0,False,240,17,
n10-identities_c1-conc_mech-x509-1backend_security-battery_r30_audit-off_20260820T020036Z,obs_8aeacf0399854cbb9f7361d77bc900fb,2026-08-20T02:00:45.324297+00:00,x509,expired_challenge,17,1,UAV-VALID,EXPIRED_CHALLENGE,EXPIRED_CHALLENGE,True,47400,0.0474,57700,0,0,0,0,0,0,0,,,,none,x509-expired_challenge_0,0,False,239,17,
n10-identities_c1-conc_mech-x509-1backend_security-battery_r30_audit-off_20260820T020036Z,obs_a86b82337ac648be882476f852186f0f,2026-08-20T02:00:45.500319+00:00,x509,expired_challenge,18,1,UAV-VALID,EXPIRED_CHALLENGE,EXPIRED_CHALLENGE,True,91100,0.0911,63600,0,0,0,0,0,0,0,,,,none,x509-expired_challenge_0,0,False,239,17,
n10-identities_c1-conc_mech-x509-1backend_security-battery_r30_audit-off_20260820T020036Z,obs_c41e7e4a810b4e07aa9b6cf1756d6a59,2026-08-20T02:00:45.654384+00:00,x509,expired_challenge,19,1,UAV-VALID,EXPIRED_CHALLENGE,EXPIRED_CHALLENGE,True,42600,0.0426,60900,0,0,0,0,0,0,0,,,,none,x509-expired_challenge_0,0,False,239,17,
n10-identities_c1-conc_mech-x509-1backend_security-battery_r30_audit-off_20260820T020036Z,obs_99d76011a39f4e13913265ae888e6a4c,2026-08-20T02:00:45.779563+00:00,x509,expired_challenge,20,1,UAV-VALID,EXPIRED_CHALLENGE,EXPIRED_CHALLENGE,True,41100,0.0411,58600,0,0,0,0,0,0,0,,,,none,x509-expired_challenge_0,0,False,239,17,
n10-identities_c1-conc_mech-x509-1backend_security-battery_r30_audit-off_20260820T020036Z,obs_fe65a53593524e2aaaaec6f6acdf08ff,2026-08-20T02:00:45.902907+00:00,x509,expired_challenge,21,1,UAV-VALID,EXPIRED_CHALLENGE,EXPIRED_CHALLENGE,True,48700,0.0487,52500,0,0,0,0,0,0,0,,,,none,x509-expired_challenge_0,0,False,240,17,
n10-identities_c1-conc_mech-x509-1backend_security-battery_r30_audit-off_20260820T020036Z,obs_00494f13608a4685a5fc17dffa63df9c,2026-08-20T02:00:46.028546+00:00,x509,expired_challenge,22,1,UAV-VALID,EXPIRED_CHALLENGE,EXPIRED_CHALLENGE,True,42200,0.0422,102600,0,0,0,0,0,0,0,,,,none,x509-expired_challenge_0,0,False,239,17,
n10-identities_c1-conc_mech-x509-1backend_security-battery_r30_audit-off_20260820T020036Z,obs_36cdfcf9c69f4aaeb8880663f99260c1,2026-08-20T02:00:46.153062+00:00,x509,expired_challenge,23,1,UAV-VALID,EXPIRED_CHALLENGE,EXPIRED_CHALLENGE,True,30000,0.03,130500,0,0,0,0,0,0,0,,,,none,x509-expired_challenge_0,0,False,240,17,
n10-identities_c1-conc_mech-x509-1backend_security-battery_r30_audit-off_20260820T020036Z,obs_6cf1a5cea456428491dfae87f7075ef9,2026-08-20T02:00:46.276522+00:00,x509,expired_challenge,24,1,UAV-VALID,EXPIRED_CHALLENGE,EXPIRED_CHALLENGE,True,40900,0.0409,60400,0,0,0,0,0,0,0,,,,none,x509-expired_challenge_0,0,False,239,17,
n10-identities_c1-conc_mech-x509-1backend_security-battery_r30_audit-off_20260820T020036Z,obs_1133f40bfc454cbc8436ebfa0a66d218,2026-08-20T02:00:46.399714+00:00,x509,expired_challenge,25,1,UAV-VALID,EXPIRED_CHALLENGE,EXPIRED_CHALLENGE,True,42600,0.0426,39100,0,0,0,0,0,0,0,,,,none,x509-expired_challenge_0,0,False,239,17,
n10-identities_c1-conc_mech-x509-1backend_security-battery_r30_audit-off_20260820T020036Z,obs_64cd7b9571cb4a149eebc8c9747d10f7,2026-08-20T02:00:46.524191+00:00,x509,expired_challenge,26,1,UAV-VALID,EXPIRED_CHALLENGE,EXPIRED_CHALLENGE,True,43400,0.0434,61400,0,0,0,0,0,0,0,,,,none,x509-expired_challenge_0,0,False,239,17,
n10-identities_c1-conc_mech-x509-1backend_security-battery_r30_audit-off_20260820T020036Z,obs_adece6ffd5574cbda7b4824c6dfbbbab,2026-08-20T02:00:46.650634+00:00,x509,expired_challenge,27,1,UAV-VALID,EXPIRED_CHALLENGE,EXPIRED_CHALLENGE,True,59000,0.059,60400,0,0,0,0,0,0,0,,,,none,x509-expired_challenge_0,0,False,239,17,
n10-identities_c1-conc_mech-x509-1backend_security-battery_r30_audit-off_20260820T020036Z,obs_5a175ef6ce644fc1b56f0fdf45c5315d,2026-08-20T02:00:46.780564+00:00,x509,expired_challenge,28,1,UAV-VALID,EXPIRED_CHALLENGE,EXPIRED_CHALLENGE,True,76200,0.0762,52800,0,0,0,0,0,0,0,,,,none,x509-expired_challenge_0,0,False,238,17,
n10-identities_c1-conc_mech-x509-1backend_security-battery_r30_audit-off_20260820T020036Z,obs_f7a735733b8d499aa3086a1f2bc90a25,2026-08-20T02:00:46.905399+00:00,x509,expired_challenge,29,1,UAV-VALID,EXPIRED_CHALLENGE,EXPIRED_CHALLENGE,True,49000,0.049,63400,0,0,0,0,0,0,0,,,,none,x509-expired_challenge_0,0,False,239,17,
n10-identities_c1-conc_mech-x509-1backend_security-battery_r30_audit-off_20260820T020036Z,obs_b4ec87414f1b4650be4a5ba3a83c932b,2026-08-20T02:00:46.936480+00:00,x509,revoked_uav,0,1,UAV-REVOKED,REVOKED_IDENTITY,REVOKED_IDENTITY,True,10103200,10.1032,72100,411400,9443000,0,0,0,0,0,,,,none,x509-revoked_uav_0,0,True,240,16,
n10-identities_c1-conc_mech-x509-1backend_security-battery_r30_audit-off_20260820T020036Z,obs_317c7baf8aab4c87acb54d5923f9f503,2026-08-20T02:00:46.945327+00:00,x509,revoked_uav,1,1,UAV-REVOKED,REVOKED_IDENTITY,REVOKED_IDENTITY,True,4716600,4.7166,56500,123600,4524700,0,0,0,0,0,,,,none,x509-revoked_uav_0,0,True,241,16,
n10-identities_c1-conc_mech-x509-1backend_security-battery_r30_audit-off_20260820T020036Z,obs_969a3e83e6994a6ebc0f7013fb24f4bf,2026-08-20T02:00:46.949599+00:00,x509,revoked_uav,0,1,UAV-REVOKED,REVOKED_IDENTITY,REVOKED_IDENTITY,True,2060100,2.0601,61400,114300,1867800,0,0,0,0,0,,,,none,x509-revoked_uav_0,0,False,241,16,
n10-identities_c1-conc_mech-x509-1backend_security-battery_r30_audit-off_20260820T020036Z,obs_3c4828b8aaa545f09ad5b5aad3021e40,2026-08-20T02:00:46.953588+00:00,x509,revoked_uav,1,1,UAV-REVOKED,REVOKED_IDENTITY,REVOKED_IDENTITY,True,1487100,1.4871,50100,90400,1342900,0,0,0,0,0,,,,none,x509-revoked_uav_0,0,False,242,16,
n10-identities_c1-conc_mech-x509-1backend_security-battery_r30_audit-off_20260820T020036Z,obs_ac266bb3b5ea44c8a7085bc18bf85fbd,2026-08-20T02:00:46.958929+00:00,x509,revoked_uav,2,1,UAV-REVOKED,REVOKED_IDENTITY,REVOKED_IDENTITY,True,2092500,2.0925,50800,116900,1896400,0,0,0,0,0,,,,none,x509-revoked_uav_0,0,False,241,16,
n10-identities_c1-conc_mech-x509-1backend_security-battery_r30_audit-off_20260820T020036Z,obs_fd7b472bdc024509b0943ecef65439f2,2026-08-20T02:00:46.966760+00:00,x509,revoked_uav,3,1,UAV-REVOKED,REVOKED_IDENTITY,REVOKED_IDENTITY,True,2056600,2.0566,68000,117700,1868500,0,0,0,0,0,,,,none,x509-revoked_uav_0,0,False,242,16,
n10-identities_c1-conc_mech-x509-1backend_security-battery_r30_audit-off_20260820T020036Z,obs_45d7f1be2c9742ce99bdfa8ac943dd23,2026-08-20T02:00:46.972870+00:00,x509,revoked_uav,4,1,UAV-REVOKED,REVOKED_IDENTITY,REVOKED_IDENTITY,True,3535000,3.535,48000,115100,3340300,0,0,0,0,0,,,,none,x509-revoked_uav_0,0,False,242,16,
n10-identities_c1-conc_mech-x509-1backend_security-battery_r30_audit-off_20260820T020036Z,obs_dc2a44bb294f42aeb774b897a49403c0,2026-08-20T02:00:46.981492+00:00,x509,revoked_uav,5,1,UAV-REVOKED,REVOKED_IDENTITY,REVOKED_IDENTITY,True,2695000,2.695,63100,100300,2529800,0,0,0,0,0,,,,none,x509-revoked_uav_0,0,False,241,16,
n10-identities_c1-conc_mech-x509-1backend_security-battery_r30_audit-off_20260820T020036Z,obs_d7e4da9c572447e5a3aba67c3f86e217,2026-08-20T02:00:46.986195+00:00,x509,revoked_uav,6,1,UAV-REVOKED,REVOKED_IDENTITY,REVOKED_IDENTITY,True,1795400,1.7954,56900,104100,1626600,0,0,0,0,0,,,,none,x509-revoked_uav_0,0,False,241,16,
n10-identities_c1-conc_mech-x509-1backend_security-battery_r30_audit-off_20260820T020036Z,obs_0556f067063d41c6930fd023ba7b08ba,2026-08-20T02:00:46.994922+00:00,x509,revoked_uav,7,1,UAV-REVOKED,REVOKED_IDENTITY,REVOKED_IDENTITY,True,5205200,5.2052,51100,543200,4585800,0,0,0,0,0,,,,none,x509-revoked_uav_0,0,False,242,16,
n10-identities_c1-conc_mech-x509-1backend_security-battery_r30_audit-off_20260820T020036Z,obs_052d463ab4aa44fbb19e0358c74826ed,2026-08-20T02:00:47.000492+00:00,x509,revoked_uav,8,1,UAV-REVOKED,REVOKED_IDENTITY,REVOKED_IDENTITY,True,2710500,2.7105,55300,120800,2511500,0,0,0,0,0,,,,none,x509-revoked_uav_0,0,False,242,16,
n10-identities_c1-conc_mech-x509-1backend_security-battery_r30_audit-off_20260820T020036Z,obs_61f22325e3b74c8299ec709f29fe5235,2026-08-20T02:00:47.005637+00:00,x509,revoked_uav,9,1,UAV-REVOKED,REVOKED_IDENTITY,REVOKED_IDENTITY,True,2902600,2.9026,38900,101400,2735500,0,0,0,0,0,,,,none,x509-revoked_uav_0,0,False,242,16,
n10-identities_c1-conc_mech-x509-1backend_security-battery_r30_audit-off_20260820T020036Z,obs_65e8d7a9f91046dca2ca503ca59342ee,2026-08-20T02:00:47.026290+00:00,x509,revoked_uav,10,1,UAV-REVOKED,REVOKED_IDENTITY,REVOKED_IDENTITY,True,14788700,14.7887,52400,119100,14584500,0,0,0,0,0,,,,none,x509-revoked_uav_0,0,False,242,16,
n10-identities_c1-conc_mech-x509-1backend_security-battery_r30_audit-off_20260820T020036Z,obs_4b59f227e8d5492794e9928876612aff,2026-08-20T02:00:47.033421+00:00,x509,revoked_uav,11,1,UAV-REVOKED,REVOKED_IDENTITY,REVOKED_IDENTITY,True,3140000,3.14,80200,141700,2868000,0,0,0,0,0,,,,none,x509-revoked_uav_0,0,False,242,16,
n10-identities_c1-conc_mech-x509-1backend_security-battery_r30_audit-off_20260820T020036Z,obs_7ece2156570b4920b7b1493bd58e8892,2026-08-20T02:00:47.044000+00:00,x509,revoked_uav,12,1,UAV-REVOKED,REVOKED_IDENTITY,REVOKED_IDENTITY,True,4006700,4.0067,63800,302900,3589800,0,0,0,0,0,,,,none,x509-revoked_uav_0,0,False,241,16,
n10-identities_c1-conc_mech-x509-1backend_security-battery_r30_audit-off_20260820T020036Z,obs_21ffebc4e6194a8b9b2ceada6f3eeca5,2026-08-20T02:00:47.057582+00:00,x509,revoked_uav,13,1,UAV-REVOKED,REVOKED_IDENTITY,REVOKED_IDENTITY,True,8800800,8.8008,61100,100400,8636700,0,0,0,0,0,,,,none,x509-revoked_uav_0,0,False,241,16,
n10-identities_c1-conc_mech-x509-1backend_security-battery_r30_audit-off_20260820T020036Z,obs_fe7d29c9dfeb4744b4733da82cb64643,2026-08-20T02:00:47.064057+00:00,x509,revoked_uav,14,1,UAV-REVOKED,REVOKED_IDENTITY,REVOKED_IDENTITY,True,2907900,2.9079,66500,115900,2726800,0,0,0,0,0,,,,none,x509-revoked_uav_0,0,False,241,16,
n10-identities_c1-conc_mech-x509-1backend_security-battery_r30_audit-off_20260820T020036Z,obs_4909f9b4caa74a1c867c8987a9c992dc,2026-08-20T02:00:47.075888+00:00,x509,revoked_uav,15,1,UAV-REVOKED,REVOKED_IDENTITY,REVOKED_IDENTITY,True,3445500,3.4455,70500,183900,3116900,0,0,0,0,0,,,,none,x509-revoked_uav_0,0,False,241,16,
n10-identities_c1-conc_mech-x509-1backend_security-battery_r30_audit-off_20260820T020036Z,obs_bf7106d813b440feb1184693d6244968,2026-08-20T02:00:47.092641+00:00,x509,revoked_uav,16,1,UAV-REVOKED,REVOKED_IDENTITY,REVOKED_IDENTITY,True,12396900,12.3969,55200,278600,12040700,0,0,0,0,0,,,,none,x509-revoked_uav_0,0,False,242,16,
n10-identities_c1-conc_mech-x509-1backend_security-battery_r30_audit-off_20260820T020036Z,obs_51ec4d983953441da8b2b4b2af305c39,2026-08-20T02:00:47.107242+00:00,x509,revoked_uav,17,1,UAV-REVOKED,REVOKED_IDENTITY,REVOKED_IDENTITY,True,10749700,10.7497,66300,236500,10418600,0,0,0,0,0,,,,none,x509-revoked_uav_0,0,False,242,16,
n10-identities_c1-conc_mech-x509-1backend_security-battery_r30_audit-off_20260820T020036Z,obs_7e3914c947674be986f638b1bac2d1c5,2026-08-20T02:00:47.115462+00:00,x509,revoked_uav,18,1,UAV-REVOKED,REVOKED_IDENTITY,REVOKED_IDENTITY,True,4361800,4.3618,69800,134900,4150600,0,0,0,0,0,,,,none,x509-revoked_uav_0,0,False,240,16,
n10-identities_c1-conc_mech-x509-1backend_security-battery_r30_audit-off_20260820T020036Z,obs_0d66ea8a45c94d53b81157c4655bde17,2026-08-20T02:00:47.119536+00:00,x509,revoked_uav,19,1,UAV-REVOKED,REVOKED_IDENTITY,REVOKED_IDENTITY,True,1877300,1.8773,55800,132000,1677900,0,0,0,0,0,,,,none,x509-revoked_uav_0,0,False,242,16,
n10-identities_c1-conc_mech-x509-1backend_security-battery_r30_audit-off_20260820T020036Z,obs_0a31180ffdac449bb271071179f52319,2026-08-20T02:00:47.127250+00:00,x509,revoked_uav,20,1,UAV-REVOKED,REVOKED_IDENTITY,REVOKED_IDENTITY,True,2301300,2.3013,74700,158500,2067200,0,0,0,0,0,,,,none,x509-revoked_uav_0,0,False,242,16,
n10-identities_c1-conc_mech-x509-1backend_security-battery_r30_audit-off_20260820T020036Z,obs_a43bda8f8dfb449098a03bd2b702208e,2026-08-20T02:00:47.133609+00:00,x509,revoked_uav,21,1,UAV-REVOKED,REVOKED_IDENTITY,REVOKED_IDENTITY,True,3702600,3.7026,49000,100800,3530000,0,0,0,0,0,,,,none,x509-revoked_uav_0,0,False,241,16,
n10-identities_c1-conc_mech-x509-1backend_security-battery_r30_audit-off_20260820T020036Z,obs_7fc82164338b4974a977ead5af3432a1,2026-08-20T02:00:47.140135+00:00,x509,revoked_uav,22,1,UAV-REVOKED,REVOKED_IDENTITY,REVOKED_IDENTITY,True,3210400,3.2104,56000,142200,2991900,0,0,0,0,0,,,,none,x509-revoked_uav_0,0,False,241,16,
n10-identities_c1-conc_mech-x509-1backend_security-battery_r30_audit-off_20260820T020036Z,obs_dfcdb130a6b34d6c9fd07ebc94532548,2026-08-20T02:00:47.153043+00:00,x509,revoked_uav,23,1,UAV-REVOKED,REVOKED_IDENTITY,REVOKED_IDENTITY,True,4117400,4.1174,80700,140800,3890100,0,0,0,0,0,,,,none,x509-revoked_uav_0,0,False,242,16,
n10-identities_c1-conc_mech-x509-1backend_security-battery_r30_audit-off_20260820T020036Z,obs_6b2df53c529e48ec89612846dfca452f,2026-08-20T02:00:47.233223+00:00,x509,revoked_uav,24,1,UAV-REVOKED,REVOKED_IDENTITY,REVOKED_IDENTITY,True,74101500,74.1015,55600,132400,72451200,0,0,0,0,0,,,,none,x509-revoked_uav_0,0,False,241,16,
n10-identities_c1-conc_mech-x509-1backend_security-battery_r30_audit-off_20260820T020036Z,obs_76e171d675274134aacbb7cad5bd74c3,2026-08-20T02:00:47.243051+00:00,x509,revoked_uav,25,1,UAV-REVOKED,REVOKED_IDENTITY,REVOKED_IDENTITY,True,4369100,4.3691,64600,138100,4144000,0,0,0,0,0,,,,none,x509-revoked_uav_0,0,False,242,16,
n10-identities_c1-conc_mech-x509-1backend_security-battery_r30_audit-off_20260820T020036Z,obs_204cd6e12e2d4ef3ae6f23d43f059e9a,2026-08-20T02:00:47.305967+00:00,x509,revoked_uav,26,1,UAV-REVOKED,REVOKED_IDENTITY,REVOKED_IDENTITY,True,59116300,59.1163,60200,104500,58925900,0,0,0,0,0,,,,none,x509-revoked_uav_0,0,False,241,16,
n10-identities_c1-conc_mech-x509-1backend_security-battery_r30_audit-off_20260820T020036Z,obs_3d9effc9ec4a41a7b64412186ea8c341,2026-08-20T02:00:47.310605+00:00,x509,revoked_uav,27,1,UAV-REVOKED,REVOKED_IDENTITY,REVOKED_IDENTITY,True,2275000,2.275,47500,86200,2137500,0,0,0,0,0,,,,none,x509-revoked_uav_0,0,False,242,16,
n10-identities_c1-conc_mech-x509-1backend_security-battery_r30_audit-off_20260820T020036Z,obs_e73306b00ec74471bfd756978586bbb8,2026-08-20T02:00:47.316614+00:00,x509,revoked_uav,28,1,UAV-REVOKED,REVOKED_IDENTITY,REVOKED_IDENTITY,True,3787600,3.7876,48000,105400,3616900,0,0,0,0,0,,,,none,x509-revoked_uav_0,0,False,242,16,
n10-identities_c1-conc_mech-x509-1backend_security-battery_r30_audit-off_20260820T020036Z,obs_f54ab352ba594bc6b4aef610299cc2b9,2026-08-20T02:00:47.320295+00:00,x509,revoked_uav,29,1,UAV-REVOKED,REVOKED_IDENTITY,REVOKED_IDENTITY,True,1690300,1.6903,46700,94300,1537100,0,0,0,0,0,,,,none,x509-revoked_uav_0,0,False,240,16,
n10-identities_c1-conc_mech-x509-1backend_security-battery_r30_audit-off_20260820T020036Z,obs_cd1db44c979c45debba0d70a5ca3ba18,2026-08-20T02:00:47.523220+00:00,x509,unauthorised_operation,0,1,UAV-LIMITED,UNAUTHORISED_OPERATION,UNAUTHORISED_OPERATION,True,3610500,3.6105,55200,126900,3071200,0,249800,7400,0,0,,,,none,x509-unauthorised_operation_0,0,True,241,22,
n10-identities_c1-conc_mech-x509-1backend_security-battery_r30_audit-off_20260820T020036Z,obs_a09a1805f0fa406d8257459258c03885,2026-08-20T02:00:47.529437+00:00,x509,unauthorised_operation,1,1,UAV-LIMITED,UNAUTHORISED_OPERATION,UNAUTHORISED_OPERATION,True,3036900,3.0369,62200,113200,2493300,0,250400,8600,0,0,,,,none,x509-unauthorised_operation_0,0,True,242,22,
n10-identities_c1-conc_mech-x509-1backend_security-battery_r30_audit-off_20260820T020036Z,obs_cf04f1b050d645fa9bc3f868f4a43fd6,2026-08-20T02:00:47.536311+00:00,x509,unauthorised_operation,0,1,UAV-LIMITED,UNAUTHORISED_OPERATION,UNAUTHORISED_OPERATION,True,3473700,3.4737,60000,421000,2668500,0,227200,6800,0,0,,,,none,x509-unauthorised_operation_0,0,False,243,22,
n10-identities_c1-conc_mech-x509-1backend_security-battery_r30_audit-off_20260820T020036Z,obs_b8fdedb2da2f4f65a938a8781dfc4b40,2026-08-20T02:00:47.542106+00:00,x509,unauthorised_operation,1,1,UAV-LIMITED,UNAUTHORISED_OPERATION,UNAUTHORISED_OPERATION,True,2434000,2.434,53600,93600,1985300,0,219900,5700,0,0,,,,none,x509-unauthorised_operation_0,0,False,241,22,
n10-identities_c1-conc_mech-x509-1backend_security-battery_r30_audit-off_20260820T020036Z,obs_cdefd390262941d38960e2d6063de45d,2026-08-20T02:00:47.547371+00:00,x509,unauthorised_operation,2,1,UAV-LIMITED,UNAUTHORISED_OPERATION,UNAUTHORISED_OPERATION,True,2811100,2.8111,49200,92800,2310500,0,250700,7600,0,0,,,,none,x509-unauthorised_operation_0,0,False,243,22,
n10-identities_c1-conc_mech-x509-1backend_security-battery_r30_audit-off_20260820T020036Z,obs_0fcc2e8d60d54898b43d13033a1e2cdc,2026-08-20T02:00:47.552830+00:00,x509,unauthorised_operation,3,1,UAV-LIMITED,UNAUTHORISED_OPERATION,UNAUTHORISED_OPERATION,True,2881400,2.8814,43500,213400,2226300,0,192900,7900,0,0,,,,none,x509-unauthorised_operation_0,0,False,242,22,
n10-identities_c1-conc_mech-x509-1backend_security-battery_r30_audit-off_20260820T020036Z,obs_9b606c22ed884e1298c037fa35d4c31f,2026-08-20T02:00:47.559242+00:00,x509,unauthorised_operation,4,1,UAV-LIMITED,UNAUTHORISED_OPERATION,UNAUTHORISED_OPERATION,True,3364200,3.3642,60800,115200,2857100,0,225700,6200,0,0,,,,none,x509-unauthorised_operation_0,0,False,242,22,
n10-identities_c1-conc_mech-x509-1backend_security-battery_r30_audit-off_20260820T020036Z,obs_afc61d487e014ac1892f4fb60f3ec62e,2026-08-20T02:00:47.563317+00:00,x509,unauthorised_operation,5,1,UAV-LIMITED,UNAUTHORISED_OPERATION,UNAUTHORISED_OPERATION,True,1926200,1.9262,45400,88500,1378500,0,202200,5600,0,0,,,,none,x509-unauthorised_operation_0,0,False,241,22,
n10-identities_c1-conc_mech-x509-1backend_security-battery_r30_audit-off_20260820T020036Z,obs_e2aaf6e27d8b4843a075a91de275b541,2026-08-20T02:00:47.571812+00:00,x509,unauthorised_operation,6,1,UAV-LIMITED,UNAUTHORISED_OPERATION,UNAUTHORISED_OPERATION,True,5094300,5.0943,51300,123300,4455300,0,295400,9000,0,0,,,,none,x509-unauthorised_operation_0,0,False,242,22,
n10-identities_c1-conc_mech-x509-1backend_security-battery_r30_audit-off_20260820T020036Z,obs_baaed9ff87114a4ba3ab42a102ef80bb,2026-08-20T02:00:47.580884+00:00,x509,unauthorised_operation,7,1,UAV-LIMITED,UNAUTHORISED_OPERATION,UNAUTHORISED_OPERATION,True,2419800,2.4198,59200,174200,1833900,0,232100,7600,0,0,,,,none,x509-unauthorised_operation_0,0,False,242,22,
n10-identities_c1-conc_mech-x509-1backend_security-battery_r30_audit-off_20260820T020036Z,obs_1bdcd09a23504826830feeeca0c84aab,2026-08-20T02:00:47.586775+00:00,x509,unauthorised_operation,8,1,UAV-LIMITED,UNAUTHORISED_OPERATION,UNAUTHORISED_OPERATION,True,3107300,3.1073,44700,88300,2568200,0,289200,10300,0,0,,,,none,x509-unauthorised_operation_0,0,False,242,22,
n10-identities_c1-conc_mech-x509-1backend_security-battery_r30_audit-off_20260820T020036Z,obs_52456f5eb7724fcfb0e3ead6b60b5133,2026-08-20T02:00:47.595250+00:00,x509,unauthorised_operation,9,1,UAV-LIMITED,UNAUTHORISED_OPERATION,UNAUTHORISED_OPERATION,True,3136000,3.136,51700,127100,2546700,0,222700,7100,0,0,,,,none,x509-unauthorised_operation_0,0,False,242,22,
n10-identities_c1-conc_mech-x509-1backend_security-battery_r30_audit-off_20260820T020036Z,obs_4c44fcb9d1c641f2bc9dc6a98ecb3b66,2026-08-20T02:00:47.600452+00:00,x509,unauthorised_operation,10,1,UAV-LIMITED,UNAUTHORISED_OPERATION,UNAUTHORISED_OPERATION,True,2013300,2.0133,43200,105300,1550000,0,223900,9800,0,0,,,,none,x509-unauthorised_operation_0,0,False,242,22,
n10-identities_c1-conc_mech-x509-1backend_security-battery_r30_audit-off_20260820T020036Z,obs_f72262bc7878422dad76075c45da4386,2026-08-20T02:00:47.607449+00:00,x509,unauthorised_operation,11,1,UAV-LIMITED,UNAUTHORISED_OPERATION,UNAUTHORISED_OPERATION,True,3549400,3.5494,58300,125600,2840000,0,255900,7300,0,0,,,,none,x509-unauthorised_operation_0,0,False,243,22,
n10-identities_c1-conc_mech-x509-1backend_security-battery_r30_audit-off_20260820T020036Z,obs_dcde9ea9324c4c4f8b2489162e38e9f2,2026-08-20T02:00:47.613686+00:00,x509,unauthorised_operation,12,1,UAV-LIMITED,UNAUTHORISED_OPERATION,UNAUTHORISED_OPERATION,True,2905100,2.9051,53000,165700,2347300,0,205300,6400,0,0,,,,none,x509-unauthorised_operation_0,0,False,242,22,
n10-identities_c1-conc_mech-x509-1backend_security-battery_r30_audit-off_20260820T020036Z,obs_5cfae9121c244632a7f03ee9c0cfd562,2026-08-20T02:00:47.624664+00:00,x509,unauthorised_operation,13,1,UAV-LIMITED,UNAUTHORISED_OPERATION,UNAUTHORISED_OPERATION,True,9028100,9.0281,41500,89700,8180000,0,350700,11800,0,0,,,,none,x509-unauthorised_operation_0,0,False,242,22,
n10-identities_c1-conc_mech-x509-1backend_security-battery_r30_audit-off_20260820T020036Z,obs_1179c980054d4c03b509f05a84ae3af9,2026-08-20T02:00:47.631804+00:00,x509,unauthorised_operation,14,1,UAV-LIMITED,UNAUTHORISED_OPERATION,UNAUTHORISED_OPERATION,True,2630800,2.6308,61000,125700,1982800,0,240000,6900,0,0,,,,none,x509-unauthorised_operation_0,0,False,241,22,
n10-identities_c1-conc_mech-x509-1backend_security-battery_r30_audit-off_20260820T020036Z,obs_6fd332d5ee5548659e501433a6f88160,2026-08-20T02:00:47.638045+00:00,x509,unauthorised_operation,15,1,UAV-LIMITED,UNAUTHORISED_OPERATION,UNAUTHORISED_OPERATION,True,3424500,3.4245,100700,91700,2494500,0,485600,13600,0,0,,,,none,x509-unauthorised_operation_0,0,False,243,22,
n10-identities_c1-conc_mech-x509-1backend_security-battery_r30_audit-off_20260820T020036Z,obs_b62b170ff1144cce805785ad1cd0766b,2026-08-20T02:00:47.647290+00:00,x509,unauthorised_operation,16,1,UAV-LIMITED,UNAUTHORISED_OPERATION,UNAUTHORISED_OPERATION,True,3723600,3.7236,49400,155300,3146400,0,217500,6300,0,0,,,,none,x509-unauthorised_operation_0,0,False,242,22,
n10-identities_c1-conc_mech-x509-1backend_security-battery_r30_audit-off_20260820T020036Z,obs_9e187c3dff234f39892cc3b45c9f192b,2026-08-20T02:00:47.652718+00:00,x509,unauthorised_operation,17,1,UAV-LIMITED,UNAUTHORISED_OPERATION,UNAUTHORISED_OPERATION,True,2452100,2.4521,48600,122300,1914900,0,224400,8100,0,0,,,,none,x509-unauthorised_operation_0,0,False,242,22,
n10-identities_c1-conc_mech-x509-1backend_security-battery_r30_audit-off_20260820T020036Z,obs_224007f9b9d74d438b793587c75e14e3,2026-08-20T02:00:47.659853+00:00,x509,unauthorised_operation,18,1,UAV-LIMITED,UNAUTHORISED_OPERATION,UNAUTHORISED_OPERATION,True,4048100,4.0481,69900,123600,3530800,0,226000,7200,0,0,,,,none,x509-unauthorised_operation_0,0,False,241,22,
n10-identities_c1-conc_mech-x509-1backend_security-battery_r30_audit-off_20260820T020036Z,obs_f97f7d102ffa4458a00997cae9b79ff2,2026-08-20T02:00:47.666595+00:00,x509,unauthorised_operation,19,1,UAV-LIMITED,UNAUTHORISED_OPERATION,UNAUTHORISED_OPERATION,True,2706000,2.706,50800,90500,2222700,0,236100,7500,0,0,,,,none,x509-unauthorised_operation_0,0,False,242,22,
n10-identities_c1-conc_mech-x509-1backend_security-battery_r30_audit-off_20260820T020036Z,obs_d5d4621701ff45e5969f03b076e3508a,2026-08-20T02:00:47.673866+00:00,x509,unauthorised_operation,20,1,UAV-LIMITED,UNAUTHORISED_OPERATION,UNAUTHORISED_OPERATION,True,3798800,3.7988,66800,132000,3270000,0,223500,6800,0,0,,,,none,x509-unauthorised_operation_0,0,False,242,22,
n10-identities_c1-conc_mech-x509-1backend_security-battery_r30_audit-off_20260820T020036Z,obs_3c609c40ac5f416985c448491fda396c,2026-08-20T02:00:47.678473+00:00,x509,unauthorised_operation,21,1,UAV-LIMITED,UNAUTHORISED_OPERATION,UNAUTHORISED_OPERATION,True,2157500,2.1575,45400,98700,1660600,0,222900,6400,0,0,,,,none,x509-unauthorised_operation_0,0,False,241,22,
n10-identities_c1-conc_mech-x509-1backend_security-battery_r30_audit-off_20260820T020036Z,obs_d858d0e2dff54320811ab683e59fb69a,2026-08-20T02:00:47.683990+00:00,x509,unauthorised_operation,22,1,UAV-LIMITED,UNAUTHORISED_OPERATION,UNAUTHORISED_OPERATION,True,2205900,2.2059,54800,120600,1699200,0,217400,7500,0,0,,,,none,x509-unauthorised_operation_0,0,False,243,22,
n10-identities_c1-conc_mech-x509-1backend_security-battery_r30_audit-off_20260820T020036Z,obs_aa8ab16f5a154c0ab44b9d3aa9b9d6c3,2026-08-20T02:00:47.691155+00:00,x509,unauthorised_operation,23,1,UAV-LIMITED,UNAUTHORISED_OPERATION,UNAUTHORISED_OPERATION,True,3991900,3.9919,53900,119000,3437400,0,260900,9000,0,0,,,,none,x509-unauthorised_operation_0,0,False,242,22,
n10-identities_c1-conc_mech-x509-1backend_security-battery_r30_audit-off_20260820T020036Z,obs_9ff03e7a3f83445bb4ba9de3ff0e25a8,2026-08-20T02:00:47.695897+00:00,x509,unauthorised_operation,24,1,UAV-LIMITED,UNAUTHORISED_OPERATION,UNAUTHORISED_OPERATION,True,2267500,2.2675,49700,89900,1857000,0,196400,6500,0,0,,,,none,x509-unauthorised_operation_0,0,False,243,22,
n10-identities_c1-conc_mech-x509-1backend_security-battery_r30_audit-off_20260820T020036Z,obs_d3ede8cd179d47698ad51dbaa4618eff,2026-08-20T02:00:47.700548+00:00,x509,unauthorised_operation,25,1,UAV-LIMITED,UNAUTHORISED_OPERATION,UNAUTHORISED_OPERATION,True,2288400,2.2884,45700,99300,1813200,0,225300,8000,0,0,,,,none,x509-unauthorised_operation_0,0,False,242,22,
n10-identities_c1-conc_mech-x509-1backend_security-battery_r30_audit-off_20260820T020036Z,obs_ff45a6def9d0432cb973a0ba731d2a01,2026-08-20T02:00:47.706729+00:00,x509,unauthorised_operation,26,1,UAV-LIMITED,UNAUTHORISED_OPERATION,UNAUTHORISED_OPERATION,True,3116000,3.116,53900,99600,2631500,0,221200,6600,0,0,,,,none,x509-unauthorised_operation_0,0,False,243,22,
n10-identities_c1-conc_mech-x509-1backend_security-battery_r30_audit-off_20260820T020036Z,obs_8faab49bb77c4341b5718d2b609c0e81,2026-08-20T02:00:47.711399+00:00,x509,unauthorised_operation,27,1,UAV-LIMITED,UNAUTHORISED_OPERATION,UNAUTHORISED_OPERATION,True,2558200,2.5582,45400,97400,2083700,0,230700,6800,0,0,,,,none,x509-unauthorised_operation_0,0,False,242,22,
n10-identities_c1-conc_mech-x509-1backend_security-battery_r30_audit-off_20260820T020036Z,obs_458379d015b84dce9dfe1d5a8477b429,2026-08-20T02:00:47.716441+00:00,x509,unauthorised_operation,28,1,UAV-LIMITED,UNAUTHORISED_OPERATION,UNAUTHORISED_OPERATION,True,2293800,2.2938,52600,112800,1742700,0,263000,22200,0,0,,,,none,x509-unauthorised_operation_0,0,False,243,22,
n10-identities_c1-conc_mech-x509-1backend_security-battery_r30_audit-off_20260820T020036Z,obs_ca917790a8364eb280c5fad9e1ab1ab8,2026-08-20T02:00:47.723094+00:00,x509,unauthorised_operation,29,1,UAV-LIMITED,UNAUTHORISED_OPERATION,UNAUTHORISED_OPERATION,True,3297900,3.2979,57400,106800,2660600,0,332100,10400,0,0,,,,none,x509-unauthorised_operation_0,0,False,242,22,
n10-identities_c1-conc_mech-x509-1backend_security-battery_r30_audit-off_20260820T020036Z,obs_f1c1d0bce9ed40338643ca9949d767c3,2026-08-20T02:00:47.868566+00:00,x509,malformed,0,1,UAV-VALID,MALFORMED_REQUEST,MALFORMED_REQUEST,True,18900,0.0189,47400,0,0,0,0,0,0,0,,,,none,x509-malformed_0,0,True,26,17,malformed authentication object: missing magic
n10-identities_c1-conc_mech-x509-1backend_security-battery_r30_audit-off_20260820T020036Z,obs_5dda50f50f8d4e05af85dda7d45e9a21,2026-08-20T02:00:47.870607+00:00,x509,malformed,1,1,UAV-VALID,MALFORMED_REQUEST,MALFORMED_REQUEST,True,21800,0.0218,51500,0,0,0,0,0,0,0,,,,none,x509-malformed_0,0,True,26,17,malformed authentication object: missing magic
n10-identities_c1-conc_mech-x509-1backend_security-battery_r30_audit-off_20260820T020036Z,obs_d5ce80d3024e44b9be4b57b6a1852f9f,2026-08-20T02:00:47.872705+00:00,x509,malformed,0,1,UAV-VALID,MALFORMED_REQUEST,MALFORMED_REQUEST,True,12900,0.0129,68400,0,0,0,0,0,0,0,,,,none,x509-malformed_0,0,False,26,17,malformed authentication object: missing magic
n10-identities_c1-conc_mech-x509-1backend_security-battery_r30_audit-off_20260820T020036Z,obs_fbbc5350de404b6a900f13980d03903b,2026-08-20T02:00:47.874214+00:00,x509,malformed,1,1,UAV-VALID,MALFORMED_REQUEST,MALFORMED_REQUEST,True,12800,0.0128,47600,0,0,0,0,0,0,0,,,,none,x509-malformed_0,0,False,26,17,malformed authentication object: missing magic
n10-identities_c1-conc_mech-x509-1backend_security-battery_r30_audit-off_20260820T020036Z,obs_f5de21c3e4664356970040129d30dada,2026-08-20T02:00:47.876135+00:00,x509,malformed,2,1,UAV-VALID,MALFORMED_REQUEST,MALFORMED_REQUEST,True,12700,0.0127,48700,0,0,0,0,0,0,0,,,,none,x509-malformed_0,0,False,26,17,malformed authentication object: missing magic
n10-identities_c1-conc_mech-x509-1backend_security-battery_r30_audit-off_20260820T020036Z,obs_fcb50c1fafa944e0b4c3a7aef7d4d7a1,2026-08-20T02:00:47.878112+00:00,x509,malformed,3,1,UAV-VALID,MALFORMED_REQUEST,MALFORMED_REQUEST,True,13100,0.0131,48200,0,0,0,0,0,0,0,,,,none,x509-malformed_0,0,False,26,17,malformed authentication object: missing magic
n10-identities_c1-conc_mech-x509-1backend_security-battery_r30_audit-off_20260820T020036Z,obs_475a713a2335488397b0a714a9c9ed77,2026-08-20T02:00:47.879877+00:00,x509,malformed,4,1,UAV-VALID,MALFORMED_REQUEST,MALFORMED_REQUEST,True,11500,0.0115,50800,0,0,0,0,0,0,0,,,,none,x509-malformed_0,0,False,26,17,malformed authentication object: missing magic
n10-identities_c1-conc_mech-x509-1backend_security-battery_r30_audit-off_20260820T020036Z,obs_c4ff3cf9c9de4f12a782d685d33954f8,2026-08-20T02:00:47.881293+00:00,x509,malformed,5,1,UAV-VALID,MALFORMED_REQUEST,MALFORMED_REQUEST,True,11000,0.011,40200,0,0,0,0,0,0,0,,,,none,x509-malformed_0,0,False,26,17,malformed authentication object: missing magic
n10-identities_c1-conc_mech-x509-1backend_security-battery_r30_audit-off_20260820T020036Z,obs_7c3f377b2a5749c89a11e84e105a7186,2026-08-20T02:00:47.882630+00:00,x509,malformed,6,1,UAV-VALID,MALFORMED_REQUEST,MALFORMED_REQUEST,True,9600,0.0096,36700,0,0,0,0,0,0,0,,,,none,x509-malformed_0,0,False,26,17,malformed authentication object: missing magic
n10-identities_c1-conc_mech-x509-1backend_security-battery_r30_audit-off_20260820T020036Z,obs_c0865c86ceb4418caa874cf6cd453384,2026-08-20T02:00:47.884550+00:00,x509,malformed,7,1,UAV-VALID,MALFORMED_REQUEST,MALFORMED_REQUEST,True,9300,0.0093,39400,0,0,0,0,0,0,0,,,,none,x509-malformed_0,0,False,26,17,malformed authentication object: missing magic
n10-identities_c1-conc_mech-x509-1backend_security-battery_r30_audit-off_20260820T020036Z,obs_08917452601e4ba1af661606fe58beb2,2026-08-20T02:00:47.886364+00:00,x509,malformed,8,1,UAV-VALID,MALFORMED_REQUEST,MALFORMED_REQUEST,True,12400,0.0124,52500,0,0,0,0,0,0,0,,,,none,x509-malformed_0,0,False,26,17,malformed authentication object: missing magic
n10-identities_c1-conc_mech-x509-1backend_security-battery_r30_audit-off_20260820T020036Z,obs_90af68fdd8884631b8404010d4b87994,2026-08-20T02:00:47.889104+00:00,x509,malformed,9,1,UAV-VALID,MALFORMED_REQUEST,MALFORMED_REQUEST,True,13800,0.0138,60500,0,0,0,0,0,0,0,,,,none,x509-malformed_0,0,False,26,17,malformed authentication object: missing magic
n10-identities_c1-conc_mech-x509-1backend_security-battery_r30_audit-off_20260820T020036Z,obs_bf14de20131641d49dcc0eba44a9b4eb,2026-08-20T02:00:47.891309+00:00,x509,malformed,10,1,UAV-VALID,MALFORMED_REQUEST,MALFORMED_REQUEST,True,13300,0.0133,88800,0,0,0,0,0,0,0,,,,none,x509-malformed_0,0,False,26,17,malformed authentication object: missing magic
n10-identities_c1-conc_mech-x509-1backend_security-battery_r30_audit-off_20260820T020036Z,obs_27eb74176cea42618900e980aa854064,2026-08-20T02:00:47.894009+00:00,x509,malformed,11,1,UAV-VALID,MALFORMED_REQUEST,MALFORMED_REQUEST,True,12300,0.0123,52800,0,0,0,0,0,0,0,,,,none,x509-malformed_0,0,False,26,17,malformed authentication object: missing magic
n10-identities_c1-conc_mech-x509-1backend_security-battery_r30_audit-off_20260820T020036Z,obs_edc70db2484342fe86e8bb2284a6c825,2026-08-20T02:00:47.895397+00:00,x509,malformed,12,1,UAV-VALID,MALFORMED_REQUEST,MALFORMED_REQUEST,True,11400,0.0114,41400,0,0,0,0,0,0,0,,,,none,x509-malformed_0,0,False,26,17,malformed authentication object: missing magic
n10-identities_c1-conc_mech-x509-1backend_security-battery_r30_audit-off_20260820T020036Z,obs_04ecdfa447cc4f15a229f82176c68d10,2026-08-20T02:00:47.896932+00:00,x509,malformed,13,1,UAV-VALID,MALFORMED_REQUEST,MALFORMED_REQUEST,True,10700,0.0107,39700,0,0,0,0,0,0,0,,,,none,x509-malformed_0,0,False,26,17,malformed authentication object: missing magic
n10-identities_c1-conc_mech-x509-1backend_security-battery_r30_audit-off_20260820T020036Z,obs_fa4472742790456991365d63f0a8328c,2026-08-20T02:00:47.898518+00:00,x509,malformed,14,1,UAV-VALID,MALFORMED_REQUEST,MALFORMED_REQUEST,True,9300,0.0093,39500,0,0,0,0,0,0,0,,,,none,x509-malformed_0,0,False,26,17,malformed authentication object: missing magic
n10-identities_c1-conc_mech-x509-1backend_security-battery_r30_audit-off_20260820T020036Z,obs_45308f8bfaef4eee84fa3025e77301c6,2026-08-20T02:00:47.899896+00:00,x509,malformed,15,1,UAV-VALID,MALFORMED_REQUEST,MALFORMED_REQUEST,True,11500,0.0115,38500,0,0,0,0,0,0,0,,,,none,x509-malformed_0,0,False,26,17,malformed authentication object: missing magic
n10-identities_c1-conc_mech-x509-1backend_security-battery_r30_audit-off_20260820T020036Z,obs_b1c1af0980c244989af6e6a9eadb6561,2026-08-20T02:00:47.901911+00:00,x509,malformed,16,1,UAV-VALID,MALFORMED_REQUEST,MALFORMED_REQUEST,True,9400,0.0094,43300,0,0,0,0,0,0,0,,,,none,x509-malformed_0,0,False,26,17,malformed authentication object: missing magic
n10-identities_c1-conc_mech-x509-1backend_security-battery_r30_audit-off_20260820T020036Z,obs_6eb098d478234131ae982d3205f3659e,2026-08-20T02:00:47.903580+00:00,x509,malformed,17,1,UAV-VALID,MALFORMED_REQUEST,MALFORMED_REQUEST,True,10800,0.0108,44800,0,0,0,0,0,0,0,,,,none,x509-malformed_0,0,False,26,17,malformed authentication object: missing magic
n10-identities_c1-conc_mech-x509-1backend_security-battery_r30_audit-off_20260820T020036Z,obs_77d9f0252b12498282b6ecb6ae3d98da,2026-08-20T02:00:47.906421+00:00,x509,malformed,18,1,UAV-VALID,MALFORMED_REQUEST,MALFORMED_REQUEST,True,11600,0.0116,53200,0,0,0,0,0,0,0,,,,none,x509-malformed_0,0,False,26,17,malformed authentication object: missing magic
n10-identities_c1-conc_mech-x509-1backend_security-battery_r30_audit-off_20260820T020036Z,obs_6ebcaa526cf24fffb8a197858a3432e1,2026-08-20T02:00:47.908138+00:00,x509,malformed,19,1,UAV-VALID,MALFORMED_REQUEST,MALFORMED_REQUEST,True,10900,0.0109,74900,0,0,0,0,0,0,0,,,,none,x509-malformed_0,0,False,26,17,malformed authentication object: missing magic
n10-identities_c1-conc_mech-x509-1backend_security-battery_r30_audit-off_20260820T020036Z,obs_b7fcf4bf0021478ba583662409854b81,2026-08-20T02:00:47.909930+00:00,x509,malformed,20,1,UAV-VALID,MALFORMED_REQUEST,MALFORMED_REQUEST,True,9700,0.0097,45500,0,0,0,0,0,0,0,,,,none,x509-malformed_0,0,False,26,17,malformed authentication object: missing magic
n10-identities_c1-conc_mech-x509-1backend_security-battery_r30_audit-off_20260820T020036Z,obs_50ea7db1d17b4b09a5e65c5862825db1,2026-08-20T02:00:47.911841+00:00,x509,malformed,21,1,UAV-VALID,MALFORMED_REQUEST,MALFORMED_REQUEST,True,33500,0.0335,76100,0,0,0,0,0,0,0,,,,none,x509-malformed_0,0,False,26,17,malformed authentication object: missing magic
n10-identities_c1-conc_mech-x509-1backend_security-battery_r30_audit-off_20260820T020036Z,obs_7608e740db0c4edf8ffc4aaec6043f7d,2026-08-20T02:00:47.913701+00:00,x509,malformed,22,1,UAV-VALID,MALFORMED_REQUEST,MALFORMED_REQUEST,True,12900,0.0129,49500,0,0,0,0,0,0,0,,,,none,x509-malformed_0,0,False,26,17,malformed authentication object: missing magic
n10-identities_c1-conc_mech-x509-1backend_security-battery_r30_audit-off_20260820T020036Z,obs_a2db50bf49b54b9d942bd0fe295f2583,2026-08-20T02:00:47.915674+00:00,x509,malformed,23,1,UAV-VALID,MALFORMED_REQUEST,MALFORMED_REQUEST,True,12200,0.0122,51400,0,0,0,0,0,0,0,,,,none,x509-malformed_0,0,False,26,17,malformed authentication object: missing magic
n10-identities_c1-conc_mech-x509-1backend_security-battery_r30_audit-off_20260820T020036Z,obs_79150d4d4b29405f94db57a63adcf126,2026-08-20T02:00:47.917329+00:00,x509,malformed,24,1,UAV-VALID,MALFORMED_REQUEST,MALFORMED_REQUEST,True,11100,0.0111,54700,0,0,0,0,0,0,0,,,,none,x509-malformed_0,0,False,26,17,malformed authentication object: missing magic
n10-identities_c1-conc_mech-x509-1backend_security-battery_r30_audit-off_20260820T020036Z,obs_a040e8ab3f52481e97c456b3d7cfdafb,2026-08-20T02:00:47.918821+00:00,x509,malformed,25,1,UAV-VALID,MALFORMED_REQUEST,MALFORMED_REQUEST,True,9800,0.0098,38200,0,0,0,0,0,0,0,,,,none,x509-malformed_0,0,False,26,17,malformed authentication object: missing magic
n10-identities_c1-conc_mech-x509-1backend_security-battery_r30_audit-off_20260820T020036Z,obs_4b4e93a6462f42cd9f2d486f63a13cca,2026-08-20T02:00:47.920510+00:00,x509,malformed,26,1,UAV-VALID,MALFORMED_REQUEST,MALFORMED_REQUEST,True,11100,0.0111,46200,0,0,0,0,0,0,0,,,,none,x509-malformed_0,0,False,26,17,malformed authentication object: missing magic
n10-identities_c1-conc_mech-x509-1backend_security-battery_r30_audit-off_20260820T020036Z,obs_c735f31d04324083b782558514657924,2026-08-20T02:00:47.923283+00:00,x509,malformed,27,1,UAV-VALID,MALFORMED_REQUEST,MALFORMED_REQUEST,True,12500,0.0125,48400,0,0,0,0,0,0,0,,,,none,x509-malformed_0,0,False,26,17,malformed authentication object: missing magic
n10-identities_c1-conc_mech-x509-1backend_security-battery_r30_audit-off_20260820T020036Z,obs_2793d0be5c1944d38b8c80cf538d67fd,2026-08-20T02:00:47.925240+00:00,x509,malformed,28,1,UAV-VALID,MALFORMED_REQUEST,MALFORMED_REQUEST,True,13200,0.0132,53000,0,0,0,0,0,0,0,,,,none,x509-malformed_0,0,False,26,17,malformed authentication object: missing magic
n10-identities_c1-conc_mech-x509-1backend_security-battery_r30_audit-off_20260820T020036Z,obs_e1edd190531044e083343c65a9c5d2fa,2026-08-20T02:00:47.926565+00:00,x509,malformed,29,1,UAV-VALID,MALFORMED_REQUEST,MALFORMED_REQUEST,True,11900,0.0119,41900,0,0,0,0,0,0,0,,,,none,x509-malformed_0,0,False,26,17,malformed authentication object: missing magic
n10-identities_c1-conc_mech-x509-1backend_security-battery_r30_audit-off_20260820T020036Z,obs_be52ab4d0cb74a6e9f97cbb9fbe4c01e,2026-08-20T02:00:48.184604+00:00,x509,expired_certificate,0,1,UAV-EXPIRED,CERTIFICATE_EXPIRED,CERTIFICATE_EXPIRED,True,270000,0.27,62500,153800,34100,0,0,0,0,0,,,,none,x509-expired_certificate_0,0,True,241,19,
n10-identities_c1-conc_mech-x509-1backend_security-battery_r30_audit-off_20260820T020036Z,obs_3abf43f19d684ceaad3971fc4dd6192b,2026-08-20T02:00:48.189377+00:00,x509,expired_certificate,1,1,UAV-EXPIRED,CERTIFICATE_EXPIRED,CERTIFICATE_EXPIRED,True,187300,0.1873,169400,107200,24400,0,0,0,0,0,,,,none,x509-expired_certificate_0,0,True,241,19,
n10-identities_c1-conc_mech-x509-1backend_security-battery_r30_audit-off_20260820T020036Z,obs_e93d4e2aaa604e039ccddd3a863af890,2026-08-20T02:00:48.194083+00:00,x509,expired_certificate,0,1,UAV-EXPIRED,CERTIFICATE_EXPIRED,CERTIFICATE_EXPIRED,True,256700,0.2567,66500,139300,35300,0,0,0,0,0,,,,none,x509-expired_certificate_0,0,False,241,19,
n10-identities_c1-conc_mech-x509-1backend_security-battery_r30_audit-off_20260820T020036Z,obs_2af98cbec08c4da98710b08670a5a2c5,2026-08-20T02:00:48.204623+00:00,x509,expired_certificate,1,1,UAV-EXPIRED,CERTIFICATE_EXPIRED,CERTIFICATE_EXPIRED,True,565100,0.5651,47700,469200,33000,0,0,0,0,0,,,,none,x509-expired_certificate_0,0,False,241,19,
n10-identities_c1-conc_mech-x509-1backend_security-battery_r30_audit-off_20260820T020036Z,obs_8925af51fba742428fa46ca7e9ed150e,2026-08-20T02:00:48.210812+00:00,x509,expired_certificate,2,1,UAV-EXPIRED,CERTIFICATE_EXPIRED,CERTIFICATE_EXPIRED,True,242400,0.2424,65800,131000,32200,0,0,0,0,0,,,,none,x509-expired_certificate_0,0,False,241,19,
n10-identities_c1-conc_mech-x509-1backend_security-battery_r30_audit-off_20260820T020036Z,obs_d5b3c8bb77b842f386f57d25015602d0,2026-08-20T02:00:48.224569+00:00,x509,expired_certificate,3,1,UAV-EXPIRED,CERTIFICATE_EXPIRED,CERTIFICATE_EXPIRED,True,245100,0.2451,1932700,127400,35300,0,0,0,0,0,,,,none,x509-expired_certificate_0,0,False,241,19,
n10-identities_c1-conc_mech-x509-1backend_security-battery_r30_audit-off_20260820T020036Z,obs_ce160a20613c44c4a746680f699d84dd,2026-08-20T02:00:48.248019+00:00,x509,expired_certificate,4,1,UAV-EXPIRED,CERTIFICATE_EXPIRED,CERTIFICATE_EXPIRED,True,283800,0.2838,316200,184000,29900,0,0,0,0,0,,,,none,x509-expired_certificate_0,0,False,241,19,
n10-identities_c1-conc_mech-x509-1backend_security-battery_r30_audit-off_20260820T020036Z,obs_a89b0da405154f8ca7b9ada1b2472f33,2026-08-20T02:00:48.253277+00:00,x509,expired_certificate,5,1,UAV-EXPIRED,CERTIFICATE_EXPIRED,CERTIFICATE_EXPIRED,True,238300,0.2383,262600,141700,27700,0,0,0,0,0,,,,none,x509-expired_certificate_0,0,False,241,19,
n10-identities_c1-conc_mech-x509-1backend_security-battery_r30_audit-off_20260820T020036Z,obs_aa66456b3d38461f951afd02ab2e3c05,2026-08-20T02:00:48.265673+00:00,x509,expired_certificate,6,1,UAV-EXPIRED,CERTIFICATE_EXPIRED,CERTIFICATE_EXPIRED,True,224000,0.224,162800,127000,26300,0,0,0,0,0,,,,none,x509-expired_certificate_0,0,False,240,19,
n10-identities_c1-conc_mech-x509-1backend_security-battery_r30_audit-off_20260820T020036Z,obs_e6f225f1941b409fbed3546f163f932b,2026-08-20T02:00:48.269020+00:00,x509,expired_certificate,7,1,UAV-EXPIRED,CERTIFICATE_EXPIRED,CERTIFICATE_EXPIRED,True,180500,0.1805,55000,100700,24800,0,0,0,0,0,,,,none,x509-expired_certificate_0,0,False,240,19,
n10-identities_c1-conc_mech-x509-1backend_security-battery_r30_audit-off_20260820T020036Z,obs_82603531c75149298cb36fbea0e79bad,2026-08-20T02:00:48.272076+00:00,x509,expired_certificate,8,1,UAV-EXPIRED,CERTIFICATE_EXPIRED,CERTIFICATE_EXPIRED,True,193700,0.1937,112700,109700,26500,0,0,0,0,0,,,,none,x509-expired_certificate_0,0,False,241,19,
n10-identities_c1-conc_mech-x509-1backend_security-battery_r30_audit-off_20260820T020036Z,obs_94d95ca769a54d8d86346e4c6c93a97a,2026-08-20T02:00:48.274360+00:00,x509,expired_certificate,9,1,UAV-EXPIRED,CERTIFICATE_EXPIRED,CERTIFICATE_EXPIRED,True,166700,0.1667,46300,89900,24100,0,0,0,0,0,,,,none,x509-expired_certificate_0,0,False,242,19,
n10-identities_c1-conc_mech-x509-1backend_security-battery_r30_audit-off_20260820T020036Z,obs_08963a536c084e11b0c36b5244566b03,2026-08-20T02:00:48.282716+00:00,x509,expired_certificate,10,1,UAV-EXPIRED,CERTIFICATE_EXPIRED,CERTIFICATE_EXPIRED,True,248400,0.2484,65100,141400,34100,0,0,0,0,0,,,,none,x509-expired_certificate_0,0,False,240,19,
n10-identities_c1-conc_mech-x509-1backend_security-battery_r30_audit-off_20260820T020036Z,obs_99ab014dffc64b02baea57506597035c,2026-08-20T02:00:48.285365+00:00,x509,expired_certificate,11,1,UAV-EXPIRED,CERTIFICATE_EXPIRED,CERTIFICATE_EXPIRED,True,194100,0.1941,56100,110000,27300,0,0,0,0,0,,,,none,x509-expired_certificate_0,0,False,242,19,
n10-identities_c1-conc_mech-x509-1backend_security-battery_r30_audit-off_20260820T020036Z,obs_41c32336bf40450aa2d6f8907d0ebab8,2026-08-20T02:00:48.289250+00:00,x509,expired_certificate,12,1,UAV-EXPIRED,CERTIFICATE_EXPIRED,CERTIFICATE_EXPIRED,True,204900,0.2049,50700,114200,27700,0,0,0,0,0,,,,none,x509-expired_certificate_0,0,False,242,19,
n10-identities_c1-conc_mech-x509-1backend_security-battery_r30_audit-off_20260820T020036Z,obs_0a1cba3266d7426da04b083224a2d8de,2026-08-20T02:00:48.296225+00:00,x509,expired_certificate,13,1,UAV-EXPIRED,CERTIFICATE_EXPIRED,CERTIFICATE_EXPIRED,True,196900,0.1969,52600,105000,26400,0,0,0,0,0,,,,none,x509-expired_certificate_0,0,False,242,19,
n10-identities_c1-conc_mech-x509-1backend_security-battery_r30_audit-off_20260820T020036Z,obs_56f81e117dab4b7eadd442d6505f21b6,2026-08-20T02:00:48.300288+00:00,x509,expired_certificate,14,1,UAV-EXPIRED,CERTIFICATE_EXPIRED,CERTIFICATE_EXPIRED,True,471800,0.4718,46200,324700,27900,0,0,0,0,0,,,,none,x509-expired_certificate_0,0,False,241,19,
n10-identities_c1-conc_mech-x509-1backend_security-battery_r30_audit-off_20260820T020036Z,obs_c180e622d8a1458d8e86d4d398f84e24,2026-08-20T02:00:48.305575+00:00,x509,expired_certificate,15,1,UAV-EXPIRED,CERTIFICATE_EXPIRED,CERTIFICATE_EXPIRED,True,231400,0.2314,66900,134700,29400,0,0,0,0,0,,,,none,x509-expired_certificate_0,0,False,241,19,
n10-identities_c1-conc_mech-x509-1backend_security-battery_r30_audit-off_20260820T020036Z,obs_1677e1e9ecdb4da680b21ae068bc9c3a,2026-08-20T02:00:48.313623+00:00,x509,expired_certificate,16,1,UAV-EXPIRED,CERTIFICATE_EXPIRED,CERTIFICATE_EXPIRED,True,225400,0.2254,53200,120600,25600,0,0,0,0,0,,,,none,x509-expired_certificate_0,0,False,241,19,
n10-identities_c1-conc_mech-x509-1backend_security-battery_r30_audit-off_20260820T020036Z,obs_f80960f4e566437da499d28bda7102b3,2026-08-20T02:00:48.316262+00:00,x509,expired_certificate,17,1,UAV-EXPIRED,CERTIFICATE_EXPIRED,CERTIFICATE_EXPIRED,True,186600,0.1866,46600,102600,26000,0,0,0,0,0,,,,none,x509-expired_certificate_0,0,False,241,19,
n10-identities_c1-conc_mech-x509-1backend_security-battery_r30_audit-off_20260820T020036Z,obs_7ba3cbd4c95743878d1df8e24de3ef56,2026-08-20T02:00:48.319123+00:00,x509,expired_certificate,18,1,UAV-EXPIRED,CERTIFICATE_EXPIRED,CERTIFICATE_EXPIRED,True,162300,0.1623,49100,91000,23000,0,0,0,0,0,,,,none,x509-expired_certificate_0,0,False,241,19,
n10-identities_c1-conc_mech-x509-1backend_security-battery_r30_audit-off_20260820T020036Z,obs_88930f0aa55c4c7b92015a0d9f84761b,2026-08-20T02:00:48.334170+00:00,x509,expired_certificate,19,1,UAV-EXPIRED,CERTIFICATE_EXPIRED,CERTIFICATE_EXPIRED,True,636900,0.6369,90900,234000,288200,0,0,0,0,0,,,,none,x509-expired_certificate_0,0,False,241,19,
n10-identities_c1-conc_mech-x509-1backend_security-battery_r30_audit-off_20260820T020036Z,obs_6ad3fe87eb1b4ac7a0ba6c66a3ca557c,2026-08-20T02:00:48.391189+00:00,x509,expired_certificate,20,1,UAV-EXPIRED,CERTIFICATE_EXPIRED,CERTIFICATE_EXPIRED,True,193000,0.193,47900,114000,27100,0,0,0,0,0,,,,none,x509-expired_certificate_0,0,False,240,19,
n10-identities_c1-conc_mech-x509-1backend_security-battery_r30_audit-off_20260820T020036Z,obs_249563092c9045d29ed83315d34600b8,2026-08-20T02:00:48.394344+00:00,x509,expired_certificate,21,1,UAV-EXPIRED,CERTIFICATE_EXPIRED,CERTIFICATE_EXPIRED,True,193500,0.1935,51000,105100,29900,0,0,0,0,0,,,,none,x509-expired_certificate_0,0,False,241,19,
n10-identities_c1-conc_mech-x509-1backend_security-battery_r30_audit-off_20260820T020036Z,obs_ace66415a1be4d4ca7cb6293c896ceb8,2026-08-20T02:00:48.397654+00:00,x509,expired_certificate,22,1,UAV-EXPIRED,CERTIFICATE_EXPIRED,CERTIFICATE_EXPIRED,True,179600,0.1796,46500,100400,23700,0,0,0,0,0,,,,none,x509-expired_certificate_0,0,False,241,19,
n10-identities_c1-conc_mech-x509-1backend_security-battery_r30_audit-off_20260820T020036Z,obs_1ee0c9bb1f9c412ca25d402e59d945fc,2026-08-20T02:00:48.404724+00:00,x509,expired_certificate,23,1,UAV-EXPIRED,CERTIFICATE_EXPIRED,CERTIFICATE_EXPIRED,True,1075400,1.0754,157200,311000,32900,0,0,0,0,0,,,,none,x509-expired_certificate_0,0,False,242,19,
n10-identities_c1-conc_mech-x509-1backend_security-battery_r30_audit-off_20260820T020036Z,obs_f664f4b51ba34fbc9f13ee494eaa7c0b,2026-08-20T02:00:48.407474+00:00,x509,expired_certificate,24,1,UAV-EXPIRED,CERTIFICATE_EXPIRED,CERTIFICATE_EXPIRED,True,196300,0.1963,48700,110200,32100,0,0,0,0,0,,,,none,x509-expired_certificate_0,0,False,240,19,
n10-identities_c1-conc_mech-x509-1backend_security-battery_r30_audit-off_20260820T020036Z,obs_ba99b07678a5449d9cc7b129691eadc0,2026-08-20T02:00:48.411322+00:00,x509,expired_certificate,25,1,UAV-EXPIRED,CERTIFICATE_EXPIRED,CERTIFICATE_EXPIRED,True,191200,0.1912,52100,107200,23800,0,0,0,0,0,,,,none,x509-expired_certificate_0,0,False,240,19,
n10-identities_c1-conc_mech-x509-1backend_security-battery_r30_audit-off_20260820T020036Z,obs_c4d6de5ffed14bb4946a0b2d8f5c338a,2026-08-20T02:00:48.413685+00:00,x509,expired_certificate,26,1,UAV-EXPIRED,CERTIFICATE_EXPIRED,CERTIFICATE_EXPIRED,True,151800,0.1518,48400,87200,20300,0,0,0,0,0,,,,none,x509-expired_certificate_0,0,False,240,19,
n10-identities_c1-conc_mech-x509-1backend_security-battery_r30_audit-off_20260820T020036Z,obs_20359fb6103745b7844d159233a39bd6,2026-08-20T02:00:48.417564+00:00,x509,expired_certificate,27,1,UAV-EXPIRED,CERTIFICATE_EXPIRED,CERTIFICATE_EXPIRED,True,159900,0.1599,55100,89000,24200,0,0,0,0,0,,,,none,x509-expired_certificate_0,0,False,241,19,
n10-identities_c1-conc_mech-x509-1backend_security-battery_r30_audit-off_20260820T020036Z,obs_2e97bdfe15924e4c90cfac7972e77755,2026-08-20T02:00:48.420277+00:00,x509,expired_certificate,28,1,UAV-EXPIRED,CERTIFICATE_EXPIRED,CERTIFICATE_EXPIRED,True,203100,0.2031,62300,114900,27700,0,0,0,0,0,,,,none,x509-expired_certificate_0,0,False,241,19,
n10-identities_c1-conc_mech-x509-1backend_security-battery_r30_audit-off_20260820T020036Z,obs_0b0dd909a1104a2ebfb7ae1f3c38823c,2026-08-20T02:00:48.424210+00:00,x509,expired_certificate,29,1,UAV-EXPIRED,CERTIFICATE_EXPIRED,CERTIFICATE_EXPIRED,True,200200,0.2002,60600,110700,28600,0,0,0,0,0,,,,none,x509-expired_certificate_0,0,False,241,19,
n10-identities_c1-conc_mech-x509-1backend_security-battery_r30_audit-off_20260820T020036Z,obs_9de1b095b3494dc4b66633f834b347c9,2026-08-20T02:00:48.636765+00:00,x509,untrusted_issuer,0,1,UAV-UNTRUSTED,UNTRUSTED_ISSUER,UNTRUSTED_ISSUER,True,1101700,1.1017,77300,160200,867000,0,0,0,0,0,,,,none,x509-untrusted_issuer_0,0,True,243,16,
n10-identities_c1-conc_mech-x509-1backend_security-battery_r30_audit-off_20260820T020036Z,obs_236ceab10b28493fb54e512fa12abbea,2026-08-20T02:00:48.642107+00:00,x509,untrusted_issuer,1,1,UAV-UNTRUSTED,UNTRUSTED_ISSUER,UNTRUSTED_ISSUER,True,1605200,1.6052,47200,253100,1288900,0,0,0,0,0,,,,none,x509-untrusted_issuer_0,0,True,242,16,
n10-identities_c1-conc_mech-x509-1backend_security-battery_r30_audit-off_20260820T020036Z,obs_14f0f02b1e4e4e06bed60de92cf823da,2026-08-20T02:00:48.651497+00:00,x509,untrusted_issuer,0,1,UAV-UNTRUSTED,UNTRUSTED_ISSUER,UNTRUSTED_ISSUER,True,1081200,1.0812,87900,139300,857900,0,0,0,0,0,,,,none,x509-untrusted_issuer_0,0,False,242,16,
n10-identities_c1-conc_mech-x509-1backend_security-battery_r30_audit-off_20260820T020036Z,obs_55fba96d2d754a84aa9c445202f6c94f,2026-08-20T02:00:48.654991+00:00,x509,untrusted_issuer,1,1,UAV-UNTRUSTED,UNTRUSTED_ISSUER,UNTRUSTED_ISSUER,True,1298200,1.2982,52900,117600,891500,0,0,0,0,0,,,,none,x509-untrusted_issuer_0,0,False,242,16,
n10-identities_c1-conc_mech-x509-1backend_security-battery_r30_audit-off_20260820T020036Z,obs_bdf5830c13604d2aa8b3906aacdc52e5,2026-08-20T02:00:48.658668+00:00,x509,untrusted_issuer,2,1,UAV-UNTRUSTED,UNTRUSTED_ISSUER,UNTRUSTED_ISSUER,True,1179800,1.1798,59600,106000,1011600,0,0,0,0,0,,,,none,x509-untrusted_issuer_0,0,False,243,16,
n10-identities_c1-conc_mech-x509-1backend_security-battery_r30_audit-off_20260820T020036Z,obs_78fd0cee9815487187b2f72045afdb28,2026-08-20T02:00:48.666299+00:00,x509,untrusted_issuer,3,1,UAV-UNTRUSTED,UNTRUSTED_ISSUER,UNTRUSTED_ISSUER,True,1082100,1.0821,51100,125800,882000,0,0,0,0,0,,,,none,x509-untrusted_issuer_0,0,False,243,16,
n10-identities_c1-conc_mech-x509-1backend_security-battery_r30_audit-off_20260820T020036Z,obs_ee77883fb4304e13ad30fa69cb4f58a4,2026-08-20T02:00:48.669193+00:00,x509,untrusted_issuer,4,1,UAV-UNTRUSTED,UNTRUSTED_ISSUER,UNTRUSTED_ISSUER,True,916800,0.9168,51000,89600,772700,0,0,0,0,0,,,,none,x509-untrusted_issuer_0,0,False,243,16,
n10-identities_c1-conc_mech-x509-1backend_security-battery_r30_audit-off_20260820T020036Z,obs_13448937ac5b443eb766f3b8287e3880,2026-08-20T02:00:48.675985+00:00,x509,untrusted_issuer,5,1,UAV-UNTRUSTED,UNTRUSTED_ISSUER,UNTRUSTED_ISSUER,True,1927500,1.9275,69400,101000,1763900,0,0,0,0,0,,,,none,x509-untrusted_issuer_0,0,False,243,16,
n10-identities_c1-conc_mech-x509-1backend_security-battery_r30_audit-off_20260820T020036Z,obs_620300302c1d44389d67d87c9b314872,2026-08-20T02:00:48.684976+00:00,x509,untrusted_issuer,6,1,UAV-UNTRUSTED,UNTRUSTED_ISSUER,UNTRUSTED_ISSUER,True,927400,0.9274,58300,116900,736600,0,0,0,0,0,,,,none,x509-untrusted_issuer_0,0,False,243,16,
n10-identities_c1-conc_mech-x509-1backend_security-battery_r30_audit-off_20260820T020036Z,obs_d25dc10b11cd4978904b9459f23e9351,2026-08-20T02:00:48.689892+00:00,x509,untrusted_issuer,7,1,UAV-UNTRUSTED,UNTRUSTED_ISSUER,UNTRUSTED_ISSUER,True,1704200,1.7042,130800,171800,1324100,0,0,0,0,0,,,,none,x509-untrusted_issuer_0,0,False,242,16,
n10-identities_c1-conc_mech-x509-1backend_security-battery_r30_audit-off_20260820T020036Z,obs_2b677d6eb90e4094a1a6286099011181,2026-08-20T02:00:48.695476+00:00,x509,untrusted_issuer,8,1,UAV-UNTRUSTED,UNTRUSTED_ISSUER,UNTRUSTED_ISSUER,True,1340400,1.3404,56800,174300,1062700,0,0,0,0,0,,,,none,x509-untrusted_issuer_0,0,False,243,16,
n10-identities_c1-conc_mech-x509-1backend_security-battery_r30_audit-off_20260820T020036Z,obs_0db2d6786d314b18af5428edad845f82,2026-08-20T02:00:48.700041+00:00,x509,untrusted_issuer,9,1,UAV-UNTRUSTED,UNTRUSTED_ISSUER,UNTRUSTED_ISSUER,True,1199900,1.1999,61200,124500,1008700,0,0,0,0,0,,,,none,x509-untrusted_issuer_0,0,False,243,16,
n10-identities_c1-conc_mech-x509-1backend_security-battery_r30_audit-off_20260820T020036Z,obs_5ad4e3c7435542c2aba524508eb265c5,2026-08-20T02:00:48.703439+00:00,x509,untrusted_issuer,10,1,UAV-UNTRUSTED,UNTRUSTED_ISSUER,UNTRUSTED_ISSUER,True,879400,0.8794,52200,100700,721800,0,0,0,0,0,,,,none,x509-untrusted_issuer_0,0,False,242,16,
n10-identities_c1-conc_mech-x509-1backend_security-battery_r30_audit-off_20260820T020036Z,obs_a1b6ce3ee3ad4e978b842c6bf7400950,2026-08-20T02:00:48.708862+00:00,x509,untrusted_issuer,11,1,UAV-UNTRUSTED,UNTRUSTED_ISSUER,UNTRUSTED_ISSUER,True,1076200,1.0762,64500,104400,901500,0,0,0,0,0,,,,none,x509-untrusted_issuer_0,0,False,243,16,
n10-identities_c1-conc_mech-x509-1backend_security-battery_r30_audit-off_20260820T020036Z,obs_9bfdf5846a8743ffaacf0c649c21f270,2026-08-20T02:00:48.713349+00:00,x509,untrusted_issuer,12,1,UAV-UNTRUSTED,UNTRUSTED_ISSUER,UNTRUSTED_ISSUER,True,979900,0.9799,50800,136900,771800,0,0,0,0,0,,,,none,x509-untrusted_issuer_0,0,False,243,16,
n10-identities_c1-conc_mech-x509-1backend_security-battery_r30_audit-off_20260820T020036Z,obs_3c2b475a0ce449718e7c64077e964318,2026-08-20T02:00:48.716329+00:00,x509,untrusted_issuer,13,1,UAV-UNTRUSTED,UNTRUSTED_ISSUER,UNTRUSTED_ISSUER,True,1001900,1.0019,48500,96400,848700,0,0,0,0,0,,,,none,x509-untrusted_issuer_0,0,False,243,16,
n10-identities_c1-conc_mech-x509-1backend_security-battery_r30_audit-off_20260820T020036Z,obs_7f76b9bfc5c94d3b8f6a6007c9a59641,2026-08-20T02:00:48.719450+00:00,x509,untrusted_issuer,14,1,UAV-UNTRUSTED,UNTRUSTED_ISSUER,UNTRUSTED_ISSUER,True,874500,0.8745,45400,102200,716800,0,0,0,0,0,,,,none,x509-untrusted_issuer_0,0,False,242,16,
n10-identities_c1-conc_mech-x509-1backend_security-battery_r30_audit-off_20260820T020036Z,obs_b4f7b9b646ba41988f57f554e51bf48b,2026-08-20T02:00:48.730984+00:00,x509,untrusted_issuer,15,1,UAV-UNTRUSTED,UNTRUSTED_ISSUER,UNTRUSTED_ISSUER,True,934700,0.9347,59500,109800,763700,0,0,0,0,0,,,,none,x509-untrusted_issuer_0,0,False,243,16,
n10-identities_c1-conc_mech-x509-1backend_security-battery_r30_audit-off_20260820T020036Z,obs_698fb87351314b3ab60c714bfd7630bf,2026-08-20T02:00:48.736053+00:00,x509,untrusted_issuer,16,1,UAV-UNTRUSTED,UNTRUSTED_ISSUER,UNTRUSTED_ISSUER,True,1127800,1.1278,53900,100900,964100,0,0,0,0,0,,,,none,x509-untrusted_issuer_0,0,False,243,16,
n10-identities_c1-conc_mech-x509-1backend_security-battery_r30_audit-off_20260820T020036Z,obs_fa6ba696356f43658976c3c0f3f65462,2026-08-20T02:00:48.745420+00:00,x509,untrusted_issuer,17,1,UAV-UNTRUSTED,UNTRUSTED_ISSUER,UNTRUSTED_ISSUER,True,1125600,1.1256,70000,114000,937400,0,0,0,0,0,,,,none,x509-untrusted_issuer_0,0,False,243,16,
n10-identities_c1-conc_mech-x509-1backend_security-battery_r30_audit-off_20260820T020036Z,obs_561c9c353c4d4b318a8b4ca61c126281,2026-08-20T02:00:48.751127+00:00,x509,untrusted_issuer,18,1,UAV-UNTRUSTED,UNTRUSTED_ISSUER,UNTRUSTED_ISSUER,True,2322300,2.3223,70100,120800,2126700,0,0,0,0,0,,,,none,x509-untrusted_issuer_0,0,False,244,16,
n10-identities_c1-conc_mech-x509-1backend_security-battery_r30_audit-off_20260820T020036Z,obs_f9b6546843ae439b9bd6915e76e8ba66,2026-08-20T02:00:48.759085+00:00,x509,untrusted_issuer,19,1,UAV-UNTRUSTED,UNTRUSTED_ISSUER,UNTRUSTED_ISSUER,True,782200,0.7822,65200,88300,641200,0,0,0,0,0,,,,none,x509-untrusted_issuer_0,0,False,244,16,
n10-identities_c1-conc_mech-x509-1backend_security-battery_r30_audit-off_20260820T020036Z,obs_3f306f14420049e79e91cba31742f4ab,2026-08-20T02:00:48.762854+00:00,x509,untrusted_issuer,20,1,UAV-UNTRUSTED,UNTRUSTED_ISSUER,UNTRUSTED_ISSUER,True,828700,0.8287,38800,103700,665200,0,0,0,0,0,,,,none,x509-untrusted_issuer_0,0,False,243,16,
n10-identities_c1-conc_mech-x509-1backend_security-battery_r30_audit-off_20260820T020036Z,obs_49d886d4396845fba63c9640dc0863a3,2026-08-20T02:00:48.767131+00:00,x509,untrusted_issuer,21,1,UAV-UNTRUSTED,UNTRUSTED_ISSUER,UNTRUSTED_ISSUER,True,1010200,1.0102,56500,112800,825600,0,0,0,0,0,,,,none,x509-untrusted_issuer_0,0,False,243,16,
n10-identities_c1-conc_mech-x509-1backend_security-battery_r30_audit-off_20260820T020036Z,obs_e68e6d9548a649e5bce47daaed60da57,2026-08-20T02:00:48.775913+00:00,x509,untrusted_issuer,22,1,UAV-UNTRUSTED,UNTRUSTED_ISSUER,UNTRUSTED_ISSUER,True,1277800,1.2778,49300,93900,1110000,0,0,0,0,0,,,,none,x509-untrusted_issuer_0,0,False,244,16,
n10-identities_c1-conc_mech-x509-1backend_security-battery_r30_audit-off_20260820T020036Z,obs_35b2bc9ff7214e79b136bdfc4a13c769,2026-08-20T02:00:48.779097+00:00,x509,untrusted_issuer,23,1,UAV-UNTRUSTED,UNTRUSTED_ISSUER,UNTRUSTED_ISSUER,True,923900,0.9239,59800,115800,751200,0,0,0,0,0,,,,none,x509-untrusted_issuer_0,0,False,244,16,
n10-identities_c1-conc_mech-x509-1backend_security-battery_r30_audit-off_20260820T020036Z,obs_033234dcc1ec41adb5509409033df00c,2026-08-20T02:00:48.782595+00:00,x509,untrusted_issuer,24,1,UAV-UNTRUSTED,UNTRUSTED_ISSUER,UNTRUSTED_ISSUER,True,1110100,1.1101,41400,108700,927800,0,0,0,0,0,,,,none,x509-untrusted_issuer_0,0,False,242,16,
n10-identities_c1-conc_mech-x509-1backend_security-battery_r30_audit-off_20260820T020036Z,obs_8a65e3e34a5e4cb59f1d8eb34d6f7631,2026-08-20T02:00:48.790617+00:00,x509,untrusted_issuer,25,1,UAV-UNTRUSTED,UNTRUSTED_ISSUER,UNTRUSTED_ISSUER,True,1694700,1.6947,56800,123000,1473700,0,0,0,0,0,,,,none,x509-untrusted_issuer_0,0,False,242,16,
n10-identities_c1-conc_mech-x509-1backend_security-battery_r30_audit-off_20260820T020036Z,obs_d5aef24bb82042e2bcd923c0340899f8,2026-08-20T02:00:48.794565+00:00,x509,untrusted_issuer,26,1,UAV-UNTRUSTED,UNTRUSTED_ISSUER,UNTRUSTED_ISSUER,True,1037600,1.0376,60300,116300,854800,0,0,0,0,0,,,,none,x509-untrusted_issuer_0,0,False,243,16,
n10-identities_c1-conc_mech-x509-1backend_security-battery_r30_audit-off_20260820T020036Z,obs_5b60f6e5e1904a709f08a46e3981c89a,2026-08-20T02:00:48.797623+00:00,x509,untrusted_issuer,27,1,UAV-UNTRUSTED,UNTRUSTED_ISSUER,UNTRUSTED_ISSUER,True,782800,0.7828,55200,91300,635700,0,0,0,0,0,,,,none,x509-untrusted_issuer_0,0,False,242,16,
n10-identities_c1-conc_mech-x509-1backend_security-battery_r30_audit-off_20260820T020036Z,obs_4ecda38e89144e50a05d185ba16a6d1c,2026-08-20T02:00:48.804819+00:00,x509,untrusted_issuer,28,1,UAV-UNTRUSTED,UNTRUSTED_ISSUER,UNTRUSTED_ISSUER,True,4831100,4.8311,65200,430000,4330400,0,0,0,0,0,,,,none,x509-untrusted_issuer_0,0,False,242,16,
n10-identities_c1-conc_mech-x509-1backend_security-battery_r30_audit-off_20260820T020036Z,obs_e21cc9d9b5d743fb94d5e2db7d20d280,2026-08-20T02:00:48.808788+00:00,x509,untrusted_issuer,29,1,UAV-UNTRUSTED,UNTRUSTED_ISSUER,UNTRUSTED_ISSUER,True,814800,0.8148,58000,80800,677200,0,0,0,0,0,,,,none,x509-untrusted_issuer_0,0,False,242,16,
