run_id,observation_id,utc_timestamp,mechanism,scenario,repetition,concurrency_level,uav_id,expected_outcome,observed_outcome,expectation_met,decision_latency_ns,decision_latency_ms,challenge_generation_ns,identity_lookup_ns,certificate_validation_ns,contract_call_ns,signature_verification_ns,authorisation_check_ns,audit_submission_ns,audit_confirmation_ns,tx_hash,block_number,gas_used,timeout_error_class,worker_id,payload_size,warmup,request_bytes,response_bytes,notes
n10-identities_c1-conc_mech-blockchain-1backend_valid-active_r30_audit-off_20260820T020501Z,obs_89c1a45b1533449ab88ccde714d30f1c,2026-08-20T02:05:02.429123+00:00,blockchain,valid_active,0,1,UAV-VALID,ACCEPTED,INVALID_SIGNATURE,False,66326900,66.3269,54100,65842500,0,4900,279600,0,0,0,,,,none,blockchain-valid_active_0,0,True,239,17,
n10-identities_c1-conc_mech-blockchain-1backend_valid-active_r30_audit-off_20260820T020501Z,obs_6611f6606e5d4678962e9d072829e6f8,2026-08-20T02:05:02.484918+00:00,blockchain,valid_active,1,1,UAV-VALID,ACCEPTED,INVALID_SIGNATURE,False,50438700,50.4387,55400,49935700,0,4500,319700,0,0,0,,,,none,blockchain-valid_active_0,0,True,238,17,
n10-identities_c1-conc_mech-blockchain-1backend_valid-active_r30_audit-off_20260820T020501Z,obs_5c6fd4d8314841128763f3655c49c9ac,2026-08-20T02:05:02.560661+00:00,blockchain,valid_active,0,1,UAV-VALID,ACCEPTED,INVALID_SIGNATURE,False,69180900,69.1809,62600,68723000,0,4300,256700,0,0,0,,,,none,blockchain-valid_active_0,0,False,239,17,
n10-identities_c1-conc_mech-blockchain-1backend_valid-active_r30_audit-off_20260820T020501Z,obs_90befd2e27844b74b0e7a248b81bb9d8,2026-08-20T02:05:02.608481+00:00,blockchain,valid_active,1,1,UAV-VALID,ACCEPTED,INVALID_SIGNATURE,False,45180100,45.1801,56800,44743600,0,3500,276100,0,0,0,,,,none,blockchain-valid_active_0,0,False,238,17,
n10-identities_c1-conc_mech-blockchain-1backend_valid-active_r30_audit-off_20260820T020501Z,obs_e838fac21ec34d39a9e15b2cd1cf7174,2026-08-20T02:05:02.716660+00:00,blockchain,valid_active,2,1,UAV-VALID,ACCEPTED,INVALID_SIGNATURE,False,106108700,106.1087,48400,105693400,0,4100,262400,0,0,0,,,,none,blockchain-valid_active_0,0,False,239,17,
n10-identities_c1-conc_mech-blockchain-1backend_valid-active_r30_audit-off_20260820T020501Z,obs_c571c6e2257d489f824221f5f1686056,2026-08-20T02:05:02.841641+00:00,blockchain,valid_active,3,1,UAV-VALID,ACCEPTED,INVALID_SIGNATURE,False,118390700,118.3907,66300,117780500,0,12500,307700,0,0,0,,,,none,blockchain-valid_active_0,0,False,240,17,
n10-identities_c1-conc_mech-blockchain-1backend_valid-active_r30_audit-off_20260820T020501Z,obs_8bed5719b29a4925bf6a27757f5e93b6,2026-08-20T02:05:03.015290+00:00,blockchain,valid_active,4,1,UAV-VALID,ACCEPTED,INVALID_SIGNATURE,False,171165700,171.1657,54000,170742000,0,3800,267600,0,0,0,,,,none,blockchain-valid_active_0,0,False,240,17,
n10-identities_c1-conc_mech-blockchain-1backend_valid-active_r30_audit-off_20260820T020501Z,obs_b7d0281565444ad9a579e9c4c701994d,2026-08-20T02:05:03.089014+00:00,blockchain,valid_active,5,1,UAV-VALID,ACCEPTED,INVALID_SIGNATURE,False,71669100,71.6691,53200,64913400,0,4500,6416600,0,0,0,,,,none,blockchain-valid_active_0,0,False,240,17,
n10-identities_c1-conc_mech-blockchain-1backend_valid-active_r30_audit-off_20260820T020501Z,obs_62825a5aa6bf48859f797b0d77fe8cc9,2026-08-20T02:05:03.132912+00:00,blockchain,valid_active,6,1,UAV-VALID,ACCEPTED,INVALID_SIGNATURE,False,41716600,41.7166,55700,41236700,0,4500,282400,0,0,0,,,,none,blockchain-valid_active_0,0,False,239,17,
n10-identities_c1-conc_mech-blockchain-1backend_valid-active_r30_audit-off_20260820T020501Z,obs_87de7807d457444e96428197e274c880,2026-08-20T02:05:03.196872+00:00,blockchain,valid_active,7,1,UAV-VALID,ACCEPTED,INVALID_SIGNATURE,False,59549400,59.5494,68300,59118200,0,4500,275900,0,0,0,,,,none,blockchain-valid_active_0,0,False,239,17,
n10-identities_c1-conc_mech-blockchain-1backend_valid-active_r30_audit-off_20260820T020501Z,obs_81dfa95180c64b199a2fe6c1dde3c101,2026-08-20T02:05:03.237606+00:00,blockchain,valid_active,8,1,UAV-VALID,ACCEPTED,INVALID_SIGNATURE,False,38308000,38.308,64800,37605300,0,5300,523000,0,0,0,,,,none,blockchain-valid_active_0,0,False,240,17,
n10-identities_c1-conc_mech-blockchain-1backend_valid-active_r30_audit-off_20260820T020501Z,obs_353e222bc38042e58a8fdfc071285962,2026-08-20T02:05:03.306397+00:00,blockchain,valid_active,9,1,UAV-VALID,ACCEPTED,INVALID_SIGNATURE,False,65559900,65.5599,62800,65026400,0,4600,334800,0,0,0,,,,none,blockchain-valid_active_0,0,False,240,17,
n10-identities_c1-conc_mech-blockchain-1backend_valid-active_r30_audit-off_20260820T020501Z,obs_274b9617060746dab2601dd105d22c62,2026-08-20T02:05:03.362867+00:00,blockchain,valid_active,10,1,UAV-VALID,ACCEPTED,INVALID_SIGNATURE,False,54051700,54.0517,62200,53622900,0,3900,273800,0,0,0,,,,none,blockchain-valid_active_0,0,False,239,17,
n10-identities_c1-conc_mech-blockchain-1backend_valid-active_r30_audit-off_20260820T020501Z,obs_6fa066ccc2274e0dbe03f3c13648cef9,2026-08-20T02:05:03.399626+00:00,blockchain,valid_active,11,1,UAV-VALID,ACCEPTED,INVALID_SIGNATURE,False,32011700,32.0117,66200,31631700,0,3300,234200,0,0,0,,,,none,blockchain-valid_active_0,0,False,240,17,
n10-identities_c1-conc_mech-blockchain-1backend_valid-active_r30_audit-off_20260820T020501Z,obs_b1fbfc5ece864bb292b913f4f6a6b6f6,2026-08-20T02:05:03.435022+00:00,blockchain,valid_active,12,1,UAV-VALID,ACCEPTED,INVALID_SIGNATURE,False,31216300,31.2163,57500,30727100,0,4000,336600,0,0,0,,,,none,blockchain-valid_active_0,0,False,239,17,
n10-identities_c1-conc_mech-blockchain-1backend_valid-active_r30_audit-off_20260820T020501Z,obs_5cc806de0a6842c1b6f4918fad917bad,2026-08-20T02:05:03.538586+00:00,blockchain,valid_active,13,1,UAV-VALID,ACCEPTED,INVALID_SIGNATURE,False,100555300,100.5553,48400,99970900,0,8000,382500,0,0,0,,,,none,blockchain-valid_active_0,0,False,240,17,
n10-identities_c1-conc_mech-blockchain-1backend_valid-active_r30_audit-off_20260820T020501Z,obs_27aead7c873e45fd8d22354429e2b30a,2026-08-20T02:05:03.578382+00:00,blockchain,valid_active,14,1,UAV-VALID,ACCEPTED,INVALID_SIGNATURE,False,37363900,37.3639,59000,36855900,0,4800,301500,0,0,0,,,,none,blockchain-valid_active_0,0,False,238,17,
n10-identities_c1-conc_mech-blockchain-1backend_valid-active_r30_audit-off_20260820T020501Z,obs_6bf8b9c5cb6f4edea55605fe4f72525b,2026-08-20T02:05:03.612870+00:00,blockchain,valid_active,15,1,UAV-VALID,ACCEPTED,INVALID_SIGNATURE,False,30873100,30.8731,54000,30348100,0,5300,318200,0,0,0,,,,none,blockchain-valid_active_0,0,False,240,17,
n10-identities_c1-conc_mech-blockchain-1backend_valid-active_r30_audit-off_20260820T020501Z,obs_87656dc1aaec48c6925f4501bec3dc0e,2026-08-20T02:05:03.647338+00:00,blockchain,valid_active,16,1,UAV-VALID,ACCEPTED,INVALID_SIGNATURE,False,31866000,31.866,49900,31450300,0,4700,254000,0,0,0,,,,none,blockchain-valid_active_0,0,False,239,17,
n10-identities_c1-conc_mech-blockchain-1backend_valid-active_r30_audit-off_20260820T020501Z,obs_8a614915f54948e49bfb9e8d3fbb9ede,2026-08-20T02:05:03.679903+00:00,blockchain,valid_active,17,1,UAV-VALID,ACCEPTED,INVALID_SIGNATURE,False,30284600,30.2846,55400,29823800,0,4500,294400,0,0,0,,,,none,blockchain-valid_active_0,0,False,239,17,
n10-identities_c1-conc_mech-blockchain-1backend_valid-active_r30_audit-off_20260820T020501Z,obs_7221747d78364f5296d0200bc753e27b,2026-08-20T02:05:03.714234+00:00,blockchain,valid_active,18,1,UAV-VALID,ACCEPTED,INVALID_SIGNATURE,False,31854200,31.8542,51000,31378800,0,4300,292500,0,0,0,,,,none,blockchain-valid_active_0,0,False,239,17,
n10-identities_c1-conc_mech-blockchain-1backend_valid-active_r30_audit-off_20260820T020501Z,obs_6afcd81c68d2495188cfb2d5be1c566b,2026-08-20T02:05:03.752389+00:00,blockchain,valid_active,19,1,UAV-VALID,ACCEPTED,INVALID_SIGNATURE,False,35526300,35.5263,81200,34954800,0,4300,322200,0,0,0,,,,none,blockchain-valid_active_0,0,False,239,17,
n10-identities_c1-conc_mech-blockchain-1backend_valid-active_r30_audit-off_20260820T020501Z,obs_47fb6694c04e42a591f4259286706fe3,2026-08-20T02:05:03.782182+00:00,blockchain,valid_active,20,1,UAV-VALID,ACCEPTED,INVALID_SIGNATURE,False,27100800,27.1008,58800,26681500,0,4300,264800,0,0,0,,,,none,blockchain-valid_active_0,0,False,238,17,
n10-identities_c1-conc_mech-blockchain-1backend_valid-active_r30_audit-off_20260820T020501Z,obs_16157fc7d61d4e6ba8ca2b76321ee9ea,2026-08-20T02:05:03.820346+00:00,blockchain,valid_active,21,1,UAV-VALID,ACCEPTED,INVALID_SIGNATURE,False,35356000,35.356,57800,34726200,0,6600,327900,0,0,0,,,,none,blockchain-valid_active_0,0,False,238,17,
n10-identities_c1-conc_mech-blockchain-1backend_valid-active_r30_audit-off_20260820T020501Z,obs_d8a9b01c29fa43ff8e95a287694db65b,2026-08-20T02:05:03.860799+00:00,blockchain,valid_active,22,1,UAV-VALID,ACCEPTED,INVALID_SIGNATURE,False,37501200,37.5012,66000,37063600,0,4700,245400,0,0,0,,,,none,blockchain-valid_active_0,0,False,238,17,
n10-identities_c1-conc_mech-blockchain-1backend_valid-active_r30_audit-off_20260820T020501Z,obs_351e59015131406e9210a7f5a7698fe3,2026-08-20T02:05:03.889624+00:00,blockchain,valid_active,23,1,UAV-VALID,ACCEPTED,INVALID_SIGNATURE,False,26139000,26.139,64400,25690500,0,3400,281200,0,0,0,,,,none,blockchain-valid_active_0,0,False,238,17,
n10-identities_c1-conc_mech-blockchain-1backend_valid-active_r30_audit-off_20260820T020501Z,obs_412236d24a574f2aa05ee34722ffd226,2026-08-20T02:05:03.917942+00:00,blockchain,valid_active,24,1,UAV-VALID,ACCEPTED,INVALID_SIGNATURE,False,25669600,25.6696,53100,25085400,0,6800,411600,0,0,0,,,,none,blockchain-valid_active_0,0,False,238,17,
n10-identities_c1-conc_mech-blockchain-1backend_valid-active_r30_audit-off_20260820T020501Z,obs_d3383165848046c0b206952ec609152b,2026-08-20T02:05:03.956373+00:00,blockchain,valid_active,25,1,UAV-VALID,ACCEPTED,INVALID_SIGNATURE,False,35958500,35.9585,53700,35524400,0,4900,261300,0,0,0,,,,none,blockchain-valid_active_0,0,False,239,17,
n10-identities_c1-conc_mech-blockchain-1backend_valid-active_r30_audit-off_20260820T020501Z,obs_f87108a922e24ab883065f543b1f7fa3,2026-08-20T02:05:03.992242+00:00,blockchain,valid_active,26,1,UAV-VALID,ACCEPTED,INVALID_SIGNATURE,False,33515200,33.5152,57200,33074200,0,4500,275400,0,0,0,,,,none,blockchain-valid_active_0,0,False,238,17,
n10-identities_c1-conc_mech-blockchain-1backend_valid-active_r30_audit-off_20260820T020501Z,obs_71efbbc67c374e31b0e5557b341d13c2,2026-08-20T02:05:04.078672+00:00,blockchain,valid_active,27,1,UAV-VALID,ACCEPTED,INVALID_SIGNATURE,False,81360400,81.3604,55000,80954800,0,3500,269900,0,0,0,,,,none,blockchain-valid_active_0,0,False,238,17,
n10-identities_c1-conc_mech-blockchain-1backend_valid-active_r30_audit-off_20260820T020501Z,obs_9c690340ec6946cba9d91fc6198dfd39,2026-08-20T02:05:04.133523+00:00,blockchain,valid_active,28,1,UAV-VALID,ACCEPTED,INVALID_SIGNATURE,False,52667000,52.667,65800,52196700,0,5300,299700,0,0,0,,,,none,blockchain-valid_active_0,0,False,239,17,
n10-identities_c1-conc_mech-blockchain-1backend_valid-active_r30_audit-off_20260820T020501Z,obs_04f4295c7fab40b494a3afb7bcb5071b,2026-08-20T02:05:04.190458+00:00,blockchain,valid_active,29,1,UAV-VALID,ACCEPTED,INVALID_SIGNATURE,False,51858200,51.8582,83500,51379300,0,4700,304100,0,0,0,,,,none,blockchain-valid_active_0,0,False,238,17,
n10-identities_c1-conc_mech-blockchain-1backend_valid-active_r30_audit-on_20260820T022802Z,obs_95c5ded068f84e40ad49cdb9cbf8ee74,2026-08-20T02:28:15.235546+00:00,blockchain,valid_active,0,1,UAV-VALID,ACCEPTED,INVALID_SIGNATURE,False,26858300,26.8583,64300,26394700,0,4700,262300,0,11489600,444667900,aa15b55fb8b00f79a899d7c5700882322a10aca5c35b6069b140f66c3d471761,3368.0,30291.0,none,blockchain-valid_active_0,0,True,238,17,
n10-identities_c1-conc_mech-blockchain-1backend_valid-active_r30_audit-on_20260820T022802Z,obs_1a67ab3d97934fc3a795fdefed8b5909,2026-08-20T02:28:17.216149+00:00,blockchain,valid_active,1,1,UAV-VALID,ACCEPTED,INVALID_SIGNATURE,False,19679900,19.6799,56800,19280100,0,5300,237700,0,9070200,1917023700,4a39bb0c88472cb935c4a5f50a66e3eddbaa01357d1d2f4dd1309197465953a3,3369.0,30291.0,none,blockchain-valid_active_0,0,True,240,17,
n10-identities_c1-conc_mech-blockchain-1backend_valid-active_r30_audit-on_20260820T022802Z,obs_ae2deaab58404d1ba886233c077bb664,2026-08-20T02:28:19.208391+00:00,blockchain,valid_active,0,1,UAV-VALID,ACCEPTED,INVALID_SIGNATURE,False,23585700,23.5857,86600,23185700,0,4200,254200,0,12880200,1918999500,811a85cbfdfd6ac1cc6270c36169fa925376f0b845626b3a27a87b28ff342e55,3370.0,30291.0,none,blockchain-valid_active_0,0,False,239,17,
n10-identities_c1-conc_mech-blockchain-1backend_valid-active_r30_audit-on_20260820T022802Z,obs_38bdc9c9f8d54a36bc6505c473b03bd3,2026-08-20T02:28:21.053587+00:00,blockchain,valid_active,1,1,UAV-VALID,ACCEPTED,INVALID_SIGNATURE,False,20291300,20.2913,68000,19872900,0,4700,245000,0,11333500,1775061600,38f4f0b10a3388922011085a11083ce5370219852c3bd14f40a812072f1c3fbf,3371.0,30291.0,none,blockchain-valid_active_0,0,False,240,17,
n10-identities_c1-conc_mech-blockchain-1backend_valid-active_r30_audit-on_20260820T022802Z,obs_8ce4ae1c049d40f7a53559c36a4d730b,2026-08-20T02:28:23.254754+00:00,blockchain,valid_active,2,1,UAV-VALID,ACCEPTED,INVALID_SIGNATURE,False,19128700,19.1287,61100,18740500,0,20900,226600,0,12240000,2134830300,b61de88196298dd075ec0c8b4880968ad73ba2bc45ae9a2c11fd1cf153f086e2,3372.0,30291.0,none,blockchain-valid_active_0,0,False,239,17,
n10-identities_c1-conc_mech-blockchain-1backend_valid-active_r30_audit-on_20260820T022802Z,obs_5fa73f5018ba44bd99f6137008cab4a3,2026-08-20T02:28:25.063955+00:00,blockchain,valid_active,3,1,UAV-VALID,ACCEPTED,INVALID_SIGNATURE,False,23432100,23.4321,70700,22985200,0,4400,274400,0,7398100,1743635400,23a21f8899eb0a0698c3354b7f50d532a5e2abf5a26b874593266b20ffda4657,3373.0,30291.0,none,blockchain-valid_active_0,0,False,238,17,
n10-identities_c1-conc_mech-blockchain-1backend_valid-active_r30_audit-on_20260820T022802Z,obs_f1884328d7c043dd8bb041968e17657a,2026-08-20T02:28:27.229867+00:00,blockchain,valid_active,4,1,UAV-VALID,ACCEPTED,INVALID_SIGNATURE,False,22651900,22.6519,61900,22260900,0,4600,246900,0,13303600,2089502700,a5dcd20640dfee5ad987dca8fe1b9e1fe5fec83700dbc4ebb7adb2c75f6e09f8,3374.0,30291.0,none,blockchain-valid_active_0,0,False,240,17,
n10-identities_c1-conc_mech-blockchain-1backend_valid-active_r30_audit-on_20260820T022802Z,obs_735199c6b4424280a91a13594bf2e629,2026-08-20T02:28:29.178183+00:00,blockchain,valid_active,5,1,UAV-VALID,ACCEPTED,INVALID_SIGNATURE,False,31751500,31.7515,85100,31316900,0,4200,262600,0,6515700,1870460800,1b4dd50cc068d3db7d25fb7a91c64ba19623475b23457558c9d10cbbb5a6790f,3375.0,30291.0,none,blockchain-valid_active_0,0,False,239,17,
n10-identities_c1-conc_mech-blockchain-1backend_valid-active_r30_audit-on_20260820T022802Z,obs_200cbc72ed034c97b17afa805ef1ed43,2026-08-20T02:28:31.159499+00:00,blockchain,valid_active,6,1,UAV-VALID,ACCEPTED,INVALID_SIGNATURE,False,32243400,32.2434,59300,31837800,0,3700,248600,0,15414300,1899321000,e4a4778d77a41502a8de552ec621c174fbe3efdde3637da407ba99d2589cd910,3376.0,30291.0,none,blockchain-valid_active_0,0,False,240,17,
n10-identities_c1-conc_mech-blockchain-1backend_valid-active_r30_audit-on_20260820T022802Z,obs_f8968e8174e549339ad926ab8018da02,2026-08-20T02:28:33.101104+00:00,blockchain,valid_active,7,1,UAV-VALID,ACCEPTED,INVALID_SIGNATURE,False,21259900,21.2599,58200,20868800,0,4000,238600,0,7540400,1876510100,bc6660ffedb732f1cd98dae8cc49dd5a6d506384752b03c1a30add4924806415,3377.0,30291.0,none,blockchain-valid_active_0,0,False,239,17,
n10-identities_c1-conc_mech-blockchain-1backend_valid-active_r30_audit-on_20260820T022802Z,obs_990bf0cc15224113a47bf1019fa6a695,2026-08-20T02:28:35.256614+00:00,blockchain,valid_active,8,1,UAV-VALID,ACCEPTED,INVALID_SIGNATURE,False,21098600,21.0986,67000,20643700,0,4300,292200,0,13426700,2081240300,42ca337b8fac77e1ab8bd93685a551087fdb3c0b3125b9370488897be8125f62,3378.0,30291.0,none,blockchain-valid_active_0,0,False,238,17,
n10-identities_c1-conc_mech-blockchain-1backend_valid-active_r30_audit-on_20260820T022802Z,obs_6a01a63625c44cc884cce61f539c1cff,2026-08-20T02:28:37.185434+00:00,blockchain,valid_active,9,1,UAV-VALID,ACCEPTED,INVALID_SIGNATURE,False,16731600,16.7316,69400,16399000,0,3300,203200,0,6488900,1877799000,76b4fd3940e5a0da08709eee62d1d64c7f204cd35224243751f6715ab7c0e739,3379.0,30291.0,none,blockchain-valid_active_0,0,False,240,17,
n10-identities_c1-conc_mech-blockchain-1backend_valid-active_r30_audit-on_20260820T022802Z,obs_4bb1412085364a9984bd916aa7129d54,2026-08-20T02:28:39.139218+00:00,blockchain,valid_active,10,1,UAV-VALID,ACCEPTED,INVALID_SIGNATURE,False,22604500,22.6045,67500,22217800,0,4200,245200,0,7053100,1891093200,a9296cff4e3085e82dd863ac7bc4e87a12a85aa21cabbac73ab830cc68d10352,3380.0,30291.0,none,blockchain-valid_active_0,0,False,239,17,
n10-identities_c1-conc_mech-blockchain-1backend_valid-active_r30_audit-on_20260820T022802Z,obs_e8f5f138198c4f5da13171931cb18bc5,2026-08-20T02:28:41.170947+00:00,blockchain,valid_active,11,1,UAV-VALID,ACCEPTED,INVALID_SIGNATURE,False,45135400,45.1354,290000,44683700,0,4900,284800,0,17255500,1914535600,72af57d86a9f0c0c2b2e0311f2bf0e11d735d8878fcd8dda155c39c438639315,3381.0,30291.0,none,blockchain-valid_active_0,0,False,240,17,
n10-identities_c1-conc_mech-blockchain-1backend_valid-active_r30_audit-on_20260820T022802Z,obs_b4490bd942d34901b3270415dff6bb5f,2026-08-20T02:28:43.200186+00:00,blockchain,valid_active,12,1,UAV-VALID,ACCEPTED,INVALID_SIGNATURE,False,39050900,39.0509,60200,38625400,0,4000,263100,0,23408500,1927619500,b84ec17694d96ca89e6dfb38740b613ca238f440569cae983f6a29dcdecc8d69,3382.0,30291.0,none,blockchain-valid_active_0,0,False,240,17,
n10-identities_c1-conc_mech-blockchain-1backend_valid-active_r30_audit-on_20260820T022802Z,obs_4f2c19ad2bfb45d08f5ff265adc6adfa,2026-08-20T02:28:45.174543+00:00,blockchain,valid_active,13,1,UAV-VALID,ACCEPTED,INVALID_SIGNATURE,False,20917300,20.9173,73300,20535700,0,5100,233000,0,7904000,1891626000,eac9b3ab582cfc0593bc012bc0cc68fcd9016bc3b03a5b104ff894c346a4e188,3383.0,30291.0,none,blockchain-valid_active_0,0,False,239,17,
n10-identities_c1-conc_mech-blockchain-1backend_valid-active_r30_audit-on_20260820T022802Z,obs_cce0384067da453eb6daac5c0edd0bb4,2026-08-20T02:28:47.112050+00:00,blockchain,valid_active,14,1,UAV-VALID,ACCEPTED,INVALID_SIGNATURE,False,22264700,22.2647,67500,21901400,0,4200,211300,0,7574000,1875450600,16dc018f9baccbdc44be35877a1a1dea0d42c7d0315d8af1fe48a6108ca04cb0,3384.0,30291.0,none,blockchain-valid_active_0,0,False,239,17,
n10-identities_c1-conc_mech-blockchain-1backend_valid-active_r30_audit-on_20260820T022802Z,obs_fed18c3243c9453a96436754a23da02b,2026-08-20T02:28:49.053389+00:00,blockchain,valid_active,15,1,UAV-VALID,ACCEPTED,INVALID_SIGNATURE,False,21994600,21.9946,82900,21536700,0,4300,270300,0,8133600,1878958200,20a6306551f59fd18318de2fb67b802acd703d6ad7b842238de76181ad17cbe2,3385.0,30291.0,none,blockchain-valid_active_0,0,False,240,17,
n10-identities_c1-conc_mech-blockchain-1backend_valid-active_r30_audit-on_20260820T022802Z,obs_da3633944ef34a558fcc170c895dd508,2026-08-20T02:28:51.134496+00:00,blockchain,valid_active,16,1,UAV-VALID,ACCEPTED,INVALID_SIGNATURE,False,27566800,27.5668,50100,27118000,0,3700,271700,0,19128800,1967148100,1db5b408b48fe3abfd3718ae649397a5fcc573fa4204217d575a3c269039e970,3386.0,30291.0,none,blockchain-valid_active_0,0,False,240,17,
n10-identities_c1-conc_mech-blockchain-1backend_valid-active_r30_audit-on_20260820T022802Z,obs_e992b7e12091442ba7b97a083c0ad7fa,2026-08-20T02:28:53.079825+00:00,blockchain,valid_active,17,1,UAV-VALID,ACCEPTED,INVALID_SIGNATURE,False,21927100,21.9271,62000,21533700,0,3000,241600,0,9220000,1881977000,a7db82598b5159710c4083a56681d32f16dc714e667bc4398afc312a359d95b7,3387.0,30291.0,none,blockchain-valid_active_0,0,False,238,17,
n10-identities_c1-conc_mech-blockchain-1backend_valid-active_r30_audit-on_20260820T022802Z,obs_ea64530cb9544ab9aa6044e826550805,2026-08-20T02:28:55.056889+00:00,blockchain,valid_active,18,1,UAV-VALID,ACCEPTED,INVALID_SIGNATURE,False,21956400,21.9564,64300,21549600,0,5100,243000,0,15295200,1908646100,678c682f3aa724c128b96c3b21e17654904c18f9280d884330d6f01d5d5c8b68,3388.0,30291.0,none,blockchain-valid_active_0,0,False,239,17,
n10-identities_c1-conc_mech-blockchain-1backend_valid-active_r30_audit-on_20260820T022802Z,obs_0785419167a746de8c13e0fe79cc40bf,2026-08-20T02:28:57.049210+00:00,blockchain,valid_active,19,1,UAV-VALID,ACCEPTED,INVALID_SIGNATURE,False,25914200,25.9142,77200,25512200,0,3500,254300,0,6948700,1923563600,ffb769a7ac64e3d38eadf50545ce506fe4f149bc4db198467c135bbc122fd236,3389.0,30291.0,none,blockchain-valid_active_0,0,False,239,17,
n10-identities_c1-conc_mech-blockchain-1backend_valid-active_r30_audit-on_20260820T022802Z,obs_d334f44d7707490f9ac588db0a2a55d5,2026-08-20T02:28:59.188247+00:00,blockchain,valid_active,20,1,UAV-VALID,ACCEPTED,INVALID_SIGNATURE,False,19922700,19.9227,68200,19619800,0,2600,182300,0,9226000,2079703100,97db8fc75e77891bda63be8b948f29291aad8c1cb943b874a5634aeba2b38897,3390.0,30291.0,none,blockchain-valid_active_0,0,False,239,17,
n10-identities_c1-conc_mech-blockchain-1backend_valid-active_r30_audit-on_20260820T022802Z,obs_da831ff72ffc4949bb08be3ceb874bc0,2026-08-20T02:29:01.154567+00:00,blockchain,valid_active,21,1,UAV-VALID,ACCEPTED,INVALID_SIGNATURE,False,24001300,24.0013,64800,23577400,0,4100,250300,0,9129200,1896684400,44e47c1786f60390613c15af6f91545dd8f56dd739944864a9183005d3999942,3391.0,30291.0,none,blockchain-valid_active_0,0,False,239,17,
n10-identities_c1-conc_mech-blockchain-1backend_valid-active_r30_audit-on_20260820T022802Z,obs_52376371866f453aa74bfa24dc57759f,2026-08-20T02:29:03.088815+00:00,blockchain,valid_active,22,1,UAV-VALID,ACCEPTED,INVALID_SIGNATURE,False,20087100,20.0871,65900,19765100,0,4300,194100,0,10785200,1868504800,7dd2d384ead2e4d3861b122a3ece49a80ce6ec49397d2acd626988b9985a387d,3392.0,30291.0,none,blockchain-valid_active_0,0,False,240,17,
n10-identities_c1-conc_mech-blockchain-1backend_valid-active_r30_audit-on_20260820T022802Z,obs_11f65586b36d4106b20ea68d7beb9bf3,2026-08-20T02:29:05.055767+00:00,blockchain,valid_active,23,1,UAV-VALID,ACCEPTED,INVALID_SIGNATURE,False,26337000,26.337,63000,25905900,0,4100,262500,0,10169100,1894787200,0347eb3b40c4d408994c2c790d956aaca9b7cda3e56a2a119280c3fa22b8a759,3393.0,30291.0,none,blockchain-valid_active_0,0,False,239,17,
n10-identities_c1-conc_mech-blockchain-1backend_valid-active_r30_audit-on_20260820T022802Z,obs_ffcf741d4e7c46249d5aeab176c1214f,2026-08-20T02:29:07.071301+00:00,blockchain,valid_active,24,1,UAV-VALID,ACCEPTED,INVALID_SIGNATURE,False,43560400,43.5604,77300,43134600,0,4100,263500,0,14356100,1910498500,3b2dd423100749211357e418f1c5ab9df664d2fa4748676faefcd26226d22978,3394.0,30291.0,none,blockchain-valid_active_0,0,False,238,17,
n10-identities_c1-conc_mech-blockchain-1backend_valid-active_r30_audit-on_20260820T022802Z,obs_0d3a80e5e7a04ace902a416cd3f3fb2a,2026-08-20T02:29:09.218525+00:00,blockchain,valid_active,25,1,UAV-VALID,ACCEPTED,INVALID_SIGNATURE,False,20442600,20.4426,70000,20047300,0,3500,246900,0,5835900,2088238400,b524c2fafd83ce67eb17e0a86c4f5ab2f4317f1dc474d79baa785a7ee35f0c24,3395.0,30291.0,none,blockchain-valid_active_0,0,False,239,17,
n10-identities_c1-conc_mech-blockchain-1backend_valid-active_r30_audit-on_20260820T022802Z,obs_4eb0541a41364e5392ea5eea019dd902,2026-08-20T02:29:11.162111+00:00,blockchain,valid_active,26,1,UAV-VALID,ACCEPTED,INVALID_SIGNATURE,False,33387200,33.3872,66300,32958100,0,3700,279100,0,8020600,1865330900,8aa5e5d1499a316feabcbc557a62a8143ddc0dc4fbcbe92ef7ca00a38251f05c,3396.0,30291.0,none,blockchain-valid_active_0,0,False,239,17,
n10-identities_c1-conc_mech-blockchain-1backend_valid-active_r30_audit-on_20260820T022802Z,obs_a687ed10593f455392c3c22a151609ba,2026-08-20T02:29:13.093881+00:00,blockchain,valid_active,27,1,UAV-VALID,ACCEPTED,INVALID_SIGNATURE,False,21334600,21.3346,55600,20945200,0,3300,255700,0,10993500,1866619100,817103536f03536a717f5507ce5bafe1a3e53a8cb2cdc0ff6f7fa6b189c6771b,3397.0,30291.0,none,blockchain-valid_active_0,0,False,239,17,
n10-identities_c1-conc_mech-blockchain-1backend_valid-active_r30_audit-on_20260820T022802Z,obs_5e2b62fccd3e4b0bafd0000496f9c5e7,2026-08-20T02:29:15.050585+00:00,blockchain,valid_active,28,1,UAV-VALID,ACCEPTED,INVALID_SIGNATURE,False,26552400,26.5524,68900,26133600,0,3900,261700,0,7504300,1888756500,7cb245f9ad54bf9e615cdb5f463c2c78cd746043f96ae19207881538a78677de,3398.0,30291.0,none,blockchain-valid_active_0,0,False,239,17,
n10-identities_c1-conc_mech-blockchain-1backend_valid-active_r30_audit-on_20260820T022802Z,obs_d149ebefe80b420e993b9fb0a38cdddd,2026-08-20T02:29:17.187428+00:00,blockchain,valid_active,29,1,UAV-VALID,ACCEPTED,INVALID_SIGNATURE,False,20598700,20.5987,76500,20189200,0,3300,255300,0,5773500,2077701100,effb2f31b2868cda64741d2a54ee551579c035187b5a1b9662e7a15fed0d3e3c,3399.0,30291.0,none,blockchain-valid_active_0,0,False,240,17,
n10-identities_c1-conc_mech-x509-1backend_valid-active_r30_audit-off_20260820T020457Z,obs_b63185cbf31440d1b64be5bd75e4845b,2026-08-20T02:04:58.875188+00:00,x509,valid_active,0,1,UAV-VALID,ACCEPTED,ACCEPTED,True,5297500,5.2975,140400,233900,4407300,0,262900,7300,0,0,,,,none,x509-valid_active_0,0,True,239,8,
n10-identities_c1-conc_mech-x509-1backend_valid-active_r30_audit-off_20260820T020457Z,obs_f0d061b34c50491c8d9df8a15ad6510d,2026-08-20T02:04:58.880813+00:00,x509,valid_active,1,1,UAV-VALID,ACCEPTED,ACCEPTED,True,2550000,2.55,63600,128300,1862600,0,349000,9100,0,0,,,,none,x509-valid_active_0,0,True,240,8,
n10-identities_c1-conc_mech-x509-1backend_valid-active_r30_audit-off_20260820T020457Z,obs_8625080fbf9b432a9bcb65fe386cc75f,2026-08-20T02:04:58.888986+00:00,x509,valid_active,0,1,UAV-VALID,ACCEPTED,ACCEPTED,True,2579400,2.5794,56400,116600,2115200,0,203900,7700,0,0,,,,none,x509-valid_active_0,0,False,238,8,
n10-identities_c1-conc_mech-x509-1backend_valid-active_r30_audit-off_20260820T020457Z,obs_8a4c195a270f4d1faa3e942590557c1a,2026-08-20T02:04:58.893927+00:00,x509,valid_active,1,1,UAV-VALID,ACCEPTED,ACCEPTED,True,2298800,2.2988,56700,104100,1805800,0,216200,6600,0,0,,,,none,x509-valid_active_0,0,False,238,8,
n10-identities_c1-conc_mech-x509-1backend_valid-active_r30_audit-off_20260820T020457Z,obs_981be1f08f0646319621b9c440b19891,2026-08-20T02:04:58.902260+00:00,x509,valid_active,2,1,UAV-VALID,ACCEPTED,ACCEPTED,True,2484900,2.4849,61700,133200,1974400,0,215500,6400,0,0,,,,none,x509-valid_active_0,0,False,240,8,
n10-identities_c1-conc_mech-x509-1backend_valid-active_r30_audit-off_20260820T020457Z,obs_0f2cd81a471d400db332e7fd70ad9762,2026-08-20T02:04:58.907609+00:00,x509,valid_active,3,1,UAV-VALID,ACCEPTED,ACCEPTED,True,2457400,2.4574,74400,127200,1937600,0,211400,7000,0,0,,,,none,x509-valid_active_0,0,False,240,8,
n10-identities_c1-conc_mech-x509-1backend_valid-active_r30_audit-off_20260820T020457Z,obs_5fa0b732fde0494a92c58a7ce05c5e48,2026-08-20T02:04:58.915948+00:00,x509,valid_active,4,1,UAV-VALID,ACCEPTED,ACCEPTED,True,5737900,5.7379,60100,141800,5207900,0,221700,7400,0,0,,,,none,x509-valid_active_0,0,False,239,8,
n10-identities_c1-conc_mech-x509-1backend_valid-active_r30_audit-off_20260820T020457Z,obs_a8818a80a4bb478ea35367edc41c2076,2026-08-20T02:04:58.921048+00:00,x509,valid_active,5,1,UAV-VALID,ACCEPTED,ACCEPTED,True,2653800,2.6538,53600,124800,2128700,0,228500,8500,0,0,,,,none,x509-valid_active_0,0,False,240,8,
n10-identities_c1-conc_mech-x509-1backend_valid-active_r30_audit-off_20260820T020457Z,obs_f3ac1a96a6934a6a89b6931db4b5a333,2026-08-20T02:04:58.925649+00:00,x509,valid_active,6,1,UAV-VALID,ACCEPTED,ACCEPTED,True,2274000,2.274,52600,146000,1760500,0,230700,6600,0,0,,,,none,x509-valid_active_0,0,False,239,8,
n10-identities_c1-conc_mech-x509-1backend_valid-active_r30_audit-off_20260820T020457Z,obs_aa4cbc67a98344a9830d8a5d4220cf14,2026-08-20T02:04:58.934171+00:00,x509,valid_active,7,1,UAV-VALID,ACCEPTED,ACCEPTED,True,2627700,2.6277,74700,139700,2087000,0,218000,7700,0,0,,,,none,x509-valid_active_0,0,False,239,8,
n10-identities_c1-conc_mech-x509-1backend_valid-active_r30_audit-off_20260820T020457Z,obs_78425357da56496884c87f8733e5e3d5,2026-08-20T02:04:58.939296+00:00,x509,valid_active,8,1,UAV-VALID,ACCEPTED,ACCEPTED,True,2712400,2.7124,66400,110000,2226400,0,220300,6400,0,0,,,,none,x509-valid_active_0,0,False,238,8,
n10-identities_c1-conc_mech-x509-1backend_valid-active_r30_audit-off_20260820T020457Z,obs_6b455f25cc824feba7baa36f38713018,2026-08-20T02:04:58.947562+00:00,x509,valid_active,9,1,UAV-VALID,ACCEPTED,ACCEPTED,True,4928400,4.9284,72200,2181000,2166500,0,307000,7600,0,0,,,,none,x509-valid_active_0,0,False,240,8,
n10-identities_c1-conc_mech-x509-1backend_valid-active_r30_audit-off_20260820T020457Z,obs_4a0777e628634a4297b20711f3039442,2026-08-20T02:04:58.951850+00:00,x509,valid_active,10,1,UAV-VALID,ACCEPTED,ACCEPTED,True,2100600,2.1006,51500,108500,1615000,0,244900,7100,0,0,,,,none,x509-valid_active_0,0,False,240,8,
n10-identities_c1-conc_mech-x509-1backend_valid-active_r30_audit-off_20260820T020457Z,obs_b27a3d229ca9492c8077a37f3de1749a,2026-08-20T02:04:58.962755+00:00,x509,valid_active,11,1,UAV-VALID,ACCEPTED,ACCEPTED,True,6445900,6.4459,65700,113800,5858100,0,279600,8800,0,0,,,,none,x509-valid_active_0,0,False,238,8,
n10-identities_c1-conc_mech-x509-1backend_valid-active_r30_audit-off_20260820T020457Z,obs_5220ee5738924a93a5689952a3433061,2026-08-20T02:04:58.968213+00:00,x509,valid_active,12,1,UAV-VALID,ACCEPTED,ACCEPTED,True,2623300,2.6233,68700,121200,2104900,0,226400,6500,0,0,,,,none,x509-valid_active_0,0,False,238,8,
n10-identities_c1-conc_mech-x509-1backend_valid-active_r30_audit-off_20260820T020457Z,obs_84fa63a674de4774beec47a2b97e4bcc,2026-08-20T02:04:58.977495+00:00,x509,valid_active,13,1,UAV-VALID,ACCEPTED,ACCEPTED,True,6218400,6.2184,66100,167400,5640500,0,216800,6400,0,0,,,,none,x509-valid_active_0,0,False,239,8,
n10-identities_c1-conc_mech-x509-1backend_valid-active_r30_audit-off_20260820T020457Z,obs_3114f0489e8943d9ac090ec930d67c42,2026-08-20T02:04:58.981875+00:00,x509,valid_active,14,1,UAV-VALID,ACCEPTED,ACCEPTED,True,2007300,2.0073,47900,99200,1553500,0,211800,8100,0,0,,,,none,x509-valid_active_0,0,False,239,8,
n10-identities_c1-conc_mech-x509-1backend_valid-active_r30_audit-off_20260820T020457Z,obs_58c9c0c2c2ae41a7abfc7d3199e8b51f,2026-08-20T02:04:58.988274+00:00,x509,valid_active,15,1,UAV-VALID,ACCEPTED,ACCEPTED,True,3720400,3.7204,49200,107400,2539100,0,777700,16100,0,0,,,,none,x509-valid_active_0,0,False,240,8,
n10-identities_c1-conc_mech-x509-1backend_valid-active_r30_audit-off_20260820T020457Z,obs_7ab22aec6cfb461db7991a8aec10b22c,2026-08-20T02:04:58.996801+00:00,x509,valid_active,16,1,UAV-VALID,ACCEPTED,ACCEPTED,True,2989000,2.989,53500,134400,2479000,0,210900,6000,0,0,,,,none,x509-valid_active_0,0,False,240,8,
n10-identities_c1-conc_mech-x509-1backend_valid-active_r30_audit-off_20260820T020457Z,obs_25025a004e814081b651588c9b91cd75,2026-08-20T02:04:59.005008+00:00,x509,valid_active,17,1,UAV-VALID,ACCEPTED,ACCEPTED,True,5717000,5.717,59400,128100,2750400,0,2634100,13300,0,0,,,,none,x509-valid_active_0,0,False,238,8,
n10-identities_c1-conc_mech-x509-1backend_valid-active_r30_audit-off_20260820T020457Z,obs_6cb730b8f05846b0b10a5e3278b771ee,2026-08-20T02:04:59.013506+00:00,x509,valid_active,18,1,UAV-VALID,ACCEPTED,ACCEPTED,True,3151500,3.1515,57900,155900,2228400,0,542300,8600,0,0,,,,none,x509-valid_active_0,0,False,240,8,
n10-identities_c1-conc_mech-x509-1backend_valid-active_r30_audit-off_20260820T020457Z,obs_8d7e3253ca78426b95fcd3f3c8ad1bc3,2026-08-20T02:04:59.024383+00:00,x509,valid_active,19,1,UAV-VALID,ACCEPTED,ACCEPTED,True,7304300,7.3043,72200,122000,1893900,0,582800,20700,0,0,,,,none,x509-valid_active_0,0,False,239,8,
n10-identities_c1-conc_mech-x509-1backend_valid-active_r30_audit-off_20260820T020457Z,obs_0722c5e810bc478d87ce80b73af3178d,2026-08-20T02:04:59.033281+00:00,x509,valid_active,20,1,UAV-VALID,ACCEPTED,ACCEPTED,True,4902200,4.9022,53100,116000,4328600,0,264400,12000,0,0,,,,none,x509-valid_active_0,0,False,239,8,
n10-identities_c1-conc_mech-x509-1backend_valid-active_r30_audit-off_20260820T020457Z,obs_ebe74fcf52a14f2fa54e998cab280a3f,2026-08-20T02:04:59.042922+00:00,x509,valid_active,21,1,UAV-VALID,ACCEPTED,ACCEPTED,True,3562100,3.5621,821900,200500,2893900,0,274200,8300,0,0,,,,none,x509-valid_active_0,0,False,240,8,
n10-identities_c1-conc_mech-x509-1backend_valid-active_r30_audit-off_20260820T020457Z,obs_e267201d2ac24df3b7e248017b2e27fd,2026-08-20T02:04:59.049846+00:00,x509,valid_active,22,1,UAV-VALID,ACCEPTED,ACCEPTED,True,2889600,2.8896,57000,152200,2347300,0,213700,7900,0,0,,,,none,x509-valid_active_0,0,False,239,8,
n10-identities_c1-conc_mech-x509-1backend_valid-active_r30_audit-off_20260820T020457Z,obs_7552af26a5c14b4bbf9a6f9d84ba9bfc,2026-08-20T02:04:59.060878+00:00,x509,valid_active,23,1,UAV-VALID,ACCEPTED,ACCEPTED,True,2542500,2.5425,62600,135200,2054700,0,197000,7000,0,0,,,,none,x509-valid_active_0,0,False,238,8,
n10-identities_c1-conc_mech-x509-1backend_valid-active_r30_audit-off_20260820T020457Z,obs_b5a40db7d8364cf9876b12c393493325,2026-08-20T02:04:59.065096+00:00,x509,valid_active,24,1,UAV-VALID,ACCEPTED,ACCEPTED,True,2065600,2.0656,54500,112200,1583300,0,216400,7100,0,0,,,,none,x509-valid_active_0,0,False,240,8,
n10-identities_c1-conc_mech-x509-1backend_valid-active_r30_audit-off_20260820T020457Z,obs_e005dac976cc4d37968a5bf358050d9c,2026-08-20T02:04:59.075719+00:00,x509,valid_active,25,1,UAV-VALID,ACCEPTED,ACCEPTED,True,3422600,3.4226,64300,133300,2899800,0,218300,7100,0,0,,,,none,x509-valid_active_0,0,False,239,8,
n10-identities_c1-conc_mech-x509-1backend_valid-active_r30_audit-off_20260820T020457Z,obs_16c679c734164b0b9e6367240bd7127d,2026-08-20T02:04:59.080055+00:00,x509,valid_active,26,1,UAV-VALID,ACCEPTED,ACCEPTED,True,1869000,1.869,53800,106700,1460500,0,176400,5400,0,0,,,,none,x509-valid_active_0,0,False,240,8,
n10-identities_c1-conc_mech-x509-1backend_valid-active_r30_audit-off_20260820T020457Z,obs_c93c336fd5df492fa6d0bfe478442b15,2026-08-20T02:04:59.087318+00:00,x509,valid_active,27,1,UAV-VALID,ACCEPTED,ACCEPTED,True,2361500,2.3615,57500,98500,1886100,0,233000,6600,0,0,,,,none,x509-valid_active_0,0,False,239,8,
n10-identities_c1-conc_mech-x509-1backend_valid-active_r30_audit-off_20260820T020457Z,obs_5050dc5651ae4ea692ef70bf264bd223,2026-08-20T02:04:59.100279+00:00,x509,valid_active,28,1,UAV-VALID,ACCEPTED,ACCEPTED,True,6283500,6.2835,64600,126800,3234500,0,2504600,11100,0,0,,,,none,x509-valid_active_0,0,False,238,8,
n10-identities_c1-conc_mech-x509-1backend_valid-active_r30_audit-off_20260820T020457Z,obs_ecb08c008bff4797a7321523a38bba5d,2026-08-20T02:04:59.105173+00:00,x509,valid_active,29,1,UAV-VALID,ACCEPTED,ACCEPTED,True,2367700,2.3677,47600,117600,1877400,0,214000,7900,0,0,,,,none,x509-valid_active_0,0,False,240,8,
n10-identities_c10-conc_mech-blockchain-1backend_valid-active_r30_audit-off_20260820T020515Z,obs_70e11eb82e7c47ffbd0c9cf683fcf865,2026-08-20T02:05:16.797893+00:00,blockchain,valid_active,0,10,UAV-VALID,ACCEPTED,INVALID_SIGNATURE,False,126717400,126.7174,65400,125898000,0,5800,408900,0,0,0,,,,none,blockchain-valid_active_0,0,True,240,17,
n10-identities_c10-conc_mech-blockchain-1backend_valid-active_r30_audit-off_20260820T020515Z,obs_8e42ebb3977d4e319568866d39383fec,2026-08-20T02:05:16.803741+00:00,blockchain,valid_active,1,10,UAV-VALID,ACCEPTED,INVALID_SIGNATURE,False,125181000,125.181,57300,124679100,0,5800,300700,0,0,0,,,,none,blockchain-valid_active_1,0,True,239,17,
n10-identities_c10-conc_mech-blockchain-1backend_valid-active_r30_audit-off_20260820T020515Z,obs_252a5ee240f54ab58f90641ee50dee73,2026-08-20T02:05:16.861239+00:00,blockchain,valid_active,0,10,UAV-VALID,ACCEPTED,INVALID_SIGNATURE,False,173892800,173.8928,51200,173341500,0,5200,359800,0,0,0,,,,none,blockchain-valid_active_2,0,False,237,17,
n10-identities_c10-conc_mech-blockchain-1backend_valid-active_r30_audit-off_20260820T020515Z,obs_e1198268a57843479d8d81d664119183,2026-08-20T02:05:16.930347+00:00,blockchain,valid_active,4,10,UAV-VALID,ACCEPTED,INVALID_SIGNATURE,False,171354600,171.3546,82100,170765000,0,5200,418100,0,0,0,,,,none,blockchain-valid_active_6,0,False,238,17,
n10-identities_c10-conc_mech-blockchain-1backend_valid-active_r30_audit-off_20260820T020515Z,obs_53b6e92581b0416a88d5674c800955ae,2026-08-20T02:05:16.933684+00:00,blockchain,valid_active,7,10,UAV-VALID,ACCEPTED,INVALID_SIGNATURE,False,162377800,162.3778,61900,161912000,0,5000,279600,0,0,0,,,,none,blockchain-valid_active_9,0,False,239,17,
n10-identities_c10-conc_mech-blockchain-1backend_valid-active_r30_audit-off_20260820T020515Z,obs_a21241755fd94236970cbe7500fd4e26,2026-08-20T02:05:16.972926+00:00,blockchain,valid_active,6,10,UAV-VALID,ACCEPTED,INVALID_SIGNATURE,False,189011100,189.0111,53400,186731000,0,5100,643900,0,0,0,,,,none,blockchain-valid_active_8,0,False,240,17,
n10-identities_c10-conc_mech-blockchain-1backend_valid-active_r30_audit-off_20260820T020515Z,obs_e474cff0c49b48f89be788ef163fa9e1,2026-08-20T02:05:16.975799+00:00,blockchain,valid_active,5,10,UAV-VALID,ACCEPTED,INVALID_SIGNATURE,False,195134500,195.1345,48700,194647700,0,5000,281500,0,0,0,,,,none,blockchain-valid_active_7,0,False,240,17,
n10-identities_c10-conc_mech-blockchain-1backend_valid-active_r30_audit-off_20260820T020515Z,obs_f65fde002db140d6bdee40b73fa00044,2026-08-20T02:05:16.978695+00:00,blockchain,valid_active,3,10,UAV-VALID,ACCEPTED,INVALID_SIGNATURE,False,271800100,271.8001,54000,271269900,0,4900,321100,0,0,0,,,,none,blockchain-valid_active_5,0,False,239,17,
n10-identities_c10-conc_mech-blockchain-1backend_valid-active_r30_audit-off_20260820T020515Z,obs_9761b80b71854f87b19581584fc9df13,2026-08-20T02:05:16.982719+00:00,blockchain,valid_active,8,10,UAV-VALID,ACCEPTED,INVALID_SIGNATURE,False,158972900,158.9729,60100,158437900,0,5400,321300,0,0,0,,,,none,blockchain-valid_active_0,0,False,239,17,
n10-identities_c10-conc_mech-blockchain-1backend_valid-active_r30_audit-off_20260820T020515Z,obs_60e35b41a24b4c10a99bfa8a0b2131da,2026-08-20T02:05:16.988630+00:00,blockchain,valid_active,1,10,UAV-VALID,ACCEPTED,INVALID_SIGNATURE,False,284788800,284.7888,60700,284292700,0,7100,309100,0,0,0,,,,none,blockchain-valid_active_3,0,False,239,17,
n10-identities_c10-conc_mech-blockchain-1backend_valid-active_r30_audit-off_20260820T020515Z,obs_c89799c9fa484e5a8cf8415430f79fd4,2026-08-20T02:05:16.991029+00:00,blockchain,valid_active,9,10,UAV-VALID,ACCEPTED,INVALID_SIGNATURE,False,174481300,174.4813,48600,173936900,0,4600,383100,0,0,0,,,,none,blockchain-valid_active_1,0,False,240,17,
n10-identities_c10-conc_mech-blockchain-1backend_valid-active_r30_audit-off_20260820T020515Z,obs_a08c7ac557b841e8aa909062e16a06f8,2026-08-20T02:05:16.994227+00:00,blockchain,valid_active,2,10,UAV-VALID,ACCEPTED,INVALID_SIGNATURE,False,278805400,278.8054,470700,278310300,0,5800,292300,0,0,0,,,,none,blockchain-valid_active_4,0,False,239,17,
n10-identities_c10-conc_mech-blockchain-1backend_valid-active_r30_audit-off_20260820T020515Z,obs_d957a6d8c173487dbb81f85a57b500bc,2026-08-20T02:05:17.028138+00:00,blockchain,valid_active,10,10,UAV-VALID,ACCEPTED,INVALID_SIGNATURE,False,150202700,150.2027,61800,149707100,0,5300,328500,0,0,0,,,,none,blockchain-valid_active_2,0,False,240,17,
n10-identities_c10-conc_mech-blockchain-1backend_valid-active_r30_audit-off_20260820T020515Z,obs_171da0c89e044b6d909457dd10247eae,2026-08-20T02:05:17.140255+00:00,blockchain,valid_active,12,10,UAV-VALID,ACCEPTED,INVALID_SIGNATURE,False,189206200,189.2062,54500,188765800,0,5100,272300,0,0,0,,,,none,blockchain-valid_active_9,0,False,240,17,
n10-identities_c10-conc_mech-blockchain-1backend_valid-active_r30_audit-off_20260820T020515Z,obs_89a3dd4350e145aeaa3e12108f36c03e,2026-08-20T02:05:17.144191+00:00,blockchain,valid_active,16,10,UAV-VALID,ACCEPTED,INVALID_SIGNATURE,False,159584300,159.5843,37500,159117800,0,5500,309400,0,0,0,,,,none,blockchain-valid_active_0,0,False,240,17,
n10-identities_c10-conc_mech-blockchain-1backend_valid-active_r30_audit-off_20260820T020515Z,obs_e52c41d12d6e4568b159f78493a76ce1,2026-08-20T02:05:17.161450+00:00,blockchain,valid_active,18,10,UAV-VALID,ACCEPTED,INVALID_SIGNATURE,False,164522800,164.5228,110700,164027400,0,4800,269100,0,0,0,,,,none,blockchain-valid_active_1,0,False,240,17,
n10-identities_c10-conc_mech-blockchain-1backend_valid-active_r30_audit-off_20260820T020515Z,obs_4f17411ce93545f5ac6f365c699169a1,2026-08-20T02:05:17.164040+00:00,blockchain,valid_active,11,10,UAV-VALID,ACCEPTED,INVALID_SIGNATURE,False,211765300,211.7653,49300,211379500,0,4000,241600,0,0,0,,,,none,blockchain-valid_active_6,0,False,239,17,
n10-identities_c10-conc_mech-blockchain-1backend_valid-active_r30_audit-off_20260820T020515Z,obs_27dcd8b75f93496a9c6c008531c3283c,2026-08-20T02:05:17.320718+00:00,blockchain,valid_active,15,10,UAV-VALID,ACCEPTED,INVALID_SIGNATURE,False,301741900,301.7419,56400,301292600,0,5300,301000,0,0,0,,,,none,blockchain-valid_active_5,0,False,239,17,
n10-identities_c10-conc_mech-blockchain-1backend_valid-active_r30_audit-off_20260820T020515Z,obs_e4325f7a7c394387ba106b5ae9f7feea,2026-08-20T02:05:17.327354+00:00,blockchain,valid_active,17,10,UAV-VALID,ACCEPTED,INVALID_SIGNATURE,False,294522100,294.5221,69900,294128500,0,4600,246300,0,0,0,,,,none,blockchain-valid_active_3,0,False,240,17,
n10-identities_c10-conc_mech-blockchain-1backend_valid-active_r30_audit-off_20260820T020515Z,obs_59dce378cd8d45d38b5bad18bc1f75f2,2026-08-20T02:05:17.335348+00:00,blockchain,valid_active,20,10,UAV-VALID,ACCEPTED,INVALID_SIGNATURE,False,279648500,279.6485,58300,279206500,0,4700,291900,0,0,0,,,,none,blockchain-valid_active_2,0,False,240,17,
n10-identities_c10-conc_mech-blockchain-1backend_valid-active_r30_audit-off_20260820T020515Z,obs_589c62b4c8c0474ca025bb18d3459266,2026-08-20T02:05:17.338464+00:00,blockchain,valid_active,14,10,UAV-VALID,ACCEPTED,INVALID_SIGNATURE,False,300974400,300.9744,72800,300498000,0,4600,299900,0,0,0,,,,none,blockchain-valid_active_7,0,False,239,17,
n10-identities_c10-conc_mech-blockchain-1backend_valid-active_r30_audit-off_20260820T020515Z,obs_fb85d92ca9994aa3b47ce0c36b51f644,2026-08-20T02:05:17.369036+00:00,blockchain,valid_active,19,10,UAV-VALID,ACCEPTED,INVALID_SIGNATURE,False,309328200,309.3282,51300,308887700,0,4500,277600,0,0,0,,,,none,blockchain-valid_active_4,0,False,239,17,
n10-identities_c10-conc_mech-blockchain-1backend_valid-active_r30_audit-off_20260820T020515Z,obs_c5657b1ea0344cba99c0ee84fd49684b,2026-08-20T02:05:17.373114+00:00,blockchain,valid_active,13,10,UAV-VALID,ACCEPTED,INVALID_SIGNATURE,False,349090100,349.0901,54800,348541900,0,5700,380300,0,0,0,,,,none,blockchain-valid_active_8,0,False,238,17,
n10-identities_c10-conc_mech-blockchain-1backend_valid-active_r30_audit-off_20260820T020515Z,obs_247b1f6f281241979a4ca15bd0a7355d,2026-08-20T02:05:17.416202+00:00,blockchain,valid_active,21,10,UAV-VALID,ACCEPTED,INVALID_SIGNATURE,False,265717200,265.7172,106700,265222500,0,4000,292900,0,0,0,,,,none,blockchain-valid_active_9,0,False,239,17,
n10-identities_c10-conc_mech-blockchain-1backend_valid-active_r30_audit-off_20260820T020515Z,obs_bf80f733d2f649c19411e4930999c0b3,2026-08-20T02:05:17.441420+00:00,blockchain,valid_active,24,10,UAV-VALID,ACCEPTED,INVALID_SIGNATURE,False,116710600,116.7106,48900,116219700,0,4900,293800,0,0,0,,,,none,blockchain-valid_active_6,0,False,238,17,
n10-identities_c10-conc_mech-blockchain-1backend_valid-active_r30_audit-off_20260820T020515Z,obs_4e99b72ea9e1458d81cf9a7459695e60,2026-08-20T02:05:17.444467+00:00,blockchain,valid_active,23,10,UAV-VALID,ACCEPTED,INVALID_SIGNATURE,False,122239900,122.2399,45500,121828000,0,4400,264100,0,0,0,,,,none,blockchain-valid_active_1,0,False,239,17,
n10-identities_c10-conc_mech-blockchain-1backend_valid-active_r30_audit-off_20260820T020515Z,obs_0a3f126ddd8744c8989dca096b3747fe,2026-08-20T02:05:17.450697+00:00,blockchain,valid_active,25,10,UAV-VALID,ACCEPTED,INVALID_SIGNATURE,False,104089300,104.0893,62600,103623500,0,4400,270400,0,0,0,,,,none,blockchain-valid_active_5,0,False,239,17,
n10-identities_c10-conc_mech-blockchain-1backend_valid-active_r30_audit-off_20260820T020515Z,obs_13a97feb9dac46858ceafc00685b786f,2026-08-20T02:05:17.453507+00:00,blockchain,valid_active,22,10,UAV-VALID,ACCEPTED,INVALID_SIGNATURE,False,295818400,295.8184,55200,295364100,0,4300,284500,0,0,0,,,,none,blockchain-valid_active_0,0,False,239,17,
n10-identities_c10-conc_mech-blockchain-1backend_valid-active_r30_audit-off_20260820T020515Z,obs_35e820468bb346c18910e678c1ae0428,2026-08-20T02:05:17.490522+00:00,blockchain,valid_active,28,10,UAV-VALID,ACCEPTED,INVALID_SIGNATURE,False,130657500,130.6575,46800,130166600,0,3800,318700,0,0,0,,,,none,blockchain-valid_active_7,0,False,239,17,
n10-identities_c10-conc_mech-blockchain-1backend_valid-active_r30_audit-off_20260820T020515Z,obs_112e80ddc802468a8ca7f8deba12e924,2026-08-20T02:05:17.492742+00:00,blockchain,valid_active,27,10,UAV-VALID,ACCEPTED,INVALID_SIGNATURE,False,139081400,139.0814,49900,138681000,0,4400,268300,0,0,0,,,,none,blockchain-valid_active_2,0,False,239,17,
n10-identities_c10-conc_mech-blockchain-1backend_valid-active_r30_audit-off_20260820T020515Z,obs_96b059283f954cf191ea4d42403544f2,2026-08-20T02:05:17.516675+00:00,blockchain,valid_active,29,10,UAV-VALID,ACCEPTED,INVALID_SIGNATURE,False,113827300,113.8273,47400,113403000,0,4300,277600,0,0,0,,,,none,blockchain-valid_active_4,0,False,239,17,
n10-identities_c10-conc_mech-blockchain-1backend_valid-active_r30_audit-off_20260820T020515Z,obs_ff95df856a194bbcbbd655be95783f2a,2026-08-20T02:05:17.519261+00:00,blockchain,valid_active,26,10,UAV-VALID,ACCEPTED,INVALID_SIGNATURE,False,161787100,161.7871,73700,161318900,0,3800,287800,0,0,0,,,,none,blockchain-valid_active_3,0,False,240,17,
n10-identities_c10-conc_mech-x509-1backend_valid-active_r30_audit-off_20260820T020511Z,obs_9e33c254b038434db4933737a7dbf70a,2026-08-20T02:05:12.833430+00:00,x509,valid_active,3,10,UAV-VALID,ACCEPTED,ACCEPTED,True,10582900,10.5829,34100,121100,10085800,0,219600,7800,0,0,,,,none,x509-valid_active_3,0,False,238,8,
n10-identities_c10-conc_mech-x509-1backend_valid-active_r30_audit-off_20260820T020511Z,obs_5bea4d0d1bd2497f81713e81956578e3,2026-08-20T02:05:12.832351+00:00,x509,valid_active,4,10,UAV-VALID,ACCEPTED,ACCEPTED,True,7134000,7.134,42200,93600,6678500,0,215300,5200,0,0,,,,none,x509-valid_active_0,0,False,238,8,
n10-identities_c10-conc_mech-x509-1backend_valid-active_r30_audit-off_20260820T020511Z,obs_c3dda1d1673e4d52b1c6122a7a253fd8,2026-08-20T02:05:12.808470+00:00,x509,valid_active,0,10,UAV-VALID,ACCEPTED,ACCEPTED,True,2795300,2.7953,61300,144200,2218800,0,249200,8000,0,0,,,,none,x509-valid_active_0,0,True,239,8,
n10-identities_c10-conc_mech-x509-1backend_valid-active_r30_audit-off_20260820T020511Z,obs_d7d0989235e34187824959e3b281d6fe,2026-08-20T02:05:12.829293+00:00,x509,valid_active,1,10,UAV-VALID,ACCEPTED,ACCEPTED,True,7429900,7.4299,34000,233100,6778600,0,241700,11700,0,0,,,,none,x509-valid_active_1,0,False,239,8,
n10-identities_c10-conc_mech-x509-1backend_valid-active_r30_audit-off_20260820T020511Z,obs_e09f5b9ef12447f7aa566322c0a20361,2026-08-20T02:05:12.813462+00:00,x509,valid_active,1,10,UAV-VALID,ACCEPTED,ACCEPTED,True,3421300,3.4213,45600,224200,2881900,0,176400,6700,0,0,,,,none,x509-valid_active_1,0,True,239,8,
n10-identities_c10-conc_mech-x509-1backend_valid-active_r30_audit-off_20260820T020511Z,obs_2ced5229e45b4dc8be028abd41d2b8c9,2026-08-20T02:05:12.831674+00:00,x509,valid_active,2,10,UAV-VALID,ACCEPTED,ACCEPTED,True,10732000,10.732,53200,125500,9866100,0,546800,9700,0,0,,,,none,x509-valid_active_2,0,False,240,8,
n10-identities_c10-conc_mech-x509-1backend_valid-active_r30_audit-off_20260820T020511Z,obs_8478ca30ce394e2bae90ed1258b907bc,2026-08-20T02:05:12.817472+00:00,x509,valid_active,0,10,UAV-VALID,ACCEPTED,ACCEPTED,True,4718000,4.718,46600,86600,4175000,0,276400,6100,0,0,,,,none,x509-valid_active_0,0,False,239,8,
n10-identities_c10-conc_mech-x509-1backend_valid-active_r30_audit-off_20260820T020511Z,obs_e6d6c5046fa94ddab00a160f881211d5,2026-08-20T02:05:12.848659+00:00,x509,valid_active,5,10,UAV-VALID,ACCEPTED,ACCEPTED,True,11309300,11.3093,56300,144200,10742200,0,247600,8100,0,0,,,,none,x509-valid_active_4,0,False,239,8,
n10-identities_c10-conc_mech-x509-1backend_valid-active_r30_audit-off_20260820T020511Z,obs_0504b531a7114765b5959dafa1e9294f,2026-08-20T02:05:12.855660+00:00,x509,valid_active,6,10,UAV-VALID,ACCEPTED,ACCEPTED,True,14065600,14.0656,51400,105900,13561600,0,231400,6600,0,0,,,,none,x509-valid_active_1,0,False,240,8,
n10-identities_c10-conc_mech-x509-1backend_valid-active_r30_audit-off_20260820T020511Z,obs_69939f2db615485f86348ec1b84e34f4,2026-08-20T02:05:12.863084+00:00,x509,valid_active,8,10,UAV-VALID,ACCEPTED,ACCEPTED,True,18376300,18.3763,44700,108800,17882400,0,234400,8600,0,0,,,,none,x509-valid_active_0,0,False,238,8,
n10-identities_c10-conc_mech-x509-1backend_valid-active_r30_audit-off_20260820T020511Z,obs_7503992523ac414ea4106664f6b7fc40,2026-08-20T02:05:12.870887+00:00,x509,valid_active,14,10,UAV-VALID,ACCEPTED,ACCEPTED,True,16296300,16.2963,44900,181200,15736400,0,214400,7300,0,0,,,,none,x509-valid_active_9,0,False,239,8,
n10-identities_c10-conc_mech-x509-1backend_valid-active_r30_audit-off_20260820T020511Z,obs_14b66be68090494c828d70d8621c3eb1,2026-08-20T02:05:12.874736+00:00,x509,valid_active,9,10,UAV-VALID,ACCEPTED,ACCEPTED,True,12716500,12.7165,56000,88300,12253800,0,233800,7800,0,0,,,,none,x509-valid_active_5,0,False,239,8,
n10-identities_c10-conc_mech-x509-1backend_valid-active_r30_audit-off_20260820T020511Z,obs_2e1e5bed609e4fc2a9e0beab85841d71,2026-08-20T02:05:12.875671+00:00,x509,valid_active,13,10,UAV-VALID,ACCEPTED,ACCEPTED,True,14325900,14.3259,45700,126000,13853600,0,208600,5900,0,0,,,,none,x509-valid_active_8,0,False,239,8,
n10-identities_c10-conc_mech-x509-1backend_valid-active_r30_audit-off_20260820T020511Z,obs_8baf036ad4f24667aa014d0ce0328e1a,2026-08-20T02:05:12.879840+00:00,x509,valid_active,7,10,UAV-VALID,ACCEPTED,ACCEPTED,True,23145400,23.1454,67200,97500,22716200,0,195300,5500,0,0,,,,none,x509-valid_active_2,0,False,240,8,
n10-identities_c10-conc_mech-x509-1backend_valid-active_r30_audit-off_20260820T020511Z,obs_0473861ba3564451a960b01a5a1e03f0,2026-08-20T02:05:12.883837+00:00,x509,valid_active,11,10,UAV-VALID,ACCEPTED,ACCEPTED,True,18553700,18.5537,39900,155200,18034100,0,209700,6000,0,0,,,,none,x509-valid_active_6,0,False,239,8,
n10-identities_c10-conc_mech-x509-1backend_valid-active_r30_audit-off_20260820T020511Z,obs_7b80d275db8e4b70b4eea010bbae51a7,2026-08-20T02:05:12.885071+00:00,x509,valid_active,10,10,UAV-VALID,ACCEPTED,ACCEPTED,True,16675800,16.6758,51800,113500,16188200,0,217300,6100,0,0,,,,none,x509-valid_active_3,0,False,239,8,
n10-identities_c10-conc_mech-x509-1backend_valid-active_r30_audit-off_20260820T020511Z,obs_2183ae8e06ca4482a1e9a954829a19ca,2026-08-20T02:05:12.888099+00:00,x509,valid_active,15,10,UAV-VALID,ACCEPTED,ACCEPTED,True,14816400,14.8164,54000,106100,14317400,0,233200,7000,0,0,,,,none,x509-valid_active_4,0,False,239,8,
n10-identities_c10-conc_mech-x509-1backend_valid-active_r30_audit-off_20260820T020511Z,obs_8619ef5cb4a14aec8e0531ca63c13039,2026-08-20T02:05:12.891903+00:00,x509,valid_active,16,10,UAV-VALID,ACCEPTED,ACCEPTED,True,11525300,11.5253,44300,93100,10995500,0,259500,8800,0,0,,,,none,x509-valid_active_1,0,False,238,8,
n10-identities_c10-conc_mech-x509-1backend_valid-active_r30_audit-off_20260820T020511Z,obs_148b5618fd6e4a82a198e22098f80bb5,2026-08-20T02:05:12.894295+00:00,x509,valid_active,12,10,UAV-VALID,ACCEPTED,ACCEPTED,True,33757500,33.7575,58700,125800,33252900,0,221600,5500,0,0,,,,none,x509-valid_active_7,0,False,239,8,
n10-identities_c10-conc_mech-x509-1backend_valid-active_r30_audit-off_20260820T020511Z,obs_58762f1c29ab469ea588f96a33ab84e2,2026-08-20T02:05:12.907624+00:00,x509,valid_active,17,10,UAV-VALID,ACCEPTED,ACCEPTED,True,18967300,18.9673,50500,111800,18458800,0,237400,7600,0,0,,,,none,x509-valid_active_0,0,False,239,8,
n10-identities_c10-conc_mech-x509-1backend_valid-active_r30_audit-off_20260820T020511Z,obs_0b30b67b3a70489cac0319cbd7cc7aa1,2026-08-20T02:05:12.908369+00:00,x509,valid_active,19,10,UAV-VALID,ACCEPTED,ACCEPTED,True,18130700,18.1307,48200,102600,17664300,0,215100,6200,0,0,,,,none,x509-valid_active_5,0,False,239,8,
n10-identities_c10-conc_mech-x509-1backend_valid-active_r30_audit-off_20260820T020511Z,obs_c3a9496495064b09a012533b96a86b1b,2026-08-20T02:05:12.909101+00:00,x509,valid_active,18,10,UAV-VALID,ACCEPTED,ACCEPTED,True,16791700,16.7917,46900,116300,16322800,0,209700,6800,0,0,,,,none,x509-valid_active_9,0,False,239,8,
n10-identities_c10-conc_mech-x509-1backend_valid-active_r30_audit-off_20260820T020511Z,obs_34de5cf9299e4cf695539439aa1e334b,2026-08-20T02:05:12.915170+00:00,x509,valid_active,20,10,UAV-VALID,ACCEPTED,ACCEPTED,True,18785900,18.7859,58200,102100,18255500,0,258500,9800,0,0,,,,none,x509-valid_active_8,0,False,239,8,
n10-identities_c10-conc_mech-x509-1backend_valid-active_r30_audit-off_20260820T020511Z,obs_daaa00e16127438089bea34e7b41edf1,2026-08-20T02:05:12.924164+00:00,x509,valid_active,21,10,UAV-VALID,ACCEPTED,ACCEPTED,True,25816600,25.8166,53000,118800,25345600,0,198400,6900,0,0,,,,none,x509-valid_active_2,0,False,238,8,
n10-identities_c10-conc_mech-x509-1backend_valid-active_r30_audit-off_20260820T020511Z,obs_81436e2b27fe490388333c33a1fb165f,2026-08-20T02:05:12.930151+00:00,x509,valid_active,23,10,UAV-VALID,ACCEPTED,ACCEPTED,True,17243500,17.2435,46200,107100,16764500,0,226000,6600,0,0,,,,none,x509-valid_active_3,0,False,239,8,
n10-identities_c10-conc_mech-x509-1backend_valid-active_r30_audit-off_20260820T020511Z,obs_1399cafde7b44f4c86d2bbd24fe6d096,2026-08-20T02:05:12.932560+00:00,x509,valid_active,25,10,UAV-VALID,ACCEPTED,ACCEPTED,True,14968900,14.9689,58900,105300,14465700,0,233300,6800,0,0,,,,none,x509-valid_active_1,0,False,239,8,
n10-identities_c10-conc_mech-x509-1backend_valid-active_r30_audit-off_20260820T020511Z,obs_1686fd6bcf784178aca0eff189c56af5,2026-08-20T02:05:12.934530+00:00,x509,valid_active,22,10,UAV-VALID,ACCEPTED,ACCEPTED,True,22583500,22.5835,52800,111000,22073400,0,231900,5200,0,0,,,,none,x509-valid_active_6,0,False,239,8,
n10-identities_c10-conc_mech-x509-1backend_valid-active_r30_audit-off_20260820T020511Z,obs_06ad111406e74c4b87343d139c7fa0a2,2026-08-20T02:05:12.935301+00:00,x509,valid_active,24,10,UAV-VALID,ACCEPTED,ACCEPTED,True,21552800,21.5528,68300,105600,21075400,0,220800,6200,0,0,,,,none,x509-valid_active_4,0,False,240,8,
n10-identities_c10-conc_mech-x509-1backend_valid-active_r30_audit-off_20260820T020511Z,obs_84ee15cd75184c8289bb4cced029a293,2026-08-20T02:05:12.936683+00:00,x509,valid_active,26,10,UAV-VALID,ACCEPTED,ACCEPTED,True,15428800,15.4288,53200,126500,14959100,0,190000,6700,0,0,,,,none,x509-valid_active_7,0,False,239,8,
n10-identities_c10-conc_mech-x509-1backend_valid-active_r30_audit-off_20260820T020511Z,obs_c600bd3438644fc989a3428d43f85874,2026-08-20T02:05:12.939105+00:00,x509,valid_active,27,10,UAV-VALID,ACCEPTED,ACCEPTED,True,7505100,7.5051,45200,137400,6916100,0,242300,8500,0,0,,,,none,x509-valid_active_0,0,False,238,8,
n10-identities_c10-conc_mech-x509-1backend_valid-active_r30_audit-off_20260820T020511Z,obs_592b1aa627124df0b9bc442a0689edf9,2026-08-20T02:05:12.941779+00:00,x509,valid_active,29,10,UAV-VALID,ACCEPTED,ACCEPTED,True,4676400,4.6764,54000,117200,4207600,0,200300,6900,0,0,,,,none,x509-valid_active_9,0,False,239,8,
n10-identities_c10-conc_mech-x509-1backend_valid-active_r30_audit-off_20260820T020511Z,obs_bf6db0cdaa184f1fa42dea6544b3138d,2026-08-20T02:05:12.942840+00:00,x509,valid_active,28,10,UAV-VALID,ACCEPTED,ACCEPTED,True,4832400,4.8324,141000,121100,4305800,0,237800,6500,0,0,,,,none,x509-valid_active_5,0,False,239,8,
n10-identities_c25-conc_mech-blockchain-1backend_valid-active_r30_audit-off_20260820T020522Z,obs_6e92d7302bc74925a5ff581f60449a75,2026-08-20T02:05:22.969772+00:00,blockchain,valid_active,0,25,UAV-VALID,ACCEPTED,INVALID_SIGNATURE,False,126518200,126.5182,64300,125942000,0,5600,327900,0,0,0,,,,none,blockchain-valid_active_2,0,False,240,17,
n10-identities_c25-conc_mech-blockchain-1backend_valid-active_r30_audit-off_20260820T020522Z,obs_6cb7203deffd4e7ebd2e28674bbf41cc,2026-08-20T02:05:23.157451+00:00,blockchain,valid_active,12,25,UAV-VALID,ACCEPTED,INVALID_SIGNATURE,False,160652900,160.6529,53800,160214900,0,3800,275600,0,0,0,,,,none,blockchain-valid_active_4,0,False,240,17,
n10-identities_c25-conc_mech-blockchain-1backend_valid-active_r30_audit-off_20260820T020522Z,obs_8b16bf70c1194d1586f16b94c5ca82ad,2026-08-20T02:05:23.162281+00:00,blockchain,valid_active,7,25,UAV-VALID,ACCEPTED,INVALID_SIGNATURE,False,230358800,230.3588,51200,229910300,0,5000,271300,0,0,0,,,,none,blockchain-valid_active_0,0,False,239,17,
n10-identities_c25-conc_mech-blockchain-1backend_valid-active_r30_audit-off_20260820T020522Z,obs_bf1d3ab33c1447faa36103b12dd0aff6,2026-08-20T02:05:22.907871+00:00,blockchain,valid_active,0,25,UAV-VALID,ACCEPTED,INVALID_SIGNATURE,False,77910100,77.9101,69800,77371900,0,5400,347800,0,0,0,,,,none,blockchain-valid_active_0,0,True,240,17,
n10-identities_c25-conc_mech-blockchain-1backend_valid-active_r30_audit-off_20260820T020522Z,obs_3b3979797dd74c28b9a9e0833f7943f6,2026-08-20T02:05:23.059027+00:00,blockchain,valid_active,1,25,UAV-VALID,ACCEPTED,INVALID_SIGNATURE,False,202456100,202.4561,65300,201579500,0,4900,325200,0,0,0,,,,none,blockchain-valid_active_3,0,False,238,17,
n10-identities_c25-conc_mech-blockchain-1backend_valid-active_r30_audit-off_20260820T020522Z,obs_ba7429ac8c0f4d70bb686198745bbb38,2026-08-20T02:05:23.169968+00:00,blockchain,valid_active,4,25,UAV-VALID,ACCEPTED,INVALID_SIGNATURE,False,233302400,233.3024,102200,232779900,0,4600,313800,0,0,0,,,,none,blockchain-valid_active_6,0,False,238,17,
n10-identities_c25-conc_mech-blockchain-1backend_valid-active_r30_audit-off_20260820T020522Z,obs_5cc33d84e8d04060a0b3d03118f65804,2026-08-20T02:05:23.166575+00:00,blockchain,valid_active,9,25,UAV-VALID,ACCEPTED,INVALID_SIGNATURE,False,178874800,178.8748,48200,178422900,0,3800,287500,0,0,0,,,,none,blockchain-valid_active_9,0,False,240,17,
n10-identities_c25-conc_mech-blockchain-1backend_valid-active_r30_audit-off_20260820T020522Z,obs_43c13122ef784bbd8d177bdb3c88d945,2026-08-20T02:05:22.961462+00:00,blockchain,valid_active,2,25,UAV-VALID,ACCEPTED,INVALID_SIGNATURE,False,93459600,93.4596,63000,92899800,0,5900,316100,0,0,0,,,,none,blockchain-valid_active_4,0,False,238,17,
n10-identities_c25-conc_mech-blockchain-1backend_valid-active_r30_audit-off_20260820T020522Z,obs_ee0decd3910b45859a30fa024273e51c,2026-08-20T02:05:23.175641+00:00,blockchain,valid_active,8,25,UAV-VALID,ACCEPTED,INVALID_SIGNATURE,False,232685600,232.6856,70800,232181900,0,4200,293500,0,0,0,,,,none,blockchain-valid_active_1,0,False,240,17,
n10-identities_c25-conc_mech-blockchain-1backend_valid-active_r30_audit-off_20260820T020522Z,obs_f08ffdf5c6634ee680796613f157d1ab,2026-08-20T02:05:23.116744+00:00,blockchain,valid_active,3,25,UAV-VALID,ACCEPTED,INVALID_SIGNATURE,False,229251000,229.251,61900,228836900,0,4900,255900,0,0,0,,,,none,blockchain-valid_active_5,0,False,238,17,
n10-identities_c25-conc_mech-blockchain-1backend_valid-active_r30_audit-off_20260820T020522Z,obs_300c0cd2ef884d02bd21c22f3a2cf8d2,2026-08-20T02:05:22.913568+00:00,blockchain,valid_active,1,25,UAV-VALID,ACCEPTED,INVALID_SIGNATURE,False,78947900,78.9479,44500,78469800,0,5100,287700,0,0,0,,,,none,blockchain-valid_active_1,0,True,239,17,
n10-identities_c25-conc_mech-blockchain-1backend_valid-active_r30_audit-off_20260820T020522Z,obs_1b89561cb65a46bea61daad307519b62,2026-08-20T02:05:23.040496+00:00,blockchain,valid_active,6,25,UAV-VALID,ACCEPTED,INVALID_SIGNATURE,False,139310200,139.3102,62800,137917700,0,4700,1116500,0,0,0,,,,none,blockchain-valid_active_8,0,False,240,17,
n10-identities_c25-conc_mech-blockchain-1backend_valid-active_r30_audit-off_20260820T020522Z,obs_6f6ddbf680f549c7a083691967b12386,2026-08-20T02:05:23.227770+00:00,blockchain,valid_active,14,25,UAV-VALID,ACCEPTED,INVALID_SIGNATURE,False,227910900,227.9109,49300,227382700,0,4900,269100,0,0,0,,,,none,blockchain-valid_active_12,0,False,239,17,
n10-identities_c25-conc_mech-blockchain-1backend_valid-active_r30_audit-off_20260820T020522Z,obs_3999cc3ed5b74a4e830cae3ace073312,2026-08-20T02:05:23.236169+00:00,blockchain,valid_active,5,25,UAV-VALID,ACCEPTED,INVALID_SIGNATURE,False,311169000,311.169,3586200,310552300,0,4900,349300,0,0,0,,,,none,blockchain-valid_active_7,0,False,239,17,
n10-identities_c25-conc_mech-blockchain-1backend_valid-active_r30_audit-off_20260820T020522Z,obs_855c969648f840ca87415c174dbe5886,2026-08-20T02:05:23.251099+00:00,blockchain,valid_active,13,25,UAV-VALID,ACCEPTED,INVALID_SIGNATURE,False,235369600,235.3696,60900,234752600,0,4800,410700,0,0,0,,,,none,blockchain-valid_active_2,0,False,239,17,
n10-identities_c25-conc_mech-blockchain-1backend_valid-active_r30_audit-off_20260820T020522Z,obs_38e7c9dc62704a218e9e51812f58ff80,2026-08-20T02:05:23.329301+00:00,blockchain,valid_active,19,25,UAV-VALID,ACCEPTED,INVALID_SIGNATURE,False,227276100,227.2761,74100,226545300,0,4600,484600,0,0,0,,,,none,blockchain-valid_active_3,0,False,240,17,
n10-identities_c25-conc_mech-blockchain-1backend_valid-active_r30_audit-off_20260820T020522Z,obs_4a6caad199e34355a0de91223ecad9d3,2026-08-20T02:05:23.333962+00:00,blockchain,valid_active,10,25,UAV-VALID,ACCEPTED,INVALID_SIGNATURE,False,330343500,330.3435,64200,329830400,0,5600,295200,0,0,0,,,,none,blockchain-valid_active_10,0,False,239,17,
n10-identities_c25-conc_mech-blockchain-1backend_valid-active_r30_audit-off_20260820T020522Z,obs_c062e331f7b4499fa17dd6dff7d9407f,2026-08-20T02:05:23.465708+00:00,blockchain,valid_active,15,25,UAV-VALID,ACCEPTED,INVALID_SIGNATURE,False,387486200,387.4862,70000,387034800,0,4500,271400,0,0,0,,,,none,blockchain-valid_active_13,0,False,239,17,
n10-identities_c25-conc_mech-blockchain-1backend_valid-active_r30_audit-off_20260820T020522Z,obs_edd015b3cd2c4b85b3d0a89bbdb6ef51,2026-08-20T02:05:23.467706+00:00,blockchain,valid_active,21,25,UAV-VALID,ACCEPTED,INVALID_SIGNATURE,False,312751600,312.7516,53800,312244200,0,5400,335600,0,0,0,,,,none,blockchain-valid_active_5,0,False,238,17,
n10-identities_c25-conc_mech-blockchain-1backend_valid-active_r30_audit-off_20260820T020522Z,obs_fb547515e24a4e928d005375db0ab1cf,2026-08-20T02:05:23.475249+00:00,blockchain,valid_active,22,25,UAV-VALID,ACCEPTED,INVALID_SIGNATURE,False,283233400,283.2334,53900,282756900,0,4300,309600,0,0,0,,,,none,blockchain-valid_active_4,0,False,238,17,
n10-identities_c25-conc_mech-blockchain-1backend_valid-active_r30_audit-off_20260820T020522Z,obs_ac38516fa279455e8bff3e6bcd57e50e,2026-08-20T02:05:23.483847+00:00,blockchain,valid_active,17,25,UAV-VALID,ACCEPTED,INVALID_SIGNATURE,False,357566000,357.566,45600,357094000,0,4600,299900,0,0,0,,,,none,blockchain-valid_active_8,0,False,239,17,
n10-identities_c25-conc_mech-blockchain-1backend_valid-active_r30_audit-off_20260820T020522Z,obs_57e2ac4eb08e4f66af26af048d496791,2026-08-20T02:05:23.492658+00:00,blockchain,valid_active,11,25,UAV-VALID,ACCEPTED,INVALID_SIGNATURE,False,473801800,473.8018,45700,473370800,0,5300,274600,0,0,0,,,,none,blockchain-valid_active_11,0,False,239,17,
n10-identities_c25-conc_mech-blockchain-1backend_valid-active_r30_audit-off_20260820T020522Z,obs_bd8c912fb33a4735b96b7a98dfb6efdb,2026-08-20T02:05:23.512309+00:00,blockchain,valid_active,26,25,UAV-VALID,ACCEPTED,INVALID_SIGNATURE,False,272441900,272.4419,57400,271986100,0,5100,277100,0,0,0,,,,none,blockchain-valid_active_1,0,False,238,17,
n10-identities_c25-conc_mech-blockchain-1backend_valid-active_r30_audit-off_20260820T020522Z,obs_8b75b771d2184ea59a7e18fea45f349f,2026-08-20T02:05:23.515428+00:00,blockchain,valid_active,23,25,UAV-VALID,ACCEPTED,INVALID_SIGNATURE,False,306367100,306.3671,45000,305276500,0,3800,538600,0,0,0,,,,none,blockchain-valid_active_0,0,False,239,17,
n10-identities_c25-conc_mech-blockchain-1backend_valid-active_r30_audit-off_20260820T020522Z,obs_706ad3599b4546d2a6091055ca97e862,2026-08-20T02:05:23.524085+00:00,blockchain,valid_active,24,25,UAV-VALID,ACCEPTED,INVALID_SIGNATURE,False,256624600,256.6246,58100,256028800,0,5900,408800,0,0,0,,,,none,blockchain-valid_active_9,0,False,239,17,
n10-identities_c25-conc_mech-blockchain-1backend_valid-active_r30_audit-off_20260820T020522Z,obs_d416826b13824e8f87d8729059b1093e,2026-08-20T02:05:23.547753+00:00,blockchain,valid_active,25,25,UAV-VALID,ACCEPTED,INVALID_SIGNATURE,False,289506000,289.506,55100,289050100,0,6400,281300,0,0,0,,,,none,blockchain-valid_active_6,0,False,239,17,
n10-identities_c25-conc_mech-blockchain-1backend_valid-active_r30_audit-off_20260820T020522Z,obs_25ef2cc8778d409f8ad07bc06ab0b221,2026-08-20T02:05:23.555499+00:00,blockchain,valid_active,20,25,UAV-VALID,ACCEPTED,INVALID_SIGNATURE,False,365328100,365.3281,68000,364869500,0,3900,276500,0,0,0,,,,none,blockchain-valid_active_16,0,False,239,17,
n10-identities_c25-conc_mech-blockchain-1backend_valid-active_r30_audit-off_20260820T020522Z,obs_42839082afd247e4a7b0b1ed38dccafe,2026-08-20T02:05:23.564206+00:00,blockchain,valid_active,16,25,UAV-VALID,ACCEPTED,INVALID_SIGNATURE,False,463756900,463.7569,79100,463230100,0,5500,287700,0,0,0,,,,none,blockchain-valid_active_14,0,False,240,17,
n10-identities_c25-conc_mech-blockchain-1backend_valid-active_r30_audit-off_20260820T020522Z,obs_31acc2104203430181a673b3f4cfb597,2026-08-20T02:05:23.566594+00:00,blockchain,valid_active,27,25,UAV-VALID,ACCEPTED,INVALID_SIGNATURE,False,272539000,272.539,55100,272019200,0,5300,298100,0,0,0,,,,none,blockchain-valid_active_17,0,False,239,17,
n10-identities_c25-conc_mech-blockchain-1backend_valid-active_r30_audit-off_20260820T020522Z,obs_d49f85ba0dbd416596cdd699201ff1b0,2026-08-20T02:05:23.571254+00:00,blockchain,valid_active,18,25,UAV-VALID,ACCEPTED,INVALID_SIGNATURE,False,369360100,369.3601,80800,368643200,0,4300,509500,0,0,0,,,,none,blockchain-valid_active_15,0,False,239,17,
n10-identities_c25-conc_mech-blockchain-1backend_valid-active_r30_audit-off_20260820T020522Z,obs_47cb9d2a183d449fa7283320cdcf3041,2026-08-20T02:05:23.584676+00:00,blockchain,valid_active,29,25,UAV-VALID,ACCEPTED,INVALID_SIGNATURE,False,99483100,99.4831,50800,98959400,0,5300,325300,0,0,0,,,,none,blockchain-valid_active_19,0,False,239,17,
n10-identities_c25-conc_mech-blockchain-1backend_valid-active_r30_audit-off_20260820T020522Z,obs_9346710c9aa743ea8888534b6c9bacc7,2026-08-20T02:05:23.588363+00:00,blockchain,valid_active,28,25,UAV-VALID,ACCEPTED,INVALID_SIGNATURE,False,278919400,278.9194,47700,278438600,0,8800,267400,0,0,0,,,,none,blockchain-valid_active_18,0,False,239,17,
n10-identities_c25-conc_mech-x509-1backend_valid-active_r30_audit-off_20260820T020519Z,obs_d0ac2a4d61844c26999029e5952eacb1,2026-08-20T02:05:20.171260+00:00,x509,valid_active,2,25,UAV-VALID,ACCEPTED,ACCEPTED,True,10132300,10.1323,51100,85600,9582000,0,296000,7500,0,0,,,,none,x509-valid_active_0,0,False,240,8,
n10-identities_c25-conc_mech-x509-1backend_valid-active_r30_audit-off_20260820T020519Z,obs_1d9dbf9368d046ef8efea6311dcfa591,2026-08-20T02:05:20.191892+00:00,x509,valid_active,4,25,UAV-VALID,ACCEPTED,ACCEPTED,True,16413100,16.4131,41900,120400,15836900,0,274300,10600,0,0,,,,none,x509-valid_active_3,0,False,239,8,
n10-identities_c25-conc_mech-x509-1backend_valid-active_r30_audit-off_20260820T020519Z,obs_760748c5097d4f31bc8fea94dacef643,2026-08-20T02:05:20.143604+00:00,x509,valid_active,0,25,UAV-VALID,ACCEPTED,ACCEPTED,True,2889200,2.8892,71000,170200,2379300,0,197400,6500,0,0,,,,none,x509-valid_active_0,0,True,239,8,
n10-identities_c25-conc_mech-x509-1backend_valid-active_r30_audit-off_20260820T020519Z,obs_9f50429610604ab89a0271eac81d2343,2026-08-20T02:05:20.238339+00:00,x509,valid_active,9,25,UAV-VALID,ACCEPTED,ACCEPTED,True,42464100,42.4641,65500,2886300,39182500,0,211800,5700,0,0,,,,none,x509-valid_active_0,0,False,239,8,
n10-identities_c25-conc_mech-x509-1backend_valid-active_r30_audit-off_20260820T020519Z,obs_f2572b583b7a411fa2984fc956c09ddf,2026-08-20T02:05:20.236651+00:00,x509,valid_active,8,25,UAV-VALID,ACCEPTED,ACCEPTED,True,34713000,34.713,53200,139500,34198800,0,220300,5400,0,0,,,,none,x509-valid_active_7,0,False,238,8,
n10-identities_c25-conc_mech-x509-1backend_valid-active_r30_audit-off_20260820T020519Z,obs_3e8d5849b2f043ad8a2ef3b5a48019f5,2026-08-20T02:05:20.147384+00:00,x509,valid_active,1,25,UAV-VALID,ACCEPTED,ACCEPTED,True,3247200,3.2472,43600,113000,2776700,0,217000,7200,0,0,,,,none,x509-valid_active_1,0,True,238,8,
n10-identities_c25-conc_mech-x509-1backend_valid-active_r30_audit-off_20260820T020519Z,obs_66d44c00b4764de99c40c11fa2548d96,2026-08-20T02:05:20.208770+00:00,x509,valid_active,5,25,UAV-VALID,ACCEPTED,ACCEPTED,True,24270900,24.2709,52500,166500,23580500,0,311000,7700,0,0,,,,none,x509-valid_active_4,0,False,238,8,
n10-identities_c25-conc_mech-x509-1backend_valid-active_r30_audit-off_20260820T020519Z,obs_4449958fc21242c889c1d44d16044cad,2026-08-20T02:05:20.221102+00:00,x509,valid_active,7,25,UAV-VALID,ACCEPTED,ACCEPTED,True,35457300,35.4573,42100,183600,34831700,0,247200,8000,0,0,,,,none,x509-valid_active_6,0,False,239,8,
n10-identities_c25-conc_mech-x509-1backend_valid-active_r30_audit-off_20260820T020519Z,obs_ab871897793e453fa103a8f3f6cc930c,2026-08-20T02:05:20.223555+00:00,x509,valid_active,6,25,UAV-VALID,ACCEPTED,ACCEPTED,True,33596600,33.5966,38500,172900,32980500,0,250000,8100,0,0,,,,none,x509-valid_active_5,0,False,240,8,
n10-identities_c25-conc_mech-x509-1backend_valid-active_r30_audit-off_20260820T020519Z,obs_f56679c6111f4525ac702d5327314926,2026-08-20T02:05:20.173858+00:00,x509,valid_active,3,25,UAV-VALID,ACCEPTED,ACCEPTED,True,11321100,11.3211,40900,107800,10826500,0,240800,5500,0,0,,,,none,x509-valid_active_2,0,False,239,8,
n10-identities_c25-conc_mech-x509-1backend_valid-active_r30_audit-off_20260820T020519Z,obs_4429c09a43a64b4c9048089b2c886361,2026-08-20T02:05:20.172343+00:00,x509,valid_active,1,25,UAV-VALID,ACCEPTED,ACCEPTED,True,12414800,12.4148,34300,123700,11923100,0,225000,6200,0,0,,,,none,x509-valid_active_1,0,False,239,8,
n10-identities_c25-conc_mech-x509-1backend_valid-active_r30_audit-off_20260820T020519Z,obs_3cea0aba93cf4dedba7a29bd90d00bcf,2026-08-20T02:05:20.235203+00:00,x509,valid_active,12,25,UAV-VALID,ACCEPTED,ACCEPTED,True,40526000,40.526,51200,82900,40076100,0,229800,6600,0,0,,,,none,x509-valid_active_2,0,False,239,8,
n10-identities_c25-conc_mech-x509-1backend_valid-active_r30_audit-off_20260820T020519Z,obs_b61665a02c594ae6b513ba259563904c,2026-08-20T02:05:20.154378+00:00,x509,valid_active,0,25,UAV-VALID,ACCEPTED,ACCEPTED,True,6492500,6.4925,46500,97400,1899400,0,4274300,16100,0,0,,,,none,x509-valid_active_0,0,False,239,8,
n10-identities_c25-conc_mech-x509-1backend_valid-active_r30_audit-off_20260820T020519Z,obs_38d929a6a0104cfcb07bdd9ab5898634,2026-08-20T02:05:20.244516+00:00,x509,valid_active,14,25,UAV-VALID,ACCEPTED,ACCEPTED,True,35109900,35.1099,45800,142200,34497000,0,279100,8200,0,0,,,,none,x509-valid_active_10,0,False,239,8,
n10-identities_c25-conc_mech-x509-1backend_valid-active_r30_audit-off_20260820T020519Z,obs_1ca0bcc4802f458bbefd9aff861e815e,2026-08-20T02:05:20.251430+00:00,x509,valid_active,13,25,UAV-VALID,ACCEPTED,ACCEPTED,True,36523800,36.5238,52700,146900,35977300,0,237500,7500,0,0,,,,none,x509-valid_active_9,0,False,239,8,
n10-identities_c25-conc_mech-x509-1backend_valid-active_r30_audit-off_20260820T020519Z,obs_497f3276354b4c8ea537e96ce6ba5c26,2026-08-20T02:05:20.262079+00:00,x509,valid_active,10,25,UAV-VALID,ACCEPTED,ACCEPTED,True,51124100,51.1241,47900,3407900,47229100,0,260200,12400,0,0,,,,none,x509-valid_active_1,0,False,240,8,
n10-identities_c25-conc_mech-x509-1backend_valid-active_r30_audit-off_20260820T020519Z,obs_09078db8cb5b4655b165b5f6e3bfd8f2,2026-08-20T02:05:20.262964+00:00,x509,valid_active,16,25,UAV-VALID,ACCEPTED,ACCEPTED,True,24251000,24.251,49600,115800,23756100,0,232000,7600,0,0,,,,none,x509-valid_active_3,0,False,240,8,
n10-identities_c25-conc_mech-x509-1backend_valid-active_r30_audit-off_20260820T020519Z,obs_5214aa66ba7c470c9c422b66a3f4134c,2026-08-20T02:05:20.266781+00:00,x509,valid_active,11,25,UAV-VALID,ACCEPTED,ACCEPTED,True,49453500,49.4535,39000,131400,48932400,0,226200,8300,0,0,,,,none,x509-valid_active_8,0,False,239,8,
n10-identities_c25-conc_mech-x509-1backend_valid-active_r30_audit-off_20260820T020519Z,obs_11d7eff61f1242c69dcd3c158a8cbe1d,2026-08-20T02:05:20.270480+00:00,x509,valid_active,19,25,UAV-VALID,ACCEPTED,ACCEPTED,True,19900700,19.9007,55100,116500,19404800,0,228200,4900,0,0,,,,none,x509-valid_active_14,0,False,239,8,
n10-identities_c25-conc_mech-x509-1backend_valid-active_r30_audit-off_20260820T020519Z,obs_c47d5409afb64b3c896ea297a760b0a6,2026-08-20T02:05:20.273221+00:00,x509,valid_active,15,25,UAV-VALID,ACCEPTED,ACCEPTED,True,38934600,38.9346,53900,123500,38477700,0,194800,7000,0,0,,,,none,x509-valid_active_11,0,False,240,8,
n10-identities_c25-conc_mech-x509-1backend_valid-active_r30_audit-off_20260820T020519Z,obs_280b768526414b64aa59a6b7c95ce170,2026-08-20T02:05:20.283810+00:00,x509,valid_active,23,25,UAV-VALID,ACCEPTED,ACCEPTED,True,24072200,24.0722,58100,140900,23562900,0,199700,6700,0,0,,,,none,x509-valid_active_6,0,False,240,8,
n10-identities_c25-conc_mech-x509-1backend_valid-active_r30_audit-off_20260820T020519Z,obs_faf7fe555f314a98853f585a4d536359,2026-08-20T02:05:20.284738+00:00,x509,valid_active,17,25,UAV-VALID,ACCEPTED,ACCEPTED,True,30840800,30.8408,83200,121500,30323100,0,244700,5500,0,0,,,,none,x509-valid_active_12,0,False,240,8,
n10-identities_c25-conc_mech-x509-1backend_valid-active_r30_audit-off_20260820T020519Z,obs_d6dfa5d7a64747cba79632ee0f6480b5,2026-08-20T02:05:20.286394+00:00,x509,valid_active,20,25,UAV-VALID,ACCEPTED,ACCEPTED,True,25634900,25.6349,58000,146200,25169900,0,184200,6100,0,0,,,,none,x509-valid_active_15,0,False,239,8,
n10-identities_c25-conc_mech-x509-1backend_valid-active_r30_audit-off_20260820T020519Z,obs_e5f890a2b39548d48530b567badf171f,2026-08-20T02:05:20.287156+00:00,x509,valid_active,18,25,UAV-VALID,ACCEPTED,ACCEPTED,True,34153000,34.153,45700,137000,33674600,0,206800,5200,0,0,,,,none,x509-valid_active_13,0,False,238,8,
n10-identities_c25-conc_mech-x509-1backend_valid-active_r30_audit-off_20260820T020519Z,obs_815b5dd8dbb944169b44afc604f603de,2026-08-20T02:05:20.296828+00:00,x509,valid_active,26,25,UAV-VALID,ACCEPTED,ACCEPTED,True,17314500,17.3145,44200,191700,16745300,0,190000,7000,0,0,,,,none,x509-valid_active_18,0,False,238,8,
n10-identities_c25-conc_mech-x509-1backend_valid-active_r30_audit-off_20260820T020519Z,obs_0326e6f1c33a4cb3ba48a0fc5dfce86e,2026-08-20T02:05:20.297540+00:00,x509,valid_active,28,25,UAV-VALID,ACCEPTED,ACCEPTED,True,25036700,25.0367,42200,82100,24601200,0,214900,5900,0,0,,,,none,x509-valid_active_2,0,False,239,8,
n10-identities_c25-conc_mech-x509-1backend_valid-active_r30_audit-off_20260820T020519Z,obs_87bf4017545640c58b00bc4fba0b5bbe,2026-08-20T02:05:20.298131+00:00,x509,valid_active,29,25,UAV-VALID,ACCEPTED,ACCEPTED,True,22439100,22.4391,52200,109200,21988700,0,198000,6200,0,0,,,,none,x509-valid_active_7,0,False,239,8,
n10-identities_c25-conc_mech-x509-1backend_valid-active_r30_audit-off_20260820T020519Z,obs_05e94488f5914afcb678615f5fe5ab55,2026-08-20T02:05:20.304763+00:00,x509,valid_active,21,25,UAV-VALID,ACCEPTED,ACCEPTED,True,49688100,49.6881,63600,114500,43185900,0,6056400,15700,0,0,,,,none,x509-valid_active_4,0,False,239,8,
n10-identities_c25-conc_mech-x509-1backend_valid-active_r30_audit-off_20260820T020519Z,obs_9f19106d08ec44889067cabbb7b9fe96,2026-08-20T02:05:20.305534+00:00,x509,valid_active,22,25,UAV-VALID,ACCEPTED,ACCEPTED,True,42011400,42.0114,41800,143400,41467200,0,232900,6600,0,0,,,,none,x509-valid_active_16,0,False,239,8,
n10-identities_c25-conc_mech-x509-1backend_valid-active_r30_audit-off_20260820T020519Z,obs_f39435e09bde420b8c29c3b3ba6317c4,2026-08-20T02:05:20.306945+00:00,x509,valid_active,27,25,UAV-VALID,ACCEPTED,ACCEPTED,True,35165700,35.1657,49300,106200,34735800,0,193100,5200,0,0,,,,none,x509-valid_active_19,0,False,238,8,
n10-identities_c25-conc_mech-x509-1backend_valid-active_r30_audit-off_20260820T020519Z,obs_4ad1f6b776194b1fa343b5d42363eaf9,2026-08-20T02:05:20.307767+00:00,x509,valid_active,25,25,UAV-VALID,ACCEPTED,ACCEPTED,True,36737200,36.7372,35400,100500,36288200,0,206400,5600,0,0,,,,none,x509-valid_active_5,0,False,238,8,
n10-identities_c25-conc_mech-x509-1backend_valid-active_r30_audit-off_20260820T020519Z,obs_339ee2dd17694005b3c75e218a7c45e8,2026-08-20T02:05:20.310059+00:00,x509,valid_active,24,25,UAV-VALID,ACCEPTED,ACCEPTED,True,24507700,24.5077,69100,168600,23948500,0,225900,7900,0,0,,,,none,x509-valid_active_17,0,False,240,8,
n10-identities_c5-conc_mech-blockchain-1backend_valid-active_r30_audit-off_20260820T020508Z,obs_b994dd6679374ad7ad56b77fd2ddd726,2026-08-20T02:05:09.881867+00:00,blockchain,valid_active,0,5,UAV-VALID,ACCEPTED,INVALID_SIGNATURE,False,66127400,66.1274,53100,65585100,0,6500,286800,0,0,0,,,,none,blockchain-valid_active_2,0,False,238,17,
n10-identities_c5-conc_mech-blockchain-1backend_valid-active_r30_audit-off_20260820T020508Z,obs_ec2cf7b6875f4a1395f6487fee5ff56a,2026-08-20T02:05:09.887508+00:00,blockchain,valid_active,1,5,UAV-VALID,ACCEPTED,INVALID_SIGNATURE,False,74465100,74.4651,45700,73938700,0,5100,333600,0,0,0,,,,none,blockchain-valid_active_1,0,True,239,17,
n10-identities_c5-conc_mech-blockchain-1backend_valid-active_r30_audit-off_20260820T020508Z,obs_29a1c48b8bff479cb7ea64bfd6cb6e70,2026-08-20T02:05:09.890674+00:00,blockchain,valid_active,1,5,UAV-VALID,ACCEPTED,INVALID_SIGNATURE,False,69337500,69.3375,60900,68931500,0,5200,251300,0,0,0,,,,none,blockchain-valid_active_3,0,False,238,17,
n10-identities_c5-conc_mech-blockchain-1backend_valid-active_r30_audit-off_20260820T020508Z,obs_dbbded80088847909a457bf18d68666f,2026-08-20T02:05:09.892914+00:00,blockchain,valid_active,0,5,UAV-VALID,ACCEPTED,INVALID_SIGNATURE,False,83203300,83.2033,36700,82904500,0,3700,190600,0,0,0,,,,none,blockchain-valid_active_0,0,True,239,17,
n10-identities_c5-conc_mech-blockchain-1backend_valid-active_r30_audit-off_20260820T020508Z,obs_2e64ae743a92467ea78d81ff0ad4582f,2026-08-20T02:05:09.914907+00:00,blockchain,valid_active,2,5,UAV-VALID,ACCEPTED,INVALID_SIGNATURE,False,86263900,86.2639,61900,85782800,0,5600,310700,0,0,0,,,,none,blockchain-valid_active_4,0,False,239,17,
n10-identities_c5-conc_mech-blockchain-1backend_valid-active_r30_audit-off_20260820T020508Z,obs_51b3cff93612478eae3c56e0f1217bac,2026-08-20T02:05:09.961925+00:00,blockchain,valid_active,3,5,UAV-VALID,ACCEPTED,INVALID_SIGNATURE,False,64411700,64.4117,56100,63962400,0,4600,282000,0,0,0,,,,none,blockchain-valid_active_2,0,False,240,17,
n10-identities_c5-conc_mech-blockchain-1backend_valid-active_r30_audit-off_20260820T020508Z,obs_1a16ff38c9ea4be9a5d6842fa2883f56,2026-08-20T02:05:09.981469+00:00,blockchain,valid_active,4,5,UAV-VALID,ACCEPTED,INVALID_SIGNATURE,False,76267900,76.2679,55700,75677100,0,4300,318700,0,0,0,,,,none,blockchain-valid_active_1,0,False,239,17,
n10-identities_c5-conc_mech-blockchain-1backend_valid-active_r30_audit-off_20260820T020508Z,obs_3eab80351fb14a6bb5dc12c91f9d9c0b,2026-08-20T02:05:09.989865+00:00,blockchain,valid_active,5,5,UAV-VALID,ACCEPTED,INVALID_SIGNATURE,False,90296900,90.2969,55900,89850900,0,5600,271400,0,0,0,,,,none,blockchain-valid_active_3,0,False,239,17,
n10-identities_c5-conc_mech-blockchain-1backend_valid-active_r30_audit-off_20260820T020508Z,obs_1092bb9d5a7c44598d176825bf590a07,2026-08-20T02:05:09.994819+00:00,blockchain,valid_active,7,5,UAV-VALID,ACCEPTED,INVALID_SIGNATURE,False,60559600,60.5596,63200,60089700,0,4000,251100,0,0,0,,,,none,blockchain-valid_active_4,0,False,239,17,
n10-identities_c5-conc_mech-blockchain-1backend_valid-active_r30_audit-off_20260820T020508Z,obs_2ad427b1442d470d94e9165dc4cc844b,2026-08-20T02:05:09.997411+00:00,blockchain,valid_active,6,5,UAV-VALID,ACCEPTED,INVALID_SIGNATURE,False,76088000,76.088,50700,75660400,0,3900,277600,0,0,0,,,,none,blockchain-valid_active_0,0,False,239,17,
n10-identities_c5-conc_mech-blockchain-1backend_valid-active_r30_audit-off_20260820T020508Z,obs_c82669fdb14e4b7abed47480a20f61e9,2026-08-20T02:05:10.089456+00:00,blockchain,valid_active,10,5,UAV-VALID,ACCEPTED,INVALID_SIGNATURE,False,86059300,86.0593,59600,85512500,0,6700,324200,0,0,0,,,,none,blockchain-valid_active_3,0,False,238,17,
n10-identities_c5-conc_mech-blockchain-1backend_valid-active_r30_audit-off_20260820T020508Z,obs_fa03c2413de445738100104dd1c01923,2026-08-20T02:05:10.093017+00:00,blockchain,valid_active,8,5,UAV-VALID,ACCEPTED,INVALID_SIGNATURE,False,119013000,119.013,80100,118512400,0,5700,320100,0,0,0,,,,none,blockchain-valid_active_2,0,False,239,17,
n10-identities_c5-conc_mech-blockchain-1backend_valid-active_r30_audit-off_20260820T020508Z,obs_ba35df84ab114e81bf3efa4d2211c2d5,2026-08-20T02:05:10.095765+00:00,blockchain,valid_active,11,5,UAV-VALID,ACCEPTED,INVALID_SIGNATURE,False,84589100,84.5891,70500,84099200,0,5200,279800,0,0,0,,,,none,blockchain-valid_active_4,0,False,240,17,
n10-identities_c5-conc_mech-blockchain-1backend_valid-active_r30_audit-off_20260820T020508Z,obs_d74a970868bc4a52bfa7bc3a8fb1c342,2026-08-20T02:05:10.098403+00:00,blockchain,valid_active,12,5,UAV-VALID,ACCEPTED,INVALID_SIGNATURE,False,82030300,82.0303,69200,81549900,0,5400,276800,0,0,0,,,,none,blockchain-valid_active_0,0,False,238,17,
n10-identities_c5-conc_mech-blockchain-1backend_valid-active_r30_audit-off_20260820T020508Z,obs_68c5c53aadfb4fb7a0c8b76612eb3239,2026-08-20T02:05:10.105068+00:00,blockchain,valid_active,9,5,UAV-VALID,ACCEPTED,INVALID_SIGNATURE,False,119316300,119.3163,57700,118925800,0,4100,243300,0,0,0,,,,none,blockchain-valid_active_1,0,False,240,17,
n10-identities_c5-conc_mech-blockchain-1backend_valid-active_r30_audit-off_20260820T020508Z,obs_8ec37172789a4335bd91ee4e756ed90f,2026-08-20T02:05:10.205742+00:00,blockchain,valid_active,14,5,UAV-VALID,ACCEPTED,INVALID_SIGNATURE,False,104044700,104.0447,59800,103551500,0,4800,307000,0,0,0,,,,none,blockchain-valid_active_2,0,False,240,17,
n10-identities_c5-conc_mech-blockchain-1backend_valid-active_r30_audit-off_20260820T020508Z,obs_6e4b1def4920434480466b418273737b,2026-08-20T02:05:10.208487+00:00,blockchain,valid_active,13,5,UAV-VALID,ACCEPTED,INVALID_SIGNATURE,False,105555700,105.5557,49300,105144500,0,4500,249500,0,0,0,,,,none,blockchain-valid_active_3,0,False,239,17,
n10-identities_c5-conc_mech-blockchain-1backend_valid-active_r30_audit-off_20260820T020508Z,obs_dfbbb7dbb7b341b389b0b8c37b8562cc,2026-08-20T02:05:10.240854+00:00,blockchain,valid_active,17,5,UAV-VALID,ACCEPTED,INVALID_SIGNATURE,False,115675200,115.6752,38400,115259600,0,5700,257600,0,0,0,,,,none,blockchain-valid_active_1,0,False,238,17,
n10-identities_c5-conc_mech-blockchain-1backend_valid-active_r30_audit-off_20260820T020508Z,obs_48899251a5b447bf9ad4cacfdab497de,2026-08-20T02:05:10.243752+00:00,blockchain,valid_active,15,5,UAV-VALID,ACCEPTED,INVALID_SIGNATURE,False,122402100,122.4021,347000,121894900,0,4800,301700,0,0,0,,,,none,blockchain-valid_active_4,0,False,239,17,
n10-identities_c5-conc_mech-blockchain-1backend_valid-active_r30_audit-off_20260820T020508Z,obs_25b091a0eb3e409a936d4f59b55021f1,2026-08-20T02:05:10.247311+00:00,blockchain,valid_active,16,5,UAV-VALID,ACCEPTED,INVALID_SIGNATURE,False,123268200,123.2682,51000,122787700,0,5600,301200,0,0,0,,,,none,blockchain-valid_active_0,0,False,238,17,
n10-identities_c5-conc_mech-blockchain-1backend_valid-active_r30_audit-off_20260820T020508Z,obs_24ed347ef2754be38540b7a8d29c16be,2026-08-20T02:05:10.359951+00:00,blockchain,valid_active,19,5,UAV-VALID,ACCEPTED,INVALID_SIGNATURE,False,141802500,141.8025,60500,141296100,0,5000,308800,0,0,0,,,,none,blockchain-valid_active_3,0,False,239,17,
n10-identities_c5-conc_mech-blockchain-1backend_valid-active_r30_audit-off_20260820T020508Z,obs_385b48e28fee41a2b69f01afef5b6f0c,2026-08-20T02:05:10.364209+00:00,blockchain,valid_active,18,5,UAV-VALID,ACCEPTED,INVALID_SIGNATURE,False,147220100,147.2201,68800,146773900,0,5000,283100,0,0,0,,,,none,blockchain-valid_active_2,0,False,239,17,
n10-identities_c5-conc_mech-blockchain-1backend_valid-active_r30_audit-off_20260820T020508Z,obs_736eee19b9e94367af70c43c73716549,2026-08-20T02:05:10.401578+00:00,blockchain,valid_active,21,5,UAV-VALID,ACCEPTED,INVALID_SIGNATURE,False,143324400,143.3244,71000,142840700,0,7500,282800,0,0,0,,,,none,blockchain-valid_active_4,0,False,240,17,
n10-identities_c5-conc_mech-blockchain-1backend_valid-active_r30_audit-off_20260820T020508Z,obs_b95f6fca1311409ca7641ab61e2c8a24,2026-08-20T02:05:10.419711+00:00,blockchain,valid_active,22,5,UAV-VALID,ACCEPTED,INVALID_SIGNATURE,False,150179900,150.1799,47900,149710300,0,4800,262400,0,0,0,,,,none,blockchain-valid_active_0,0,False,240,17,
n10-identities_c5-conc_mech-blockchain-1backend_valid-active_r30_audit-off_20260820T020508Z,obs_3828cfffb15142dda601d59333f3ad7e,2026-08-20T02:05:10.422895+00:00,blockchain,valid_active,20,5,UAV-VALID,ACCEPTED,INVALID_SIGNATURE,False,163170800,163.1708,62700,162672500,0,5200,294300,0,0,0,,,,none,blockchain-valid_active_1,0,False,238,17,
n10-identities_c5-conc_mech-blockchain-1backend_valid-active_r30_audit-off_20260820T020508Z,obs_37f140e573824572912a7ddafcb45fde,2026-08-20T02:05:10.456349+00:00,blockchain,valid_active,23,5,UAV-VALID,ACCEPTED,INVALID_SIGNATURE,False,85149600,85.1496,70600,84717800,0,4300,267200,0,0,0,,,,none,blockchain-valid_active_3,0,False,239,17,
n10-identities_c5-conc_mech-blockchain-1backend_valid-active_r30_audit-off_20260820T020508Z,obs_45ff252761f74f0487ab05cef72107dc,2026-08-20T02:05:10.458922+00:00,blockchain,valid_active,24,5,UAV-VALID,ACCEPTED,INVALID_SIGNATURE,False,85904400,85.9044,74900,85431300,0,4100,293300,0,0,0,,,,none,blockchain-valid_active_2,0,False,238,17,
n10-identities_c5-conc_mech-blockchain-1backend_valid-active_r30_audit-off_20260820T020508Z,obs_c6cf2708470d4836bf5769048804c608,2026-08-20T02:05:10.486578+00:00,blockchain,valid_active,25,5,UAV-VALID,ACCEPTED,INVALID_SIGNATURE,False,76181900,76.1819,79900,75662800,0,5100,284600,0,0,0,,,,none,blockchain-valid_active_4,0,False,238,17,
n10-identities_c5-conc_mech-blockchain-1backend_valid-active_r30_audit-off_20260820T020508Z,obs_133ff6c1b1304a77b024a18dee23884b,2026-08-20T02:05:10.515104+00:00,blockchain,valid_active,27,5,UAV-VALID,ACCEPTED,INVALID_SIGNATURE,False,81487000,81.487,65900,80993900,0,6200,289700,0,0,0,,,,none,blockchain-valid_active_1,0,False,239,17,
n10-identities_c5-conc_mech-blockchain-1backend_valid-active_r30_audit-off_20260820T020508Z,obs_5462cae371b84050bf2335d7c8b5b742,2026-08-20T02:05:10.519189+00:00,blockchain,valid_active,26,5,UAV-VALID,ACCEPTED,INVALID_SIGNATURE,False,88194000,88.194,48000,87627000,0,4800,312200,0,0,0,,,,none,blockchain-valid_active_0,0,False,239,17,
n10-identities_c5-conc_mech-blockchain-1backend_valid-active_r30_audit-off_20260820T020508Z,obs_2b3cebb3527547e292b03ff3f88f7fa8,2026-08-20T02:05:10.532237+00:00,blockchain,valid_active,28,5,UAV-VALID,ACCEPTED,INVALID_SIGNATURE,False,61259700,61.2597,53400,60772700,0,4900,291500,0,0,0,,,,none,blockchain-valid_active_3,0,False,239,17,
n10-identities_c5-conc_mech-blockchain-1backend_valid-active_r30_audit-off_20260820T020508Z,obs_83127537856640788edfdcd88a3a8104,2026-08-20T02:05:10.534821+00:00,blockchain,valid_active,29,5,UAV-VALID,ACCEPTED,INVALID_SIGNATURE,False,65320600,65.3206,57700,64823200,0,5200,292800,0,0,0,,,,none,blockchain-valid_active_2,0,False,239,17,
n10-identities_c5-conc_mech-x509-1backend_valid-active_r30_audit-off_20260820T020505Z,obs_37bbbc38b41140a89a7d558a200e3870,2026-08-20T02:05:06.632187+00:00,x509,valid_active,0,5,UAV-VALID,ACCEPTED,ACCEPTED,True,6333000,6.333,67900,143000,5173100,0,851000,9400,0,0,,,,none,x509-valid_active_0,0,True,239,8,
n10-identities_c5-conc_mech-x509-1backend_valid-active_r30_audit-off_20260820T020505Z,obs_3e2ca0a76e1d4631b5a07d0fc98e72eb,2026-08-20T02:05:06.650208+00:00,x509,valid_active,1,5,UAV-VALID,ACCEPTED,ACCEPTED,True,23326500,23.3265,57500,165800,22662700,0,314400,9300,0,0,,,,none,x509-valid_active_1,0,True,239,8,
n10-identities_c5-conc_mech-x509-1backend_valid-active_r30_audit-off_20260820T020505Z,obs_98cee27dfc0d49de9fff999d20f7c16a,2026-08-20T02:05:06.659793+00:00,x509,valid_active,0,5,UAV-VALID,ACCEPTED,ACCEPTED,True,29448900,29.4489,43300,112600,28873700,0,278000,11200,0,0,,,,none,x509-valid_active_2,0,False,239,8,
n10-identities_c5-conc_mech-x509-1backend_valid-active_r30_audit-off_20260820T020505Z,obs_79383143fb2c4fc9a504b0728ecc3718,2026-08-20T02:05:06.664678+00:00,x509,valid_active,1,5,UAV-VALID,ACCEPTED,ACCEPTED,True,7450300,7.4503,52700,139900,6884400,0,254800,6600,0,0,,,,none,x509-valid_active_3,0,False,238,8,
n10-identities_c5-conc_mech-x509-1backend_valid-active_r30_audit-off_20260820T020505Z,obs_1ea7b0fd2b6f427aa40a977e9c895b6b,2026-08-20T02:05:06.673605+00:00,x509,valid_active,3,5,UAV-VALID,ACCEPTED,ACCEPTED,True,10974900,10.9749,61500,122300,10468400,0,217200,8700,0,0,,,,none,x509-valid_active_0,0,False,239,8,
n10-identities_c5-conc_mech-x509-1backend_valid-active_r30_audit-off_20260820T020505Z,obs_fda08999a9124bfaaf2fe268121ef8f9,2026-08-20T02:05:06.675396+00:00,x509,valid_active,2,5,UAV-VALID,ACCEPTED,ACCEPTED,True,17314000,17.314,43500,121000,16823400,0,215700,8300,0,0,,,,none,x509-valid_active_4,0,False,240,8,
n10-identities_c5-conc_mech-x509-1backend_valid-active_r30_audit-off_20260820T020505Z,obs_b18e08e212954fa381705c1cda0279f4,2026-08-20T02:05:06.676528+00:00,x509,valid_active,4,5,UAV-VALID,ACCEPTED,ACCEPTED,True,11213000,11.213,61400,132400,10671100,0,250200,6900,0,0,,,,none,x509-valid_active_1,0,False,239,8,
n10-identities_c5-conc_mech-x509-1backend_valid-active_r30_audit-off_20260820T020505Z,obs_8865ef80db264bfc8e8f7c136a0d196a,2026-08-20T02:05:06.686280+00:00,x509,valid_active,5,5,UAV-VALID,ACCEPTED,ACCEPTED,True,7554600,7.5546,98700,122500,6974100,0,286700,7800,0,0,,,,none,x509-valid_active_2,0,False,240,8,
n10-identities_c5-conc_mech-x509-1backend_valid-active_r30_audit-off_20260820T020505Z,obs_c498fb25dadf4865aa202b145b872c93,2026-08-20T02:05:06.689116+00:00,x509,valid_active,7,5,UAV-VALID,ACCEPTED,ACCEPTED,True,7517900,7.5179,40600,87800,7036500,0,241200,7000,0,0,,,,none,x509-valid_active_0,0,False,239,8,
n10-identities_c5-conc_mech-x509-1backend_valid-active_r30_audit-off_20260820T020505Z,obs_0f670cc6b26547b0a3a31dea9d309b35,2026-08-20T02:05:06.694215+00:00,x509,valid_active,9,5,UAV-VALID,ACCEPTED,ACCEPTED,True,9447700,9.4477,46500,145100,8872700,0,242000,7300,0,0,,,,none,x509-valid_active_1,0,False,239,8,
n10-identities_c5-conc_mech-x509-1backend_valid-active_r30_audit-off_20260820T020505Z,obs_658f7c9e7d354bd3b2f122592042cc1d,2026-08-20T02:05:06.695722+00:00,x509,valid_active,8,5,UAV-VALID,ACCEPTED,ACCEPTED,True,8000700,8.0007,52500,99700,7503700,0,236300,7900,0,0,,,,none,x509-valid_active_4,0,False,239,8,
n10-identities_c5-conc_mech-x509-1backend_valid-active_r30_audit-off_20260820T020505Z,obs_eea11c459caa4b6da94092743f32f7cb,2026-08-20T02:05:06.697839+00:00,x509,valid_active,6,5,UAV-VALID,ACCEPTED,ACCEPTED,True,7927000,7.927,46100,110400,7383600,0,268600,5900,0,0,,,,none,x509-valid_active_3,0,False,238,8,
n10-identities_c5-conc_mech-x509-1backend_valid-active_r30_audit-off_20260820T020505Z,obs_62a46a828f364a98ace37a3a892e6fd5,2026-08-20T02:05:06.708970+00:00,x509,valid_active,11,5,UAV-VALID,ACCEPTED,ACCEPTED,True,5614500,5.6145,76600,112500,5031500,0,265600,8700,0,0,,,,none,x509-valid_active_0,0,False,239,8,
n10-identities_c5-conc_mech-x509-1backend_valid-active_r30_audit-off_20260820T020505Z,obs_4f059b5352b046e3abd0cca2a81a3a70,2026-08-20T02:05:06.712975+00:00,x509,valid_active,10,5,UAV-VALID,ACCEPTED,ACCEPTED,True,14373800,14.3738,39900,164000,13799400,0,239500,6900,0,0,,,,none,x509-valid_active_2,0,False,240,8,
n10-identities_c5-conc_mech-x509-1backend_valid-active_r30_audit-off_20260820T020505Z,obs_c47b9bdaa1e54fd3a1b73ba4591fa1e1,2026-08-20T02:05:06.713797+00:00,x509,valid_active,13,5,UAV-VALID,ACCEPTED,ACCEPTED,True,9893900,9.8939,69300,75800,9414300,0,266700,7100,0,0,,,,none,x509-valid_active_4,0,False,240,8,
n10-identities_c5-conc_mech-x509-1backend_valid-active_r30_audit-off_20260820T020505Z,obs_b80a713871f24cd6ae000ea8c5b1a68e,2026-08-20T02:05:06.714364+00:00,x509,valid_active,12,5,UAV-VALID,ACCEPTED,ACCEPTED,True,9878700,9.8787,49600,74700,9507300,0,184900,5100,0,0,,,,none,x509-valid_active_1,0,False,240,8,
n10-identities_c5-conc_mech-x509-1backend_valid-active_r30_audit-off_20260820T020505Z,obs_b9b173b553234b0692299a4f31b7e433,2026-08-20T02:05:06.728802+00:00,x509,valid_active,15,5,UAV-VALID,ACCEPTED,ACCEPTED,True,7892400,7.8924,37300,111800,7396500,0,243700,7800,0,0,,,,none,x509-valid_active_0,0,False,240,8,
n10-identities_c5-conc_mech-x509-1backend_valid-active_r30_audit-off_20260820T020505Z,obs_50969f856fd847c19e0cf94f1607537f,2026-08-20T02:05:06.736654+00:00,x509,valid_active,14,5,UAV-VALID,ACCEPTED,ACCEPTED,True,14623400,14.6234,54300,108600,9406000,0,1308700,13900,0,0,,,,none,x509-valid_active_3,0,False,240,8,
n10-identities_c5-conc_mech-x509-1backend_valid-active_r30_audit-off_20260820T020505Z,obs_07e06720e5124a8a9fb3586566e75fe0,2026-08-20T02:05:06.739851+00:00,x509,valid_active,16,5,UAV-VALID,ACCEPTED,ACCEPTED,True,13616100,13.6161,59700,116300,13072400,0,253700,7500,0,0,,,,none,x509-valid_active_2,0,False,238,8,
n10-identities_c5-conc_mech-x509-1backend_valid-active_r30_audit-off_20260820T020505Z,obs_df39899744c7401a822c221963cf4976,2026-08-20T02:05:06.741032+00:00,x509,valid_active,17,5,UAV-VALID,ACCEPTED,ACCEPTED,True,14062900,14.0629,61900,98600,13479600,0,240200,6500,0,0,,,,none,x509-valid_active_4,0,False,238,8,
n10-identities_c5-conc_mech-x509-1backend_valid-active_r30_audit-off_20260820T020505Z,obs_01674200216d453e9e295cc2e3aee97a,2026-08-20T02:05:06.744848+00:00,x509,valid_active,18,5,UAV-VALID,ACCEPTED,ACCEPTED,True,15358800,15.3588,62400,93100,14703800,0,334600,8600,0,0,,,,none,x509-valid_active_1,0,False,240,8,
n10-identities_c5-conc_mech-x509-1backend_valid-active_r30_audit-off_20260820T020505Z,obs_96f76f35d31643a58a5c2b2c560147cb,2026-08-20T02:05:06.761418+00:00,x509,valid_active,19,5,UAV-VALID,ACCEPTED,ACCEPTED,True,15617200,15.6172,58800,118300,15108200,0,241100,7700,0,0,,,,none,x509-valid_active_0,0,False,239,8,
n10-identities_c5-conc_mech-x509-1backend_valid-active_r30_audit-off_20260820T020505Z,obs_d0e9cdbeec084a1381d6aa1b834631fb,2026-08-20T02:05:06.764515+00:00,x509,valid_active,20,5,UAV-VALID,ACCEPTED,ACCEPTED,True,16955000,16.955,45300,163700,16333000,0,296000,10100,0,0,,,,none,x509-valid_active_3,0,False,239,8,
n10-identities_c5-conc_mech-x509-1backend_valid-active_r30_audit-off_20260820T020505Z,obs_304fd1a7164b4b41840ae68b2e3820cc,2026-08-20T02:05:06.770282+00:00,x509,valid_active,21,5,UAV-VALID,ACCEPTED,ACCEPTED,True,14399300,14.3993,63100,317000,13643500,0,234600,6400,0,0,,,,none,x509-valid_active_2,0,False,239,8,
n10-identities_c5-conc_mech-x509-1backend_valid-active_r30_audit-off_20260820T020505Z,obs_82cc19d6cfb1492ab8c9147c47e1775c,2026-08-20T02:05:06.772023+00:00,x509,valid_active,22,5,UAV-VALID,ACCEPTED,ACCEPTED,True,9070000,9.07,68100,144800,8502100,0,256300,8000,0,0,,,,none,x509-valid_active_4,0,False,238,8,
n10-identities_c5-conc_mech-x509-1backend_valid-active_r30_audit-off_20260820T020505Z,obs_846d05fd9cee4ab89e009880dc948ab2,2026-08-20T02:05:06.775792+00:00,x509,valid_active,23,5,UAV-VALID,ACCEPTED,ACCEPTED,True,12185000,12.185,53000,84900,11692200,0,248300,7500,0,0,,,,none,x509-valid_active_1,0,False,240,8,
n10-identities_c5-conc_mech-x509-1backend_valid-active_r30_audit-off_20260820T020505Z,obs_eba65fd0c9d34bb99302a7daba201c39,2026-08-20T02:05:06.782264+00:00,x509,valid_active,24,5,UAV-VALID,ACCEPTED,ACCEPTED,True,7598600,7.5986,61100,160100,7090400,0,209600,6400,0,0,,,,none,x509-valid_active_0,0,False,239,8,
n10-identities_c5-conc_mech-x509-1backend_valid-active_r30_audit-off_20260820T020505Z,obs_aa8303e2291a4f5eb58df0f72a9a375f,2026-08-20T02:05:06.791066+00:00,x509,valid_active,28,5,UAV-VALID,ACCEPTED,ACCEPTED,True,6806100,6.8061,41800,110200,6313700,0,234000,8800,0,0,,,,none,x509-valid_active_1,0,False,240,8,
n10-identities_c5-conc_mech-x509-1backend_valid-active_r30_audit-off_20260820T020505Z,obs_5a4ffe47555a4e27b0b589e4ecd67c77,2026-08-20T02:05:06.791693+00:00,x509,valid_active,25,5,UAV-VALID,ACCEPTED,ACCEPTED,True,8846500,8.8465,57300,108700,8368300,0,204600,5300,0,0,,,,none,x509-valid_active_3,0,False,239,8,
n10-identities_c5-conc_mech-x509-1backend_valid-active_r30_audit-off_20260820T020505Z,obs_8ae391d39059409499e6606ffa5a9e23,2026-08-20T02:05:06.807635+00:00,x509,valid_active,27,5,UAV-VALID,ACCEPTED,ACCEPTED,True,26659800,26.6598,39200,86700,26164000,0,237700,9300,0,0,,,,none,x509-valid_active_4,0,False,238,8,
n10-identities_c5-conc_mech-x509-1backend_valid-active_r30_audit-off_20260820T020505Z,obs_bcd3c466ebb24e2b9871a6a2bf7dd79e,2026-08-20T02:05:06.810130+00:00,x509,valid_active,29,5,UAV-VALID,ACCEPTED,ACCEPTED,True,17872500,17.8725,44900,92000,17451000,0,196600,5300,0,0,,,,none,x509-valid_active_0,0,False,239,8,
n10-identities_c5-conc_mech-x509-1backend_valid-active_r30_audit-off_20260820T020505Z,obs_b16f22c98c4445dc87059de06c2a1e46,2026-08-20T02:05:06.814727+00:00,x509,valid_active,26,5,UAV-VALID,ACCEPTED,ACCEPTED,True,26295300,26.2953,58000,107900,25608200,0,347800,13200,0,0,,,,none,x509-valid_active_2,0,False,240,8,
n10-identities_c50-conc_mech-blockchain-1backend_valid-active_r30_audit-off_20260820T020530Z,obs_3ca7d4d7111e4b34ad31ad38079e8a3b,2026-08-20T02:05:34.813251+00:00,blockchain,valid_active,1,50,UAV-VALID,ACCEPTED,INVALID_SIGNATURE,False,647617900,647.6179,75900,645765700,0,5100,1663500,0,0,0,,,,none,blockchain-valid_active_1,0,True,239,17,
n10-identities_c50-conc_mech-blockchain-1backend_valid-active_r30_audit-off_20260820T020530Z,obs_0ce6ebf2f9174f4eac98b9ca25cac381,2026-08-20T02:05:35.034669+00:00,blockchain,valid_active,6,50,UAV-VALID,ACCEPTED,INVALID_SIGNATURE,False,445099900,445.0999,70300,444600600,0,4800,320000,0,0,0,,,,none,blockchain-valid_active_2,0,False,240,17,
n10-identities_c50-conc_mech-blockchain-1backend_valid-active_r30_audit-off_20260820T020530Z,obs_7bbe14f903ff439b95fa4fa0add72188,2026-08-20T02:05:34.884753+00:00,blockchain,valid_active,4,50,UAV-VALID,ACCEPTED,INVALID_SIGNATURE,False,516381100,516.3811,59800,515036100,0,5600,1159800,0,0,0,,,,none,blockchain-valid_active_6,0,False,238,17,
n10-identities_c50-conc_mech-blockchain-1backend_valid-active_r30_audit-off_20260820T020530Z,obs_37d884c689ca42ffb5ee2a3503089f5f,2026-08-20T02:05:34.432146+00:00,blockchain,valid_active,0,50,UAV-VALID,ACCEPTED,INVALID_SIGNATURE,False,247818200,247.8182,67700,247284400,0,6100,315600,0,0,0,,,,none,blockchain-valid_active_2,0,False,240,17,
n10-identities_c50-conc_mech-blockchain-1backend_valid-active_r30_audit-off_20260820T020530Z,obs_f36e6e6edd644b4ab72af26a9eeea1e9,2026-08-20T02:05:34.801222+00:00,blockchain,valid_active,1,50,UAV-VALID,ACCEPTED,INVALID_SIGNATURE,False,606753500,606.7535,69100,606240100,0,5000,336600,0,0,0,,,,none,blockchain-valid_active_3,0,False,239,17,
n10-identities_c50-conc_mech-blockchain-1backend_valid-active_r30_audit-off_20260820T020530Z,obs_e718628a355a4aefb28ff2b5e72c1b4f,2026-08-20T02:05:34.621797+00:00,blockchain,valid_active,0,50,UAV-VALID,ACCEPTED,INVALID_SIGNATURE,False,526347300,526.3473,65100,515740100,0,17700,275900,0,0,0,,,,none,blockchain-valid_active_0,0,True,239,17,
n10-identities_c50-conc_mech-blockchain-1backend_valid-active_r30_audit-off_20260820T020530Z,obs_965c7e36f4c54f128e96bb27bd544222,2026-08-20T02:05:34.948767+00:00,blockchain,valid_active,5,50,UAV-VALID,ACCEPTED,INVALID_SIGNATURE,False,462122100,462.1221,53900,459379200,0,8700,356300,0,0,0,,,,none,blockchain-valid_active_7,0,False,239,17,
n10-identities_c50-conc_mech-blockchain-1backend_valid-active_r30_audit-off_20260820T020530Z,obs_f5dce1b534cb4f50ad0599a1890ce5ef,2026-08-20T02:05:35.104820+00:00,blockchain,valid_active,3,50,UAV-VALID,ACCEPTED,INVALID_SIGNATURE,False,655296300,655.2963,119000,654691600,0,5000,279600,0,0,0,,,,none,blockchain-valid_active_5,0,False,239,17,
n10-identities_c50-conc_mech-blockchain-1backend_valid-active_r30_audit-off_20260820T020530Z,obs_8b4851f979f04dd3b8447d77e5b2a781,2026-08-20T02:05:35.118263+00:00,blockchain,valid_active,2,50,UAV-VALID,ACCEPTED,INVALID_SIGNATURE,False,652854600,652.8546,54700,652356200,0,6700,309900,0,0,0,,,,none,blockchain-valid_active_4,0,False,240,17,
n10-identities_c50-conc_mech-blockchain-1backend_valid-active_r30_audit-off_20260820T020530Z,obs_54e34248059f4df6b2a197bd54f9dce8,2026-08-20T02:05:35.200651+00:00,blockchain,valid_active,10,50,UAV-VALID,ACCEPTED,INVALID_SIGNATURE,False,529388500,529.3885,72500,526730000,0,6500,303300,0,0,0,,,,none,blockchain-valid_active_11,0,False,240,17,
n10-identities_c50-conc_mech-blockchain-1backend_valid-active_r30_audit-off_20260820T020530Z,obs_cc545c51353945bbbb4d2d8035c453c5,2026-08-20T02:05:35.309119+00:00,blockchain,valid_active,9,50,UAV-VALID,ACCEPTED,INVALID_SIGNATURE,False,549384100,549.3841,67700,548098000,0,5900,708800,0,0,0,,,,none,blockchain-valid_active_10,0,False,238,17,
n10-identities_c50-conc_mech-blockchain-1backend_valid-active_r30_audit-off_20260820T020530Z,obs_d5ea1cc1cd6b44d18f704006aa7befd7,2026-08-20T02:05:35.353885+00:00,blockchain,valid_active,7,50,UAV-VALID,ACCEPTED,INVALID_SIGNATURE,False,630924600,630.9246,63900,630279200,0,4900,319200,0,0,0,,,,none,blockchain-valid_active_8,0,False,240,17,
n10-identities_c50-conc_mech-blockchain-1backend_valid-active_r30_audit-off_20260820T020530Z,obs_b4598e0aed2d4af2b561cb5b196f547e,2026-08-20T02:05:35.362501+00:00,blockchain,valid_active,16,50,UAV-VALID,ACCEPTED,INVALID_SIGNATURE,False,512003100,512.0031,52600,510865000,0,4300,312400,0,0,0,,,,none,blockchain-valid_active_3,0,False,240,17,
n10-identities_c50-conc_mech-blockchain-1backend_valid-active_r30_audit-off_20260820T020530Z,obs_b265aa0f0d954dd1a1461c7a711211d1,2026-08-20T02:05:35.386560+00:00,blockchain,valid_active,14,50,UAV-VALID,ACCEPTED,INVALID_SIGNATURE,False,540952900,540.9529,1310200,540516600,0,4900,252900,0,0,0,,,,none,blockchain-valid_active_14,0,False,239,17,
n10-identities_c50-conc_mech-blockchain-1backend_valid-active_r30_audit-off_20260820T020530Z,obs_83e47eb4136f4d019359d03d2f80d7c2,2026-08-20T02:05:35.430818+00:00,blockchain,valid_active,8,50,UAV-VALID,ACCEPTED,INVALID_SIGNATURE,False,626019400,626.0194,79400,625540400,0,4700,310200,0,0,0,,,,none,blockchain-valid_active_9,0,False,238,17,
n10-identities_c50-conc_mech-blockchain-1backend_valid-active_r30_audit-off_20260820T020530Z,obs_8ab5f18d233344a6a21c5ac3f89bc844,2026-08-20T02:05:35.462179+00:00,blockchain,valid_active,15,50,UAV-VALID,ACCEPTED,INVALID_SIGNATURE,False,486988500,486.9885,700700,486326400,0,4500,305300,0,0,0,,,,none,blockchain-valid_active_15,0,False,239,17,
n10-identities_c50-conc_mech-blockchain-1backend_valid-active_r30_audit-off_20260820T020530Z,obs_ab71caf93ba24970892d76ce6a744ffd,2026-08-20T02:05:35.476200+00:00,blockchain,valid_active,13,50,UAV-VALID,ACCEPTED,INVALID_SIGNATURE,False,599497900,599.4979,52200,599041200,0,6200,275500,0,0,0,,,,none,blockchain-valid_active_13,0,False,239,17,
n10-identities_c50-conc_mech-blockchain-1backend_valid-active_r30_audit-off_20260820T020530Z,obs_8fdd4d041429491c825b193ac5250076,2026-08-20T02:05:35.486997+00:00,blockchain,valid_active,21,50,UAV-VALID,ACCEPTED,INVALID_SIGNATURE,False,487632800,487.6328,54600,486981400,0,6300,426400,0,0,0,,,,none,blockchain-valid_active_19,0,False,240,17,
n10-identities_c50-conc_mech-blockchain-1backend_valid-active_r30_audit-off_20260820T020530Z,obs_ec10d75b9bab4017a86ce36bfe330795,2026-08-20T02:05:35.493642+00:00,blockchain,valid_active,22,50,UAV-VALID,ACCEPTED,INVALID_SIGNATURE,False,502647400,502.6474,61600,502016300,0,6100,318200,0,0,0,,,,none,blockchain-valid_active_6,0,False,239,17,
n10-identities_c50-conc_mech-blockchain-1backend_valid-active_r30_audit-off_20260820T020530Z,obs_27a0e55ad1b94b1aa6e72c1eac7f366f,2026-08-20T02:05:35.509032+00:00,blockchain,valid_active,25,50,UAV-VALID,ACCEPTED,INVALID_SIGNATURE,False,403115500,403.1155,66600,402655800,0,4400,259400,0,0,0,,,,none,blockchain-valid_active_22,0,False,239,17,
n10-identities_c50-conc_mech-blockchain-1backend_valid-active_r30_audit-off_20260820T020530Z,obs_c1a3f3abd7fd48c281a042af252129e3,2026-08-20T02:05:35.529981+00:00,blockchain,valid_active,20,50,UAV-VALID,ACCEPTED,INVALID_SIGNATURE,False,561776800,561.7768,48000,558048700,0,7400,255600,0,0,0,,,,none,blockchain-valid_active_18,0,False,238,17,
n10-identities_c50-conc_mech-blockchain-1backend_valid-active_r30_audit-off_20260820T020530Z,obs_abf16fefdf664e80b5a2da75291139f0,2026-08-20T02:05:35.536916+00:00,blockchain,valid_active,11,50,UAV-VALID,ACCEPTED,INVALID_SIGNATURE,False,621273900,621.2739,71200,620762200,0,5600,301400,0,0,0,,,,none,blockchain-valid_active_12,0,False,239,17,
n10-identities_c50-conc_mech-blockchain-1backend_valid-active_r30_audit-off_20260820T020530Z,obs_3d366b697cdf447dae30e97e72c9aa61,2026-08-20T02:05:35.540548+00:00,blockchain,valid_active,19,50,UAV-VALID,ACCEPTED,INVALID_SIGNATURE,False,496013200,496.0132,66300,495308900,0,6300,518100,0,0,0,,,,none,blockchain-valid_active_17,0,False,239,17,
n10-identities_c50-conc_mech-blockchain-1backend_valid-active_r30_audit-off_20260820T020530Z,obs_8079f1b5d2b9434a9fba37d2cf42605f,2026-08-20T02:05:35.571021+00:00,blockchain,valid_active,12,50,UAV-VALID,ACCEPTED,INVALID_SIGNATURE,False,689562600,689.5626,76700,689095600,0,5600,273600,0,0,0,,,,none,blockchain-valid_active_0,0,False,239,17,
n10-identities_c50-conc_mech-blockchain-1backend_valid-active_r30_audit-off_20260820T020530Z,obs_456e90f009734e4ba34657b2d973bfda,2026-08-20T02:05:35.594255+00:00,blockchain,valid_active,26,50,UAV-VALID,ACCEPTED,INVALID_SIGNATURE,False,363322300,363.3223,54300,358381800,0,5300,4664500,0,0,0,,,,none,blockchain-valid_active_7,0,False,239,17,
n10-identities_c50-conc_mech-blockchain-1backend_valid-active_r30_audit-off_20260820T020530Z,obs_188e6586358e4c9697e0edf35290efcc,2026-08-20T02:05:35.601802+00:00,blockchain,valid_active,18,50,UAV-VALID,ACCEPTED,INVALID_SIGNATURE,False,588674900,588.6749,57600,588222000,0,4400,260000,0,0,0,,,,none,blockchain-valid_active_1,0,False,240,17,
n10-identities_c50-conc_mech-blockchain-1backend_valid-active_r30_audit-off_20260820T020530Z,obs_5a9b1dc2fe244b3fada77896513abedd,2026-08-20T02:05:35.616880+00:00,blockchain,valid_active,27,50,UAV-VALID,ACCEPTED,INVALID_SIGNATURE,False,349069900,349.0699,56000,348596800,0,5800,284500,0,0,0,,,,none,blockchain-valid_active_23,0,False,239,17,
n10-identities_c50-conc_mech-blockchain-1backend_valid-active_r30_audit-off_20260820T020530Z,obs_4fd734a7df564ed286a094f448d7b0c3,2026-08-20T02:05:35.632404+00:00,blockchain,valid_active,17,50,UAV-VALID,ACCEPTED,INVALID_SIGNATURE,False,437178500,437.1785,59900,436052400,0,5000,303900,0,0,0,,,,none,blockchain-valid_active_16,0,False,239,17,
n10-identities_c50-conc_mech-blockchain-1backend_valid-active_r30_audit-off_20260820T020530Z,obs_f1275d476e1543db9eb934eec8583782,2026-08-20T02:05:35.641018+00:00,blockchain,valid_active,28,50,UAV-VALID,ACCEPTED,INVALID_SIGNATURE,False,354706100,354.7061,66700,353548800,0,3800,857100,0,0,0,,,,none,blockchain-valid_active_24,0,False,239,17,
n10-identities_c50-conc_mech-blockchain-1backend_valid-active_r30_audit-off_20260820T020530Z,obs_f3dea784983e465ea62753cde72defa9,2026-08-20T02:05:35.653548+00:00,blockchain,valid_active,24,50,UAV-VALID,ACCEPTED,INVALID_SIGNATURE,False,441585600,441.5856,854000,441120000,0,4300,275400,0,0,0,,,,none,blockchain-valid_active_21,0,False,240,17,
n10-identities_c50-conc_mech-blockchain-1backend_valid-active_r30_audit-off_20260820T020530Z,obs_607edd3c3ca440d8bfbb9066c4163770,2026-08-20T02:05:35.661947+00:00,blockchain,valid_active,23,50,UAV-VALID,ACCEPTED,INVALID_SIGNATURE,False,482067900,482.0679,8400300,481554200,0,6900,291500,0,0,0,,,,none,blockchain-valid_active_20,0,False,238,17,
n10-identities_c50-conc_mech-blockchain-1backend_valid-active_r30_audit-off_20260820T020530Z,obs_c6b5e3ca4b0c4d75a79fbc7621fefdf1,2026-08-20T02:05:35.671247+00:00,blockchain,valid_active,29,50,UAV-VALID,ACCEPTED,INVALID_SIGNATURE,False,263131500,263.1315,57300,262602900,0,5800,289800,0,0,0,,,,none,blockchain-valid_active_25,0,False,240,17,
n10-identities_c50-conc_mech-x509-1backend_valid-active_r30_audit-off_20260820T020525Z,obs_2d89be8d2066406998054e0c954a59f0,2026-08-20T02:05:26.057420+00:00,x509,valid_active,26,50,UAV-VALID,ACCEPTED,ACCEPTED,True,8443700,8.4437,40400,75500,8040700,0,195600,6700,0,0,,,,none,x509-valid_active_0,0,False,239,8,
n10-identities_c50-conc_mech-x509-1backend_valid-active_r30_audit-off_20260820T020525Z,obs_0ffafbc7de364bcf9a3130c4ffacd840,2026-08-20T02:05:26.063471+00:00,x509,valid_active,27,50,UAV-VALID,ACCEPTED,ACCEPTED,True,13289300,13.2893,41000,86900,12751300,0,296000,7700,0,0,,,,none,x509-valid_active_5,0,False,238,8,
n10-identities_c50-conc_mech-x509-1backend_valid-active_r30_audit-off_20260820T020525Z,obs_2546e454c53e4fa59c0f27c64ef0ec5d,2026-08-20T02:05:26.023464+00:00,x509,valid_active,20,50,UAV-VALID,ACCEPTED,ACCEPTED,True,3241400,3.2414,41500,100000,2665900,0,345300,8200,0,0,,,,none,x509-valid_active_5,0,False,238,8,
n10-identities_c50-conc_mech-x509-1backend_valid-active_r30_audit-off_20260820T020525Z,obs_26279a710aa04ab680ac44dd9b08c9f2,2026-08-20T02:05:26.005746+00:00,x509,valid_active,19,50,UAV-VALID,ACCEPTED,ACCEPTED,True,5504500,5.5045,54600,144400,5044900,0,179600,5500,0,0,,,,none,x509-valid_active_0,0,False,239,8,
n10-identities_c50-conc_mech-x509-1backend_valid-active_r30_audit-off_20260820T020525Z,obs_64163a5e6e2f4dc792e91a1a87b53d41,2026-08-20T02:05:25.884291+00:00,x509,valid_active,2,50,UAV-VALID,ACCEPTED,ACCEPTED,True,5154300,5.1543,40600,144500,4636800,0,221300,6900,0,0,,,,none,x509-valid_active_2,0,False,239,8,
n10-identities_c50-conc_mech-x509-1backend_valid-active_r30_audit-off_20260820T020525Z,obs_cb22de01ec464ce5b5cd4d29d735df6b,2026-08-20T02:05:26.064359+00:00,x509,valid_active,24,50,UAV-VALID,ACCEPTED,ACCEPTED,True,14847200,14.8472,56200,87000,14198300,0,247400,6200,0,0,,,,none,x509-valid_active_2,0,False,240,8,
n10-identities_c50-conc_mech-x509-1backend_valid-active_r30_audit-off_20260820T020525Z,obs_bf1048ca27fb4981a5ba15a0693f4e61,2026-08-20T02:05:25.967911+00:00,x509,valid_active,11,50,UAV-VALID,ACCEPTED,ACCEPTED,True,7690000,7.69,27800,106000,7230000,0,205900,7100,0,0,,,,none,x509-valid_active_1,0,False,239,8,
n10-identities_c50-conc_mech-x509-1backend_valid-active_r30_audit-off_20260820T020525Z,obs_a8edb811bdab4232b7f2a8049ef93bf1,2026-08-20T02:05:26.055217+00:00,x509,valid_active,22,50,UAV-VALID,ACCEPTED,ACCEPTED,True,7078500,7.0785,49000,138400,6597000,0,209800,5700,0,0,,,,none,x509-valid_active_3,0,False,240,8,
n10-identities_c50-conc_mech-x509-1backend_valid-active_r30_audit-off_20260820T020525Z,obs_ab4e04fd02c0418d8bd34c055a5002d8,2026-08-20T02:05:25.962996+00:00,x509,valid_active,13,50,UAV-VALID,ACCEPTED,ACCEPTED,True,7021100,7.0211,38400,101800,6536200,0,228000,9500,0,0,,,,none,x509-valid_active_4,0,False,239,8,
n10-identities_c50-conc_mech-x509-1backend_valid-active_r30_audit-off_20260820T020525Z,obs_e1836aed8b3d46c5b830eea30b8d4db2,2026-08-20T02:05:25.918166+00:00,x509,valid_active,7,50,UAV-VALID,ACCEPTED,ACCEPTED,True,6137100,6.1371,63200,156200,5598800,0,212900,6300,0,0,,,,none,x509-valid_active_3,0,False,240,8,
n10-identities_c50-conc_mech-x509-1backend_valid-active_r30_audit-off_20260820T020525Z,obs_6654b26e13094e0c99155107cc9526f7,2026-08-20T02:05:25.967311+00:00,x509,valid_active,10,50,UAV-VALID,ACCEPTED,ACCEPTED,True,5363100,5.3631,39500,146300,4804900,0,240800,7500,0,0,,,,none,x509-valid_active_2,0,False,240,8,
n10-identities_c50-conc_mech-x509-1backend_valid-active_r30_audit-off_20260820T020525Z,obs_89076e5896b048bb9c4212052343aab1,2026-08-20T02:05:26.021855+00:00,x509,valid_active,21,50,UAV-VALID,ACCEPTED,ACCEPTED,True,3621400,3.6214,62500,97700,3209200,0,186000,6200,0,0,,,,none,x509-valid_active_0,0,False,238,8,
n10-identities_c50-conc_mech-x509-1backend_valid-active_r30_audit-off_20260820T020525Z,obs_f66e60fbc18f416c8ee17ba054728b76,2026-08-20T02:05:25.877090+00:00,x509,valid_active,0,50,UAV-VALID,ACCEPTED,ACCEPTED,True,9745800,9.7458,66900,118400,9186500,0,221500,5700,0,0,,,,none,x509-valid_active_0,0,False,239,8,
n10-identities_c50-conc_mech-x509-1backend_valid-active_r30_audit-off_20260820T020525Z,obs_c5f8b8fbfc874507b6f38b3719ca81d6,2026-08-20T02:05:25.961345+00:00,x509,valid_active,9,50,UAV-VALID,ACCEPTED,ACCEPTED,True,4771200,4.7712,34900,82900,4305400,0,233400,7900,0,0,,,,none,x509-valid_active_0,0,False,238,8,
n10-identities_c50-conc_mech-x509-1backend_valid-active_r30_audit-off_20260820T020525Z,obs_29359743fd814a77b65bb30a57ee9abc,2026-08-20T02:05:26.011138+00:00,x509,valid_active,15,50,UAV-VALID,ACCEPTED,ACCEPTED,True,8689100,8.6891,52000,80400,8162200,0,271100,8200,0,0,,,,none,x509-valid_active_4,0,False,239,8,
n10-identities_c50-conc_mech-x509-1backend_valid-active_r30_audit-off_20260820T020525Z,obs_ee555116332f42a39bfc32350c645b2b,2026-08-20T02:05:25.963614+00:00,x509,valid_active,12,50,UAV-VALID,ACCEPTED,ACCEPTED,True,8266300,8.2663,58500,108400,7809600,0,210400,6400,0,0,,,,none,x509-valid_active_3,0,False,239,8,
n10-identities_c50-conc_mech-x509-1backend_valid-active_r30_audit-off_20260820T020525Z,obs_1fcdc7c29b8247ba85bee034e94e8bbf,2026-08-20T02:05:26.019765+00:00,x509,valid_active,18,50,UAV-VALID,ACCEPTED,ACCEPTED,True,10736500,10.7365,38800,103700,10278000,0,210800,6600,0,0,,,,none,x509-valid_active_1,0,False,239,8,
n10-identities_c50-conc_mech-x509-1backend_valid-active_r30_audit-off_20260820T020525Z,obs_b2e7c71c7e0848cc88856a25fe2e6712,2026-08-20T02:05:25.903890+00:00,x509,valid_active,4,50,UAV-VALID,ACCEPTED,ACCEPTED,True,6455800,6.4558,47900,106800,5917500,0,246500,9800,0,0,,,,none,x509-valid_active_0,0,False,239,8,
n10-identities_c50-conc_mech-x509-1backend_valid-active_r30_audit-off_20260820T020525Z,obs_8549fa5d8b4b4cc291d52e84d7bd1df6,2026-08-20T02:05:26.055783+00:00,x509,valid_active,25,50,UAV-VALID,ACCEPTED,ACCEPTED,True,12730400,12.7304,62400,3152200,9227600,0,202800,5300,0,0,,,,none,x509-valid_active_1,0,False,238,8,
n10-identities_c50-conc_mech-x509-1backend_valid-active_r30_audit-off_20260820T020525Z,obs_9aae0ea1c9b04070b47a4dcefea0523e,2026-08-20T02:05:26.006930+00:00,x509,valid_active,16,50,UAV-VALID,ACCEPTED,ACCEPTED,True,5150800,5.1508,56200,101100,4716400,0,210600,4500,0,0,,,,none,x509-valid_active_3,0,False,240,8,
n10-identities_c50-conc_mech-x509-1backend_valid-active_r30_audit-off_20260820T020525Z,obs_09b216cfa8fa449596ecdf3b765d9226,2026-08-20T02:05:25.834917+00:00,x509,valid_active,0,50,UAV-VALID,ACCEPTED,ACCEPTED,True,2311400,2.3114,78300,161800,1761300,0,215100,7900,0,0,,,,none,x509-valid_active_0,0,True,239,8,
n10-identities_c50-conc_mech-x509-1backend_valid-active_r30_audit-off_20260820T020525Z,obs_2d3db79b0f9441f8bb2b7316dc31de9e,2026-08-20T02:05:25.839192+00:00,x509,valid_active,1,50,UAV-VALID,ACCEPTED,ACCEPTED,True,2205100,2.2051,50200,139000,1732500,0,189200,6300,0,0,,,,none,x509-valid_active_0,0,True,240,8,
n10-identities_c50-conc_mech-x509-1backend_valid-active_r30_audit-off_20260820T020525Z,obs_71c9db82c7c14656afe32527e38529fe,2026-08-20T02:05:26.053628+00:00,x509,valid_active,23,50,UAV-VALID,ACCEPTED,ACCEPTED,True,11295900,11.2959,70900,123000,10794600,0,227100,6700,0,0,,,,none,x509-valid_active_4,0,False,239,8,
n10-identities_c50-conc_mech-x509-1backend_valid-active_r30_audit-off_20260820T020525Z,obs_f62b48a76ca44e5485fb1d1224758208,2026-08-20T02:05:25.909908+00:00,x509,valid_active,8,50,UAV-VALID,ACCEPTED,ACCEPTED,True,3396600,3.3966,48700,102100,2860700,0,275200,7200,0,0,,,,none,x509-valid_active_0,0,False,239,8,
n10-identities_c50-conc_mech-x509-1backend_valid-active_r30_audit-off_20260820T020525Z,obs_a7f4388e44814528a7a83188e035a53b,2026-08-20T02:05:25.917259+00:00,x509,valid_active,6,50,UAV-VALID,ACCEPTED,ACCEPTED,True,9707300,9.7073,62900,104600,9158900,0,255900,6800,0,0,,,,none,x509-valid_active_1,0,False,238,8,
n10-identities_c50-conc_mech-x509-1backend_valid-active_r30_audit-off_20260820T020525Z,obs_d1e0a4fe88c743acb55cf6bc9cb4fe91,2026-08-20T02:05:25.885850+00:00,x509,valid_active,3,50,UAV-VALID,ACCEPTED,ACCEPTED,True,3757200,3.7572,92300,123600,3287500,0,191700,6500,0,0,,,,none,x509-valid_active_1,0,False,239,8,
n10-identities_c50-conc_mech-x509-1backend_valid-active_r30_audit-off_20260820T020525Z,obs_e3c73120a1ca4cb0a146a59ba71d35c9,2026-08-20T02:05:25.915510+00:00,x509,valid_active,5,50,UAV-VALID,ACCEPTED,ACCEPTED,True,13417100,13.4171,59100,158400,12839000,0,247200,8700,0,0,,,,none,x509-valid_active_2,0,False,239,8,
n10-identities_c50-conc_mech-x509-1backend_valid-active_r30_audit-off_20260820T020525Z,obs_e0e3da2996b14a0b80d085928673b68c,2026-08-20T02:05:25.876420+00:00,x509,valid_active,1,50,UAV-VALID,ACCEPTED,ACCEPTED,True,8041500,8.0415,55100,136800,3997200,0,357300,8400,0,0,,,,none,x509-valid_active_1,0,False,238,8,
n10-identities_c50-conc_mech-x509-1backend_valid-active_r30_audit-off_20260820T020525Z,obs_1202cdae63df491aa197e5d01ac29ab7,2026-08-20T02:05:26.017847+00:00,x509,valid_active,17,50,UAV-VALID,ACCEPTED,ACCEPTED,True,8154800,8.1548,36800,90300,7690400,0,213600,6900,0,0,,,,none,x509-valid_active_2,0,False,240,8,
n10-identities_c50-conc_mech-x509-1backend_valid-active_r30_audit-off_20260820T020525Z,obs_9b55af83bf8146118f46637ab4c8ee24,2026-08-20T02:05:25.971807+00:00,x509,valid_active,14,50,UAV-VALID,ACCEPTED,ACCEPTED,True,2338500,2.3385,75500,125700,1853100,0,210200,6900,0,0,,,,none,x509-valid_active_0,0,False,239,8,
n10-identities_c50-conc_mech-x509-1backend_valid-active_r30_audit-off_20260820T020525Z,obs_fc86a16f7e3646a9bdc5bc70c7fdd107,2026-08-20T02:05:26.072242+00:00,x509,valid_active,29,50,UAV-VALID,ACCEPTED,ACCEPTED,True,7382400,7.3824,51000,104000,6880700,0,231000,8600,0,0,,,,none,x509-valid_active_4,0,False,239,8,
n10-identities_c50-conc_mech-x509-1backend_valid-active_r30_audit-off_20260820T020525Z,obs_c545f332ff664c21a5942efc79e9441d,2026-08-20T02:05:26.074282+00:00,x509,valid_active,28,50,UAV-VALID,ACCEPTED,ACCEPTED,True,4885400,4.8854,60200,120300,4367200,0,234900,6800,0,0,,,,none,x509-valid_active_6,0,False,239,8,
n100-identities_c1-conc_mech-blockchain-1backend_valid-active_r30_audit-off_20260820T020909Z,obs_45ee408701dd4c33a0d080eceaad92c9,2026-08-20T02:09:12.624180+00:00,blockchain,valid_active,0,1,UAV-VALID,ACCEPTED,INVALID_SIGNATURE,False,80021800,80.0218,64600,79573200,0,5200,269100,0,0,0,,,,none,blockchain-valid_active_0,0,True,239,17,
n100-identities_c1-conc_mech-blockchain-1backend_valid-active_r30_audit-off_20260820T020909Z,obs_c97868d11ab044ba8af18f8d73816c22,2026-08-20T02:09:12.657848+00:00,blockchain,valid_active,1,1,UAV-VALID,ACCEPTED,INVALID_SIGNATURE,False,25422400,25.4224,80200,25023800,0,4700,246400,0,0,0,,,,none,blockchain-valid_active_0,0,True,239,17,
n100-identities_c1-conc_mech-blockchain-1backend_valid-active_r30_audit-off_20260820T020909Z,obs_f77450f218e84fe5959727d9fb0f61c6,2026-08-20T02:09:12.695826+00:00,blockchain,valid_active,0,1,UAV-VALID,ACCEPTED,INVALID_SIGNATURE,False,35283700,35.2837,44000,34839000,0,5300,279900,0,0,0,,,,none,blockchain-valid_active_0,0,False,239,17,
n100-identities_c1-conc_mech-blockchain-1backend_valid-active_r30_audit-off_20260820T020909Z,obs_8a543d667f5a4299b8532f7594eac177,2026-08-20T02:09:12.721258+00:00,blockchain,valid_active,1,1,UAV-VALID,ACCEPTED,INVALID_SIGNATURE,False,21737700,21.7377,51100,21345200,0,4100,242200,0,0,0,,,,none,blockchain-valid_active_0,0,False,239,17,
n100-identities_c1-conc_mech-blockchain-1backend_valid-active_r30_audit-off_20260820T020909Z,obs_60d88afc2c6e48d89318282a61a2d236,2026-08-20T02:09:12.747909+00:00,blockchain,valid_active,2,1,UAV-VALID,ACCEPTED,INVALID_SIGNATURE,False,23378500,23.3785,61900,22945900,0,4300,275300,0,0,0,,,,none,blockchain-valid_active_0,0,False,239,17,
n100-identities_c1-conc_mech-blockchain-1backend_valid-active_r30_audit-off_20260820T020909Z,obs_5223046697094f73b66575b329e9e979,2026-08-20T02:09:12.776305+00:00,blockchain,valid_active,3,1,UAV-VALID,ACCEPTED,INVALID_SIGNATURE,False,21535500,21.5355,55300,21123300,0,5800,254300,0,0,0,,,,none,blockchain-valid_active_0,0,False,239,17,
n100-identities_c1-conc_mech-blockchain-1backend_valid-active_r30_audit-off_20260820T020909Z,obs_ba39427a53bb44eb9f4bfb019b453e33,2026-08-20T02:09:12.804463+00:00,blockchain,valid_active,4,1,UAV-VALID,ACCEPTED,INVALID_SIGNATURE,False,24552800,24.5528,58500,24095300,0,4800,299500,0,0,0,,,,none,blockchain-valid_active_0,0,False,240,17,
n100-identities_c1-conc_mech-blockchain-1backend_valid-active_r30_audit-off_20260820T020909Z,obs_35592d7756fb41329fc1b67df2b50c3e,2026-08-20T02:09:12.834840+00:00,blockchain,valid_active,5,1,UAV-VALID,ACCEPTED,INVALID_SIGNATURE,False,26901200,26.9012,60300,26494800,0,5400,237500,0,0,0,,,,none,blockchain-valid_active_0,0,False,239,17,
n100-identities_c1-conc_mech-blockchain-1backend_valid-active_r30_audit-off_20260820T020909Z,obs_474d93ebbae540d186f9bf1d5ac4391f,2026-08-20T02:09:12.867719+00:00,blockchain,valid_active,6,1,UAV-VALID,ACCEPTED,INVALID_SIGNATURE,False,29584400,29.5844,55800,29176400,0,4200,249100,0,0,0,,,,none,blockchain-valid_active_0,0,False,239,17,
n100-identities_c1-conc_mech-blockchain-1backend_valid-active_r30_audit-off_20260820T020909Z,obs_e3f9be768ad44235b084f997c781fd11,2026-08-20T02:09:12.902785+00:00,blockchain,valid_active,7,1,UAV-VALID,ACCEPTED,INVALID_SIGNATURE,False,31231800,31.2318,59100,30799100,0,5300,257800,0,0,0,,,,none,blockchain-valid_active_0,0,False,239,17,
n100-identities_c1-conc_mech-blockchain-1backend_valid-active_r30_audit-off_20260820T020909Z,obs_340f7fa4fef34de793822360ea25f926,2026-08-20T02:09:12.929738+00:00,blockchain,valid_active,8,1,UAV-VALID,ACCEPTED,INVALID_SIGNATURE,False,23662900,23.6629,68600,23181500,0,3700,300900,0,0,0,,,,none,blockchain-valid_active_0,0,False,238,17,
n100-identities_c1-conc_mech-blockchain-1backend_valid-active_r30_audit-off_20260820T020909Z,obs_ff15084f5f244fa1af37774cb118b4cd,2026-08-20T02:09:12.969139+00:00,blockchain,valid_active,9,1,UAV-VALID,ACCEPTED,INVALID_SIGNATURE,False,35733200,35.7332,64700,35147000,0,5900,403500,0,0,0,,,,none,blockchain-valid_active_0,0,False,238,17,
n100-identities_c1-conc_mech-blockchain-1backend_valid-active_r30_audit-off_20260820T020909Z,obs_22f1c3042327434d8d57cb7dac4f9e74,2026-08-20T02:09:13.002238+00:00,blockchain,valid_active,10,1,UAV-VALID,ACCEPTED,INVALID_SIGNATURE,False,29188100,29.1881,61400,28704000,0,5500,281100,0,0,0,,,,none,blockchain-valid_active_0,0,False,240,17,
n100-identities_c1-conc_mech-blockchain-1backend_valid-active_r30_audit-off_20260820T020909Z,obs_8dcadc12d7fe476db6bbfdf91ba9295d,2026-08-20T02:09:13.075805+00:00,blockchain,valid_active,11,1,UAV-VALID,ACCEPTED,INVALID_SIGNATURE,False,68338400,68.3384,68100,67897200,0,5900,263000,0,0,0,,,,none,blockchain-valid_active_0,0,False,239,17,
n100-identities_c1-conc_mech-blockchain-1backend_valid-active_r30_audit-off_20260820T020909Z,obs_cc268acce1304098975c3561fe0e8727,2026-08-20T02:09:13.107286+00:00,blockchain,valid_active,12,1,UAV-VALID,ACCEPTED,INVALID_SIGNATURE,False,27771600,27.7716,56000,27372000,0,4200,252500,0,0,0,,,,none,blockchain-valid_active_0,0,False,239,17,
n100-identities_c1-conc_mech-blockchain-1backend_valid-active_r30_audit-off_20260820T020909Z,obs_ff2e7f72d1ce4804a02f15acd0405e09,2026-08-20T02:09:13.132761+00:00,blockchain,valid_active,13,1,UAV-VALID,ACCEPTED,INVALID_SIGNATURE,False,21315900,21.3159,60900,20906200,0,4300,245600,0,0,0,,,,none,blockchain-valid_active_0,0,False,240,17,
n100-identities_c1-conc_mech-blockchain-1backend_valid-active_r30_audit-off_20260820T020909Z,obs_aa31b424bd3a49ee94a3bd6ede108042,2026-08-20T02:09:13.170069+00:00,blockchain,valid_active,14,1,UAV-VALID,ACCEPTED,INVALID_SIGNATURE,False,28618900,28.6189,67500,28062500,0,4100,386700,0,0,0,,,,none,blockchain-valid_active_0,0,False,239,17,
n100-identities_c1-conc_mech-blockchain-1backend_valid-active_r30_audit-off_20260820T020909Z,obs_c8708b85604e4919a6b0348c32a2d5ab,2026-08-20T02:09:13.197181+00:00,blockchain,valid_active,15,1,UAV-VALID,ACCEPTED,INVALID_SIGNATURE,False,23362300,23.3623,58000,22969600,0,4900,241000,0,0,0,,,,none,blockchain-valid_active_0,0,False,239,17,
n100-identities_c1-conc_mech-blockchain-1backend_valid-active_r30_audit-off_20260820T020909Z,obs_636dc601b67344dba7f7b37c841896b0,2026-08-20T02:09:13.222989+00:00,blockchain,valid_active,16,1,UAV-VALID,ACCEPTED,INVALID_SIGNATURE,False,22057800,22.0578,63700,21673400,0,3900,243800,0,0,0,,,,none,blockchain-valid_active_0,0,False,238,17,
n100-identities_c1-conc_mech-blockchain-1backend_valid-active_r30_audit-off_20260820T020909Z,obs_ade552873af04783b36387cf063f4951,2026-08-20T02:09:13.246485+00:00,blockchain,valid_active,17,1,UAV-VALID,ACCEPTED,INVALID_SIGNATURE,False,19961200,19.9612,46800,19623200,0,4600,198500,0,0,0,,,,none,blockchain-valid_active_0,0,False,239,17,
n100-identities_c1-conc_mech-blockchain-1backend_valid-active_r30_audit-off_20260820T020909Z,obs_639c1985a5be40c6951776e3ad475b01,2026-08-20T02:09:13.272396+00:00,blockchain,valid_active,18,1,UAV-VALID,ACCEPTED,INVALID_SIGNATURE,False,22300000,22.3,55100,21850700,0,5100,274900,0,0,0,,,,none,blockchain-valid_active_0,0,False,238,17,
n100-identities_c1-conc_mech-blockchain-1backend_valid-active_r30_audit-off_20260820T020909Z,obs_17e0218ff88e44b1aad6bf59bdbb4eec,2026-08-20T02:09:13.299113+00:00,blockchain,valid_active,19,1,UAV-VALID,ACCEPTED,INVALID_SIGNATURE,False,23587000,23.587,55200,23180100,0,5000,257500,0,0,0,,,,none,blockchain-valid_active_0,0,False,238,17,
n100-identities_c1-conc_mech-blockchain-1backend_valid-active_r30_audit-off_20260820T020909Z,obs_82a72e4da0ac4f62863ced686f46e5d1,2026-08-20T02:09:13.339215+00:00,blockchain,valid_active,20,1,UAV-VALID,ACCEPTED,INVALID_SIGNATURE,False,36567600,36.5676,50700,36142200,0,4800,263600,0,0,0,,,,none,blockchain-valid_active_0,0,False,238,17,
n100-identities_c1-conc_mech-blockchain-1backend_valid-active_r30_audit-off_20260820T020909Z,obs_e3d84b64fa71482aa8a9d657a4713cd6,2026-08-20T02:09:13.374961+00:00,blockchain,valid_active,21,1,UAV-VALID,ACCEPTED,INVALID_SIGNATURE,False,32003000,32.003,59600,31564900,0,4900,273700,0,0,0,,,,none,blockchain-valid_active_0,0,False,239,17,
n100-identities_c1-conc_mech-blockchain-1backend_valid-active_r30_audit-off_20260820T020909Z,obs_855f17733ec942688081fc750a190790,2026-08-20T02:09:13.404953+00:00,blockchain,valid_active,22,1,UAV-VALID,ACCEPTED,INVALID_SIGNATURE,False,25726600,25.7266,78200,25256800,0,4800,287100,0,0,0,,,,none,blockchain-valid_active_0,0,False,240,17,
n100-identities_c1-conc_mech-blockchain-1backend_valid-active_r30_audit-off_20260820T020909Z,obs_8e2de12ff5954a698e18144a3c59b023,2026-08-20T02:09:13.437166+00:00,blockchain,valid_active,23,1,UAV-VALID,ACCEPTED,INVALID_SIGNATURE,False,28432700,28.4327,55000,28030100,0,4300,252100,0,0,0,,,,none,blockchain-valid_active_0,0,False,239,17,
n100-identities_c1-conc_mech-blockchain-1backend_valid-active_r30_audit-off_20260820T020909Z,obs_0de3869b4f604cd0ad16141d6c5288d0,2026-08-20T02:09:13.464745+00:00,blockchain,valid_active,24,1,UAV-VALID,ACCEPTED,INVALID_SIGNATURE,False,24016600,24.0166,48800,23673400,0,3100,214300,0,0,0,,,,none,blockchain-valid_active_0,0,False,239,17,
n100-identities_c1-conc_mech-blockchain-1backend_valid-active_r30_audit-off_20260820T020909Z,obs_f7c5bb15920f4553a4b9caef0487bfa9,2026-08-20T02:09:13.490093+00:00,blockchain,valid_active,25,1,UAV-VALID,ACCEPTED,INVALID_SIGNATURE,False,22008900,22.0089,50000,21635200,0,4600,232200,0,0,0,,,,none,blockchain-valid_active_0,0,False,239,17,
n100-identities_c1-conc_mech-blockchain-1backend_valid-active_r30_audit-off_20260820T020909Z,obs_e13f2dfe7eeb4d0083519d86554027e0,2026-08-20T02:09:13.518037+00:00,blockchain,valid_active,26,1,UAV-VALID,ACCEPTED,INVALID_SIGNATURE,False,24170100,24.1701,64200,23759100,0,4300,249700,0,0,0,,,,none,blockchain-valid_active_0,0,False,239,17,
n100-identities_c1-conc_mech-blockchain-1backend_valid-active_r30_audit-off_20260820T020909Z,obs_6e8401a9ad2d464f8498a8e08585095c,2026-08-20T02:09:13.543371+00:00,blockchain,valid_active,27,1,UAV-VALID,ACCEPTED,INVALID_SIGNATURE,False,21565700,21.5657,67300,21153700,0,4500,238000,0,0,0,,,,none,blockchain-valid_active_0,0,False,238,17,
n100-identities_c1-conc_mech-blockchain-1backend_valid-active_r30_audit-off_20260820T020909Z,obs_7bd3af446a814c73a470db9c694a4b1c,2026-08-20T02:09:13.588480+00:00,blockchain,valid_active,28,1,UAV-VALID,ACCEPTED,INVALID_SIGNATURE,False,42073300,42.0733,45000,41658400,0,4600,259000,0,0,0,,,,none,blockchain-valid_active_0,0,False,240,17,
n100-identities_c1-conc_mech-blockchain-1backend_valid-active_r30_audit-off_20260820T020909Z,obs_80e6c9ac7b944699aa4ef7be3333c7b2,2026-08-20T02:09:13.615595+00:00,blockchain,valid_active,29,1,UAV-VALID,ACCEPTED,INVALID_SIGNATURE,False,23206400,23.2064,57600,22742800,0,6200,281100,0,0,0,,,,none,blockchain-valid_active_0,0,False,238,17,
n100-identities_c1-conc_mech-x509-1backend_valid-active_r30_audit-off_20260820T020723Z,obs_a4aa41556c0444fba7428d339eea642b,2026-08-20T02:09:07.408611+00:00,x509,valid_active,0,1,UAV-VALID,ACCEPTED,ACCEPTED,True,3484300,3.4843,124200,179200,2715500,0,287300,9300,0,0,,,,none,x509-valid_active_0,0,True,238,8,
n100-identities_c1-conc_mech-x509-1backend_valid-active_r30_audit-off_20260820T020723Z,obs_94c79cb78a8c47e19a4aaf6bc812127c,2026-08-20T02:09:07.415996+00:00,x509,valid_active,1,1,UAV-VALID,ACCEPTED,ACCEPTED,True,2475300,2.4753,62800,113700,1888600,0,306600,8900,0,0,,,,none,x509-valid_active_0,0,True,239,8,
n100-identities_c1-conc_mech-x509-1backend_valid-active_r30_audit-off_20260820T020723Z,obs_6590a0628c804d729c02ba6cbeaffbcc,2026-08-20T02:09:07.422850+00:00,x509,valid_active,0,1,UAV-VALID,ACCEPTED,ACCEPTED,True,2361600,2.3616,68700,128900,1883100,0,192500,6400,0,0,,,,none,x509-valid_active_0,0,False,238,8,
n100-identities_c1-conc_mech-x509-1backend_valid-active_r30_audit-off_20260820T020723Z,obs_7d5afa4efbe54c2d857d33960d071565,2026-08-20T02:09:07.432701+00:00,x509,valid_active,1,1,UAV-VALID,ACCEPTED,ACCEPTED,True,3243400,3.2434,54300,177700,2309600,0,239800,8900,0,0,,,,none,x509-valid_active_0,0,False,238,8,
n100-identities_c1-conc_mech-x509-1backend_valid-active_r30_audit-off_20260820T020723Z,obs_7c31af0242c14d058633de0140388998,2026-08-20T02:09:07.439117+00:00,x509,valid_active,2,1,UAV-VALID,ACCEPTED,ACCEPTED,True,2518000,2.518,60900,109200,2027300,0,221600,6500,0,0,,,,none,x509-valid_active_0,0,False,239,8,
n100-identities_c1-conc_mech-x509-1backend_valid-active_r30_audit-off_20260820T020723Z,obs_42dc1ae58c2840f1b0967163370d197f,2026-08-20T02:09:07.448490+00:00,x509,valid_active,3,1,UAV-VALID,ACCEPTED,ACCEPTED,True,2760100,2.7601,103300,118900,2237000,0,230200,5300,0,0,,,,none,x509-valid_active_0,0,False,238,8,
n100-identities_c1-conc_mech-x509-1backend_valid-active_r30_audit-off_20260820T020723Z,obs_cfd69a4dbc694b15a691ed059e273912,2026-08-20T02:09:07.455203+00:00,x509,valid_active,4,1,UAV-VALID,ACCEPTED,ACCEPTED,True,2585900,2.5859,78700,102100,2106200,0,221000,7200,0,0,,,,none,x509-valid_active_0,0,False,239,8,
n100-identities_c1-conc_mech-x509-1backend_valid-active_r30_audit-off_20260820T020723Z,obs_c88c03f214124306946937368a1010bc,2026-08-20T02:09:07.465678+00:00,x509,valid_active,5,1,UAV-VALID,ACCEPTED,ACCEPTED,True,3120800,3.1208,148300,131300,2522800,0,276500,7600,0,0,,,,none,x509-valid_active_0,0,False,240,8,
n100-identities_c1-conc_mech-x509-1backend_valid-active_r30_audit-off_20260820T020723Z,obs_f5229b8fadb74125a6d3f7cf62b9f779,2026-08-20T02:09:07.475033+00:00,x509,valid_active,6,1,UAV-VALID,ACCEPTED,ACCEPTED,True,5589600,5.5896,53900,324600,4252800,0,261000,9600,0,0,,,,none,x509-valid_active_0,0,False,239,8,
n100-identities_c1-conc_mech-x509-1backend_valid-active_r30_audit-off_20260820T020723Z,obs_2b272c3eff80484bba8e96599d81f4d3,2026-08-20T02:09:07.485515+00:00,x509,valid_active,7,1,UAV-VALID,ACCEPTED,ACCEPTED,True,4910300,4.9103,57000,107400,4246400,0,364100,9200,0,0,,,,none,x509-valid_active_0,0,False,239,8,
n100-identities_c1-conc_mech-x509-1backend_valid-active_r30_audit-off_20260820T020723Z,obs_60ece7d0d7ec487c82790466db581229,2026-08-20T02:09:07.495815+00:00,x509,valid_active,8,1,UAV-VALID,ACCEPTED,ACCEPTED,True,2637500,2.6375,87300,115600,2172900,0,203400,6500,0,0,,,,none,x509-valid_active_0,0,False,238,8,
n100-identities_c1-conc_mech-x509-1backend_valid-active_r30_audit-off_20260820T020723Z,obs_d8bf02bcd5c34f1e91f0e86332984c0d,2026-08-20T02:09:07.501274+00:00,x509,valid_active,9,1,UAV-VALID,ACCEPTED,ACCEPTED,True,2148800,2.1488,53900,118100,1663400,0,223900,7200,0,0,,,,none,x509-valid_active_0,0,False,239,8,
n100-identities_c1-conc_mech-x509-1backend_valid-active_r30_audit-off_20260820T020723Z,obs_b8a2d868518c4a699c3b8e27363b75b8,2026-08-20T02:09:07.511692+00:00,x509,valid_active,10,1,UAV-VALID,ACCEPTED,ACCEPTED,True,2784500,2.7845,84300,126800,2242900,0,237900,9700,0,0,,,,none,x509-valid_active_0,0,False,239,8,
n100-identities_c1-conc_mech-x509-1backend_valid-active_r30_audit-off_20260820T020723Z,obs_4ebba991c90341cbae4b582df337656c,2026-08-20T02:09:07.517614+00:00,x509,valid_active,11,1,UAV-VALID,ACCEPTED,ACCEPTED,True,2500600,2.5006,52300,100800,2021000,0,225900,8500,0,0,,,,none,x509-valid_active_0,0,False,239,8,
n100-identities_c1-conc_mech-x509-1backend_valid-active_r30_audit-off_20260820T020723Z,obs_f0123c9dde774c168e3f6430b04242c9,2026-08-20T02:09:07.529813+00:00,x509,valid_active,12,1,UAV-VALID,ACCEPTED,ACCEPTED,True,4788500,4.7885,62600,114000,4261500,0,239800,7300,0,0,,,,none,x509-valid_active_0,0,False,238,8,
n100-identities_c1-conc_mech-x509-1backend_valid-active_r30_audit-off_20260820T020723Z,obs_b619644ff9064a01af01a19949c8276c,2026-08-20T02:09:07.539753+00:00,x509,valid_active,13,1,UAV-VALID,ACCEPTED,ACCEPTED,True,5748400,5.7484,47800,428000,4977500,0,201200,6600,0,0,,,,none,x509-valid_active_0,0,False,239,8,
n100-identities_c1-conc_mech-x509-1backend_valid-active_r30_audit-off_20260820T020723Z,obs_66ddac70e9054ae19fb6e3dd28250146,2026-08-20T02:09:07.546215+00:00,x509,valid_active,14,1,UAV-VALID,ACCEPTED,ACCEPTED,True,2626200,2.6262,62200,135100,2098600,0,221300,7200,0,0,,,,none,x509-valid_active_0,0,False,239,8,
n100-identities_c1-conc_mech-x509-1backend_valid-active_r30_audit-off_20260820T020723Z,obs_89efab61aa0140f599ea84be4a8c3f1d,2026-08-20T02:09:07.555989+00:00,x509,valid_active,15,1,UAV-VALID,ACCEPTED,ACCEPTED,True,2837700,2.8377,2740500,131900,2262400,0,245400,7800,0,0,,,,none,x509-valid_active_0,0,False,240,8,
n100-identities_c1-conc_mech-x509-1backend_valid-active_r30_audit-off_20260820T020723Z,obs_5dc54b57eeca42aea433e6bfa7298b13,2026-08-20T02:09:07.562608+00:00,x509,valid_active,16,1,UAV-VALID,ACCEPTED,ACCEPTED,True,3103300,3.1033,59400,122400,2528000,0,253000,8600,0,0,,,,none,x509-valid_active_0,0,False,238,8,
n100-identities_c1-conc_mech-x509-1backend_valid-active_r30_audit-off_20260820T020723Z,obs_24f87c8575d84b37b2fe2d2853399214,2026-08-20T02:09:07.574610+00:00,x509,valid_active,17,1,UAV-VALID,ACCEPTED,ACCEPTED,True,2965600,2.9656,76300,217200,2267700,0,244900,7400,0,0,,,,none,x509-valid_active_0,0,False,239,8,
n100-identities_c1-conc_mech-x509-1backend_valid-active_r30_audit-off_20260820T020723Z,obs_6e7b207ee6354ab4ae7a5e4fbf684c4a,2026-08-20T02:09:07.584694+00:00,x509,valid_active,18,1,UAV-VALID,ACCEPTED,ACCEPTED,True,6455100,6.4551,51800,112400,2639200,0,563100,14700,0,0,,,,none,x509-valid_active_0,0,False,240,8,
n100-identities_c1-conc_mech-x509-1backend_valid-active_r30_audit-off_20260820T020723Z,obs_8a821164a2d94db7a8db6b92c4ae14b4,2026-08-20T02:09:07.594596+00:00,x509,valid_active,19,1,UAV-VALID,ACCEPTED,ACCEPTED,True,2998600,2.9986,75200,157400,2433100,0,228200,8900,0,0,,,,none,x509-valid_active_0,0,False,239,8,
n100-identities_c1-conc_mech-x509-1backend_valid-active_r30_audit-off_20260820T020723Z,obs_f2c9a33fbe1b48ac8496e59285b217e2,2026-08-20T02:09:07.606038+00:00,x509,valid_active,20,1,UAV-VALID,ACCEPTED,ACCEPTED,True,3115300,3.1153,87400,208600,2484300,0,215700,6500,0,0,,,,none,x509-valid_active_0,0,False,239,8,
n100-identities_c1-conc_mech-x509-1backend_valid-active_r30_audit-off_20260820T020723Z,obs_e023d16d6192427480d5c736054aa87f,2026-08-20T02:09:07.615199+00:00,x509,valid_active,21,1,UAV-VALID,ACCEPTED,ACCEPTED,True,5409500,5.4095,52700,102200,4906800,0,232500,7900,0,0,,,,none,x509-valid_active_0,0,False,239,8,
n100-identities_c1-conc_mech-x509-1backend_valid-active_r30_audit-off_20260820T020723Z,obs_8cb2c6d3a7c84e99adcc2d27d72f498c,2026-08-20T02:09:07.622393+00:00,x509,valid_active,22,1,UAV-VALID,ACCEPTED,ACCEPTED,True,2994900,2.9949,59700,122800,2431900,0,245900,7900,0,0,,,,none,x509-valid_active_0,0,False,240,8,
n100-identities_c1-conc_mech-x509-1backend_valid-active_r30_audit-off_20260820T020723Z,obs_75a650073eca4ef882fb302ed00d22ad,2026-08-20T02:09:07.631072+00:00,x509,valid_active,23,1,UAV-VALID,ACCEPTED,ACCEPTED,True,4749700,4.7497,52900,91100,4274600,0,231000,6300,0,0,,,,none,x509-valid_active_0,0,False,238,8,
n100-identities_c1-conc_mech-x509-1backend_valid-active_r30_audit-off_20260820T020723Z,obs_e922f9b336734b0b807fd42462eb507b,2026-08-20T02:09:07.637111+00:00,x509,valid_active,24,1,UAV-VALID,ACCEPTED,ACCEPTED,True,2640000,2.64,65200,133900,2087500,0,246000,6200,0,0,,,,none,x509-valid_active_0,0,False,239,8,
n100-identities_c1-conc_mech-x509-1backend_valid-active_r30_audit-off_20260820T020723Z,obs_b5b713a5cecf4a3ca2d99431f3521664,2026-08-20T02:09:07.643045+00:00,x509,valid_active,25,1,UAV-VALID,ACCEPTED,ACCEPTED,True,2478400,2.4784,48500,115700,1973600,0,234800,6800,0,0,,,,none,x509-valid_active_0,0,False,240,8,
n100-identities_c1-conc_mech-x509-1backend_valid-active_r30_audit-off_20260820T020723Z,obs_1fab181f301f4903bea27895b681d768,2026-08-20T02:09:07.648991+00:00,x509,valid_active,26,1,UAV-VALID,ACCEPTED,ACCEPTED,True,2531000,2.531,55100,120300,2025300,0,218900,8400,0,0,,,,none,x509-valid_active_0,0,False,239,8,
n100-identities_c1-conc_mech-x509-1backend_valid-active_r30_audit-off_20260820T020723Z,obs_9d29b0fdba3647658ccfd3798afcb076,2026-08-20T02:09:07.656407+00:00,x509,valid_active,27,1,UAV-VALID,ACCEPTED,ACCEPTED,True,2594500,2.5945,70800,146200,2060800,0,208100,7200,0,0,,,,none,x509-valid_active_0,0,False,239,8,
n100-identities_c1-conc_mech-x509-1backend_valid-active_r30_audit-off_20260820T020723Z,obs_a49cf60ed72548499e487451370a12a1,2026-08-20T02:09:07.667039+00:00,x509,valid_active,28,1,UAV-VALID,ACCEPTED,ACCEPTED,True,2881500,2.8815,58500,135300,2198600,0,339000,9300,0,0,,,,none,x509-valid_active_0,0,False,239,8,
n100-identities_c1-conc_mech-x509-1backend_valid-active_r30_audit-off_20260820T020723Z,obs_739d8d4965544b2e9c1f294b7113f630,2026-08-20T02:09:07.678477+00:00,x509,valid_active,29,1,UAV-VALID,ACCEPTED,ACCEPTED,True,6079200,6.0792,67500,113600,5498300,0,272200,10900,0,0,,,,none,x509-valid_active_0,0,False,238,8,
n100-identities_c10-conc_mech-blockchain-1backend_valid-active_r30_audit-off_20260820T020930Z,obs_d033478084a84df2bddb3c0b16b5a095,2026-08-20T02:09:33.098423+00:00,blockchain,valid_active,0,10,UAV-VALID,ACCEPTED,INVALID_SIGNATURE,False,85264200,85.2642,65300,84718800,0,3700,353500,0,0,0,,,,none,blockchain-valid_active_2,0,False,240,17,
n100-identities_c10-conc_mech-blockchain-1backend_valid-active_r30_audit-off_20260820T020930Z,obs_457050a3c2594f9db1c881975c6b6d3f,2026-08-20T02:09:33.103450+00:00,blockchain,valid_active,0,10,UAV-VALID,ACCEPTED,INVALID_SIGNATURE,False,97612300,97.6123,58800,97193400,0,3800,248900,0,0,0,,,,none,blockchain-valid_active_0,0,True,239,17,
n100-identities_c10-conc_mech-blockchain-1backend_valid-active_r30_audit-off_20260820T020930Z,obs_8450dc3225f446b181cef296aa69f364,2026-08-20T02:09:33.112795+00:00,blockchain,valid_active,1,10,UAV-VALID,ACCEPTED,INVALID_SIGNATURE,False,84275200,84.2752,60200,83862000,0,3700,248500,0,0,0,,,,none,blockchain-valid_active_1,0,True,238,17,
n100-identities_c10-conc_mech-blockchain-1backend_valid-active_r30_audit-off_20260820T020930Z,obs_8b94021da4a949e09bc52aab6596fef4,2026-08-20T02:09:33.127996+00:00,blockchain,valid_active,1,10,UAV-VALID,ACCEPTED,INVALID_SIGNATURE,False,105237200,105.2372,47900,104868100,0,3200,218300,0,0,0,,,,none,blockchain-valid_active_3,0,False,239,17,
n100-identities_c10-conc_mech-blockchain-1backend_valid-active_r30_audit-off_20260820T020930Z,obs_4b9bec38469144bea55d2dfc08067ac4,2026-08-20T02:09:33.163424+00:00,blockchain,valid_active,3,10,UAV-VALID,ACCEPTED,INVALID_SIGNATURE,False,117199500,117.1995,61600,116766100,0,4300,259400,0,0,0,,,,none,blockchain-valid_active_5,0,False,239,17,
n100-identities_c10-conc_mech-blockchain-1backend_valid-active_r30_audit-off_20260820T020930Z,obs_07a8b09323224b96ac7c7bff558d9643,2026-08-20T02:09:33.175366+00:00,blockchain,valid_active,5,10,UAV-VALID,ACCEPTED,INVALID_SIGNATURE,False,90824200,90.8242,53100,90296400,0,3900,355200,0,0,0,,,,none,blockchain-valid_active_7,0,False,238,17,
n100-identities_c10-conc_mech-blockchain-1backend_valid-active_r30_audit-off_20260820T020930Z,obs_ce1238525f214055a6d6aaf38d1b79af,2026-08-20T02:09:33.179548+00:00,blockchain,valid_active,4,10,UAV-VALID,ACCEPTED,INVALID_SIGNATURE,False,104711600,104.7116,54500,104267900,0,4600,276900,0,0,0,,,,none,blockchain-valid_active_6,0,False,238,17,
n100-identities_c10-conc_mech-blockchain-1backend_valid-active_r30_audit-off_20260820T020930Z,obs_97a1986fa0bd44c0b6f61d182a495777,2026-08-20T02:09:33.202655+00:00,blockchain,valid_active,2,10,UAV-VALID,ACCEPTED,INVALID_SIGNATURE,False,144156500,144.1565,60100,143700300,0,4000,270400,0,0,0,,,,none,blockchain-valid_active_4,0,False,240,17,
n100-identities_c10-conc_mech-blockchain-1backend_valid-active_r30_audit-off_20260820T020930Z,obs_22e3ed9f40f74fc1a8162d9354a4bbc6,2026-08-20T02:09:33.245538+00:00,blockchain,valid_active,7,10,UAV-VALID,ACCEPTED,INVALID_SIGNATURE,False,124035100,124.0351,56800,123562900,0,4400,251700,0,0,0,,,,none,blockchain-valid_active_9,0,False,240,17,
n100-identities_c10-conc_mech-blockchain-1backend_valid-active_r30_audit-off_20260820T020930Z,obs_867c99cb5cc4464486a7fdc3719eb3e0,2026-08-20T02:09:33.252379+00:00,blockchain,valid_active,6,10,UAV-VALID,ACCEPTED,INVALID_SIGNATURE,False,135681500,135.6815,57900,135127900,0,4200,355900,0,0,0,,,,none,blockchain-valid_active_8,0,False,239,17,
n100-identities_c10-conc_mech-blockchain-1backend_valid-active_r30_audit-off_20260820T020930Z,obs_8c9c474d28994c43a294cbd6ab5c5b73,2026-08-20T02:09:33.255960+00:00,blockchain,valid_active,11,10,UAV-VALID,ACCEPTED,INVALID_SIGNATURE,False,89715000,89.715,50100,89278800,0,3700,264500,0,0,0,,,,none,blockchain-valid_active_3,0,False,239,17,
n100-identities_c10-conc_mech-blockchain-1backend_valid-active_r30_audit-off_20260820T020930Z,obs_722d4bba2ce54162a71e5e240e366d1b,2026-08-20T02:09:33.260145+00:00,blockchain,valid_active,10,10,UAV-VALID,ACCEPTED,INVALID_SIGNATURE,False,117519800,117.5198,62900,116995100,0,4000,309000,0,0,0,,,,none,blockchain-valid_active_1,0,False,239,17,
n100-identities_c10-conc_mech-blockchain-1backend_valid-active_r30_audit-off_20260820T020930Z,obs_2cd89e8e3e74450788a91c683ddd71ad,2026-08-20T02:09:33.274805+00:00,blockchain,valid_active,8,10,UAV-VALID,ACCEPTED,INVALID_SIGNATURE,False,128695200,128.6952,53500,128271200,0,3500,275700,0,0,0,,,,none,blockchain-valid_active_2,0,False,240,17,
n100-identities_c10-conc_mech-blockchain-1backend_valid-active_r30_audit-off_20260820T020930Z,obs_858dffe1932b4021a51ebf1b9a4ee849,2026-08-20T02:09:33.284482+00:00,blockchain,valid_active,9,10,UAV-VALID,ACCEPTED,INVALID_SIGNATURE,False,144868900,144.8689,50500,144382100,0,4200,302900,0,0,0,,,,none,blockchain-valid_active_0,0,False,239,17,
n100-identities_c10-conc_mech-blockchain-1backend_valid-active_r30_audit-off_20260820T020930Z,obs_fa2a4fbad7834548bd458cf3bf34b50e,2026-08-20T02:09:33.313322+00:00,blockchain,valid_active,14,10,UAV-VALID,ACCEPTED,INVALID_SIGNATURE,False,104633400,104.6334,59400,104260000,0,3700,228000,0,0,0,,,,none,blockchain-valid_active_6,0,False,238,17,
n100-identities_c10-conc_mech-blockchain-1backend_valid-active_r30_audit-off_20260820T020930Z,obs_949f3be67b4f4b2eab52c3aaff8df5cf,2026-08-20T02:09:33.318439+00:00,blockchain,valid_active,13,10,UAV-VALID,ACCEPTED,INVALID_SIGNATURE,False,103076700,103.0767,52400,102628100,0,4200,259800,0,0,0,,,,none,blockchain-valid_active_7,0,False,238,17,
n100-identities_c10-conc_mech-blockchain-1backend_valid-active_r30_audit-off_20260820T020930Z,obs_f8187b5ccbe74e749411f9f3731145c2,2026-08-20T02:09:33.347713+00:00,blockchain,valid_active,12,10,UAV-VALID,ACCEPTED,INVALID_SIGNATURE,False,135182500,135.1825,69100,134685100,0,6400,315800,0,0,0,,,,none,blockchain-valid_active_5,0,False,239,17,
n100-identities_c10-conc_mech-blockchain-1backend_valid-active_r30_audit-off_20260820T020930Z,obs_7b96d5899e8e4f40b9483ad9990ab45d,2026-08-20T02:09:33.387783+00:00,blockchain,valid_active,16,10,UAV-VALID,ACCEPTED,INVALID_SIGNATURE,False,96948300,96.9483,58500,96514500,0,4500,254500,0,0,0,,,,none,blockchain-valid_active_9,0,False,239,17,
n100-identities_c10-conc_mech-blockchain-1backend_valid-active_r30_audit-off_20260820T020930Z,obs_39ecd9a96a6f4c0cae32679925883abd,2026-08-20T02:09:33.395412+00:00,blockchain,valid_active,18,10,UAV-VALID,ACCEPTED,INVALID_SIGNATURE,False,98698000,98.698,56100,98268900,0,4600,275600,0,0,0,,,,none,blockchain-valid_active_3,0,False,239,17,
n100-identities_c10-conc_mech-blockchain-1backend_valid-active_r30_audit-off_20260820T020930Z,obs_d1fc0ccc816e4903a3e042fff76cf210,2026-08-20T02:09:33.408196+00:00,blockchain,valid_active,20,10,UAV-VALID,ACCEPTED,INVALID_SIGNATURE,False,105592500,105.5925,51900,105158000,0,3900,263700,0,0,0,,,,none,blockchain-valid_active_2,0,False,239,17,
n100-identities_c10-conc_mech-blockchain-1backend_valid-active_r30_audit-off_20260820T020930Z,obs_da27f56c643446dc8628a4d3d0c31226,2026-08-20T02:09:33.423855+00:00,blockchain,valid_active,17,10,UAV-VALID,ACCEPTED,INVALID_SIGNATURE,False,137016700,137.0167,56900,135797000,0,3700,1020900,0,0,0,,,,none,blockchain-valid_active_8,0,False,239,17,
n100-identities_c10-conc_mech-blockchain-1backend_valid-active_r30_audit-off_20260820T020930Z,obs_3ad6ffada98446b296b635f6af35f397,2026-08-20T02:09:33.433428+00:00,blockchain,valid_active,22,10,UAV-VALID,ACCEPTED,INVALID_SIGNATURE,False,88618100,88.6181,129500,88107800,0,3800,315000,0,0,0,,,,none,blockchain-valid_active_6,0,False,240,17,
n100-identities_c10-conc_mech-blockchain-1backend_valid-active_r30_audit-off_20260820T020930Z,obs_1a494bb33f474fcd9c20c2ababc553ec,2026-08-20T02:09:33.436290+00:00,blockchain,valid_active,15,10,UAV-VALID,ACCEPTED,INVALID_SIGNATURE,False,172946000,172.946,54900,172502000,0,4200,283800,0,0,0,,,,none,blockchain-valid_active_4,0,False,239,17,
n100-identities_c10-conc_mech-blockchain-1backend_valid-active_r30_audit-off_20260820T020930Z,obs_52a8ed99c10d46a7a03dce2332f0540f,2026-08-20T02:09:33.440268+00:00,blockchain,valid_active,19,10,UAV-VALID,ACCEPTED,INVALID_SIGNATURE,False,125130700,125.1307,109800,124734400,0,4300,251900,0,0,0,,,,none,blockchain-valid_active_1,0,False,238,17,
n100-identities_c10-conc_mech-blockchain-1backend_valid-active_r30_audit-off_20260820T020930Z,obs_fb96da39821c481fa7e1807b731327fb,2026-08-20T02:09:33.461264+00:00,blockchain,valid_active,23,10,UAV-VALID,ACCEPTED,INVALID_SIGNATURE,False,105003700,105.0037,51200,104551200,0,3700,292400,0,0,0,,,,none,blockchain-valid_active_7,0,False,239,17,
n100-identities_c10-conc_mech-blockchain-1backend_valid-active_r30_audit-off_20260820T020930Z,obs_0b40dadc818c4a878fd94ba6aa5a34b5,2026-08-20T02:09:33.469434+00:00,blockchain,valid_active,21,10,UAV-VALID,ACCEPTED,INVALID_SIGNATURE,False,120365000,120.365,52800,119964900,0,3700,246300,0,0,0,,,,none,blockchain-valid_active_0,0,False,238,17,
n100-identities_c10-conc_mech-blockchain-1backend_valid-active_r30_audit-off_20260820T020930Z,obs_5c12cc8b1c174dd5bd45bd6920f278da,2026-08-20T02:09:33.527268+00:00,blockchain,valid_active,26,10,UAV-VALID,ACCEPTED,INVALID_SIGNATURE,False,96289400,96.2894,62300,95832300,0,4100,289800,0,0,0,,,,none,blockchain-valid_active_3,0,False,239,17,
n100-identities_c10-conc_mech-blockchain-1backend_valid-active_r30_audit-off_20260820T020930Z,obs_ee77f49718fc4e87955cc89b2c392d9c,2026-08-20T02:09:33.540700+00:00,blockchain,valid_active,27,10,UAV-VALID,ACCEPTED,INVALID_SIGNATURE,False,98004000,98.004,43800,97563500,0,3900,282400,0,0,0,,,,none,blockchain-valid_active_2,0,False,238,17,
n100-identities_c10-conc_mech-blockchain-1backend_valid-active_r30_audit-off_20260820T020930Z,obs_d5cffae64850460d8b7299dcfaf61959,2026-08-20T02:09:33.543473+00:00,blockchain,valid_active,25,10,UAV-VALID,ACCEPTED,INVALID_SIGNATURE,False,117297000,117.297,50800,116774200,0,4400,235700,0,0,0,,,,none,blockchain-valid_active_9,0,False,238,17,
n100-identities_c10-conc_mech-blockchain-1backend_valid-active_r30_audit-off_20260820T020930Z,obs_cfd9536776404df39daac9530e0c2745,2026-08-20T02:09:33.545327+00:00,blockchain,valid_active,24,10,UAV-VALID,ACCEPTED,INVALID_SIGNATURE,False,142228300,142.2283,50200,141848800,0,3700,236300,0,0,0,,,,none,blockchain-valid_active_5,0,False,239,17,
n100-identities_c10-conc_mech-blockchain-1backend_valid-active_r30_audit-off_20260820T020930Z,obs_e9b080295fac4ae5bd94b7c0db07e7b6,2026-08-20T02:09:33.558993+00:00,blockchain,valid_active,29,10,UAV-VALID,ACCEPTED,INVALID_SIGNATURE,False,93816300,93.8163,60200,93403400,0,3600,248500,0,0,0,,,,none,blockchain-valid_active_6,0,False,240,17,
n100-identities_c10-conc_mech-blockchain-1backend_valid-active_r30_audit-off_20260820T020930Z,obs_d4e76ecee899409d9a125b693f1e5d99,2026-08-20T02:09:33.561121+00:00,blockchain,valid_active,28,10,UAV-VALID,ACCEPTED,INVALID_SIGNATURE,False,81339300,81.3393,47300,80954400,0,4100,245100,0,0,0,,,,none,blockchain-valid_active_8,0,False,238,17,
n100-identities_c10-conc_mech-x509-1backend_valid-active_r30_audit-off_20260820T020926Z,obs_53cf235dfc4a4ee591e4583f9c2d5eea,2026-08-20T02:09:28.758630+00:00,x509,valid_active,0,10,UAV-VALID,ACCEPTED,ACCEPTED,True,9726000,9.726,67000,134600,8853100,0,354800,45700,0,0,,,,none,x509-valid_active_0,0,True,238,8,
n100-identities_c10-conc_mech-x509-1backend_valid-active_r30_audit-off_20260820T020926Z,obs_c338d0d3e0014a78ac153136b61a30ef,2026-08-20T02:09:28.776597+00:00,x509,valid_active,0,10,UAV-VALID,ACCEPTED,ACCEPTED,True,17475700,17.4757,65200,217700,16834400,0,229100,5700,0,0,,,,none,x509-valid_active_2,0,False,239,8,
n100-identities_c10-conc_mech-x509-1backend_valid-active_r30_audit-off_20260820T020926Z,obs_bbb9775c5531430f83789bf2843a8014,2026-08-20T02:09:28.767623+00:00,x509,valid_active,1,10,UAV-VALID,ACCEPTED,ACCEPTED,True,11869700,11.8697,51700,151500,11283800,0,244100,7100,0,0,,,,none,x509-valid_active_1,0,True,238,8,
n100-identities_c10-conc_mech-x509-1backend_valid-active_r30_audit-off_20260820T020926Z,obs_6b445798ed72484bb29d4c1f123b4653,2026-08-20T02:09:28.793262+00:00,x509,valid_active,3,10,UAV-VALID,ACCEPTED,ACCEPTED,True,13029600,13.0296,55500,103400,12585300,0,204900,5600,0,0,,,,none,x509-valid_active_5,0,False,240,8,
n100-identities_c10-conc_mech-x509-1backend_valid-active_r30_audit-off_20260820T020926Z,obs_12c1595af7ec4d9594ab4b4b1c3e54f4,2026-08-20T02:09:28.802059+00:00,x509,valid_active,6,10,UAV-VALID,ACCEPTED,ACCEPTED,True,12880200,12.8802,38700,78800,12390100,0,245900,6300,0,0,,,,none,x509-valid_active_1,0,False,239,8,
n100-identities_c10-conc_mech-x509-1backend_valid-active_r30_audit-off_20260820T020926Z,obs_d7967d1bfd3f47269c123348c6629710,2026-08-20T02:09:28.802612+00:00,x509,valid_active,5,10,UAV-VALID,ACCEPTED,ACCEPTED,True,16741800,16.7418,42600,147000,16225000,0,192700,5400,0,0,,,,none,x509-valid_active_6,0,False,239,8,
n100-identities_c10-conc_mech-x509-1backend_valid-active_r30_audit-off_20260820T020926Z,obs_e792af2342814e939d805c03963597cd,2026-08-20T02:09:28.803398+00:00,x509,valid_active,1,10,UAV-VALID,ACCEPTED,ACCEPTED,True,24055900,24.0559,63000,118000,23560300,0,244400,4900,0,0,,,,none,x509-valid_active_3,0,False,239,8,
n100-identities_c10-conc_mech-x509-1backend_valid-active_r30_audit-off_20260820T020926Z,obs_d2915f1ec56144eeb6ea50528ca5c2af,2026-08-20T02:09:28.810880+00:00,x509,valid_active,2,10,UAV-VALID,ACCEPTED,ACCEPTED,True,32978900,32.9789,43800,163500,31981900,0,413000,18300,0,0,,,,none,x509-valid_active_4,0,False,239,8,
n100-identities_c10-conc_mech-x509-1backend_valid-active_r30_audit-off_20260820T020926Z,obs_bbb1a6475b164631a856eeef01812233,2026-08-20T02:09:28.818035+00:00,x509,valid_active,4,10,UAV-VALID,ACCEPTED,ACCEPTED,True,29628000,29.628,58800,98400,29136500,0,220400,5600,0,0,,,,none,x509-valid_active_0,0,False,240,8,
n100-identities_c10-conc_mech-x509-1backend_valid-active_r30_audit-off_20260820T020926Z,obs_bde8a96d35414805938ec87cdd95b62d,2026-08-20T02:09:28.822446+00:00,x509,valid_active,8,10,UAV-VALID,ACCEPTED,ACCEPTED,True,24065000,24.065,48300,122900,23530300,0,240900,7600,0,0,,,,none,x509-valid_active_2,0,False,240,8,
n100-identities_c10-conc_mech-x509-1backend_valid-active_r30_audit-off_20260820T020926Z,obs_e74c82b3db8549bfb8b1389035338ea0,2026-08-20T02:09:28.832947+00:00,x509,valid_active,7,10,UAV-VALID,ACCEPTED,ACCEPTED,True,28171600,28.1716,50000,260000,27562800,0,204600,4900,0,0,,,,none,x509-valid_active_7,0,False,239,8,
n100-identities_c10-conc_mech-x509-1backend_valid-active_r30_audit-off_20260820T020926Z,obs_7148b1967ca743e0afaad1df32250493,2026-08-20T02:09:28.837664+00:00,x509,valid_active,11,10,UAV-VALID,ACCEPTED,ACCEPTED,True,14734000,14.734,54600,94400,14243500,0,225000,6800,0,0,,,,none,x509-valid_active_5,0,False,239,8,
n100-identities_c10-conc_mech-x509-1backend_valid-active_r30_audit-off_20260820T020926Z,obs_c0291ab1be1344d39d4836b9032f7ceb,2026-08-20T02:09:28.840418+00:00,x509,valid_active,10,10,UAV-VALID,ACCEPTED,ACCEPTED,True,19990300,19.9903,47500,184500,19432500,0,214900,5800,0,0,,,,none,x509-valid_active_9,0,False,239,8,
n100-identities_c10-conc_mech-x509-1backend_valid-active_r30_audit-off_20260820T020926Z,obs_a1dabde516d042688844bf8b6d4b7f80,2026-08-20T02:09:28.844817+00:00,x509,valid_active,12,10,UAV-VALID,ACCEPTED,ACCEPTED,True,8976900,8.9769,44400,84500,8541000,0,213100,5800,0,0,,,,none,x509-valid_active_1,0,False,239,8,
n100-identities_c10-conc_mech-x509-1backend_valid-active_r30_audit-off_20260820T020926Z,obs_663cb0b16e4e48bda9e11e7d53e5913d,2026-08-20T02:09:28.849847+00:00,x509,valid_active,13,10,UAV-VALID,ACCEPTED,ACCEPTED,True,14681900,14.6819,49200,99400,14183000,0,239200,8100,0,0,,,,none,x509-valid_active_6,0,False,240,8,
n100-identities_c10-conc_mech-x509-1backend_valid-active_r30_audit-off_20260820T020926Z,obs_80d87380770c40bb8050c01cfb95d87c,2026-08-20T02:09:28.857577+00:00,x509,valid_active,9,10,UAV-VALID,ACCEPTED,ACCEPTED,True,25509100,25.5091,52600,133800,24953500,0,242000,6500,0,0,,,,none,x509-valid_active_8,0,False,239,8,
n100-identities_c10-conc_mech-x509-1backend_valid-active_r30_audit-off_20260820T020926Z,obs_ab1b58fecc0d439aa38f487e579c114f,2026-08-20T02:09:28.861843+00:00,x509,valid_active,17,10,UAV-VALID,ACCEPTED,ACCEPTED,True,17777500,17.7775,41900,93700,17250500,0,274400,7300,0,0,,,,none,x509-valid_active_2,0,False,238,8,
n100-identities_c10-conc_mech-x509-1backend_valid-active_r30_audit-off_20260820T020926Z,obs_612df484cfbc4c2a9912b023ff5887a9,2026-08-20T02:09:28.872025+00:00,x509,valid_active,15,10,UAV-VALID,ACCEPTED,ACCEPTED,True,25829500,25.8295,38200,103200,25253400,0,276100,11000,0,0,,,,none,x509-valid_active_4,0,False,240,8,
n100-identities_c10-conc_mech-x509-1backend_valid-active_r30_audit-off_20260820T020926Z,obs_9611a588fc5f4bcd8bc15ee34fa33fd8,2026-08-20T02:09:28.873500+00:00,x509,valid_active,14,10,UAV-VALID,ACCEPTED,ACCEPTED,True,26809000,26.809,45300,75100,26348300,0,246500,6500,0,0,,,,none,x509-valid_active_3,0,False,239,8,
n100-identities_c10-conc_mech-x509-1backend_valid-active_r30_audit-off_20260820T020926Z,obs_a6ba867dcaf8428cbd828e67baa5bcef,2026-08-20T02:09:28.876643+00:00,x509,valid_active,16,10,UAV-VALID,ACCEPTED,ACCEPTED,True,22299800,22.2998,46200,110200,21792700,0,224400,8300,0,0,,,,none,x509-valid_active_0,0,False,239,8,
n100-identities_c10-conc_mech-x509-1backend_valid-active_r30_audit-off_20260820T020926Z,obs_bdd74de20fb64e6394423d48a3404770,2026-08-20T02:09:28.881084+00:00,x509,valid_active,19,10,UAV-VALID,ACCEPTED,ACCEPTED,True,22658400,22.6584,52000,96100,22201200,0,212400,6400,0,0,,,,none,x509-valid_active_5,0,False,240,8,
n100-identities_c10-conc_mech-x509-1backend_valid-active_r30_audit-off_20260820T020926Z,obs_860c922090a1475fb6410b3d565f8fbf,2026-08-20T02:09:28.890886+00:00,x509,valid_active,18,10,UAV-VALID,ACCEPTED,ACCEPTED,True,24891600,24.8916,33900,2626400,21727900,0,224500,6400,0,0,,,,none,x509-valid_active_7,0,False,240,8,
n100-identities_c10-conc_mech-x509-1backend_valid-active_r30_audit-off_20260820T020926Z,obs_8b0895181ea64cf2ac9435113ba1758c,2026-08-20T02:09:28.896082+00:00,x509,valid_active,20,10,UAV-VALID,ACCEPTED,ACCEPTED,True,31316300,31.3163,48600,116900,30777300,0,255700,8700,0,0,,,,none,x509-valid_active_9,0,False,238,8,
n100-identities_c10-conc_mech-x509-1backend_valid-active_r30_audit-off_20260820T020926Z,obs_67d50dc6183c4c21b758d4c6013c849b,2026-08-20T02:09:28.897591+00:00,x509,valid_active,21,10,UAV-VALID,ACCEPTED,ACCEPTED,True,23127200,23.1272,104000,102800,22616800,0,238600,6300,0,0,,,,none,x509-valid_active_1,0,False,238,8,
n100-identities_c10-conc_mech-x509-1backend_valid-active_r30_audit-off_20260820T020926Z,obs_98138ea4087940f68c88c5e0f38310a2,2026-08-20T02:09:28.906105+00:00,x509,valid_active,22,10,UAV-VALID,ACCEPTED,ACCEPTED,True,26052800,26.0528,46300,113800,25547600,0,233300,6500,0,0,,,,none,x509-valid_active_6,0,False,239,8,
n100-identities_c10-conc_mech-x509-1backend_valid-active_r30_audit-off_20260820T020926Z,obs_5575f644abb442ea88930337115fbe2d,2026-08-20T02:09:28.912682+00:00,x509,valid_active,24,10,UAV-VALID,ACCEPTED,ACCEPTED,True,18446700,18.4467,47800,120100,17945500,0,224700,7300,0,0,,,,none,x509-valid_active_2,0,False,239,8,
n100-identities_c10-conc_mech-x509-1backend_valid-active_r30_audit-off_20260820T020926Z,obs_311ac7777dee4c17927ca935e2e92d41,2026-08-20T02:09:28.915265+00:00,x509,valid_active,28,10,UAV-VALID,ACCEPTED,ACCEPTED,True,2170300,2.1703,51600,122100,1716100,0,196700,6400,0,0,,,,none,x509-valid_active_5,0,False,238,8,
n100-identities_c10-conc_mech-x509-1backend_valid-active_r30_audit-off_20260820T020926Z,obs_502b57e82fa44dc3a21b3897f20e0dfd,2026-08-20T02:09:28.916157+00:00,x509,valid_active,23,10,UAV-VALID,ACCEPTED,ACCEPTED,True,21211500,21.2115,49300,104100,20743000,0,218300,6200,0,0,,,,none,x509-valid_active_8,0,False,239,8,
n100-identities_c10-conc_mech-x509-1backend_valid-active_r30_audit-off_20260820T020926Z,obs_aa434d62de3e4fcaa42f51c6b888f646,2026-08-20T02:09:28.917052+00:00,x509,valid_active,26,10,UAV-VALID,ACCEPTED,ACCEPTED,True,16445900,16.4459,40500,139100,15867800,0,239900,7900,0,0,,,,none,x509-valid_active_3,0,False,240,8,
n100-identities_c10-conc_mech-x509-1backend_valid-active_r30_audit-off_20260820T020926Z,obs_ab072a0243264c4f9ffa1aeff14710d8,2026-08-20T02:09:28.920368+00:00,x509,valid_active,27,10,UAV-VALID,ACCEPTED,ACCEPTED,True,10923500,10.9235,54800,75600,10511500,0,200900,4800,0,0,,,,none,x509-valid_active_0,0,False,239,8,
n100-identities_c10-conc_mech-x509-1backend_valid-active_r30_audit-off_20260820T020926Z,obs_7a2a29a330854cb2bea0993cab7f2963,2026-08-20T02:09:28.920793+00:00,x509,valid_active,25,10,UAV-VALID,ACCEPTED,ACCEPTED,True,12469600,12.4696,61900,76800,12151500,0,146800,4600,0,0,,,,none,x509-valid_active_4,0,False,239,8,
n100-identities_c10-conc_mech-x509-1backend_valid-active_r30_audit-off_20260820T020926Z,obs_e1b7b4ae0685458392fc93e3640f734a,2026-08-20T02:09:28.922314+00:00,x509,valid_active,29,10,UAV-VALID,ACCEPTED,ACCEPTED,True,4533500,4.5335,64300,95300,4109100,0,195300,5900,0,0,,,,none,x509-valid_active_7,0,False,239,8,
n100-identities_c25-conc_mech-blockchain-1backend_valid-active_r30_audit-off_20260820T020939Z,obs_e15fd640dfe14f0ab9f813616639f248,2026-08-20T02:09:42.577729+00:00,blockchain,valid_active,0,25,UAV-VALID,ACCEPTED,INVALID_SIGNATURE,False,123812000,123.812,50100,123356400,0,7500,291000,0,0,0,,,,none,blockchain-valid_active_0,0,True,239,17,
n100-identities_c25-conc_mech-blockchain-1backend_valid-active_r30_audit-off_20260820T020939Z,obs_9d1114b34a8a484f90925e5269408a97,2026-08-20T02:09:42.625123+00:00,blockchain,valid_active,1,25,UAV-VALID,ACCEPTED,INVALID_SIGNATURE,False,166957300,166.9573,42200,166478500,0,4800,328100,0,0,0,,,,none,blockchain-valid_active_1,0,True,239,17,
n100-identities_c25-conc_mech-blockchain-1backend_valid-active_r30_audit-off_20260820T020939Z,obs_217c9866f7634b5393660196aa21e3f4,2026-08-20T02:09:42.686524+00:00,blockchain,valid_active,0,25,UAV-VALID,ACCEPTED,INVALID_SIGNATURE,False,216725300,216.7253,42500,216328700,0,4900,254000,0,0,0,,,,none,blockchain-valid_active_2,0,False,238,17,
n100-identities_c25-conc_mech-blockchain-1backend_valid-active_r30_audit-off_20260820T020939Z,obs_908ae231f9fc4cc29942f36e0bc696df,2026-08-20T02:09:42.703539+00:00,blockchain,valid_active,3,25,UAV-VALID,ACCEPTED,INVALID_SIGNATURE,False,212087100,212.0871,56200,211704800,0,4200,238900,0,0,0,,,,none,blockchain-valid_active_5,0,False,240,17,
n100-identities_c25-conc_mech-blockchain-1backend_valid-active_r30_audit-off_20260820T020939Z,obs_18089e858bc24d998f27c53185348173,2026-08-20T02:09:42.725769+00:00,blockchain,valid_active,1,25,UAV-VALID,ACCEPTED,INVALID_SIGNATURE,False,246298400,246.2984,46600,245869300,0,4200,278500,0,0,0,,,,none,blockchain-valid_active_3,0,False,238,17,
n100-identities_c25-conc_mech-blockchain-1backend_valid-active_r30_audit-off_20260820T020939Z,obs_902de4e7fc0d48af9ea4cb8bdcb708aa,2026-08-20T02:09:42.746288+00:00,blockchain,valid_active,2,25,UAV-VALID,ACCEPTED,INVALID_SIGNATURE,False,267867900,267.8679,52600,267383600,0,4900,323500,0,0,0,,,,none,blockchain-valid_active_4,0,False,240,17,
n100-identities_c25-conc_mech-blockchain-1backend_valid-active_r30_audit-off_20260820T020939Z,obs_21e612dce09944cbabf3366ff7a6d770,2026-08-20T02:09:42.764475+00:00,blockchain,valid_active,4,25,UAV-VALID,ACCEPTED,INVALID_SIGNATURE,False,274819900,274.8199,56400,274343900,0,4100,308000,0,0,0,,,,none,blockchain-valid_active_6,0,False,238,17,
n100-identities_c25-conc_mech-blockchain-1backend_valid-active_r30_audit-off_20260820T020939Z,obs_7117b5c80b7342228798ccc75f81ed7b,2026-08-20T02:09:42.797637+00:00,blockchain,valid_active,10,25,UAV-VALID,ACCEPTED,INVALID_SIGNATURE,False,269934800,269.9348,56500,269437100,0,5400,293900,0,0,0,,,,none,blockchain-valid_active_12,0,False,239,17,
n100-identities_c25-conc_mech-blockchain-1backend_valid-active_r30_audit-off_20260820T020939Z,obs_8de270a72a184fb4994a27cd8d4f1365,2026-08-20T02:09:42.827915+00:00,blockchain,valid_active,11,25,UAV-VALID,ACCEPTED,INVALID_SIGNATURE,False,265488200,265.4882,66000,265074800,0,4300,255600,0,0,0,,,,none,blockchain-valid_active_13,0,False,239,17,
n100-identities_c25-conc_mech-blockchain-1backend_valid-active_r30_audit-off_20260820T020939Z,obs_90ed5207e50a4891a1b7860378c28c49,2026-08-20T02:09:42.831034+00:00,blockchain,valid_active,9,25,UAV-VALID,ACCEPTED,INVALID_SIGNATURE,False,304869700,304.8697,52700,304417000,0,4300,295200,0,0,0,,,,none,blockchain-valid_active_11,0,False,239,17,
n100-identities_c25-conc_mech-blockchain-1backend_valid-active_r30_audit-off_20260820T020939Z,obs_9d0f0a4f437541fd83c3814fd76dab65,2026-08-20T02:09:42.833243+00:00,blockchain,valid_active,5,25,UAV-VALID,ACCEPTED,INVALID_SIGNATURE,False,334872400,334.8724,53300,334474100,0,4600,251700,0,0,0,,,,none,blockchain-valid_active_7,0,False,240,17,
n100-identities_c25-conc_mech-blockchain-1backend_valid-active_r30_audit-off_20260820T020939Z,obs_c84843dfbf4e4b798e8454add35c1184,2026-08-20T02:09:42.835519+00:00,blockchain,valid_active,8,25,UAV-VALID,ACCEPTED,INVALID_SIGNATURE,False,300970600,300.9706,54500,300518000,0,5800,276300,0,0,0,,,,none,blockchain-valid_active_10,0,False,239,17,
n100-identities_c25-conc_mech-blockchain-1backend_valid-active_r30_audit-off_20260820T020939Z,obs_82216ac5c23746e4a4200595c16ea7d0,2026-08-20T02:09:42.838765+00:00,blockchain,valid_active,7,25,UAV-VALID,ACCEPTED,INVALID_SIGNATURE,False,305322300,305.3223,66600,304887800,0,4800,258500,0,0,0,,,,none,blockchain-valid_active_9,0,False,238,17,
n100-identities_c25-conc_mech-blockchain-1backend_valid-active_r30_audit-off_20260820T020939Z,obs_6abb90589c6d43c4a332cc1e38926718,2026-08-20T02:09:42.868227+00:00,blockchain,valid_active,6,25,UAV-VALID,ACCEPTED,INVALID_SIGNATURE,False,363882500,363.8825,59500,363485100,0,5100,247000,0,0,0,,,,none,blockchain-valid_active_8,0,False,238,17,
n100-identities_c25-conc_mech-blockchain-1backend_valid-active_r30_audit-off_20260820T020939Z,obs_a2a6e10eace94eaaa10f9d35273ead17,2026-08-20T02:09:42.879020+00:00,blockchain,valid_active,20,25,UAV-VALID,ACCEPTED,INVALID_SIGNATURE,False,234571700,234.5717,60200,234134500,0,5300,261100,0,0,0,,,,none,blockchain-valid_active_22,0,False,238,17,
n100-identities_c25-conc_mech-blockchain-1backend_valid-active_r30_audit-off_20260820T020939Z,obs_c15b9e8f81d141b0b99799ef2ebe152b,2026-08-20T02:09:42.889364+00:00,blockchain,valid_active,19,25,UAV-VALID,ACCEPTED,INVALID_SIGNATURE,False,241606700,241.6067,55000,241164000,0,4500,265100,0,0,0,,,,none,blockchain-valid_active_21,0,False,239,17,
n100-identities_c25-conc_mech-blockchain-1backend_valid-active_r30_audit-off_20260820T020939Z,obs_db1c6b574453489f979f26dcbcdf8602,2026-08-20T02:09:42.894154+00:00,blockchain,valid_active,16,25,UAV-VALID,ACCEPTED,INVALID_SIGNATURE,False,263139800,263.1398,49000,262663000,0,5600,291400,0,0,0,,,,none,blockchain-valid_active_18,0,False,239,17,
n100-identities_c25-conc_mech-blockchain-1backend_valid-active_r30_audit-off_20260820T020939Z,obs_28d7830772d74599b27f7760669ca434,2026-08-20T02:09:42.900449+00:00,blockchain,valid_active,12,25,UAV-VALID,ACCEPTED,INVALID_SIGNATURE,False,309669500,309.6695,58100,309255900,0,4400,243500,0,0,0,,,,none,blockchain-valid_active_14,0,False,240,17,
n100-identities_c25-conc_mech-blockchain-1backend_valid-active_r30_audit-off_20260820T020939Z,obs_d9479c5618eb48d2a6e036d8645042cf,2026-08-20T02:09:42.902300+00:00,blockchain,valid_active,18,25,UAV-VALID,ACCEPTED,INVALID_SIGNATURE,False,283568200,283.5682,65100,283171800,0,3900,250500,0,0,0,,,,none,blockchain-valid_active_20,0,False,239,17,
n100-identities_c25-conc_mech-blockchain-1backend_valid-active_r30_audit-off_20260820T020939Z,obs_bf9d5ff738204ff4bc8fddf389475261,2026-08-20T02:09:42.906059+00:00,blockchain,valid_active,13,25,UAV-VALID,ACCEPTED,INVALID_SIGNATURE,False,331306600,331.3066,58200,330705800,0,8300,351600,0,0,0,,,,none,blockchain-valid_active_15,0,False,238,17,
n100-identities_c25-conc_mech-blockchain-1backend_valid-active_r30_audit-off_20260820T020939Z,obs_b221b2f66aa94b27ac4f43891ec9a561,2026-08-20T02:09:42.917920+00:00,blockchain,valid_active,14,25,UAV-VALID,ACCEPTED,INVALID_SIGNATURE,False,313818900,313.8189,54800,313341800,0,31600,288900,0,0,0,,,,none,blockchain-valid_active_16,0,False,239,17,
n100-identities_c25-conc_mech-blockchain-1backend_valid-active_r30_audit-off_20260820T020939Z,obs_59c0bdd9ccb548a48e255ecf5a0f46cf,2026-08-20T02:09:42.919873+00:00,blockchain,valid_active,15,25,UAV-VALID,ACCEPTED,INVALID_SIGNATURE,False,311871200,311.8712,58000,311561700,0,3200,181500,0,0,0,,,,none,blockchain-valid_active_17,0,False,238,17,
n100-identities_c25-conc_mech-blockchain-1backend_valid-active_r30_audit-off_20260820T020939Z,obs_990e651ec1b548598fb5ca0f73f94c1d,2026-08-20T02:09:42.924426+00:00,blockchain,valid_active,24,25,UAV-VALID,ACCEPTED,INVALID_SIGNATURE,False,234100900,234.1009,89000,233670200,0,7500,255400,0,0,0,,,,none,blockchain-valid_active_1,0,False,240,17,
n100-identities_c25-conc_mech-blockchain-1backend_valid-active_r30_audit-off_20260820T020939Z,obs_8af7c0a890014697ad0496b3d30d911d,2026-08-20T02:09:42.944161+00:00,blockchain,valid_active,17,25,UAV-VALID,ACCEPTED,INVALID_SIGNATURE,False,291724100,291.7241,64700,291348000,0,4600,231000,0,0,0,,,,none,blockchain-valid_active_19,0,False,239,17,
n100-identities_c25-conc_mech-blockchain-1backend_valid-active_r30_audit-off_20260820T020939Z,obs_9b3548cce3bc40c586096bd110ac0d50,2026-08-20T02:09:42.983308+00:00,blockchain,valid_active,23,25,UAV-VALID,ACCEPTED,INVALID_SIGNATURE,False,284038700,284.0387,54400,283585100,0,5800,280000,0,0,0,,,,none,blockchain-valid_active_0,0,False,239,17,
n100-identities_c25-conc_mech-blockchain-1backend_valid-active_r30_audit-off_20260820T020939Z,obs_d7da6ec9aaec4407a71f8a3e7a9779e2,2026-08-20T02:09:42.988111+00:00,blockchain,valid_active,25,25,UAV-VALID,ACCEPTED,INVALID_SIGNATURE,False,180058300,180.0583,60600,179706800,0,2800,209800,0,0,0,,,,none,blockchain-valid_active_2,0,False,239,17,
n100-identities_c25-conc_mech-blockchain-1backend_valid-active_r30_audit-off_20260820T020939Z,obs_9f463cfd9a2e499e9f4d5396c409546f,2026-08-20T02:09:42.990279+00:00,blockchain,valid_active,22,25,UAV-VALID,ACCEPTED,INVALID_SIGNATURE,False,326606400,326.6064,65600,326169400,0,6000,250500,0,0,0,,,,none,blockchain-valid_active_24,0,False,240,17,
n100-identities_c25-conc_mech-blockchain-1backend_valid-active_r30_audit-off_20260820T020939Z,obs_6b628eae27af4a6f84bbba99649d687e,2026-08-20T02:09:42.994985+00:00,blockchain,valid_active,21,25,UAV-VALID,ACCEPTED,INVALID_SIGNATURE,False,305960400,305.9604,50300,305598200,0,3200,225700,0,0,0,,,,none,blockchain-valid_active_23,0,False,239,17,
n100-identities_c25-conc_mech-blockchain-1backend_valid-active_r30_audit-off_20260820T020939Z,obs_3a5c6cb2ccf24a428a87e98ad3901d37,2026-08-20T02:09:43.005583+00:00,blockchain,valid_active,26,25,UAV-VALID,ACCEPTED,INVALID_SIGNATURE,False,187229500,187.2295,63700,186701700,0,3900,353900,0,0,0,,,,none,blockchain-valid_active_5,0,False,239,17,
n100-identities_c25-conc_mech-blockchain-1backend_valid-active_r30_audit-off_20260820T020939Z,obs_dbcadb0f978148408eb90fbf5b838012,2026-08-20T02:09:43.008818+00:00,blockchain,valid_active,29,25,UAV-VALID,ACCEPTED,INVALID_SIGNATURE,False,163118800,163.1188,45600,162691800,0,5200,274400,0,0,0,,,,none,blockchain-valid_active_6,0,False,239,17,
n100-identities_c25-conc_mech-blockchain-1backend_valid-active_r30_audit-off_20260820T020939Z,obs_cbeae3673c2f4c19b78471acd3f2e8b8,2026-08-20T02:09:43.038551+00:00,blockchain,valid_active,27,25,UAV-VALID,ACCEPTED,INVALID_SIGNATURE,False,122859400,122.8594,40600,122447800,0,4600,252400,0,0,0,,,,none,blockchain-valid_active_3,0,False,238,17,
n100-identities_c25-conc_mech-blockchain-1backend_valid-active_r30_audit-off_20260820T020939Z,obs_7158fd5f99534cb39029e94d77ade056,2026-08-20T02:09:43.041017+00:00,blockchain,valid_active,28,25,UAV-VALID,ACCEPTED,INVALID_SIGNATURE,False,129217400,129.2174,69400,128878500,0,3400,200400,0,0,0,,,,none,blockchain-valid_active_4,0,False,240,17,
n100-identities_c25-conc_mech-x509-1backend_valid-active_r30_audit-off_20260820T020934Z,obs_4396eadc31c0476d8554bd2f52e54246,2026-08-20T02:09:37.835862+00:00,x509,valid_active,0,25,UAV-VALID,ACCEPTED,ACCEPTED,True,27064500,27.0645,41300,134500,26576400,0,203300,6600,0,0,,,,none,x509-valid_active_2,0,False,240,8,
n100-identities_c25-conc_mech-x509-1backend_valid-active_r30_audit-off_20260820T020934Z,obs_8ac614af73b3432c8b97ad4fdbf0b0c7,2026-08-20T02:09:37.860342+00:00,x509,valid_active,1,25,UAV-VALID,ACCEPTED,ACCEPTED,True,34658100,34.6581,51600,131900,34217200,0,179300,5900,0,0,,,,none,x509-valid_active_3,0,False,238,8,
n100-identities_c25-conc_mech-x509-1backend_valid-active_r30_audit-off_20260820T020934Z,obs_40216cd7b1f243a892260357b3cbb04a,2026-08-20T02:09:37.866737+00:00,x509,valid_active,7,25,UAV-VALID,ACCEPTED,ACCEPTED,True,27651700,27.6517,48300,121900,27160400,0,219200,5300,0,0,,,,none,x509-valid_active_9,0,False,240,8,
n100-identities_c25-conc_mech-x509-1backend_valid-active_r30_audit-off_20260820T020934Z,obs_3c3cf44716d448f199dc1765d9650564,2026-08-20T02:09:37.851849+00:00,x509,valid_active,2,25,UAV-VALID,ACCEPTED,ACCEPTED,True,29719200,29.7192,74100,137600,29239000,0,183600,5100,0,0,,,,none,x509-valid_active_4,0,False,239,8,
n100-identities_c25-conc_mech-x509-1backend_valid-active_r30_audit-off_20260820T020934Z,obs_5c95edb77563478881a63c59e0f99fb5,2026-08-20T02:09:37.869323+00:00,x509,valid_active,4,25,UAV-VALID,ACCEPTED,ACCEPTED,True,38240500,38.2405,41400,108200,37794800,0,205200,6000,0,0,,,,none,x509-valid_active_6,0,False,239,8,
n100-identities_c25-conc_mech-x509-1backend_valid-active_r30_audit-off_20260820T020934Z,obs_14f2b62e8c184e348de482cbc9e22a5f,2026-08-20T02:09:37.872523+00:00,x509,valid_active,5,25,UAV-VALID,ACCEPTED,ACCEPTED,True,37388800,37.3888,34000,102800,36935800,0,182300,4200,0,0,,,,none,x509-valid_active_7,0,False,240,8,
n100-identities_c25-conc_mech-x509-1backend_valid-active_r30_audit-off_20260820T020934Z,obs_09808f1b0f7845ecb0864d969a55ec85,2026-08-20T02:09:37.863199+00:00,x509,valid_active,3,25,UAV-VALID,ACCEPTED,ACCEPTED,True,33015600,33.0156,45700,135200,32543900,0,192300,4000,0,0,,,,none,x509-valid_active_5,0,False,239,8,
n100-identities_c25-conc_mech-x509-1backend_valid-active_r30_audit-off_20260820T020934Z,obs_db99e5051d064d3099e360bcfd494817,2026-08-20T02:09:37.819788+00:00,x509,valid_active,0,25,UAV-VALID,ACCEPTED,ACCEPTED,True,20181000,20.181,49800,126400,19612300,0,272600,6400,0,0,,,,none,x509-valid_active_0,0,True,239,8,
n100-identities_c25-conc_mech-x509-1backend_valid-active_r30_audit-off_20260820T020934Z,obs_cd492018bd53440fa0dabfff4f777ecf,2026-08-20T02:09:37.816441+00:00,x509,valid_active,1,25,UAV-VALID,ACCEPTED,ACCEPTED,True,12491400,12.4914,51900,124500,11979800,0,219200,6900,0,0,,,,none,x509-valid_active_1,0,True,239,8,
n100-identities_c25-conc_mech-x509-1backend_valid-active_r30_audit-off_20260820T020934Z,obs_4d873a84e92245da9b75fc8afaa72ffc,2026-08-20T02:09:37.889889+00:00,x509,valid_active,9,25,UAV-VALID,ACCEPTED,ACCEPTED,True,43202900,43.2029,59000,103800,42770800,0,179500,5800,0,0,,,,none,x509-valid_active_1,0,False,239,8,
n100-identities_c25-conc_mech-x509-1backend_valid-active_r30_audit-off_20260820T020934Z,obs_347796f8a4ea4e0d9e7a6c70a49ab25e,2026-08-20T02:09:37.897775+00:00,x509,valid_active,6,25,UAV-VALID,ACCEPTED,ACCEPTED,True,54014200,54.0142,50900,124900,53509200,0,206700,6800,0,0,,,,none,x509-valid_active_8,0,False,239,8,
n100-identities_c25-conc_mech-x509-1backend_valid-active_r30_audit-off_20260820T020934Z,obs_02af7ca79329458b8f4ce9a559560385,2026-08-20T02:09:37.905510+00:00,x509,valid_active,8,25,UAV-VALID,ACCEPTED,ACCEPTED,True,52629800,52.6298,65300,120200,52252600,0,144800,5300,0,0,,,,none,x509-valid_active_10,0,False,240,8,
n100-identities_c25-conc_mech-x509-1backend_valid-active_r30_audit-off_20260820T020934Z,obs_68145ce7ee0e4da2922bae92b213c589,2026-08-20T02:09:37.910664+00:00,x509,valid_active,14,25,UAV-VALID,ACCEPTED,ACCEPTED,True,33263400,33.2634,55900,127800,32656000,0,282300,7200,0,0,,,,none,x509-valid_active_14,0,False,239,8,
n100-identities_c25-conc_mech-x509-1backend_valid-active_r30_audit-off_20260820T020934Z,obs_eaecd64dec9b491abd269a5a8a132c8e,2026-08-20T02:09:37.912179+00:00,x509,valid_active,13,25,UAV-VALID,ACCEPTED,ACCEPTED,True,37919100,37.9191,36900,155300,37313100,0,247400,7700,0,0,,,,none,x509-valid_active_13,0,False,239,8,
n100-identities_c25-conc_mech-x509-1backend_valid-active_r30_audit-off_20260820T020934Z,obs_1c079fd965fb4a0591e516c8b19f996c,2026-08-20T02:09:37.921151+00:00,x509,valid_active,10,25,UAV-VALID,ACCEPTED,ACCEPTED,True,52647800,52.6478,56500,69400,52119200,0,258500,7200,0,0,,,,none,x509-valid_active_0,0,False,240,8,
n100-identities_c25-conc_mech-x509-1backend_valid-active_r30_audit-off_20260820T020934Z,obs_bc96711fdbad49e8b60216a175ef6327,2026-08-20T02:09:37.923574+00:00,x509,valid_active,26,25,UAV-VALID,ACCEPTED,ACCEPTED,True,19610100,19.6101,33700,61200,19219400,0,200600,6500,0,0,,,,none,x509-valid_active_6,0,False,239,8,
n100-identities_c25-conc_mech-x509-1backend_valid-active_r30_audit-off_20260820T020934Z,obs_c3f715a595b143eda19b16ef1700fd78,2026-08-20T02:09:37.927839+00:00,x509,valid_active,11,25,UAV-VALID,ACCEPTED,ACCEPTED,True,45959500,45.9595,46000,143700,45416800,0,241200,7100,0,0,,,,none,x509-valid_active_11,0,False,239,8,
n100-identities_c25-conc_mech-x509-1backend_valid-active_r30_audit-off_20260820T020934Z,obs_81e8c9a85dd747cda204f4f8060b9867,2026-08-20T02:09:37.931039+00:00,x509,valid_active,12,25,UAV-VALID,ACCEPTED,ACCEPTED,True,42631900,42.6319,44900,156200,42029600,0,280500,9000,0,0,,,,none,x509-valid_active_12,0,False,239,8,
n100-identities_c25-conc_mech-x509-1backend_valid-active_r30_audit-off_20260820T020934Z,obs_0c6b9ee4f395444481b23f40bd72ffce,2026-08-20T02:09:37.934192+00:00,x509,valid_active,20,25,UAV-VALID,ACCEPTED,ACCEPTED,True,24584700,24.5847,27400,111200,24141200,0,198500,5900,0,0,,,,none,x509-valid_active_18,0,False,240,8,
n100-identities_c25-conc_mech-x509-1backend_valid-active_r30_audit-off_20260820T020934Z,obs_d627dcae37774bd3824048c7e463f808,2026-08-20T02:09:37.935969+00:00,x509,valid_active,24,25,UAV-VALID,ACCEPTED,ACCEPTED,True,21352800,21.3528,43700,91000,20909400,0,209800,6200,0,0,,,,none,x509-valid_active_9,0,False,238,8,
n100-identities_c25-conc_mech-x509-1backend_valid-active_r30_audit-off_20260820T020934Z,obs_810aa0c544a44784aad11e8806f40bca,2026-08-20T02:09:37.936754+00:00,x509,valid_active,29,25,UAV-VALID,ACCEPTED,ACCEPTED,True,23554100,23.5541,52900,111400,23095300,0,200800,6100,0,0,,,,none,x509-valid_active_22,0,False,239,8,
n100-identities_c25-conc_mech-x509-1backend_valid-active_r30_audit-off_20260820T020934Z,obs_fc092d5c5265495395f21aaef88cdeaa,2026-08-20T02:09:37.943507+00:00,x509,valid_active,17,25,UAV-VALID,ACCEPTED,ACCEPTED,True,40036100,40.0361,39900,82100,39519000,0,276300,10500,0,0,,,,none,x509-valid_active_16,0,False,238,8,
n100-identities_c25-conc_mech-x509-1backend_valid-active_r30_audit-off_20260820T020934Z,obs_378337ebd9224751a8aec24944d851c6,2026-08-20T02:09:37.944695+00:00,x509,valid_active,19,25,UAV-VALID,ACCEPTED,ACCEPTED,True,33588700,33.5887,55100,138100,33072200,0,224200,6600,0,0,,,,none,x509-valid_active_17,0,False,239,8,
n100-identities_c25-conc_mech-x509-1backend_valid-active_r30_audit-off_20260820T020934Z,obs_c2789faf3a374e2993e7aa3a493faff2,2026-08-20T02:09:37.945482+00:00,x509,valid_active,15,25,UAV-VALID,ACCEPTED,ACCEPTED,True,52574400,52.5744,56800,74900,52159400,0,211200,6300,0,0,,,,none,x509-valid_active_2,0,False,240,8,
n100-identities_c25-conc_mech-x509-1backend_valid-active_r30_audit-off_20260820T020934Z,obs_3ba97493a7b541f38dc8671203c29972,2026-08-20T02:09:37.948951+00:00,x509,valid_active,16,25,UAV-VALID,ACCEPTED,ACCEPTED,True,40291400,40.2914,57100,135900,39788200,0,211300,5900,0,0,,,,none,x509-valid_active_15,0,False,239,8,
n100-identities_c25-conc_mech-x509-1backend_valid-active_r30_audit-off_20260820T020934Z,obs_e2a5e302821b41a8a7b6238e90272bea,2026-08-20T02:09:37.952653+00:00,x509,valid_active,22,25,UAV-VALID,ACCEPTED,ACCEPTED,True,25798400,25.7984,50800,134700,25323000,0,197400,6100,0,0,,,,none,x509-valid_active_19,0,False,238,8,
n100-identities_c25-conc_mech-x509-1backend_valid-active_r30_audit-off_20260820T020934Z,obs_49a82e0463e04392a10316c7ce1c86da,2026-08-20T02:09:37.953153+00:00,x509,valid_active,23,25,UAV-VALID,ACCEPTED,ACCEPTED,True,20871900,20.8719,42600,94400,20483400,0,170800,4600,0,0,,,,none,x509-valid_active_5,0,False,239,8,
n100-identities_c25-conc_mech-x509-1backend_valid-active_r30_audit-off_20260820T020934Z,obs_6ffdb1536ebe4bcf88edbb2e69d29ae1,2026-08-20T02:09:37.953585+00:00,x509,valid_active,27,25,UAV-VALID,ACCEPTED,ACCEPTED,True,29471800,29.4718,51000,120400,29074200,0,162700,4500,0,0,,,,none,x509-valid_active_21,0,False,238,8,
n100-identities_c25-conc_mech-x509-1backend_valid-active_r30_audit-off_20260820T020934Z,obs_6a8cf0acf736442eb3471285f49defca,2026-08-20T02:09:37.954227+00:00,x509,valid_active,21,25,UAV-VALID,ACCEPTED,ACCEPTED,True,24229800,24.2298,50400,81300,23834400,0,188400,4800,0,0,,,,none,x509-valid_active_3,0,False,239,8,
n100-identities_c25-conc_mech-x509-1backend_valid-active_r30_audit-off_20260820T020934Z,obs_e792dc16f1ac4c07aceb28d08f6cdd84,2026-08-20T02:09:37.955683+00:00,x509,valid_active,18,25,UAV-VALID,ACCEPTED,ACCEPTED,True,26488900,26.4889,31900,93600,26064300,0,193100,5700,0,0,,,,none,x509-valid_active_4,0,False,238,8,
n100-identities_c25-conc_mech-x509-1backend_valid-active_r30_audit-off_20260820T020934Z,obs_d8037a663b084c029795fc70cf4ee0f0,2026-08-20T02:09:37.956721+00:00,x509,valid_active,25,25,UAV-VALID,ACCEPTED,ACCEPTED,True,19210800,19.2108,63100,4767000,13909800,0,272800,9400,0,0,,,,none,x509-valid_active_20,0,False,238,8,
n100-identities_c25-conc_mech-x509-1backend_valid-active_r30_audit-off_20260820T020934Z,obs_e6847f545a9643b4b6a464905f6e00e9,2026-08-20T02:09:37.957570+00:00,x509,valid_active,28,25,UAV-VALID,ACCEPTED,ACCEPTED,True,10679200,10.6792,47400,111700,10149100,0,245700,6400,0,0,,,,none,x509-valid_active_7,0,False,239,8,
n100-identities_c5-conc_mech-blockchain-1backend_valid-active_r30_audit-off_20260820T020920Z,obs_4b867b4005604aea8e0272f17179cd01,2026-08-20T02:09:23.647445+00:00,blockchain,valid_active,0,5,UAV-VALID,ACCEPTED,INVALID_SIGNATURE,False,111335500,111.3355,69500,110924800,0,4500,246100,0,0,0,,,,none,blockchain-valid_active_0,0,True,239,17,
n100-identities_c5-conc_mech-blockchain-1backend_valid-active_r30_audit-off_20260820T020920Z,obs_5b289ac59e364aa39959a1b7995eb3f7,2026-08-20T02:09:23.681523+00:00,blockchain,valid_active,0,5,UAV-VALID,ACCEPTED,INVALID_SIGNATURE,False,97352700,97.3527,187100,94231200,0,5000,2848700,0,0,0,,,,none,blockchain-valid_active_2,0,False,239,17,
n100-identities_c5-conc_mech-blockchain-1backend_valid-active_r30_audit-off_20260820T020920Z,obs_005b383bb5124c19b4ef44008be7c9f1,2026-08-20T02:09:23.688417+00:00,blockchain,valid_active,2,5,UAV-VALID,ACCEPTED,INVALID_SIGNATURE,False,90722900,90.7229,65300,90226800,0,5200,293800,0,0,0,,,,none,blockchain-valid_active_4,0,False,240,17,
n100-identities_c5-conc_mech-blockchain-1backend_valid-active_r30_audit-off_20260820T020920Z,obs_bd889fdd37174e85b25f91279613c304,2026-08-20T02:09:23.691083+00:00,blockchain,valid_active,1,5,UAV-VALID,ACCEPTED,INVALID_SIGNATURE,False,95571700,95.5717,62400,95089800,0,4300,288800,0,0,0,,,,none,blockchain-valid_active_3,0,False,238,17,
n100-identities_c5-conc_mech-blockchain-1backend_valid-active_r30_audit-off_20260820T020920Z,obs_5ddffbcdfcf046d2bc7b7c2c0de06b1f,2026-08-20T02:09:23.693476+00:00,blockchain,valid_active,1,5,UAV-VALID,ACCEPTED,INVALID_SIGNATURE,False,100371000,100.371,52000,99941700,0,4900,267700,0,0,0,,,,none,blockchain-valid_active_1,0,True,240,17,
n100-identities_c5-conc_mech-blockchain-1backend_valid-active_r30_audit-off_20260820T020920Z,obs_fa7f3064ec204aeaac058d40defd7fc4,2026-08-20T02:09:23.725096+00:00,blockchain,valid_active,3,5,UAV-VALID,ACCEPTED,INVALID_SIGNATURE,False,61817400,61.8174,71400,61287100,0,5800,271000,0,0,0,,,,none,blockchain-valid_active_0,0,False,239,17,
n100-identities_c5-conc_mech-blockchain-1backend_valid-active_r30_audit-off_20260820T020920Z,obs_2ae33587570e4bb0a04634294be25e0f,2026-08-20T02:09:23.760947+00:00,blockchain,valid_active,6,5,UAV-VALID,ACCEPTED,INVALID_SIGNATURE,False,57205700,57.2057,80000,56711100,0,6200,312000,0,0,0,,,,none,blockchain-valid_active_3,0,False,239,17,
n100-identities_c5-conc_mech-blockchain-1backend_valid-active_r30_audit-off_20260820T020920Z,obs_61dca39fe5084105916c555d4b039058,2026-08-20T02:09:23.777973+00:00,blockchain,valid_active,4,5,UAV-VALID,ACCEPTED,INVALID_SIGNATURE,False,69667200,69.6672,59400,69180200,0,6100,291400,0,0,0,,,,none,blockchain-valid_active_2,0,False,239,17,
n100-identities_c5-conc_mech-blockchain-1backend_valid-active_r30_audit-off_20260820T020920Z,obs_36afadfd6ef74ae3ba92af84aac0d735,2026-08-20T02:09:23.780854+00:00,blockchain,valid_active,5,5,UAV-VALID,ACCEPTED,INVALID_SIGNATURE,False,74979900,74.9799,62800,74440400,0,5500,310700,0,0,0,,,,none,blockchain-valid_active_4,0,False,239,17,
n100-identities_c5-conc_mech-blockchain-1backend_valid-active_r30_audit-off_20260820T020920Z,obs_3ad2542297cc4245bdd378566ba26821,2026-08-20T02:09:23.799078+00:00,blockchain,valid_active,8,5,UAV-VALID,ACCEPTED,INVALID_SIGNATURE,False,53545000,53.545,55100,53112300,0,5700,272400,0,0,0,,,,none,blockchain-valid_active_0,0,False,240,17,
n100-identities_c5-conc_mech-blockchain-1backend_valid-active_r30_audit-off_20260820T020920Z,obs_2344b4c0e1e143539759761dbedbd725,2026-08-20T02:09:23.801369+00:00,blockchain,valid_active,7,5,UAV-VALID,ACCEPTED,INVALID_SIGNATURE,False,82777900,82.7779,61900,82231100,0,5100,374100,0,0,0,,,,none,blockchain-valid_active_1,0,False,238,17,
n100-identities_c5-conc_mech-blockchain-1backend_valid-active_r30_audit-off_20260820T020920Z,obs_45589987ce4146e395e000d7d742dde1,2026-08-20T02:09:23.818686+00:00,blockchain,valid_active,9,5,UAV-VALID,ACCEPTED,INVALID_SIGNATURE,False,46826100,46.8261,57000,46388600,0,4200,271500,0,0,0,,,,none,blockchain-valid_active_3,0,False,239,17,
n100-identities_c5-conc_mech-blockchain-1backend_valid-active_r30_audit-off_20260820T020920Z,obs_825f5af91ad447fb927e15fab52b1f49,2026-08-20T02:09:23.853691+00:00,blockchain,valid_active,11,5,UAV-VALID,ACCEPTED,INVALID_SIGNATURE,False,60707900,60.7079,61100,60180800,0,54200,285700,0,0,0,,,,none,blockchain-valid_active_4,0,False,238,17,
n100-identities_c5-conc_mech-blockchain-1backend_valid-active_r30_audit-off_20260820T020920Z,obs_fa26991a11c74cdeb7fa737aebcfed76,2026-08-20T02:09:23.890212+00:00,blockchain,valid_active,10,5,UAV-VALID,ACCEPTED,INVALID_SIGNATURE,False,95602100,95.6021,49700,95159100,0,4400,280100,0,0,0,,,,none,blockchain-valid_active_2,0,False,240,17,
n100-identities_c5-conc_mech-blockchain-1backend_valid-active_r30_audit-off_20260820T020920Z,obs_052159270c1f4e5c9248a3b49d09115e,2026-08-20T02:09:23.902980+00:00,blockchain,valid_active,13,5,UAV-VALID,ACCEPTED,INVALID_SIGNATURE,False,79915900,79.9159,65800,79339400,0,6300,372500,0,0,0,,,,none,blockchain-valid_active_1,0,False,239,17,
n100-identities_c5-conc_mech-blockchain-1backend_valid-active_r30_audit-off_20260820T020920Z,obs_526fcc9601a04a5694f39ea5dd0355c7,2026-08-20T02:09:23.912662+00:00,blockchain,valid_active,14,5,UAV-VALID,ACCEPTED,INVALID_SIGNATURE,False,69289300,69.2893,56400,68693000,0,5900,325300,0,0,0,,,,none,blockchain-valid_active_3,0,False,238,17,
n100-identities_c5-conc_mech-blockchain-1backend_valid-active_r30_audit-off_20260820T020920Z,obs_a7bc7a4a06cf4cd8a10599a2b795abbd,2026-08-20T02:09:23.917240+00:00,blockchain,valid_active,12,5,UAV-VALID,ACCEPTED,INVALID_SIGNATURE,False,96354600,96.3546,50400,95905400,0,11700,279000,0,0,0,,,,none,blockchain-valid_active_0,0,False,238,17,
n100-identities_c5-conc_mech-blockchain-1backend_valid-active_r30_audit-off_20260820T020920Z,obs_67a5f4db719e4daa957b8e7792198c09,2026-08-20T02:09:23.943627+00:00,blockchain,valid_active,15,5,UAV-VALID,ACCEPTED,INVALID_SIGNATURE,False,73978500,73.9785,53800,73537100,0,4400,280700,0,0,0,,,,none,blockchain-valid_active_4,0,False,238,17,
n100-identities_c5-conc_mech-blockchain-1backend_valid-active_r30_audit-off_20260820T020920Z,obs_bd7d61e6ece74da1a915490a4e6d0016,2026-08-20T02:09:24.003176+00:00,blockchain,valid_active,16,5,UAV-VALID,ACCEPTED,INVALID_SIGNATURE,False,98521100,98.5211,68900,97719300,0,4100,580200,0,0,0,,,,none,blockchain-valid_active_2,0,False,239,17,
n100-identities_c5-conc_mech-blockchain-1backend_valid-active_r30_audit-off_20260820T020920Z,obs_ffa67e8451b64a42b9e833e171299039,2026-08-20T02:09:24.082398+00:00,blockchain,valid_active,20,5,UAV-VALID,ACCEPTED,INVALID_SIGNATURE,False,132732700,132.7327,70200,132328600,0,4200,257900,0,0,0,,,,none,blockchain-valid_active_4,0,False,239,17,
n100-identities_c5-conc_mech-blockchain-1backend_valid-active_r30_audit-off_20260820T020920Z,obs_938662e2b5a04a808d4f821776757061,2026-08-20T02:09:24.089010+00:00,blockchain,valid_active,17,5,UAV-VALID,ACCEPTED,INVALID_SIGNATURE,False,167731700,167.7317,157000,167307700,0,4300,271400,0,0,0,,,,none,blockchain-valid_active_1,0,False,239,17,
n100-identities_c5-conc_mech-blockchain-1backend_valid-active_r30_audit-off_20260820T020920Z,obs_213cbf14487a435bb3dc096245a87479,2026-08-20T02:09:24.090993+00:00,blockchain,valid_active,19,5,UAV-VALID,ACCEPTED,INVALID_SIGNATURE,False,160779100,160.7791,95600,160351700,0,5200,263300,0,0,0,,,,none,blockchain-valid_active_0,0,False,240,17,
n100-identities_c5-conc_mech-blockchain-1backend_valid-active_r30_audit-off_20260820T020920Z,obs_16958fdd9b25474b93b9b4406b63ebd0,2026-08-20T02:09:24.092955+00:00,blockchain,valid_active,18,5,UAV-VALID,ACCEPTED,INVALID_SIGNATURE,False,161836400,161.8364,62200,161424400,0,3900,261300,0,0,0,,,,none,blockchain-valid_active_3,0,False,239,17,
n100-identities_c5-conc_mech-blockchain-1backend_valid-active_r30_audit-off_20260820T020920Z,obs_dc7f7182c97d41028714170bbb1146d4,2026-08-20T02:09:24.161505+00:00,blockchain,valid_active,21,5,UAV-VALID,ACCEPTED,INVALID_SIGNATURE,False,150355800,150.3558,55200,149836400,0,28300,307200,0,0,0,,,,none,blockchain-valid_active_2,0,False,239,17,
n100-identities_c5-conc_mech-blockchain-1backend_valid-active_r30_audit-off_20260820T020920Z,obs_4e684ddbcd5d4fa29b5432cba708db47,2026-08-20T02:09:24.176286+00:00,blockchain,valid_active,22,5,UAV-VALID,ACCEPTED,INVALID_SIGNATURE,False,74759400,74.7594,50300,74332600,0,3700,276100,0,0,0,,,,none,blockchain-valid_active_4,0,False,239,17,
n100-identities_c5-conc_mech-blockchain-1backend_valid-active_r30_audit-off_20260820T020920Z,obs_1959f70a995648319f756dd91f0322e9,2026-08-20T02:09:24.180616+00:00,blockchain,valid_active,23,5,UAV-VALID,ACCEPTED,INVALID_SIGNATURE,False,73007200,73.0072,64900,72576700,0,4400,258900,0,0,0,,,,none,blockchain-valid_active_1,0,False,239,17,
n100-identities_c5-conc_mech-blockchain-1backend_valid-active_r30_audit-off_20260820T020920Z,obs_10f7c3d55cb64913b90ee7dc9dfe89a6,2026-08-20T02:09:24.183290+00:00,blockchain,valid_active,24,5,UAV-VALID,ACCEPTED,INVALID_SIGNATURE,False,73274200,73.2742,59200,72835200,0,4900,273000,0,0,0,,,,none,blockchain-valid_active_0,0,False,239,17,
n100-identities_c5-conc_mech-blockchain-1backend_valid-active_r30_audit-off_20260820T020920Z,obs_7c83650c87af48b1885a4178bd6b8f19,2026-08-20T02:09:24.186134+00:00,blockchain,valid_active,25,5,UAV-VALID,ACCEPTED,INVALID_SIGNATURE,False,72059300,72.0593,50500,71615100,0,4300,263800,0,0,0,,,,none,blockchain-valid_active_3,0,False,238,17,
n100-identities_c5-conc_mech-blockchain-1backend_valid-active_r30_audit-off_20260820T020920Z,obs_ddf9a351738040e3ab3d510e5717c5e0,2026-08-20T02:09:24.243330+00:00,blockchain,valid_active,26,5,UAV-VALID,ACCEPTED,INVALID_SIGNATURE,False,56172900,56.1729,47900,55732700,0,4900,287200,0,0,0,,,,none,blockchain-valid_active_2,0,False,238,17,
n100-identities_c5-conc_mech-blockchain-1backend_valid-active_r30_audit-off_20260820T020920Z,obs_5363d5f58a614b11aa5d73dacd503793,2026-08-20T02:09:24.252821+00:00,blockchain,valid_active,28,5,UAV-VALID,ACCEPTED,INVALID_SIGNATURE,False,54346100,54.3461,65900,53961700,0,4300,238600,0,0,0,,,,none,blockchain-valid_active_1,0,False,239,17,
n100-identities_c5-conc_mech-blockchain-1backend_valid-active_r30_audit-off_20260820T020920Z,obs_d5eb0624931e4cb0b50b4efbdf942dfe,2026-08-20T02:09:24.254632+00:00,blockchain,valid_active,29,5,UAV-VALID,ACCEPTED,INVALID_SIGNATURE,False,52650500,52.6505,52400,52266200,0,4000,238700,0,0,0,,,,none,blockchain-valid_active_0,0,False,239,17,
n100-identities_c5-conc_mech-blockchain-1backend_valid-active_r30_audit-off_20260820T020920Z,obs_f46a9553b5584610b125b0e016f07bda,2026-08-20T02:09:24.256856+00:00,blockchain,valid_active,27,5,UAV-VALID,ACCEPTED,INVALID_SIGNATURE,False,56441500,56.4415,58800,56066200,0,3500,230900,0,0,0,,,,none,blockchain-valid_active_4,0,False,239,17,
n100-identities_c5-conc_mech-x509-1backend_valid-active_r30_audit-off_20260820T020915Z,obs_1b15fd2ca5ae4b8b908208ac34935877,2026-08-20T02:09:18.012884+00:00,x509,valid_active,0,5,UAV-VALID,ACCEPTED,ACCEPTED,True,9804300,9.8043,49600,138900,9156500,0,271800,41800,0,0,,,,none,x509-valid_active_0,0,True,240,8,
n100-identities_c5-conc_mech-x509-1backend_valid-active_r30_audit-off_20260820T020915Z,obs_f3b48cca130745788daab946904d1c16,2026-08-20T02:09:18.014452+00:00,x509,valid_active,0,5,UAV-VALID,ACCEPTED,ACCEPTED,True,9475700,9.4757,61600,133800,8996700,0,195800,6800,0,0,,,,none,x509-valid_active_2,0,False,238,8,
n100-identities_c5-conc_mech-x509-1backend_valid-active_r30_audit-off_20260820T020915Z,obs_9c2d59588473468faad95b983b676181,2026-08-20T02:09:18.015349+00:00,x509,valid_active,1,5,UAV-VALID,ACCEPTED,ACCEPTED,True,7589600,7.5896,58400,122700,7079500,0,222600,6000,0,0,,,,none,x509-valid_active_1,0,True,240,8,
n100-identities_c5-conc_mech-x509-1backend_valid-active_r30_audit-off_20260820T020915Z,obs_6c71ef40987f446f89d3619936f1b167,2026-08-20T02:09:18.026777+00:00,x509,valid_active,1,5,UAV-VALID,ACCEPTED,ACCEPTED,True,14914400,14.9144,63900,103100,14413400,0,239000,7200,0,0,,,,none,x509-valid_active_3,0,False,238,8,
n100-identities_c5-conc_mech-x509-1backend_valid-active_r30_audit-off_20260820T020915Z,obs_599d787d481e44b388107c0c54712c46,2026-08-20T02:09:18.027406+00:00,x509,valid_active,2,5,UAV-VALID,ACCEPTED,ACCEPTED,True,16379100,16.3791,61800,128900,15830700,0,249700,8300,0,0,,,,none,x509-valid_active_4,0,False,240,8,
n100-identities_c5-conc_mech-x509-1backend_valid-active_r30_audit-off_20260820T020915Z,obs_2ff7f9594f4c46979110e50de165a98b,2026-08-20T02:09:18.036489+00:00,x509,valid_active,5,5,UAV-VALID,ACCEPTED,ACCEPTED,True,8351200,8.3512,53800,83900,7845800,0,252800,6600,0,0,,,,none,x509-valid_active_1,0,False,239,8,
n100-identities_c5-conc_mech-x509-1backend_valid-active_r30_audit-off_20260820T020915Z,obs_eca89740830c436aaa592ea832970081,2026-08-20T02:09:18.037301+00:00,x509,valid_active,4,5,UAV-VALID,ACCEPTED,ACCEPTED,True,12624900,12.6249,51900,99100,11784000,0,223500,5900,0,0,,,,none,x509-valid_active_2,0,False,238,8,
n100-identities_c5-conc_mech-x509-1backend_valid-active_r30_audit-off_20260820T020915Z,obs_8d07bab198fc4ebc85668cf83783fce9,2026-08-20T02:09:18.048282+00:00,x509,valid_active,3,5,UAV-VALID,ACCEPTED,ACCEPTED,True,14455700,14.4557,49000,84300,14020300,0,207300,7200,0,0,,,,none,x509-valid_active_0,0,False,239,8,
n100-identities_c5-conc_mech-x509-1backend_valid-active_r30_audit-off_20260820T020915Z,obs_ced3fc7e9a3049c4a2271a5fb5ea9785,2026-08-20T02:09:18.054870+00:00,x509,valid_active,7,5,UAV-VALID,ACCEPTED,ACCEPTED,True,7439700,7.4397,51600,102900,6964400,0,216000,7400,0,0,,,,none,x509-valid_active_4,0,False,240,8,
n100-identities_c5-conc_mech-x509-1backend_valid-active_r30_audit-off_20260820T020915Z,obs_0d414bf3649f44bcb14642a473ec8d60,2026-08-20T02:09:18.057921+00:00,x509,valid_active,9,5,UAV-VALID,ACCEPTED,ACCEPTED,True,8356700,8.3567,36100,85900,7886400,0,235600,6500,0,0,,,,none,x509-valid_active_2,0,False,239,8,
n100-identities_c5-conc_mech-x509-1backend_valid-active_r30_audit-off_20260820T020915Z,obs_ce172129dc1144daa5b69597b60cb345,2026-08-20T02:09:18.058566+00:00,x509,valid_active,6,5,UAV-VALID,ACCEPTED,ACCEPTED,True,9911400,9.9114,43700,82900,9466000,0,228800,6700,0,0,,,,none,x509-valid_active_3,0,False,239,8,
n100-identities_c5-conc_mech-x509-1backend_valid-active_r30_audit-off_20260820T020915Z,obs_246cf2a655b042b6b992b8805dacdecd,2026-08-20T02:09:18.059545+00:00,x509,valid_active,8,5,UAV-VALID,ACCEPTED,ACCEPTED,True,9514100,9.5141,49000,73700,9083400,0,225700,5800,0,0,,,,none,x509-valid_active_1,0,False,240,8,
n100-identities_c5-conc_mech-x509-1backend_valid-active_r30_audit-off_20260820T020915Z,obs_b5d420bb4f3b4ebe9ebf4cd83e2c4758,2026-08-20T02:09:18.075788+00:00,x509,valid_active,14,5,UAV-VALID,ACCEPTED,ACCEPTED,True,8943700,8.9437,53300,119300,8262500,0,349700,14800,0,0,,,,none,x509-valid_active_1,0,False,238,8,
n100-identities_c5-conc_mech-x509-1backend_valid-active_r30_audit-off_20260820T020915Z,obs_7463f08444f04648ab1f113be10852f9,2026-08-20T02:09:18.076487+00:00,x509,valid_active,12,5,UAV-VALID,ACCEPTED,ACCEPTED,True,9086700,9.0867,49100,86400,8594200,0,240700,5500,0,0,,,,none,x509-valid_active_2,0,False,240,8,
n100-identities_c5-conc_mech-x509-1backend_valid-active_r30_audit-off_20260820T020915Z,obs_04293a98c6374789aaacea126e6a3be8,2026-08-20T02:09:18.087317+00:00,x509,valid_active,10,5,UAV-VALID,ACCEPTED,ACCEPTED,True,22971200,22.9712,52400,126500,22332000,0,276400,6800,0,0,,,,none,x509-valid_active_0,0,False,239,8,
n100-identities_c5-conc_mech-x509-1backend_valid-active_r30_audit-off_20260820T020915Z,obs_b5d979f1f7a34e2daeeb5ba31f9fd3ad,2026-08-20T02:09:18.096470+00:00,x509,valid_active,15,5,UAV-VALID,ACCEPTED,ACCEPTED,True,4307600,4.3076,58400,110600,3640700,0,301000,11800,0,0,,,,none,x509-valid_active_1,0,False,239,8,
n100-identities_c5-conc_mech-x509-1backend_valid-active_r30_audit-off_20260820T020915Z,obs_ec266905e7ca467e957325117f6ddc61,2026-08-20T02:09:18.104444+00:00,x509,valid_active,11,5,UAV-VALID,ACCEPTED,ACCEPTED,True,14943800,14.9438,84800,105500,14472000,0,212700,7100,0,0,,,,none,x509-valid_active_4,0,False,240,8,
n100-identities_c5-conc_mech-x509-1backend_valid-active_r30_audit-off_20260820T020915Z,obs_40022195fa47462a8770e0e918ff3434,2026-08-20T02:09:18.105892+00:00,x509,valid_active,13,5,UAV-VALID,ACCEPTED,ACCEPTED,True,18139100,18.1391,121700,123100,17554300,0,299400,6600,0,0,,,,none,x509-valid_active_3,0,False,238,8,
n100-identities_c5-conc_mech-x509-1backend_valid-active_r30_audit-off_20260820T020915Z,obs_f9078863ecf248f2b6785a6f8ca6dece,2026-08-20T02:09:18.112234+00:00,x509,valid_active,16,5,UAV-VALID,ACCEPTED,ACCEPTED,True,20815900,20.8159,51700,148800,20231400,0,249200,7600,0,0,,,,none,x509-valid_active_2,0,False,240,8,
n100-identities_c5-conc_mech-x509-1backend_valid-active_r30_audit-off_20260820T020915Z,obs_999886bf423947bdb50cdc1eda145b2c,2026-08-20T02:09:18.135256+00:00,x509,valid_active,18,5,UAV-VALID,ACCEPTED,ACCEPTED,True,4358400,4.3584,60600,111200,3819000,0,242300,9200,0,0,,,,none,x509-valid_active_1,0,False,238,8,
n100-identities_c5-conc_mech-x509-1backend_valid-active_r30_audit-off_20260820T020915Z,obs_d8c2bb565b5843729c0ea0c1943eab38,2026-08-20T02:09:18.135841+00:00,x509,valid_active,21,5,UAV-VALID,ACCEPTED,ACCEPTED,True,8742700,8.7427,51300,125600,8242900,0,213300,6600,0,0,,,,none,x509-valid_active_2,0,False,238,8,
n100-identities_c5-conc_mech-x509-1backend_valid-active_r30_audit-off_20260820T020915Z,obs_0991572f1c8a4d48ae2daa3f7da910cf,2026-08-20T02:09:18.136765+00:00,x509,valid_active,17,5,UAV-VALID,ACCEPTED,ACCEPTED,True,29695200,29.6952,40700,325800,25750200,0,270000,7900,0,0,,,,none,x509-valid_active_0,0,False,238,8,
n100-identities_c5-conc_mech-x509-1backend_valid-active_r30_audit-off_20260820T020915Z,obs_d076ba9b1c174c86b14e3f924f5502d4,2026-08-20T02:09:18.144373+00:00,x509,valid_active,19,5,UAV-VALID,ACCEPTED,ACCEPTED,True,16465600,16.4656,69700,101300,15918900,0,268100,5900,0,0,,,,none,x509-valid_active_4,0,False,238,8,
n100-identities_c5-conc_mech-x509-1backend_valid-active_r30_audit-off_20260820T020915Z,obs_582e5a29424e4348a7ade8988563ae8e,2026-08-20T02:09:18.158332+00:00,x509,valid_active,20,5,UAV-VALID,ACCEPTED,ACCEPTED,True,16722000,16.722,41900,116500,16190900,0,241400,8200,0,0,,,,none,x509-valid_active_3,0,False,238,8,
n100-identities_c5-conc_mech-x509-1backend_valid-active_r30_audit-off_20260820T020915Z,obs_e32148eaa57e48c392acb341b827625f,2026-08-20T02:09:18.164886+00:00,x509,valid_active,23,5,UAV-VALID,ACCEPTED,ACCEPTED,True,15084400,15.0844,46500,114300,14432600,0,336200,9500,0,0,,,,none,x509-valid_active_2,0,False,238,8,
n100-identities_c5-conc_mech-x509-1backend_valid-active_r30_audit-off_20260820T020915Z,obs_705667a3f3ba48afa43c7212d79882ec,2026-08-20T02:09:18.166861+00:00,x509,valid_active,22,5,UAV-VALID,ACCEPTED,ACCEPTED,True,16455800,16.4558,50800,98500,15866900,0,303600,7800,0,0,,,,none,x509-valid_active_1,0,False,239,8,
n100-identities_c5-conc_mech-x509-1backend_valid-active_r30_audit-off_20260820T020915Z,obs_483289e226c746958eb42e313b64fe73,2026-08-20T02:09:18.183514+00:00,x509,valid_active,28,5,UAV-VALID,ACCEPTED,ACCEPTED,True,5924600,5.9246,52300,183200,4932200,0,383400,9100,0,0,,,,none,x509-valid_active_1,0,False,240,8,
n100-identities_c5-conc_mech-x509-1backend_valid-active_r30_audit-off_20260820T020915Z,obs_8de19aaa60c7464fb4de637f176ccd94,2026-08-20T02:09:18.185730+00:00,x509,valid_active,27,5,UAV-VALID,ACCEPTED,ACCEPTED,True,7009500,7.0095,116300,92900,6330600,0,320100,7900,0,0,,,,none,x509-valid_active_2,0,False,238,8,
n100-identities_c5-conc_mech-x509-1backend_valid-active_r30_audit-off_20260820T020915Z,obs_23dc8a552d3f4adaa1c89a7b2b15bb35,2026-08-20T02:09:18.197462+00:00,x509,valid_active,24,5,UAV-VALID,ACCEPTED,ACCEPTED,True,37793300,37.7933,147300,129500,37019500,0,362500,12100,0,0,,,,none,x509-valid_active_0,0,False,239,8,
n100-identities_c5-conc_mech-x509-1backend_valid-active_r30_audit-off_20260820T020915Z,obs_8644917aa02a46f7acf8d46786b3e6eb,2026-08-20T02:09:18.205096+00:00,x509,valid_active,29,5,UAV-VALID,ACCEPTED,ACCEPTED,True,10067300,10.0673,58600,183000,9316900,0,339900,9300,0,0,,,,none,x509-valid_active_1,0,False,238,8,
n100-identities_c5-conc_mech-x509-1backend_valid-active_r30_audit-off_20260820T020915Z,obs_3cbd67693a8243efaff1f632523c9926,2026-08-20T02:09:18.208627+00:00,x509,valid_active,25,5,UAV-VALID,ACCEPTED,ACCEPTED,True,6926600,6.9266,203800,222700,5741000,0,569200,9700,0,0,,,,none,x509-valid_active_4,0,False,239,8,
n100-identities_c5-conc_mech-x509-1backend_valid-active_r30_audit-off_20260820T020915Z,obs_3c1280a02e3a4fdea488fd7325441cf9,2026-08-20T02:09:18.236817+00:00,x509,valid_active,26,5,UAV-VALID,ACCEPTED,ACCEPTED,True,26491600,26.4916,52100,150200,25321500,0,244600,7700,0,0,,,,none,x509-valid_active_3,0,False,239,8,
n100-identities_c50-conc_mech-blockchain-1backend_valid-active_r30_audit-off_20260820T020948Z,obs_45c9151759d043ab8ef211bece7b5446,2026-08-20T02:09:51.494459+00:00,blockchain,valid_active,0,50,UAV-VALID,ACCEPTED,INVALID_SIGNATURE,False,118814400,118.8144,46200,118420700,0,3700,238900,0,0,0,,,,none,blockchain-valid_active_0,0,True,240,17,
n100-identities_c50-conc_mech-blockchain-1backend_valid-active_r30_audit-off_20260820T020948Z,obs_760c603cf1e642d59529ec2224efa8fe,2026-08-20T02:09:51.554890+00:00,blockchain,valid_active,1,50,UAV-VALID,ACCEPTED,INVALID_SIGNATURE,False,167319200,167.3192,71200,166913500,0,5200,238500,0,0,0,,,,none,blockchain-valid_active_1,0,True,239,17,
n100-identities_c50-conc_mech-blockchain-1backend_valid-active_r30_audit-off_20260820T020948Z,obs_7001619c83b749c8b2693f5be61108b6,2026-08-20T02:09:51.598324+00:00,blockchain,valid_active,0,50,UAV-VALID,ACCEPTED,INVALID_SIGNATURE,False,209442900,209.4429,47100,207829500,0,6800,431300,0,0,0,,,,none,blockchain-valid_active_2,0,False,239,17,
n100-identities_c50-conc_mech-blockchain-1backend_valid-active_r30_audit-off_20260820T020948Z,obs_da05da6deb4f4f41a7fda205c979b4ed,2026-08-20T02:09:51.580876+00:00,blockchain,valid_active,1,50,UAV-VALID,ACCEPTED,INVALID_SIGNATURE,False,185476300,185.4763,48400,185069700,0,4800,231400,0,0,0,,,,none,blockchain-valid_active_3,0,False,240,17,
n100-identities_c50-conc_mech-blockchain-1backend_valid-active_r30_audit-off_20260820T020948Z,obs_46f9b7a1f9f34acb85cdaf11fea967be,2026-08-20T02:09:51.632470+00:00,blockchain,valid_active,2,50,UAV-VALID,ACCEPTED,INVALID_SIGNATURE,False,228996300,228.9963,61000,228600700,0,4400,249600,0,0,0,,,,none,blockchain-valid_active_4,0,False,239,17,
n100-identities_c50-conc_mech-blockchain-1backend_valid-active_r30_audit-off_20260820T020948Z,obs_f135490cfd9b4ee3a306fcdf3cbf1017,2026-08-20T02:09:51.635752+00:00,blockchain,valid_active,3,50,UAV-VALID,ACCEPTED,INVALID_SIGNATURE,False,231182500,231.1825,41700,230786500,0,4200,252400,0,0,0,,,,none,blockchain-valid_active_5,0,False,239,17,
n100-identities_c50-conc_mech-blockchain-1backend_valid-active_r30_audit-off_20260820T020948Z,obs_bb1b7cb707e94e069ffae4362b0c4324,2026-08-20T02:09:51.665435+00:00,blockchain,valid_active,6,50,UAV-VALID,ACCEPTED,INVALID_SIGNATURE,False,231690400,231.6904,60000,231230500,0,4700,272800,0,0,0,,,,none,blockchain-valid_active_8,0,False,239,17,
n100-identities_c50-conc_mech-blockchain-1backend_valid-active_r30_audit-off_20260820T020948Z,obs_58ae3d06163f4f55be5b0567e85de993,2026-08-20T02:09:51.698492+00:00,blockchain,valid_active,5,50,UAV-VALID,ACCEPTED,INVALID_SIGNATURE,False,269208500,269.2085,47200,268760000,0,5600,285600,0,0,0,,,,none,blockchain-valid_active_7,0,False,240,17,
n100-identities_c50-conc_mech-blockchain-1backend_valid-active_r30_audit-off_20260820T020948Z,obs_c9f502171a0b465ebe9a871260700f53,2026-08-20T02:09:51.705740+00:00,blockchain,valid_active,9,50,UAV-VALID,ACCEPTED,INVALID_SIGNATURE,False,240217900,240.2179,53000,239771500,0,5700,267400,0,0,0,,,,none,blockchain-valid_active_11,0,False,239,17,
n100-identities_c50-conc_mech-blockchain-1backend_valid-active_r30_audit-off_20260820T020948Z,obs_1e1ba544060640e589c1158f068840be,2026-08-20T02:09:51.708124+00:00,blockchain,valid_active,4,50,UAV-VALID,ACCEPTED,INVALID_SIGNATURE,False,280311500,280.3115,76400,279892700,0,4900,256400,0,0,0,,,,none,blockchain-valid_active_6,0,False,239,17,
n100-identities_c50-conc_mech-blockchain-1backend_valid-active_r30_audit-off_20260820T020948Z,obs_e4aa32ae904349b0b097464b43df0ff8,2026-08-20T02:09:51.733616+00:00,blockchain,valid_active,7,50,UAV-VALID,ACCEPTED,INVALID_SIGNATURE,False,274045800,274.0458,55500,273642500,0,4600,246100,0,0,0,,,,none,blockchain-valid_active_9,0,False,238,17,
n100-identities_c50-conc_mech-blockchain-1backend_valid-active_r30_audit-off_20260820T020948Z,obs_68f0966294dd4a5598c98de76972ccad,2026-08-20T02:09:51.735643+00:00,blockchain,valid_active,10,50,UAV-VALID,ACCEPTED,INVALID_SIGNATURE,False,232876700,232.8767,54000,232440900,0,5100,268800,0,0,0,,,,none,blockchain-valid_active_12,0,False,239,17,
n100-identities_c50-conc_mech-blockchain-1backend_valid-active_r30_audit-off_20260820T020948Z,obs_f9c7e1d6c8ec48089f373e030f9c4290,2026-08-20T02:09:51.795666+00:00,blockchain,valid_active,8,50,UAV-VALID,ACCEPTED,INVALID_SIGNATURE,False,344820500,344.8205,98400,344374600,0,6100,280200,0,0,0,,,,none,blockchain-valid_active_10,0,False,238,17,
n100-identities_c50-conc_mech-blockchain-1backend_valid-active_r30_audit-off_20260820T020948Z,obs_697f684ea2134087bd6a1415c40bb22d,2026-08-20T02:09:51.809206+00:00,blockchain,valid_active,11,50,UAV-VALID,ACCEPTED,INVALID_SIGNATURE,False,307482100,307.4821,70200,306474600,0,6100,282000,0,0,0,,,,none,blockchain-valid_active_13,0,False,239,17,
n100-identities_c50-conc_mech-blockchain-1backend_valid-active_r30_audit-off_20260820T020948Z,obs_c824ed3dc2c445729c7b003482bc3824,2026-08-20T02:09:51.846190+00:00,blockchain,valid_active,29,50,UAV-VALID,ACCEPTED,IDENTITY_SERVICE_UNAVAILABLE,False,130105500,130.1055,66400,130056100,0,130056100,0,0,0,0,,,,none,blockchain-valid_active_27,0,False,238,28,
n100-identities_c50-conc_mech-blockchain-1backend_valid-active_r30_audit-off_20260820T020948Z,obs_9a21e8192fb74508836bfc912f2714ec,2026-08-20T02:09:51.896712+00:00,blockchain,valid_active,16,50,UAV-VALID,ACCEPTED,INVALID_SIGNATURE,False,305402600,305.4026,58200,304976200,0,4300,269200,0,0,0,,,,none,blockchain-valid_active_0,0,False,239,17,
n100-identities_c50-conc_mech-blockchain-1backend_valid-active_r30_audit-off_20260820T020948Z,obs_f2e16053c2f149bf8e44da123291ea65,2026-08-20T02:09:51.903062+00:00,blockchain,valid_active,13,50,UAV-VALID,ACCEPTED,INVALID_SIGNATURE,False,357594700,357.5947,62100,357159200,0,4700,275000,0,0,0,,,,none,blockchain-valid_active_15,0,False,238,17,
n100-identities_c50-conc_mech-blockchain-1backend_valid-active_r30_audit-off_20260820T020948Z,obs_08aa5f27b31643eea5503aa69feb0681,2026-08-20T02:09:51.903988+00:00,blockchain,valid_active,28,50,UAV-VALID,ACCEPTED,IDENTITY_SERVICE_UNAVAILABLE,False,151204200,151.2042,47400,151162200,0,151162200,0,0,0,0,,,,none,blockchain-valid_active_26,0,False,240,28,
n100-identities_c50-conc_mech-blockchain-1backend_valid-active_r30_audit-off_20260820T020948Z,obs_19a7fd4a65814edeab0b2e9a3599a4cf,2026-08-20T02:09:51.904807+00:00,blockchain,valid_active,25,50,UAV-VALID,ACCEPTED,IDENTITY_SERVICE_UNAVAILABLE,False,195825900,195.8259,43300,195787700,0,195787700,0,0,0,0,,,,none,blockchain-valid_active_24,0,False,240,28,
n100-identities_c50-conc_mech-blockchain-1backend_valid-active_r30_audit-off_20260820T020948Z,obs_3da4695c8b0b4d199fce32d690bfc921,2026-08-20T02:09:51.906229+00:00,blockchain,valid_active,18,50,UAV-VALID,ACCEPTED,INVALID_SIGNATURE,False,293058900,293.0589,49200,292741500,0,3200,199600,0,0,0,,,,none,blockchain-valid_active_19,0,False,240,17,
n100-identities_c50-conc_mech-blockchain-1backend_valid-active_r30_audit-off_20260820T020948Z,obs_a70c35d2a81145dfa6ddb6b023995426,2026-08-20T02:09:51.909441+00:00,blockchain,valid_active,14,50,UAV-VALID,ACCEPTED,INVALID_SIGNATURE,False,353630000,353.63,50800,353207200,0,5000,239100,0,0,0,,,,none,blockchain-valid_active_16,0,False,239,17,
n100-identities_c50-conc_mech-blockchain-1backend_valid-active_r30_audit-off_20260820T020948Z,obs_07d5fa483d374de0858d8f52d5e9609d,2026-08-20T02:09:51.912951+00:00,blockchain,valid_active,12,50,UAV-VALID,ACCEPTED,INVALID_SIGNATURE,False,337151300,337.1513,58100,336691400,0,6200,276100,0,0,0,,,,none,blockchain-valid_active_14,0,False,238,17,
n100-identities_c50-conc_mech-blockchain-1backend_valid-active_r30_audit-off_20260820T020948Z,obs_713fc589f96b47a495b910022eeac68f,2026-08-20T02:09:51.915628+00:00,blockchain,valid_active,17,50,UAV-VALID,ACCEPTED,INVALID_SIGNATURE,False,329170400,329.1704,56600,328680500,0,5300,268200,0,0,0,,,,none,blockchain-valid_active_18,0,False,239,17,
n100-identities_c50-conc_mech-blockchain-1backend_valid-active_r30_audit-off_20260820T020948Z,obs_b020ed7644b245169a6b712235efd949,2026-08-20T02:09:51.918646+00:00,blockchain,valid_active,21,50,UAV-VALID,ACCEPTED,IDENTITY_SERVICE_UNAVAILABLE,False,223862800,223.8628,67300,223782100,0,223782100,0,0,0,0,,,,none,blockchain-valid_active_22,0,False,238,28,
n100-identities_c50-conc_mech-blockchain-1backend_valid-active_r30_audit-off_20260820T020948Z,obs_19a0815d34bf448481626109b9cfa369,2026-08-20T02:09:51.922005+00:00,blockchain,valid_active,27,50,UAV-VALID,ACCEPTED,IDENTITY_SERVICE_UNAVAILABLE,False,163628600,163.6286,59700,163583500,0,163583500,0,0,0,0,,,,none,blockchain-valid_active_25,0,False,239,28,
n100-identities_c50-conc_mech-blockchain-1backend_valid-active_r30_audit-off_20260820T020948Z,obs_6d243318949b4d99833f5b5f66554e69,2026-08-20T02:09:51.941624+00:00,blockchain,valid_active,19,50,UAV-VALID,ACCEPTED,INVALID_SIGNATURE,False,262017200,262.0172,58200,261545900,0,6700,280200,0,0,0,,,,none,blockchain-valid_active_20,0,False,239,17,
n100-identities_c50-conc_mech-blockchain-1backend_valid-active_r30_audit-off_20260820T020948Z,obs_24e4b04250d1473089eb0a77f7132e97,2026-08-20T02:09:51.943711+00:00,blockchain,valid_active,24,50,UAV-VALID,ACCEPTED,INVALID_SIGNATURE,False,297020400,297.0204,66700,296592500,0,3600,260600,0,0,0,,,,none,blockchain-valid_active_3,0,False,240,17,
n100-identities_c50-conc_mech-blockchain-1backend_valid-active_r30_audit-off_20260820T020948Z,obs_564b59d2bdb342fb9677743a8a9932ed,2026-08-20T02:09:51.948840+00:00,blockchain,valid_active,15,50,UAV-VALID,ACCEPTED,INVALID_SIGNATURE,False,408742700,408.7427,93700,408264000,0,3600,318700,0,0,0,,,,none,blockchain-valid_active_17,0,False,240,17,
n100-identities_c50-conc_mech-blockchain-1backend_valid-active_r30_audit-off_20260820T020948Z,obs_1700274167504ad396312e2f81a35eda,2026-08-20T02:09:51.951059+00:00,blockchain,valid_active,23,50,UAV-VALID,ACCEPTED,INVALID_SIGNATURE,False,295977000,295.977,56700,295443300,0,4800,329900,0,0,0,,,,none,blockchain-valid_active_23,0,False,239,17,
n100-identities_c50-conc_mech-blockchain-1backend_valid-active_r30_audit-off_20260820T020948Z,obs_02cbe73b37f841978147759e458ad0bf,2026-08-20T02:09:51.954205+00:00,blockchain,valid_active,22,50,UAV-VALID,ACCEPTED,INVALID_SIGNATURE,False,243685800,243.6858,59800,243255400,0,4600,255000,0,0,0,,,,none,blockchain-valid_active_1,0,False,240,17,
n100-identities_c50-conc_mech-blockchain-1backend_valid-active_r30_audit-off_20260820T020948Z,obs_4eb1757bf8194545969b411761ab9cc3,2026-08-20T02:09:51.956498+00:00,blockchain,valid_active,26,50,UAV-VALID,ACCEPTED,INVALID_SIGNATURE,False,283036900,283.0369,955600,282554100,0,5500,287700,0,0,0,,,,none,blockchain-valid_active_2,0,False,239,17,
n100-identities_c50-conc_mech-blockchain-1backend_valid-active_r30_audit-off_20260820T020948Z,obs_3696690f533142dabf79f138116f9815,2026-08-20T02:09:51.966746+00:00,blockchain,valid_active,20,50,UAV-VALID,ACCEPTED,INVALID_SIGNATURE,False,327885400,327.8854,53000,327473500,0,5100,260900,0,0,0,,,,none,blockchain-valid_active_21,0,False,239,17,
n100-identities_c50-conc_mech-x509-1backend_valid-active_r30_audit-off_20260820T020944Z,obs_21a3118c6c81410c8ef04582e645b223,2026-08-20T02:09:46.726018+00:00,x509,valid_active,1,50,UAV-VALID,ACCEPTED,ACCEPTED,True,24804800,24.8048,87700,132500,24246500,0,245900,7000,0,0,,,,none,x509-valid_active_3,0,False,239,8,
n100-identities_c50-conc_mech-x509-1backend_valid-active_r30_audit-off_20260820T020944Z,obs_bb77e00b191c4efd8a7b6e696ab978a5,2026-08-20T02:09:46.689570+00:00,x509,valid_active,0,50,UAV-VALID,ACCEPTED,ACCEPTED,True,7637000,7.637,74100,141300,6961000,0,318400,8300,0,0,,,,none,x509-valid_active_0,0,True,240,8,
n100-identities_c50-conc_mech-x509-1backend_valid-active_r30_audit-off_20260820T020944Z,obs_ca9195179d45426d867c17b0e861f461,2026-08-20T02:09:46.761906+00:00,x509,valid_active,5,50,UAV-VALID,ACCEPTED,ACCEPTED,True,40763700,40.7637,56200,101100,40233200,0,252000,7600,0,0,,,,none,x509-valid_active_6,0,False,240,8,
n100-identities_c50-conc_mech-x509-1backend_valid-active_r30_audit-off_20260820T020944Z,obs_d128ec3d7f164e91a1bb65f5c40b8145,2026-08-20T02:09:46.739150+00:00,x509,valid_active,2,50,UAV-VALID,ACCEPTED,ACCEPTED,True,29692600,29.6926,56400,136700,29120000,0,238400,7800,0,0,,,,none,x509-valid_active_4,0,False,238,8,
n100-identities_c50-conc_mech-x509-1backend_valid-active_r30_audit-off_20260820T020944Z,obs_b5c13b04ae3d42b6ab3578b67e86fc51,2026-08-20T02:09:46.762974+00:00,x509,valid_active,6,50,UAV-VALID,ACCEPTED,ACCEPTED,True,32714300,32.7143,55600,120200,32199100,0,229500,7700,0,0,,,,none,x509-valid_active_7,0,False,239,8,
n100-identities_c50-conc_mech-x509-1backend_valid-active_r30_audit-off_20260820T020944Z,obs_b2f77b8f6567436c8c564d59ecf9a421,2026-08-20T02:09:46.740890+00:00,x509,valid_active,4,50,UAV-VALID,ACCEPTED,ACCEPTED,True,34768000,34.768,54700,107600,34246200,0,239100,6100,0,0,,,,none,x509-valid_active_0,0,False,239,8,
n100-identities_c50-conc_mech-x509-1backend_valid-active_r30_audit-off_20260820T020944Z,obs_39d73f8137974aecbde9f46553336f57,2026-08-20T02:09:46.737740+00:00,x509,valid_active,0,50,UAV-VALID,ACCEPTED,ACCEPTED,True,23950000,23.95,47100,130100,23292500,0,336500,9800,0,0,,,,none,x509-valid_active_2,0,False,239,8,
n100-identities_c50-conc_mech-x509-1backend_valid-active_r30_audit-off_20260820T020944Z,obs_4b292b5033fb44028811aae097d8500f,2026-08-20T02:09:46.734202+00:00,x509,valid_active,1,50,UAV-VALID,ACCEPTED,ACCEPTED,True,30552200,30.5522,70500,213400,29991800,0,190300,5500,0,0,,,,none,x509-valid_active_1,0,True,239,8,
n100-identities_c50-conc_mech-x509-1backend_valid-active_r30_audit-off_20260820T020944Z,obs_7e09972b0c8a4ebb9966c226657a7db5,2026-08-20T02:09:46.757551+00:00,x509,valid_active,3,50,UAV-VALID,ACCEPTED,ACCEPTED,True,37081700,37.0817,59100,107000,36419400,0,303000,12800,0,0,,,,none,x509-valid_active_5,0,False,239,8,
n100-identities_c50-conc_mech-x509-1backend_valid-active_r30_audit-off_20260820T020944Z,obs_d7bfdcad74754577a97173e79cb5de6a,2026-08-20T02:09:46.780742+00:00,x509,valid_active,7,50,UAV-VALID,ACCEPTED,ACCEPTED,True,36178700,36.1787,40200,104400,35656800,0,254500,6400,0,0,,,,none,x509-valid_active_8,0,False,238,8,
n100-identities_c50-conc_mech-x509-1backend_valid-active_r30_audit-off_20260820T020944Z,obs_17361560a09a4fc6a5c5ac20e98aa74d,2026-08-20T02:09:46.806422+00:00,x509,valid_active,11,50,UAV-VALID,ACCEPTED,ACCEPTED,True,24715800,24.7158,56600,135400,24172100,0,244800,7300,0,0,,,,none,x509-valid_active_12,0,False,238,8,
n100-identities_c50-conc_mech-x509-1backend_valid-active_r30_audit-off_20260820T020944Z,obs_95dd87a3cac546eeadd9f2013ac01220,2026-08-20T02:09:46.812858+00:00,x509,valid_active,10,50,UAV-VALID,ACCEPTED,ACCEPTED,True,40118100,40.1181,85000,119800,39645200,0,215600,7600,0,0,,,,none,x509-valid_active_11,0,False,239,8,
n100-identities_c50-conc_mech-x509-1backend_valid-active_r30_audit-off_20260820T020944Z,obs_05a6d047acb343e2b4db25d5173821f9,2026-08-20T02:09:46.823656+00:00,x509,valid_active,8,50,UAV-VALID,ACCEPTED,ACCEPTED,True,65319700,65.3197,48900,121700,64819000,0,220400,6000,0,0,,,,none,x509-valid_active_9,0,False,239,8,
n100-identities_c50-conc_mech-x509-1backend_valid-active_r30_audit-off_20260820T020944Z,obs_9b8d47dbe2b54dcf8e7a6c5203b6f071,2026-08-20T02:09:46.825352+00:00,x509,valid_active,9,50,UAV-VALID,ACCEPTED,ACCEPTED,True,66274000,66.274,46500,142700,65737800,0,241400,5600,0,0,,,,none,x509-valid_active_10,0,False,238,8,
n100-identities_c50-conc_mech-x509-1backend_valid-active_r30_audit-off_20260820T020944Z,obs_022d7fef123d4b059203808db0227422,2026-08-20T02:09:46.830699+00:00,x509,valid_active,13,50,UAV-VALID,ACCEPTED,ACCEPTED,True,46577200,46.5772,56800,75900,46134500,0,237200,7800,0,0,,,,none,x509-valid_active_3,0,False,239,8,
n100-identities_c50-conc_mech-x509-1backend_valid-active_r30_audit-off_20260820T020944Z,obs_eee61d56acb34e3b89452a0de0ae24e7,2026-08-20T02:09:46.831508+00:00,x509,valid_active,19,50,UAV-VALID,ACCEPTED,ACCEPTED,True,27199500,27.1995,54500,116400,26593200,0,313200,6800,0,0,,,,none,x509-valid_active_4,0,False,240,8,
n100-identities_c50-conc_mech-x509-1backend_valid-active_r30_audit-off_20260820T020944Z,obs_748f7ff82ab6499a815696e9ba875597,2026-08-20T02:09:46.835933+00:00,x509,valid_active,26,50,UAV-VALID,ACCEPTED,ACCEPTED,True,40818400,40.8184,56900,125200,40365400,0,184600,6100,0,0,,,,none,x509-valid_active_7,0,False,239,8,
n100-identities_c50-conc_mech-x509-1backend_valid-active_r30_audit-off_20260820T020944Z,obs_90d6879d9c344fca8a41d6682333dc39,2026-08-20T02:09:46.839420+00:00,x509,valid_active,18,50,UAV-VALID,ACCEPTED,ACCEPTED,True,34230600,34.2306,78900,144100,33695300,0,184800,7500,0,0,,,,none,x509-valid_active_16,0,False,239,8,
n100-identities_c50-conc_mech-x509-1backend_valid-active_r30_audit-off_20260820T020944Z,obs_13b522f5f525496da838ae33977a32c8,2026-08-20T02:09:46.843727+00:00,x509,valid_active,16,50,UAV-VALID,ACCEPTED,ACCEPTED,True,53895800,53.8958,48700,134100,53405300,0,199400,7600,0,0,,,,none,x509-valid_active_1,0,False,239,8,
n100-identities_c50-conc_mech-x509-1backend_valid-active_r30_audit-off_20260820T020944Z,obs_41c3ec11d3eb48279d6ca58d66e3d2dd,2026-08-20T02:09:46.846890+00:00,x509,valid_active,24,50,UAV-VALID,ACCEPTED,ACCEPTED,True,34848800,34.8488,51500,103700,34356200,0,222400,7800,0,0,,,,none,x509-valid_active_19,0,False,238,8,
n100-identities_c50-conc_mech-x509-1backend_valid-active_r30_audit-off_20260820T020944Z,obs_34d7289873d0475ebdd2dbc1c99cd71e,2026-08-20T02:09:46.849694+00:00,x509,valid_active,12,50,UAV-VALID,ACCEPTED,ACCEPTED,True,66145900,66.1459,43400,112600,63681700,0,269200,8900,0,0,,,,none,x509-valid_active_13,0,False,240,8,
n100-identities_c50-conc_mech-x509-1backend_valid-active_r30_audit-off_20260820T020944Z,obs_d0be58ca10f34849a2d145c671ec3d64,2026-08-20T02:09:46.850864+00:00,x509,valid_active,21,50,UAV-VALID,ACCEPTED,ACCEPTED,True,40216000,40.216,45300,125000,39713000,0,226900,6400,0,0,,,,none,x509-valid_active_17,0,False,238,8,
n100-identities_c50-conc_mech-x509-1backend_valid-active_r30_audit-off_20260820T020944Z,obs_82292d1b11424af1ace8e8a545faa4e2,2026-08-20T02:09:46.852680+00:00,x509,valid_active,17,50,UAV-VALID,ACCEPTED,ACCEPTED,True,41378000,41.378,76500,91100,40932600,0,194600,5900,0,0,,,,none,x509-valid_active_2,0,False,239,8,
n100-identities_c50-conc_mech-x509-1backend_valid-active_r30_audit-off_20260820T020944Z,obs_78248271294e44df830b3a1a13e9bd3e,2026-08-20T02:09:46.855789+00:00,x509,valid_active,14,50,UAV-VALID,ACCEPTED,ACCEPTED,True,58209600,58.2096,47800,148100,57665100,0,210400,9500,0,0,,,,none,x509-valid_active_14,0,False,238,8,
n100-identities_c50-conc_mech-x509-1backend_valid-active_r30_audit-off_20260820T020944Z,obs_ed2d088e701646209885d16f03bab58a,2026-08-20T02:09:46.857175+00:00,x509,valid_active,20,50,UAV-VALID,ACCEPTED,ACCEPTED,True,48189900,48.1899,70200,180300,47664600,0,191700,6300,0,0,,,,none,x509-valid_active_0,0,False,238,8,
n100-identities_c50-conc_mech-x509-1backend_valid-active_r30_audit-off_20260820T020944Z,obs_27cb16a2995047f68088fb92767b4014,2026-08-20T02:09:46.857851+00:00,x509,valid_active,15,50,UAV-VALID,ACCEPTED,ACCEPTED,True,54743900,54.7439,62100,121000,54274100,0,199900,6000,0,0,,,,none,x509-valid_active_15,0,False,239,8,
n100-identities_c50-conc_mech-x509-1backend_valid-active_r30_audit-off_20260820T020944Z,obs_2ca51ac3009243ca81e5e9e7600d476b,2026-08-20T02:09:46.859188+00:00,x509,valid_active,23,50,UAV-VALID,ACCEPTED,ACCEPTED,True,22371000,22.371,41300,107200,21931100,0,194400,6800,0,0,,,,none,x509-valid_active_5,0,False,239,8,
n100-identities_c50-conc_mech-x509-1backend_valid-active_r30_audit-off_20260820T020944Z,obs_fb02d897597a4a7e88e7ba6847a469d3,2026-08-20T02:09:46.859682+00:00,x509,valid_active,27,50,UAV-VALID,ACCEPTED,ACCEPTED,True,31350400,31.3504,55900,128900,30938400,0,155500,4500,0,0,,,,none,x509-valid_active_20,0,False,239,8,
n100-identities_c50-conc_mech-x509-1backend_valid-active_r30_audit-off_20260820T020944Z,obs_b14a4217131c44f89d0e02257bbb3abc,2026-08-20T02:09:46.860101+00:00,x509,valid_active,29,50,UAV-VALID,ACCEPTED,ACCEPTED,True,18601800,18.6018,50400,106100,18219200,0,149200,4300,0,0,,,,none,x509-valid_active_22,0,False,238,8,
n100-identities_c50-conc_mech-x509-1backend_valid-active_r30_audit-off_20260820T020944Z,obs_69eb7070487b408cb04b62e676ea2a53,2026-08-20T02:09:46.860768+00:00,x509,valid_active,28,50,UAV-VALID,ACCEPTED,ACCEPTED,True,23265800,23.2658,43000,117500,22865800,0,170800,4800,0,0,,,,none,x509-valid_active_21,0,False,240,8,
n100-identities_c50-conc_mech-x509-1backend_valid-active_r30_audit-off_20260820T020944Z,obs_8dbaf50c7a894931b032c26057dce9be,2026-08-20T02:09:46.861229+00:00,x509,valid_active,22,50,UAV-VALID,ACCEPTED,ACCEPTED,True,15481100,15.4811,55100,81600,15101000,0,191800,4200,0,0,,,,none,x509-valid_active_18,0,False,238,8,
n100-identities_c50-conc_mech-x509-1backend_valid-active_r30_audit-off_20260820T020944Z,obs_26bca9148d1f4a1983810413ddeea9de,2026-08-20T02:09:46.865985+00:00,x509,valid_active,25,50,UAV-VALID,ACCEPTED,ACCEPTED,True,12883100,12.8831,49800,93200,12391400,0,234600,6300,0,0,,,,none,x509-valid_active_6,0,False,239,8,
n250-identities_c1-conc_mech-blockchain-1backend_valid-active_r30_audit-off_20260820T021458Z,obs_25ee38b967c74933a590344ca7946de6,2026-08-20T02:14:58.889733+00:00,blockchain,valid_active,0,1,UAV-VALID,ACCEPTED,IDENTITY_SERVICE_UNAVAILABLE,False,14579000,14.579,75700,14523500,0,14523500,0,0,0,0,,,,none,blockchain-valid_active_0,0,True,240,28,
n250-identities_c1-conc_mech-blockchain-1backend_valid-active_r30_audit-off_20260820T021458Z,obs_b58c33f1086a4cd7a876ebb6944287de,2026-08-20T02:14:58.908237+00:00,blockchain,valid_active,1,1,UAV-VALID,ACCEPTED,IDENTITY_SERVICE_UNAVAILABLE,False,10440900,10.4409,113400,10381500,0,10381500,0,0,0,0,,,,none,blockchain-valid_active_0,0,True,240,28,
n250-identities_c1-conc_mech-blockchain-1backend_valid-active_r30_audit-off_20260820T021458Z,obs_0b0afb7959794224be0bd3d8dd16ae16,2026-08-20T02:14:58.924316+00:00,blockchain,valid_active,0,1,UAV-VALID,ACCEPTED,IDENTITY_SERVICE_UNAVAILABLE,False,9046400,9.0464,59700,8975600,0,8975600,0,0,0,0,,,,none,blockchain-valid_active_0,0,False,239,28,
n250-identities_c1-conc_mech-blockchain-1backend_valid-active_r30_audit-off_20260820T021458Z,obs_f076ec1740ff4e4d8bf752cef14c0aa8,2026-08-20T02:14:58.939266+00:00,blockchain,valid_active,1,1,UAV-VALID,ACCEPTED,IDENTITY_SERVICE_UNAVAILABLE,False,9202800,9.2028,57500,9154500,0,9154500,0,0,0,0,,,,none,blockchain-valid_active_0,0,False,239,28,
n250-identities_c1-conc_mech-blockchain-1backend_valid-active_r30_audit-off_20260820T021458Z,obs_48e26c8b48e24364a9dbc68f7cd50fb7,2026-08-20T02:14:58.962814+00:00,blockchain,valid_active,2,1,UAV-VALID,ACCEPTED,IDENTITY_SERVICE_UNAVAILABLE,False,16657100,16.6571,59300,16606300,0,16606300,0,0,0,0,,,,none,blockchain-valid_active_0,0,False,239,28,
n250-identities_c1-conc_mech-blockchain-1backend_valid-active_r30_audit-off_20260820T021458Z,obs_d89cc5f79a454fee8a65a09c07ad6d41,2026-08-20T02:14:58.981108+00:00,blockchain,valid_active,3,1,UAV-VALID,ACCEPTED,IDENTITY_SERVICE_UNAVAILABLE,False,12334900,12.3349,53200,12161400,0,12161400,0,0,0,0,,,,none,blockchain-valid_active_0,0,False,239,28,
n250-identities_c1-conc_mech-blockchain-1backend_valid-active_r30_audit-off_20260820T021458Z,obs_5f321b5cc9a346c1bc0befda8ec0fb22,2026-08-20T02:14:59.001121+00:00,blockchain,valid_active,4,1,UAV-VALID,ACCEPTED,IDENTITY_SERVICE_UNAVAILABLE,False,14227600,14.2276,53200,14175600,0,14175600,0,0,0,0,,,,none,blockchain-valid_active_0,0,False,240,28,
n250-identities_c1-conc_mech-blockchain-1backend_valid-active_r30_audit-off_20260820T021458Z,obs_3f6f610993194993bea35d2a6e91bcf5,2026-08-20T02:14:59.036968+00:00,blockchain,valid_active,5,1,UAV-VALID,ACCEPTED,IDENTITY_SERVICE_UNAVAILABLE,False,29249600,29.2496,59200,29191600,0,29191600,0,0,0,0,,,,none,blockchain-valid_active_0,0,False,239,28,
n250-identities_c1-conc_mech-blockchain-1backend_valid-active_r30_audit-off_20260820T021458Z,obs_75bbc16f464c4aca985f33c9a7b4373c,2026-08-20T02:14:59.055001+00:00,blockchain,valid_active,6,1,UAV-VALID,ACCEPTED,IDENTITY_SERVICE_UNAVAILABLE,False,12188000,12.188,59000,12145100,0,12145100,0,0,0,0,,,,none,blockchain-valid_active_0,0,False,239,28,
n250-identities_c1-conc_mech-blockchain-1backend_valid-active_r30_audit-off_20260820T021458Z,obs_2d139594376f453a9652e5f50e1569c4,2026-08-20T02:14:59.074937+00:00,blockchain,valid_active,7,1,UAV-VALID,ACCEPTED,IDENTITY_SERVICE_UNAVAILABLE,False,14479400,14.4794,56600,14429100,0,14429100,0,0,0,0,,,,none,blockchain-valid_active_0,0,False,239,28,
n250-identities_c1-conc_mech-blockchain-1backend_valid-active_r30_audit-off_20260820T021458Z,obs_47a114eaee6e406ebc7a3e37a95879b3,2026-08-20T02:14:59.115845+00:00,blockchain,valid_active,8,1,UAV-VALID,ACCEPTED,IDENTITY_SERVICE_UNAVAILABLE,False,34762900,34.7629,70400,34707200,0,34707200,0,0,0,0,,,,none,blockchain-valid_active_0,0,False,239,28,
n250-identities_c1-conc_mech-blockchain-1backend_valid-active_r30_audit-off_20260820T021458Z,obs_1156eb399d8c4dcfa5d5297eac955f18,2026-08-20T02:14:59.138377+00:00,blockchain,valid_active,9,1,UAV-VALID,ACCEPTED,IDENTITY_SERVICE_UNAVAILABLE,False,16659500,16.6595,65700,16607900,0,16607900,0,0,0,0,,,,none,blockchain-valid_active_0,0,False,239,28,
n250-identities_c1-conc_mech-blockchain-1backend_valid-active_r30_audit-off_20260820T021458Z,obs_b8ac785815c1449dbb56ee0fa4f89b17,2026-08-20T02:14:59.155277+00:00,blockchain,valid_active,10,1,UAV-VALID,ACCEPTED,IDENTITY_SERVICE_UNAVAILABLE,False,8823000,8.823,81900,8778100,0,8778100,0,0,0,0,,,,none,blockchain-valid_active_0,0,False,239,28,
n250-identities_c1-conc_mech-blockchain-1backend_valid-active_r30_audit-off_20260820T021458Z,obs_c77630ac110e4355ab467b63f0f3d4d0,2026-08-20T02:14:59.181461+00:00,blockchain,valid_active,11,1,UAV-VALID,ACCEPTED,IDENTITY_SERVICE_UNAVAILABLE,False,19409300,19.4093,53900,19362500,0,19362500,0,0,0,0,,,,none,blockchain-valid_active_0,0,False,238,28,
n250-identities_c1-conc_mech-blockchain-1backend_valid-active_r30_audit-off_20260820T021458Z,obs_687aa51818d74075b2a4006747cb4cf2,2026-08-20T02:14:59.210985+00:00,blockchain,valid_active,12,1,UAV-VALID,ACCEPTED,IDENTITY_SERVICE_UNAVAILABLE,False,23573600,23.5736,77000,23513700,0,23513700,0,0,0,0,,,,none,blockchain-valid_active_0,0,False,239,28,
n250-identities_c1-conc_mech-blockchain-1backend_valid-active_r30_audit-off_20260820T021458Z,obs_2fc09a25d0cb4b9d91b16e9fca245117,2026-08-20T02:14:59.244559+00:00,blockchain,valid_active,13,1,UAV-VALID,ACCEPTED,IDENTITY_SERVICE_UNAVAILABLE,False,27891400,27.8914,74200,27825300,0,27825300,0,0,0,0,,,,none,blockchain-valid_active_0,0,False,239,28,
n250-identities_c1-conc_mech-blockchain-1backend_valid-active_r30_audit-off_20260820T021458Z,obs_ae1bc6b1c69b4cb493ddd872272ef7a9,2026-08-20T02:14:59.260112+00:00,blockchain,valid_active,14,1,UAV-VALID,ACCEPTED,IDENTITY_SERVICE_UNAVAILABLE,False,10129500,10.1295,224600,10077300,0,10077300,0,0,0,0,,,,none,blockchain-valid_active_0,0,False,239,28,
n250-identities_c1-conc_mech-blockchain-1backend_valid-active_r30_audit-off_20260820T021458Z,obs_dad2aeb6c7fc47d68ae0290b74879963,2026-08-20T02:14:59.278495+00:00,blockchain,valid_active,15,1,UAV-VALID,ACCEPTED,IDENTITY_SERVICE_UNAVAILABLE,False,13007900,13.0079,48600,12964900,0,12964900,0,0,0,0,,,,none,blockchain-valid_active_0,0,False,239,28,
n250-identities_c1-conc_mech-blockchain-1backend_valid-active_r30_audit-off_20260820T021458Z,obs_b696b10c7c784f69950f73d6c2f32263,2026-08-20T02:14:59.293583+00:00,blockchain,valid_active,16,1,UAV-VALID,ACCEPTED,IDENTITY_SERVICE_UNAVAILABLE,False,9233000,9.233,69700,9140800,0,9140800,0,0,0,0,,,,none,blockchain-valid_active_0,0,False,240,28,
n250-identities_c1-conc_mech-blockchain-1backend_valid-active_r30_audit-off_20260820T021458Z,obs_23279d4e020c496583bffea0a20c20c1,2026-08-20T02:14:59.310274+00:00,blockchain,valid_active,17,1,UAV-VALID,ACCEPTED,IDENTITY_SERVICE_UNAVAILABLE,False,9208300,9.2083,62200,9043600,0,9043600,0,0,0,0,,,,none,blockchain-valid_active_0,0,False,238,28,
n250-identities_c1-conc_mech-blockchain-1backend_valid-active_r30_audit-off_20260820T021458Z,obs_3162469c8e0648709ac167315b6ccc68,2026-08-20T02:14:59.324749+00:00,blockchain,valid_active,18,1,UAV-VALID,ACCEPTED,IDENTITY_SERVICE_UNAVAILABLE,False,9075500,9.0755,56400,9032100,0,9032100,0,0,0,0,,,,none,blockchain-valid_active_0,0,False,239,28,
n250-identities_c1-conc_mech-blockchain-1backend_valid-active_r30_audit-off_20260820T021458Z,obs_b4ef6dad9b0e4c488c89aef9215bdf11,2026-08-20T02:14:59.344397+00:00,blockchain,valid_active,19,1,UAV-VALID,ACCEPTED,IDENTITY_SERVICE_UNAVAILABLE,False,13040900,13.0409,77400,12980100,0,12980100,0,0,0,0,,,,none,blockchain-valid_active_0,0,False,239,28,
n250-identities_c1-conc_mech-blockchain-1backend_valid-active_r30_audit-off_20260820T021458Z,obs_b60c369a357d473199362036497242e7,2026-08-20T02:14:59.379942+00:00,blockchain,valid_active,20,1,UAV-VALID,ACCEPTED,IDENTITY_SERVICE_UNAVAILABLE,False,29788800,29.7888,63800,29744600,0,29744600,0,0,0,0,,,,none,blockchain-valid_active_0,0,False,239,28,
n250-identities_c1-conc_mech-blockchain-1backend_valid-active_r30_audit-off_20260820T021458Z,obs_e06dafd5d5434428824978a2a1e9d1d9,2026-08-20T02:14:59.409441+00:00,blockchain,valid_active,21,1,UAV-VALID,ACCEPTED,IDENTITY_SERVICE_UNAVAILABLE,False,22972500,22.9725,59600,22918900,0,22918900,0,0,0,0,,,,none,blockchain-valid_active_0,0,False,240,28,
n250-identities_c1-conc_mech-blockchain-1backend_valid-active_r30_audit-off_20260820T021458Z,obs_c0dc61765c734581a70452215e543e64,2026-08-20T02:14:59.427085+00:00,blockchain,valid_active,22,1,UAV-VALID,ACCEPTED,IDENTITY_SERVICE_UNAVAILABLE,False,12222300,12.2223,53100,12182800,0,12182800,0,0,0,0,,,,none,blockchain-valid_active_0,0,False,238,28,
n250-identities_c1-conc_mech-blockchain-1backend_valid-active_r30_audit-off_20260820T021458Z,obs_1a48851cefa84e708d32fd36c4f0c1fe,2026-08-20T02:14:59.448468+00:00,blockchain,valid_active,23,1,UAV-VALID,ACCEPTED,IDENTITY_SERVICE_UNAVAILABLE,False,15233200,15.2332,148200,15179300,0,15179300,0,0,0,0,,,,none,blockchain-valid_active_0,0,False,239,28,
n250-identities_c1-conc_mech-blockchain-1backend_valid-active_r30_audit-off_20260820T021458Z,obs_d038386af8694636b2400f8cf311efe1,2026-08-20T02:14:59.475573+00:00,blockchain,valid_active,24,1,UAV-VALID,ACCEPTED,IDENTITY_SERVICE_UNAVAILABLE,False,19141600,19.1416,63900,19095900,0,19095900,0,0,0,0,,,,none,blockchain-valid_active_0,0,False,238,28,
n250-identities_c1-conc_mech-blockchain-1backend_valid-active_r30_audit-off_20260820T021458Z,obs_1176372cb35c4bed808b6b1ebcd0a0f0,2026-08-20T02:14:59.498438+00:00,blockchain,valid_active,25,1,UAV-VALID,ACCEPTED,IDENTITY_SERVICE_UNAVAILABLE,False,17386400,17.3864,82200,17287700,0,17287700,0,0,0,0,,,,none,blockchain-valid_active_0,0,False,239,28,
n250-identities_c1-conc_mech-blockchain-1backend_valid-active_r30_audit-off_20260820T021458Z,obs_1f7f2631ada946fca375c5fcc906a829,2026-08-20T02:14:59.521272+00:00,blockchain,valid_active,26,1,UAV-VALID,ACCEPTED,IDENTITY_SERVICE_UNAVAILABLE,False,16951500,16.9515,62800,16904400,0,16904400,0,0,0,0,,,,none,blockchain-valid_active_0,0,False,240,28,
n250-identities_c1-conc_mech-blockchain-1backend_valid-active_r30_audit-off_20260820T021458Z,obs_272f148ee206425f867fa1b4afe47c20,2026-08-20T02:14:59.553800+00:00,blockchain,valid_active,27,1,UAV-VALID,ACCEPTED,IDENTITY_SERVICE_UNAVAILABLE,False,27553900,27.5539,62500,27507700,0,27507700,0,0,0,0,,,,none,blockchain-valid_active_0,0,False,239,28,
n250-identities_c1-conc_mech-blockchain-1backend_valid-active_r30_audit-off_20260820T021458Z,obs_ae50809861d7402eb1e7d06ef4325c0d,2026-08-20T02:14:59.601121+00:00,blockchain,valid_active,28,1,UAV-VALID,ACCEPTED,IDENTITY_SERVICE_UNAVAILABLE,False,40874200,40.8742,59200,40829900,0,40829900,0,0,0,0,,,,none,blockchain-valid_active_0,0,False,238,28,
n250-identities_c1-conc_mech-blockchain-1backend_valid-active_r30_audit-off_20260820T021458Z,obs_b0682abfda8a4b03b11cebbc63729854,2026-08-20T02:14:59.633511+00:00,blockchain,valid_active,29,1,UAV-VALID,ACCEPTED,IDENTITY_SERVICE_UNAVAILABLE,False,22436300,22.4363,83900,22338500,0,22338500,0,0,0,0,,,,none,blockchain-valid_active_0,0,False,240,28,
n250-identities_c1-conc_mech-x509-1backend_valid-active_r30_audit-off_20260820T020953Z,obs_b915c431a8144805bb3d6854eae9fa16,2026-08-20T02:14:57.235616+00:00,x509,valid_active,0,1,UAV-VALID,ACCEPTED,ACCEPTED,True,2267300,2.2673,63900,147900,1788200,0,198600,6700,0,0,,,,none,x509-valid_active_0,0,True,238,8,
n250-identities_c1-conc_mech-x509-1backend_valid-active_r30_audit-off_20260820T020953Z,obs_722d3e3394b64af29492eacaae55b647,2026-08-20T02:14:57.244142+00:00,x509,valid_active,1,1,UAV-VALID,ACCEPTED,ACCEPTED,True,2337400,2.3374,60600,128500,1837100,0,219000,7300,0,0,,,,none,x509-valid_active_0,0,True,240,8,
n250-identities_c1-conc_mech-x509-1backend_valid-active_r30_audit-off_20260820T020953Z,obs_87408970d0d0425cb3276d0e7e5bbf00,2026-08-20T02:14:57.251981+00:00,x509,valid_active,0,1,UAV-VALID,ACCEPTED,ACCEPTED,True,2290800,2.2908,53900,101100,1827900,0,218200,6400,0,0,,,,none,x509-valid_active_0,0,False,238,8,
n250-identities_c1-conc_mech-x509-1backend_valid-active_r30_audit-off_20260820T020953Z,obs_7f45142f23c74f3887d43549f4b874e9,2026-08-20T02:14:57.260299+00:00,x509,valid_active,1,1,UAV-VALID,ACCEPTED,ACCEPTED,True,2368300,2.3683,52600,143000,1856100,0,182000,5600,0,0,,,,none,x509-valid_active_0,0,False,239,8,
n250-identities_c1-conc_mech-x509-1backend_valid-active_r30_audit-off_20260820T020953Z,obs_0ac6cb73db3246a68b952a41f97f0dfc,2026-08-20T02:14:57.268966+00:00,x509,valid_active,2,1,UAV-VALID,ACCEPTED,ACCEPTED,True,2893800,2.8938,58200,120200,2298900,0,313200,7000,0,0,,,,none,x509-valid_active_0,0,False,239,8,
n250-identities_c1-conc_mech-x509-1backend_valid-active_r30_audit-off_20260820T020953Z,obs_cccd6ebfcf2741b4b0bcf376050b0465,2026-08-20T02:14:57.277152+00:00,x509,valid_active,3,1,UAV-VALID,ACCEPTED,ACCEPTED,True,2236600,2.2366,64400,103400,1778700,0,209400,7200,0,0,,,,none,x509-valid_active_0,0,False,239,8,
n250-identities_c1-conc_mech-x509-1backend_valid-active_r30_audit-off_20260820T020953Z,obs_45aa08aff6cc4921be83c57e54253076,2026-08-20T02:14:57.289396+00:00,x509,valid_active,4,1,UAV-VALID,ACCEPTED,ACCEPTED,True,6277500,6.2775,67600,120600,5563100,0,361500,14900,0,0,,,,none,x509-valid_active_0,0,False,240,8,
n250-identities_c1-conc_mech-x509-1backend_valid-active_r30_audit-off_20260820T020953Z,obs_727188c619424cbcaf7feb1c7369410e,2026-08-20T02:14:57.296963+00:00,x509,valid_active,5,1,UAV-VALID,ACCEPTED,ACCEPTED,True,2150500,2.1505,58300,120200,1679500,0,211000,6500,0,0,,,,none,x509-valid_active_0,0,False,239,8,
n250-identities_c1-conc_mech-x509-1backend_valid-active_r30_audit-off_20260820T020953Z,obs_afd38014ad09468c813d95af8db6267f,2026-08-20T02:14:57.306385+00:00,x509,valid_active,6,1,UAV-VALID,ACCEPTED,ACCEPTED,True,2970400,2.9704,59500,134600,2443000,0,221900,7600,0,0,,,,none,x509-valid_active_0,0,False,238,8,
n250-identities_c1-conc_mech-x509-1backend_valid-active_r30_audit-off_20260820T020953Z,obs_cf158434e7314e39b5921e517f11336e,2026-08-20T02:14:57.314796+00:00,x509,valid_active,7,1,UAV-VALID,ACCEPTED,ACCEPTED,True,2442600,2.4426,67000,126600,1950700,0,199100,5600,0,0,,,,none,x509-valid_active_0,0,False,239,8,
n250-identities_c1-conc_mech-x509-1backend_valid-active_r30_audit-off_20260820T020953Z,obs_aaf83f568ab246d89cb5b1b6cc1ad721,2026-08-20T02:14:57.323360+00:00,x509,valid_active,8,1,UAV-VALID,ACCEPTED,ACCEPTED,True,2591700,2.5917,47400,92000,2097800,0,244600,6100,0,0,,,,none,x509-valid_active_0,0,False,239,8,
n250-identities_c1-conc_mech-x509-1backend_valid-active_r30_audit-off_20260820T020953Z,obs_e3d1bc6c57d242f4b90364725ca8ee50,2026-08-20T02:14:57.330702+00:00,x509,valid_active,9,1,UAV-VALID,ACCEPTED,ACCEPTED,True,2010600,2.0106,38700,91100,1572000,0,212000,11600,0,0,,,,none,x509-valid_active_0,0,False,238,8,
n250-identities_c1-conc_mech-x509-1backend_valid-active_r30_audit-off_20260820T020953Z,obs_755aa31fbbe342dfa291ea1119653d3f,2026-08-20T02:14:57.337784+00:00,x509,valid_active,10,1,UAV-VALID,ACCEPTED,ACCEPTED,True,1664800,1.6648,47700,87300,1316800,0,157500,4800,0,0,,,,none,x509-valid_active_0,0,False,238,8,
n250-identities_c1-conc_mech-x509-1backend_valid-active_r30_audit-off_20260820T020953Z,obs_4c14f2efb37c47a39b8d185a83cf32a0,2026-08-20T02:14:57.344328+00:00,x509,valid_active,11,1,UAV-VALID,ACCEPTED,ACCEPTED,True,2146900,2.1469,59000,102800,1703900,0,198100,6900,0,0,,,,none,x509-valid_active_0,0,False,239,8,
n250-identities_c1-conc_mech-x509-1backend_valid-active_r30_audit-off_20260820T020953Z,obs_a60b5526ea8c4071b76ddf8a64f4cab5,2026-08-20T02:14:57.351537+00:00,x509,valid_active,12,1,UAV-VALID,ACCEPTED,ACCEPTED,True,2292600,2.2926,52600,98300,1794400,0,258900,7400,0,0,,,,none,x509-valid_active_0,0,False,239,8,
n250-identities_c1-conc_mech-x509-1backend_valid-active_r30_audit-off_20260820T020953Z,obs_bbbaae5e1f1b47a19a38e4addc9346a6,2026-08-20T02:14:57.359273+00:00,x509,valid_active,13,1,UAV-VALID,ACCEPTED,ACCEPTED,True,2300300,2.3003,63100,103400,1810300,0,229500,7600,0,0,,,,none,x509-valid_active_0,0,False,239,8,
n250-identities_c1-conc_mech-x509-1backend_valid-active_r30_audit-off_20260820T020953Z,obs_78d4c24d5a5b4df6bec7e8ae914ec75d,2026-08-20T02:14:57.367860+00:00,x509,valid_active,14,1,UAV-VALID,ACCEPTED,ACCEPTED,True,2690700,2.6907,55500,100700,2133200,0,291100,8500,0,0,,,,none,x509-valid_active_0,0,False,239,8,
n250-identities_c1-conc_mech-x509-1backend_valid-active_r30_audit-off_20260820T020953Z,obs_8dad2f72f81c43db8a261fea5cac5a29,2026-08-20T02:14:57.377148+00:00,x509,valid_active,15,1,UAV-VALID,ACCEPTED,ACCEPTED,True,2932600,2.9326,55500,132800,2377800,0,248800,7300,0,0,,,,none,x509-valid_active_0,0,False,240,8,
n250-identities_c1-conc_mech-x509-1backend_valid-active_r30_audit-off_20260820T020953Z,obs_ec2243c08e0a41369335d98360f156a4,2026-08-20T02:14:57.385596+00:00,x509,valid_active,16,1,UAV-VALID,ACCEPTED,ACCEPTED,True,2760500,2.7605,60600,141600,2246900,0,210600,6600,0,0,,,,none,x509-valid_active_0,0,False,239,8,
n250-identities_c1-conc_mech-x509-1backend_valid-active_r30_audit-off_20260820T020953Z,obs_60bb16fa48214a50934f7bdcbf5e0117,2026-08-20T02:14:57.399699+00:00,x509,valid_active,17,1,UAV-VALID,ACCEPTED,ACCEPTED,True,3350600,3.3506,58400,122000,2705400,0,267800,9000,0,0,,,,none,x509-valid_active_0,0,False,240,8,
n250-identities_c1-conc_mech-x509-1backend_valid-active_r30_audit-off_20260820T020953Z,obs_a0dd91413a5b44ed87e95f2a6d42c37f,2026-08-20T02:14:57.409974+00:00,x509,valid_active,18,1,UAV-VALID,ACCEPTED,ACCEPTED,True,3578600,3.5786,109900,121100,3019400,0,256200,8500,0,0,,,,none,x509-valid_active_0,0,False,239,8,
n250-identities_c1-conc_mech-x509-1backend_valid-active_r30_audit-off_20260820T020953Z,obs_42aafe656c6d40b5af045e782b5c05d5,2026-08-20T02:14:57.418453+00:00,x509,valid_active,19,1,UAV-VALID,ACCEPTED,ACCEPTED,True,2444300,2.4443,88500,113700,1958300,0,222100,6900,0,0,,,,none,x509-valid_active_0,0,False,240,8,
n250-identities_c1-conc_mech-x509-1backend_valid-active_r30_audit-off_20260820T020953Z,obs_40a547a919bf47eca55e11d7f9eebd39,2026-08-20T02:14:57.427524+00:00,x509,valid_active,20,1,UAV-VALID,ACCEPTED,ACCEPTED,True,2664900,2.6649,71300,118500,2023200,0,343700,14600,0,0,,,,none,x509-valid_active_0,0,False,238,8,
n250-identities_c1-conc_mech-x509-1backend_valid-active_r30_audit-off_20260820T020953Z,obs_5064d752bbec44dcab68ce322f025c8d,2026-08-20T02:14:57.436573+00:00,x509,valid_active,21,1,UAV-VALID,ACCEPTED,ACCEPTED,True,2551900,2.5519,64500,121200,2038200,0,229200,7600,0,0,,,,none,x509-valid_active_0,0,False,239,8,
n250-identities_c1-conc_mech-x509-1backend_valid-active_r30_audit-off_20260820T020953Z,obs_c68d171b88044f06bf0d54864ef67ce7,2026-08-20T02:14:57.446455+00:00,x509,valid_active,22,1,UAV-VALID,ACCEPTED,ACCEPTED,True,3432000,3.432,54700,105300,2913100,0,247000,9300,0,0,,,,none,x509-valid_active_0,0,False,239,8,
n250-identities_c1-conc_mech-x509-1backend_valid-active_r30_audit-off_20260820T020953Z,obs_1edaa372aa6843f98c8f611cefe748bc,2026-08-20T02:14:57.455121+00:00,x509,valid_active,23,1,UAV-VALID,ACCEPTED,ACCEPTED,True,2122000,2.122,68000,106900,1618800,0,262100,6800,0,0,,,,none,x509-valid_active_0,0,False,240,8,
n250-identities_c1-conc_mech-x509-1backend_valid-active_r30_audit-off_20260820T020953Z,obs_3ca2c262678b40a89d31a5e147d088e3,2026-08-20T02:14:57.466832+00:00,x509,valid_active,24,1,UAV-VALID,ACCEPTED,ACCEPTED,True,3015900,3.0159,60300,146600,2428000,0,261200,8200,0,0,,,,none,x509-valid_active_0,0,False,239,8,
n250-identities_c1-conc_mech-x509-1backend_valid-active_r30_audit-off_20260820T020953Z,obs_fab55d67ef104f6aac41811f964d00a5,2026-08-20T02:14:57.477651+00:00,x509,valid_active,25,1,UAV-VALID,ACCEPTED,ACCEPTED,True,2654900,2.6549,83300,132900,2131300,0,225800,7400,0,0,,,,none,x509-valid_active_0,0,False,239,8,
n250-identities_c1-conc_mech-x509-1backend_valid-active_r30_audit-off_20260820T020953Z,obs_b7966a68c2ec49408283e7549206cf6c,2026-08-20T02:14:57.485857+00:00,x509,valid_active,26,1,UAV-VALID,ACCEPTED,ACCEPTED,True,2577200,2.5772,50300,137400,2038100,0,228600,11100,0,0,,,,none,x509-valid_active_0,0,False,239,8,
n250-identities_c1-conc_mech-x509-1backend_valid-active_r30_audit-off_20260820T020953Z,obs_7c84f82ce7564fb9b370ebed2e0372be,2026-08-20T02:14:57.494854+00:00,x509,valid_active,27,1,UAV-VALID,ACCEPTED,ACCEPTED,True,2460700,2.4607,75900,121400,1934300,0,244700,7500,0,0,,,,none,x509-valid_active_0,0,False,240,8,
n250-identities_c1-conc_mech-x509-1backend_valid-active_r30_audit-off_20260820T020953Z,obs_60bc3f1b69db40a6a4a1914e36c5bdcc,2026-08-20T02:14:57.503220+00:00,x509,valid_active,28,1,UAV-VALID,ACCEPTED,ACCEPTED,True,2049400,2.0494,86000,105500,1608000,0,198500,6500,0,0,,,,none,x509-valid_active_0,0,False,240,8,
n250-identities_c1-conc_mech-x509-1backend_valid-active_r30_audit-off_20260820T020953Z,obs_9288f079645641668c55be806e97dce5,2026-08-20T02:14:57.511716+00:00,x509,valid_active,29,1,UAV-VALID,ACCEPTED,ACCEPTED,True,2729500,2.7295,65000,144700,2138100,0,240900,34400,0,0,,,,none,x509-valid_active_0,0,False,240,8,
n250-identities_c10-conc_mech-blockchain-1backend_valid-active_r30_audit-off_20260820T021557Z,obs_a0048c3f367747b9a22c9891f1a0bde8,2026-08-20T02:16:04.003144+00:00,blockchain,valid_active,1,10,UAV-VALID,ACCEPTED,INVALID_SIGNATURE,False,95139800,95.1398,55400,94682300,0,6300,280300,0,0,0,,,,none,blockchain-valid_active_1,0,True,239,17,
n250-identities_c10-conc_mech-blockchain-1backend_valid-active_r30_audit-off_20260820T021557Z,obs_95a820d307544e2a82b0c551f06d5776,2026-08-20T02:16:04.020382+00:00,blockchain,valid_active,0,10,UAV-VALID,ACCEPTED,INVALID_SIGNATURE,False,136359000,136.359,66100,135898900,0,5100,291100,0,0,0,,,,none,blockchain-valid_active_0,0,True,238,17,
n250-identities_c10-conc_mech-blockchain-1backend_valid-active_r30_audit-off_20260820T021557Z,obs_ce3d7c24b2374291b77da572345a9dce,2026-08-20T02:16:04.026548+00:00,blockchain,valid_active,1,10,UAV-VALID,ACCEPTED,INVALID_SIGNATURE,False,99586100,99.5861,44000,99157200,0,5100,269900,0,0,0,,,,none,blockchain-valid_active_3,0,False,239,17,
n250-identities_c10-conc_mech-blockchain-1backend_valid-active_r30_audit-off_20260820T021557Z,obs_2516d93f206b471a842a13d46644852f,2026-08-20T02:16:04.103252+00:00,blockchain,valid_active,0,10,UAV-VALID,ACCEPTED,INVALID_SIGNATURE,False,184463600,184.4636,75400,183933300,0,4600,277500,0,0,0,,,,none,blockchain-valid_active_2,0,False,238,17,
n250-identities_c10-conc_mech-blockchain-1backend_valid-active_r30_audit-off_20260820T021557Z,obs_0cdf8168d31d4e2ea53969ce43855149,2026-08-20T02:16:04.131788+00:00,blockchain,valid_active,5,10,UAV-VALID,ACCEPTED,INVALID_SIGNATURE,False,138894200,138.8942,53300,138470900,0,4400,274900,0,0,0,,,,none,blockchain-valid_active_7,0,False,238,17,
n250-identities_c10-conc_mech-blockchain-1backend_valid-active_r30_audit-off_20260820T021557Z,obs_de129f562bbf49b480832320ba99514c,2026-08-20T02:16:04.147382+00:00,blockchain,valid_active,4,10,UAV-VALID,ACCEPTED,INVALID_SIGNATURE,False,175209600,175.2096,54300,174847000,0,5300,225600,0,0,0,,,,none,blockchain-valid_active_6,0,False,238,17,
n250-identities_c10-conc_mech-blockchain-1backend_valid-active_r30_audit-off_20260820T021557Z,obs_2cf802301884437d8ba572ce7e5e95ce,2026-08-20T02:16:04.151408+00:00,blockchain,valid_active,10,10,UAV-VALID,ACCEPTED,INVALID_SIGNATURE,False,95078200,95.0782,53900,94692100,0,4600,242600,0,0,0,,,,none,blockchain-valid_active_3,0,False,238,17,
n250-identities_c10-conc_mech-blockchain-1backend_valid-active_r30_audit-off_20260820T021557Z,obs_b3fbd6f3af724fe1b8aca6d19cdf89d6,2026-08-20T02:16:04.173606+00:00,blockchain,valid_active,3,10,UAV-VALID,ACCEPTED,INVALID_SIGNATURE,False,175815800,175.8158,79500,175404800,0,5400,252300,0,0,0,,,,none,blockchain-valid_active_5,0,False,240,17,
n250-identities_c10-conc_mech-blockchain-1backend_valid-active_r30_audit-off_20260820T021557Z,obs_c1338c2a341d40b788eefba98ee8f3c3,2026-08-20T02:16:04.181002+00:00,blockchain,valid_active,6,10,UAV-VALID,ACCEPTED,INVALID_SIGNATURE,False,149622100,149.6221,64400,148904500,0,7100,306200,0,0,0,,,,none,blockchain-valid_active_8,0,False,239,17,
n250-identities_c10-conc_mech-blockchain-1backend_valid-active_r30_audit-off_20260820T021557Z,obs_b4fb308a8ec64c518a228d4ea7695ffd,2026-08-20T02:16:04.184427+00:00,blockchain,valid_active,2,10,UAV-VALID,ACCEPTED,INVALID_SIGNATURE,False,213590900,213.5909,56400,213212800,0,5700,229900,0,0,0,,,,none,blockchain-valid_active_4,0,False,239,17,
n250-identities_c10-conc_mech-blockchain-1backend_valid-active_r30_audit-off_20260820T021557Z,obs_5e63f46737744fc4a16a7d57025c6cd5,2026-08-20T02:16:04.187304+00:00,blockchain,valid_active,9,10,UAV-VALID,ACCEPTED,INVALID_SIGNATURE,False,138605300,138.6053,60600,138198200,0,4200,257300,0,0,0,,,,none,blockchain-valid_active_0,0,False,238,17,
n250-identities_c10-conc_mech-blockchain-1backend_valid-active_r30_audit-off_20260820T021557Z,obs_e7bb11e48c9747e4a5502712cce96ddd,2026-08-20T02:16:04.190577+00:00,blockchain,valid_active,7,10,UAV-VALID,ACCEPTED,INVALID_SIGNATURE,False,175492600,175.4926,52000,175063200,0,4100,277800,0,0,0,,,,none,blockchain-valid_active_9,0,False,239,17,
n250-identities_c10-conc_mech-blockchain-1backend_valid-active_r30_audit-off_20260820T021557Z,obs_f054733a457d4166b83ea0ca62ade586,2026-08-20T02:16:04.196091+00:00,blockchain,valid_active,8,10,UAV-VALID,ACCEPTED,INVALID_SIGNATURE,False,151133400,151.1334,72600,149788000,0,4300,1060400,0,0,0,,,,none,blockchain-valid_active_1,0,False,238,17,
n250-identities_c10-conc_mech-blockchain-1backend_valid-active_r30_audit-off_20260820T021557Z,obs_925f176691d14ec6b43dff62421504d6,2026-08-20T02:16:04.268676+00:00,blockchain,valid_active,11,10,UAV-VALID,ACCEPTED,INVALID_SIGNATURE,False,128584500,128.5845,75100,128150900,0,4400,263300,0,0,0,,,,none,blockchain-valid_active_2,0,False,240,17,
n250-identities_c10-conc_mech-blockchain-1backend_valid-active_r30_audit-off_20260820T021557Z,obs_4c1ca8bd0ed3476b869eb57a50fac36d,2026-08-20T02:16:04.284461+00:00,blockchain,valid_active,12,10,UAV-VALID,ACCEPTED,INVALID_SIGNATURE,False,119311600,119.3116,53100,118863600,0,6100,271500,0,0,0,,,,none,blockchain-valid_active_7,0,False,238,17,
n250-identities_c10-conc_mech-blockchain-1backend_valid-active_r30_audit-off_20260820T021557Z,obs_d22cb9eaaa564f93b6ab6fad0f0c9f4f,2026-08-20T02:16:04.319287+00:00,blockchain,valid_active,13,10,UAV-VALID,ACCEPTED,INVALID_SIGNATURE,False,121362200,121.3622,48400,120990700,0,4800,234400,0,0,0,,,,none,blockchain-valid_active_6,0,False,240,17,
n250-identities_c10-conc_mech-blockchain-1backend_valid-active_r30_audit-off_20260820T021557Z,obs_3cefef5e3a5d409584cf8500c71b70f8,2026-08-20T02:16:04.329131+00:00,blockchain,valid_active,14,10,UAV-VALID,ACCEPTED,INVALID_SIGNATURE,False,129278700,129.2787,47600,128765500,0,5200,347000,0,0,0,,,,none,blockchain-valid_active_3,0,False,238,17,
n250-identities_c10-conc_mech-blockchain-1backend_valid-active_r30_audit-off_20260820T021557Z,obs_50b9075e7dfc4a3c8344eab36f2281b8,2026-08-20T02:16:04.361871+00:00,blockchain,valid_active,18,10,UAV-VALID,ACCEPTED,INVALID_SIGNATURE,False,129892600,129.8926,66300,129420800,0,5700,285400,0,0,0,,,,none,blockchain-valid_active_0,0,False,240,17,
n250-identities_c10-conc_mech-blockchain-1backend_valid-active_r30_audit-off_20260820T021557Z,obs_da4dd5ac3c2c43dba290716d1708bc42,2026-08-20T02:16:04.389511+00:00,blockchain,valid_active,16,10,UAV-VALID,ACCEPTED,INVALID_SIGNATURE,False,156345000,156.345,49700,155792600,0,12000,276000,0,0,0,,,,none,blockchain-valid_active_8,0,False,238,17,
n250-identities_c10-conc_mech-blockchain-1backend_valid-active_r30_audit-off_20260820T021557Z,obs_9ba49ce450da414fb0e26c99c0e60baa,2026-08-20T02:16:04.398547+00:00,blockchain,valid_active,15,10,UAV-VALID,ACCEPTED,INVALID_SIGNATURE,False,171132300,171.1323,61800,170649200,0,4800,304200,0,0,0,,,,none,blockchain-valid_active_5,0,False,239,17,
n250-identities_c10-conc_mech-blockchain-1backend_valid-active_r30_audit-off_20260820T021557Z,obs_1b7ad6f031934433b0ebe607fd290474,2026-08-20T02:16:04.409570+00:00,blockchain,valid_active,21,10,UAV-VALID,ACCEPTED,INVALID_SIGNATURE,False,108602300,108.6023,62200,108209400,0,5500,247700,0,0,0,,,,none,blockchain-valid_active_2,0,False,238,17,
n250-identities_c10-conc_mech-blockchain-1backend_valid-active_r30_audit-off_20260820T021557Z,obs_97b04823cf104117b0bbaed6e582d8a0,2026-08-20T02:16:04.418263+00:00,blockchain,valid_active,20,10,UAV-VALID,ACCEPTED,INVALID_SIGNATURE,False,165204000,165.204,59500,164847600,0,2800,202300,0,0,0,,,,none,blockchain-valid_active_1,0,False,240,17,
n250-identities_c10-conc_mech-blockchain-1backend_valid-active_r30_audit-off_20260820T021557Z,obs_be82f7c7a94f49428a3399ee669f2ae0,2026-08-20T02:16:04.422766+00:00,blockchain,valid_active,17,10,UAV-VALID,ACCEPTED,INVALID_SIGNATURE,False,181970700,181.9707,65600,181478700,0,3900,253400,0,0,0,,,,none,blockchain-valid_active_4,0,False,239,17,
n250-identities_c10-conc_mech-blockchain-1backend_valid-active_r30_audit-off_20260820T021557Z,obs_bdb628a3e4f44d4d85d0dedc971474ce,2026-08-20T02:16:04.428800+00:00,blockchain,valid_active,22,10,UAV-VALID,ACCEPTED,INVALID_SIGNATURE,False,114330100,114.3301,50800,113900500,0,3600,272200,0,0,0,,,,none,blockchain-valid_active_7,0,False,239,17,
n250-identities_c10-conc_mech-blockchain-1backend_valid-active_r30_audit-off_20260820T021557Z,obs_d1b52570dfb244a1be639a8355ce8ac4,2026-08-20T02:16:04.438153+00:00,blockchain,valid_active,19,10,UAV-VALID,ACCEPTED,INVALID_SIGNATURE,False,177590200,177.5902,98200,177301400,0,2700,169700,0,0,0,,,,none,blockchain-valid_active_9,0,False,240,17,
n250-identities_c10-conc_mech-blockchain-1backend_valid-active_r30_audit-off_20260820T021557Z,obs_1b8399a1933f46ef8da6c4187673cc6b,2026-08-20T02:16:04.487609+00:00,blockchain,valid_active,23,10,UAV-VALID,ACCEPTED,INVALID_SIGNATURE,False,128724200,128.7242,59200,128310300,0,3900,256500,0,0,0,,,,none,blockchain-valid_active_6,0,False,240,17,
n250-identities_c10-conc_mech-blockchain-1backend_valid-active_r30_audit-off_20260820T021557Z,obs_fce395f01b634bd9bedae2ae23401aff,2026-08-20T02:16:04.499500+00:00,blockchain,valid_active,28,10,UAV-VALID,ACCEPTED,INVALID_SIGNATURE,False,59483400,59.4834,45500,59027300,0,5300,293100,0,0,0,,,,none,blockchain-valid_active_2,0,False,240,17,
n250-identities_c10-conc_mech-blockchain-1backend_valid-active_r30_audit-off_20260820T021557Z,obs_ef694bc4a6a0415baac5e9c51bcf1ed4,2026-08-20T02:16:04.503354+00:00,blockchain,valid_active,24,10,UAV-VALID,ACCEPTED,INVALID_SIGNATURE,False,99641800,99.6418,47300,99228800,0,4600,272800,0,0,0,,,,none,blockchain-valid_active_3,0,False,239,17,
n250-identities_c10-conc_mech-blockchain-1backend_valid-active_r30_audit-off_20260820T021557Z,obs_f41930f480fd438aab83f9370ef67377,2026-08-20T02:16:04.516293+00:00,blockchain,valid_active,26,10,UAV-VALID,ACCEPTED,INVALID_SIGNATURE,False,62423600,62.4236,66700,61997500,0,3400,258800,0,0,0,,,,none,blockchain-valid_active_8,0,False,239,17,
n250-identities_c10-conc_mech-blockchain-1backend_valid-active_r30_audit-off_20260820T021557Z,obs_d9e4ce77822f41f19f7b6f5f42b9ae7b,2026-08-20T02:16:04.518571+00:00,blockchain,valid_active,29,10,UAV-VALID,ACCEPTED,INVALID_SIGNATURE,False,62356400,62.3564,52800,61975500,0,3600,241900,0,0,0,,,,none,blockchain-valid_active_1,0,False,239,17,
n250-identities_c10-conc_mech-blockchain-1backend_valid-active_r30_audit-off_20260820T021557Z,obs_21253761de9545268d15ee318c1b14b7,2026-08-20T02:16:04.521547+00:00,blockchain,valid_active,27,10,UAV-VALID,ACCEPTED,INVALID_SIGNATURE,False,73592800,73.5928,51100,73208600,0,4300,246400,0,0,0,,,,none,blockchain-valid_active_5,0,False,239,17,
n250-identities_c10-conc_mech-blockchain-1backend_valid-active_r30_audit-off_20260820T021557Z,obs_ebc5eb6548614871a44c4ab4761ccf90,2026-08-20T02:16:04.523547+00:00,blockchain,valid_active,25,10,UAV-VALID,ACCEPTED,INVALID_SIGNATURE,False,78082600,78.0826,57500,77645000,0,4900,279600,0,0,0,,,,none,blockchain-valid_active_0,0,False,239,17,
n250-identities_c10-conc_mech-x509-1backend_valid-active_r30_audit-off_20260820T021548Z,obs_33715227ebcb48f18543d7ab60286b8c,2026-08-20T02:15:54.951812+00:00,x509,valid_active,0,10,UAV-VALID,ACCEPTED,ACCEPTED,True,17661100,17.6611,53600,130000,17030100,0,307700,8700,0,0,,,,none,x509-valid_active_2,0,False,239,8,
n250-identities_c10-conc_mech-x509-1backend_valid-active_r30_audit-off_20260820T021548Z,obs_7848bdc6f66b41d69624316bf0235737,2026-08-20T02:15:54.954314+00:00,x509,valid_active,0,10,UAV-VALID,ACCEPTED,ACCEPTED,True,26463200,26.4632,61900,160400,25771800,0,314500,14700,0,0,,,,none,x509-valid_active_0,0,True,239,8,
n250-identities_c10-conc_mech-x509-1backend_valid-active_r30_audit-off_20260820T021548Z,obs_1927899df6c94c04a072ee280799e9ea,2026-08-20T02:15:54.939040+00:00,x509,valid_active,1,10,UAV-VALID,ACCEPTED,ACCEPTED,True,9158800,9.1588,47400,166300,8585300,0,230700,6600,0,0,,,,none,x509-valid_active_1,0,True,239,8,
n250-identities_c10-conc_mech-x509-1backend_valid-active_r30_audit-off_20260820T021548Z,obs_a33570a4225448009940436b410f553e,2026-08-20T02:15:54.977964+00:00,x509,valid_active,2,10,UAV-VALID,ACCEPTED,ACCEPTED,True,24899300,24.8993,37600,152100,24297900,0,259000,7500,0,0,,,,none,x509-valid_active_4,0,False,238,8,
n250-identities_c10-conc_mech-x509-1backend_valid-active_r30_audit-off_20260820T021548Z,obs_d53e9e756e55472dbe5fc937caf15996,2026-08-20T02:15:54.989415+00:00,x509,valid_active,1,10,UAV-VALID,ACCEPTED,ACCEPTED,True,30808200,30.8082,70200,129500,30255200,0,248400,8000,0,0,,,,none,x509-valid_active_3,0,False,238,8,
n250-identities_c10-conc_mech-x509-1backend_valid-active_r30_audit-off_20260820T021548Z,obs_0d05a06c536b4d1fa7994f9e3100400d,2026-08-20T02:15:54.992972+00:00,x509,valid_active,4,10,UAV-VALID,ACCEPTED,ACCEPTED,True,19486900,19.4869,55200,105500,19010100,0,223500,6600,0,0,,,,none,x509-valid_active_1,0,False,239,8,
n250-identities_c10-conc_mech-x509-1backend_valid-active_r30_audit-off_20260820T021548Z,obs_4f129d5ed789436cadb8f3d25d393465,2026-08-20T02:15:54.994613+00:00,x509,valid_active,3,10,UAV-VALID,ACCEPTED,ACCEPTED,True,31367300,31.3673,53700,124400,30853000,0,239700,6800,0,0,,,,none,x509-valid_active_5,0,False,240,8,
n250-identities_c10-conc_mech-x509-1backend_valid-active_r30_audit-off_20260820T021548Z,obs_5fae17844867483bb1061b4edf0e6c77,2026-08-20T02:15:54.999954+00:00,x509,valid_active,5,10,UAV-VALID,ACCEPTED,ACCEPTED,True,20384400,20.3844,62600,121100,19798800,0,284700,8500,0,0,,,,none,x509-valid_active_6,0,False,240,8,
n250-identities_c10-conc_mech-x509-1backend_valid-active_r30_audit-off_20260820T021548Z,obs_bc1d7f6c02fe41429faf7d9f1bfa0799,2026-08-20T02:15:55.033119+00:00,x509,valid_active,7,10,UAV-VALID,ACCEPTED,ACCEPTED,True,24086200,24.0862,67700,1188700,22446900,0,205300,6900,0,0,,,,none,x509-valid_active_0,0,False,238,8,
n250-identities_c10-conc_mech-x509-1backend_valid-active_r30_audit-off_20260820T021548Z,obs_55c08e59c4584ce49c6b8e39c2fd8bb8,2026-08-20T02:15:55.034704+00:00,x509,valid_active,6,10,UAV-VALID,ACCEPTED,ACCEPTED,True,44751900,44.7519,46600,133500,44226800,0,231000,6500,0,0,,,,none,x509-valid_active_2,0,False,240,8,
n250-identities_c10-conc_mech-x509-1backend_valid-active_r30_audit-off_20260820T021548Z,obs_9205cb15faea4bfc8804e0047b8adec1,2026-08-20T02:15:55.048717+00:00,x509,valid_active,10,10,UAV-VALID,ACCEPTED,ACCEPTED,True,43892200,43.8922,66800,136900,43362700,0,214600,7400,0,0,,,,none,x509-valid_active_9,0,False,238,8,
n250-identities_c10-conc_mech-x509-1backend_valid-active_r30_audit-off_20260820T021548Z,obs_bfa0c3d7c1e549768b17b9e01542986e,2026-08-20T02:15:55.054371+00:00,x509,valid_active,9,10,UAV-VALID,ACCEPTED,ACCEPTED,True,39228300,39.2283,58100,150700,38676500,0,235400,5800,0,0,,,,none,x509-valid_active_8,0,False,238,8,
n250-identities_c10-conc_mech-x509-1backend_valid-active_r30_audit-off_20260820T021548Z,obs_ebdaf21a6ae648a4a5b9537c6da9106e,2026-08-20T02:15:55.055167+00:00,x509,valid_active,8,10,UAV-VALID,ACCEPTED,ACCEPTED,True,28720400,28.7204,169200,175100,28182700,0,198000,6100,0,0,,,,none,x509-valid_active_7,0,False,238,8,
n250-identities_c10-conc_mech-x509-1backend_valid-active_r30_audit-off_20260820T021548Z,obs_332ebba2d88843878c911a57620c1f6b,2026-08-20T02:15:55.062141+00:00,x509,valid_active,12,10,UAV-VALID,ACCEPTED,ACCEPTED,True,28426600,28.4266,60100,122400,27889200,0,249600,6600,0,0,,,,none,x509-valid_active_3,0,False,238,8,
n250-identities_c10-conc_mech-x509-1backend_valid-active_r30_audit-off_20260820T021548Z,obs_915c66e02a154f9c84e57d41b425140d,2026-08-20T02:15:55.065363+00:00,x509,valid_active,14,10,UAV-VALID,ACCEPTED,ACCEPTED,True,25300800,25.3008,44600,186300,24652600,0,271100,8100,0,0,,,,none,x509-valid_active_5,0,False,240,8,
n250-identities_c10-conc_mech-x509-1backend_valid-active_r30_audit-off_20260820T021548Z,obs_89a65af73da640a890a86fe39d6b884f,2026-08-20T02:15:55.066225+00:00,x509,valid_active,13,10,UAV-VALID,ACCEPTED,ACCEPTED,True,28202600,28.2026,56100,106600,27742400,0,221000,5200,0,0,,,,none,x509-valid_active_1,0,False,238,8,
n250-identities_c10-conc_mech-x509-1backend_valid-active_r30_audit-off_20260820T021548Z,obs_8a20a8a9a24848e8934cd93937c2091f,2026-08-20T02:15:55.081352+00:00,x509,valid_active,11,10,UAV-VALID,ACCEPTED,ACCEPTED,True,28232300,28.2323,52600,109600,27715100,0,246300,6700,0,0,,,,none,x509-valid_active_4,0,False,238,8,
n250-identities_c10-conc_mech-x509-1backend_valid-active_r30_audit-off_20260820T021548Z,obs_b37ac7cf360f4126903ede0ab3aa0e0d,2026-08-20T02:15:55.106239+00:00,x509,valid_active,15,10,UAV-VALID,ACCEPTED,ACCEPTED,True,47902000,47.902,62300,111700,47439000,0,211800,5800,0,0,,,,none,x509-valid_active_6,0,False,239,8,
n250-identities_c10-conc_mech-x509-1backend_valid-active_r30_audit-off_20260820T021548Z,obs_1d1bf74589f54de181c5afa97a47dfa4,2026-08-20T02:15:55.109902+00:00,x509,valid_active,16,10,UAV-VALID,ACCEPTED,ACCEPTED,True,32415000,32.415,50400,113000,31929200,0,224600,6100,0,0,,,,none,x509-valid_active_0,0,False,240,8,
n250-identities_c10-conc_mech-x509-1backend_valid-active_r30_audit-off_20260820T021548Z,obs_dbb3e2e1eab849e4b83664af4a3cefc5,2026-08-20T02:15:55.115996+00:00,x509,valid_active,17,10,UAV-VALID,ACCEPTED,ACCEPTED,True,19703900,19.7039,61400,125600,19185000,0,222400,6100,0,0,,,,none,x509-valid_active_2,0,False,238,8,
n250-identities_c10-conc_mech-x509-1backend_valid-active_r30_audit-off_20260820T021548Z,obs_25ce1f6dd85149208310c21ffd099ef7,2026-08-20T02:15:55.129854+00:00,x509,valid_active,18,10,UAV-VALID,ACCEPTED,ACCEPTED,True,20780800,20.7808,72900,73100,20355000,0,211500,5400,0,0,,,,none,x509-valid_active_9,0,False,239,8,
n250-identities_c10-conc_mech-x509-1backend_valid-active_r30_audit-off_20260820T021548Z,obs_1650b35955624c3bb6b8477ff7773c52,2026-08-20T02:15:55.132906+00:00,x509,valid_active,23,10,UAV-VALID,ACCEPTED,ACCEPTED,True,24391300,24.3913,57100,98500,23826400,0,294900,8600,0,0,,,,none,x509-valid_active_1,0,False,238,8,
n250-identities_c10-conc_mech-x509-1backend_valid-active_r30_audit-off_20260820T021548Z,obs_f37a24d3060d460c83808ce5e43a874d,2026-08-20T02:15:55.144771+00:00,x509,valid_active,22,10,UAV-VALID,ACCEPTED,ACCEPTED,True,32483000,32.483,40400,120300,31924300,0,272400,6800,0,0,,,,none,x509-valid_active_5,0,False,240,8,
n250-identities_c10-conc_mech-x509-1backend_valid-active_r30_audit-off_20260820T021548Z,obs_cae47a0dcc8d45c29f852c75d2bf4a68,2026-08-20T02:15:55.151092+00:00,x509,valid_active,19,10,UAV-VALID,ACCEPTED,ACCEPTED,True,35905100,35.9051,56000,110100,32226500,0,3236800,13300,0,0,,,,none,x509-valid_active_8,0,False,240,8,
n250-identities_c10-conc_mech-x509-1backend_valid-active_r30_audit-off_20260820T021548Z,obs_5858c9730f9e4baa9224e2d168276cff,2026-08-20T02:15:55.154922+00:00,x509,valid_active,21,10,UAV-VALID,ACCEPTED,ACCEPTED,True,37634700,37.6347,61000,351700,36771000,0,296400,8100,0,0,,,,none,x509-valid_active_3,0,False,239,8,
n250-identities_c10-conc_mech-x509-1backend_valid-active_r30_audit-off_20260820T021548Z,obs_91b21403611c4b0cbfe7fbbc209d8a00,2026-08-20T02:15:55.160462+00:00,x509,valid_active,20,10,UAV-VALID,ACCEPTED,ACCEPTED,True,43851900,43.8519,45000,122700,43282300,0,267700,7800,0,0,,,,none,x509-valid_active_7,0,False,240,8,
n250-identities_c10-conc_mech-x509-1backend_valid-active_r30_audit-off_20260820T021548Z,obs_6a1ec216f0ac4239bc3f5a999a5aa63a,2026-08-20T02:15:55.169607+00:00,x509,valid_active,27,10,UAV-VALID,ACCEPTED,ACCEPTED,True,23483700,23.4837,69700,96800,22995600,0,240300,6500,0,0,,,,none,x509-valid_active_2,0,False,238,8,
n250-identities_c10-conc_mech-x509-1backend_valid-active_r30_audit-off_20260820T021548Z,obs_d2cc97c52a5b407ea78607fc215c6874,2026-08-20T02:15:55.170335+00:00,x509,valid_active,25,10,UAV-VALID,ACCEPTED,ACCEPTED,True,28968900,28.9689,52200,88200,28485300,0,244200,6500,0,0,,,,none,x509-valid_active_6,0,False,239,8,
n250-identities_c10-conc_mech-x509-1backend_valid-active_r30_audit-off_20260820T021548Z,obs_48007c14d50a4ba4872322f66a4cae19,2026-08-20T02:15:55.174706+00:00,x509,valid_active,24,10,UAV-VALID,ACCEPTED,ACCEPTED,True,15554000,15.554,54800,124300,15059400,0,216600,6100,0,0,,,,none,x509-valid_active_4,0,False,238,8,
n250-identities_c10-conc_mech-x509-1backend_valid-active_r30_audit-off_20260820T021548Z,obs_2bc3cd09fb514c3bb038a5699d5d3c65,2026-08-20T02:15:55.175611+00:00,x509,valid_active,26,10,UAV-VALID,ACCEPTED,ACCEPTED,True,7140600,7.1406,50300,127500,6621400,0,222900,6600,0,0,,,,none,x509-valid_active_0,0,False,240,8,
n250-identities_c10-conc_mech-x509-1backend_valid-active_r30_audit-off_20260820T021548Z,obs_1e80b83f4a3c4b20adb67e515ec79333,2026-08-20T02:15:55.177691+00:00,x509,valid_active,28,10,UAV-VALID,ACCEPTED,ACCEPTED,True,6731000,6.731,56300,90900,6345200,0,174700,6000,0,0,,,,none,x509-valid_active_9,0,False,240,8,
n250-identities_c10-conc_mech-x509-1backend_valid-active_r30_audit-off_20260820T021548Z,obs_14160bc40f4d42ecafc144a6edd351fe,2026-08-20T02:15:55.178562+00:00,x509,valid_active,29,10,UAV-VALID,ACCEPTED,ACCEPTED,True,4654600,4.6546,50700,120300,4210200,0,188200,6000,0,0,,,,none,x509-valid_active_1,0,False,239,8,
n250-identities_c25-conc_mech-blockchain-1backend_valid-active_r30_audit-off_20260820T021613Z,obs_0d936a12efa64c7187b27def83413f3b,2026-08-20T02:16:21.836319+00:00,blockchain,valid_active,4,25,UAV-VALID,ACCEPTED,INVALID_SIGNATURE,False,233935400,233.9354,75800,233480700,0,4800,271600,0,0,0,,,,none,blockchain-valid_active_6,0,False,238,17,
n250-identities_c25-conc_mech-blockchain-1backend_valid-active_r30_audit-off_20260820T021613Z,obs_64e3daef2bf841029e0e8adbc00d6d1e,2026-08-20T02:16:21.898384+00:00,blockchain,valid_active,10,25,UAV-VALID,ACCEPTED,INVALID_SIGNATURE,False,199675400,199.6754,57200,199228600,0,4300,277700,0,0,0,,,,none,blockchain-valid_active_0,0,False,240,17,
n250-identities_c25-conc_mech-blockchain-1backend_valid-active_r30_audit-off_20260820T021613Z,obs_6be5e94e99e8412998089cf92b82837e,2026-08-20T02:16:21.884400+00:00,blockchain,valid_active,9,25,UAV-VALID,ACCEPTED,INVALID_SIGNATURE,False,204352200,204.3522,61500,203909000,0,4500,272800,0,0,0,,,,none,blockchain-valid_active_11,0,False,240,17,
n250-identities_c25-conc_mech-blockchain-1backend_valid-active_r30_audit-off_20260820T021613Z,obs_6bec85d9cda24dbd8bb2b4235b4d3eec,2026-08-20T02:16:21.641796+00:00,blockchain,valid_active,0,25,UAV-VALID,ACCEPTED,INVALID_SIGNATURE,False,121387300,121.3873,69700,120920400,0,4400,278200,0,0,0,,,,none,blockchain-valid_active_0,0,True,238,17,
n250-identities_c25-conc_mech-blockchain-1backend_valid-active_r30_audit-off_20260820T021613Z,obs_a7d7a1d3477c43d5bc5652381bca1944,2026-08-20T02:16:21.668715+00:00,blockchain,valid_active,0,25,UAV-VALID,ACCEPTED,INVALID_SIGNATURE,False,134077700,134.0777,51200,133355400,0,26000,506300,0,0,0,,,,none,blockchain-valid_active_2,0,False,238,17,
n250-identities_c25-conc_mech-blockchain-1backend_valid-active_r30_audit-off_20260820T021613Z,obs_db9ab861a88446e281193eba653b9f47,2026-08-20T02:16:21.768521+00:00,blockchain,valid_active,2,25,UAV-VALID,ACCEPTED,INVALID_SIGNATURE,False,192973300,192.9733,63400,192570700,0,4300,252800,0,0,0,,,,none,blockchain-valid_active_4,0,False,240,17,
n250-identities_c25-conc_mech-blockchain-1backend_valid-active_r30_audit-off_20260820T021613Z,obs_fb44ae14120e41fda1fa4e16f4cdc3cd,2026-08-20T02:16:21.723913+00:00,blockchain,valid_active,1,25,UAV-VALID,ACCEPTED,INVALID_SIGNATURE,False,162613400,162.6134,62800,162186500,0,4400,256700,0,0,0,,,,none,blockchain-valid_active_3,0,False,239,17,
n250-identities_c25-conc_mech-blockchain-1backend_valid-active_r30_audit-off_20260820T021613Z,obs_0f0f2e107a3941739eba2a9b9e495d08,2026-08-20T02:16:21.676528+00:00,blockchain,valid_active,1,25,UAV-VALID,ACCEPTED,INVALID_SIGNATURE,False,150199600,150.1996,58600,149705300,0,5400,306700,0,0,0,,,,none,blockchain-valid_active_1,0,True,239,17,
n250-identities_c25-conc_mech-blockchain-1backend_valid-active_r30_audit-off_20260820T021613Z,obs_553418bf3a634006827ce4ac91fb82b0,2026-08-20T02:16:21.790056+00:00,blockchain,valid_active,3,25,UAV-VALID,ACCEPTED,INVALID_SIGNATURE,False,219521700,219.5217,60600,219125600,0,4700,237100,0,0,0,,,,none,blockchain-valid_active_5,0,False,240,17,
n250-identities_c25-conc_mech-blockchain-1backend_valid-active_r30_audit-off_20260820T021613Z,obs_913dcc35aa1049db8804181acb474bf9,2026-08-20T02:16:21.824993+00:00,blockchain,valid_active,6,25,UAV-VALID,ACCEPTED,INVALID_SIGNATURE,False,200670800,200.6708,68300,200275200,0,4200,249000,0,0,0,,,,none,blockchain-valid_active_8,0,False,239,17,
n250-identities_c25-conc_mech-blockchain-1backend_valid-active_r30_audit-off_20260820T021613Z,obs_552a66e8e5b946af85456201707169ea,2026-08-20T02:16:21.771593+00:00,blockchain,valid_active,5,25,UAV-VALID,ACCEPTED,INVALID_SIGNATURE,False,152364000,152.364,56200,151924500,0,6800,256900,0,0,0,,,,none,blockchain-valid_active_7,0,False,240,17,
n250-identities_c25-conc_mech-blockchain-1backend_valid-active_r30_audit-off_20260820T021613Z,obs_c3df7dab3f6740ecb67327b079342120,2026-08-20T02:16:21.971399+00:00,blockchain,valid_active,12,25,UAV-VALID,ACCEPTED,INVALID_SIGNATURE,False,262260700,262.2607,65600,261810100,0,5500,273700,0,0,0,,,,none,blockchain-valid_active_2,0,False,238,17,
n250-identities_c25-conc_mech-blockchain-1backend_valid-active_r30_audit-off_20260820T021613Z,obs_439d3e10f7be443bbd848b93f9691e4c,2026-08-20T02:16:21.974676+00:00,blockchain,valid_active,11,25,UAV-VALID,ACCEPTED,INVALID_SIGNATURE,False,225301700,225.3017,56200,224862100,0,6200,250800,0,0,0,,,,none,blockchain-valid_active_12,0,False,240,17,
n250-identities_c25-conc_mech-blockchain-1backend_valid-active_r30_audit-off_20260820T021613Z,obs_6c11ca836f5d425ab6261c507da49d84,2026-08-20T02:16:21.984513+00:00,blockchain,valid_active,16,25,UAV-VALID,ACCEPTED,INVALID_SIGNATURE,False,176821400,176.8214,52300,176415000,0,4300,278300,0,0,0,,,,none,blockchain-valid_active_3,0,False,239,17,
n250-identities_c25-conc_mech-blockchain-1backend_valid-active_r30_audit-off_20260820T021613Z,obs_8d9676aef7d54848b8d80065daff61dc,2026-08-20T02:16:22.000374+00:00,blockchain,valid_active,7,25,UAV-VALID,ACCEPTED,INVALID_SIGNATURE,False,342416600,342.4166,68200,341977300,0,4600,271700,0,0,0,,,,none,blockchain-valid_active_9,0,False,238,17,
n250-identities_c25-conc_mech-blockchain-1backend_valid-active_r30_audit-off_20260820T021613Z,obs_ac865a5fb4c444988671a0e867178113,2026-08-20T02:16:22.012142+00:00,blockchain,valid_active,18,25,UAV-VALID,ACCEPTED,INVALID_SIGNATURE,False,195532800,195.5328,49300,195079400,0,5900,259200,0,0,0,,,,none,blockchain-valid_active_4,0,False,238,17,
n250-identities_c25-conc_mech-blockchain-1backend_valid-active_r30_audit-off_20260820T021613Z,obs_010d8498bed048cfbc1bc65a42fc6ebf,2026-08-20T02:16:22.065132+00:00,blockchain,valid_active,8,25,UAV-VALID,ACCEPTED,INVALID_SIGNATURE,False,414527800,414.5278,78000,414094300,0,3500,268100,0,0,0,,,,none,blockchain-valid_active_10,0,False,240,17,
n250-identities_c25-conc_mech-blockchain-1backend_valid-active_r30_audit-off_20260820T021613Z,obs_c3e78b2ddc414483a745b7ce657d0892,2026-08-20T02:16:22.067487+00:00,blockchain,valid_active,13,25,UAV-VALID,ACCEPTED,INVALID_SIGNATURE,False,326176300,326.1763,64900,325754000,0,14900,258100,0,0,0,,,,none,blockchain-valid_active_1,0,False,239,17,
n250-identities_c25-conc_mech-blockchain-1backend_valid-active_r30_audit-off_20260820T021613Z,obs_b796e737fa574692ab89d06bd2d8d20f,2026-08-20T02:16:22.087382+00:00,blockchain,valid_active,17,25,UAV-VALID,ACCEPTED,INVALID_SIGNATURE,False,274914900,274.9149,50300,274454200,0,4900,279500,0,0,0,,,,none,blockchain-valid_active_15,0,False,238,17,
n250-identities_c25-conc_mech-blockchain-1backend_valid-active_r30_audit-off_20260820T021613Z,obs_8bee7bca59a6459ea2dbdf24c8c7134c,2026-08-20T02:16:22.099591+00:00,blockchain,valid_active,14,25,UAV-VALID,ACCEPTED,INVALID_SIGNATURE,False,285774100,285.7741,51600,285303000,0,4000,310500,0,0,0,,,,none,blockchain-valid_active_13,0,False,239,17,
n250-identities_c25-conc_mech-blockchain-1backend_valid-active_r30_audit-off_20260820T021613Z,obs_f2ea4cfa59c24ec6a0c7268a6db0c86a,2026-08-20T02:16:22.147220+00:00,blockchain,valid_active,21,25,UAV-VALID,ACCEPTED,INVALID_SIGNATURE,False,267039700,267.0397,46700,266525900,0,9800,319500,0,0,0,,,,none,blockchain-valid_active_5,0,False,238,17,
n250-identities_c25-conc_mech-blockchain-1backend_valid-active_r30_audit-off_20260820T021613Z,obs_4cda3164322644a6ae94daf7c05a87c6,2026-08-20T02:16:22.150614+00:00,blockchain,valid_active,15,25,UAV-VALID,ACCEPTED,INVALID_SIGNATURE,False,317268400,317.2684,73200,316785700,0,4700,275400,0,0,0,,,,none,blockchain-valid_active_14,0,False,240,17,
n250-identities_c25-conc_mech-blockchain-1backend_valid-active_r30_audit-off_20260820T021613Z,obs_1d2edb7e91524965aa170d2a7ef7e197,2026-08-20T02:16:22.156439+00:00,blockchain,valid_active,20,25,UAV-VALID,ACCEPTED,INVALID_SIGNATURE,False,277534700,277.5347,60300,277102200,0,4600,258700,0,0,0,,,,none,blockchain-valid_active_7,0,False,239,17,
n250-identities_c25-conc_mech-blockchain-1backend_valid-active_r30_audit-off_20260820T021613Z,obs_036df4170e734ad0b44268833ec9d3b6,2026-08-20T02:16:22.159246+00:00,blockchain,valid_active,19,25,UAV-VALID,ACCEPTED,INVALID_SIGNATURE,False,285490500,285.4905,64000,285103500,0,4500,239400,0,0,0,,,,none,blockchain-valid_active_16,0,False,239,17,
n250-identities_c25-conc_mech-blockchain-1backend_valid-active_r30_audit-off_20260820T021613Z,obs_dbe7530259eb4c01b0fc21ccbb780c2a,2026-08-20T02:16:22.174640+00:00,blockchain,valid_active,27,25,UAV-VALID,ACCEPTED,INVALID_SIGNATURE,False,224496400,224.4964,66700,223960200,0,4300,357600,0,0,0,,,,none,blockchain-valid_active_11,0,False,239,17,
n250-identities_c25-conc_mech-blockchain-1backend_valid-active_r30_audit-off_20260820T021613Z,obs_748630f7821442e88961e1b81f28a4c3,2026-08-20T02:16:22.179860+00:00,blockchain,valid_active,29,25,UAV-VALID,ACCEPTED,INVALID_SIGNATURE,False,176493600,176.4936,51500,176082100,0,4700,259300,0,0,0,,,,none,blockchain-valid_active_0,0,False,240,17,
n250-identities_c25-conc_mech-blockchain-1backend_valid-active_r30_audit-off_20260820T021613Z,obs_f1ca138f37824843a79f84cfd4299564,2026-08-20T02:16:22.181743+00:00,blockchain,valid_active,23,25,UAV-VALID,ACCEPTED,INVALID_SIGNATURE,False,242186800,242.1868,160800,241679500,0,3800,335300,0,0,0,,,,none,blockchain-valid_active_8,0,False,240,17,
n250-identities_c25-conc_mech-blockchain-1backend_valid-active_r30_audit-off_20260820T021613Z,obs_0dff4be4a5014b4597af77f68c50ae02,2026-08-20T02:16:22.195771+00:00,blockchain,valid_active,28,25,UAV-VALID,ACCEPTED,INVALID_SIGNATURE,False,181599200,181.5992,59700,181165800,0,4100,260700,0,0,0,,,,none,blockchain-valid_active_20,0,False,240,17,
n250-identities_c25-conc_mech-blockchain-1backend_valid-active_r30_audit-off_20260820T021613Z,obs_e8c740374d314cf491df4f4cacc4a1e9,2026-08-20T02:16:22.198898+00:00,blockchain,valid_active,26,25,UAV-VALID,ACCEPTED,INVALID_SIGNATURE,False,216264000,216.264,97900,215838700,0,4700,271200,0,0,0,,,,none,blockchain-valid_active_19,0,False,239,17,
n250-identities_c25-conc_mech-blockchain-1backend_valid-active_r30_audit-off_20260820T021613Z,obs_043b37fd2f304d799ca595ee8c9e7350,2026-08-20T02:16:22.202161+00:00,blockchain,valid_active,24,25,UAV-VALID,ACCEPTED,INVALID_SIGNATURE,False,233205200,233.2052,74100,232794500,0,4900,254700,0,0,0,,,,none,blockchain-valid_active_18,0,False,238,17,
n250-identities_c25-conc_mech-blockchain-1backend_valid-active_r30_audit-off_20260820T021613Z,obs_cc1f8428b5404018801a35ceaf09b528,2026-08-20T02:16:22.206551+00:00,blockchain,valid_active,25,25,UAV-VALID,ACCEPTED,INVALID_SIGNATURE,False,200078600,200.0786,70900,199631200,0,5600,271500,0,0,0,,,,none,blockchain-valid_active_6,0,False,240,17,
n250-identities_c25-conc_mech-blockchain-1backend_valid-active_r30_audit-off_20260820T021613Z,obs_9775e1920564440fa95d278f9680d8bf,2026-08-20T02:16:22.208599+00:00,blockchain,valid_active,22,25,UAV-VALID,ACCEPTED,INVALID_SIGNATURE,False,212254700,212.2547,76400,211803000,0,5300,274400,0,0,0,,,,none,blockchain-valid_active_17,0,False,240,17,
n250-identities_c25-conc_mech-x509-1backend_valid-active_r30_audit-off_20260820T021606Z,obs_f3bb780289f441a0bac22ed4b8bf8b09,2026-08-20T02:16:12.217546+00:00,x509,valid_active,7,25,UAV-VALID,ACCEPTED,ACCEPTED,True,43350400,43.3504,45000,167200,42758200,0,242800,7000,0,0,,,,none,x509-valid_active_9,0,False,238,8,
n250-identities_c25-conc_mech-x509-1backend_valid-active_r30_audit-off_20260820T021606Z,obs_6232f0c454b849ee8087e026f03d5ff8,2026-08-20T02:16:12.218310+00:00,x509,valid_active,3,25,UAV-VALID,ACCEPTED,ACCEPTED,True,54226700,54.2267,70400,141000,53737000,0,199200,5700,0,0,,,,none,x509-valid_active_5,0,False,240,8,
n250-identities_c25-conc_mech-x509-1backend_valid-active_r30_audit-off_20260820T021606Z,obs_2b11630fff224a169336e6872eb84732,2026-08-20T02:16:12.221127+00:00,x509,valid_active,6,25,UAV-VALID,ACCEPTED,ACCEPTED,True,56258500,56.2585,41600,116300,55837700,0,190600,5500,0,0,,,,none,x509-valid_active_8,0,False,239,8,
n250-identities_c25-conc_mech-x509-1backend_valid-active_r30_audit-off_20260820T021606Z,obs_f3ae11871928419ca293ef7a0b989a6c,2026-08-20T02:16:12.172206+00:00,x509,valid_active,0,25,UAV-VALID,ACCEPTED,ACCEPTED,True,50344900,50.3449,51000,126800,49908300,0,170300,6100,0,0,,,,none,x509-valid_active_2,0,False,240,8,
n250-identities_c25-conc_mech-x509-1backend_valid-active_r30_audit-off_20260820T021606Z,obs_05e98a532a8a41ebb1ff5e736ff21eed,2026-08-20T02:16:12.220224+00:00,x509,valid_active,5,25,UAV-VALID,ACCEPTED,ACCEPTED,True,67253300,67.2533,60000,166400,66641300,0,234400,6700,0,0,,,,none,x509-valid_active_7,0,False,238,8,
n250-identities_c25-conc_mech-x509-1backend_valid-active_r30_audit-off_20260820T021606Z,obs_8b074db40a8f4d78acd4f947bf977056,2026-08-20T02:16:12.171486+00:00,x509,valid_active,2,25,UAV-VALID,ACCEPTED,ACCEPTED,True,43281200,43.2812,48800,101400,42792200,0,233300,6600,0,0,,,,none,x509-valid_active_4,0,False,240,8,
n250-identities_c25-conc_mech-x509-1backend_valid-active_r30_audit-off_20260820T021606Z,obs_830e73fe1dcd4d99a1dad92c426f8d2f,2026-08-20T02:16:12.176218+00:00,x509,valid_active,1,25,UAV-VALID,ACCEPTED,ACCEPTED,True,48678400,48.6784,56900,133100,48099400,0,263000,9400,0,0,,,,none,x509-valid_active_3,0,False,238,8,
n250-identities_c25-conc_mech-x509-1backend_valid-active_r30_audit-off_20260820T021606Z,obs_2518a4e92244479faeb0f220e71802df,2026-08-20T02:16:12.133653+00:00,x509,valid_active,0,25,UAV-VALID,ACCEPTED,ACCEPTED,True,30834100,30.8341,50000,129700,30323900,0,214700,4900,0,0,,,,none,x509-valid_active_0,0,True,239,8,
n250-identities_c25-conc_mech-x509-1backend_valid-active_r30_audit-off_20260820T021606Z,obs_3988650754f14468b2ccd031f3fa3e6e,2026-08-20T02:16:12.160366+00:00,x509,valid_active,1,25,UAV-VALID,ACCEPTED,ACCEPTED,True,41940700,41.9407,57400,108200,41446700,0,230800,6200,0,0,,,,none,x509-valid_active_1,0,True,240,8,
n250-identities_c25-conc_mech-x509-1backend_valid-active_r30_audit-off_20260820T021606Z,obs_fb0be2e93a1d474a9c442a513e2a3fb7,2026-08-20T02:16:12.246936+00:00,x509,valid_active,4,25,UAV-VALID,ACCEPTED,ACCEPTED,True,77972600,77.9726,45000,148300,77459500,0,209200,5100,0,0,,,,none,x509-valid_active_6,0,False,239,8,
n250-identities_c25-conc_mech-x509-1backend_valid-active_r30_audit-off_20260820T021606Z,obs_c5992be8ac0f4709b0c40e9094ab2f6b,2026-08-20T02:16:12.261736+00:00,x509,valid_active,10,25,UAV-VALID,ACCEPTED,ACCEPTED,True,56682300,56.6823,74900,127400,56156000,0,235800,6500,0,0,,,,none,x509-valid_active_0,0,False,239,8,
n250-identities_c25-conc_mech-x509-1backend_valid-active_r30_audit-off_20260820T021606Z,obs_b757e77e526948ad860ad44aef15cd71,2026-08-20T02:16:12.271841+00:00,x509,valid_active,8,25,UAV-VALID,ACCEPTED,ACCEPTED,True,79369500,79.3695,54800,134400,78862100,0,209200,6100,0,0,,,,none,x509-valid_active_10,0,False,238,8,
n250-identities_c25-conc_mech-x509-1backend_valid-active_r30_audit-off_20260820T021606Z,obs_02b022e1f06e4c87a826b4a8411c6436,2026-08-20T02:16:12.284099+00:00,x509,valid_active,9,25,UAV-VALID,ACCEPTED,ACCEPTED,True,54998600,54.9986,47400,101000,54648000,0,151000,4900,0,0,,,,none,x509-valid_active_11,0,False,239,8,
n250-identities_c25-conc_mech-x509-1backend_valid-active_r30_audit-off_20260820T021606Z,obs_fe2a254de6f74514a8a6474d777a8cf2,2026-08-20T02:16:12.287054+00:00,x509,valid_active,11,25,UAV-VALID,ACCEPTED,ACCEPTED,True,64268300,64.2683,76600,118000,63819100,0,199800,5300,0,0,,,,none,x509-valid_active_12,0,False,239,8,
n250-identities_c25-conc_mech-x509-1backend_valid-active_r30_audit-off_20260820T021606Z,obs_ce7bb33298e84e9485edc63ed6bd3b36,2026-08-20T02:16:12.295263+00:00,x509,valid_active,18,25,UAV-VALID,ACCEPTED,ACCEPTED,True,42884300,42.8843,54300,80700,42475700,0,202600,5900,0,0,,,,none,x509-valid_active_4,0,False,239,8,
n250-identities_c25-conc_mech-x509-1backend_valid-active_r30_audit-off_20260820T021606Z,obs_be78694345714d15ab89e46edd39818d,2026-08-20T02:16:12.296199+00:00,x509,valid_active,12,25,UAV-VALID,ACCEPTED,ACCEPTED,True,45486900,45.4869,41200,165600,44800200,0,286500,7500,0,0,,,,none,x509-valid_active_13,0,False,240,8,
n250-identities_c25-conc_mech-x509-1backend_valid-active_r30_audit-off_20260820T021606Z,obs_b33a0e10faf74827bd77673e3bf72918,2026-08-20T02:16:12.299498+00:00,x509,valid_active,13,25,UAV-VALID,ACCEPTED,ACCEPTED,True,38889900,38.8899,57100,152000,38302100,0,274300,10700,0,0,,,,none,x509-valid_active_14,0,False,240,8,
n250-identities_c25-conc_mech-x509-1backend_valid-active_r30_audit-off_20260820T021606Z,obs_7e3b81d8df194591b8bd826408ca696c,2026-08-20T02:16:12.302789+00:00,x509,valid_active,16,25,UAV-VALID,ACCEPTED,ACCEPTED,True,51136300,51.1363,45300,123800,50642600,0,224700,6800,0,0,,,,none,x509-valid_active_16,0,False,239,8,
n250-identities_c25-conc_mech-x509-1backend_valid-active_r30_audit-off_20260820T021606Z,obs_1840c16d50914049bce3cf232b8a42b1,2026-08-20T02:16:12.303745+00:00,x509,valid_active,20,25,UAV-VALID,ACCEPTED,ACCEPTED,True,21090400,21.0904,42400,69700,20748300,0,165100,4200,0,0,,,,none,x509-valid_active_3,0,False,239,8,
n250-identities_c25-conc_mech-x509-1backend_valid-active_r30_audit-off_20260820T021606Z,obs_97f485cc67ba4209ad1c69b0d40bea5a,2026-08-20T02:16:12.307299+00:00,x509,valid_active,21,25,UAV-VALID,ACCEPTED,ACCEPTED,True,21830200,21.8302,49100,109700,21337900,0,239200,6000,0,0,,,,none,x509-valid_active_18,0,False,240,8,
n250-identities_c25-conc_mech-x509-1backend_valid-active_r30_audit-off_20260820T021606Z,obs_622ba7f82f034433b4fb06e15175d9a1,2026-08-20T02:16:12.308873+00:00,x509,valid_active,19,25,UAV-VALID,ACCEPTED,ACCEPTED,True,25709000,25.709,54300,59000,25278000,0,240000,7800,0,0,,,,none,x509-valid_active_2,0,False,240,8,
n250-identities_c25-conc_mech-x509-1backend_valid-active_r30_audit-off_20260820T021606Z,obs_41f6787aa8e64f3f925623524080c00c,2026-08-20T02:16:12.309585+00:00,x509,valid_active,14,25,UAV-VALID,ACCEPTED,ACCEPTED,True,31601700,31.6017,129100,152700,31106200,0,194400,4600,0,0,,,,none,x509-valid_active_15,0,False,239,8,
n250-identities_c25-conc_mech-x509-1backend_valid-active_r30_audit-off_20260820T021606Z,obs_9fde8bdf2dbf473bb642c807599bd0e9,2026-08-20T02:16:12.312179+00:00,x509,valid_active,15,25,UAV-VALID,ACCEPTED,ACCEPTED,True,48011800,48.0118,36600,107800,47440100,0,262800,13300,0,0,,,,none,x509-valid_active_1,0,False,239,8,
n250-identities_c25-conc_mech-x509-1backend_valid-active_r30_audit-off_20260820T021606Z,obs_02c1423332064d8d98e40b1cbe190a2a,2026-08-20T02:16:12.316193+00:00,x509,valid_active,22,25,UAV-VALID,ACCEPTED,ACCEPTED,True,21793700,21.7937,72100,121000,21334700,0,196400,5800,0,0,,,,none,x509-valid_active_19,0,False,238,8,
n250-identities_c25-conc_mech-x509-1backend_valid-active_r30_audit-off_20260820T021606Z,obs_062c8dade97a477a8e76c90cae5022ef,2026-08-20T02:16:12.316947+00:00,x509,valid_active,23,25,UAV-VALID,ACCEPTED,ACCEPTED,True,24126300,24.1263,65700,121300,23662200,0,194800,6000,0,0,,,,none,x509-valid_active_20,0,False,240,8,
n250-identities_c25-conc_mech-x509-1backend_valid-active_r30_audit-off_20260820T021606Z,obs_de342e163a5c4202b4c4db426e337458,2026-08-20T02:16:12.319873+00:00,x509,valid_active,27,25,UAV-VALID,ACCEPTED,ACCEPTED,True,17942900,17.9429,38000,119300,17449100,0,206900,5900,0,0,,,,none,x509-valid_active_7,0,False,238,8,
n250-identities_c25-conc_mech-x509-1backend_valid-active_r30_audit-off_20260820T021606Z,obs_7427edf9f286433b878551df83221ff9,2026-08-20T02:16:12.320362+00:00,x509,valid_active,17,25,UAV-VALID,ACCEPTED,ACCEPTED,True,32656700,32.6567,56300,107300,32255000,0,180300,3700,0,0,,,,none,x509-valid_active_17,0,False,239,8,
n250-identities_c25-conc_mech-x509-1backend_valid-active_r30_audit-off_20260820T021606Z,obs_2e1a2c49bd4b4b83ba3435d7c3324066,2026-08-20T02:16:12.321437+00:00,x509,valid_active,24,25,UAV-VALID,ACCEPTED,ACCEPTED,True,27586100,27.5861,31700,71200,27222900,0,178200,5400,0,0,,,,none,x509-valid_active_9,0,False,239,8,
n250-identities_c25-conc_mech-x509-1backend_valid-active_r30_audit-off_20260820T021606Z,obs_021af85e114640c79e3bc8ffa5fb49a0,2026-08-20T02:16:12.322729+00:00,x509,valid_active,26,25,UAV-VALID,ACCEPTED,ACCEPTED,True,22772500,22.7725,40200,122900,22358200,0,164000,4600,0,0,,,,none,x509-valid_active_5,0,False,238,8,
n250-identities_c25-conc_mech-x509-1backend_valid-active_r30_audit-off_20260820T021606Z,obs_3d6d5944f67d4365a0e7050ad2b32bf0,2026-08-20T02:16:12.323366+00:00,x509,valid_active,25,25,UAV-VALID,ACCEPTED,ACCEPTED,True,17558100,17.5581,46000,133000,17146900,0,164600,4400,0,0,,,,none,x509-valid_active_21,0,False,238,8,
n250-identities_c25-conc_mech-x509-1backend_valid-active_r30_audit-off_20260820T021606Z,obs_b243ef4b14264d2282b8ebfe69cd1c0c,2026-08-20T02:16:12.323801+00:00,x509,valid_active,28,25,UAV-VALID,ACCEPTED,ACCEPTED,True,11059300,11.0593,44100,93300,10666100,0,159600,4100,0,0,,,,none,x509-valid_active_8,0,False,239,8,
n250-identities_c25-conc_mech-x509-1backend_valid-active_r30_audit-off_20260820T021606Z,obs_ff18c9ee1d154d868e242eabe09bc64e,2026-08-20T02:16:12.325224+00:00,x509,valid_active,29,25,UAV-VALID,ACCEPTED,ACCEPTED,True,6211400,6.2114,29500,128100,5720900,0,215300,5600,0,0,,,,none,x509-valid_active_22,0,False,240,8,
n250-identities_c5-conc_mech-blockchain-1backend_valid-active_r30_audit-off_20260820T021540Z,obs_f20779d1c3b04e979d3e6457547ded30,2026-08-20T02:15:46.593272+00:00,blockchain,valid_active,0,5,UAV-VALID,ACCEPTED,INVALID_SIGNATURE,False,60858400,60.8584,68700,59013200,0,8200,663500,0,0,0,,,,none,blockchain-valid_active_0,0,True,240,17,
n250-identities_c5-conc_mech-blockchain-1backend_valid-active_r30_audit-off_20260820T021540Z,obs_f1d2eabc1661438fb23cdc3c0c715824,2026-08-20T02:15:46.611111+00:00,blockchain,valid_active,1,5,UAV-VALID,ACCEPTED,INVALID_SIGNATURE,False,71394200,71.3942,59300,70998300,0,6600,246100,0,0,0,,,,none,blockchain-valid_active_1,0,True,238,17,
n250-identities_c5-conc_mech-blockchain-1backend_valid-active_r30_audit-off_20260820T021540Z,obs_4d4385c6ffc143f5b783c3059084b240,2026-08-20T02:15:46.613679+00:00,blockchain,valid_active,1,5,UAV-VALID,ACCEPTED,INVALID_SIGNATURE,False,57073000,57.073,70900,56636700,0,4100,273100,0,0,0,,,,none,blockchain-valid_active_3,0,False,240,17,
n250-identities_c5-conc_mech-blockchain-1backend_valid-active_r30_audit-off_20260820T021540Z,obs_6bb1727d000a4c51ab0459fa1afc8444,2026-08-20T02:15:46.628725+00:00,blockchain,valid_active,2,5,UAV-VALID,ACCEPTED,INVALID_SIGNATURE,False,66350000,66.35,97400,65936700,0,5200,260600,0,0,0,,,,none,blockchain-valid_active_4,0,False,240,17,
n250-identities_c5-conc_mech-blockchain-1backend_valid-active_r30_audit-off_20260820T021540Z,obs_4238c93a80ed4816ae12dded7a6765d4,2026-08-20T02:15:46.634541+00:00,blockchain,valid_active,0,5,UAV-VALID,ACCEPTED,INVALID_SIGNATURE,False,70534800,70.5348,133700,70180700,0,3500,205200,0,0,0,,,,none,blockchain-valid_active_2,0,False,238,17,
n250-identities_c5-conc_mech-blockchain-1backend_valid-active_r30_audit-off_20260820T021540Z,obs_40fb40917c334a9dbab1abfdb0f3a74c,2026-08-20T02:15:46.682046+00:00,blockchain,valid_active,3,5,UAV-VALID,ACCEPTED,INVALID_SIGNATURE,False,63641700,63.6417,53300,63155800,0,4700,317400,0,0,0,,,,none,blockchain-valid_active_0,0,False,240,17,
n250-identities_c5-conc_mech-blockchain-1backend_valid-active_r30_audit-off_20260820T021540Z,obs_e82d47f368d04afaa60b25e51b80e670,2026-08-20T02:15:46.694261+00:00,blockchain,valid_active,4,5,UAV-VALID,ACCEPTED,INVALID_SIGNATURE,False,58933300,58.9333,40200,58485300,0,5700,292500,0,0,0,,,,none,blockchain-valid_active_1,0,False,240,17,
n250-identities_c5-conc_mech-blockchain-1backend_valid-active_r30_audit-off_20260820T021540Z,obs_7720d36b6c9a4b4e917013e91670b2e7,2026-08-20T02:15:46.711417+00:00,blockchain,valid_active,5,5,UAV-VALID,ACCEPTED,INVALID_SIGNATURE,False,70681500,70.6815,63700,70211400,0,5600,303400,0,0,0,,,,none,blockchain-valid_active_3,0,False,239,17,
n250-identities_c5-conc_mech-blockchain-1backend_valid-active_r30_audit-off_20260820T021540Z,obs_94ec3f6b4abe4afba944f2ae3f8db9f4,2026-08-20T02:15:46.714840+00:00,blockchain,valid_active,6,5,UAV-VALID,ACCEPTED,INVALID_SIGNATURE,False,67397200,67.3972,49500,66955000,0,4100,291600,0,0,0,,,,none,blockchain-valid_active_4,0,False,240,17,
n250-identities_c5-conc_mech-blockchain-1backend_valid-active_r30_audit-off_20260820T021540Z,obs_d1a2058a0a8f4895ac75a3bcb399f80f,2026-08-20T02:15:46.718412+00:00,blockchain,valid_active,7,5,UAV-VALID,ACCEPTED,INVALID_SIGNATURE,False,64533100,64.5331,73800,64166600,0,2800,213200,0,0,0,,,,none,blockchain-valid_active_2,0,False,238,17,
n250-identities_c5-conc_mech-blockchain-1backend_valid-active_r30_audit-off_20260820T021540Z,obs_4a708e2590b24fa294e0e0444730346b,2026-08-20T02:15:46.756202+00:00,blockchain,valid_active,8,5,UAV-VALID,ACCEPTED,INVALID_SIGNATURE,False,57272400,57.2724,63500,56881500,0,4100,242900,0,0,0,,,,none,blockchain-valid_active_0,0,False,239,17,
n250-identities_c5-conc_mech-blockchain-1backend_valid-active_r30_audit-off_20260820T021540Z,obs_83c95e0eee3c495c9f80236e09d14414,2026-08-20T02:15:46.783793+00:00,blockchain,valid_active,9,5,UAV-VALID,ACCEPTED,INVALID_SIGNATURE,False,59780300,59.7803,47900,59259900,0,4600,360200,0,0,0,,,,none,blockchain-valid_active_1,0,False,239,17,
n250-identities_c5-conc_mech-blockchain-1backend_valid-active_r30_audit-off_20260820T021540Z,obs_47c742d186624764a8b0c8f51e51c69e,2026-08-20T02:15:46.786339+00:00,blockchain,valid_active,11,5,UAV-VALID,ACCEPTED,INVALID_SIGNATURE,False,56446800,56.4468,49600,55998900,0,4100,253700,0,0,0,,,,none,blockchain-valid_active_4,0,False,239,17,
n250-identities_c5-conc_mech-blockchain-1backend_valid-active_r30_audit-off_20260820T021540Z,obs_a8202467110d448582e80cbaba64bf89,2026-08-20T02:15:46.803547+00:00,blockchain,valid_active,12,5,UAV-VALID,ACCEPTED,INVALID_SIGNATURE,False,59030900,59.0309,52600,58633100,0,4100,239900,0,0,0,,,,none,blockchain-valid_active_2,0,False,240,17,
n250-identities_c5-conc_mech-blockchain-1backend_valid-active_r30_audit-off_20260820T021540Z,obs_76a6002a99a74b61bca8bf9f821f81b2,2026-08-20T02:15:46.805585+00:00,blockchain,valid_active,10,5,UAV-VALID,ACCEPTED,INVALID_SIGNATURE,False,65403500,65.4035,62300,65018400,0,4900,248200,0,0,0,,,,none,blockchain-valid_active_3,0,False,239,17,
n250-identities_c5-conc_mech-blockchain-1backend_valid-active_r30_audit-off_20260820T021540Z,obs_5ce8289b7bb84a2199d1bda7fde49fac,2026-08-20T02:15:46.823450+00:00,blockchain,valid_active,13,5,UAV-VALID,ACCEPTED,INVALID_SIGNATURE,False,56846100,56.8461,141000,56477400,0,3600,226000,0,0,0,,,,none,blockchain-valid_active_0,0,False,240,17,
n250-identities_c5-conc_mech-blockchain-1backend_valid-active_r30_audit-off_20260820T021540Z,obs_c605edf5270a4cfe995d10e754b7f6fb,2026-08-20T02:15:46.863096+00:00,blockchain,valid_active,15,5,UAV-VALID,ACCEPTED,INVALID_SIGNATURE,False,55039800,55.0398,50200,54619900,0,5400,248100,0,0,0,,,,none,blockchain-valid_active_4,0,False,240,17,
n250-identities_c5-conc_mech-blockchain-1backend_valid-active_r30_audit-off_20260820T021540Z,obs_8f533c79157a453e8730776299d4d715,2026-08-20T02:15:46.884042+00:00,blockchain,valid_active,14,5,UAV-VALID,ACCEPTED,INVALID_SIGNATURE,False,68442100,68.4421,58100,66529100,0,4700,1489500,0,0,0,,,,none,blockchain-valid_active_1,0,False,238,17,
n250-identities_c5-conc_mech-blockchain-1backend_valid-active_r30_audit-off_20260820T021540Z,obs_154ac7887a604279aa099d5ddb68a87a,2026-08-20T02:15:46.897773+00:00,blockchain,valid_active,18,5,UAV-VALID,ACCEPTED,INVALID_SIGNATURE,False,45727000,45.727,55600,45301000,0,4600,278600,0,0,0,,,,none,blockchain-valid_active_0,0,False,239,17,
n250-identities_c5-conc_mech-blockchain-1backend_valid-active_r30_audit-off_20260820T021540Z,obs_32ea16d959c947d3a7d61acc0b674d93,2026-08-20T02:15:46.903129+00:00,blockchain,valid_active,16,5,UAV-VALID,ACCEPTED,INVALID_SIGNATURE,False,72996400,72.9964,60400,72560200,0,4600,276300,0,0,0,,,,none,blockchain-valid_active_2,0,False,240,17,
n250-identities_c5-conc_mech-blockchain-1backend_valid-active_r30_audit-off_20260820T021540Z,obs_b671bb1f19214491aeaf892705f2c9b4,2026-08-20T02:15:46.908470+00:00,blockchain,valid_active,17,5,UAV-VALID,ACCEPTED,INVALID_SIGNATURE,False,82003400,82.0034,61900,81597800,0,4100,253400,0,0,0,,,,none,blockchain-valid_active_3,0,False,239,17,
n250-identities_c5-conc_mech-blockchain-1backend_valid-active_r30_audit-off_20260820T021540Z,obs_a60f10f44328459d862a6d5d545ed8a1,2026-08-20T02:15:46.937530+00:00,blockchain,valid_active,19,5,UAV-VALID,ACCEPTED,INVALID_SIGNATURE,False,58271300,58.2713,60600,57839700,0,4000,275900,0,0,0,,,,none,blockchain-valid_active_4,0,False,239,17,
n250-identities_c5-conc_mech-blockchain-1backend_valid-active_r30_audit-off_20260820T021540Z,obs_67f4343dc6e5494ebbae0c757cd6d96a,2026-08-20T02:15:46.971043+00:00,blockchain,valid_active,21,5,UAV-VALID,ACCEPTED,INVALID_SIGNATURE,False,51010300,51.0103,58900,50613900,0,5500,252800,0,0,0,,,,none,blockchain-valid_active_0,0,False,238,17,
n250-identities_c5-conc_mech-blockchain-1backend_valid-active_r30_audit-off_20260820T021540Z,obs_4b7b3d534c2c4367b9e5f8ba4f2931d9,2026-08-20T02:15:46.976097+00:00,blockchain,valid_active,23,5,UAV-VALID,ACCEPTED,INVALID_SIGNATURE,False,50544400,50.5444,54500,50133100,0,3700,278500,0,0,0,,,,none,blockchain-valid_active_3,0,False,238,17,
n250-identities_c5-conc_mech-blockchain-1backend_valid-active_r30_audit-off_20260820T021540Z,obs_94d3f2bf983045b3a2382da67485c9d1,2026-08-20T02:15:46.990868+00:00,blockchain,valid_active,20,5,UAV-VALID,ACCEPTED,INVALID_SIGNATURE,False,79223900,79.2239,59400,78456600,0,5200,594100,0,0,0,,,,none,blockchain-valid_active_1,0,False,239,17,
n250-identities_c5-conc_mech-blockchain-1backend_valid-active_r30_audit-off_20260820T021540Z,obs_4c02ad8a1c8442dd8ef314af8005a9db,2026-08-20T02:15:46.996982+00:00,blockchain,valid_active,22,5,UAV-VALID,ACCEPTED,INVALID_SIGNATURE,False,57276600,57.2766,86600,56968500,0,4100,187800,0,0,0,,,,none,blockchain-valid_active_2,0,False,240,17,
n250-identities_c5-conc_mech-blockchain-1backend_valid-active_r30_audit-off_20260820T021540Z,obs_a66454ba2aa74ab7b3bc7d8eace83dfc,2026-08-20T02:15:47.078901+00:00,blockchain,valid_active,24,5,UAV-VALID,ACCEPTED,INVALID_SIGNATURE,False,115974200,115.9742,58300,115554200,0,3900,258500,0,0,0,,,,none,blockchain-valid_active_4,0,False,239,17,
n250-identities_c5-conc_mech-blockchain-1backend_valid-active_r30_audit-off_20260820T021540Z,obs_520052296d1a4309a96fe585cfa488fe,2026-08-20T02:15:47.092913+00:00,blockchain,valid_active,25,5,UAV-VALID,ACCEPTED,INVALID_SIGNATURE,False,100430800,100.4308,48700,100032700,0,5000,250700,0,0,0,,,,none,blockchain-valid_active_0,0,False,238,17,
n250-identities_c5-conc_mech-blockchain-1backend_valid-active_r30_audit-off_20260820T021540Z,obs_e5184f065e114d1ba0389012eb0924a5,2026-08-20T02:15:47.096932+00:00,blockchain,valid_active,26,5,UAV-VALID,ACCEPTED,INVALID_SIGNATURE,False,98786500,98.7865,55400,98339700,0,4000,257600,0,0,0,,,,none,blockchain-valid_active_3,0,False,239,17,
n250-identities_c5-conc_mech-blockchain-1backend_valid-active_r30_audit-off_20260820T021540Z,obs_636ff227990f43cb85aad916674dd432,2026-08-20T02:15:47.130606+00:00,blockchain,valid_active,27,5,UAV-VALID,ACCEPTED,INVALID_SIGNATURE,False,111357200,111.3572,52500,110925200,0,4400,281900,0,0,0,,,,none,blockchain-valid_active_1,0,False,239,17,
n250-identities_c5-conc_mech-blockchain-1backend_valid-active_r30_audit-off_20260820T021540Z,obs_8690e700a9c8414fbd988a9d5e7e8176,2026-08-20T02:15:47.134066+00:00,blockchain,valid_active,28,5,UAV-VALID,ACCEPTED,INVALID_SIGNATURE,False,115877200,115.8772,57600,115308200,0,5900,309500,0,0,0,,,,none,blockchain-valid_active_2,0,False,239,17,
n250-identities_c5-conc_mech-blockchain-1backend_valid-active_r30_audit-off_20260820T021540Z,obs_aa19634cf27142feb801018a19a9a4f3,2026-08-20T02:15:47.142359+00:00,blockchain,valid_active,29,5,UAV-VALID,ACCEPTED,INVALID_SIGNATURE,False,52409700,52.4097,86300,52012800,0,4600,243900,0,0,0,,,,none,blockchain-valid_active_4,0,False,238,17,
n250-identities_c5-conc_mech-x509-1backend_valid-active_r30_audit-off_20260820T021530Z,obs_eb0b106a0888407f9a560f3b223b035e,2026-08-20T02:15:38.863964+00:00,x509,valid_active,0,5,UAV-VALID,ACCEPTED,ACCEPTED,True,6192600,6.1926,59700,89500,5722900,0,213000,9000,0,0,,,,none,x509-valid_active_2,0,False,238,8,
n250-identities_c5-conc_mech-x509-1backend_valid-active_r30_audit-off_20260820T021530Z,obs_2015736f9f6249c3b8e5ace032e70708,2026-08-20T02:15:38.864566+00:00,x509,valid_active,1,5,UAV-VALID,ACCEPTED,ACCEPTED,True,7451000,7.451,75700,136200,6986600,0,178000,7500,0,0,,,,none,x509-valid_active_1,0,True,239,8,
n250-identities_c5-conc_mech-x509-1backend_valid-active_r30_audit-off_20260820T021530Z,obs_c217f24e334d44ff991303bdca20d5ac,2026-08-20T02:15:38.865287+00:00,x509,valid_active,0,5,UAV-VALID,ACCEPTED,ACCEPTED,True,9635700,9.6357,82100,361700,8631700,0,198400,4900,0,0,,,,none,x509-valid_active_0,0,True,239,8,
n250-identities_c5-conc_mech-x509-1backend_valid-active_r30_audit-off_20260820T021530Z,obs_b88f3799e15749afaa905ae991bd4e05,2026-08-20T02:15:38.865790+00:00,x509,valid_active,1,5,UAV-VALID,ACCEPTED,ACCEPTED,True,7290900,7.2909,45200,103000,6909800,0,161100,4200,0,0,,,,none,x509-valid_active_3,0,False,239,8,
n250-identities_c5-conc_mech-x509-1backend_valid-active_r30_audit-off_20260820T021530Z,obs_f879d8418c6a40f3a1a5856e82f5df5d,2026-08-20T02:15:38.866397+00:00,x509,valid_active,2,5,UAV-VALID,ACCEPTED,ACCEPTED,True,7398500,7.3985,59200,71500,7092500,0,147400,3700,0,0,,,,none,x509-valid_active_4,0,False,238,8,
n250-identities_c5-conc_mech-x509-1backend_valid-active_r30_audit-off_20260820T021530Z,obs_4bc66bf1cb39435e88536d24eec99d19,2026-08-20T02:15:38.897291+00:00,x509,valid_active,3,5,UAV-VALID,ACCEPTED,ACCEPTED,True,10269700,10.2697,90300,109100,9766300,0,246500,5400,0,0,,,,none,x509-valid_active_2,0,False,240,8,
n250-identities_c5-conc_mech-x509-1backend_valid-active_r30_audit-off_20260820T021530Z,obs_d8459687bd844fb681dbe210c800532a,2026-08-20T02:15:38.897720+00:00,x509,valid_active,4,5,UAV-VALID,ACCEPTED,ACCEPTED,True,10135500,10.1355,84300,87200,9804400,0,150000,3700,0,0,,,,none,x509-valid_active_1,0,False,240,8,
n250-identities_c5-conc_mech-x509-1backend_valid-active_r30_audit-off_20260820T021530Z,obs_e8bb8e0a56af44d9aeaa7b5a3fbc3bd2,2026-08-20T02:15:38.909589+00:00,x509,valid_active,5,5,UAV-VALID,ACCEPTED,ACCEPTED,True,15598200,15.5982,60200,193400,12679600,0,252900,6800,0,0,,,,none,x509-valid_active_0,0,False,240,8,
n250-identities_c5-conc_mech-x509-1backend_valid-active_r30_audit-off_20260820T021530Z,obs_5fc706d0b72f4636bc3a3f96fd4fb16f,2026-08-20T02:15:38.920910+00:00,x509,valid_active,6,5,UAV-VALID,ACCEPTED,ACCEPTED,True,22206300,22.2063,58100,56900,21757700,0,250100,6800,0,0,,,,none,x509-valid_active_3,0,False,239,8,
n250-identities_c5-conc_mech-x509-1backend_valid-active_r30_audit-off_20260820T021530Z,obs_e823932c0a644f1e9fc1f08f328666d0,2026-08-20T02:15:38.922453+00:00,x509,valid_active,7,5,UAV-VALID,ACCEPTED,ACCEPTED,True,15273000,15.273,49900,115800,14765100,0,218200,7500,0,0,,,,none,x509-valid_active_4,0,False,239,8,
n250-identities_c5-conc_mech-x509-1backend_valid-active_r30_audit-off_20260820T021530Z,obs_b9bbb5ce9afd47b29023d456bc687b3f,2026-08-20T02:15:38.924364+00:00,x509,valid_active,8,5,UAV-VALID,ACCEPTED,ACCEPTED,True,10180400,10.1804,39100,75900,9724000,0,247600,6500,0,0,,,,none,x509-valid_active_2,0,False,239,8,
n250-identities_c5-conc_mech-x509-1backend_valid-active_r30_audit-off_20260820T021530Z,obs_12d7dda11ac143399e05092fef2abe9f,2026-08-20T02:15:38.928260+00:00,x509,valid_active,9,5,UAV-VALID,ACCEPTED,ACCEPTED,True,14805200,14.8052,49500,200600,14089500,0,251500,8100,0,0,,,,none,x509-valid_active_1,0,False,239,8,
n250-identities_c5-conc_mech-x509-1backend_valid-active_r30_audit-off_20260820T021530Z,obs_2bd4dcacbf8548ada3439c3bfa0bd2a9,2026-08-20T02:15:38.955626+00:00,x509,valid_active,13,5,UAV-VALID,ACCEPTED,ACCEPTED,True,7047200,7.0472,46100,127300,6592800,0,188700,5700,0,0,,,,none,x509-valid_active_2,0,False,239,8,
n250-identities_c5-conc_mech-x509-1backend_valid-active_r30_audit-off_20260820T021530Z,obs_1fc1b5b59ce547e08a503e66925a7bb5,2026-08-20T02:15:38.957005+00:00,x509,valid_active,14,5,UAV-VALID,ACCEPTED,ACCEPTED,True,6185100,6.1851,58400,92800,5696500,0,241100,7600,0,0,,,,none,x509-valid_active_1,0,False,240,8,
n250-identities_c5-conc_mech-x509-1backend_valid-active_r30_audit-off_20260820T021530Z,obs_7cbe9bfa292144038f9145a2a331b464,2026-08-20T02:15:38.957598+00:00,x509,valid_active,10,5,UAV-VALID,ACCEPTED,ACCEPTED,True,12818300,12.8183,138700,123400,12337300,0,206100,5100,0,0,,,,none,x509-valid_active_0,0,False,240,8,
n250-identities_c5-conc_mech-x509-1backend_valid-active_r30_audit-off_20260820T021530Z,obs_1389478272934ebb8a2adf6dbe06ae2c,2026-08-20T02:15:38.965202+00:00,x509,valid_active,11,5,UAV-VALID,ACCEPTED,ACCEPTED,True,12827100,12.8271,49400,89700,12284100,0,278000,7300,0,0,,,,none,x509-valid_active_3,0,False,239,8,
n250-identities_c5-conc_mech-x509-1backend_valid-active_r30_audit-off_20260820T021530Z,obs_504e65217dbe4cab965292cd15fad202,2026-08-20T02:15:38.968266+00:00,x509,valid_active,12,5,UAV-VALID,ACCEPTED,ACCEPTED,True,15383600,15.3836,70400,110900,14828000,0,270400,7300,0,0,,,,none,x509-valid_active_4,0,False,240,8,
n250-identities_c5-conc_mech-x509-1backend_valid-active_r30_audit-off_20260820T021530Z,obs_290810b424e04327b4691a6da5bbbbf4,2026-08-20T02:15:38.980313+00:00,x509,valid_active,15,5,UAV-VALID,ACCEPTED,ACCEPTED,True,9967700,9.9677,66100,124000,9529600,0,173300,5600,0,0,,,,none,x509-valid_active_2,0,False,240,8,
n250-identities_c5-conc_mech-x509-1backend_valid-active_r30_audit-off_20260820T021530Z,obs_d08c7a60aeb04d4996a91d20538afcfb,2026-08-20T02:15:38.985959+00:00,x509,valid_active,16,5,UAV-VALID,ACCEPTED,ACCEPTED,True,6400600,6.4006,60300,82700,5893900,0,253800,7500,0,0,,,,none,x509-valid_active_1,0,False,239,8,
n250-identities_c5-conc_mech-x509-1backend_valid-active_r30_audit-off_20260820T021530Z,obs_75b095fe62734224998d850c7fda5170,2026-08-20T02:15:39.008005+00:00,x509,valid_active,17,5,UAV-VALID,ACCEPTED,ACCEPTED,True,8674400,8.6744,61600,129200,8165900,0,219200,5400,0,0,,,,none,x509-valid_active_0,0,False,239,8,
n250-identities_c5-conc_mech-x509-1backend_valid-active_r30_audit-off_20260820T021530Z,obs_9ae4efda7cfc4b15a34dd11445443d82,2026-08-20T02:15:39.015862+00:00,x509,valid_active,20,5,UAV-VALID,ACCEPTED,ACCEPTED,True,15346300,15.3463,49100,87100,14899200,0,220000,7200,0,0,,,,none,x509-valid_active_2,0,False,239,8,
n250-identities_c5-conc_mech-x509-1backend_valid-active_r30_audit-off_20260820T021530Z,obs_a99dc58e96354cccaf4dd1debc456189,2026-08-20T02:15:39.018036+00:00,x509,valid_active,19,5,UAV-VALID,ACCEPTED,ACCEPTED,True,16730100,16.7301,51300,157200,15727400,0,258900,15600,0,0,,,,none,x509-valid_active_4,0,False,239,8,
n250-identities_c5-conc_mech-x509-1backend_valid-active_r30_audit-off_20260820T021530Z,obs_4a09d7c6d12d440da4e8a081e065db4a,2026-08-20T02:15:39.026108+00:00,x509,valid_active,21,5,UAV-VALID,ACCEPTED,ACCEPTED,True,20007800,20.0078,116700,87300,19308700,0,343700,9300,0,0,,,,none,x509-valid_active_1,0,False,240,8,
n250-identities_c5-conc_mech-x509-1backend_valid-active_r30_audit-off_20260820T021530Z,obs_b71f556c675a4a0baf8f2a79285d3e2a,2026-08-20T02:15:39.036157+00:00,x509,valid_active,18,5,UAV-VALID,ACCEPTED,ACCEPTED,True,30780000,30.78,41400,105700,30118100,0,332400,14800,0,0,,,,none,x509-valid_active_3,0,False,240,8,
n250-identities_c5-conc_mech-x509-1backend_valid-active_r30_audit-off_20260820T021530Z,obs_60a7b470d4e84a378ffb2aaf34dd7674,2026-08-20T02:15:39.051760+00:00,x509,valid_active,23,5,UAV-VALID,ACCEPTED,ACCEPTED,True,12148500,12.1485,77600,115500,11613700,0,239400,10100,0,0,,,,none,x509-valid_active_2,0,False,240,8,
n250-identities_c5-conc_mech-x509-1backend_valid-active_r30_audit-off_20260820T021530Z,obs_7bc5065da54140a09f855abf4d911935,2026-08-20T02:15:39.057454+00:00,x509,valid_active,22,5,UAV-VALID,ACCEPTED,ACCEPTED,True,12964200,12.9642,50600,119000,12404400,0,254700,6700,0,0,,,,none,x509-valid_active_0,0,False,239,8,
n250-identities_c5-conc_mech-x509-1backend_valid-active_r30_audit-off_20260820T021530Z,obs_232646eecf624d00aaee120e1ef03b59,2026-08-20T02:15:39.059238+00:00,x509,valid_active,25,5,UAV-VALID,ACCEPTED,ACCEPTED,True,11347500,11.3475,78100,78400,10913500,0,214500,5900,0,0,,,,none,x509-valid_active_1,0,False,239,8,
n250-identities_c5-conc_mech-x509-1backend_valid-active_r30_audit-off_20260820T021530Z,obs_f8ec0d16d76a4486bf2ea8c77ae11864,2026-08-20T02:15:39.059877+00:00,x509,valid_active,24,5,UAV-VALID,ACCEPTED,ACCEPTED,True,12486000,12.486,61200,75200,12081600,0,201500,5900,0,0,,,,none,x509-valid_active_4,0,False,239,8,
n250-identities_c5-conc_mech-x509-1backend_valid-active_r30_audit-off_20260820T021530Z,obs_8104ffad668b423f9d3c1a5e2b10ab73,2026-08-20T02:15:39.075150+00:00,x509,valid_active,26,5,UAV-VALID,ACCEPTED,ACCEPTED,True,17250900,17.2509,57400,120100,16798800,0,192800,4600,0,0,,,,none,x509-valid_active_3,0,False,239,8,
n250-identities_c5-conc_mech-x509-1backend_valid-active_r30_audit-off_20260820T021530Z,obs_11452c5ec3924d7a8776d3d90cb49e74,2026-08-20T02:15:39.079201+00:00,x509,valid_active,27,5,UAV-VALID,ACCEPTED,ACCEPTED,True,6639000,6.639,51400,142100,6067600,0,250000,5700,0,0,,,,none,x509-valid_active_2,0,False,239,8,
n250-identities_c5-conc_mech-x509-1backend_valid-active_r30_audit-off_20260820T021530Z,obs_2b215240d3a740a686c2127c6f86974d,2026-08-20T02:15:39.081639+00:00,x509,valid_active,29,5,UAV-VALID,ACCEPTED,ACCEPTED,True,5540700,5.5407,71300,110800,5087500,0,198500,6100,0,0,,,,none,x509-valid_active_1,0,False,239,8,
n250-identities_c5-conc_mech-x509-1backend_valid-active_r30_audit-off_20260820T021530Z,obs_d99a3933f81f481b9aa045a21f9922ee,2026-08-20T02:15:39.082332+00:00,x509,valid_active,28,5,UAV-VALID,ACCEPTED,ACCEPTED,True,5485100,5.4851,59600,74300,5095100,0,189900,5000,0,0,,,,none,x509-valid_active_0,0,False,240,8,
n250-identities_c50-conc_mech-blockchain-1backend_valid-active_r30_audit-off_20260820T021632Z,obs_8df1530e85df44b9932e77693e6f1024,2026-08-20T02:16:38.590184+00:00,blockchain,valid_active,0,50,UAV-VALID,ACCEPTED,INVALID_SIGNATURE,False,224907800,224.9078,44100,224450500,0,5000,281700,0,0,0,,,,none,blockchain-valid_active_0,0,True,239,17,
n250-identities_c50-conc_mech-blockchain-1backend_valid-active_r30_audit-off_20260820T021632Z,obs_3476086c43834e87812acdc39d90d899,2026-08-20T02:16:38.569954+00:00,blockchain,valid_active,1,50,UAV-VALID,ACCEPTED,INVALID_SIGNATURE,False,203293800,203.2938,49000,202833300,0,5600,305200,0,0,0,,,,none,blockchain-valid_active_1,0,True,238,17,
n250-identities_c50-conc_mech-blockchain-1backend_valid-active_r30_audit-off_20260820T021632Z,obs_628b6765fe444d4fb9dba30159198a6d,2026-08-20T02:16:38.679347+00:00,blockchain,valid_active,2,50,UAV-VALID,ACCEPTED,INVALID_SIGNATURE,False,283941500,283.9415,59400,283489800,0,4800,279600,0,0,0,,,,none,blockchain-valid_active_4,0,False,238,17,
n250-identities_c50-conc_mech-blockchain-1backend_valid-active_r30_audit-off_20260820T021632Z,obs_92c4a9bf234f4231a20558ffc594c068,2026-08-20T02:16:38.700231+00:00,blockchain,valid_active,0,50,UAV-VALID,ACCEPTED,INVALID_SIGNATURE,False,335935800,335.9358,57900,335422600,0,4800,302400,0,0,0,,,,none,blockchain-valid_active_2,0,False,239,17,
n250-identities_c50-conc_mech-blockchain-1backend_valid-active_r30_audit-off_20260820T021632Z,obs_bce91f91a0054960afdacf89d5404f81,2026-08-20T02:16:38.724148+00:00,blockchain,valid_active,3,50,UAV-VALID,ACCEPTED,INVALID_SIGNATURE,False,341882100,341.8821,55200,341465900,0,5400,260600,0,0,0,,,,none,blockchain-valid_active_5,0,False,239,17,
n250-identities_c50-conc_mech-blockchain-1backend_valid-active_r30_audit-off_20260820T021632Z,obs_9b248a8c4d1d4c7c92e791a0b4a61c2a,2026-08-20T02:16:38.750402+00:00,blockchain,valid_active,6,50,UAV-VALID,ACCEPTED,INVALID_SIGNATURE,False,326803800,326.8038,60900,326375100,0,4800,264300,0,0,0,,,,none,blockchain-valid_active_8,0,False,239,17,
n250-identities_c50-conc_mech-blockchain-1backend_valid-active_r30_audit-off_20260820T021632Z,obs_9270bf27b22f44c490173e3209530e94,2026-08-20T02:16:38.784638+00:00,blockchain,valid_active,11,50,UAV-VALID,ACCEPTED,INVALID_SIGNATURE,False,307009300,307.0093,57400,306576000,0,5800,269300,0,0,0,,,,none,blockchain-valid_active_13,0,False,239,17,
n250-identities_c50-conc_mech-blockchain-1backend_valid-active_r30_audit-off_20260820T021632Z,obs_d6bde31b4c634167a938ea17eb041c23,2026-08-20T02:16:38.799093+00:00,blockchain,valid_active,5,50,UAV-VALID,ACCEPTED,INVALID_SIGNATURE,False,376954900,376.9549,56400,376455700,0,5600,298500,0,0,0,,,,none,blockchain-valid_active_7,0,False,239,17,
n250-identities_c50-conc_mech-blockchain-1backend_valid-active_r30_audit-off_20260820T021632Z,obs_0dbb752a5fd24772ad89c74a993adf48,2026-08-20T02:16:38.809168+00:00,blockchain,valid_active,4,50,UAV-VALID,ACCEPTED,INVALID_SIGNATURE,False,396189100,396.1891,62900,395753800,0,4600,271300,0,0,0,,,,none,blockchain-valid_active_6,0,False,239,17,
n250-identities_c50-conc_mech-blockchain-1backend_valid-active_r30_audit-off_20260820T021632Z,obs_dbf30a9cbbe243c982dcf6bf54db45e4,2026-08-20T02:16:38.822472+00:00,blockchain,valid_active,14,50,UAV-VALID,ACCEPTED,INVALID_SIGNATURE,False,312818800,312.8188,58800,312193800,0,5400,421800,0,0,0,,,,none,blockchain-valid_active_16,0,False,240,17,
n250-identities_c50-conc_mech-blockchain-1backend_valid-active_r30_audit-off_20260820T021632Z,obs_c2887f4dee25437eb23b609181fe3651,2026-08-20T02:16:38.830099+00:00,blockchain,valid_active,10,50,UAV-VALID,ACCEPTED,INVALID_SIGNATURE,False,379965900,379.9659,79100,379428700,0,5500,266400,0,0,0,,,,none,blockchain-valid_active_12,0,False,240,17,
n250-identities_c50-conc_mech-blockchain-1backend_valid-active_r30_audit-off_20260820T021632Z,obs_64321a4ebab54d1bb22b19e47bca863f,2026-08-20T02:16:38.894398+00:00,blockchain,valid_active,1,50,UAV-VALID,ACCEPTED,INVALID_SIGNATURE,False,520901900,520.9019,48600,520487400,0,5500,258200,0,0,0,,,,none,blockchain-valid_active_3,0,False,239,17,
n250-identities_c50-conc_mech-blockchain-1backend_valid-active_r30_audit-off_20260820T021632Z,obs_754a08c1cdad4a02bc8781fb7dde62f4,2026-08-20T02:16:38.922223+00:00,blockchain,valid_active,7,50,UAV-VALID,ACCEPTED,INVALID_SIGNATURE,False,490573700,490.5737,75300,490165000,0,4800,241300,0,0,0,,,,none,blockchain-valid_active_9,0,False,239,17,
n250-identities_c50-conc_mech-blockchain-1backend_valid-active_r30_audit-off_20260820T021632Z,obs_24c9156b48ba48f9aee6940c0ab7eb03,2026-08-20T02:16:38.927601+00:00,blockchain,valid_active,8,50,UAV-VALID,ACCEPTED,INVALID_SIGNATURE,False,463203600,463.2036,59200,462592100,0,4700,451700,0,0,0,,,,none,blockchain-valid_active_10,0,False,239,17,
n250-identities_c50-conc_mech-blockchain-1backend_valid-active_r30_audit-off_20260820T021632Z,obs_b86b0712df834d58abc686b12e82dc21,2026-08-20T02:16:39.023584+00:00,blockchain,valid_active,15,50,UAV-VALID,ACCEPTED,INVALID_SIGNATURE,False,423350200,423.3502,58400,422875200,0,6200,291000,0,0,0,,,,none,blockchain-valid_active_17,0,False,238,17,
n250-identities_c50-conc_mech-blockchain-1backend_valid-active_r30_audit-off_20260820T021632Z,obs_e89ec150289144d19446592813a59806,2026-08-20T02:16:39.025540+00:00,blockchain,valid_active,22,50,UAV-VALID,ACCEPTED,INVALID_SIGNATURE,False,319118200,319.1182,60000,318660800,0,4600,290800,0,0,0,,,,none,blockchain-valid_active_1,0,False,240,17,
n250-identities_c50-conc_mech-blockchain-1backend_valid-active_r30_audit-off_20260820T021632Z,obs_24b7084d1c454fd1899734fddccd650f,2026-08-20T02:16:39.055026+00:00,blockchain,valid_active,12,50,UAV-VALID,ACCEPTED,INVALID_SIGNATURE,False,557088500,557.0885,65100,556502100,0,5500,292700,0,0,0,,,,none,blockchain-valid_active_14,0,False,240,17,
n250-identities_c50-conc_mech-blockchain-1backend_valid-active_r30_audit-off_20260820T021632Z,obs_48d2fa6aa517438c8750e4fc4b09323f,2026-08-20T02:16:39.069658+00:00,blockchain,valid_active,19,50,UAV-VALID,ACCEPTED,INVALID_SIGNATURE,False,389071900,389.0719,59800,388705800,0,7400,226100,0,0,0,,,,none,blockchain-valid_active_21,0,False,239,17,
n250-identities_c50-conc_mech-blockchain-1backend_valid-active_r30_audit-off_20260820T021632Z,obs_f8ee946cf06e4cf6a0e575c9d90133be,2026-08-20T02:16:39.076205+00:00,blockchain,valid_active,9,50,UAV-VALID,ACCEPTED,INVALID_SIGNATURE,False,542983200,542.9832,77100,542575900,0,4700,239400,0,0,0,,,,none,blockchain-valid_active_11,0,False,240,17,
n250-identities_c50-conc_mech-blockchain-1backend_valid-active_r30_audit-off_20260820T021632Z,obs_1c5aaeaa4b8f4a529a8b9b8abffc021a,2026-08-20T02:16:39.100304+00:00,blockchain,valid_active,24,50,UAV-VALID,ACCEPTED,INVALID_SIGNATURE,False,380304800,380.3048,64500,379838400,0,4900,255500,0,0,0,,,,none,blockchain-valid_active_0,0,False,238,17,
n250-identities_c50-conc_mech-blockchain-1backend_valid-active_r30_audit-off_20260820T021632Z,obs_48dca4e93b4b4d51a17656e3a0070d34,2026-08-20T02:16:39.103015+00:00,blockchain,valid_active,18,50,UAV-VALID,ACCEPTED,INVALID_SIGNATURE,False,439190200,439.1902,47200,438698800,0,4600,326900,0,0,0,,,,none,blockchain-valid_active_20,0,False,240,17,
n250-identities_c50-conc_mech-blockchain-1backend_valid-active_r30_audit-off_20260820T021632Z,obs_a9d3cc7fe53f44f2ae332f471bf3e5bc,2026-08-20T02:16:39.107030+00:00,blockchain,valid_active,13,50,UAV-VALID,ACCEPTED,INVALID_SIGNATURE,False,569513500,569.5135,54600,569045000,0,5100,305900,0,0,0,,,,none,blockchain-valid_active_15,0,False,239,17,
n250-identities_c50-conc_mech-blockchain-1backend_valid-active_r30_audit-off_20260820T021632Z,obs_4ce0a24f16c54aa1ad71da01501f5249,2026-08-20T02:16:39.112034+00:00,blockchain,valid_active,16,50,UAV-VALID,ACCEPTED,INVALID_SIGNATURE,False,491977500,491.9775,63800,488582600,0,5100,278600,0,0,0,,,,none,blockchain-valid_active_18,0,False,238,17,
n250-identities_c50-conc_mech-blockchain-1backend_valid-active_r30_audit-off_20260820T021632Z,obs_777c55a08a1041d5baa1e82e728b51eb,2026-08-20T02:16:39.118680+00:00,blockchain,valid_active,17,50,UAV-VALID,ACCEPTED,INVALID_SIGNATURE,False,492279300,492.2793,74900,491839400,0,4000,268000,0,0,0,,,,none,blockchain-valid_active_19,0,False,238,17,
n250-identities_c50-conc_mech-blockchain-1backend_valid-active_r30_audit-off_20260820T021632Z,obs_7e5b2cbe76a543d39d47862a42fcd301,2026-08-20T02:16:39.131317+00:00,blockchain,valid_active,25,50,UAV-VALID,ACCEPTED,INVALID_SIGNATURE,False,326021800,326.0218,63000,325603700,0,5300,241700,0,0,0,,,,none,blockchain-valid_active_25,0,False,240,17,
n250-identities_c50-conc_mech-blockchain-1backend_valid-active_r30_audit-off_20260820T021632Z,obs_7f53e3c1c457473dbe138e1dc546de39,2026-08-20T02:16:39.134272+00:00,blockchain,valid_active,28,50,UAV-VALID,ACCEPTED,INVALID_SIGNATURE,False,235406500,235.4065,60500,235016300,0,4200,238300,0,0,0,,,,none,blockchain-valid_active_28,0,False,239,17,
n250-identities_c50-conc_mech-blockchain-1backend_valid-active_r30_audit-off_20260820T021632Z,obs_a1f86b579e41457298e9ff7a945cbdd9,2026-08-20T02:16:39.136052+00:00,blockchain,valid_active,27,50,UAV-VALID,ACCEPTED,INVALID_SIGNATURE,False,183989300,183.9893,79300,183573300,0,4900,248000,0,0,0,,,,none,blockchain-valid_active_27,0,False,238,17,
n250-identities_c50-conc_mech-blockchain-1backend_valid-active_r30_audit-off_20260820T021632Z,obs_0d4ba8f331c74837a335a6f6682eda44,2026-08-20T02:16:39.137939+00:00,blockchain,valid_active,26,50,UAV-VALID,ACCEPTED,INVALID_SIGNATURE,False,334774800,334.7748,54400,334353300,0,4300,267700,0,0,0,,,,none,blockchain-valid_active_26,0,False,239,17,
n250-identities_c50-conc_mech-blockchain-1backend_valid-active_r30_audit-off_20260820T021632Z,obs_6e238bae8f024089bc33af88799783c2,2026-08-20T02:16:39.140096+00:00,blockchain,valid_active,23,50,UAV-VALID,ACCEPTED,INVALID_SIGNATURE,False,325873400,325.8734,127800,325424000,0,4900,289200,0,0,0,,,,none,blockchain-valid_active_24,0,False,239,17,
n250-identities_c50-conc_mech-blockchain-1backend_valid-active_r30_audit-off_20260820T021632Z,obs_7bb6e8cc53d44a6098789990f707b11d,2026-08-20T02:16:39.142728+00:00,blockchain,valid_active,20,50,UAV-VALID,ACCEPTED,INVALID_SIGNATURE,False,348299600,348.2996,68900,347916200,0,4700,241400,0,0,0,,,,none,blockchain-valid_active_22,0,False,238,17,
n250-identities_c50-conc_mech-blockchain-1backend_valid-active_r30_audit-off_20260820T021632Z,obs_417cbc72e8324485a63bc1f4916be09d,2026-08-20T02:16:39.145916+00:00,blockchain,valid_active,21,50,UAV-VALID,ACCEPTED,INVALID_SIGNATURE,False,406685500,406.6855,54500,406278400,0,5200,258800,0,0,0,,,,none,blockchain-valid_active_23,0,False,239,17,
n250-identities_c50-conc_mech-blockchain-1backend_valid-active_r30_audit-off_20260820T021632Z,obs_15292a25228743cca415de0248838a21,2026-08-20T02:16:39.148481+00:00,blockchain,valid_active,29,50,UAV-VALID,ACCEPTED,INVALID_SIGNATURE,False,367492700,367.4927,126300,366927600,0,7300,267800,0,0,0,,,,none,blockchain-valid_active_29,0,False,239,17,
n250-identities_c50-conc_mech-x509-1backend_valid-active_r30_audit-off_20260820T021623Z,obs_c9b01c899e174f909b41beaf1736c96b,2026-08-20T02:16:30.399166+00:00,x509,valid_active,8,50,UAV-VALID,ACCEPTED,ACCEPTED,True,51924400,51.9244,77100,106500,51419200,0,228200,7500,0,0,,,,none,x509-valid_active_10,0,False,238,8,
n250-identities_c50-conc_mech-x509-1backend_valid-active_r30_audit-off_20260820T021623Z,obs_9c1684b79c124a218230d6677cacc321,2026-08-20T02:16:30.338334+00:00,x509,valid_active,1,50,UAV-VALID,ACCEPTED,ACCEPTED,True,42791600,42.7916,51500,126300,42316500,0,214400,5200,0,0,,,,none,x509-valid_active_1,0,True,238,8,
n250-identities_c50-conc_mech-x509-1backend_valid-active_r30_audit-off_20260820T021623Z,obs_a34cad79c1db4fd78c148e38c5d72c4c,2026-08-20T02:16:30.327980+00:00,x509,valid_active,0,50,UAV-VALID,ACCEPTED,ACCEPTED,True,26521100,26.5211,43000,160200,25994300,0,214700,6600,0,0,,,,none,x509-valid_active_2,0,False,239,8,
n250-identities_c50-conc_mech-x509-1backend_valid-active_r30_audit-off_20260820T021623Z,obs_b0b0bac320274f639ba6a74ab4e1e168,2026-08-20T02:16:30.408358+00:00,x509,valid_active,5,50,UAV-VALID,ACCEPTED,ACCEPTED,True,70798100,70.7981,66100,98700,70420300,0,164800,3600,0,0,,,,none,x509-valid_active_7,0,False,239,8,
n250-identities_c50-conc_mech-x509-1backend_valid-active_r30_audit-off_20260820T021623Z,obs_dabea0ac62c84f6493c0da45d2a10702,2026-08-20T02:16:30.325977+00:00,x509,valid_active,0,50,UAV-VALID,ACCEPTED,ACCEPTED,True,33496400,33.4964,72700,129600,33015400,0,210900,5600,0,0,,,,none,x509-valid_active_0,0,True,239,8,
n250-identities_c50-conc_mech-x509-1backend_valid-active_r30_audit-off_20260820T021623Z,obs_e03ce3200650486a85afc230db68729f,2026-08-20T02:16:30.407327+00:00,x509,valid_active,3,50,UAV-VALID,ACCEPTED,ACCEPTED,True,65114800,65.1148,51800,129500,64627500,0,215200,5600,0,0,,,,none,x509-valid_active_5,0,False,239,8,
n250-identities_c50-conc_mech-x509-1backend_valid-active_r30_audit-off_20260820T021623Z,obs_6b237982e1474d75bd831d779d0df0ff,2026-08-20T02:16:30.389448+00:00,x509,valid_active,4,50,UAV-VALID,ACCEPTED,ACCEPTED,True,55383100,55.3831,69300,164900,54803700,0,243000,5100,0,0,,,,none,x509-valid_active_6,0,False,240,8,
n250-identities_c50-conc_mech-x509-1backend_valid-active_r30_audit-off_20260820T021623Z,obs_d31c8349ec7443449b3a6b5e82b33080,2026-08-20T02:16:30.397301+00:00,x509,valid_active,2,50,UAV-VALID,ACCEPTED,ACCEPTED,True,70428500,70.4285,50500,131900,69633700,0,238500,6500,0,0,,,,none,x509-valid_active_4,0,False,239,8,
n250-identities_c50-conc_mech-x509-1backend_valid-active_r30_audit-off_20260820T021623Z,obs_017701a1254b4156a6b7f0fab1f9df31,2026-08-20T02:16:30.364552+00:00,x509,valid_active,1,50,UAV-VALID,ACCEPTED,ACCEPTED,True,47793300,47.7933,52000,159700,47226800,0,231800,7600,0,0,,,,none,x509-valid_active_3,0,False,239,8,
n250-identities_c50-conc_mech-x509-1backend_valid-active_r30_audit-off_20260820T021623Z,obs_750865218e72415a86dae4b123830a20,2026-08-20T02:16:30.426973+00:00,x509,valid_active,7,50,UAV-VALID,ACCEPTED,ACCEPTED,True,59033600,59.0336,57600,138400,58546800,0,205700,5400,0,0,,,,none,x509-valid_active_9,0,False,239,8,
n250-identities_c50-conc_mech-x509-1backend_valid-active_r30_audit-off_20260820T021623Z,obs_6d6f177ff4d246d7986dc54ee305ea6e,2026-08-20T02:16:30.427486+00:00,x509,valid_active,6,50,UAV-VALID,ACCEPTED,ACCEPTED,True,75819800,75.8198,48000,137800,75418600,0,152300,3700,0,0,,,,none,x509-valid_active_8,0,False,239,8,
n250-identities_c50-conc_mech-x509-1backend_valid-active_r30_audit-off_20260820T021623Z,obs_5512f98cccab466a9b7cfa7c8a2910a9,2026-08-20T02:16:30.442400+00:00,x509,valid_active,9,50,UAV-VALID,ACCEPTED,ACCEPTED,True,70518100,70.5181,50500,100800,70113300,0,183800,6300,0,0,,,,none,x509-valid_active_11,0,False,240,8,
n250-identities_c50-conc_mech-x509-1backend_valid-active_r30_audit-off_20260820T021623Z,obs_52c73b2d4b6b44b89951f490863859c5,2026-08-20T02:16:30.454111+00:00,x509,valid_active,10,50,UAV-VALID,ACCEPTED,ACCEPTED,True,50899500,50.8995,68500,132200,50437400,0,180800,5900,0,0,,,,none,x509-valid_active_12,0,False,238,8,
n250-identities_c50-conc_mech-x509-1backend_valid-active_r30_audit-off_20260820T021623Z,obs_b3c797683a874219a365c3aacadc24e8,2026-08-20T02:16:30.456055+00:00,x509,valid_active,15,50,UAV-VALID,ACCEPTED,ACCEPTED,True,50516400,50.5164,43200,132000,50117200,0,149500,4400,0,0,,,,none,x509-valid_active_1,0,False,240,8,
n250-identities_c50-conc_mech-x509-1backend_valid-active_r30_audit-off_20260820T021623Z,obs_0fb8e2c6a8794154bf074558ff2bb506,2026-08-20T02:16:30.458896+00:00,x509,valid_active,11,50,UAV-VALID,ACCEPTED,ACCEPTED,True,52558700,52.5587,58300,128600,52084400,0,212400,6100,0,0,,,,none,x509-valid_active_13,0,False,239,8,
n250-identities_c50-conc_mech-x509-1backend_valid-active_r30_audit-off_20260820T021623Z,obs_d5f05d4d6c5d4645a85b55a4d61c7535,2026-08-20T02:16:30.466451+00:00,x509,valid_active,12,50,UAV-VALID,ACCEPTED,ACCEPTED,True,42789300,42.7893,54900,80500,42184800,0,376300,7200,0,0,,,,none,x509-valid_active_0,0,False,240,8,
n250-identities_c50-conc_mech-x509-1backend_valid-active_r30_audit-off_20260820T021623Z,obs_3838177a1c4d4b79a29015495eaf634d,2026-08-20T02:16:30.467071+00:00,x509,valid_active,14,50,UAV-VALID,ACCEPTED,ACCEPTED,True,64763500,64.7635,65100,174200,64245300,0,197900,5300,0,0,,,,none,x509-valid_active_14,0,False,240,8,
n250-identities_c50-conc_mech-x509-1backend_valid-active_r30_audit-off_20260820T021623Z,obs_df64b1a8cc9241cf86f4191f479e990e,2026-08-20T02:16:30.468503+00:00,x509,valid_active,13,50,UAV-VALID,ACCEPTED,ACCEPTED,True,53666000,53.666,91000,81600,53241200,0,213400,6400,0,0,,,,none,x509-valid_active_2,0,False,239,8,
n250-identities_c50-conc_mech-x509-1backend_valid-active_r30_audit-off_20260820T021623Z,obs_38e80f56403649dca547b0f2217359db,2026-08-20T02:16:30.470247+00:00,x509,valid_active,18,50,UAV-VALID,ACCEPTED,ACCEPTED,True,30852600,30.8526,59100,104100,30452000,0,180800,4600,0,0,,,,none,x509-valid_active_17,0,False,239,8,
n250-identities_c50-conc_mech-x509-1backend_valid-active_r30_audit-off_20260820T021623Z,obs_3dcd6d6b06cc40de8873722d5f264ab9,2026-08-20T02:16:30.473752+00:00,x509,valid_active,19,50,UAV-VALID,ACCEPTED,ACCEPTED,True,32071300,32.0713,53000,87700,31639700,0,207400,6000,0,0,,,,none,x509-valid_active_18,0,False,239,8,
n250-identities_c50-conc_mech-x509-1backend_valid-active_r30_audit-off_20260820T021623Z,obs_ed7629a359ab46a48beb2fa5539e6cd7,2026-08-20T02:16:30.474258+00:00,x509,valid_active,16,50,UAV-VALID,ACCEPTED,ACCEPTED,True,48440900,48.4409,56600,95800,48045800,0,181500,5500,0,0,,,,none,x509-valid_active_15,0,False,238,8,
n250-identities_c50-conc_mech-x509-1backend_valid-active_r30_audit-off_20260820T021623Z,obs_7e22da9746df4ab5aa4c99f16abc8f79,2026-08-20T02:16:30.478875+00:00,x509,valid_active,17,50,UAV-VALID,ACCEPTED,ACCEPTED,True,40466900,40.4669,55000,121600,39991100,0,207900,6600,0,0,,,,none,x509-valid_active_16,0,False,239,8,
n250-identities_c50-conc_mech-x509-1backend_valid-active_r30_audit-off_20260820T021623Z,obs_625d1ac72f2b4e7b854f3adc71fbc203,2026-08-20T02:16:30.479984+00:00,x509,valid_active,25,50,UAV-VALID,ACCEPTED,ACCEPTED,True,19522900,19.5229,53200,72800,19171000,0,169000,4300,0,0,,,,none,x509-valid_active_4,0,False,238,8,
n250-identities_c50-conc_mech-x509-1backend_valid-active_r30_audit-off_20260820T021623Z,obs_c03691ff6caf4c1ba52044b6ff8965a7,2026-08-20T02:16:30.480524+00:00,x509,valid_active,27,50,UAV-VALID,ACCEPTED,ACCEPTED,True,20631100,20.6311,45600,71200,20257400,0,184400,5000,0,0,,,,none,x509-valid_active_10,0,False,238,8,
n250-identities_c50-conc_mech-x509-1backend_valid-active_r30_audit-off_20260820T021623Z,obs_c9b8956a2a1b4ed0ac4f51110b76e094,2026-08-20T02:16:30.481203+00:00,x509,valid_active,23,50,UAV-VALID,ACCEPTED,ACCEPTED,True,26620700,26.6207,34200,98100,26112200,0,181200,6400,0,0,,,,none,x509-valid_active_21,0,False,239,8,
n250-identities_c50-conc_mech-x509-1backend_valid-active_r30_audit-off_20260820T021623Z,obs_afd1c8f9c82d4471bfd07ba2b7f3b816,2026-08-20T02:16:30.481952+00:00,x509,valid_active,24,50,UAV-VALID,ACCEPTED,ACCEPTED,True,24091400,24.0914,60400,61100,23709800,0,205600,5300,0,0,,,,none,x509-valid_active_6,0,False,239,8,
n250-identities_c50-conc_mech-x509-1backend_valid-active_r30_audit-off_20260820T021623Z,obs_22253ab78919428c811fb8675e262d9a,2026-08-20T02:16:30.484020+00:00,x509,valid_active,28,50,UAV-VALID,ACCEPTED,ACCEPTED,True,8728900,8.7289,31900,70000,8355900,0,183300,6000,0,0,,,,none,x509-valid_active_5,0,False,238,8,
n250-identities_c50-conc_mech-x509-1backend_valid-active_r30_audit-off_20260820T021623Z,obs_044df9c26d9448f38439333eefecc6f6,2026-08-20T02:16:30.484577+00:00,x509,valid_active,26,50,UAV-VALID,ACCEPTED,ACCEPTED,True,13806500,13.8065,41600,91500,13447100,0,163800,5500,0,0,,,,none,x509-valid_active_22,0,False,239,8,
n250-identities_c50-conc_mech-x509-1backend_valid-active_r30_audit-off_20260820T021623Z,obs_ef5ead00d4344565b5727092d4264b06,2026-08-20T02:16:30.486629+00:00,x509,valid_active,20,50,UAV-VALID,ACCEPTED,ACCEPTED,True,23364200,23.3642,46300,76200,22993500,0,182100,4500,0,0,,,,none,x509-valid_active_3,0,False,239,8,
n250-identities_c50-conc_mech-x509-1backend_valid-active_r30_audit-off_20260820T021623Z,obs_ea73d4d5c6ec4bf6870c054c7eaf2142,2026-08-20T02:16:30.487727+00:00,x509,valid_active,21,50,UAV-VALID,ACCEPTED,ACCEPTED,True,16357400,16.3574,28900,89800,15996000,0,163800,4600,0,0,,,,none,x509-valid_active_19,0,False,238,8,
n250-identities_c50-conc_mech-x509-1backend_valid-active_r30_audit-off_20260820T021623Z,obs_733a261f53114ad2bef5f4896b4ff7c3,2026-08-20T02:16:30.488825+00:00,x509,valid_active,22,50,UAV-VALID,ACCEPTED,ACCEPTED,True,10931400,10.9314,42400,116600,10522400,0,172400,4500,0,0,,,,none,x509-valid_active_20,0,False,238,8,
n250-identities_c50-conc_mech-x509-1backend_valid-active_r30_audit-off_20260820T021623Z,obs_499b789a77ef4f19a977832374aa2bf7,2026-08-20T02:16:30.489436+00:00,x509,valid_active,29,50,UAV-VALID,ACCEPTED,ACCEPTED,True,13638500,13.6385,29200,74500,13289300,0,166900,6900,0,0,,,,none,x509-valid_active_7,0,False,240,8,
n50-identities_c1-conc_mech-blockchain-1backend_valid-active_r30_audit-off_20260820T020643Z,obs_5113ad97e8f446ac92d1dcb9594369ce,2026-08-20T02:06:45.258967+00:00,blockchain,valid_active,0,1,UAV-VALID,ACCEPTED,INVALID_SIGNATURE,False,52083500,52.0835,59100,51611500,0,6400,276300,0,0,0,,,,none,blockchain-valid_active_0,0,True,239,17,
n50-identities_c1-conc_mech-blockchain-1backend_valid-active_r30_audit-off_20260820T020643Z,obs_d98b2cac70154f3f9b9ec857ad7d0476,2026-08-20T02:06:45.291752+00:00,blockchain,valid_active,1,1,UAV-VALID,ACCEPTED,INVALID_SIGNATURE,False,29533600,29.5336,106600,29103000,0,5000,267000,0,0,0,,,,none,blockchain-valid_active_0,0,True,239,17,
n50-identities_c1-conc_mech-blockchain-1backend_valid-active_r30_audit-off_20260820T020643Z,obs_60dc92ff7d24465490c026febd3a9e1f,2026-08-20T02:06:45.319416+00:00,blockchain,valid_active,0,1,UAV-VALID,ACCEPTED,INVALID_SIGNATURE,False,24691100,24.6911,67300,24274600,0,4400,267300,0,0,0,,,,none,blockchain-valid_active_0,0,False,239,17,
n50-identities_c1-conc_mech-blockchain-1backend_valid-active_r30_audit-off_20260820T020643Z,obs_6ee24c4013bd45cfb1db3d6b98c6fe2f,2026-08-20T02:06:45.355104+00:00,blockchain,valid_active,1,1,UAV-VALID,ACCEPTED,INVALID_SIGNATURE,False,32965200,32.9652,55500,32549300,0,3700,259000,0,0,0,,,,none,blockchain-valid_active_0,0,False,239,17,
n50-identities_c1-conc_mech-blockchain-1backend_valid-active_r30_audit-off_20260820T020643Z,obs_402d867b90864faca20e5f651feba896,2026-08-20T02:06:45.384312+00:00,blockchain,valid_active,2,1,UAV-VALID,ACCEPTED,INVALID_SIGNATURE,False,26623600,26.6236,51700,26168700,0,5400,286500,0,0,0,,,,none,blockchain-valid_active_0,0,False,239,17,
n50-identities_c1-conc_mech-blockchain-1backend_valid-active_r30_audit-off_20260820T020643Z,obs_6bdc9f1d270643db8f37ccee4a9636b0,2026-08-20T02:06:45.411274+00:00,blockchain,valid_active,3,1,UAV-VALID,ACCEPTED,INVALID_SIGNATURE,False,24220300,24.2203,53000,23757400,0,4900,307700,0,0,0,,,,none,blockchain-valid_active_0,0,False,240,17,
n50-identities_c1-conc_mech-blockchain-1backend_valid-active_r30_audit-off_20260820T020643Z,obs_f5a22ba3f3ba40faac7077c371c1d52e,2026-08-20T02:06:45.436574+00:00,blockchain,valid_active,4,1,UAV-VALID,ACCEPTED,INVALID_SIGNATURE,False,23139800,23.1398,43000,22754600,0,3800,235700,0,0,0,,,,none,blockchain-valid_active_0,0,False,240,17,
n50-identities_c1-conc_mech-blockchain-1backend_valid-active_r30_audit-off_20260820T020643Z,obs_2a48913ecedd4a90832a0f8a41fa6078,2026-08-20T02:06:45.467106+00:00,blockchain,valid_active,5,1,UAV-VALID,ACCEPTED,INVALID_SIGNATURE,False,27824100,27.8241,54300,27413500,0,5000,260800,0,0,0,,,,none,blockchain-valid_active_0,0,False,239,17,
n50-identities_c1-conc_mech-blockchain-1backend_valid-active_r30_audit-off_20260820T020643Z,obs_e5160e5b52a147ce8073aa1789d6a582,2026-08-20T02:06:45.491607+00:00,blockchain,valid_active,6,1,UAV-VALID,ACCEPTED,INVALID_SIGNATURE,False,21572500,21.5725,52600,21145800,0,3400,277900,0,0,0,,,,none,blockchain-valid_active_0,0,False,238,17,
n50-identities_c1-conc_mech-blockchain-1backend_valid-active_r30_audit-off_20260820T020643Z,obs_5593c96df8bf42d0b7423ffbb8d8a1b1,2026-08-20T02:06:45.515289+00:00,blockchain,valid_active,7,1,UAV-VALID,ACCEPTED,INVALID_SIGNATURE,False,21004900,21.0049,58800,20542600,0,4300,279400,0,0,0,,,,none,blockchain-valid_active_0,0,False,239,17,
n50-identities_c1-conc_mech-blockchain-1backend_valid-active_r30_audit-off_20260820T020643Z,obs_16b75353a0e3498fbe41da6caa3cf395,2026-08-20T02:06:45.540125+00:00,blockchain,valid_active,8,1,UAV-VALID,ACCEPTED,INVALID_SIGNATURE,False,22218100,22.2181,54400,21817300,0,5000,239000,0,0,0,,,,none,blockchain-valid_active_0,0,False,238,17,
n50-identities_c1-conc_mech-blockchain-1backend_valid-active_r30_audit-off_20260820T020643Z,obs_f765a2fe57e4415a88fc7740c24b4b82,2026-08-20T02:06:45.593762+00:00,blockchain,valid_active,9,1,UAV-VALID,ACCEPTED,INVALID_SIGNATURE,False,50990000,50.99,65400,50584000,0,4800,249400,0,0,0,,,,none,blockchain-valid_active_0,0,False,239,17,
n50-identities_c1-conc_mech-blockchain-1backend_valid-active_r30_audit-off_20260820T020643Z,obs_5fb3a72ee6a144da80dc736f5263d176,2026-08-20T02:06:45.636750+00:00,blockchain,valid_active,10,1,UAV-VALID,ACCEPTED,INVALID_SIGNATURE,False,40667000,40.667,42500,40270300,0,4300,255800,0,0,0,,,,none,blockchain-valid_active_0,0,False,238,17,
n50-identities_c1-conc_mech-blockchain-1backend_valid-active_r30_audit-off_20260820T020643Z,obs_34c4272ab3a74c07867b6bd111ee7381,2026-08-20T02:06:45.736125+00:00,blockchain,valid_active,11,1,UAV-VALID,ACCEPTED,INVALID_SIGNATURE,False,93152600,93.1526,63000,92652000,0,4600,297100,0,0,0,,,,none,blockchain-valid_active_0,0,False,238,17,
n50-identities_c1-conc_mech-blockchain-1backend_valid-active_r30_audit-off_20260820T020643Z,obs_e5fcf51e5f0d4bb5bbfbb1a5bb2532e7,2026-08-20T02:06:45.773668+00:00,blockchain,valid_active,12,1,UAV-VALID,ACCEPTED,INVALID_SIGNATURE,False,33074500,33.0745,53800,32638800,0,4300,278300,0,0,0,,,,none,blockchain-valid_active_0,0,False,240,17,
n50-identities_c1-conc_mech-blockchain-1backend_valid-active_r30_audit-off_20260820T020643Z,obs_ff6e65d331414abb8a043dea2b7286cf,2026-08-20T02:06:45.841927+00:00,blockchain,valid_active,13,1,UAV-VALID,ACCEPTED,INVALID_SIGNATURE,False,65600600,65.6006,47700,65159900,0,5800,269600,0,0,0,,,,none,blockchain-valid_active_0,0,False,240,17,
n50-identities_c1-conc_mech-blockchain-1backend_valid-active_r30_audit-off_20260820T020643Z,obs_2880c7485d32421c8b1763dc08a24fc1,2026-08-20T02:06:45.913344+00:00,blockchain,valid_active,14,1,UAV-VALID,ACCEPTED,INVALID_SIGNATURE,False,68967900,68.9679,47300,68372100,0,4900,433800,0,0,0,,,,none,blockchain-valid_active_0,0,False,239,17,
n50-identities_c1-conc_mech-blockchain-1backend_valid-active_r30_audit-off_20260820T020643Z,obs_aae687afdd9443cdb1854fb07c72c120,2026-08-20T02:06:45.978999+00:00,blockchain,valid_active,15,1,UAV-VALID,ACCEPTED,INVALID_SIGNATURE,False,63083900,63.0839,78800,62582400,0,5000,301900,0,0,0,,,,none,blockchain-valid_active_0,0,False,240,17,
n50-identities_c1-conc_mech-blockchain-1backend_valid-active_r30_audit-off_20260820T020643Z,obs_1cdc549500584092913758e4f6a45cdb,2026-08-20T02:06:46.009550+00:00,blockchain,valid_active,16,1,UAV-VALID,ACCEPTED,INVALID_SIGNATURE,False,27396000,27.396,62400,27030800,0,3200,231700,0,0,0,,,,none,blockchain-valid_active_0,0,False,239,17,
n50-identities_c1-conc_mech-blockchain-1backend_valid-active_r30_audit-off_20260820T020643Z,obs_df4cea69d1254c6a8b6baecd752f2b0a,2026-08-20T02:06:46.063339+00:00,blockchain,valid_active,17,1,UAV-VALID,ACCEPTED,INVALID_SIGNATURE,False,50587800,50.5878,64900,50131600,0,5600,283200,0,0,0,,,,none,blockchain-valid_active_0,0,False,239,17,
n50-identities_c1-conc_mech-blockchain-1backend_valid-active_r30_audit-off_20260820T020643Z,obs_448005badf294256a041903094fb149f,2026-08-20T02:06:46.108484+00:00,blockchain,valid_active,18,1,UAV-VALID,ACCEPTED,INVALID_SIGNATURE,False,38594600,38.5946,84600,38126900,0,5500,279700,0,0,0,,,,none,blockchain-valid_active_0,0,False,238,17,
n50-identities_c1-conc_mech-blockchain-1backend_valid-active_r30_audit-off_20260820T020643Z,obs_fc44bfad456e428dacc9ac32eca7d05f,2026-08-20T02:06:46.140761+00:00,blockchain,valid_active,19,1,UAV-VALID,ACCEPTED,INVALID_SIGNATURE,False,28728600,28.7286,65500,28193400,0,3900,293800,0,0,0,,,,none,blockchain-valid_active_0,0,False,238,17,
n50-identities_c1-conc_mech-blockchain-1backend_valid-active_r30_audit-off_20260820T020643Z,obs_187b03e8de254b3fbd31f0d7c42bcc97,2026-08-20T02:06:46.205985+00:00,blockchain,valid_active,20,1,UAV-VALID,ACCEPTED,INVALID_SIGNATURE,False,62426600,62.4266,48000,61931300,0,4700,323500,0,0,0,,,,none,blockchain-valid_active_0,0,False,240,17,
n50-identities_c1-conc_mech-blockchain-1backend_valid-active_r30_audit-off_20260820T020643Z,obs_7ed434b31a5042aa9ca0e6cbe4e1c82e,2026-08-20T02:06:46.300824+00:00,blockchain,valid_active,21,1,UAV-VALID,ACCEPTED,INVALID_SIGNATURE,False,91276300,91.2763,69900,90423300,0,73900,440100,0,0,0,,,,none,blockchain-valid_active_0,0,False,239,17,
n50-identities_c1-conc_mech-blockchain-1backend_valid-active_r30_audit-off_20260820T020643Z,obs_7541eedc24bd4ef7a3f5e5eeeb810082,2026-08-20T02:06:46.358710+00:00,blockchain,valid_active,22,1,UAV-VALID,ACCEPTED,INVALID_SIGNATURE,False,54012000,54.012,51500,53602300,0,4300,253900,0,0,0,,,,none,blockchain-valid_active_0,0,False,240,17,
n50-identities_c1-conc_mech-blockchain-1backend_valid-active_r30_audit-off_20260820T020643Z,obs_ddea08245d6142e4be5b3f44ed9caab6,2026-08-20T02:06:46.408851+00:00,blockchain,valid_active,23,1,UAV-VALID,ACCEPTED,INVALID_SIGNATURE,False,46608000,46.608,65200,46176400,0,3500,262400,0,0,0,,,,none,blockchain-valid_active_0,0,False,240,17,
n50-identities_c1-conc_mech-blockchain-1backend_valid-active_r30_audit-off_20260820T020643Z,obs_13d8c87d6d5446178f800db6d472b9f8,2026-08-20T02:06:46.462590+00:00,blockchain,valid_active,24,1,UAV-VALID,ACCEPTED,INVALID_SIGNATURE,False,50395000,50.395,62100,47996700,0,3900,2064000,0,0,0,,,,none,blockchain-valid_active_0,0,False,239,17,
n50-identities_c1-conc_mech-blockchain-1backend_valid-active_r30_audit-off_20260820T020643Z,obs_ca8168d0a23a4002bff044cf4d7b7204,2026-08-20T02:06:46.502627+00:00,blockchain,valid_active,25,1,UAV-VALID,ACCEPTED,INVALID_SIGNATURE,False,36807100,36.8071,50700,36311300,0,3800,295400,0,0,0,,,,none,blockchain-valid_active_0,0,False,239,17,
n50-identities_c1-conc_mech-blockchain-1backend_valid-active_r30_audit-off_20260820T020643Z,obs_33ed031549b9441686e5ae03c12c164a,2026-08-20T02:06:46.542109+00:00,blockchain,valid_active,26,1,UAV-VALID,ACCEPTED,INVALID_SIGNATURE,False,36515600,36.5156,58200,36107700,0,4800,252100,0,0,0,,,,none,blockchain-valid_active_0,0,False,239,17,
n50-identities_c1-conc_mech-blockchain-1backend_valid-active_r30_audit-off_20260820T020643Z,obs_b7684f9529db48c7a3ca5239330c741e,2026-08-20T02:06:46.564898+00:00,blockchain,valid_active,27,1,UAV-VALID,ACCEPTED,INVALID_SIGNATURE,False,20110500,20.1105,48600,19788100,0,3000,190900,0,0,0,,,,none,blockchain-valid_active_0,0,False,238,17,
n50-identities_c1-conc_mech-blockchain-1backend_valid-active_r30_audit-off_20260820T020643Z,obs_560063d77e9f4c25a95f65fd7ff2a1db,2026-08-20T02:06:46.596639+00:00,blockchain,valid_active,28,1,UAV-VALID,ACCEPTED,INVALID_SIGNATURE,False,29189600,29.1896,48700,28811400,0,4900,218000,0,0,0,,,,none,blockchain-valid_active_0,0,False,238,17,
n50-identities_c1-conc_mech-blockchain-1backend_valid-active_r30_audit-off_20260820T020643Z,obs_a77c9d19e63743a7ac9d2fe8887ff59a,2026-08-20T02:06:46.637560+00:00,blockchain,valid_active,29,1,UAV-VALID,ACCEPTED,INVALID_SIGNATURE,False,38087400,38.0874,58800,37326400,0,4600,448700,0,0,0,,,,none,blockchain-valid_active_0,0,False,239,17,
n50-identities_c1-conc_mech-x509-1backend_valid-active_r30_audit-off_20260820T020538Z,obs_dae9102ac72b41109b3a8180b0f7a8d8,2026-08-20T02:06:41.402575+00:00,x509,valid_active,0,1,UAV-VALID,ACCEPTED,ACCEPTED,True,2374200,2.3742,65300,110200,1915600,0,211800,5700,0,0,,,,none,x509-valid_active_0,0,True,240,8,
n50-identities_c1-conc_mech-x509-1backend_valid-active_r30_audit-off_20260820T020538Z,obs_672aedda78744e0aa2985ad11994f409,2026-08-20T02:06:41.407337+00:00,x509,valid_active,1,1,UAV-VALID,ACCEPTED,ACCEPTED,True,1892100,1.8921,49500,116600,1447200,0,199100,7100,0,0,,,,none,x509-valid_active_0,0,True,240,8,
n50-identities_c1-conc_mech-x509-1backend_valid-active_r30_audit-off_20260820T020538Z,obs_cbadc742614049d69affb26bdff1f961,2026-08-20T02:06:41.411963+00:00,x509,valid_active,0,1,UAV-VALID,ACCEPTED,ACCEPTED,True,2125700,2.1257,46900,112800,1672100,0,200100,6100,0,0,,,,none,x509-valid_active_0,0,False,238,8,
n50-identities_c1-conc_mech-x509-1backend_valid-active_r30_audit-off_20260820T020538Z,obs_55329bd7bf1444fea095488ce8734446,2026-08-20T02:06:41.416240+00:00,x509,valid_active,1,1,UAV-VALID,ACCEPTED,ACCEPTED,True,1916800,1.9168,61200,94300,1491000,0,201100,9500,0,0,,,,none,x509-valid_active_0,0,False,239,8,
n50-identities_c1-conc_mech-x509-1backend_valid-active_r30_audit-off_20260820T020538Z,obs_20cb249fb055415a81f27e3ecfed73e3,2026-08-20T02:06:41.420741+00:00,x509,valid_active,2,1,UAV-VALID,ACCEPTED,ACCEPTED,True,1981900,1.9819,53400,105200,1568400,0,180800,5800,0,0,,,,none,x509-valid_active_0,0,False,239,8,
n50-identities_c1-conc_mech-x509-1backend_valid-active_r30_audit-off_20260820T020538Z,obs_a8d19df10dde4bdabdf5d2e6091410b9,2026-08-20T02:06:41.425042+00:00,x509,valid_active,3,1,UAV-VALID,ACCEPTED,ACCEPTED,True,1955900,1.9559,47600,98000,1538800,0,189500,7300,0,0,,,,none,x509-valid_active_0,0,False,238,8,
n50-identities_c1-conc_mech-x509-1backend_valid-active_r30_audit-off_20260820T020538Z,obs_34fb4912b5584358971111e6d329fd55,2026-08-20T02:06:41.435657+00:00,x509,valid_active,4,1,UAV-VALID,ACCEPTED,ACCEPTED,True,2069500,2.0695,44900,107900,1602300,0,211300,7500,0,0,,,,none,x509-valid_active_0,0,False,240,8,
n50-identities_c1-conc_mech-x509-1backend_valid-active_r30_audit-off_20260820T020538Z,obs_554e642f672346d7bc7c458cb5e49e95,2026-08-20T02:06:41.445579+00:00,x509,valid_active,5,1,UAV-VALID,ACCEPTED,ACCEPTED,True,1861400,1.8614,55600,96800,1434200,0,203300,6800,0,0,,,,none,x509-valid_active_0,0,False,239,8,
n50-identities_c1-conc_mech-x509-1backend_valid-active_r30_audit-off_20260820T020538Z,obs_c394d2444dab49edbaa98f764a345a2f,2026-08-20T02:06:41.451014+00:00,x509,valid_active,6,1,UAV-VALID,ACCEPTED,ACCEPTED,True,2543700,2.5437,59800,126600,2023300,0,223200,7900,0,0,,,,none,x509-valid_active_0,0,False,239,8,
n50-identities_c1-conc_mech-x509-1backend_valid-active_r30_audit-off_20260820T020538Z,obs_011ce3663e784ae68238adcbb437d542,2026-08-20T02:06:41.456774+00:00,x509,valid_active,7,1,UAV-VALID,ACCEPTED,ACCEPTED,True,2793600,2.7936,58000,118700,2106900,0,384000,9600,0,0,,,,none,x509-valid_active_0,0,False,239,8,
n50-identities_c1-conc_mech-x509-1backend_valid-active_r30_audit-off_20260820T020538Z,obs_f97f97cab11144449b143d90d3f3e010,2026-08-20T02:06:41.461646+00:00,x509,valid_active,8,1,UAV-VALID,ACCEPTED,ACCEPTED,True,2132700,2.1327,48400,98800,1692900,0,208800,6700,0,0,,,,none,x509-valid_active_0,0,False,239,8,
n50-identities_c1-conc_mech-x509-1backend_valid-active_r30_audit-off_20260820T020538Z,obs_b442979811024a9b919fd684387267ea,2026-08-20T02:06:41.466200+00:00,x509,valid_active,9,1,UAV-VALID,ACCEPTED,ACCEPTED,True,2043000,2.043,45600,98800,1520100,0,278500,8400,0,0,,,,none,x509-valid_active_0,0,False,239,8,
n50-identities_c1-conc_mech-x509-1backend_valid-active_r30_audit-off_20260820T020538Z,obs_af84edcfffa74b3aa45e28afe3d2bcac,2026-08-20T02:06:41.470650+00:00,x509,valid_active,10,1,UAV-VALID,ACCEPTED,ACCEPTED,True,1948400,1.9484,44100,92300,1468400,0,244700,8400,0,0,,,,none,x509-valid_active_0,0,False,239,8,
n50-identities_c1-conc_mech-x509-1backend_valid-active_r30_audit-off_20260820T020538Z,obs_92ba53dad9e347eea4eecc83a19c436c,2026-08-20T02:06:41.478399+00:00,x509,valid_active,11,1,UAV-VALID,ACCEPTED,ACCEPTED,True,4879600,4.8796,59300,95100,4415400,0,208900,6700,0,0,,,,none,x509-valid_active_0,0,False,239,8,
n50-identities_c1-conc_mech-x509-1backend_valid-active_r30_audit-off_20260820T020538Z,obs_02ff5cfaf37d4a50880154c9233ef0ef,2026-08-20T02:06:41.483284+00:00,x509,valid_active,12,1,UAV-VALID,ACCEPTED,ACCEPTED,True,2532500,2.5325,44500,121800,2047300,0,213400,6300,0,0,,,,none,x509-valid_active_0,0,False,239,8,
n50-identities_c1-conc_mech-x509-1backend_valid-active_r30_audit-off_20260820T020538Z,obs_1937e6c36cb64741988e6071f3d8115e,2026-08-20T02:06:41.488871+00:00,x509,valid_active,13,1,UAV-VALID,ACCEPTED,ACCEPTED,True,2759900,2.7599,59800,123100,2075500,0,321400,8100,0,0,,,,none,x509-valid_active_0,0,False,239,8,
n50-identities_c1-conc_mech-x509-1backend_valid-active_r30_audit-off_20260820T020538Z,obs_600a487af5594bf2b48e0c8e93deed10,2026-08-20T02:06:41.493523+00:00,x509,valid_active,14,1,UAV-VALID,ACCEPTED,ACCEPTED,True,1907000,1.907,54700,99000,1484700,0,194500,6900,0,0,,,,none,x509-valid_active_0,0,False,240,8,
n50-identities_c1-conc_mech-x509-1backend_valid-active_r30_audit-off_20260820T020538Z,obs_9e4e16cf0db443d590f179dcaeed561d,2026-08-20T02:06:41.498610+00:00,x509,valid_active,15,1,UAV-VALID,ACCEPTED,ACCEPTED,True,2172500,2.1725,44300,100800,1756600,0,180300,5500,0,0,,,,none,x509-valid_active_0,0,False,240,8,
n50-identities_c1-conc_mech-x509-1backend_valid-active_r30_audit-off_20260820T020538Z,obs_ea7a1fe69dd544119ffc65dce83be1be,2026-08-20T02:06:41.503723+00:00,x509,valid_active,16,1,UAV-VALID,ACCEPTED,ACCEPTED,True,2733600,2.7336,45700,107100,2191600,0,261700,7800,0,0,,,,none,x509-valid_active_0,0,False,238,8,
n50-identities_c1-conc_mech-x509-1backend_valid-active_r30_audit-off_20260820T020538Z,obs_7ff7e25177ff448184b4b54cf842a5e7,2026-08-20T02:06:41.510260+00:00,x509,valid_active,17,1,UAV-VALID,ACCEPTED,ACCEPTED,True,3517300,3.5173,48900,96600,1426500,0,1769900,18000,0,0,,,,none,x509-valid_active_0,0,False,239,8,
n50-identities_c1-conc_mech-x509-1backend_valid-active_r30_audit-off_20260820T020538Z,obs_4aa001d187564cc7ace8a53a5aa02270,2026-08-20T02:06:41.514823+00:00,x509,valid_active,18,1,UAV-VALID,ACCEPTED,ACCEPTED,True,1930500,1.9305,46800,104300,1440500,0,243100,6600,0,0,,,,none,x509-valid_active_0,0,False,240,8,
n50-identities_c1-conc_mech-x509-1backend_valid-active_r30_audit-off_20260820T020538Z,obs_a1c9cbd936484f94ad09578ec18f955a,2026-08-20T02:06:41.520641+00:00,x509,valid_active,19,1,UAV-VALID,ACCEPTED,ACCEPTED,True,3349800,3.3498,46600,89200,2647800,0,397700,8900,0,0,,,,none,x509-valid_active_0,0,False,239,8,
n50-identities_c1-conc_mech-x509-1backend_valid-active_r30_audit-off_20260820T020538Z,obs_4fd57691ce774c5c99e8014272b5a8c4,2026-08-20T02:06:41.526964+00:00,x509,valid_active,20,1,UAV-VALID,ACCEPTED,ACCEPTED,True,3052700,3.0527,54900,100800,2574500,0,228200,8800,0,0,,,,none,x509-valid_active_0,0,False,239,8,
n50-identities_c1-conc_mech-x509-1backend_valid-active_r30_audit-off_20260820T020538Z,obs_a22e975c08724bc49e8e45befb2f7a12,2026-08-20T02:06:41.532288+00:00,x509,valid_active,21,1,UAV-VALID,ACCEPTED,ACCEPTED,True,2407300,2.4073,63100,115100,1905700,0,222500,7800,0,0,,,,none,x509-valid_active_0,0,False,239,8,
n50-identities_c1-conc_mech-x509-1backend_valid-active_r30_audit-off_20260820T020538Z,obs_4f319033748f452ca666254304c48dc4,2026-08-20T02:06:41.537373+00:00,x509,valid_active,22,1,UAV-VALID,ACCEPTED,ACCEPTED,True,2296000,2.296,58100,107100,1818700,0,214200,6500,0,0,,,,none,x509-valid_active_0,0,False,239,8,
n50-identities_c1-conc_mech-x509-1backend_valid-active_r30_audit-off_20260820T020538Z,obs_7c8de7df4778485bb982453f9d15d30e,2026-08-20T02:06:41.541973+00:00,x509,valid_active,23,1,UAV-VALID,ACCEPTED,ACCEPTED,True,2072400,2.0724,53300,109500,1595500,0,232500,8100,0,0,,,,none,x509-valid_active_0,0,False,239,8,
n50-identities_c1-conc_mech-x509-1backend_valid-active_r30_audit-off_20260820T020538Z,obs_e4ffd0e3f4784999b531b04bd880d4a4,2026-08-20T02:06:41.546641+00:00,x509,valid_active,24,1,UAV-VALID,ACCEPTED,ACCEPTED,True,2205900,2.2059,51700,138700,1721800,0,201200,7000,0,0,,,,none,x509-valid_active_0,0,False,239,8,
n50-identities_c1-conc_mech-x509-1backend_valid-active_r30_audit-off_20260820T020538Z,obs_4f24cd9265ab43d2a3743192b906798c,2026-08-20T02:06:41.551737+00:00,x509,valid_active,25,1,UAV-VALID,ACCEPTED,ACCEPTED,True,2354800,2.3548,49100,99400,1843200,0,246300,9700,0,0,,,,none,x509-valid_active_0,0,False,238,8,
n50-identities_c1-conc_mech-x509-1backend_valid-active_r30_audit-off_20260820T020538Z,obs_82acdec9baee4cdb97cf8bad6543fa30,2026-08-20T02:06:41.556020+00:00,x509,valid_active,26,1,UAV-VALID,ACCEPTED,ACCEPTED,True,1890100,1.8901,45300,111300,1476300,0,181200,6600,0,0,,,,none,x509-valid_active_0,0,False,239,8,
n50-identities_c1-conc_mech-x509-1backend_valid-active_r30_audit-off_20260820T020538Z,obs_d2e863a4eaaf4c5fb8d82c7a778d9c5a,2026-08-20T02:06:41.560423+00:00,x509,valid_active,27,1,UAV-VALID,ACCEPTED,ACCEPTED,True,1990800,1.9908,57800,103000,1557800,0,207100,7000,0,0,,,,none,x509-valid_active_0,0,False,239,8,
n50-identities_c1-conc_mech-x509-1backend_valid-active_r30_audit-off_20260820T020538Z,obs_2bc1a088e0394efb9317b50a18b1d5f7,2026-08-20T02:06:41.564721+00:00,x509,valid_active,28,1,UAV-VALID,ACCEPTED,ACCEPTED,True,1972000,1.972,49400,93700,1523400,0,202300,6900,0,0,,,,none,x509-valid_active_0,0,False,239,8,
n50-identities_c1-conc_mech-x509-1backend_valid-active_r30_audit-off_20260820T020538Z,obs_1113f990ca15438e909c65b3b148b77a,2026-08-20T02:06:41.569007+00:00,x509,valid_active,29,1,UAV-VALID,ACCEPTED,ACCEPTED,True,2026000,2.026,44500,96100,1568900,0,203300,6800,0,0,,,,none,x509-valid_active_0,0,False,238,8,
n50-identities_c10-conc_mech-blockchain-1backend_valid-active_r30_audit-off_20260820T020659Z,obs_f48c1fcf03da45518e80fb6c7f7e3f60,2026-08-20T02:07:01.197967+00:00,blockchain,valid_active,0,10,UAV-VALID,ACCEPTED,INVALID_SIGNATURE,False,152577500,152.5775,60000,152103600,0,5200,256800,0,0,0,,,,none,blockchain-valid_active_2,0,False,239,17,
n50-identities_c10-conc_mech-blockchain-1backend_valid-active_r30_audit-off_20260820T020659Z,obs_ba32fb5dba67481fba4e1ae8b5094278,2026-08-20T02:07:01.368703+00:00,blockchain,valid_active,4,10,UAV-VALID,ACCEPTED,INVALID_SIGNATURE,False,158965300,158.9653,64600,158539600,0,4600,261500,0,0,0,,,,none,blockchain-valid_active_2,0,False,240,17,
n50-identities_c10-conc_mech-blockchain-1backend_valid-active_r30_audit-off_20260820T020659Z,obs_90a46e648e6447e486d2a6a09ec5ee34,2026-08-20T02:07:01.199791+00:00,blockchain,valid_active,0,10,UAV-VALID,ACCEPTED,INVALID_SIGNATURE,False,189419900,189.4199,87000,188934800,0,4400,301400,0,0,0,,,,none,blockchain-valid_active_0,0,True,240,17,
n50-identities_c10-conc_mech-blockchain-1backend_valid-active_r30_audit-off_20260820T020659Z,obs_6f3ba14bb85c42ba846e1f2cd4076794,2026-08-20T02:07:01.349872+00:00,blockchain,valid_active,2,10,UAV-VALID,ACCEPTED,INVALID_SIGNATURE,False,260477400,260.4774,53600,260094200,0,4200,240000,0,0,0,,,,none,blockchain-valid_active_4,0,False,240,17,
n50-identities_c10-conc_mech-blockchain-1backend_valid-active_r30_audit-off_20260820T020659Z,obs_92ea032bb7694129a151cd27845d97e8,2026-08-20T02:07:01.347899+00:00,blockchain,valid_active,1,10,UAV-VALID,ACCEPTED,INVALID_SIGNATURE,False,276228300,276.2283,52700,275836000,0,4700,238100,0,0,0,,,,none,blockchain-valid_active_3,0,False,239,17,
n50-identities_c10-conc_mech-blockchain-1backend_valid-active_r30_audit-off_20260820T020659Z,obs_0f2d53b3f3db4d2580771ca42c270c7a,2026-08-20T02:07:01.340045+00:00,blockchain,valid_active,3,10,UAV-VALID,ACCEPTED,INVALID_SIGNATURE,False,176437600,176.4376,56100,175952100,0,4700,305800,0,0,0,,,,none,blockchain-valid_active_5,0,False,238,17,
n50-identities_c10-conc_mech-blockchain-1backend_valid-active_r30_audit-off_20260820T020659Z,obs_2443c88fd95140aea1399085f618dab0,2026-08-20T02:07:01.202000+00:00,blockchain,valid_active,1,10,UAV-VALID,ACCEPTED,INVALID_SIGNATURE,False,176887900,176.8879,56500,176507500,0,4600,236200,0,0,0,,,,none,blockchain-valid_active_1,0,True,239,17,
n50-identities_c10-conc_mech-blockchain-1backend_valid-active_r30_audit-off_20260820T020659Z,obs_0cd51ebd7dce4bf98d1864af0e934787,2026-08-20T02:07:01.385272+00:00,blockchain,valid_active,7,10,UAV-VALID,ACCEPTED,INVALID_SIGNATURE,False,91218400,91.2184,41100,90745800,0,5200,298100,0,0,0,,,,none,blockchain-valid_active_6,0,False,240,17,
n50-identities_c10-conc_mech-blockchain-1backend_valid-active_r30_audit-off_20260820T020659Z,obs_57403baba7554585ba7ce3f78c4af9da,2026-08-20T02:07:01.387661+00:00,blockchain,valid_active,5,10,UAV-VALID,ACCEPTED,INVALID_SIGNATURE,False,94758300,94.7583,50600,94346600,0,4500,258700,0,0,0,,,,none,blockchain-valid_active_0,0,False,238,17,
n50-identities_c10-conc_mech-blockchain-1backend_valid-active_r30_audit-off_20260820T020659Z,obs_4724d5570b324fcdad5e175edde00dae,2026-08-20T02:07:01.390758+00:00,blockchain,valid_active,6,10,UAV-VALID,ACCEPTED,INVALID_SIGNATURE,False,84698200,84.6982,45800,84234000,0,4900,285300,0,0,0,,,,none,blockchain-valid_active_1,0,False,238,17,
n50-identities_c10-conc_mech-blockchain-1backend_valid-active_r30_audit-off_20260820T020659Z,obs_a2e87ce8a31e477cbc3d0be9202e0214,2026-08-20T02:07:01.476005+00:00,blockchain,valid_active,9,10,UAV-VALID,ACCEPTED,INVALID_SIGNATURE,False,119833700,119.8337,67900,119367100,0,5400,289000,0,0,0,,,,none,blockchain-valid_active_5,0,False,240,17,
n50-identities_c10-conc_mech-blockchain-1backend_valid-active_r30_audit-off_20260820T020659Z,obs_489b756b2482473888ae3db494998d5b,2026-08-20T02:07:01.492879+00:00,blockchain,valid_active,11,10,UAV-VALID,ACCEPTED,INVALID_SIGNATURE,False,113160400,113.1604,61000,112687500,0,4200,313100,0,0,0,,,,none,blockchain-valid_active_4,0,False,240,17,
n50-identities_c10-conc_mech-blockchain-1backend_valid-active_r30_audit-off_20260820T020659Z,obs_62c75c8cc4c84a25b2c9d36f7485707f,2026-08-20T02:07:01.497015+00:00,blockchain,valid_active,8,10,UAV-VALID,ACCEPTED,INVALID_SIGNATURE,False,170019400,170.0194,75800,169621500,0,4700,247700,0,0,0,,,,none,blockchain-valid_active_7,0,False,239,17,
n50-identities_c10-conc_mech-blockchain-1backend_valid-active_r30_audit-off_20260820T020659Z,obs_43f58e2a82234f12bc18f888b50002f8,2026-08-20T02:07:01.588158+00:00,blockchain,valid_active,12,10,UAV-VALID,ACCEPTED,INVALID_SIGNATURE,False,158947400,158.9474,57300,158506400,0,5200,277800,0,0,0,,,,none,blockchain-valid_active_8,0,False,239,17,
n50-identities_c10-conc_mech-blockchain-1backend_valid-active_r30_audit-off_20260820T020659Z,obs_e54a4b26db3044b49be5e5501b7be054,2026-08-20T02:07:01.592359+00:00,blockchain,valid_active,17,10,UAV-VALID,ACCEPTED,INVALID_SIGNATURE,False,183704700,183.7047,60000,183254100,0,4200,277800,0,0,0,,,,none,blockchain-valid_active_1,0,False,238,17,
n50-identities_c10-conc_mech-blockchain-1backend_valid-active_r30_audit-off_20260820T020659Z,obs_1275fad7a3af4f0b92109773ef7b8657,2026-08-20T02:07:01.595502+00:00,blockchain,valid_active,13,10,UAV-VALID,ACCEPTED,INVALID_SIGNATURE,False,189763400,189.7634,54400,189317900,0,5900,276200,0,0,0,,,,none,blockchain-valid_active_2,0,False,238,17,
n50-identities_c10-conc_mech-blockchain-1backend_valid-active_r30_audit-off_20260820T020659Z,obs_4269ec792583464e8244ec64f31e4936,2026-08-20T02:07:01.597781+00:00,blockchain,valid_active,16,10,UAV-VALID,ACCEPTED,INVALID_SIGNATURE,False,187443800,187.4438,66900,186910600,0,6500,311700,0,0,0,,,,none,blockchain-valid_active_0,0,False,239,17,
n50-identities_c10-conc_mech-blockchain-1backend_valid-active_r30_audit-off_20260820T020659Z,obs_71311212aeb642899308057150560076,2026-08-20T02:07:01.602184+00:00,blockchain,valid_active,10,10,UAV-VALID,ACCEPTED,INVALID_SIGNATURE,False,220808800,220.8088,54600,220302700,0,4900,326600,0,0,0,,,,none,blockchain-valid_active_3,0,False,239,17,
n50-identities_c10-conc_mech-blockchain-1backend_valid-active_r30_audit-off_20260820T020659Z,obs_6681de72c74e434ba13a2f3699f8b26d,2026-08-20T02:07:01.608838+00:00,blockchain,valid_active,15,10,UAV-VALID,ACCEPTED,INVALID_SIGNATURE,False,196742800,196.7428,50300,196292300,0,7400,268200,0,0,0,,,,none,blockchain-valid_active_6,0,False,239,17,
n50-identities_c10-conc_mech-blockchain-1backend_valid-active_r30_audit-off_20260820T020659Z,obs_c45d2025e8014763b0f0d515634f8229,2026-08-20T02:07:01.641972+00:00,blockchain,valid_active,14,10,UAV-VALID,ACCEPTED,INVALID_SIGNATURE,False,190780300,190.7803,56100,190315700,0,4700,313400,0,0,0,,,,none,blockchain-valid_active_9,0,False,239,17,
n50-identities_c10-conc_mech-blockchain-1backend_valid-active_r30_audit-off_20260820T020659Z,obs_76e5def057ec44cbbd010709f8028dc1,2026-08-20T02:07:01.684200+00:00,blockchain,valid_active,18,10,UAV-VALID,ACCEPTED,INVALID_SIGNATURE,False,204389600,204.3896,61900,203947900,0,4800,278600,0,0,0,,,,none,blockchain-valid_active_5,0,False,239,17,
n50-identities_c10-conc_mech-blockchain-1backend_valid-active_r30_audit-off_20260820T020659Z,obs_d07d96727ae54b88be516521de4796b6,2026-08-20T02:07:01.687774+00:00,blockchain,valid_active,19,10,UAV-VALID,ACCEPTED,INVALID_SIGNATURE,False,180918300,180.9183,74600,180483300,0,4600,261100,0,0,0,,,,none,blockchain-valid_active_4,0,False,239,17,
n50-identities_c10-conc_mech-blockchain-1backend_valid-active_r30_audit-off_20260820T020659Z,obs_9c1ae026d08444d0aeadbc9d15eea115,2026-08-20T02:07:01.714570+00:00,blockchain,valid_active,20,10,UAV-VALID,ACCEPTED,INVALID_SIGNATURE,False,206167600,206.1676,57900,205736000,0,4400,265200,0,0,0,,,,none,blockchain-valid_active_7,0,False,240,17,
n50-identities_c10-conc_mech-blockchain-1backend_valid-active_r30_audit-off_20260820T020659Z,obs_808127c5d38940ceaa249b3239192799,2026-08-20T02:07:01.743355+00:00,blockchain,valid_active,21,10,UAV-VALID,ACCEPTED,INVALID_SIGNATURE,False,117292100,117.2921,45500,116895100,0,4200,250900,0,0,0,,,,none,blockchain-valid_active_8,0,False,239,17,
n50-identities_c10-conc_mech-blockchain-1backend_valid-active_r30_audit-off_20260820T020659Z,obs_2650fd6d03544de2882b07b3fe67a331,2026-08-20T02:07:01.749878+00:00,blockchain,valid_active,22,10,UAV-VALID,ACCEPTED,INVALID_SIGNATURE,False,125519800,125.5198,54000,125004000,0,5000,331500,0,0,0,,,,none,blockchain-valid_active_1,0,False,239,17,
n50-identities_c10-conc_mech-blockchain-1backend_valid-active_r30_audit-off_20260820T020659Z,obs_8fd1c94bff71409999e69cd01e5d0337,2026-08-20T02:07:01.761666+00:00,blockchain,valid_active,24,10,UAV-VALID,ACCEPTED,INVALID_SIGNATURE,False,128046100,128.0461,57000,127609700,0,4500,262900,0,0,0,,,,none,blockchain-valid_active_0,0,False,240,17,
n50-identities_c10-conc_mech-blockchain-1backend_valid-active_r30_audit-off_20260820T020659Z,obs_581687c6c89c443986804381e8f93715,2026-08-20T02:07:01.766819+00:00,blockchain,valid_active,23,10,UAV-VALID,ACCEPTED,INVALID_SIGNATURE,False,135709600,135.7096,62300,135255500,0,5900,271700,0,0,0,,,,none,blockchain-valid_active_2,0,False,239,17,
n50-identities_c10-conc_mech-blockchain-1backend_valid-active_r30_audit-off_20260820T020659Z,obs_01326ae7694f488bace67b8c3886567f,2026-08-20T02:07:01.771607+00:00,blockchain,valid_active,25,10,UAV-VALID,ACCEPTED,INVALID_SIGNATURE,False,133140900,133.1409,57600,132647400,0,5500,291200,0,0,0,,,,none,blockchain-valid_active_3,0,False,239,17,
n50-identities_c10-conc_mech-blockchain-1backend_valid-active_r30_audit-off_20260820T020659Z,obs_d3201763a14848c59981ba43c1e9cefa,2026-08-20T02:07:01.783065+00:00,blockchain,valid_active,27,10,UAV-VALID,ACCEPTED,INVALID_SIGNATURE,False,88960900,88.9609,49900,88516400,0,5200,269300,0,0,0,,,,none,blockchain-valid_active_9,0,False,240,17,
n50-identities_c10-conc_mech-blockchain-1backend_valid-active_r30_audit-off_20260820T020659Z,obs_8b1906dc67f14280b955c3350c164adc,2026-08-20T02:07:01.786601+00:00,blockchain,valid_active,28,10,UAV-VALID,ACCEPTED,INVALID_SIGNATURE,False,64445000,64.445,46300,64016600,0,4700,255500,0,0,0,,,,none,blockchain-valid_active_5,0,False,240,17,
n50-identities_c10-conc_mech-blockchain-1backend_valid-active_r30_audit-off_20260820T020659Z,obs_eec4254baee04d0684ac1dab35a2df6b,2026-08-20T02:07:01.789569+00:00,blockchain,valid_active,26,10,UAV-VALID,ACCEPTED,INVALID_SIGNATURE,False,117028700,117.0287,72200,116564000,0,4500,276100,0,0,0,,,,none,blockchain-valid_active_6,0,False,239,17,
n50-identities_c10-conc_mech-blockchain-1backend_valid-active_r30_audit-off_20260820T020659Z,obs_869c91c3290c4c18a211d8e2110fc447,2026-08-20T02:07:01.800043+00:00,blockchain,valid_active,29,10,UAV-VALID,ACCEPTED,INVALID_SIGNATURE,False,70764300,70.7643,62900,70301900,0,4900,284800,0,0,0,,,,none,blockchain-valid_active_4,0,False,239,17,
n50-identities_c10-conc_mech-x509-1backend_valid-active_r30_audit-off_20260820T020654Z,obs_6a27bfd7631442bab2c73b41643a92ed,2026-08-20T02:06:57.080505+00:00,x509,valid_active,1,10,UAV-VALID,ACCEPTED,ACCEPTED,True,13932300,13.9323,57800,147600,13285800,0,293600,9300,0,0,,,,none,x509-valid_active_1,0,True,240,8,
n50-identities_c10-conc_mech-x509-1backend_valid-active_r30_audit-off_20260820T020654Z,obs_9e0778f05ca94991b8e1a144b6764c46,2026-08-20T02:06:57.087850+00:00,x509,valid_active,0,10,UAV-VALID,ACCEPTED,ACCEPTED,True,15516100,15.5161,44200,129300,14984300,0,252000,7200,0,0,,,,none,x509-valid_active_2,0,False,238,8,
n50-identities_c10-conc_mech-x509-1backend_valid-active_r30_audit-off_20260820T020654Z,obs_e7578a85e9bf4c41966f38e941e417df,2026-08-20T02:06:57.070763+00:00,x509,valid_active,0,10,UAV-VALID,ACCEPTED,ACCEPTED,True,7161300,7.1613,56300,157800,6626200,0,214900,7200,0,0,,,,none,x509-valid_active_0,0,True,239,8,
n50-identities_c10-conc_mech-x509-1backend_valid-active_r30_audit-off_20260820T020654Z,obs_2bf1b343f16843a68c247cd3f4fe0876,2026-08-20T02:06:57.101912+00:00,x509,valid_active,1,10,UAV-VALID,ACCEPTED,ACCEPTED,True,15565200,15.5652,61600,152200,14902700,0,282700,8200,0,0,,,,none,x509-valid_active_3,0,False,240,8,
n50-identities_c10-conc_mech-x509-1backend_valid-active_r30_audit-off_20260820T020654Z,obs_8e9ec63d6074469cb751a2b83eccd7f8,2026-08-20T02:06:57.105044+00:00,x509,valid_active,2,10,UAV-VALID,ACCEPTED,ACCEPTED,True,12081300,12.0813,58600,102800,11587600,0,221300,7400,0,0,,,,none,x509-valid_active_0,0,False,239,8,
n50-identities_c10-conc_mech-x509-1backend_valid-active_r30_audit-off_20260820T020654Z,obs_e3f6d001bd494d4ab673e10a0534cf15,2026-08-20T02:06:57.106905+00:00,x509,valid_active,3,10,UAV-VALID,ACCEPTED,ACCEPTED,True,12223300,12.2233,60500,128200,11688100,0,252800,6600,0,0,,,,none,x509-valid_active_4,0,False,240,8,
n50-identities_c10-conc_mech-x509-1backend_valid-active_r30_audit-off_20260820T020654Z,obs_da170f2a14794a55a772c5b83a37df03,2026-08-20T02:06:57.120891+00:00,x509,valid_active,7,10,UAV-VALID,ACCEPTED,ACCEPTED,True,11138500,11.1385,42800,150100,10622000,0,212400,6200,0,0,,,,none,x509-valid_active_7,0,False,238,8,
n50-identities_c10-conc_mech-x509-1backend_valid-active_r30_audit-off_20260820T020654Z,obs_3cb18ff2485b467680fa7bc370605c48,2026-08-20T02:06:57.131385+00:00,x509,valid_active,4,10,UAV-VALID,ACCEPTED,ACCEPTED,True,20882500,20.8825,106300,78700,20350200,0,237300,7400,0,0,,,,none,x509-valid_active_5,0,False,240,8,
n50-identities_c10-conc_mech-x509-1backend_valid-active_r30_audit-off_20260820T020654Z,obs_c65636c5f2484ca6af4ee2216c34c03d,2026-08-20T02:06:57.132059+00:00,x509,valid_active,6,10,UAV-VALID,ACCEPTED,ACCEPTED,True,19223600,19.2236,47700,118000,18766200,0,201400,6000,0,0,,,,none,x509-valid_active_6,0,False,238,8,
n50-identities_c10-conc_mech-x509-1backend_valid-active_r30_audit-off_20260820T020654Z,obs_dd09f3d0470f4fd886a5418e24849e17,2026-08-20T02:06:57.133151+00:00,x509,valid_active,5,10,UAV-VALID,ACCEPTED,ACCEPTED,True,22119000,22.119,49800,68500,21691000,0,222200,4900,0,0,,,,none,x509-valid_active_1,0,False,239,8,
n50-identities_c10-conc_mech-x509-1backend_valid-active_r30_audit-off_20260820T020654Z,obs_9635013fb6ce483aa5045820e62fcda6,2026-08-20T02:06:57.133858+00:00,x509,valid_active,9,10,UAV-VALID,ACCEPTED,ACCEPTED,True,16348600,16.3486,36400,143700,15836000,0,212100,5200,0,0,,,,none,x509-valid_active_8,0,False,238,8,
n50-identities_c10-conc_mech-x509-1backend_valid-active_r30_audit-off_20260820T020654Z,obs_a6ca462517e14f3a9015b2db20236c79,2026-08-20T02:06:57.138329+00:00,x509,valid_active,12,10,UAV-VALID,ACCEPTED,ACCEPTED,True,13268900,13.2689,39300,101700,12716600,0,247400,7000,0,0,,,,none,x509-valid_active_0,0,False,240,8,
n50-identities_c10-conc_mech-x509-1backend_valid-active_r30_audit-off_20260820T020654Z,obs_9916041c26ac4e7aaf6a98e3d1884fb8,2026-08-20T02:06:57.141514+00:00,x509,valid_active,8,10,UAV-VALID,ACCEPTED,ACCEPTED,True,25370100,25.3701,43000,115700,24841600,0,218500,6300,0,0,,,,none,x509-valid_active_2,0,False,239,8,
n50-identities_c10-conc_mech-x509-1backend_valid-active_r30_audit-off_20260820T020654Z,obs_8c15bd581015401f9b8829a29f856ea2,2026-08-20T02:06:57.144651+00:00,x509,valid_active,11,10,UAV-VALID,ACCEPTED,ACCEPTED,True,20247200,20.2472,50300,94000,19819100,0,203000,6800,0,0,,,,none,x509-valid_active_3,0,False,240,8,
n50-identities_c10-conc_mech-x509-1backend_valid-active_r30_audit-off_20260820T020654Z,obs_3dbfe8aa2eed4acc8698578c477122fd,2026-08-20T02:06:57.145630+00:00,x509,valid_active,10,10,UAV-VALID,ACCEPTED,ACCEPTED,True,18622700,18.6227,45500,112100,18163300,0,208500,6300,0,0,,,,none,x509-valid_active_9,0,False,239,8,
n50-identities_c10-conc_mech-x509-1backend_valid-active_r30_audit-off_20260820T020654Z,obs_5ee6d3169f904c4f988ffef41d304a95,2026-08-20T02:06:57.148759+00:00,x509,valid_active,13,10,UAV-VALID,ACCEPTED,ACCEPTED,True,19781800,19.7818,30700,132800,19211400,0,252300,8000,0,0,,,,none,x509-valid_active_4,0,False,239,8,
n50-identities_c10-conc_mech-x509-1backend_valid-active_r30_audit-off_20260820T020654Z,obs_dc64da30e103494faf3ab51fe6cbc53f,2026-08-20T02:06:57.160240+00:00,x509,valid_active,18,10,UAV-VALID,ACCEPTED,ACCEPTED,True,8508600,8.5086,112000,123200,8009100,0,231200,6200,0,0,,,,none,x509-valid_active_8,0,False,239,8,
n50-identities_c10-conc_mech-x509-1backend_valid-active_r30_audit-off_20260820T020654Z,obs_b44cea11bf2540769d87d216ff6efd3c,2026-08-20T02:06:57.160724+00:00,x509,valid_active,14,10,UAV-VALID,ACCEPTED,ACCEPTED,True,17031800,17.0318,47800,84100,16649900,0,179000,5200,0,0,,,,none,x509-valid_active_7,0,False,238,8,
n50-identities_c10-conc_mech-x509-1backend_valid-active_r30_audit-off_20260820T020654Z,obs_218fffc9e53c4adab240498855e032bc,2026-08-20T02:06:57.171736+00:00,x509,valid_active,19,10,UAV-VALID,ACCEPTED,ACCEPTED,True,14777900,14.7779,42100,115000,14337300,0,184300,5800,0,0,,,,none,x509-valid_active_0,0,False,239,8,
n50-identities_c10-conc_mech-x509-1backend_valid-active_r30_audit-off_20260820T020654Z,obs_606801c45045448eba1cdbe77e77f600,2026-08-20T02:06:57.179311+00:00,x509,valid_active,22,10,UAV-VALID,ACCEPTED,ACCEPTED,True,17527300,17.5273,35500,86300,17016900,0,255900,9500,0,0,,,,none,x509-valid_active_9,0,False,239,8,
n50-identities_c10-conc_mech-x509-1backend_valid-active_r30_audit-off_20260820T020654Z,obs_fc9152f46d8e42beb4ac20d072f40bd6,2026-08-20T02:06:57.179855+00:00,x509,valid_active,21,10,UAV-VALID,ACCEPTED,ACCEPTED,True,15464000,15.464,42300,100200,15056400,0,173700,4700,0,0,,,,none,x509-valid_active_3,0,False,239,8,
n50-identities_c10-conc_mech-x509-1backend_valid-active_r30_audit-off_20260820T020654Z,obs_0513b59d79844fef967e416a30356d81,2026-08-20T02:06:57.180347+00:00,x509,valid_active,17,10,UAV-VALID,ACCEPTED,ACCEPTED,True,14212400,14.2124,52500,140700,13671700,0,183000,3600,0,0,,,,none,x509-valid_active_1,0,False,240,8,
n50-identities_c10-conc_mech-x509-1backend_valid-active_r30_audit-off_20260820T020654Z,obs_1e2c0efbbe28492f97d3fa2fe7d68188,2026-08-20T02:06:57.185695+00:00,x509,valid_active,23,10,UAV-VALID,ACCEPTED,ACCEPTED,True,15339900,15.3399,51900,90200,14673800,0,273100,8500,0,0,,,,none,x509-valid_active_4,0,False,238,8,
n50-identities_c10-conc_mech-x509-1backend_valid-active_r30_audit-off_20260820T020654Z,obs_cfb7266372314b2eac52445ffb023023,2026-08-20T02:06:57.188178+00:00,x509,valid_active,15,10,UAV-VALID,ACCEPTED,ACCEPTED,True,24639800,24.6398,53100,111200,24147600,0,228000,8100,0,0,,,,none,x509-valid_active_5,0,False,239,8,
n50-identities_c10-conc_mech-x509-1backend_valid-active_r30_audit-off_20260820T020654Z,obs_2eb83ad9c343415eacd1eb18596a62c7,2026-08-20T02:06:57.189077+00:00,x509,valid_active,25,10,UAV-VALID,ACCEPTED,ACCEPTED,True,13548500,13.5485,41500,84300,13072400,0,238200,6300,0,0,,,,none,x509-valid_active_7,0,False,238,8,
n50-identities_c10-conc_mech-x509-1backend_valid-active_r30_audit-off_20260820T020654Z,obs_d0b73e442b7f49d787592fcfd877feef,2026-08-20T02:06:57.196240+00:00,x509,valid_active,16,10,UAV-VALID,ACCEPTED,ACCEPTED,True,24162700,24.1627,32900,85300,23273500,0,589800,23200,0,0,,,,none,x509-valid_active_6,0,False,240,8,
n50-identities_c10-conc_mech-x509-1backend_valid-active_r30_audit-off_20260820T020654Z,obs_cde115ce98484a84a6dd2ee5dc348c86,2026-08-20T02:06:57.199358+00:00,x509,valid_active,20,10,UAV-VALID,ACCEPTED,ACCEPTED,True,28379000,28.379,55000,84600,27908100,0,230300,7600,0,0,,,,none,x509-valid_active_2,0,False,238,8,
n50-identities_c10-conc_mech-x509-1backend_valid-active_r30_audit-off_20260820T020654Z,obs_33e197900b434d2a92be38a58bfeea57,2026-08-20T02:06:57.200426+00:00,x509,valid_active,24,10,UAV-VALID,ACCEPTED,ACCEPTED,True,19743100,19.7431,56600,94300,19218400,0,251900,7200,0,0,,,,none,x509-valid_active_8,0,False,239,8,
n50-identities_c10-conc_mech-x509-1backend_valid-active_r30_audit-off_20260820T020654Z,obs_ad6f4f2f4146412da9064133ae598790,2026-08-20T02:06:57.202077+00:00,x509,valid_active,26,10,UAV-VALID,ACCEPTED,ACCEPTED,True,9025400,9.0254,57200,96300,8509000,0,270700,7900,0,0,,,,none,x509-valid_active_0,0,False,238,8,
n50-identities_c10-conc_mech-x509-1backend_valid-active_r30_audit-off_20260820T020654Z,obs_6abd59cef14f492582e80b7f5910d1dd,2026-08-20T02:06:57.205951+00:00,x509,valid_active,28,10,UAV-VALID,ACCEPTED,ACCEPTED,True,5088000,5.088,50100,278900,4487800,0,185100,6400,0,0,,,,none,x509-valid_active_3,0,False,239,8,
n50-identities_c10-conc_mech-x509-1backend_valid-active_r30_audit-off_20260820T020654Z,obs_e48825b9ba024000b9ce71a7c1741a86,2026-08-20T02:06:57.208884+00:00,x509,valid_active,29,10,UAV-VALID,ACCEPTED,ACCEPTED,True,3687600,3.6876,51300,89100,3203500,0,248300,6900,0,0,,,,none,x509-valid_active_1,0,False,239,8,
n50-identities_c10-conc_mech-x509-1backend_valid-active_r30_audit-off_20260820T020654Z,obs_53bdcced599a4555bdce1b0c62062ba2,2026-08-20T02:06:57.210614+00:00,x509,valid_active,27,10,UAV-VALID,ACCEPTED,ACCEPTED,True,3014100,3.0141,39300,84500,2551000,0,234800,7200,0,0,,,,none,x509-valid_active_9,0,False,238,8,
n50-identities_c25-conc_mech-blockchain-1backend_valid-active_r30_audit-off_20260820T020706Z,obs_07d21e824cb445baa599c7af6ed18ed0,2026-08-20T02:07:08.964964+00:00,blockchain,valid_active,0,25,UAV-VALID,ACCEPTED,INVALID_SIGNATURE,False,109777300,109.7773,46600,109273300,0,6400,288900,0,0,0,,,,none,blockchain-valid_active_2,0,False,238,17,
n50-identities_c25-conc_mech-blockchain-1backend_valid-active_r30_audit-off_20260820T020706Z,obs_7e006047b0d94e6393c6ca64ef235733,2026-08-20T02:07:09.100489+00:00,blockchain,valid_active,0,25,UAV-VALID,ACCEPTED,INVALID_SIGNATURE,False,256957200,256.9572,56600,256541800,0,4500,258900,0,0,0,,,,none,blockchain-valid_active_0,0,True,239,17,
n50-identities_c25-conc_mech-blockchain-1backend_valid-active_r30_audit-off_20260820T020706Z,obs_d004df6dd9694491979575db40b052ea,2026-08-20T02:07:08.986143+00:00,blockchain,valid_active,1,25,UAV-VALID,ACCEPTED,INVALID_SIGNATURE,False,139064800,139.0648,47200,138669400,0,4900,253800,0,0,0,,,,none,blockchain-valid_active_1,0,True,239,17,
n50-identities_c25-conc_mech-blockchain-1backend_valid-active_r30_audit-off_20260820T020706Z,obs_8dce9a917aa84e5d8e39edb0cd949d93,2026-08-20T02:07:09.138673+00:00,blockchain,valid_active,3,25,UAV-VALID,ACCEPTED,INVALID_SIGNATURE,False,254665700,254.6657,50600,254180500,0,5200,311300,0,0,0,,,,none,blockchain-valid_active_5,0,False,238,17,
n50-identities_c25-conc_mech-blockchain-1backend_valid-active_r30_audit-off_20260820T020706Z,obs_6873b809b95144d0b47c4e9f5605a0d4,2026-08-20T02:07:09.154338+00:00,blockchain,valid_active,4,25,UAV-VALID,ACCEPTED,INVALID_SIGNATURE,False,267714500,267.7145,65400,267226900,0,6200,294200,0,0,0,,,,none,blockchain-valid_active_6,0,False,239,17,
n50-identities_c25-conc_mech-blockchain-1backend_valid-active_r30_audit-off_20260820T020706Z,obs_cf41308ed5d14f7980581610d30a680c,2026-08-20T02:07:09.166284+00:00,blockchain,valid_active,1,25,UAV-VALID,ACCEPTED,INVALID_SIGNATURE,False,303269200,303.2692,33100,302844500,0,4600,271400,0,0,0,,,,none,blockchain-valid_active_3,0,False,240,17,
n50-identities_c25-conc_mech-blockchain-1backend_valid-active_r30_audit-off_20260820T020706Z,obs_ca76fbf188e04ad295762a881d5ab4db,2026-08-20T02:07:09.176964+00:00,blockchain,valid_active,7,25,UAV-VALID,ACCEPTED,INVALID_SIGNATURE,False,243505200,243.5052,51500,243011300,0,4700,326500,0,0,0,,,,none,blockchain-valid_active_9,0,False,239,17,
n50-identities_c25-conc_mech-blockchain-1backend_valid-active_r30_audit-off_20260820T020706Z,obs_bd51190c7751414ab917cb52769e410d,2026-08-20T02:07:09.187285+00:00,blockchain,valid_active,2,25,UAV-VALID,ACCEPTED,INVALID_SIGNATURE,False,313755400,313.7554,53100,313370200,0,4400,234500,0,0,0,,,,none,blockchain-valid_active_4,0,False,239,17,
n50-identities_c25-conc_mech-blockchain-1backend_valid-active_r30_audit-off_20260820T020706Z,obs_85c06da7ed15408e893c831fb87000fd,2026-08-20T02:07:09.190293+00:00,blockchain,valid_active,8,25,UAV-VALID,ACCEPTED,INVALID_SIGNATURE,False,267934400,267.9344,61400,267510900,0,4700,264300,0,0,0,,,,none,blockchain-valid_active_10,0,False,240,17,
n50-identities_c25-conc_mech-blockchain-1backend_valid-active_r30_audit-off_20260820T020706Z,obs_51945dd4803b496fa5fd24db6f8335fb,2026-08-20T02:07:09.228547+00:00,blockchain,valid_active,12,25,UAV-VALID,ACCEPTED,INVALID_SIGNATURE,False,240318400,240.3184,59800,239880500,0,4500,264900,0,0,0,,,,none,blockchain-valid_active_14,0,False,239,17,
n50-identities_c25-conc_mech-blockchain-1backend_valid-active_r30_audit-off_20260820T020706Z,obs_a90d3cdd74f248c39aa4972250050468,2026-08-20T02:07:09.271291+00:00,blockchain,valid_active,11,25,UAV-VALID,ACCEPTED,INVALID_SIGNATURE,False,315048800,315.0488,56300,314608100,0,4600,261400,0,0,0,,,,none,blockchain-valid_active_13,0,False,239,17,
n50-identities_c25-conc_mech-blockchain-1backend_valid-active_r30_audit-off_20260820T020706Z,obs_eb8428ef18f64d1c914fd2e8dad4b42b,2026-08-20T02:07:09.278708+00:00,blockchain,valid_active,5,25,UAV-VALID,ACCEPTED,INVALID_SIGNATURE,False,379900700,379.9007,198500,379407300,0,5500,260400,0,0,0,,,,none,blockchain-valid_active_7,0,False,238,17,
n50-identities_c25-conc_mech-blockchain-1backend_valid-active_r30_audit-off_20260820T020706Z,obs_316c473e4649485db88a31f453ee25ea,2026-08-20T02:07:09.286373+00:00,blockchain,valid_active,6,25,UAV-VALID,ACCEPTED,INVALID_SIGNATURE,False,361456900,361.4569,55400,360595700,0,9100,661500,0,0,0,,,,none,blockchain-valid_active_8,0,False,239,17,
n50-identities_c25-conc_mech-blockchain-1backend_valid-active_r30_audit-off_20260820T020706Z,obs_c8e2588fc1f34616a1d83c840113a5c5,2026-08-20T02:07:09.320943+00:00,blockchain,valid_active,9,25,UAV-VALID,ACCEPTED,INVALID_SIGNATURE,False,381910300,381.9103,63600,381494000,0,4800,253000,0,0,0,,,,none,blockchain-valid_active_11,0,False,239,17,
n50-identities_c25-conc_mech-blockchain-1backend_valid-active_r30_audit-off_20260820T020706Z,obs_556146fced604e04aef2c6761594cc2b,2026-08-20T02:07:09.330689+00:00,blockchain,valid_active,15,25,UAV-VALID,ACCEPTED,INVALID_SIGNATURE,False,238048900,238.0489,102800,237592500,0,5200,275800,0,0,0,,,,none,blockchain-valid_active_17,0,False,238,17,
n50-identities_c25-conc_mech-blockchain-1backend_valid-active_r30_audit-off_20260820T020706Z,obs_35df025f07774c9f8bea51df6775a398,2026-08-20T02:07:09.473634+00:00,blockchain,valid_active,16,25,UAV-VALID,ACCEPTED,INVALID_SIGNATURE,False,361404100,361.4041,55100,360874300,0,6500,272700,0,0,0,,,,none,blockchain-valid_active_2,0,False,238,17,
n50-identities_c25-conc_mech-blockchain-1backend_valid-active_r30_audit-off_20260820T020706Z,obs_bcb957c857db46be9aa166a20755b9fa,2026-08-20T02:07:09.477143+00:00,blockchain,valid_active,17,25,UAV-VALID,ACCEPTED,INVALID_SIGNATURE,False,355536300,355.5363,65200,355098700,0,4900,255500,0,0,0,,,,none,blockchain-valid_active_18,0,False,240,17,
n50-identities_c25-conc_mech-blockchain-1backend_valid-active_r30_audit-off_20260820T020706Z,obs_4aaf0151357f44e4a50b1d0b12653c0a,2026-08-20T02:07:09.499938+00:00,blockchain,valid_active,10,25,UAV-VALID,ACCEPTED,INVALID_SIGNATURE,False,503704800,503.7048,69300,503174100,0,6200,332200,0,0,0,,,,none,blockchain-valid_active_12,0,False,239,17,
n50-identities_c25-conc_mech-blockchain-1backend_valid-active_r30_audit-off_20260820T020706Z,obs_22b5fc952ced4bf3b21451af2abfcb0f,2026-08-20T02:07:09.504262+00:00,blockchain,valid_active,21,25,UAV-VALID,ACCEPTED,INVALID_SIGNATURE,False,364118500,364.1185,50100,363686000,0,4900,264800,0,0,0,,,,none,blockchain-valid_active_21,0,False,240,17,
n50-identities_c25-conc_mech-blockchain-1backend_valid-active_r30_audit-off_20260820T020706Z,obs_326e579ed6c44a4f8f1f39bdfa5b8930,2026-08-20T02:07:09.519693+00:00,blockchain,valid_active,18,25,UAV-VALID,ACCEPTED,INVALID_SIGNATURE,False,404792600,404.7926,55600,404322800,0,6000,291200,0,0,0,,,,none,blockchain-valid_active_1,0,False,238,17,
n50-identities_c25-conc_mech-blockchain-1backend_valid-active_r30_audit-off_20260820T020706Z,obs_b7f4437684334971b3692f2f171ad384,2026-08-20T02:07:09.543717+00:00,blockchain,valid_active,13,25,UAV-VALID,ACCEPTED,INVALID_SIGNATURE,False,485336600,485.3366,55600,484798800,0,5600,254200,0,0,0,,,,none,blockchain-valid_active_15,0,False,240,17,
n50-identities_c25-conc_mech-blockchain-1backend_valid-active_r30_audit-off_20260820T020706Z,obs_58f32e1080ec4bbd94ac6b41112ce549,2026-08-20T02:07:09.567041+00:00,blockchain,valid_active,26,25,UAV-VALID,ACCEPTED,INVALID_SIGNATURE,False,311981600,311.9816,52100,311538600,0,4500,267000,0,0,0,,,,none,blockchain-valid_active_5,0,False,239,17,
n50-identities_c25-conc_mech-blockchain-1backend_valid-active_r30_audit-off_20260820T020706Z,obs_267d8666a54c4b47b69aa6c588a02f80,2026-08-20T02:07:09.579900+00:00,blockchain,valid_active,28,25,UAV-VALID,ACCEPTED,INVALID_SIGNATURE,False,354943600,354.9436,73600,354534700,0,4500,255400,0,0,0,,,,none,blockchain-valid_active_3,0,False,239,17,
n50-identities_c25-conc_mech-blockchain-1backend_valid-active_r30_audit-off_20260820T020706Z,obs_1882673d55a9446095a5378759beed39,2026-08-20T02:07:09.583158+00:00,blockchain,valid_active,27,25,UAV-VALID,ACCEPTED,INVALID_SIGNATURE,False,326773000,326.773,45600,326334500,0,4400,272300,0,0,0,,,,none,blockchain-valid_active_6,0,False,239,17,
n50-identities_c25-conc_mech-blockchain-1backend_valid-active_r30_audit-off_20260820T020706Z,obs_ece017d3580146558845ce645ebef353,2026-08-20T02:07:09.597454+00:00,blockchain,valid_active,22,25,UAV-VALID,ACCEPTED,INVALID_SIGNATURE,False,385911200,385.9112,54100,385482200,0,4100,264600,0,0,0,,,,none,blockchain-valid_active_22,0,False,238,17,
n50-identities_c25-conc_mech-blockchain-1backend_valid-active_r30_audit-off_20260820T020706Z,obs_4920ef06e3674af9996c2064496534ce,2026-08-20T02:07:09.599265+00:00,blockchain,valid_active,19,25,UAV-VALID,ACCEPTED,INVALID_SIGNATURE,False,449880900,449.8809,68000,449475900,0,4200,251100,0,0,0,,,,none,blockchain-valid_active_19,0,False,239,17,
n50-identities_c25-conc_mech-blockchain-1backend_valid-active_r30_audit-off_20260820T020706Z,obs_5f70a7daf220466a8d3b2a6b2544490a,2026-08-20T02:07:09.602195+00:00,blockchain,valid_active,29,25,UAV-VALID,ACCEPTED,INVALID_SIGNATURE,False,328089600,328.0896,82300,327617500,0,4300,275200,0,0,0,,,,none,blockchain-valid_active_9,0,False,239,17,
n50-identities_c25-conc_mech-blockchain-1backend_valid-active_r30_audit-off_20260820T020706Z,obs_6861dfdedd944f489149e6dfedbb9b31,2026-08-20T02:07:09.608142+00:00,blockchain,valid_active,14,25,UAV-VALID,ACCEPTED,INVALID_SIGNATURE,False,489145800,489.1458,50000,488706000,0,4800,282000,0,0,0,,,,none,blockchain-valid_active_16,0,False,240,17,
n50-identities_c25-conc_mech-blockchain-1backend_valid-active_r30_audit-off_20260820T020706Z,obs_897106df4def4d1bb0553b08dd659930,2026-08-20T02:07:09.616016+00:00,blockchain,valid_active,20,25,UAV-VALID,ACCEPTED,INVALID_SIGNATURE,False,442504500,442.5045,79800,442064000,0,5200,263000,0,0,0,,,,none,blockchain-valid_active_20,0,False,239,17,
n50-identities_c25-conc_mech-blockchain-1backend_valid-active_r30_audit-off_20260820T020706Z,obs_9a40c5bda89544c8be9dbf81ab7d73f7,2026-08-20T02:07:09.619840+00:00,blockchain,valid_active,23,25,UAV-VALID,ACCEPTED,INVALID_SIGNATURE,False,366144000,366.144,52100,365760700,0,4100,245900,0,0,0,,,,none,blockchain-valid_active_0,0,False,238,17,
n50-identities_c25-conc_mech-blockchain-1backend_valid-active_r30_audit-off_20260820T020706Z,obs_30d92bbe62574e239c821c89f8460a83,2026-08-20T02:07:09.635996+00:00,blockchain,valid_active,24,25,UAV-VALID,ACCEPTED,INVALID_SIGNATURE,False,173623300,173.6233,46900,173168700,0,5200,276700,0,0,0,,,,none,blockchain-valid_active_23,0,False,239,17,
n50-identities_c25-conc_mech-blockchain-1backend_valid-active_r30_audit-off_20260820T020706Z,obs_4d14a50cbb6c4fa6b142119308a91ede,2026-08-20T02:07:09.646726+00:00,blockchain,valid_active,25,25,UAV-VALID,ACCEPTED,INVALID_SIGNATURE,False,329794400,329.7944,60200,329388300,0,3300,244800,0,0,0,,,,none,blockchain-valid_active_24,0,False,240,17,
n50-identities_c25-conc_mech-x509-1backend_valid-active_r30_audit-off_20260820T020702Z,obs_7ed777deded34dd18b868b8cfdacf8ed,2026-08-20T02:07:04.510470+00:00,x509,valid_active,1,25,UAV-VALID,ACCEPTED,ACCEPTED,True,20286500,20.2865,54500,196800,19702400,0,227700,8100,0,0,,,,none,x509-valid_active_3,0,False,239,8,
n50-identities_c25-conc_mech-x509-1backend_valid-active_r30_audit-off_20260820T020702Z,obs_fc3d3ec6fbb64db7acce8e3f1383d234,2026-08-20T02:07:04.481625+00:00,x509,valid_active,0,25,UAV-VALID,ACCEPTED,ACCEPTED,True,5839600,5.8396,46500,115600,5369100,0,209300,6100,0,0,,,,none,x509-valid_active_2,0,False,239,8,
n50-identities_c25-conc_mech-x509-1backend_valid-active_r30_audit-off_20260820T020702Z,obs_eb5e254a82ac464e893c5f5a223a98d5,2026-08-20T02:07:04.534457+00:00,x509,valid_active,3,25,UAV-VALID,ACCEPTED,ACCEPTED,True,32820800,32.8208,49100,180900,32131600,0,295400,13100,0,0,,,,none,x509-valid_active_4,0,False,239,8,
n50-identities_c25-conc_mech-x509-1backend_valid-active_r30_audit-off_20260820T020702Z,obs_8a4355d122a942598fd02d3b1786e365,2026-08-20T02:07:04.558929+00:00,x509,valid_active,20,25,UAV-VALID,ACCEPTED,ACCEPTED,True,10283800,10.2838,73300,145600,9757600,0,224300,6000,0,0,,,,none,x509-valid_active_6,0,False,239,8,
n50-identities_c25-conc_mech-x509-1backend_valid-active_r30_audit-off_20260820T020702Z,obs_31325ee1d2364acc9e4e3ffc4d995b59,2026-08-20T02:07:04.550126+00:00,x509,valid_active,16,25,UAV-VALID,ACCEPTED,ACCEPTED,True,10467900,10.4679,45600,122700,9920300,0,229700,9200,0,0,,,,none,x509-valid_active_1,0,False,239,8,
n50-identities_c25-conc_mech-x509-1backend_valid-active_r30_audit-off_20260820T020702Z,obs_c53507306d7d4c258135a898bb85fce6,2026-08-20T02:07:04.471496+00:00,x509,valid_active,1,25,UAV-VALID,ACCEPTED,ACCEPTED,True,6639100,6.6391,3019400,166000,5960600,0,297300,7200,0,0,,,,none,x509-valid_active_1,0,True,240,8,
n50-identities_c25-conc_mech-x509-1backend_valid-active_r30_audit-off_20260820T020702Z,obs_a0713f982d4c48549c041258127c2aa3,2026-08-20T02:07:04.506691+00:00,x509,valid_active,4,25,UAV-VALID,ACCEPTED,ACCEPTED,True,14750800,14.7508,49600,145300,14203000,0,213900,6400,0,0,,,,none,x509-valid_active_5,0,False,239,8,
n50-identities_c25-conc_mech-x509-1backend_valid-active_r30_audit-off_20260820T020702Z,obs_1162171409e246149f1338561ffd216f,2026-08-20T02:07:04.521807+00:00,x509,valid_active,6,25,UAV-VALID,ACCEPTED,ACCEPTED,True,16066900,16.0669,42000,88600,15301900,0,274700,14500,0,0,,,,none,x509-valid_active_2,0,False,238,8,
n50-identities_c25-conc_mech-x509-1backend_valid-active_r30_audit-off_20260820T020702Z,obs_555e363ab33c4f2e8823b5eb63f890a5,2026-08-20T02:07:04.561627+00:00,x509,valid_active,19,25,UAV-VALID,ACCEPTED,ACCEPTED,True,7811600,7.8116,62500,259900,7113800,0,218400,6900,0,0,,,,none,x509-valid_active_13,0,False,239,8,
n50-identities_c25-conc_mech-x509-1backend_valid-active_r30_audit-off_20260820T020702Z,obs_b2b6a69c31d249a9a80ea99e09305da2,2026-08-20T02:07:04.555107+00:00,x509,valid_active,18,25,UAV-VALID,ACCEPTED,ACCEPTED,True,14530600,14.5306,58400,108100,13968700,0,262200,7900,0,0,,,,none,x509-valid_active_2,0,False,238,8,
n50-identities_c25-conc_mech-x509-1backend_valid-active_r30_audit-off_20260820T020702Z,obs_ffb542b3857e48b694030e6a6eaebda2,2026-08-20T02:07:04.551352+00:00,x509,valid_active,14,25,UAV-VALID,ACCEPTED,ACCEPTED,True,15511800,15.5118,184800,152100,15009300,0,186900,7700,0,0,,,,none,x509-valid_active_5,0,False,239,8,
n50-identities_c25-conc_mech-x509-1backend_valid-active_r30_audit-off_20260820T020702Z,obs_c2b01f1c6f984ffc9c1d897a17674f09,2026-08-20T02:07:04.480738+00:00,x509,valid_active,0,25,UAV-VALID,ACCEPTED,ACCEPTED,True,12450900,12.4509,72600,165300,11883000,0,220500,6500,0,0,,,,none,x509-valid_active_0,0,True,240,8,
n50-identities_c25-conc_mech-x509-1backend_valid-active_r30_audit-off_20260820T020702Z,obs_0fefc67da13c4305860485fa6ee3f56c,2026-08-20T02:07:04.557856+00:00,x509,valid_active,5,25,UAV-VALID,ACCEPTED,ACCEPTED,True,54313200,54.3132,46800,91100,53827200,0,229100,8300,0,0,,,,none,x509-valid_active_0,0,False,239,8,
n50-identities_c25-conc_mech-x509-1backend_valid-active_r30_audit-off_20260820T020702Z,obs_ab025456cb484827a71adf1daa143cc8,2026-08-20T02:07:04.532184+00:00,x509,valid_active,12,25,UAV-VALID,ACCEPTED,ACCEPTED,True,13788100,13.7881,46100,175700,13220000,0,231600,7900,0,0,,,,none,x509-valid_active_10,0,False,238,8,
n50-identities_c25-conc_mech-x509-1backend_valid-active_r30_audit-off_20260820T020702Z,obs_7017546190a74ae7bdcc49ac9517b012,2026-08-20T02:07:04.533493+00:00,x509,valid_active,10,25,UAV-VALID,ACCEPTED,ACCEPTED,True,20347300,20.3473,46900,205400,19719400,0,215700,7300,0,0,,,,none,x509-valid_active_9,0,False,238,8,
n50-identities_c25-conc_mech-x509-1backend_valid-active_r30_audit-off_20260820T020702Z,obs_dad40303992344358b9be61b200ac905,2026-08-20T02:07:04.511881+00:00,x509,valid_active,11,25,UAV-VALID,ACCEPTED,ACCEPTED,True,9002800,9.0028,35700,104700,8492300,0,236100,6100,0,0,,,,none,x509-valid_active_1,0,False,240,8,
n50-identities_c25-conc_mech-x509-1backend_valid-active_r30_audit-off_20260820T020702Z,obs_342668efbb5b4723abd55e269d0b4375,2026-08-20T02:07:04.489394+00:00,x509,valid_active,2,25,UAV-VALID,ACCEPTED,ACCEPTED,True,9901000,9.901,50600,98500,9429500,0,220600,5600,0,0,,,,none,x509-valid_active_1,0,False,239,8,
n50-identities_c25-conc_mech-x509-1backend_valid-active_r30_audit-off_20260820T020702Z,obs_55139af5c0ab4fcb89ad256d6b480a36,2026-08-20T02:07:04.531328+00:00,x509,valid_active,7,25,UAV-VALID,ACCEPTED,ACCEPTED,True,22617500,22.6175,45100,105300,22081600,0,267300,5600,0,0,,,,none,x509-valid_active_6,0,False,239,8,
n50-identities_c25-conc_mech-x509-1backend_valid-active_r30_audit-off_20260820T020702Z,obs_ae31e89b48ea4785a3baf41371fca29b,2026-08-20T02:07:04.580275+00:00,x509,valid_active,8,25,UAV-VALID,ACCEPTED,ACCEPTED,True,34448400,34.4484,64400,188800,33718300,0,256000,7300,0,0,,,,none,x509-valid_active_7,0,False,240,8,
n50-identities_c25-conc_mech-x509-1backend_valid-active_r30_audit-off_20260820T020702Z,obs_066e75388bec417bb17e85021f523655,2026-08-20T02:07:04.614814+00:00,x509,valid_active,9,25,UAV-VALID,ACCEPTED,ACCEPTED,True,71767300,71.7673,107500,559000,70785000,0,234500,8300,0,0,,,,none,x509-valid_active_8,0,False,239,8,
n50-identities_c25-conc_mech-x509-1backend_valid-active_r30_audit-off_20260820T020702Z,obs_cf4a59ac9b1b444992968771de6eec91,2026-08-20T02:07:04.620762+00:00,x509,valid_active,22,25,UAV-VALID,ACCEPTED,ACCEPTED,True,33635000,33.635,48800,119200,33092600,0,256000,8800,0,0,,,,none,x509-valid_active_9,0,False,239,8,
n50-identities_c25-conc_mech-x509-1backend_valid-active_r30_audit-off_20260820T020702Z,obs_f4aefd00f73a44e2b93b5761967cf0e1,2026-08-20T02:07:04.621501+00:00,x509,valid_active,29,25,UAV-VALID,ACCEPTED,ACCEPTED,True,33695800,33.6958,49700,86400,33246000,0,219200,6100,0,0,,,,none,x509-valid_active_6,0,False,239,8,
n50-identities_c25-conc_mech-x509-1backend_valid-active_r30_audit-off_20260820T020702Z,obs_b2f26791d0f7498ba904c9f17dd206c9,2026-08-20T02:07:04.623077+00:00,x509,valid_active,21,25,UAV-VALID,ACCEPTED,ACCEPTED,True,27221600,27.2216,27900,90100,26772100,0,213000,6900,0,0,,,,none,x509-valid_active_10,0,False,239,8,
n50-identities_c25-conc_mech-x509-1backend_valid-active_r30_audit-off_20260820T020702Z,obs_3ff81a2b590c4350b4096e7186aac67d,2026-08-20T02:07:04.623977+00:00,x509,valid_active,24,25,UAV-VALID,ACCEPTED,ACCEPTED,True,30770500,30.7705,46900,167700,30219900,0,213800,6300,0,0,,,,none,x509-valid_active_1,0,False,238,8,
n50-identities_c25-conc_mech-x509-1backend_valid-active_r30_audit-off_20260820T020702Z,obs_6ddc01e374074f7f8cab3c69dbb9c121,2026-08-20T02:07:04.625391+00:00,x509,valid_active,25,25,UAV-VALID,ACCEPTED,ACCEPTED,True,28911200,28.9112,30100,79300,28469700,0,220000,6500,0,0,,,,none,x509-valid_active_5,0,False,238,8,
n50-identities_c25-conc_mech-x509-1backend_valid-active_r30_audit-off_20260820T020702Z,obs_6ccd7bbd92b14f1f835673001dc30804,2026-08-20T02:07:04.626318+00:00,x509,valid_active,15,25,UAV-VALID,ACCEPTED,ACCEPTED,True,45033600,45.0336,57500,115900,44453200,0,257900,6100,0,0,,,,none,x509-valid_active_3,0,False,240,8,
n50-identities_c25-conc_mech-x509-1backend_valid-active_r30_audit-off_20260820T020702Z,obs_e3da4fc5393044d19bae5414e15b3e8f,2026-08-20T02:07:04.627575+00:00,x509,valid_active,26,25,UAV-VALID,ACCEPTED,ACCEPTED,True,32436800,32.4368,25000,102800,31927700,0,229000,5600,0,0,,,,none,x509-valid_active_2,0,False,238,8,
n50-identities_c25-conc_mech-x509-1backend_valid-active_r30_audit-off_20260820T020702Z,obs_49617aa70cf24f0c94deb8540665c35f,2026-08-20T02:07:04.629607+00:00,x509,valid_active,28,25,UAV-VALID,ACCEPTED,ACCEPTED,True,16248000,16.248,112000,123800,15623500,0,263100,21100,0,0,,,,none,x509-valid_active_14,0,False,240,8,
n50-identities_c25-conc_mech-x509-1backend_valid-active_r30_audit-off_20260820T020702Z,obs_22728159c9464ad3875041d112b79402,2026-08-20T02:07:04.634308+00:00,x509,valid_active,13,25,UAV-VALID,ACCEPTED,ACCEPTED,True,58933300,58.9333,78200,156200,57938300,0,562900,8600,0,0,,,,none,x509-valid_active_11,0,False,239,8,
n50-identities_c25-conc_mech-x509-1backend_valid-active_r30_audit-off_20260820T020702Z,obs_e37934322e7047cfa456b89951e7b82f,2026-08-20T02:07:04.637159+00:00,x509,valid_active,23,25,UAV-VALID,ACCEPTED,ACCEPTED,True,21960500,21.9605,116000,159400,21402100,0,245500,10100,0,0,,,,none,x509-valid_active_4,0,False,240,8,
n50-identities_c25-conc_mech-x509-1backend_valid-active_r30_audit-off_20260820T020702Z,obs_2208d9bdf2c94d1faaf84cac4183d80f,2026-08-20T02:07:04.637709+00:00,x509,valid_active,17,25,UAV-VALID,ACCEPTED,ACCEPTED,True,18463900,18.4639,79100,266300,17762900,0,206400,5500,0,0,,,,none,x509-valid_active_12,0,False,238,8,
n50-identities_c25-conc_mech-x509-1backend_valid-active_r30_audit-off_20260820T020702Z,obs_b63ff83591bf4447bf635bdc86623ea9,2026-08-20T02:07:04.639255+00:00,x509,valid_active,27,25,UAV-VALID,ACCEPTED,ACCEPTED,True,3265100,3.2651,55700,102400,2827700,0,198600,4900,0,0,,,,none,x509-valid_active_0,0,False,240,8,
n50-identities_c5-conc_mech-blockchain-1backend_valid-active_r30_audit-off_20260820T020651Z,obs_fc921176ba104453aecb6179e654504d,2026-08-20T02:06:53.004524+00:00,blockchain,valid_active,1,5,UAV-VALID,ACCEPTED,INVALID_SIGNATURE,False,44725700,44.7257,57100,44319200,0,4200,248700,0,0,0,,,,none,blockchain-valid_active_1,0,True,240,17,
n50-identities_c5-conc_mech-blockchain-1backend_valid-active_r30_audit-off_20260820T020651Z,obs_46194ddd81bc443ea65b22ee23d49f3f,2026-08-20T02:06:53.009948+00:00,blockchain,valid_active,0,5,UAV-VALID,ACCEPTED,INVALID_SIGNATURE,False,59473100,59.4731,55600,59049000,0,4400,264900,0,0,0,,,,none,blockchain-valid_active_0,0,True,240,17,
n50-identities_c5-conc_mech-blockchain-1backend_valid-active_r30_audit-off_20260820T020651Z,obs_1d3be91e2f8e452c97f1d91e8cf72c1b,2026-08-20T02:06:53.060200+00:00,blockchain,valid_active,0,5,UAV-VALID,ACCEPTED,INVALID_SIGNATURE,False,92797300,92.7973,53300,92364400,0,4800,270600,0,0,0,,,,none,blockchain-valid_active_2,0,False,238,17,
n50-identities_c5-conc_mech-blockchain-1backend_valid-active_r30_audit-off_20260820T020651Z,obs_546c38958ca148a9a58f5f1b07790b8c,2026-08-20T02:06:53.064471+00:00,blockchain,valid_active,2,5,UAV-VALID,ACCEPTED,INVALID_SIGNATURE,False,85089600,85.0896,55200,84587100,0,5200,304700,0,0,0,,,,none,blockchain-valid_active_4,0,False,239,17,
n50-identities_c5-conc_mech-blockchain-1backend_valid-active_r30_audit-off_20260820T020651Z,obs_9904a8f2299c421fad138fc2492bb16e,2026-08-20T02:06:53.067609+00:00,blockchain,valid_active,1,5,UAV-VALID,ACCEPTED,INVALID_SIGNATURE,False,93495200,93.4952,55200,92997300,0,3600,298100,0,0,0,,,,none,blockchain-valid_active_3,0,False,239,17,
n50-identities_c5-conc_mech-blockchain-1backend_valid-active_r30_audit-off_20260820T020651Z,obs_858e3cb17b6e409a8056fae0d42af661,2026-08-20T02:06:53.078140+00:00,blockchain,valid_active,3,5,UAV-VALID,ACCEPTED,INVALID_SIGNATURE,False,57160600,57.1606,58000,56700100,0,4000,291700,0,0,0,,,,none,blockchain-valid_active_1,0,False,239,17,
n50-identities_c5-conc_mech-blockchain-1backend_valid-active_r30_audit-off_20260820T020651Z,obs_99ef58c05fd04f6eb586cf7e6428624d,2026-08-20T02:06:53.080655+00:00,blockchain,valid_active,4,5,UAV-VALID,ACCEPTED,INVALID_SIGNATURE,False,61343300,61.3433,58400,60924400,0,3800,259100,0,0,0,,,,none,blockchain-valid_active_0,0,False,239,17,
n50-identities_c5-conc_mech-blockchain-1backend_valid-active_r30_audit-off_20260820T020651Z,obs_c8f39c452d564627a99cb0da5f77b62d,2026-08-20T02:06:53.130509+00:00,blockchain,valid_active,5,5,UAV-VALID,ACCEPTED,INVALID_SIGNATURE,False,56258100,56.2581,60300,54921500,0,15700,283900,0,0,0,,,,none,blockchain-valid_active_2,0,False,238,17,
n50-identities_c5-conc_mech-blockchain-1backend_valid-active_r30_audit-off_20260820T020651Z,obs_faa395e8557049b099612af64bbbf5ac,2026-08-20T02:06:53.145690+00:00,blockchain,valid_active,7,5,UAV-VALID,ACCEPTED,INVALID_SIGNATURE,False,62156100,62.1561,61800,61733700,0,4000,259300,0,0,0,,,,none,blockchain-valid_active_3,0,False,239,17,
n50-identities_c5-conc_mech-blockchain-1backend_valid-active_r30_audit-off_20260820T020651Z,obs_d438e8609ab9420a82c6c125b6925003,2026-08-20T02:06:53.151187+00:00,blockchain,valid_active,6,5,UAV-VALID,ACCEPTED,INVALID_SIGNATURE,False,68975400,68.9754,51600,68571500,0,6000,239400,0,0,0,,,,none,blockchain-valid_active_4,0,False,239,17,
n50-identities_c5-conc_mech-blockchain-1backend_valid-active_r30_audit-off_20260820T020651Z,obs_f7f48c1afc4b41a4b4142494460ff8a1,2026-08-20T02:06:53.159363+00:00,blockchain,valid_active,8,5,UAV-VALID,ACCEPTED,INVALID_SIGNATURE,False,58726100,58.7261,49400,58294000,0,4300,277300,0,0,0,,,,none,blockchain-valid_active_1,0,False,239,17,
n50-identities_c5-conc_mech-blockchain-1backend_valid-active_r30_audit-off_20260820T020651Z,obs_0bd63a85a9a141bb87176f46d77184c3,2026-08-20T02:06:53.164283+00:00,blockchain,valid_active,9,5,UAV-VALID,ACCEPTED,INVALID_SIGNATURE,False,60569700,60.5697,51300,60149800,0,4400,232800,0,0,0,,,,none,blockchain-valid_active_0,0,False,240,17,
n50-identities_c5-conc_mech-blockchain-1backend_valid-active_r30_audit-off_20260820T020651Z,obs_595a0bfa099a4478bf135d7d4868a8bb,2026-08-20T02:06:53.196451+00:00,blockchain,valid_active,10,5,UAV-VALID,ACCEPTED,INVALID_SIGNATURE,False,56776100,56.7761,61400,56345200,0,4600,268700,0,0,0,,,,none,blockchain-valid_active_2,0,False,239,17,
n50-identities_c5-conc_mech-blockchain-1backend_valid-active_r30_audit-off_20260820T020651Z,obs_fc226e3fc6c345fdba1ce111ca479610,2026-08-20T02:06:53.222294+00:00,blockchain,valid_active,11,5,UAV-VALID,ACCEPTED,INVALID_SIGNATURE,False,65664000,65.664,45400,65289600,0,5700,220600,0,0,0,,,,none,blockchain-valid_active_3,0,False,238,17,
n50-identities_c5-conc_mech-blockchain-1backend_valid-active_r30_audit-off_20260820T020651Z,obs_e124241676bb4326a2ca558ee01e0aa7,2026-08-20T02:06:53.230800+00:00,blockchain,valid_active,13,5,UAV-VALID,ACCEPTED,INVALID_SIGNATURE,False,51166300,51.1663,57800,50692800,0,3200,307500,0,0,0,,,,none,blockchain-valid_active_1,0,False,238,17,
n50-identities_c5-conc_mech-blockchain-1backend_valid-active_r30_audit-off_20260820T020651Z,obs_7a8e933c8dc243b390bd092bd1a9c0a9,2026-08-20T02:06:53.240138+00:00,blockchain,valid_active,12,5,UAV-VALID,ACCEPTED,INVALID_SIGNATURE,False,74523400,74.5234,34600,74123600,0,6500,254800,0,0,0,,,,none,blockchain-valid_active_4,0,False,239,17,
n50-identities_c5-conc_mech-blockchain-1backend_valid-active_r30_audit-off_20260820T020651Z,obs_77d6d1031d0e4317a86b74aaa6766011,2026-08-20T02:06:53.254580+00:00,blockchain,valid_active,14,5,UAV-VALID,ACCEPTED,INVALID_SIGNATURE,False,70197200,70.1972,54900,69821900,0,4000,218200,0,0,0,,,,none,blockchain-valid_active_0,0,False,240,17,
n50-identities_c5-conc_mech-blockchain-1backend_valid-active_r30_audit-off_20260820T020651Z,obs_068b00cfa7df4f44a9ad03e3bb2faeda,2026-08-20T02:06:53.259989+00:00,blockchain,valid_active,15,5,UAV-VALID,ACCEPTED,INVALID_SIGNATURE,False,49767600,49.7676,63100,49283200,0,4400,300700,0,0,0,,,,none,blockchain-valid_active_2,0,False,240,17,
n50-identities_c5-conc_mech-blockchain-1backend_valid-active_r30_audit-off_20260820T020651Z,obs_c12b1270f8c4434ab62fa1f07ad3dfa2,2026-08-20T02:06:53.297867+00:00,blockchain,valid_active,17,5,UAV-VALID,ACCEPTED,INVALID_SIGNATURE,False,55997500,55.9975,48900,55562900,0,4200,272400,0,0,0,,,,none,blockchain-valid_active_1,0,False,240,17,
n50-identities_c5-conc_mech-blockchain-1backend_valid-active_r30_audit-off_20260820T020651Z,obs_2daaae28b4234c8cb411e381e6617db8,2026-08-20T02:06:53.302630+00:00,blockchain,valid_active,16,5,UAV-VALID,ACCEPTED,INVALID_SIGNATURE,False,74602100,74.6021,68200,73030200,0,6200,1372900,0,0,0,,,,none,blockchain-valid_active_3,0,False,239,17,
n50-identities_c5-conc_mech-blockchain-1backend_valid-active_r30_audit-off_20260820T020651Z,obs_62d3e11161784435ab35e951155491a9,2026-08-20T02:06:53.351190+00:00,blockchain,valid_active,20,5,UAV-VALID,ACCEPTED,INVALID_SIGNATURE,False,77710300,77.7103,52700,77245300,0,4700,298300,0,0,0,,,,none,blockchain-valid_active_2,0,False,238,17,
n50-identities_c5-conc_mech-blockchain-1backend_valid-active_r30_audit-off_20260820T020651Z,obs_c138f37eb7a24aa7a927b28d766d34b2,2026-08-20T02:06:53.354344+00:00,blockchain,valid_active,18,5,UAV-VALID,ACCEPTED,INVALID_SIGNATURE,False,92767900,92.7679,47600,92276400,0,4100,296200,0,0,0,,,,none,blockchain-valid_active_4,0,False,239,17,
n50-identities_c5-conc_mech-blockchain-1backend_valid-active_r30_audit-off_20260820T020651Z,obs_fb92162c436f4af782e6815b0c72af51,2026-08-20T02:06:53.361364+00:00,blockchain,valid_active,19,5,UAV-VALID,ACCEPTED,INVALID_SIGNATURE,False,75152900,75.1529,43900,74587000,0,4000,401900,0,0,0,,,,none,blockchain-valid_active_0,0,False,239,17,
n50-identities_c5-conc_mech-blockchain-1backend_valid-active_r30_audit-off_20260820T020651Z,obs_d8237c6846cf47e39ed47f0fe2546b3a,2026-08-20T02:06:53.375598+00:00,blockchain,valid_active,21,5,UAV-VALID,ACCEPTED,INVALID_SIGNATURE,False,71130400,71.1304,57300,70652800,0,7800,292300,0,0,0,,,,none,blockchain-valid_active_1,0,False,239,17,
n50-identities_c5-conc_mech-blockchain-1backend_valid-active_r30_audit-off_20260820T020651Z,obs_00d3601cc79a4f04a18e8740adf26951,2026-08-20T02:06:53.406896+00:00,blockchain,valid_active,22,5,UAV-VALID,ACCEPTED,INVALID_SIGNATURE,False,87022100,87.0221,48300,86541800,0,4600,320100,0,0,0,,,,none,blockchain-valid_active_3,0,False,239,17,
n50-identities_c5-conc_mech-blockchain-1backend_valid-active_r30_audit-off_20260820T020651Z,obs_c474a6baba72488eab8bb30dfb864efa,2026-08-20T02:06:53.484052+00:00,blockchain,valid_active,23,5,UAV-VALID,ACCEPTED,INVALID_SIGNATURE,False,116588800,116.5888,49000,116103600,0,5100,279900,0,0,0,,,,none,blockchain-valid_active_2,0,False,240,17,
n50-identities_c5-conc_mech-blockchain-1backend_valid-active_r30_audit-off_20260820T020651Z,obs_7e7ad2535cf345eeb94062db5b687dab,2026-08-20T02:06:53.503155+00:00,blockchain,valid_active,24,5,UAV-VALID,ACCEPTED,INVALID_SIGNATURE,False,125089100,125.0891,45200,124649700,0,4200,266000,0,0,0,,,,none,blockchain-valid_active_4,0,False,240,17,
n50-identities_c5-conc_mech-blockchain-1backend_valid-active_r30_audit-off_20260820T020651Z,obs_e0fef41fd4a5464a8d521af4e2b689b9,2026-08-20T02:06:53.505593+00:00,blockchain,valid_active,25,5,UAV-VALID,ACCEPTED,INVALID_SIGNATURE,False,122767400,122.7674,51200,122333700,0,4600,283200,0,0,0,,,,none,blockchain-valid_active_0,0,False,238,17,
n50-identities_c5-conc_mech-blockchain-1backend_valid-active_r30_audit-off_20260820T020651Z,obs_ccbb992e95f74113bad9c3d6951f5ee0,2026-08-20T02:06:53.509342+00:00,blockchain,valid_active,26,5,UAV-VALID,ACCEPTED,INVALID_SIGNATURE,False,116927200,116.9272,53900,116417900,0,4000,321000,0,0,0,,,,none,blockchain-valid_active_1,0,False,239,17,
n50-identities_c5-conc_mech-blockchain-1backend_valid-active_r30_audit-off_20260820T020651Z,obs_9acc7f08dc9046bb841ec2a999de40b5,2026-08-20T02:06:53.522060+00:00,blockchain,valid_active,27,5,UAV-VALID,ACCEPTED,INVALID_SIGNATURE,False,102156500,102.1565,118600,101681900,0,3900,263300,0,0,0,,,,none,blockchain-valid_active_3,0,False,240,17,
n50-identities_c5-conc_mech-blockchain-1backend_valid-active_r30_audit-off_20260820T020651Z,obs_8b8500c9bcdc4559bddc48d24513512b,2026-08-20T02:06:53.542379+00:00,blockchain,valid_active,28,5,UAV-VALID,ACCEPTED,INVALID_SIGNATURE,False,44393000,44.393,57500,43688900,0,5900,382900,0,0,0,,,,none,blockchain-valid_active_2,0,False,239,17,
n50-identities_c5-conc_mech-blockchain-1backend_valid-active_r30_audit-off_20260820T020651Z,obs_af3c5aa4d0c04d7c95ffe6017b3a3ab8,2026-08-20T02:06:53.549654+00:00,blockchain,valid_active,29,5,UAV-VALID,ACCEPTED,INVALID_SIGNATURE,False,33148100,33.1481,70700,32756300,0,3700,235400,0,0,0,,,,none,blockchain-valid_active_4,0,False,238,17,
n50-identities_c5-conc_mech-x509-1backend_valid-active_r30_audit-off_20260820T020647Z,obs_8564eb5c452441099005964b271d4910,2026-08-20T02:06:49.546632+00:00,x509,valid_active,0,5,UAV-VALID,ACCEPTED,ACCEPTED,True,5602600,5.6026,52600,145200,5153400,0,171300,3900,0,0,,,,none,x509-valid_active_0,0,True,239,8,
n50-identities_c5-conc_mech-x509-1backend_valid-active_r30_audit-off_20260820T020647Z,obs_8e23bcf9dcea408ea653eac3971c121f,2026-08-20T02:06:49.555793+00:00,x509,valid_active,0,5,UAV-VALID,ACCEPTED,ACCEPTED,True,7935500,7.9355,42300,87200,7475800,0,234200,7300,0,0,,,,none,x509-valid_active_2,0,False,239,8,
n50-identities_c5-conc_mech-x509-1backend_valid-active_r30_audit-off_20260820T020647Z,obs_faf9f1bd542245d8a90d8bd4699d52fc,2026-08-20T02:06:49.556353+00:00,x509,valid_active,1,5,UAV-VALID,ACCEPTED,ACCEPTED,True,9165500,9.1655,50100,96400,8743400,0,190600,4900,0,0,,,,none,x509-valid_active_3,0,False,239,8,
n50-identities_c5-conc_mech-x509-1backend_valid-active_r30_audit-off_20260820T020647Z,obs_5ac36d67965b41a7b2873e0e09bc534a,2026-08-20T02:06:49.557559+00:00,x509,valid_active,2,5,UAV-VALID,ACCEPTED,ACCEPTED,True,8139300,8.1393,39500,79600,7775000,0,177300,5700,0,0,,,,none,x509-valid_active_4,0,False,239,8,
n50-identities_c5-conc_mech-x509-1backend_valid-active_r30_audit-off_20260820T020647Z,obs_eaed595e27b04360ae0e2639f6a7391a,2026-08-20T02:06:49.558448+00:00,x509,valid_active,1,5,UAV-VALID,ACCEPTED,ACCEPTED,True,9604600,9.6046,29000,123400,9125000,0,199800,6200,0,0,,,,none,x509-valid_active_1,0,True,239,8,
n50-identities_c5-conc_mech-x509-1backend_valid-active_r30_audit-off_20260820T020647Z,obs_98aa49e2ccb04b919868a9a00550c087,2026-08-20T02:06:49.565540+00:00,x509,valid_active,3,5,UAV-VALID,ACCEPTED,ACCEPTED,True,8662300,8.6623,52100,81300,8153500,0,272400,7100,0,0,,,,none,x509-valid_active_0,0,False,240,8,
n50-identities_c5-conc_mech-x509-1backend_valid-active_r30_audit-off_20260820T020647Z,obs_73f1614ad95643b5aad477602458cece,2026-08-20T02:06:49.572817+00:00,x509,valid_active,5,5,UAV-VALID,ACCEPTED,ACCEPTED,True,5883200,5.8832,63700,89400,5465500,0,195200,7900,0,0,,,,none,x509-valid_active_3,0,False,239,8,
n50-identities_c5-conc_mech-x509-1backend_valid-active_r30_audit-off_20260820T020647Z,obs_cb7fb352dec04d82af1b3f0e1261370a,2026-08-20T02:06:49.574960+00:00,x509,valid_active,6,5,UAV-VALID,ACCEPTED,ACCEPTED,True,7455200,7.4552,49000,72400,7098000,0,178000,5300,0,0,,,,none,x509-valid_active_4,0,False,240,8,
n50-identities_c5-conc_mech-x509-1backend_valid-active_r30_audit-off_20260820T020647Z,obs_33a524a00c7e43fea695b312f43d96fa,2026-08-20T02:06:49.577405+00:00,x509,valid_active,4,5,UAV-VALID,ACCEPTED,ACCEPTED,True,9394400,9.3944,26100,63500,8958400,0,235400,7500,0,0,,,,none,x509-valid_active_2,0,False,240,8,
n50-identities_c5-conc_mech-x509-1backend_valid-active_r30_audit-off_20260820T020647Z,obs_c8db293da53c499b9f76e045a6cf02db,2026-08-20T02:06:49.577987+00:00,x509,valid_active,7,5,UAV-VALID,ACCEPTED,ACCEPTED,True,8859900,8.8599,29800,63000,8521900,0,172500,4500,0,0,,,,none,x509-valid_active_1,0,False,240,8,
n50-identities_c5-conc_mech-x509-1backend_valid-active_r30_audit-off_20260820T020647Z,obs_eef2d8546209492aa8bbc0edab9de846,2026-08-20T02:06:49.582434+00:00,x509,valid_active,8,5,UAV-VALID,ACCEPTED,ACCEPTED,True,6945600,6.9456,50500,72500,6545400,0,212900,5200,0,0,,,,none,x509-valid_active_0,0,False,238,8,
n50-identities_c5-conc_mech-x509-1backend_valid-active_r30_audit-off_20260820T020647Z,obs_ba4ff23debd64b28b881c379b9cac291,2026-08-20T02:06:49.591949+00:00,x509,valid_active,10,5,UAV-VALID,ACCEPTED,ACCEPTED,True,6807000,6.807,34300,64200,6437000,0,190300,6300,0,0,,,,none,x509-valid_active_4,0,False,240,8,
n50-identities_c5-conc_mech-x509-1backend_valid-active_r30_audit-off_20260820T020647Z,obs_15644be245ae45499e84a3230966fcd3,2026-08-20T02:06:49.593133+00:00,x509,valid_active,9,5,UAV-VALID,ACCEPTED,ACCEPTED,True,8584600,8.5846,69900,87500,8187000,0,193000,5800,0,0,,,,none,x509-valid_active_3,0,False,239,8,
n50-identities_c5-conc_mech-x509-1backend_valid-active_r30_audit-off_20260820T020647Z,obs_e48cc21f7d004049ae8f5eed20799e2e,2026-08-20T02:06:49.598648+00:00,x509,valid_active,13,5,UAV-VALID,ACCEPTED,ACCEPTED,True,7901700,7.9017,69500,87700,7386300,0,277600,7000,0,0,,,,none,x509-valid_active_0,0,False,238,8,
n50-identities_c5-conc_mech-x509-1backend_valid-active_r30_audit-off_20260820T020647Z,obs_5eefff05720645c599f1e1ab057f966d,2026-08-20T02:06:49.600314+00:00,x509,valid_active,12,5,UAV-VALID,ACCEPTED,ACCEPTED,True,7973300,7.9733,54400,81600,7537200,0,214700,6100,0,0,,,,none,x509-valid_active_1,0,False,239,8,
n50-identities_c5-conc_mech-x509-1backend_valid-active_r30_audit-off_20260820T020647Z,obs_5f78cf35b3d54dd88c7abb46a9be8f35,2026-08-20T02:06:49.603363+00:00,x509,valid_active,11,5,UAV-VALID,ACCEPTED,ACCEPTED,True,12081000,12.081,48200,83700,11601800,0,239700,7000,0,0,,,,none,x509-valid_active_2,0,False,239,8,
n50-identities_c5-conc_mech-x509-1backend_valid-active_r30_audit-off_20260820T020647Z,obs_33ef89a9d4bc493d90b6782252dd6950,2026-08-20T02:06:49.612958+00:00,x509,valid_active,15,5,UAV-VALID,ACCEPTED,ACCEPTED,True,8241100,8.2411,36900,127000,7766000,0,200300,5800,0,0,,,,none,x509-valid_active_3,0,False,240,8,
n50-identities_c5-conc_mech-x509-1backend_valid-active_r30_audit-off_20260820T020647Z,obs_69a57312d64a431a8c6b5aacf13dc8e5,2026-08-20T02:06:49.615997+00:00,x509,valid_active,14,5,UAV-VALID,ACCEPTED,ACCEPTED,True,8062900,8.0629,41400,88500,7618900,0,218700,6500,0,0,,,,none,x509-valid_active_4,0,False,239,8,
n50-identities_c5-conc_mech-x509-1backend_valid-active_r30_audit-off_20260820T020647Z,obs_35a0e1190e6b4e37bf550c3b1d87d3d2,2026-08-20T02:06:49.620067+00:00,x509,valid_active,16,5,UAV-VALID,ACCEPTED,ACCEPTED,True,8713600,8.7136,43300,93100,8234700,0,225900,5800,0,0,,,,none,x509-valid_active_0,0,False,240,8,
n50-identities_c5-conc_mech-x509-1backend_valid-active_r30_audit-off_20260820T020647Z,obs_91e3474fcacc46289ab7a39070a5a09d,2026-08-20T02:06:49.625905+00:00,x509,valid_active,17,5,UAV-VALID,ACCEPTED,ACCEPTED,True,13640700,13.6407,56300,86600,13174800,0,231600,6300,0,0,,,,none,x509-valid_active_1,0,False,240,8,
n50-identities_c5-conc_mech-x509-1backend_valid-active_r30_audit-off_20260820T020647Z,obs_9931133b09f142fa86f626c02f394335,2026-08-20T02:06:49.628436+00:00,x509,valid_active,18,5,UAV-VALID,ACCEPTED,ACCEPTED,True,13260900,13.2609,36000,97000,12799500,0,212100,6600,0,0,,,,none,x509-valid_active_2,0,False,240,8,
n50-identities_c5-conc_mech-x509-1backend_valid-active_r30_audit-off_20260820T020647Z,obs_2480766663c74981a1b1d7d1443f5bbf,2026-08-20T02:06:49.635768+00:00,x509,valid_active,19,5,UAV-VALID,ACCEPTED,ACCEPTED,True,9159200,9.1592,60300,106000,8642400,0,242100,7400,0,0,,,,none,x509-valid_active_3,0,False,240,8,
n50-identities_c5-conc_mech-x509-1backend_valid-active_r30_audit-off_20260820T020647Z,obs_35b7325449644d7280f8755248ffee65,2026-08-20T02:06:49.640422+00:00,x509,valid_active,20,5,UAV-VALID,ACCEPTED,ACCEPTED,True,12832500,12.8325,57300,106500,12387300,0,191800,5400,0,0,,,,none,x509-valid_active_4,0,False,239,8,
n50-identities_c5-conc_mech-x509-1backend_valid-active_r30_audit-off_20260820T020647Z,obs_5ccb3a4871a34f09983120e4ea36f1a6,2026-08-20T02:06:49.642017+00:00,x509,valid_active,21,5,UAV-VALID,ACCEPTED,ACCEPTED,True,11404500,11.4045,38400,100400,10945900,0,225200,6900,0,0,,,,none,x509-valid_active_0,0,False,239,8,
n50-identities_c5-conc_mech-x509-1backend_valid-active_r30_audit-off_20260820T020647Z,obs_759cc689e19c45328f74868e3832b014,2026-08-20T02:06:49.653520+00:00,x509,valid_active,22,5,UAV-VALID,ACCEPTED,ACCEPTED,True,12388800,12.3888,56500,124700,11869300,0,224200,6500,0,0,,,,none,x509-valid_active_1,0,False,238,8,
n50-identities_c5-conc_mech-x509-1backend_valid-active_r30_audit-off_20260820T020647Z,obs_b1aa97bc084d419eb7758179310f5f7d,2026-08-20T02:06:49.655365+00:00,x509,valid_active,23,5,UAV-VALID,ACCEPTED,ACCEPTED,True,11182200,11.1822,32500,86000,10732700,0,227600,7300,0,0,,,,none,x509-valid_active_2,0,False,239,8,
n50-identities_c5-conc_mech-x509-1backend_valid-active_r30_audit-off_20260820T020647Z,obs_983edd50f5ad448aa1c91ea6bf642e9a,2026-08-20T02:06:49.656316+00:00,x509,valid_active,24,5,UAV-VALID,ACCEPTED,ACCEPTED,True,7436000,7.436,35700,108200,6934200,0,200400,44200,0,0,,,,none,x509-valid_active_3,0,False,238,8,
n50-identities_c5-conc_mech-x509-1backend_valid-active_r30_audit-off_20260820T020647Z,obs_40d13158d3c6423dac47b28aec132816,2026-08-20T02:06:49.660400+00:00,x509,valid_active,25,5,UAV-VALID,ACCEPTED,ACCEPTED,True,9629000,9.629,54500,104100,9206300,0,186300,5700,0,0,,,,none,x509-valid_active_4,0,False,239,8,
n50-identities_c5-conc_mech-x509-1backend_valid-active_r30_audit-off_20260820T020647Z,obs_ca50dfd2fec3418c84a189931533ce18,2026-08-20T02:06:49.662000+00:00,x509,valid_active,26,5,UAV-VALID,ACCEPTED,ACCEPTED,True,7526900,7.5269,47600,98000,7067800,0,206200,5000,0,0,,,,none,x509-valid_active_0,0,False,240,8,
n50-identities_c5-conc_mech-x509-1backend_valid-active_r30_audit-off_20260820T020647Z,obs_38aeeef225264fed9396dbcd031f3774,2026-08-20T02:06:49.666577+00:00,x509,valid_active,29,5,UAV-VALID,ACCEPTED,ACCEPTED,True,2770100,2.7701,46000,86200,2348100,0,207100,6000,0,0,,,,none,x509-valid_active_3,0,False,239,8,
n50-identities_c5-conc_mech-x509-1backend_valid-active_r30_audit-off_20260820T020647Z,obs_733d02eaa32f40269b53b2aaf089691d,2026-08-20T02:06:49.671290+00:00,x509,valid_active,27,5,UAV-VALID,ACCEPTED,ACCEPTED,True,3642600,3.6426,51100,109900,3224000,0,167100,6000,0,0,,,,none,x509-valid_active_1,0,False,238,8,
n50-identities_c5-conc_mech-x509-1backend_valid-active_r30_audit-off_20260820T020647Z,obs_5a70b8d192e546f49edf431e7fc43c01,2026-08-20T02:06:49.671750+00:00,x509,valid_active,28,5,UAV-VALID,ACCEPTED,ACCEPTED,True,3443100,3.4431,39900,93700,3059500,0,170000,5200,0,0,,,,none,x509-valid_active_2,0,False,239,8,
n50-identities_c50-conc_mech-blockchain-1backend_valid-active_r30_audit-off_20260820T020715Z,obs_27d37721a9924a3a9893a564408c2199,2026-08-20T02:07:20.582602+00:00,blockchain,valid_active,1,50,UAV-VALID,ACCEPTED,INVALID_SIGNATURE,False,143999100,143.9991,53300,143572000,0,4200,255300,0,0,0,,,,none,blockchain-valid_active_1,0,True,239,17,
n50-identities_c50-conc_mech-blockchain-1backend_valid-active_r30_audit-off_20260820T020715Z,obs_8486a45a01c347bb8930c8dbfac176d5,2026-08-20T02:07:20.719023+00:00,blockchain,valid_active,1,50,UAV-VALID,ACCEPTED,INVALID_SIGNATURE,False,233551500,233.5515,75800,230782000,0,5400,2558000,0,0,0,,,,none,blockchain-valid_active_3,0,False,240,17,
n50-identities_c50-conc_mech-blockchain-1backend_valid-active_r30_audit-off_20260820T020715Z,obs_9f6ac9c57ac34e75820d35de26863288,2026-08-20T02:07:20.559101+00:00,blockchain,valid_active,0,50,UAV-VALID,ACCEPTED,INVALID_SIGNATURE,False,123192600,123.1926,58300,122764500,0,4300,261500,0,0,0,,,,none,blockchain-valid_active_0,0,True,239,17,
n50-identities_c50-conc_mech-blockchain-1backend_valid-active_r30_audit-off_20260820T020715Z,obs_3320763c020941829775f17c69c891ac,2026-08-20T02:07:20.832406+00:00,blockchain,valid_active,5,50,UAV-VALID,ACCEPTED,INVALID_SIGNATURE,False,258328200,258.3282,2995200,257874200,0,4100,268200,0,0,0,,,,none,blockchain-valid_active_7,0,False,239,17,
n50-identities_c50-conc_mech-blockchain-1backend_valid-active_r30_audit-off_20260820T020715Z,obs_0c837f325f1d4e328ac3068179472ac9,2026-08-20T02:07:20.868913+00:00,blockchain,valid_active,2,50,UAV-VALID,ACCEPTED,INVALID_SIGNATURE,False,355296500,355.2965,61200,354858000,0,4400,266300,0,0,0,,,,none,blockchain-valid_active_4,0,False,239,17,
n50-identities_c50-conc_mech-blockchain-1backend_valid-active_r30_audit-off_20260820T020715Z,obs_7e3170b516b84a5898258917f68a3402,2026-08-20T02:07:20.825956+00:00,blockchain,valid_active,3,50,UAV-VALID,ACCEPTED,INVALID_SIGNATURE,False,309695300,309.6953,54500,309034800,0,4400,441100,0,0,0,,,,none,blockchain-valid_active_5,0,False,238,17,
n50-identities_c50-conc_mech-blockchain-1backend_valid-active_r30_audit-off_20260820T020715Z,obs_ad5272ba047142928bd3b8507cc2337b,2026-08-20T02:07:20.628104+00:00,blockchain,valid_active,0,50,UAV-VALID,ACCEPTED,INVALID_SIGNATURE,False,150179600,150.1796,55700,149642200,0,6100,307500,0,0,0,,,,none,blockchain-valid_active_2,0,False,240,17,
n50-identities_c50-conc_mech-blockchain-1backend_valid-active_r30_audit-off_20260820T020715Z,obs_938e3b2ead404d2caf012d7d9a1f390d,2026-08-20T02:07:20.799659+00:00,blockchain,valid_active,4,50,UAV-VALID,ACCEPTED,INVALID_SIGNATURE,False,279560600,279.5606,56300,279166900,0,4500,247200,0,0,0,,,,none,blockchain-valid_active_6,0,False,239,17,
n50-identities_c50-conc_mech-blockchain-1backend_valid-active_r30_audit-off_20260820T020715Z,obs_3165fdacb049461794c8282d78efe714,2026-08-20T02:07:21.143246+00:00,blockchain,valid_active,6,50,UAV-VALID,ACCEPTED,INVALID_SIGNATURE,False,555771600,555.7716,53400,555132800,0,6100,448900,0,0,0,,,,none,blockchain-valid_active_8,0,False,238,17,
n50-identities_c50-conc_mech-blockchain-1backend_valid-active_r30_audit-off_20260820T020715Z,obs_2466ad91e0454aafa06c498c1ad3b579,2026-08-20T02:07:21.161018+00:00,blockchain,valid_active,8,50,UAV-VALID,ACCEPTED,INVALID_SIGNATURE,False,518266500,518.2665,104000,517836500,0,4100,270500,0,0,0,,,,none,blockchain-valid_active_10,0,False,237,17,
n50-identities_c50-conc_mech-blockchain-1backend_valid-active_r30_audit-off_20260820T020715Z,obs_6262f37da5ee4869946e88c057d7b1e8,2026-08-20T02:07:21.176639+00:00,blockchain,valid_active,9,50,UAV-VALID,ACCEPTED,INVALID_SIGNATURE,False,532035200,532.0352,47400,531636800,0,4400,252300,0,0,0,,,,none,blockchain-valid_active_0,0,False,239,17,
n50-identities_c50-conc_mech-blockchain-1backend_valid-active_r30_audit-off_20260820T020715Z,obs_ed062f71af0546bebc6e4552f3a1c6bd,2026-08-20T02:07:21.225117+00:00,blockchain,valid_active,7,50,UAV-VALID,ACCEPTED,INVALID_SIGNATURE,False,611082200,611.0822,106300,610650500,0,4900,254500,0,0,0,,,,none,blockchain-valid_active_9,0,False,239,17,
n50-identities_c50-conc_mech-blockchain-1backend_valid-active_r30_audit-off_20260820T020715Z,obs_74d5022d8f124fffa23f4fdc1fcd3a89,2026-08-20T02:07:21.238868+00:00,blockchain,valid_active,14,50,UAV-VALID,ACCEPTED,INVALID_SIGNATURE,False,512707800,512.7078,2494900,511976200,0,4800,286000,0,0,0,,,,none,blockchain-valid_active_14,0,False,238,17,
n50-identities_c50-conc_mech-blockchain-1backend_valid-active_r30_audit-off_20260820T020715Z,obs_55bd3022c04b41629d61f8cc2bc45046,2026-08-20T02:07:21.241676+00:00,blockchain,valid_active,10,50,UAV-VALID,ACCEPTED,INVALID_SIGNATURE,False,617771400,617.7714,66300,617285100,0,4900,274800,0,0,0,,,,none,blockchain-valid_active_11,0,False,239,17,
n50-identities_c50-conc_mech-blockchain-1backend_valid-active_r30_audit-off_20260820T020715Z,obs_a15eb861ab4744dd9441876e59b30a5f,2026-08-20T02:07:21.259789+00:00,blockchain,valid_active,15,50,UAV-VALID,ACCEPTED,INVALID_SIGNATURE,False,510804700,510.8047,67700,510363700,0,4100,265200,0,0,0,,,,none,blockchain-valid_active_2,0,False,238,17,
n50-identities_c50-conc_mech-blockchain-1backend_valid-active_r30_audit-off_20260820T020715Z,obs_22198c9f374d412ca366e17b2b8c48b7,2026-08-20T02:07:21.297633+00:00,blockchain,valid_active,11,50,UAV-VALID,ACCEPTED,INVALID_SIGNATURE,False,628420000,628.42,48300,627802100,0,4200,441400,0,0,0,,,,none,blockchain-valid_active_1,0,False,238,17,
n50-identities_c50-conc_mech-blockchain-1backend_valid-active_r30_audit-off_20260820T020715Z,obs_e5747e8e15c04cab9a5953144b705bd3,2026-08-20T02:07:21.313044+00:00,blockchain,valid_active,21,50,UAV-VALID,ACCEPTED,INVALID_SIGNATURE,False,467294800,467.2948,57200,466792100,0,6800,295800,0,0,0,,,,none,blockchain-valid_active_3,0,False,240,17,
n50-identities_c50-conc_mech-blockchain-1backend_valid-active_r30_audit-off_20260820T020715Z,obs_b844e0baded344fb9733ce41be31b20e,2026-08-20T02:07:21.331543+00:00,blockchain,valid_active,16,50,UAV-VALID,ACCEPTED,INVALID_SIGNATURE,False,556273500,556.2735,69700,555681100,0,4500,422400,0,0,0,,,,none,blockchain-valid_active_15,0,False,239,17,
n50-identities_c50-conc_mech-blockchain-1backend_valid-active_r30_audit-off_20260820T020715Z,obs_08301d23b5da4649ad452cef5c12a900,2026-08-20T02:07:21.344744+00:00,blockchain,valid_active,20,50,UAV-VALID,ACCEPTED,INVALID_SIGNATURE,False,485870100,485.8701,53400,485447500,0,4900,262000,0,0,0,,,,none,blockchain-valid_active_19,0,False,239,17,
n50-identities_c50-conc_mech-blockchain-1backend_valid-active_r30_audit-off_20260820T020715Z,obs_bf45f4cc08ec40f4a79189c014dcda85,2026-08-20T02:07:21.355862+00:00,blockchain,valid_active,13,50,UAV-VALID,ACCEPTED,INVALID_SIGNATURE,False,634624200,634.6242,41700,634197400,0,4800,259800,0,0,0,,,,none,blockchain-valid_active_13,0,False,239,17,
n50-identities_c50-conc_mech-blockchain-1backend_valid-active_r30_audit-off_20260820T020715Z,obs_78b954d1af1a425794d345f81a17e7da,2026-08-20T02:07:21.375527+00:00,blockchain,valid_active,19,50,UAV-VALID,ACCEPTED,INVALID_SIGNATURE,False,604536600,604.5366,69800,603813500,0,4800,541300,0,0,0,,,,none,blockchain-valid_active_18,0,False,239,17,
n50-identities_c50-conc_mech-blockchain-1backend_valid-active_r30_audit-off_20260820T020715Z,obs_62c1d97b42fa45eeb3772bd042b1f989,2026-08-20T02:07:21.381197+00:00,blockchain,valid_active,24,50,UAV-VALID,ACCEPTED,INVALID_SIGNATURE,False,340133500,340.1335,71700,339674300,0,4300,263900,0,0,0,,,,none,blockchain-valid_active_6,0,False,239,17,
n50-identities_c50-conc_mech-blockchain-1backend_valid-active_r30_audit-off_20260820T020715Z,obs_bb8aecffa1b64fa4a1043aaa095f65cc,2026-08-20T02:07:21.387489+00:00,blockchain,valid_active,12,50,UAV-VALID,ACCEPTED,INVALID_SIGNATURE,False,693357400,693.3574,56500,692883800,0,4700,266000,0,0,0,,,,none,blockchain-valid_active_12,0,False,239,17,
n50-identities_c50-conc_mech-blockchain-1backend_valid-active_r30_audit-off_20260820T020715Z,obs_2702e18f89f74031ad09b1567af24a0a,2026-08-20T02:07:21.406363+00:00,blockchain,valid_active,18,50,UAV-VALID,ACCEPTED,INVALID_SIGNATURE,False,578557600,578.5576,64400,578114200,0,4900,286800,0,0,0,,,,none,blockchain-valid_active_17,0,False,239,17,
n50-identities_c50-conc_mech-blockchain-1backend_valid-active_r30_audit-off_20260820T020715Z,obs_fef6198c24ea4ad0bb82f9c8f2159034,2026-08-20T02:07:21.408620+00:00,blockchain,valid_active,26,50,UAV-VALID,ACCEPTED,INVALID_SIGNATURE,False,294222800,294.2228,91500,293736100,0,5100,300000,0,0,0,,,,none,blockchain-valid_active_7,0,False,240,17,
n50-identities_c50-conc_mech-blockchain-1backend_valid-active_r30_audit-off_20260820T020715Z,obs_76c1769fc2b247998435bb6ae655f417,2026-08-20T02:07:21.415020+00:00,blockchain,valid_active,27,50,UAV-VALID,ACCEPTED,INVALID_SIGNATURE,False,317635500,317.6355,47300,317212600,0,4800,269900,0,0,0,,,,none,blockchain-valid_active_22,0,False,238,17,
n50-identities_c50-conc_mech-blockchain-1backend_valid-active_r30_audit-off_20260820T020715Z,obs_b7fc561554d942568b79aa433b8ce1eb,2026-08-20T02:07:21.429435+00:00,blockchain,valid_active,28,50,UAV-VALID,ACCEPTED,INVALID_SIGNATURE,False,344554200,344.5542,51200,343112700,0,4300,684700,0,0,0,,,,none,blockchain-valid_active_23,0,False,240,17,
n50-identities_c50-conc_mech-blockchain-1backend_valid-active_r30_audit-off_20260820T020715Z,obs_84582ba6f7884ada812212709fc42dd3,2026-08-20T02:07:21.437241+00:00,blockchain,valid_active,17,50,UAV-VALID,ACCEPTED,INVALID_SIGNATURE,False,639796000,639.796,49100,639357800,0,5300,271300,0,0,0,,,,none,blockchain-valid_active_16,0,False,240,17,
n50-identities_c50-conc_mech-blockchain-1backend_valid-active_r30_audit-off_20260820T020715Z,obs_4782fc62f53a4d6c9280ecb1c866118a,2026-08-20T02:07:21.470676+00:00,blockchain,valid_active,25,50,UAV-VALID,ACCEPTED,INVALID_SIGNATURE,False,383810600,383.8106,57800,383422200,0,3900,233700,0,0,0,,,,none,blockchain-valid_active_5,0,False,239,17,
n50-identities_c50-conc_mech-blockchain-1backend_valid-active_r30_audit-off_20260820T020715Z,obs_bd42251ee20f49c2bd549645e3cd8add,2026-08-20T02:07:21.472338+00:00,blockchain,valid_active,23,50,UAV-VALID,ACCEPTED,INVALID_SIGNATURE,False,327647100,327.6471,55400,326900700,0,6300,550100,0,0,0,,,,none,blockchain-valid_active_21,0,False,239,17,
n50-identities_c50-conc_mech-blockchain-1backend_valid-active_r30_audit-off_20260820T020715Z,obs_adbba0f5b6bc465fb03607a3140868b3,2026-08-20T02:07:21.496934+00:00,blockchain,valid_active,29,50,UAV-VALID,ACCEPTED,INVALID_SIGNATURE,False,287485500,287.4855,52300,286382100,0,3500,940800,0,0,0,,,,none,blockchain-valid_active_4,0,False,239,17,
n50-identities_c50-conc_mech-blockchain-1backend_valid-active_r30_audit-off_20260820T020715Z,obs_fa7f0e2af7d74c889c5bcf93fa9c5264,2026-08-20T02:07:21.502479+00:00,blockchain,valid_active,22,50,UAV-VALID,ACCEPTED,INVALID_SIGNATURE,False,377763700,377.7637,39700,374890500,0,3800,2625800,0,0,0,,,,none,blockchain-valid_active_20,0,False,239,17,
n50-identities_c50-conc_mech-x509-1backend_valid-active_r30_audit-off_20260820T020711Z,obs_c372bf105e644725acf103a5e9bbfe29,2026-08-20T02:07:12.806885+00:00,x509,valid_active,0,50,UAV-VALID,ACCEPTED,ACCEPTED,True,3476400,3.4764,61200,158900,2914200,0,236800,7300,0,0,,,,none,x509-valid_active_0,0,True,240,8,
n50-identities_c50-conc_mech-x509-1backend_valid-active_r30_audit-off_20260820T020711Z,obs_d2ca4773d2084cbd8bc32baf493b4c37,2026-08-20T02:07:12.833615+00:00,x509,valid_active,1,50,UAV-VALID,ACCEPTED,ACCEPTED,True,14443600,14.4436,58800,131200,13959300,0,205600,6100,0,0,,,,none,x509-valid_active_1,0,True,238,8,
n50-identities_c50-conc_mech-x509-1backend_valid-active_r30_audit-off_20260820T020711Z,obs_7777c49d14784c63999ae9ebacd9beed,2026-08-20T02:07:12.885567+00:00,x509,valid_active,7,50,UAV-VALID,ACCEPTED,ACCEPTED,True,22554600,22.5546,43200,110900,22111900,0,203900,4900,0,0,,,,none,x509-valid_active_8,0,False,240,8,
n50-identities_c50-conc_mech-x509-1backend_valid-active_r30_audit-off_20260820T020711Z,obs_7abcdb5a6d464b09b58d3b78d647f7fe,2026-08-20T02:07:12.878334+00:00,x509,valid_active,9,50,UAV-VALID,ACCEPTED,ACCEPTED,True,22072600,22.0726,36700,124800,21502000,0,233100,7600,0,0,,,,none,x509-valid_active_10,0,False,239,8,
n50-identities_c50-conc_mech-x509-1backend_valid-active_r30_audit-off_20260820T020711Z,obs_ac3c93351af14fef99e322c4fafbcda1,2026-08-20T02:07:12.866203+00:00,x509,valid_active,6,50,UAV-VALID,ACCEPTED,ACCEPTED,True,20218100,20.2181,53000,133800,19598700,0,267600,7100,0,0,,,,none,x509-valid_active_7,0,False,238,8,
n50-identities_c50-conc_mech-x509-1backend_valid-active_r30_audit-off_20260820T020711Z,obs_b711443e118c488e97ed252c7910fc53,2026-08-20T02:07:12.869189+00:00,x509,valid_active,3,50,UAV-VALID,ACCEPTED,ACCEPTED,True,33141100,33.1411,55700,123700,32625400,0,235600,6600,0,0,,,,none,x509-valid_active_4,0,False,238,8,
n50-identities_c50-conc_mech-x509-1backend_valid-active_r30_audit-off_20260820T020711Z,obs_f89bd8ce1a02490f8e718bf36bcab340,2026-08-20T02:07:12.846939+00:00,x509,valid_active,1,50,UAV-VALID,ACCEPTED,ACCEPTED,True,25217900,25.2179,130400,116900,24697200,0,244900,8800,0,0,,,,none,x509-valid_active_0,0,False,238,8,
n50-identities_c50-conc_mech-x509-1backend_valid-active_r30_audit-off_20260820T020711Z,obs_b7fe5a8773b8484fa611971cfb28e05d,2026-08-20T02:07:12.897296+00:00,x509,valid_active,11,50,UAV-VALID,ACCEPTED,ACCEPTED,True,25966800,25.9668,51500,121300,25436100,0,233000,7800,0,0,,,,none,x509-valid_active_1,0,False,238,8,
n50-identities_c50-conc_mech-x509-1backend_valid-active_r30_audit-off_20260820T020711Z,obs_3e6e2e7543174e4f8561b133c2f9fac7,2026-08-20T02:07:12.884068+00:00,x509,valid_active,8,50,UAV-VALID,ACCEPTED,ACCEPTED,True,22627000,22.627,45600,140200,22058800,0,247500,7300,0,0,,,,none,x509-valid_active_9,0,False,240,8,
n50-identities_c50-conc_mech-x509-1backend_valid-active_r30_audit-off_20260820T020711Z,obs_8c1fdaa75f1e4a0d83ef0b296187418e,2026-08-20T02:07:12.864348+00:00,x509,valid_active,5,50,UAV-VALID,ACCEPTED,ACCEPTED,True,29339000,29.339,43200,126900,28846200,0,216100,6100,0,0,,,,none,x509-valid_active_6,0,False,240,8,
n50-identities_c50-conc_mech-x509-1backend_valid-active_r30_audit-off_20260820T020711Z,obs_0cfa6801d1ef4f2d99565f2490c03c1f,2026-08-20T02:07:12.904300+00:00,x509,valid_active,12,50,UAV-VALID,ACCEPTED,ACCEPTED,True,23712200,23.7122,46900,124800,23069000,0,300200,11300,0,0,,,,none,x509-valid_active_12,0,False,239,8,
n50-identities_c50-conc_mech-x509-1backend_valid-active_r30_audit-off_20260820T020711Z,obs_9258a80a1d21410b8b93ba1dbe1842cd,2026-08-20T02:07:12.902755+00:00,x509,valid_active,10,50,UAV-VALID,ACCEPTED,ACCEPTED,True,23902700,23.9027,47800,124100,23306200,0,263900,6600,0,0,,,,none,x509-valid_active_11,0,False,240,8,
n50-identities_c50-conc_mech-x509-1backend_valid-active_r30_audit-off_20260820T020711Z,obs_9956a43083334152a518f890fac4e945,2026-08-20T02:07:12.879606+00:00,x509,valid_active,4,50,UAV-VALID,ACCEPTED,ACCEPTED,True,37874100,37.8741,41700,2420100,34875500,0,187800,5800,0,0,,,,none,x509-valid_active_5,0,False,239,8,
n50-identities_c50-conc_mech-x509-1backend_valid-active_r30_audit-off_20260820T020711Z,obs_f02a5ae12c4343fea22a2e98610c18d7,2026-08-20T02:07:12.851089+00:00,x509,valid_active,2,50,UAV-VALID,ACCEPTED,ACCEPTED,True,21312800,21.3128,47300,121700,20835100,0,208300,6100,0,0,,,,none,x509-valid_active_3,0,False,238,8,
n50-identities_c50-conc_mech-x509-1backend_valid-active_r30_audit-off_20260820T020711Z,obs_fe89f87e8c554e8db89260ca49ad4f21,2026-08-20T02:07:12.849001+00:00,x509,valid_active,0,50,UAV-VALID,ACCEPTED,ACCEPTED,True,22763200,22.7632,44600,227900,22163600,0,220200,6700,0,0,,,,none,x509-valid_active_2,0,False,239,8,
n50-identities_c50-conc_mech-x509-1backend_valid-active_r30_audit-off_20260820T020711Z,obs_e53a26ff8e4346adb75746a1d47bd5d8,2026-08-20T02:07:12.912499+00:00,x509,valid_active,13,50,UAV-VALID,ACCEPTED,ACCEPTED,True,30157600,30.1576,44600,117700,29533100,0,297700,7700,0,0,,,,none,x509-valid_active_0,0,False,239,8,
n50-identities_c50-conc_mech-x509-1backend_valid-active_r30_audit-off_20260820T020711Z,obs_8296192e2d6c4286998878e35652cc92,2026-08-20T02:07:12.917426+00:00,x509,valid_active,17,50,UAV-VALID,ACCEPTED,ACCEPTED,True,24063300,24.0633,44100,117600,23563500,0,236600,6400,0,0,,,,none,x509-valid_active_6,0,False,239,8,
n50-identities_c50-conc_mech-x509-1backend_valid-active_r30_audit-off_20260820T020711Z,obs_032e19a040d5472da79c92cbbccc17e1,2026-08-20T02:07:12.924007+00:00,x509,valid_active,15,50,UAV-VALID,ACCEPTED,ACCEPTED,True,38072100,38.0721,51300,83900,37568700,0,258600,8100,0,0,,,,none,x509-valid_active_3,0,False,239,8,
n50-identities_c50-conc_mech-x509-1backend_valid-active_r30_audit-off_20260820T020711Z,obs_a3fdeb69d1d045d192ffcc92b8e7f492,2026-08-20T02:07:12.932004+00:00,x509,valid_active,16,50,UAV-VALID,ACCEPTED,ACCEPTED,True,16730800,16.7308,67200,105900,16262400,0,222000,6400,0,0,,,,none,x509-valid_active_13,0,False,239,8,
n50-identities_c50-conc_mech-x509-1backend_valid-active_r30_audit-off_20260820T020711Z,obs_eb3541af099649529be7cd05ef9c6927,2026-08-20T02:07:12.936719+00:00,x509,valid_active,14,50,UAV-VALID,ACCEPTED,ACCEPTED,True,30676700,30.6767,47500,111400,30149500,0,255400,8200,0,0,,,,none,x509-valid_active_2,0,False,238,8,
n50-identities_c50-conc_mech-x509-1backend_valid-active_r30_audit-off_20260820T020711Z,obs_70699aeba39e4c8eb800e69c3bfd50ec,2026-08-20T02:07:12.939422+00:00,x509,valid_active,20,50,UAV-VALID,ACCEPTED,ACCEPTED,True,24847100,24.8471,56300,139200,24363000,0,199200,6700,0,0,,,,none,x509-valid_active_14,0,False,239,8,
n50-identities_c50-conc_mech-x509-1backend_valid-active_r30_audit-off_20260820T020711Z,obs_64dc00a91d8c48cf8f97243e24b16dfc,2026-08-20T02:07:12.947631+00:00,x509,valid_active,18,50,UAV-VALID,ACCEPTED,ACCEPTED,True,26337900,26.3379,44900,109900,25824800,0,238000,8400,0,0,,,,none,x509-valid_active_7,0,False,238,8,
n50-identities_c50-conc_mech-x509-1backend_valid-active_r30_audit-off_20260820T020711Z,obs_663196ee59564c3e99983857ec40d24c,2026-08-20T02:07:12.948388+00:00,x509,valid_active,23,50,UAV-VALID,ACCEPTED,ACCEPTED,True,20746500,20.7465,77500,120700,20249000,0,223100,17200,0,0,,,,none,x509-valid_active_15,0,False,238,8,
n50-identities_c50-conc_mech-x509-1backend_valid-active_r30_audit-off_20260820T020711Z,obs_535df3f181804dad87a9b5fa29b3aed1,2026-08-20T02:07:12.952534+00:00,x509,valid_active,21,50,UAV-VALID,ACCEPTED,ACCEPTED,True,21812400,21.8124,48700,87600,21369700,0,205500,5400,0,0,,,,none,x509-valid_active_10,0,False,238,8,
n50-identities_c50-conc_mech-x509-1backend_valid-active_r30_audit-off_20260820T020711Z,obs_9199cea612ff461a81950388e92b6cab,2026-08-20T02:07:12.954003+00:00,x509,valid_active,22,50,UAV-VALID,ACCEPTED,ACCEPTED,True,23886300,23.8863,35000,103200,23451000,0,192200,5100,0,0,,,,none,x509-valid_active_5,0,False,238,8,
n50-identities_c50-conc_mech-x509-1backend_valid-active_r30_audit-off_20260820T020711Z,obs_d1629b9e7e4f4f81a038bd6896fc4751,2026-08-20T02:07:12.955546+00:00,x509,valid_active,19,50,UAV-VALID,ACCEPTED,ACCEPTED,True,31038400,31.0384,101100,95000,30593900,0,212000,6100,0,0,,,,none,x509-valid_active_4,0,False,239,8,
n50-identities_c50-conc_mech-x509-1backend_valid-active_r30_audit-off_20260820T020711Z,obs_814fb9be159e468d81770d817a3ab9fb,2026-08-20T02:07:12.956868+00:00,x509,valid_active,24,50,UAV-VALID,ACCEPTED,ACCEPTED,True,23982300,23.9823,46700,98100,23544200,0,200100,5800,0,0,,,,none,x509-valid_active_9,0,False,240,8,
n50-identities_c50-conc_mech-x509-1backend_valid-active_r30_audit-off_20260820T020711Z,obs_e052b0d163064717b77a9d3807b8f34d,2026-08-20T02:07:12.960320+00:00,x509,valid_active,29,50,UAV-VALID,ACCEPTED,ACCEPTED,True,13705300,13.7053,38300,130500,13224900,0,198400,5700,0,0,,,,none,x509-valid_active_11,0,False,238,8,
n50-identities_c50-conc_mech-x509-1backend_valid-active_r30_audit-off_20260820T020711Z,obs_bcb0a2bd9c3d47e99fee116316af3979,2026-08-20T02:07:12.961036+00:00,x509,valid_active,27,50,UAV-VALID,ACCEPTED,ACCEPTED,True,15483900,15.4839,49900,152100,14889900,0,194900,4600,0,0,,,,none,x509-valid_active_1,0,False,240,8,
n50-identities_c50-conc_mech-x509-1backend_valid-active_r30_audit-off_20260820T020711Z,obs_11c857c7d617413692b3b1e00024c463,2026-08-20T02:07:12.961673+00:00,x509,valid_active,28,50,UAV-VALID,ACCEPTED,ACCEPTED,True,28133800,28.1338,42500,134400,27643600,0,230700,5300,0,0,,,,none,x509-valid_active_17,0,False,240,8,
n50-identities_c50-conc_mech-x509-1backend_valid-active_r30_audit-off_20260820T020711Z,obs_a4493136c694425b99a1682d8a3a020e,2026-08-20T02:07:12.962418+00:00,x509,valid_active,25,50,UAV-VALID,ACCEPTED,ACCEPTED,True,28071800,28.0718,45100,66400,27690400,0,188500,5000,0,0,,,,none,x509-valid_active_8,0,False,238,8,
n50-identities_c50-conc_mech-x509-1backend_valid-active_r30_audit-off_20260820T020711Z,obs_0edd552e8fe640cc8afb5fe853d9d3be,2026-08-20T02:07:12.963917+00:00,x509,valid_active,26,50,UAV-VALID,ACCEPTED,ACCEPTED,True,5688300,5.6883,44600,159400,5182600,0,197700,5900,0,0,,,,none,x509-valid_active_16,0,False,239,8,
n500-identities_c1-conc_mech-blockchain-1backend_valid-active_r30_audit-off_20260820T022510Z,obs_c5b9ce0aa42a4a26a4a8bb4f2844909a,2026-08-20T02:25:23.287107+00:00,blockchain,valid_active,0,1,UAV-VALID,ACCEPTED,INVALID_SIGNATURE,False,26339300,26.3393,54800,25921500,0,5300,260500,0,0,0,,,,none,blockchain-valid_active_0,0,True,240,17,
n500-identities_c1-conc_mech-blockchain-1backend_valid-active_r30_audit-off_20260820T022510Z,obs_d0377b49170340d2b81a56671b33075f,2026-08-20T02:25:23.318568+00:00,blockchain,valid_active,1,1,UAV-VALID,ACCEPTED,INVALID_SIGNATURE,False,22615300,22.6153,51700,22196400,0,4100,250400,0,0,0,,,,none,blockchain-valid_active_0,0,True,239,17,
n500-identities_c1-conc_mech-blockchain-1backend_valid-active_r30_audit-off_20260820T022510Z,obs_b47f61e030b944e3858c5e4d0f645274,2026-08-20T02:25:23.347153+00:00,blockchain,valid_active,0,1,UAV-VALID,ACCEPTED,INVALID_SIGNATURE,False,20431100,20.4311,62700,20041800,0,4800,254300,0,0,0,,,,none,blockchain-valid_active_0,0,False,239,17,
n500-identities_c1-conc_mech-blockchain-1backend_valid-active_r30_audit-off_20260820T022510Z,obs_71e7b4784fda4805b23482aa4ca4660e,2026-08-20T02:25:23.378608+00:00,blockchain,valid_active,1,1,UAV-VALID,ACCEPTED,INVALID_SIGNATURE,False,23963300,23.9633,52500,23532900,0,3100,277200,0,0,0,,,,none,blockchain-valid_active_0,0,False,239,17,
n500-identities_c1-conc_mech-blockchain-1backend_valid-active_r30_audit-off_20260820T022510Z,obs_2ac81c42172a4a0f91661f8f335553c9,2026-08-20T02:25:23.410013+00:00,blockchain,valid_active,2,1,UAV-VALID,ACCEPTED,INVALID_SIGNATURE,False,22808800,22.8088,58300,22369300,0,6100,267400,0,0,0,,,,none,blockchain-valid_active_0,0,False,240,17,
n500-identities_c1-conc_mech-blockchain-1backend_valid-active_r30_audit-off_20260820T022510Z,obs_d8c489a1cd224fd58af0aa3ff0391982,2026-08-20T02:25:23.438952+00:00,blockchain,valid_active,3,1,UAV-VALID,ACCEPTED,INVALID_SIGNATURE,False,21724100,21.7241,50200,21230600,0,5600,321900,0,0,0,,,,none,blockchain-valid_active_0,0,False,238,17,
n500-identities_c1-conc_mech-blockchain-1backend_valid-active_r30_audit-off_20260820T022510Z,obs_98bbb1d7caaf40ce9a22ea7f124b4551,2026-08-20T02:25:23.464778+00:00,blockchain,valid_active,4,1,UAV-VALID,ACCEPTED,INVALID_SIGNATURE,False,18494100,18.4941,45800,18094700,0,3500,242300,0,0,0,,,,none,blockchain-valid_active_0,0,False,239,17,
n500-identities_c1-conc_mech-blockchain-1backend_valid-active_r30_audit-off_20260820T022510Z,obs_8b3ef705253d49aebbde80bff681b176,2026-08-20T02:25:23.490670+00:00,blockchain,valid_active,5,1,UAV-VALID,ACCEPTED,INVALID_SIGNATURE,False,18041600,18.0416,65700,17706700,0,2800,200000,0,0,0,,,,none,blockchain-valid_active_0,0,False,239,17,
n500-identities_c1-conc_mech-blockchain-1backend_valid-active_r30_audit-off_20260820T022510Z,obs_12bac2137fc64b448e24b72d3b4da5a9,2026-08-20T02:25:23.516478+00:00,blockchain,valid_active,6,1,UAV-VALID,ACCEPTED,INVALID_SIGNATURE,False,18998400,18.9984,58600,18619900,0,2800,244900,0,0,0,,,,none,blockchain-valid_active_0,0,False,239,17,
n500-identities_c1-conc_mech-blockchain-1backend_valid-active_r30_audit-off_20260820T022510Z,obs_a7657249d58d48b69d274b0e5552443f,2026-08-20T02:25:23.546961+00:00,blockchain,valid_active,7,1,UAV-VALID,ACCEPTED,INVALID_SIGNATURE,False,22812200,22.8122,49400,22445000,0,2600,248200,0,0,0,,,,none,blockchain-valid_active_0,0,False,239,17,
n500-identities_c1-conc_mech-blockchain-1backend_valid-active_r30_audit-off_20260820T022510Z,obs_87fb450f10a64f69934a3c62921d0efa,2026-08-20T02:25:23.578513+00:00,blockchain,valid_active,8,1,UAV-VALID,ACCEPTED,INVALID_SIGNATURE,False,23435100,23.4351,56000,23014900,0,8000,245300,0,0,0,,,,none,blockchain-valid_active_0,0,False,238,17,
n500-identities_c1-conc_mech-blockchain-1backend_valid-active_r30_audit-off_20260820T022510Z,obs_4a14e2618e99474dab09ed7be15d78ae,2026-08-20T02:25:23.606190+00:00,blockchain,valid_active,9,1,UAV-VALID,ACCEPTED,INVALID_SIGNATURE,False,19161800,19.1618,60200,18822200,0,3100,183400,0,0,0,,,,none,blockchain-valid_active_0,0,False,239,17,
n500-identities_c1-conc_mech-blockchain-1backend_valid-active_r30_audit-off_20260820T022510Z,obs_705111ac1124432f90900cb0ce25721a,2026-08-20T02:25:23.633164+00:00,blockchain,valid_active,10,1,UAV-VALID,ACCEPTED,INVALID_SIGNATURE,False,19936600,19.9366,54400,19558900,0,3800,241800,0,0,0,,,,none,blockchain-valid_active_0,0,False,239,17,
n500-identities_c1-conc_mech-blockchain-1backend_valid-active_r30_audit-off_20260820T022510Z,obs_79644be619314eaebe9326f3aa2d1810,2026-08-20T02:25:23.659716+00:00,blockchain,valid_active,11,1,UAV-VALID,ACCEPTED,INVALID_SIGNATURE,False,18990800,18.9908,53800,18617800,0,4800,228600,0,0,0,,,,none,blockchain-valid_active_0,0,False,240,17,
n500-identities_c1-conc_mech-blockchain-1backend_valid-active_r30_audit-off_20260820T022510Z,obs_db367560edf0458f88914b704bc25223,2026-08-20T02:25:23.711173+00:00,blockchain,valid_active,12,1,UAV-VALID,ACCEPTED,INVALID_SIGNATURE,False,42796400,42.7964,96000,42367900,0,4700,272800,0,0,0,,,,none,blockchain-valid_active_0,0,False,239,17,
n500-identities_c1-conc_mech-blockchain-1backend_valid-active_r30_audit-off_20260820T022510Z,obs_2f2da29c9fac471c9cb6fcd2f236fbe9,2026-08-20T02:25:23.740425+00:00,blockchain,valid_active,13,1,UAV-VALID,ACCEPTED,INVALID_SIGNATURE,False,22058300,22.0583,46200,21616600,0,3700,274300,0,0,0,,,,none,blockchain-valid_active_0,0,False,239,17,
n500-identities_c1-conc_mech-blockchain-1backend_valid-active_r30_audit-off_20260820T022510Z,obs_c88ba8d2d66447c3aa893b931f93f82f,2026-08-20T02:25:23.809265+00:00,blockchain,valid_active,14,1,UAV-VALID,ACCEPTED,INVALID_SIGNATURE,False,31963800,31.9638,75900,31563800,0,4300,240700,0,0,0,,,,none,blockchain-valid_active_0,0,False,238,17,
n500-identities_c1-conc_mech-blockchain-1backend_valid-active_r30_audit-off_20260820T022510Z,obs_0930893c00c44dcf86c9358732d86b66,2026-08-20T02:25:23.839777+00:00,blockchain,valid_active,15,1,UAV-VALID,ACCEPTED,INVALID_SIGNATURE,False,22489700,22.4897,73500,22003100,0,6300,288600,0,0,0,,,,none,blockchain-valid_active_0,0,False,238,17,
n500-identities_c1-conc_mech-blockchain-1backend_valid-active_r30_audit-off_20260820T022510Z,obs_9f779d7a25f041fe943122526f3e189c,2026-08-20T02:25:23.866571+00:00,blockchain,valid_active,16,1,UAV-VALID,ACCEPTED,INVALID_SIGNATURE,False,17858900,17.8589,54000,17475200,0,3900,240100,0,0,0,,,,none,blockchain-valid_active_0,0,False,240,17,
n500-identities_c1-conc_mech-blockchain-1backend_valid-active_r30_audit-off_20260820T022510Z,obs_772b079385f041cdbfa9d714e6664733,2026-08-20T02:25:23.896410+00:00,blockchain,valid_active,17,1,UAV-VALID,ACCEPTED,INVALID_SIGNATURE,False,22167700,22.1677,66100,21772100,0,4700,241300,0,0,0,,,,none,blockchain-valid_active_0,0,False,239,17,
n500-identities_c1-conc_mech-blockchain-1backend_valid-active_r30_audit-off_20260820T022510Z,obs_4404ece75fff49caaa0d59da93e12b41,2026-08-20T02:25:23.942880+00:00,blockchain,valid_active,18,1,UAV-VALID,ACCEPTED,INVALID_SIGNATURE,False,37854100,37.8541,96700,37411800,0,5400,263400,0,0,0,,,,none,blockchain-valid_active_0,0,False,239,17,
n500-identities_c1-conc_mech-blockchain-1backend_valid-active_r30_audit-off_20260820T022510Z,obs_6b3b767c54204f25a661c20f8901ea78,2026-08-20T02:25:23.995487+00:00,blockchain,valid_active,19,1,UAV-VALID,ACCEPTED,INVALID_SIGNATURE,False,43947900,43.9479,55900,43605000,0,3300,224800,0,0,0,,,,none,blockchain-valid_active_0,0,False,239,17,
n500-identities_c1-conc_mech-blockchain-1backend_valid-active_r30_audit-off_20260820T022510Z,obs_b3a3f273eb8e4e2cb3cd31bc4737a6b5,2026-08-20T02:25:24.026735+00:00,blockchain,valid_active,20,1,UAV-VALID,ACCEPTED,INVALID_SIGNATURE,False,23387100,23.3871,57900,23002300,0,3500,240800,0,0,0,,,,none,blockchain-valid_active_0,0,False,240,17,
n500-identities_c1-conc_mech-blockchain-1backend_valid-active_r30_audit-off_20260820T022510Z,obs_c48dda33372c481b87299fae48861a12,2026-08-20T02:25:24.071220+00:00,blockchain,valid_active,21,1,UAV-VALID,ACCEPTED,INVALID_SIGNATURE,False,35472700,35.4727,60000,35044500,0,4200,261000,0,0,0,,,,none,blockchain-valid_active_0,0,False,238,17,
n500-identities_c1-conc_mech-blockchain-1backend_valid-active_r30_audit-off_20260820T022510Z,obs_94bc4c20a66547ed90ce4d4726683cc8,2026-08-20T02:25:24.118454+00:00,blockchain,valid_active,22,1,UAV-VALID,ACCEPTED,INVALID_SIGNATURE,False,38904400,38.9044,50100,38531900,0,4100,234700,0,0,0,,,,none,blockchain-valid_active_0,0,False,240,17,
n500-identities_c1-conc_mech-blockchain-1backend_valid-active_r30_audit-off_20260820T022510Z,obs_aa14651832a74c13b43fc2d53cd6932c,2026-08-20T02:25:24.155439+00:00,blockchain,valid_active,23,1,UAV-VALID,ACCEPTED,INVALID_SIGNATURE,False,27892200,27.8922,62300,27299100,0,3800,290400,0,0,0,,,,none,blockchain-valid_active_0,0,False,240,17,
n500-identities_c1-conc_mech-blockchain-1backend_valid-active_r30_audit-off_20260820T022510Z,obs_765ee65937994fd8a7ddad2ac7438aaa,2026-08-20T02:25:24.184699+00:00,blockchain,valid_active,24,1,UAV-VALID,ACCEPTED,INVALID_SIGNATURE,False,20596900,20.5969,73800,20165600,0,3500,279500,0,0,0,,,,none,blockchain-valid_active_0,0,False,239,17,
n500-identities_c1-conc_mech-blockchain-1backend_valid-active_r30_audit-off_20260820T022510Z,obs_4a261af8d17044a5a2d2f2eb771fe3bf,2026-08-20T02:25:24.213005+00:00,blockchain,valid_active,25,1,UAV-VALID,ACCEPTED,INVALID_SIGNATURE,False,20214100,20.2141,65000,19785300,0,3100,264500,0,0,0,,,,none,blockchain-valid_active_0,0,False,239,17,
n500-identities_c1-conc_mech-blockchain-1backend_valid-active_r30_audit-off_20260820T022510Z,obs_623f00b871704d2aa7943725ea698972,2026-08-20T02:25:24.277866+00:00,blockchain,valid_active,26,1,UAV-VALID,ACCEPTED,INVALID_SIGNATURE,False,56298400,56.2984,84200,55907900,0,3500,244100,0,0,0,,,,none,blockchain-valid_active_0,0,False,240,17,
n500-identities_c1-conc_mech-blockchain-1backend_valid-active_r30_audit-off_20260820T022510Z,obs_578c41a1fa494c7db2491c16fd307632,2026-08-20T02:25:24.374433+00:00,blockchain,valid_active,27,1,UAV-VALID,ACCEPTED,INVALID_SIGNATURE,False,34207400,34.2074,72500,33748500,0,4800,278000,0,0,0,,,,none,blockchain-valid_active_0,0,False,238,17,
n500-identities_c1-conc_mech-blockchain-1backend_valid-active_r30_audit-off_20260820T022510Z,obs_d38cb74c95dc4ab19030b6e85fd4b380,2026-08-20T02:25:24.418643+00:00,blockchain,valid_active,28,1,UAV-VALID,ACCEPTED,INVALID_SIGNATURE,False,35623000,35.623,65500,35217900,0,4400,254700,0,0,0,,,,none,blockchain-valid_active_0,0,False,240,17,
n500-identities_c1-conc_mech-blockchain-1backend_valid-active_r30_audit-off_20260820T022510Z,obs_81ee2726b20e4a45be96a0aea2c83547,2026-08-20T02:25:24.450101+00:00,blockchain,valid_active,29,1,UAV-VALID,ACCEPTED,INVALID_SIGNATURE,False,23011500,23.0115,73100,22593400,0,3600,254900,0,0,0,,,,none,blockchain-valid_active_0,0,False,239,17,
n500-identities_c1-conc_mech-x509-1backend_valid-active_r30_audit-off_20260820T021640Z,obs_fc72832a63ce41ab881bf2e1f52d70c1,2026-08-20T02:25:09.422706+00:00,x509,valid_active,0,1,UAV-VALID,ACCEPTED,ACCEPTED,True,2688300,2.6883,68000,171600,2086900,0,255800,7300,0,0,,,,none,x509-valid_active_0,0,True,239,8,
n500-identities_c1-conc_mech-x509-1backend_valid-active_r30_audit-off_20260820T021640Z,obs_70e928b7f8bd4806b147b6cbf572d7f5,2026-08-20T02:25:09.436042+00:00,x509,valid_active,1,1,UAV-VALID,ACCEPTED,ACCEPTED,True,2167500,2.1675,59800,111700,1705800,0,208000,5700,0,0,,,,none,x509-valid_active_0,0,True,239,8,
n500-identities_c1-conc_mech-x509-1backend_valid-active_r30_audit-off_20260820T021640Z,obs_e6fbe661d7c24989ae1d547b76b4cd2c,2026-08-20T02:25:09.450144+00:00,x509,valid_active,0,1,UAV-VALID,ACCEPTED,ACCEPTED,True,5594100,5.5941,56900,109100,4805100,0,211700,5000,0,0,,,,none,x509-valid_active_0,0,False,240,8,
n500-identities_c1-conc_mech-x509-1backend_valid-active_r30_audit-off_20260820T021640Z,obs_de75d4b89452417497b201e9fec9dc7c,2026-08-20T02:25:09.464264+00:00,x509,valid_active,1,1,UAV-VALID,ACCEPTED,ACCEPTED,True,5223900,5.2239,75400,122400,4725700,0,222600,6300,0,0,,,,none,x509-valid_active_0,0,False,239,8,
n500-identities_c1-conc_mech-x509-1backend_valid-active_r30_audit-off_20260820T021640Z,obs_e2ca78de07bb49108effda253097c712,2026-08-20T02:25:09.474145+00:00,x509,valid_active,2,1,UAV-VALID,ACCEPTED,ACCEPTED,True,2003500,2.0035,45200,107500,1596100,0,174800,4900,0,0,,,,none,x509-valid_active_0,0,False,239,8,
n500-identities_c1-conc_mech-x509-1backend_valid-active_r30_audit-off_20260820T021640Z,obs_93d52c5d73c44d4b809fa47565dd437a,2026-08-20T02:25:09.496276+00:00,x509,valid_active,3,1,UAV-VALID,ACCEPTED,ACCEPTED,True,9696300,9.6963,55100,248400,8802000,0,271200,11000,0,0,,,,none,x509-valid_active_0,0,False,238,8,
n500-identities_c1-conc_mech-x509-1backend_valid-active_r30_audit-off_20260820T021640Z,obs_3d602808911243e694d55d2d427d7c8b,2026-08-20T02:25:09.510851+00:00,x509,valid_active,4,1,UAV-VALID,ACCEPTED,ACCEPTED,True,5300300,5.3003,79800,236700,4602000,0,268400,7200,0,0,,,,none,x509-valid_active_0,0,False,239,8,
n500-identities_c1-conc_mech-x509-1backend_valid-active_r30_audit-off_20260820T021640Z,obs_58b9677db2e3435e876a295a7c1267c5,2026-08-20T02:25:09.526206+00:00,x509,valid_active,5,1,UAV-VALID,ACCEPTED,ACCEPTED,True,2205600,2.2056,63600,124700,1644400,0,260200,7300,0,0,,,,none,x509-valid_active_0,0,False,240,8,
n500-identities_c1-conc_mech-x509-1backend_valid-active_r30_audit-off_20260820T021640Z,obs_940ad4481ad7483e8f8c4a763c18c44c,2026-08-20T02:25:09.541139+00:00,x509,valid_active,6,1,UAV-VALID,ACCEPTED,ACCEPTED,True,2736100,2.7361,57700,183700,2137700,0,183500,4600,0,0,,,,none,x509-valid_active_0,0,False,238,8,
n500-identities_c1-conc_mech-x509-1backend_valid-active_r30_audit-off_20260820T021640Z,obs_ef98ff109bc24367b42caddc3499bf60,2026-08-20T02:25:09.556029+00:00,x509,valid_active,7,1,UAV-VALID,ACCEPTED,ACCEPTED,True,5585200,5.5852,64500,116500,2381300,0,2628500,13000,0,0,,,,none,x509-valid_active_0,0,False,239,8,
n500-identities_c1-conc_mech-x509-1backend_valid-active_r30_audit-off_20260820T021640Z,obs_c443dfaf78af4af8ba6111d3f444f0b1,2026-08-20T02:25:09.568147+00:00,x509,valid_active,8,1,UAV-VALID,ACCEPTED,ACCEPTED,True,3006900,3.0069,64000,113600,2467300,0,256100,6000,0,0,,,,none,x509-valid_active_0,0,False,239,8,
n500-identities_c1-conc_mech-x509-1backend_valid-active_r30_audit-off_20260820T021640Z,obs_b0239f2037e849a5a9db41376a4adad2,2026-08-20T02:25:09.589579+00:00,x509,valid_active,9,1,UAV-VALID,ACCEPTED,ACCEPTED,True,5714900,5.7149,71600,133500,5164100,0,239400,13600,0,0,,,,none,x509-valid_active_0,0,False,240,8,
n500-identities_c1-conc_mech-x509-1backend_valid-active_r30_audit-off_20260820T021640Z,obs_88270e1f5b474b14835adf8a4fd63a49,2026-08-20T02:25:09.604341+00:00,x509,valid_active,10,1,UAV-VALID,ACCEPTED,ACCEPTED,True,5432000,5.432,68500,136500,4873700,0,234500,17900,0,0,,,,none,x509-valid_active_0,0,False,239,8,
n500-identities_c1-conc_mech-x509-1backend_valid-active_r30_audit-off_20260820T021640Z,obs_0566ff4184574ff49ff6ef9a5ddb6942,2026-08-20T02:25:09.615600+00:00,x509,valid_active,11,1,UAV-VALID,ACCEPTED,ACCEPTED,True,2001600,2.0016,54700,91800,1594000,0,174900,6700,0,0,,,,none,x509-valid_active_0,0,False,239,8,
n500-identities_c1-conc_mech-x509-1backend_valid-active_r30_audit-off_20260820T021640Z,obs_e5113e87bd374fb5b2156f183feb85bc,2026-08-20T02:25:09.628124+00:00,x509,valid_active,12,1,UAV-VALID,ACCEPTED,ACCEPTED,True,2526900,2.5269,54300,110800,2026800,0,235900,6300,0,0,,,,none,x509-valid_active_0,0,False,239,8,
n500-identities_c1-conc_mech-x509-1backend_valid-active_r30_audit-off_20260820T021640Z,obs_610eace836fe420f874ec9ea41c53c19,2026-08-20T02:25:09.638861+00:00,x509,valid_active,13,1,UAV-VALID,ACCEPTED,ACCEPTED,True,1988500,1.9885,53800,100300,1566500,0,193800,5400,0,0,,,,none,x509-valid_active_0,0,False,239,8,
n500-identities_c1-conc_mech-x509-1backend_valid-active_r30_audit-off_20260820T021640Z,obs_9e10374b584140aba68740f7ce97179b,2026-08-20T02:25:09.652026+00:00,x509,valid_active,14,1,UAV-VALID,ACCEPTED,ACCEPTED,True,5380400,5.3804,58300,346400,4601200,0,255900,7900,0,0,,,,none,x509-valid_active_0,0,False,238,8,
n500-identities_c1-conc_mech-x509-1backend_valid-active_r30_audit-off_20260820T021640Z,obs_3aec34056c64492885dacd490f9e7548,2026-08-20T02:25:09.661762+00:00,x509,valid_active,15,1,UAV-VALID,ACCEPTED,ACCEPTED,True,2451500,2.4515,49800,74200,1776000,0,434700,11200,0,0,,,,none,x509-valid_active_0,0,False,240,8,
n500-identities_c1-conc_mech-x509-1backend_valid-active_r30_audit-off_20260820T021640Z,obs_59fd5bebe22044ff893960ef57a04cde,2026-08-20T02:25:09.674737+00:00,x509,valid_active,16,1,UAV-VALID,ACCEPTED,ACCEPTED,True,1806600,1.8066,49100,91000,1412600,0,183900,5000,0,0,,,,none,x509-valid_active_0,0,False,238,8,
n500-identities_c1-conc_mech-x509-1backend_valid-active_r30_audit-off_20260820T021640Z,obs_1e05d30551ee41e1a53afa4a80f449cb,2026-08-20T02:25:09.687201+00:00,x509,valid_active,17,1,UAV-VALID,ACCEPTED,ACCEPTED,True,2709600,2.7096,64700,115700,2246900,0,197800,6100,0,0,,,,none,x509-valid_active_0,0,False,240,8,
n500-identities_c1-conc_mech-x509-1backend_valid-active_r30_audit-off_20260820T021640Z,obs_ad07d1ad770645599260808d6dae4663,2026-08-20T02:25:09.698971+00:00,x509,valid_active,18,1,UAV-VALID,ACCEPTED,ACCEPTED,True,3105000,3.105,55200,113200,2572000,0,243700,8600,0,0,,,,none,x509-valid_active_0,0,False,238,8,
n500-identities_c1-conc_mech-x509-1backend_valid-active_r30_audit-off_20260820T021640Z,obs_35db2f5f71914a999f960f9c08578cc1,2026-08-20T02:25:09.715215+00:00,x509,valid_active,19,1,UAV-VALID,ACCEPTED,ACCEPTED,True,2807800,2.8078,95700,143900,2259400,0,232300,7900,0,0,,,,none,x509-valid_active_0,0,False,239,8,
n500-identities_c1-conc_mech-x509-1backend_valid-active_r30_audit-off_20260820T021640Z,obs_ba49784a71044aaa8e2f1dea61d11945,2026-08-20T02:25:09.733668+00:00,x509,valid_active,20,1,UAV-VALID,ACCEPTED,ACCEPTED,True,3317200,3.3172,68700,124800,2784500,0,215700,6500,0,0,,,,none,x509-valid_active_0,0,False,240,8,
n500-identities_c1-conc_mech-x509-1backend_valid-active_r30_audit-off_20260820T021640Z,obs_30dca8f3744a46b4aab5195eddec18eb,2026-08-20T02:25:09.750416+00:00,x509,valid_active,21,1,UAV-VALID,ACCEPTED,ACCEPTED,True,2312000,2.312,61500,106600,1829400,0,222400,8000,0,0,,,,none,x509-valid_active_0,0,False,239,8,
n500-identities_c1-conc_mech-x509-1backend_valid-active_r30_audit-off_20260820T021640Z,obs_196549ed705844c297faa95de3a45df6,2026-08-20T02:25:09.766245+00:00,x509,valid_active,22,1,UAV-VALID,ACCEPTED,ACCEPTED,True,2555300,2.5553,64000,122900,2049100,0,221400,7700,0,0,,,,none,x509-valid_active_0,0,False,239,8,
n500-identities_c1-conc_mech-x509-1backend_valid-active_r30_audit-off_20260820T021640Z,obs_32f7cfda6e954fdeab8ce1ec645162cb,2026-08-20T02:25:09.781616+00:00,x509,valid_active,23,1,UAV-VALID,ACCEPTED,ACCEPTED,True,2567000,2.567,68800,134100,2034400,0,238700,6000,0,0,,,,none,x509-valid_active_0,0,False,239,8,
n500-identities_c1-conc_mech-x509-1backend_valid-active_r30_audit-off_20260820T021640Z,obs_59c60bc9f3504c69a3a1461a54343f62,2026-08-20T02:25:09.796521+00:00,x509,valid_active,24,1,UAV-VALID,ACCEPTED,ACCEPTED,True,2307200,2.3072,90200,124400,1824900,0,202000,7100,0,0,,,,none,x509-valid_active_0,0,False,240,8,
n500-identities_c1-conc_mech-x509-1backend_valid-active_r30_audit-off_20260820T021640Z,obs_a824abde6d2942fe97a62d7c4d5e1c78,2026-08-20T02:25:09.811183+00:00,x509,valid_active,25,1,UAV-VALID,ACCEPTED,ACCEPTED,True,2842500,2.8425,83700,129600,2280800,0,264800,5600,0,0,,,,none,x509-valid_active_0,0,False,239,8,
n500-identities_c1-conc_mech-x509-1backend_valid-active_r30_audit-off_20260820T021640Z,obs_724b7af2676d46d483d2038f601ed8d8,2026-08-20T02:25:09.835514+00:00,x509,valid_active,26,1,UAV-VALID,ACCEPTED,ACCEPTED,True,6107600,6.1076,93000,135400,5546800,0,245800,4900,0,0,,,,none,x509-valid_active_0,0,False,239,8,
n500-identities_c1-conc_mech-x509-1backend_valid-active_r30_audit-off_20260820T021640Z,obs_6f9cc0bc81a94bf7a56a953067439883,2026-08-20T02:25:09.845139+00:00,x509,valid_active,27,1,UAV-VALID,ACCEPTED,ACCEPTED,True,2015100,2.0151,49900,125800,1496500,0,190900,6200,0,0,,,,none,x509-valid_active_0,0,False,238,8,
n500-identities_c1-conc_mech-x509-1backend_valid-active_r30_audit-off_20260820T021640Z,obs_ec3737c65afd46d89d0d13b534ad8970,2026-08-20T02:25:09.859373+00:00,x509,valid_active,28,1,UAV-VALID,ACCEPTED,ACCEPTED,True,2276400,2.2764,78400,118200,1801500,0,214700,6000,0,0,,,,none,x509-valid_active_0,0,False,239,8,
n500-identities_c1-conc_mech-x509-1backend_valid-active_r30_audit-off_20260820T021640Z,obs_e72c4512463f4eeb981615770bc1d0b9,2026-08-20T02:25:09.874286+00:00,x509,valid_active,29,1,UAV-VALID,ACCEPTED,ACCEPTED,True,2683200,2.6832,83300,135500,2165600,0,217400,7000,0,0,,,,none,x509-valid_active_0,0,False,238,8,
n500-identities_c10-conc_mech-blockchain-1backend_valid-active_r30_audit-off_20260820T022652Z,obs_866b1379caaa42ada306ca90c1f2ebaa,2026-08-20T02:27:03.832511+00:00,blockchain,valid_active,0,10,UAV-VALID,ACCEPTED,INVALID_SIGNATURE,False,175534000,175.534,55300,175052000,0,7700,285100,0,0,0,,,,none,blockchain-valid_active_0,0,True,239,17,
n500-identities_c10-conc_mech-blockchain-1backend_valid-active_r30_audit-off_20260820T022652Z,obs_98227fefbba441c7bdaebdb2aaf63319,2026-08-20T02:27:03.836373+00:00,blockchain,valid_active,0,10,UAV-VALID,ACCEPTED,INVALID_SIGNATURE,False,157760200,157.7602,65000,157332700,0,5000,271100,0,0,0,,,,none,blockchain-valid_active_2,0,False,238,17,
n500-identities_c10-conc_mech-blockchain-1backend_valid-active_r30_audit-off_20260820T022652Z,obs_c90f90ced6a347bf99679b4689bfd3b1,2026-08-20T02:27:03.850327+00:00,blockchain,valid_active,1,10,UAV-VALID,ACCEPTED,INVALID_SIGNATURE,False,176319500,176.3195,56700,175808500,0,6200,296300,0,0,0,,,,none,blockchain-valid_active_1,0,True,239,17,
n500-identities_c10-conc_mech-blockchain-1backend_valid-active_r30_audit-off_20260820T022652Z,obs_c257a84698a04b45854365197ed60d68,2026-08-20T02:27:03.860880+00:00,blockchain,valid_active,1,10,UAV-VALID,ACCEPTED,INVALID_SIGNATURE,False,179348400,179.3484,56400,178892900,0,5400,287900,0,0,0,,,,none,blockchain-valid_active_3,0,False,239,17,
n500-identities_c10-conc_mech-blockchain-1backend_valid-active_r30_audit-off_20260820T022652Z,obs_e4bab0900454429b8e35b8cb82b1337d,2026-08-20T02:27:03.871690+00:00,blockchain,valid_active,4,10,UAV-VALID,ACCEPTED,INVALID_SIGNATURE,False,137253300,137.2533,69900,136728700,0,4900,348400,0,0,0,,,,none,blockchain-valid_active_6,0,False,239,17,
n500-identities_c10-conc_mech-blockchain-1backend_valid-active_r30_audit-off_20260820T022652Z,obs_3d588211950b4dbea65b0b176e5d3b3c,2026-08-20T02:27:03.894621+00:00,blockchain,valid_active,3,10,UAV-VALID,ACCEPTED,INVALID_SIGNATURE,False,163102900,163.1029,88500,162616300,0,6600,310700,0,0,0,,,,none,blockchain-valid_active_5,0,False,239,17,
n500-identities_c10-conc_mech-blockchain-1backend_valid-active_r30_audit-off_20260820T022652Z,obs_6471df5f14344079991af65c405ca545,2026-08-20T02:27:03.931847+00:00,blockchain,valid_active,5,10,UAV-VALID,ACCEPTED,INVALID_SIGNATURE,False,165266900,165.2669,67800,164875300,0,4400,242800,0,0,0,,,,none,blockchain-valid_active_7,0,False,239,17,
n500-identities_c10-conc_mech-blockchain-1backend_valid-active_r30_audit-off_20260820T022652Z,obs_99f8478248e34f638900b0070d09584f,2026-08-20T02:27:03.960491+00:00,blockchain,valid_active,2,10,UAV-VALID,ACCEPTED,INVALID_SIGNATURE,False,222946100,222.9461,55800,222493400,0,5500,286400,0,0,0,,,,none,blockchain-valid_active_4,0,False,238,17,
n500-identities_c10-conc_mech-blockchain-1backend_valid-active_r30_audit-off_20260820T022652Z,obs_d5e48b782e454da08f524d100c772c69,2026-08-20T02:27:03.983702+00:00,blockchain,valid_active,6,10,UAV-VALID,ACCEPTED,INVALID_SIGNATURE,False,186332700,186.3327,57100,185925400,0,4900,261100,0,0,0,,,,none,blockchain-valid_active_8,0,False,238,17,
n500-identities_c10-conc_mech-blockchain-1backend_valid-active_r30_audit-off_20260820T022652Z,obs_4483d04663ca4d878f1a59da5abfccff,2026-08-20T02:27:03.988378+00:00,blockchain,valid_active,7,10,UAV-VALID,ACCEPTED,INVALID_SIGNATURE,False,197680700,197.6807,147900,197154400,0,5100,326100,0,0,0,,,,none,blockchain-valid_active_9,0,False,238,17,
n500-identities_c10-conc_mech-blockchain-1backend_valid-active_r30_audit-off_20260820T022652Z,obs_6ed13e1b783e4d58b7e690d5d804d452,2026-08-20T02:27:04.014504+00:00,blockchain,valid_active,9,10,UAV-VALID,ACCEPTED,INVALID_SIGNATURE,False,118471000,118.471,62600,117995900,0,5400,284200,0,0,0,,,,none,blockchain-valid_active_2,0,False,239,17,
n500-identities_c10-conc_mech-blockchain-1backend_valid-active_r30_audit-off_20260820T022652Z,obs_c063f77033124f8191a30caf755dca60,2026-08-20T02:27:04.023553+00:00,blockchain,valid_active,11,10,UAV-VALID,ACCEPTED,INVALID_SIGNATURE,False,113654700,113.6547,67700,113248800,0,5700,249300,0,0,0,,,,none,blockchain-valid_active_3,0,False,238,17,
n500-identities_c10-conc_mech-blockchain-1backend_valid-active_r30_audit-off_20260820T022652Z,obs_e7405bece4cd41248112938d419f8d06,2026-08-20T02:27:04.047940+00:00,blockchain,valid_active,10,10,UAV-VALID,ACCEPTED,INVALID_SIGNATURE,False,150454500,150.4545,49800,150063600,0,5200,246900,0,0,0,,,,none,blockchain-valid_active_1,0,False,239,17,
n500-identities_c10-conc_mech-blockchain-1backend_valid-active_r30_audit-off_20260820T022652Z,obs_301ed4d1e923461b8b0a6a8192a0df67,2026-08-20T02:27:04.056888+00:00,blockchain,valid_active,8,10,UAV-VALID,ACCEPTED,INVALID_SIGNATURE,False,150921100,150.9211,44700,150466800,0,8000,288300,0,0,0,,,,none,blockchain-valid_active_0,0,False,238,17,
n500-identities_c10-conc_mech-blockchain-1backend_valid-active_r30_audit-off_20260820T022652Z,obs_08c31b0f98694c258b369408e53a5f29,2026-08-20T02:27:04.063174+00:00,blockchain,valid_active,12,10,UAV-VALID,ACCEPTED,INVALID_SIGNATURE,False,136447400,136.4474,65100,136006900,0,4600,281800,0,0,0,,,,none,blockchain-valid_active_6,0,False,238,17,
n500-identities_c10-conc_mech-blockchain-1backend_valid-active_r30_audit-off_20260820T022652Z,obs_a4333186cde942cdb6beed079fa4c91f,2026-08-20T02:27:04.132958+00:00,blockchain,valid_active,14,10,UAV-VALID,ACCEPTED,INVALID_SIGNATURE,False,143452500,143.4525,53500,143011900,0,5100,275900,0,0,0,,,,none,blockchain-valid_active_7,0,False,238,17,
n500-identities_c10-conc_mech-blockchain-1backend_valid-active_r30_audit-off_20260820T022652Z,obs_4fcc6aca8d84499296d7598b8bb97730,2026-08-20T02:27:04.164513+00:00,blockchain,valid_active,13,10,UAV-VALID,ACCEPTED,INVALID_SIGNATURE,False,197194800,197.1948,51300,196772100,0,5300,263600,0,0,0,,,,none,blockchain-valid_active_5,0,False,238,17,
n500-identities_c10-conc_mech-blockchain-1backend_valid-active_r30_audit-off_20260820T022652Z,obs_99d88e2d7d9f4f6a90eb161206658e50,2026-08-20T02:27:04.196820+00:00,blockchain,valid_active,15,10,UAV-VALID,ACCEPTED,INVALID_SIGNATURE,False,180141100,180.1411,59300,179819000,0,4200,193300,0,0,0,,,,none,blockchain-valid_active_4,0,False,238,17,
n500-identities_c10-conc_mech-blockchain-1backend_valid-active_r30_audit-off_20260820T022652Z,obs_dde22d08ccd0496f8f03219176c8d5e3,2026-08-20T02:27:04.210232+00:00,blockchain,valid_active,18,10,UAV-VALID,ACCEPTED,INVALID_SIGNATURE,False,128097200,128.0972,70500,127637900,0,5100,294000,0,0,0,,,,none,blockchain-valid_active_2,0,False,240,17,
n500-identities_c10-conc_mech-blockchain-1backend_valid-active_r30_audit-off_20260820T022652Z,obs_b0c6c260392b4f95bfbf06a6869d1fc6,2026-08-20T02:27:04.218463+00:00,blockchain,valid_active,19,10,UAV-VALID,ACCEPTED,INVALID_SIGNATURE,False,140732000,140.732,70800,140257700,0,5800,277600,0,0,0,,,,none,blockchain-valid_active_3,0,False,240,17,
n500-identities_c10-conc_mech-blockchain-1backend_valid-active_r30_audit-off_20260820T022652Z,obs_ca72c55f3c3a4e719bcb022ac789d403,2026-08-20T02:27:04.220405+00:00,blockchain,valid_active,17,10,UAV-VALID,ACCEPTED,INVALID_SIGNATURE,False,128289600,128.2896,90800,127916200,0,4900,219400,0,0,0,,,,none,blockchain-valid_active_9,0,False,238,17,
n500-identities_c10-conc_mech-blockchain-1backend_valid-active_r30_audit-off_20260820T022652Z,obs_833983e634d748b398dd9d22339421c2,2026-08-20T02:27:04.228156+00:00,blockchain,valid_active,16,10,UAV-VALID,ACCEPTED,INVALID_SIGNATURE,False,186140700,186.1407,109400,185694200,0,5200,278800,0,0,0,,,,none,blockchain-valid_active_8,0,False,240,17,
n500-identities_c10-conc_mech-blockchain-1backend_valid-active_r30_audit-off_20260820T022652Z,obs_8a6f5020eb4540d397af579efb957b96,2026-08-20T02:27:04.269280+00:00,blockchain,valid_active,22,10,UAV-VALID,ACCEPTED,INVALID_SIGNATURE,False,154388700,154.3887,49500,154018300,0,3800,239100,0,0,0,,,,none,blockchain-valid_active_6,0,False,238,17,
n500-identities_c10-conc_mech-blockchain-1backend_valid-active_r30_audit-off_20260820T022652Z,obs_8e2326c862b746f288e733438a7f2ec5,2026-08-20T02:27:04.297321+00:00,blockchain,valid_active,21,10,UAV-VALID,ACCEPTED,INVALID_SIGNATURE,False,176035700,176.0357,65000,175604400,0,5900,265100,0,0,0,,,,none,blockchain-valid_active_0,0,False,240,17,
n500-identities_c10-conc_mech-blockchain-1backend_valid-active_r30_audit-off_20260820T022652Z,obs_82e1c079c1904c1ebb7caff25a504d75,2026-08-20T02:27:04.311878+00:00,blockchain,valid_active,23,10,UAV-VALID,ACCEPTED,INVALID_SIGNATURE,False,104344500,104.3445,57700,103908600,0,4100,271100,0,0,0,,,,none,blockchain-valid_active_7,0,False,239,17,
n500-identities_c10-conc_mech-blockchain-1backend_valid-active_r30_audit-off_20260820T022652Z,obs_ccc8f66b91004f8bb8ba90771a99b96d,2026-08-20T02:27:04.321392+00:00,blockchain,valid_active,20,10,UAV-VALID,ACCEPTED,INVALID_SIGNATURE,False,204059900,204.0599,53000,203387300,0,4400,488600,0,0,0,,,,none,blockchain-valid_active_1,0,False,239,17,
n500-identities_c10-conc_mech-blockchain-1backend_valid-active_r30_audit-off_20260820T022652Z,obs_338694a3d1174205ae0e96de3bf55cc6,2026-08-20T02:27:04.340301+00:00,blockchain,valid_active,24,10,UAV-VALID,ACCEPTED,INVALID_SIGNATURE,False,106126800,106.1268,57700,105728100,0,4200,246700,0,0,0,,,,none,blockchain-valid_active_5,0,False,240,17,
n500-identities_c10-conc_mech-blockchain-1backend_valid-active_r30_audit-off_20260820T022652Z,obs_803ea982cb144b4c86e823b7e469ec9b,2026-08-20T02:27:04.357046+00:00,blockchain,valid_active,25,10,UAV-VALID,ACCEPTED,INVALID_SIGNATURE,False,81808300,81.8083,41100,81478000,0,3300,212500,0,0,0,,,,none,blockchain-valid_active_4,0,False,239,17,
n500-identities_c10-conc_mech-blockchain-1backend_valid-active_r30_audit-off_20260820T022652Z,obs_7f2c08c89f594bd1a946155c6d3e9fc2,2026-08-20T02:27:04.359381+00:00,blockchain,valid_active,26,10,UAV-VALID,ACCEPTED,INVALID_SIGNATURE,False,98187700,98.1877,57500,97798500,0,5000,243200,0,0,0,,,,none,blockchain-valid_active_2,0,False,239,17,
n500-identities_c10-conc_mech-blockchain-1backend_valid-active_r30_audit-off_20260820T022652Z,obs_aceb4c41d48b4ed79eed4adab3820cd7,2026-08-20T02:27:04.361523+00:00,blockchain,valid_active,27,10,UAV-VALID,ACCEPTED,INVALID_SIGNATURE,False,84721100,84.7211,34100,84343500,0,4800,256800,0,0,0,,,,none,blockchain-valid_active_3,0,False,239,17,
n500-identities_c10-conc_mech-blockchain-1backend_valid-active_r30_audit-off_20260820T022652Z,obs_dc2d3e2998564476a7cc66850bda927c,2026-08-20T02:27:04.368698+00:00,blockchain,valid_active,28,10,UAV-VALID,ACCEPTED,INVALID_SIGNATURE,False,79405300,79.4053,57100,79041600,0,3300,224400,0,0,0,,,,none,blockchain-valid_active_9,0,False,238,17,
n500-identities_c10-conc_mech-blockchain-1backend_valid-active_r30_audit-off_20260820T022652Z,obs_a88a584563a44d8da01d9d68c858f315,2026-08-20T02:27:04.370599+00:00,blockchain,valid_active,29,10,UAV-VALID,ACCEPTED,INVALID_SIGNATURE,False,76719600,76.7196,64600,76385400,0,2500,219300,0,0,0,,,,none,blockchain-valid_active_8,0,False,239,17,
n500-identities_c10-conc_mech-x509-1backend_valid-active_r30_audit-off_20260820T022637Z,obs_174a2874baf4458bb9d8cfc3e83578f4,2026-08-20T02:26:50.069189+00:00,x509,valid_active,1,10,UAV-VALID,ACCEPTED,ACCEPTED,True,16269000,16.269,68900,151300,15708600,0,234900,6400,0,0,,,,none,x509-valid_active_1,0,True,240,8,
n500-identities_c10-conc_mech-x509-1backend_valid-active_r30_audit-off_20260820T022637Z,obs_bb0684b10cdf4177b2bf112dd2b7685c,2026-08-20T02:26:50.079024+00:00,x509,valid_active,0,10,UAV-VALID,ACCEPTED,ACCEPTED,True,11565300,11.5653,64100,120400,10993200,0,262200,7600,0,0,,,,none,x509-valid_active_2,0,False,239,8,
n500-identities_c10-conc_mech-x509-1backend_valid-active_r30_audit-off_20260820T022637Z,obs_6add616ead874c7cb06bbe9dd8867d58,2026-08-20T02:26:50.054676+00:00,x509,valid_active,0,10,UAV-VALID,ACCEPTED,ACCEPTED,True,14846200,14.8462,108900,162600,14211400,0,264000,8700,0,0,,,,none,x509-valid_active_0,0,True,239,8,
n500-identities_c10-conc_mech-x509-1backend_valid-active_r30_audit-off_20260820T022637Z,obs_ff4a257aa09744378f30aa82652b0cc0,2026-08-20T02:26:50.109496+00:00,x509,valid_active,1,10,UAV-VALID,ACCEPTED,ACCEPTED,True,35772900,35.7729,58000,113100,35005200,0,379900,21400,0,0,,,,none,x509-valid_active_0,0,False,239,8,
n500-identities_c10-conc_mech-x509-1backend_valid-active_r30_audit-off_20260820T022637Z,obs_699b3ebe377c462ea84dff1318849b61,2026-08-20T02:26:50.129717+00:00,x509,valid_active,3,10,UAV-VALID,ACCEPTED,ACCEPTED,True,39733400,39.7334,59500,117700,39171800,0,263100,8700,0,0,,,,none,x509-valid_active_1,0,False,240,8,
n500-identities_c10-conc_mech-x509-1backend_valid-active_r30_audit-off_20260820T022637Z,obs_87cd05769b434a0ca253a5d689e57075,2026-08-20T02:26:50.176374+00:00,x509,valid_active,2,10,UAV-VALID,ACCEPTED,ACCEPTED,True,48770000,48.77,68900,191300,47975900,0,369900,10500,0,0,,,,none,x509-valid_active_3,0,False,239,8,
n500-identities_c10-conc_mech-x509-1backend_valid-active_r30_audit-off_20260820T022637Z,obs_658d2a18e30749778b8afee3209aaee7,2026-08-20T02:26:50.192913+00:00,x509,valid_active,5,10,UAV-VALID,ACCEPTED,ACCEPTED,True,40693500,40.6935,73200,151000,40087900,0,264700,6100,0,0,,,,none,x509-valid_active_4,0,False,240,8,
n500-identities_c10-conc_mech-x509-1backend_valid-active_r30_audit-off_20260820T022637Z,obs_f97a5945df7f4f7ebf3b16142981111e,2026-08-20T02:26:50.211033+00:00,x509,valid_active,4,10,UAV-VALID,ACCEPTED,ACCEPTED,True,49509200,49.5092,63100,120600,49054300,0,197100,5200,0,0,,,,none,x509-valid_active_2,0,False,239,8,
n500-identities_c10-conc_mech-x509-1backend_valid-active_r30_audit-off_20260820T022637Z,obs_30f8e654f47a44bfbf2db6faf59fcf59,2026-08-20T02:26:50.211819+00:00,x509,valid_active,6,10,UAV-VALID,ACCEPTED,ACCEPTED,True,58897700,58.8977,87400,116100,58451100,0,197100,6500,0,0,,,,none,x509-valid_active_5,0,False,238,8,
n500-identities_c10-conc_mech-x509-1backend_valid-active_r30_audit-off_20260820T022637Z,obs_a701fd58b2bf4c0db2b88218db43dccd,2026-08-20T02:26:50.234620+00:00,x509,valid_active,8,10,UAV-VALID,ACCEPTED,ACCEPTED,True,55395500,55.3955,53800,109300,54861200,0,254100,8000,0,0,,,,none,x509-valid_active_6,0,False,240,8,
n500-identities_c10-conc_mech-x509-1backend_valid-active_r30_audit-off_20260820T022637Z,obs_7ea2ac51d7e247d5aee7a8bfe3ce73af,2026-08-20T02:26:50.242465+00:00,x509,valid_active,9,10,UAV-VALID,ACCEPTED,ACCEPTED,True,53299200,53.2992,68200,127800,52762300,0,244800,6700,0,0,,,,none,x509-valid_active_1,0,False,239,8,
n500-identities_c10-conc_mech-x509-1backend_valid-active_r30_audit-off_20260820T022637Z,obs_aaeded2579fd4706a6ce4ec9e68c94e2,2026-08-20T02:26:50.250056+00:00,x509,valid_active,7,10,UAV-VALID,ACCEPTED,ACCEPTED,True,70293500,70.2935,64900,132800,69706300,0,255100,8000,0,0,,,,none,x509-valid_active_0,0,False,240,8,
n500-identities_c10-conc_mech-x509-1backend_valid-active_r30_audit-off_20260820T022637Z,obs_a4749906d2b1412182172e5308733dbc,2026-08-20T02:26:50.264341+00:00,x509,valid_active,12,10,UAV-VALID,ACCEPTED,ACCEPTED,True,43045500,43.0455,46000,152600,42500700,0,221400,5900,0,0,,,,none,x509-valid_active_9,0,False,238,8,
n500-identities_c10-conc_mech-x509-1backend_valid-active_r30_audit-off_20260820T022637Z,obs_c5453899b2544023a5026fc56cae0bc3,2026-08-20T02:26:50.274166+00:00,x509,valid_active,10,10,UAV-VALID,ACCEPTED,ACCEPTED,True,37888200,37.8882,57000,129500,37392400,0,214600,7000,0,0,,,,none,x509-valid_active_7,0,False,238,8,
n500-identities_c10-conc_mech-x509-1backend_valid-active_r30_audit-off_20260820T022637Z,obs_9017ffcfd75449ea8ff03dc2f4ff314a,2026-08-20T02:26:50.289022+00:00,x509,valid_active,11,10,UAV-VALID,ACCEPTED,ACCEPTED,True,43003200,43.0032,62600,137000,42430000,0,247300,7400,0,0,,,,none,x509-valid_active_8,0,False,238,8,
n500-identities_c10-conc_mech-x509-1backend_valid-active_r30_audit-off_20260820T022637Z,obs_44c71178855e45b994f13ba5d6dbd466,2026-08-20T02:26:50.300366+00:00,x509,valid_active,15,10,UAV-VALID,ACCEPTED,ACCEPTED,True,34209800,34.2098,64800,78500,33793700,0,200800,4600,0,0,,,,none,x509-valid_active_2,0,False,240,8,
n500-identities_c10-conc_mech-x509-1backend_valid-active_r30_audit-off_20260820T022637Z,obs_4829d873c43949ebad4658e53e815cba,2026-08-20T02:26:50.300798+00:00,x509,valid_active,16,10,UAV-VALID,ACCEPTED,ACCEPTED,True,35960400,35.9604,65500,72000,35619100,0,172500,3700,0,0,,,,none,x509-valid_active_5,0,False,240,8,
n500-identities_c10-conc_mech-x509-1backend_valid-active_r30_audit-off_20260820T022637Z,obs_61285f8c65a442a5a379e2fb12d9b97f,2026-08-20T02:26:50.301865+00:00,x509,valid_active,13,10,UAV-VALID,ACCEPTED,ACCEPTED,True,45021300,45.0213,75600,117200,44642700,0,152900,4200,0,0,,,,none,x509-valid_active_3,0,False,238,8,
n500-identities_c10-conc_mech-x509-1backend_valid-active_r30_audit-off_20260820T022637Z,obs_87968c65ef8f4887b822ea814a4ed912,2026-08-20T02:26:50.315291+00:00,x509,valid_active,14,10,UAV-VALID,ACCEPTED,ACCEPTED,True,41994100,41.9941,43800,119900,41439400,0,244100,7200,0,0,,,,none,x509-valid_active_4,0,False,238,8,
n500-identities_c10-conc_mech-x509-1backend_valid-active_r30_audit-off_20260820T022637Z,obs_fb252dd5dc8b4f9eb0db7ef1000d5384,2026-08-20T02:26:50.339694+00:00,x509,valid_active,17,10,UAV-VALID,ACCEPTED,ACCEPTED,True,37553600,37.5536,58500,57100,37087700,0,252500,7200,0,0,,,,none,x509-valid_active_6,0,False,239,8,
n500-identities_c10-conc_mech-x509-1backend_valid-active_r30_audit-off_20260820T022637Z,obs_78c18a42c78640e49eb98a9bb195fb78,2026-08-20T02:26:50.340277+00:00,x509,valid_active,18,10,UAV-VALID,ACCEPTED,ACCEPTED,True,37195000,37.195,45200,80000,36767500,0,217500,5100,0,0,,,,none,x509-valid_active_1,0,False,240,8,
n500-identities_c10-conc_mech-x509-1backend_valid-active_r30_audit-off_20260820T022637Z,obs_9fca88f0c2ce4d9c92ced14415c820e2,2026-08-20T02:26:50.348504+00:00,x509,valid_active,19,10,UAV-VALID,ACCEPTED,ACCEPTED,True,37099000,37.099,64600,131400,36535800,0,250200,7200,0,0,,,,none,x509-valid_active_0,0,False,239,8,
n500-identities_c10-conc_mech-x509-1backend_valid-active_r30_audit-off_20260820T022637Z,obs_b9f08fab0f014613a48925caf2c001a1,2026-08-20T02:26:50.361518+00:00,x509,valid_active,20,10,UAV-VALID,ACCEPTED,ACCEPTED,True,36678600,36.6786,60800,109500,36058600,0,279200,7000,0,0,,,,none,x509-valid_active_9,0,False,240,8,
n500-identities_c10-conc_mech-x509-1backend_valid-active_r30_audit-off_20260820T022637Z,obs_c3a096fad3f84de1be5d470f9c6a1dcb,2026-08-20T02:26:50.375068+00:00,x509,valid_active,21,10,UAV-VALID,ACCEPTED,ACCEPTED,True,31211000,31.211,42400,113300,30803100,0,174100,4200,0,0,,,,none,x509-valid_active_7,0,False,238,8,
n500-identities_c10-conc_mech-x509-1backend_valid-active_r30_audit-off_20260820T022637Z,obs_3a7d2d4e6dc44659a20243fe433e8f2c,2026-08-20T02:26:50.383150+00:00,x509,valid_active,24,10,UAV-VALID,ACCEPTED,ACCEPTED,True,30088500,30.0885,36100,120200,29557700,0,249300,7600,0,0,,,,none,x509-valid_active_5,0,False,239,8,
n500-identities_c10-conc_mech-x509-1backend_valid-active_r30_audit-off_20260820T022637Z,obs_2d01da9de01a4c5287bfd5ced6977fc7,2026-08-20T02:26:50.384546+00:00,x509,valid_active,23,10,UAV-VALID,ACCEPTED,ACCEPTED,True,17087900,17.0879,46800,809200,15931900,0,201700,7100,0,0,,,,none,x509-valid_active_2,0,False,240,8,
n500-identities_c10-conc_mech-x509-1backend_valid-active_r30_audit-off_20260820T022637Z,obs_d3e7e8473c124b71843147e1b55e84de,2026-08-20T02:26:50.388650+00:00,x509,valid_active,22,10,UAV-VALID,ACCEPTED,ACCEPTED,True,39270600,39.2706,56900,108000,38861700,0,172200,4900,0,0,,,,none,x509-valid_active_8,0,False,239,8,
n500-identities_c10-conc_mech-x509-1backend_valid-active_r30_audit-off_20260820T022637Z,obs_6da64ca1b1d446b0886e9920ab8bd1cf,2026-08-20T02:26:50.389438+00:00,x509,valid_active,28,10,UAV-VALID,ACCEPTED,ACCEPTED,True,5825100,5.8251,43100,96700,5413100,0,194800,5400,0,0,,,,none,x509-valid_active_1,0,False,240,8,
n500-identities_c10-conc_mech-x509-1backend_valid-active_r30_audit-off_20260820T022637Z,obs_347538b46b954a8783f8bc1b115958de,2026-08-20T02:26:50.389986+00:00,x509,valid_active,27,10,UAV-VALID,ACCEPTED,ACCEPTED,True,7672000,7.672,48100,96700,7292100,0,166700,4100,0,0,,,,none,x509-valid_active_6,0,False,240,8,
n500-identities_c10-conc_mech-x509-1backend_valid-active_r30_audit-off_20260820T022637Z,obs_19dc04bd88824d4a91bd426155fda6ad,2026-08-20T02:26:50.391069+00:00,x509,valid_active,26,10,UAV-VALID,ACCEPTED,ACCEPTED,True,16712900,16.7129,43600,83700,16319200,0,187800,4900,0,0,,,,none,x509-valid_active_4,0,False,240,8,
n500-identities_c10-conc_mech-x509-1backend_valid-active_r30_audit-off_20260820T022637Z,obs_1909b658758842bcaf3959e5ce18a4b4,2026-08-20T02:26:50.391523+00:00,x509,valid_active,25,10,UAV-VALID,ACCEPTED,ACCEPTED,True,29378600,29.3786,71000,110800,28989800,0,163600,4600,0,0,,,,none,x509-valid_active_3,0,False,240,8,
n500-identities_c10-conc_mech-x509-1backend_valid-active_r30_audit-off_20260820T022637Z,obs_ea9131c557704331addaf27a247a4a9e,2026-08-20T02:26:50.393912+00:00,x509,valid_active,29,10,UAV-VALID,ACCEPTED,ACCEPTED,True,3535800,3.5358,46900,81600,3126800,0,203400,6100,0,0,,,,none,x509-valid_active_0,0,False,238,8,
n500-identities_c25-conc_mech-blockchain-1backend_valid-active_r30_audit-off_20260820T022719Z,obs_b8821e249b5b46a28ff5751769e227a6,2026-08-20T02:27:31.313130+00:00,blockchain,valid_active,0,25,UAV-VALID,ACCEPTED,INVALID_SIGNATURE,False,169080400,169.0804,65200,168749900,0,2900,203000,0,0,0,,,,none,blockchain-valid_active_2,0,False,239,17,
n500-identities_c25-conc_mech-blockchain-1backend_valid-active_r30_audit-off_20260820T022719Z,obs_010cd712bc6d44c88ae7160d69a8c93c,2026-08-20T02:27:31.477118+00:00,blockchain,valid_active,2,25,UAV-VALID,ACCEPTED,INVALID_SIGNATURE,False,294170700,294.1707,58100,293643300,0,4400,256800,0,0,0,,,,none,blockchain-valid_active_4,0,False,240,17,
n500-identities_c25-conc_mech-blockchain-1backend_valid-active_r30_audit-off_20260820T022719Z,obs_132ddede536b4bdbb0cb77e1abd74a27,2026-08-20T02:27:31.261646+00:00,blockchain,valid_active,0,25,UAV-VALID,ACCEPTED,INVALID_SIGNATURE,False,135151200,135.1512,48200,134702500,0,5900,272300,0,0,0,,,,none,blockchain-valid_active_0,0,True,240,17,
n500-identities_c25-conc_mech-blockchain-1backend_valid-active_r30_audit-off_20260820T022719Z,obs_9d1383d40a7f480d8df32089b926788c,2026-08-20T02:27:31.339543+00:00,blockchain,valid_active,1,25,UAV-VALID,ACCEPTED,INVALID_SIGNATURE,False,186956000,186.956,67400,186536200,0,4000,250100,0,0,0,,,,none,blockchain-valid_active_1,0,True,238,17,
n500-identities_c25-conc_mech-blockchain-1backend_valid-active_r30_audit-off_20260820T022719Z,obs_c14616a607de46199ac8f74c08301171,2026-08-20T02:27:31.298600+00:00,blockchain,valid_active,1,25,UAV-VALID,ACCEPTED,INVALID_SIGNATURE,False,142874900,142.8749,54700,142512900,0,3300,230300,0,0,0,,,,none,blockchain-valid_active_3,0,False,239,17,
n500-identities_c25-conc_mech-blockchain-1backend_valid-active_r30_audit-off_20260820T022719Z,obs_8de03ccaddcc4121a47c1a48502d2398,2026-08-20T02:27:31.518007+00:00,blockchain,valid_active,5,25,UAV-VALID,ACCEPTED,INVALID_SIGNATURE,False,259882900,259.8829,69700,259492300,0,4500,239600,0,0,0,,,,none,blockchain-valid_active_7,0,False,240,17,
n500-identities_c25-conc_mech-blockchain-1backend_valid-active_r30_audit-off_20260820T022719Z,obs_b0d8df668f0f4d4a907ad60ef5f534a8,2026-08-20T02:27:31.598517+00:00,blockchain,valid_active,6,25,UAV-VALID,ACCEPTED,INVALID_SIGNATURE,False,297520500,297.5205,52700,297082400,0,8200,270700,0,0,0,,,,none,blockchain-valid_active_8,0,False,239,17,
n500-identities_c25-conc_mech-blockchain-1backend_valid-active_r30_audit-off_20260820T022719Z,obs_fe661238a5774e28a4b0635ba30c7941,2026-08-20T02:27:31.607749+00:00,blockchain,valid_active,9,25,UAV-VALID,ACCEPTED,INVALID_SIGNATURE,False,304150500,304.1505,46800,303742100,0,3800,262300,0,0,0,,,,none,blockchain-valid_active_11,0,False,239,17,
n500-identities_c25-conc_mech-blockchain-1backend_valid-active_r30_audit-off_20260820T022719Z,obs_493fd577c0404bbe8380067169a2411a,2026-08-20T02:27:31.656272+00:00,blockchain,valid_active,7,25,UAV-VALID,ACCEPTED,INVALID_SIGNATURE,False,375792200,375.7922,57900,375331200,0,4700,272600,0,0,0,,,,none,blockchain-valid_active_9,0,False,239,17,
n500-identities_c25-conc_mech-blockchain-1backend_valid-active_r30_audit-off_20260820T022719Z,obs_7290dc0bca06436081ebbebfacfe3c2a,2026-08-20T02:27:31.667755+00:00,blockchain,valid_active,3,25,UAV-VALID,ACCEPTED,INVALID_SIGNATURE,False,434470200,434.4702,82100,434011800,0,4700,276300,0,0,0,,,,none,blockchain-valid_active_5,0,False,239,17,
n500-identities_c25-conc_mech-blockchain-1backend_valid-active_r30_audit-off_20260820T022719Z,obs_28fff04bb9dd4d02972fcea99dc8fee9,2026-08-20T02:27:31.682059+00:00,blockchain,valid_active,10,25,UAV-VALID,ACCEPTED,INVALID_SIGNATURE,False,325438400,325.4384,58400,325061800,0,4600,237200,0,0,0,,,,none,blockchain-valid_active_12,0,False,240,17,
n500-identities_c25-conc_mech-blockchain-1backend_valid-active_r30_audit-off_20260820T022719Z,obs_b1636a20916249959305a45d5505cc45,2026-08-20T02:27:31.720302+00:00,blockchain,valid_active,11,25,UAV-VALID,ACCEPTED,INVALID_SIGNATURE,False,334183600,334.1836,57300,333801500,0,4100,241100,0,0,0,,,,none,blockchain-valid_active_0,0,False,239,17,
n500-identities_c25-conc_mech-blockchain-1backend_valid-active_r30_audit-off_20260820T022719Z,obs_f5599417aebd4ba7b5e61d4952ff4b7d,2026-08-20T02:27:31.726192+00:00,blockchain,valid_active,4,25,UAV-VALID,ACCEPTED,INVALID_SIGNATURE,False,457110200,457.1102,67200,456632200,0,5100,253600,0,0,0,,,,none,blockchain-valid_active_6,0,False,238,17,
n500-identities_c25-conc_mech-blockchain-1backend_valid-active_r30_audit-off_20260820T022719Z,obs_79c506c5c92047f68eca8b6567d79079,2026-08-20T02:27:31.734656+00:00,blockchain,valid_active,14,25,UAV-VALID,ACCEPTED,INVALID_SIGNATURE,False,350026600,350.0266,75300,349609900,0,4700,252700,0,0,0,,,,none,blockchain-valid_active_3,0,False,238,17,
n500-identities_c25-conc_mech-blockchain-1backend_valid-active_r30_audit-off_20260820T022719Z,obs_704d21af8e74491da00139a921bce7f6,2026-08-20T02:27:31.748939+00:00,blockchain,valid_active,13,25,UAV-VALID,ACCEPTED,INVALID_SIGNATURE,False,317886200,317.8862,68700,317461900,0,4100,265900,0,0,0,,,,none,blockchain-valid_active_14,0,False,238,17,
n500-identities_c25-conc_mech-blockchain-1backend_valid-active_r30_audit-off_20260820T022719Z,obs_1bfb3f473b414ee0809ab1c6bf419cf8,2026-08-20T02:27:31.755526+00:00,blockchain,valid_active,8,25,UAV-VALID,ACCEPTED,INVALID_SIGNATURE,False,419181800,419.1818,67200,418744500,0,4800,280200,0,0,0,,,,none,blockchain-valid_active_10,0,False,239,17,
n500-identities_c25-conc_mech-blockchain-1backend_valid-active_r30_audit-off_20260820T022719Z,obs_1b2b29958e87403faa730d2bdd124e24,2026-08-20T02:27:31.796847+00:00,blockchain,valid_active,17,25,UAV-VALID,ACCEPTED,INVALID_SIGNATURE,False,291298500,291.2985,58600,290805100,0,4500,315600,0,0,0,,,,none,blockchain-valid_active_16,0,False,238,17,
n500-identities_c25-conc_mech-blockchain-1backend_valid-active_r30_audit-off_20260820T022719Z,obs_c236ba9b5ba04502a62864fd7f857b6f,2026-08-20T02:27:31.802456+00:00,blockchain,valid_active,15,25,UAV-VALID,ACCEPTED,INVALID_SIGNATURE,False,315490900,315.4909,68100,315025100,0,6000,291200,0,0,0,,,,none,blockchain-valid_active_15,0,False,238,17,
n500-identities_c25-conc_mech-blockchain-1backend_valid-active_r30_audit-off_20260820T022719Z,obs_fe4bca252188430d893220ff0dcd955d,2026-08-20T02:27:31.822515+00:00,blockchain,valid_active,16,25,UAV-VALID,ACCEPTED,INVALID_SIGNATURE,False,359286900,359.2869,58400,358881200,0,3700,256700,0,0,0,,,,none,blockchain-valid_active_2,0,False,240,17,
n500-identities_c25-conc_mech-blockchain-1backend_valid-active_r30_audit-off_20260820T022719Z,obs_2cfc45ce1e8145a38e79ac4411adeaa0,2026-08-20T02:27:31.827758+00:00,blockchain,valid_active,24,25,UAV-VALID,ACCEPTED,INVALID_SIGNATURE,False,238061400,238.0614,86800,237603600,0,4400,271900,0,0,0,,,,none,blockchain-valid_active_4,0,False,239,17,
n500-identities_c25-conc_mech-blockchain-1backend_valid-active_r30_audit-off_20260820T022719Z,obs_06aaea889140449d88a4b50c30a6c2a3,2026-08-20T02:27:31.830770+00:00,blockchain,valid_active,12,25,UAV-VALID,ACCEPTED,INVALID_SIGNATURE,False,378018100,378.0181,84000,377615200,0,4200,235200,0,0,0,,,,none,blockchain-valid_active_13,0,False,239,17,
n500-identities_c25-conc_mech-blockchain-1backend_valid-active_r30_audit-off_20260820T022719Z,obs_ba0ed1aa83dd41e2ac58aa00587f28af,2026-08-20T02:27:31.860268+00:00,blockchain,valid_active,18,25,UAV-VALID,ACCEPTED,INVALID_SIGNATURE,False,331207100,331.2071,121900,330753700,0,8900,263500,0,0,0,,,,none,blockchain-valid_active_1,0,False,238,17,
n500-identities_c25-conc_mech-blockchain-1backend_valid-active_r30_audit-off_20260820T022719Z,obs_132799719e894d51846dc95a020f0054,2026-08-20T02:27:31.864080+00:00,blockchain,valid_active,21,25,UAV-VALID,ACCEPTED,INVALID_SIGNATURE,False,269037800,269.0378,68400,268574100,0,6800,275700,0,0,0,,,,none,blockchain-valid_active_19,0,False,238,17,
n500-identities_c25-conc_mech-blockchain-1backend_valid-active_r30_audit-off_20260820T022719Z,obs_4ad15018736e40e889cbb75070f1cdb2,2026-08-20T02:27:31.865815+00:00,blockchain,valid_active,27,25,UAV-VALID,ACCEPTED,INVALID_SIGNATURE,False,192659700,192.6597,68100,192326100,0,3100,197100,0,0,0,,,,none,blockchain-valid_active_7,0,False,240,17,
n500-identities_c25-conc_mech-blockchain-1backend_valid-active_r30_audit-off_20260820T022719Z,obs_664badbabc514215afb76c2ee3ca191b,2026-08-20T02:27:31.869863+00:00,blockchain,valid_active,20,25,UAV-VALID,ACCEPTED,INVALID_SIGNATURE,False,334431800,334.4318,65300,334034900,0,3900,242300,0,0,0,,,,none,blockchain-valid_active_18,0,False,239,17,
n500-identities_c25-conc_mech-blockchain-1backend_valid-active_r30_audit-off_20260820T022719Z,obs_40484b081ebb4b258ae402e1a3d30070,2026-08-20T02:27:31.873310+00:00,blockchain,valid_active,26,25,UAV-VALID,ACCEPTED,INVALID_SIGNATURE,False,227266700,227.2667,87000,226835100,0,4200,257100,0,0,0,,,,none,blockchain-valid_active_23,0,False,239,17,
n500-identities_c25-conc_mech-blockchain-1backend_valid-active_r30_audit-off_20260820T022719Z,obs_af56cabfaa3f47ff8a2f51cfdcc05c1a,2026-08-20T02:27:31.875946+00:00,blockchain,valid_active,22,25,UAV-VALID,ACCEPTED,INVALID_SIGNATURE,False,267081300,267.0813,50700,266701700,0,5100,240800,0,0,0,,,,none,blockchain-valid_active_20,0,False,238,17,
n500-identities_c25-conc_mech-blockchain-1backend_valid-active_r30_audit-off_20260820T022719Z,obs_ff21b099b98747789ecd55ef6b7f8651,2026-08-20T02:27:31.879682+00:00,blockchain,valid_active,23,25,UAV-VALID,ACCEPTED,INVALID_SIGNATURE,False,217608400,217.6084,70700,217121600,0,4900,289700,0,0,0,,,,none,blockchain-valid_active_21,0,False,238,17,
n500-identities_c25-conc_mech-blockchain-1backend_valid-active_r30_audit-off_20260820T022719Z,obs_dcbd7b633d874a968035f160deca451d,2026-08-20T02:27:31.888472+00:00,blockchain,valid_active,29,25,UAV-VALID,ACCEPTED,INVALID_SIGNATURE,False,156987500,156.9875,57100,156509500,0,4400,316100,0,0,0,,,,none,blockchain-valid_active_8,0,False,238,17,
n500-identities_c25-conc_mech-blockchain-1backend_valid-active_r30_audit-off_20260820T022719Z,obs_7c8395694b8a4b518b9c78c758a1ca6f,2026-08-20T02:27:31.890273+00:00,blockchain,valid_active,19,25,UAV-VALID,ACCEPTED,INVALID_SIGNATURE,False,389072600,389.0726,74600,388672300,0,4000,251200,0,0,0,,,,none,blockchain-valid_active_17,0,False,239,17,
n500-identities_c25-conc_mech-blockchain-1backend_valid-active_r30_audit-off_20260820T022719Z,obs_1ab143468ed2432f869a1f3109526b00,2026-08-20T02:27:31.892450+00:00,blockchain,valid_active,25,25,UAV-VALID,ACCEPTED,INVALID_SIGNATURE,False,216302800,216.3028,63500,215947600,0,4200,217700,0,0,0,,,,none,blockchain-valid_active_22,0,False,239,17,
n500-identities_c25-conc_mech-blockchain-1backend_valid-active_r30_audit-off_20260820T022719Z,obs_a082a320f46f4e98a33ef7e4bb7ceb71,2026-08-20T02:27:31.894412+00:00,blockchain,valid_active,28,25,UAV-VALID,ACCEPTED,INVALID_SIGNATURE,False,176115200,176.1152,61000,175760900,0,4000,221100,0,0,0,,,,none,blockchain-valid_active_24,0,False,239,17,
n500-identities_c25-conc_mech-x509-1backend_valid-active_r30_audit-off_20260820T022705Z,obs_c1fda601540b4de6802eb6840229f38e,2026-08-20T02:27:17.534668+00:00,x509,valid_active,1,25,UAV-VALID,ACCEPTED,ACCEPTED,True,46533500,46.5335,80900,157800,46017300,0,203700,7700,0,0,,,,none,x509-valid_active_1,0,True,239,8,
n500-identities_c25-conc_mech-x509-1backend_valid-active_r30_audit-off_20260820T022705Z,obs_3c838c5de4c244ba9dd70d182d7f88fd,2026-08-20T02:27:17.601940+00:00,x509,valid_active,7,25,UAV-VALID,ACCEPTED,ACCEPTED,True,45960400,45.9604,63500,81800,45534000,0,212600,5400,0,0,,,,none,x509-valid_active_0,0,False,239,8,
n500-identities_c25-conc_mech-x509-1backend_valid-active_r30_audit-off_20260820T022705Z,obs_4345ed6f3060438a9b6102fd9049086b,2026-08-20T02:27:17.480870+00:00,x509,valid_active,0,25,UAV-VALID,ACCEPTED,ACCEPTED,True,49367800,49.3678,49000,128200,48662800,0,321500,8700,0,0,,,,none,x509-valid_active_0,0,True,238,8,
n500-identities_c25-conc_mech-x509-1backend_valid-active_r30_audit-off_20260820T022705Z,obs_5ffef8045f1649c4ba494af94de50758,2026-08-20T02:27:17.560281+00:00,x509,valid_active,1,25,UAV-VALID,ACCEPTED,ACCEPTED,True,62134000,62.134,52200,154300,61641600,0,189500,4500,0,0,,,,none,x509-valid_active_3,0,False,239,8,
n500-identities_c25-conc_mech-x509-1backend_valid-active_r30_audit-off_20260820T022705Z,obs_5cacb407d434463bbb92361e48d05dd7,2026-08-20T02:27:17.633793+00:00,x509,valid_active,5,25,UAV-VALID,ACCEPTED,ACCEPTED,True,97907700,97.9077,40000,129400,97368300,0,209600,4900,0,0,,,,none,x509-valid_active_7,0,False,240,8,
n500-identities_c25-conc_mech-x509-1backend_valid-active_r30_audit-off_20260820T022705Z,obs_eed4f178c20148b98446b16413c6b7e0,2026-08-20T02:27:17.562400+00:00,x509,valid_active,2,25,UAV-VALID,ACCEPTED,ACCEPTED,True,61033800,61.0338,52400,146600,60477900,0,240500,7300,0,0,,,,none,x509-valid_active_4,0,False,239,8,
n500-identities_c25-conc_mech-x509-1backend_valid-active_r30_audit-off_20260820T022705Z,obs_daf5402dbb204bfb979f5ecc17b09a5a,2026-08-20T02:27:17.635146+00:00,x509,valid_active,6,25,UAV-VALID,ACCEPTED,ACCEPTED,True,79705900,79.7059,59500,111600,79175300,0,256900,7500,0,0,,,,none,x509-valid_active_8,0,False,238,8,
n500-identities_c25-conc_mech-x509-1backend_valid-active_r30_audit-off_20260820T022705Z,obs_5e8c4a17667b462d866a03c6f63f5bc1,2026-08-20T02:27:17.639289+00:00,x509,valid_active,4,25,UAV-VALID,ACCEPTED,ACCEPTED,True,85846400,85.8464,53300,106300,85319200,0,250000,7400,0,0,,,,none,x509-valid_active_6,0,False,239,8,
n500-identities_c25-conc_mech-x509-1backend_valid-active_r30_audit-off_20260820T022705Z,obs_329e4edeef7f4fdf8b8479d40e151865,2026-08-20T02:27:17.585954+00:00,x509,valid_active,0,25,UAV-VALID,ACCEPTED,ACCEPTED,True,82632300,82.6323,74200,122300,82048400,0,263900,7600,0,0,,,,none,x509-valid_active_2,0,False,238,8,
n500-identities_c25-conc_mech-x509-1backend_valid-active_r30_audit-off_20260820T022705Z,obs_410a035915ae42e48c085958b75bf748,2026-08-20T02:27:17.663701+00:00,x509,valid_active,3,25,UAV-VALID,ACCEPTED,ACCEPTED,True,111076000,111.076,60700,150400,110538000,0,230500,6100,0,0,,,,none,x509-valid_active_5,0,False,239,8,
n500-identities_c25-conc_mech-x509-1backend_valid-active_r30_audit-off_20260820T022705Z,obs_31e1f09402ed471393e0f3c3c0a7ea6e,2026-08-20T02:27:17.689684+00:00,x509,valid_active,8,25,UAV-VALID,ACCEPTED,ACCEPTED,True,88708800,88.7088,72700,123600,88174700,0,231200,6200,0,0,,,,none,x509-valid_active_9,0,False,240,8,
n500-identities_c25-conc_mech-x509-1backend_valid-active_r30_audit-off_20260820T022705Z,obs_dfb164de20ca4d9eb00574d3baaa1bfc,2026-08-20T02:27:17.701991+00:00,x509,valid_active,10,25,UAV-VALID,ACCEPTED,ACCEPTED,True,122771300,122.7713,43800,115800,122221200,0,253900,8500,0,0,,,,none,x509-valid_active_11,0,False,238,8,
n500-identities_c25-conc_mech-x509-1backend_valid-active_r30_audit-off_20260820T022705Z,obs_6b7a528982e047a3901ed0866a8ac68c,2026-08-20T02:27:17.715097+00:00,x509,valid_active,11,25,UAV-VALID,ACCEPTED,ACCEPTED,True,75266900,75.2669,74900,126900,74727300,0,244600,6300,0,0,,,,none,x509-valid_active_12,0,False,238,8,
n500-identities_c25-conc_mech-x509-1backend_valid-active_r30_audit-off_20260820T022705Z,obs_a0ee7cb625a1450e96ab452da0444a0c,2026-08-20T02:27:17.717391+00:00,x509,valid_active,9,25,UAV-VALID,ACCEPTED,ACCEPTED,True,126009900,126.0099,47300,160200,125401800,0,258500,7200,0,0,,,,none,x509-valid_active_10,0,False,238,8,
n500-identities_c25-conc_mech-x509-1backend_valid-active_r30_audit-off_20260820T022705Z,obs_621dc3a416e24edbb9b554532a8c387a,2026-08-20T02:27:17.733746+00:00,x509,valid_active,16,25,UAV-VALID,ACCEPTED,ACCEPTED,True,61825700,61.8257,52100,131400,61206000,0,285900,8200,0,0,,,,none,x509-valid_active_16,0,False,240,8,
n500-identities_c25-conc_mech-x509-1backend_valid-active_r30_audit-off_20260820T022705Z,obs_1e1a6e6310a24a089ebc46f27ea8af6f,2026-08-20T02:27:17.739962+00:00,x509,valid_active,17,25,UAV-VALID,ACCEPTED,ACCEPTED,True,45640500,45.6405,54600,118400,45091100,0,261700,8100,0,0,,,,none,x509-valid_active_3,0,False,239,8,
n500-identities_c25-conc_mech-x509-1backend_valid-active_r30_audit-off_20260820T022705Z,obs_4f183eaa6541482cb806398c28041e64,2026-08-20T02:27:17.743768+00:00,x509,valid_active,12,25,UAV-VALID,ACCEPTED,ACCEPTED,True,87869000,87.869,49200,107500,86851600,0,561300,15200,0,0,,,,none,x509-valid_active_1,0,False,238,8,
n500-identities_c25-conc_mech-x509-1backend_valid-active_r30_audit-off_20260820T022705Z,obs_e80302e2c53f43cc809a311949c69b1a,2026-08-20T02:27:17.744627+00:00,x509,valid_active,18,25,UAV-VALID,ACCEPTED,ACCEPTED,True,65327200,65.3272,58200,117800,64797100,0,235600,8000,0,0,,,,none,x509-valid_active_4,0,False,239,8,
n500-identities_c25-conc_mech-x509-1backend_valid-active_r30_audit-off_20260820T022705Z,obs_8c7b42b63772457bb995383f54ac89cd,2026-08-20T02:27:17.746648+00:00,x509,valid_active,15,25,UAV-VALID,ACCEPTED,ACCEPTED,True,63756100,63.7561,109600,117400,63242400,0,239100,6500,0,0,,,,none,x509-valid_active_15,0,False,239,8,
n500-identities_c25-conc_mech-x509-1backend_valid-active_r30_audit-off_20260820T022705Z,obs_6ebaaed6dbe04a7790957e01876ca495,2026-08-20T02:27:17.747226+00:00,x509,valid_active,13,25,UAV-VALID,ACCEPTED,ACCEPTED,True,93954700,93.9547,63100,160300,93458600,0,195700,5000,0,0,,,,none,x509-valid_active_13,0,False,239,8,
n500-identities_c25-conc_mech-x509-1backend_valid-active_r30_audit-off_20260820T022705Z,obs_6fd5b24d28904d2788194c948fa7d909,2026-08-20T02:27:17.750811+00:00,x509,valid_active,22,25,UAV-VALID,ACCEPTED,ACCEPTED,True,42647400,42.6474,67500,140000,42032900,0,294200,10500,0,0,,,,none,x509-valid_active_19,0,False,239,8,
n500-identities_c25-conc_mech-x509-1backend_valid-active_r30_audit-off_20260820T022705Z,obs_4418476f053143e1b627052079794cc0,2026-08-20T02:27:17.761548+00:00,x509,valid_active,28,25,UAV-VALID,ACCEPTED,ACCEPTED,True,31360000,31.36,54400,111400,30746000,0,299900,7600,0,0,,,,none,x509-valid_active_8,0,False,238,8,
n500-identities_c25-conc_mech-x509-1backend_valid-active_r30_audit-off_20260820T022705Z,obs_0367754eca814bd7a8cce251f236f0f3,2026-08-20T02:27:17.762305+00:00,x509,valid_active,21,25,UAV-VALID,ACCEPTED,ACCEPTED,True,43377500,43.3775,48500,123900,42870500,0,234300,5400,0,0,,,,none,x509-valid_active_18,0,False,240,8,
n500-identities_c25-conc_mech-x509-1backend_valid-active_r30_audit-off_20260820T022705Z,obs_76d96c41f9e34c74bb6f89f37890c73d,2026-08-20T02:27:17.764499+00:00,x509,valid_active,14,25,UAV-VALID,ACCEPTED,ACCEPTED,True,48838100,48.8381,48900,134500,48277100,0,264500,6900,0,0,,,,none,x509-valid_active_14,0,False,240,8,
n500-identities_c25-conc_mech-x509-1backend_valid-active_r30_audit-off_20260820T022705Z,obs_95e7a07c205f4a239da6e3d68feb7bdb,2026-08-20T02:27:17.765129+00:00,x509,valid_active,20,25,UAV-VALID,ACCEPTED,ACCEPTED,True,39270700,39.2707,76400,184000,38740300,0,200300,5700,0,0,,,,none,x509-valid_active_2,0,False,239,8,
n500-identities_c25-conc_mech-x509-1backend_valid-active_r30_audit-off_20260820T022705Z,obs_f4e793056dc9436d9c0c7caeade1d5c2,2026-08-20T02:27:17.767636+00:00,x509,valid_active,26,25,UAV-VALID,ACCEPTED,ACCEPTED,True,30073400,30.0734,49600,103900,29604500,0,200700,6100,0,0,,,,none,x509-valid_active_7,0,False,240,8,
n500-identities_c25-conc_mech-x509-1backend_valid-active_r30_audit-off_20260820T022705Z,obs_fd13d79603d04154956cdba2c0cffe38,2026-08-20T02:27:17.768573+00:00,x509,valid_active,19,25,UAV-VALID,ACCEPTED,ACCEPTED,True,46599800,46.5998,57500,149000,46062800,0,228500,5700,0,0,,,,none,x509-valid_active_17,0,False,239,8,
n500-identities_c25-conc_mech-x509-1backend_valid-active_r30_audit-off_20260820T022705Z,obs_544c535ffe98400a89f906d4c13341d9,2026-08-20T02:27:17.769127+00:00,x509,valid_active,23,25,UAV-VALID,ACCEPTED,ACCEPTED,True,32352000,32.352,52800,121000,31898900,0,186200,5800,0,0,,,,none,x509-valid_active_0,0,False,238,8,
n500-identities_c25-conc_mech-x509-1backend_valid-active_r30_audit-off_20260820T022705Z,obs_ec14f6b6f407401c956bd0e95cccd18d,2026-08-20T02:27:17.770506+00:00,x509,valid_active,29,25,UAV-VALID,ACCEPTED,ACCEPTED,True,20742300,20.7423,54800,108800,20287800,0,200900,6600,0,0,,,,none,x509-valid_active_6,0,False,238,8,
n500-identities_c25-conc_mech-x509-1backend_valid-active_r30_audit-off_20260820T022705Z,obs_2e9d891884f7404d84729972a17e73a2,2026-08-20T02:27:17.771402+00:00,x509,valid_active,24,25,UAV-VALID,ACCEPTED,ACCEPTED,True,17826400,17.8264,71000,146200,17294100,0,230200,6200,0,0,,,,none,x509-valid_active_20,0,False,239,8,
n500-identities_c25-conc_mech-x509-1backend_valid-active_r30_audit-off_20260820T022705Z,obs_bc303ea47e5a47fd8dfb74aa83647f8a,2026-08-20T02:27:17.775704+00:00,x509,valid_active,27,25,UAV-VALID,ACCEPTED,ACCEPTED,True,12709600,12.7096,73600,145200,9906200,0,286300,9200,0,0,,,,none,x509-valid_active_22,0,False,240,8,
n500-identities_c25-conc_mech-x509-1backend_valid-active_r30_audit-off_20260820T022705Z,obs_5a3076997aeb4916adac4d9b653fac62,2026-08-20T02:27:17.776718+00:00,x509,valid_active,25,25,UAV-VALID,ACCEPTED,ACCEPTED,True,22291400,22.2914,55200,155400,21730100,0,223800,6300,0,0,,,,none,x509-valid_active_21,0,False,239,8,
n500-identities_c5-conc_mech-blockchain-1backend_valid-active_r30_audit-off_20260820T022623Z,obs_980cefeba94d40a18ef94b2117fea814,2026-08-20T02:26:35.309152+00:00,blockchain,valid_active,0,5,UAV-VALID,ACCEPTED,INVALID_SIGNATURE,False,112614700,112.6147,79800,112197100,0,8200,264900,0,0,0,,,,none,blockchain-valid_active_0,0,True,238,17,
n500-identities_c5-conc_mech-blockchain-1backend_valid-active_r30_audit-off_20260820T022623Z,obs_0af563ec4dbd40ed8367dcaee10ebae2,2026-08-20T02:26:35.327396+00:00,blockchain,valid_active,1,5,UAV-VALID,ACCEPTED,INVALID_SIGNATURE,False,125622000,125.622,60700,125137900,0,6500,283400,0,0,0,,,,none,blockchain-valid_active_1,0,True,238,17,
n500-identities_c5-conc_mech-blockchain-1backend_valid-active_r30_audit-off_20260820T022623Z,obs_0ed5aee9ce184a89945261171164e59b,2026-08-20T02:26:35.330618+00:00,blockchain,valid_active,1,5,UAV-VALID,ACCEPTED,INVALID_SIGNATURE,False,121956300,121.9563,50900,121585000,0,4300,231800,0,0,0,,,,none,blockchain-valid_active_3,0,False,239,17,
n500-identities_c5-conc_mech-blockchain-1backend_valid-active_r30_audit-off_20260820T022623Z,obs_426c09b568ca400aa343b57ee1ce688d,2026-08-20T02:26:35.332487+00:00,blockchain,valid_active,0,5,UAV-VALID,ACCEPTED,INVALID_SIGNATURE,False,126501000,126.501,55500,126115600,0,4000,242800,0,0,0,,,,none,blockchain-valid_active_2,0,False,240,17,
n500-identities_c5-conc_mech-blockchain-1backend_valid-active_r30_audit-off_20260820T022623Z,obs_df785c743c134c618928349ae889d103,2026-08-20T02:26:35.335508+00:00,blockchain,valid_active,2,5,UAV-VALID,ACCEPTED,INVALID_SIGNATURE,False,92424100,92.4241,68900,92043200,0,4000,236900,0,0,0,,,,none,blockchain-valid_active_4,0,False,238,17,
n500-identities_c5-conc_mech-blockchain-1backend_valid-active_r30_audit-off_20260820T022623Z,obs_80087b6708db44e098438fe04d980da1,2026-08-20T02:26:35.394501+00:00,blockchain,valid_active,3,5,UAV-VALID,ACCEPTED,INVALID_SIGNATURE,False,76949400,76.9494,62100,76511500,0,5900,275600,0,0,0,,,,none,blockchain-valid_active_0,0,False,240,17,
n500-identities_c5-conc_mech-blockchain-1backend_valid-active_r30_audit-off_20260820T022623Z,obs_880f97bd656d40cd863cd7ec83c35057,2026-08-20T02:26:35.444768+00:00,blockchain,valid_active,7,5,UAV-VALID,ACCEPTED,INVALID_SIGNATURE,False,70525200,70.5252,65600,70063900,0,5000,300500,0,0,0,,,,none,blockchain-valid_active_4,0,False,239,17,
n500-identities_c5-conc_mech-blockchain-1backend_valid-active_r30_audit-off_20260820T022623Z,obs_a9231d31e3984b6eb90a5fc6d28b1eec,2026-08-20T02:26:35.447164+00:00,blockchain,valid_active,6,5,UAV-VALID,ACCEPTED,INVALID_SIGNATURE,False,71221700,71.2217,63800,70799400,0,3800,282900,0,0,0,,,,none,blockchain-valid_active_2,0,False,240,17,
n500-identities_c5-conc_mech-blockchain-1backend_valid-active_r30_audit-off_20260820T022623Z,obs_95544bf9381442adb1cef4609e2d473f,2026-08-20T02:26:35.466612+00:00,blockchain,valid_active,8,5,UAV-VALID,ACCEPTED,INVALID_SIGNATURE,False,63741000,63.741,68400,63273600,0,6300,300400,0,0,0,,,,none,blockchain-valid_active_0,0,False,239,17,
n500-identities_c5-conc_mech-blockchain-1backend_valid-active_r30_audit-off_20260820T022623Z,obs_2cfbf987e45f4bcf9d6ff3f58881ab9d,2026-08-20T02:26:35.468643+00:00,blockchain,valid_active,4,5,UAV-VALID,ACCEPTED,INVALID_SIGNATURE,False,101106600,101.1066,60400,100725100,0,4100,240100,0,0,0,,,,none,blockchain-valid_active_1,0,False,240,17,
n500-identities_c5-conc_mech-blockchain-1backend_valid-active_r30_audit-off_20260820T022623Z,obs_c26908541c4e4c679525ce62b21b82a7,2026-08-20T02:26:35.482378+00:00,blockchain,valid_active,5,5,UAV-VALID,ACCEPTED,INVALID_SIGNATURE,False,111022800,111.0228,72800,110590600,0,4100,268100,0,0,0,,,,none,blockchain-valid_active_3,0,False,239,17,
n500-identities_c5-conc_mech-blockchain-1backend_valid-active_r30_audit-off_20260820T022623Z,obs_047e1904f20746568ddf21fe090525bc,2026-08-20T02:26:35.555953+00:00,blockchain,valid_active,9,5,UAV-VALID,ACCEPTED,INVALID_SIGNATURE,False,69827800,69.8278,61800,69360400,0,5200,312900,0,0,0,,,,none,blockchain-valid_active_4,0,False,239,17,
n500-identities_c5-conc_mech-blockchain-1backend_valid-active_r30_audit-off_20260820T022623Z,obs_b379dad8bd9847b68fe5d2e620e864ed,2026-08-20T02:26:35.569624+00:00,blockchain,valid_active,10,5,UAV-VALID,ACCEPTED,INVALID_SIGNATURE,False,78817600,78.8176,73100,78414800,0,5200,251000,0,0,0,,,,none,blockchain-valid_active_2,0,False,238,17,
n500-identities_c5-conc_mech-blockchain-1backend_valid-active_r30_audit-off_20260820T022623Z,obs_46f37e63f6d94b38b71df88d91afbd7e,2026-08-20T02:26:35.571586+00:00,blockchain,valid_active,13,5,UAV-VALID,ACCEPTED,INVALID_SIGNATURE,False,60219800,60.2198,51100,59776900,0,3800,245200,0,0,0,,,,none,blockchain-valid_active_3,0,False,239,17,
n500-identities_c5-conc_mech-blockchain-1backend_valid-active_r30_audit-off_20260820T022623Z,obs_a7d9c448294e4c29bc047b6f1f7867e7,2026-08-20T02:26:35.575497+00:00,blockchain,valid_active,11,5,UAV-VALID,ACCEPTED,INVALID_SIGNATURE,False,66078400,66.0784,41000,65694700,0,4800,246700,0,0,0,,,,none,blockchain-valid_active_0,0,False,238,17,
n500-identities_c5-conc_mech-blockchain-1backend_valid-active_r30_audit-off_20260820T022623Z,obs_d47cae802cc9462080869f13ba04bbb5,2026-08-20T02:26:35.598624+00:00,blockchain,valid_active,12,5,UAV-VALID,ACCEPTED,INVALID_SIGNATURE,False,90132900,90.1329,46300,89687100,0,4700,296800,0,0,0,,,,none,blockchain-valid_active_1,0,False,239,17,
n500-identities_c5-conc_mech-blockchain-1backend_valid-active_r30_audit-off_20260820T022623Z,obs_4c916cb4166c451180ffb5fef0d0e0b0,2026-08-20T02:26:35.711708+00:00,blockchain,valid_active,14,5,UAV-VALID,ACCEPTED,INVALID_SIGNATURE,False,134982400,134.9824,46500,134561800,0,5100,276900,0,0,0,,,,none,blockchain-valid_active_4,0,False,238,17,
n500-identities_c5-conc_mech-blockchain-1backend_valid-active_r30_audit-off_20260820T022623Z,obs_12e88015c93343d19bbbd2d438870076,2026-08-20T02:26:35.730162+00:00,blockchain,valid_active,17,5,UAV-VALID,ACCEPTED,INVALID_SIGNATURE,False,118725100,118.7251,58500,118291900,0,5000,284500,0,0,0,,,,none,blockchain-valid_active_0,0,False,238,17,
n500-identities_c5-conc_mech-blockchain-1backend_valid-active_r30_audit-off_20260820T022623Z,obs_6806a22fc9bc4c2fa44498f7862fb89b,2026-08-20T02:26:35.745417+00:00,blockchain,valid_active,15,5,UAV-VALID,ACCEPTED,INVALID_SIGNATURE,False,132767700,132.7677,50700,132318400,0,4400,258800,0,0,0,,,,none,blockchain-valid_active_2,0,False,239,17,
n500-identities_c5-conc_mech-blockchain-1backend_valid-active_r30_audit-off_20260820T022623Z,obs_4139335c8dad4720aa5748c05b1c4f24,2026-08-20T02:26:35.756011+00:00,blockchain,valid_active,18,5,UAV-VALID,ACCEPTED,INVALID_SIGNATURE,False,122468400,122.4684,59300,122100100,0,4100,233200,0,0,0,,,,none,blockchain-valid_active_1,0,False,240,17,
n500-identities_c5-conc_mech-blockchain-1backend_valid-active_r30_audit-off_20260820T022623Z,obs_8afd1e8016404912a0ba6ef972a2d0c7,2026-08-20T02:26:35.758206+00:00,blockchain,valid_active,16,5,UAV-VALID,ACCEPTED,INVALID_SIGNATURE,False,139622600,139.6226,68200,139183200,0,5800,274600,0,0,0,,,,none,blockchain-valid_active_3,0,False,239,17,
n500-identities_c5-conc_mech-blockchain-1backend_valid-active_r30_audit-off_20260820T022623Z,obs_a577367d591d47a7a43509fb5b0b1a9e,2026-08-20T02:26:35.838400+00:00,blockchain,valid_active,19,5,UAV-VALID,ACCEPTED,INVALID_SIGNATURE,False,111255100,111.2551,72900,110807700,0,4400,291000,0,0,0,,,,none,blockchain-valid_active_4,0,False,238,17,
n500-identities_c5-conc_mech-blockchain-1backend_valid-active_r30_audit-off_20260820T022623Z,obs_6435db6d819b4a3dbcb179fa99925d45,2026-08-20T02:26:35.867945+00:00,blockchain,valid_active,20,5,UAV-VALID,ACCEPTED,INVALID_SIGNATURE,False,108366600,108.3666,59300,107964600,0,4400,241400,0,0,0,,,,none,blockchain-valid_active_0,0,False,240,17,
n500-identities_c5-conc_mech-blockchain-1backend_valid-active_r30_audit-off_20260820T022623Z,obs_14da48b2aea7415299e1f3de9e1f949c,2026-08-20T02:26:35.883938+00:00,blockchain,valid_active,22,5,UAV-VALID,ACCEPTED,INVALID_SIGNATURE,False,89692500,89.6925,55000,89229300,0,6000,292200,0,0,0,,,,none,blockchain-valid_active_1,0,False,239,17,
n500-identities_c5-conc_mech-blockchain-1backend_valid-active_r30_audit-off_20260820T022623Z,obs_a0c7699c04404e23951e8e5dbc675420,2026-08-20T02:26:35.888555+00:00,blockchain,valid_active,21,5,UAV-VALID,ACCEPTED,INVALID_SIGNATURE,False,107884800,107.8848,60700,107423500,0,4400,293500,0,0,0,,,,none,blockchain-valid_active_2,0,False,240,17,
n500-identities_c5-conc_mech-blockchain-1backend_valid-active_r30_audit-off_20260820T022623Z,obs_8cbe6470110c483aaf454a149856a381,2026-08-20T02:26:35.891573+00:00,blockchain,valid_active,23,5,UAV-VALID,ACCEPTED,INVALID_SIGNATURE,False,108149400,108.1494,82500,107656900,0,6400,279700,0,0,0,,,,none,blockchain-valid_active_3,0,False,239,17,
n500-identities_c5-conc_mech-blockchain-1backend_valid-active_r30_audit-off_20260820T022623Z,obs_cda2969fdd3048f5baae8300b8935d2f,2026-08-20T02:26:35.953481+00:00,blockchain,valid_active,24,5,UAV-VALID,ACCEPTED,INVALID_SIGNATURE,False,94712700,94.7127,63000,94335300,0,4900,228100,0,0,0,,,,none,blockchain-valid_active_4,0,False,239,17,
n500-identities_c5-conc_mech-blockchain-1backend_valid-active_r30_audit-off_20260820T022623Z,obs_c78803238c1d450dbd5b400d35a5ab4d,2026-08-20T02:26:35.982409+00:00,blockchain,valid_active,25,5,UAV-VALID,ACCEPTED,INVALID_SIGNATURE,False,103851300,103.8513,59200,103422000,0,3800,279900,0,0,0,,,,none,blockchain-valid_active_0,0,False,239,17,
n500-identities_c5-conc_mech-blockchain-1backend_valid-active_r30_audit-off_20260820T022623Z,obs_1d4bc08b81c34e51b13535177505ebbe,2026-08-20T02:26:35.995352+00:00,blockchain,valid_active,28,5,UAV-VALID,ACCEPTED,INVALID_SIGNATURE,False,70876900,70.8769,58400,70482000,0,4300,248000,0,0,0,,,,none,blockchain-valid_active_3,0,False,239,17,
n500-identities_c5-conc_mech-blockchain-1backend_valid-active_r30_audit-off_20260820T022623Z,obs_69e31503e93f4d4e9a212deb621a3467,2026-08-20T02:26:36.000083+00:00,blockchain,valid_active,27,5,UAV-VALID,ACCEPTED,INVALID_SIGNATURE,False,78921200,78.9212,73700,78539600,0,5200,229700,0,0,0,,,,none,blockchain-valid_active_2,0,False,239,17,
n500-identities_c5-conc_mech-blockchain-1backend_valid-active_r30_audit-off_20260820T022623Z,obs_4d33fdbd24b84fed91045689e01089de,2026-08-20T02:26:36.002796+00:00,blockchain,valid_active,26,5,UAV-VALID,ACCEPTED,INVALID_SIGNATURE,False,79480300,79.4803,76000,79092200,0,4700,239600,0,0,0,,,,none,blockchain-valid_active_1,0,False,239,17,
n500-identities_c5-conc_mech-blockchain-1backend_valid-active_r30_audit-off_20260820T022623Z,obs_25af1670c9284c0d8b2d95e478ed7669,2026-08-20T02:26:36.014800+00:00,blockchain,valid_active,29,5,UAV-VALID,ACCEPTED,INVALID_SIGNATURE,False,45376100,45.3761,71000,44925300,0,4400,287100,0,0,0,,,,none,blockchain-valid_active_4,0,False,239,17,
n500-identities_c5-conc_mech-x509-1backend_valid-active_r30_audit-off_20260820T022605Z,obs_965857e9db5140b9b89a6d6829e37f71,2026-08-20T02:26:21.444079+00:00,x509,valid_active,1,5,UAV-VALID,ACCEPTED,ACCEPTED,True,4219300,4.2193,71900,139000,3554900,0,307600,10500,0,0,,,,none,x509-valid_active_1,0,True,238,8,
n500-identities_c5-conc_mech-x509-1backend_valid-active_r30_audit-off_20260820T022605Z,obs_119000f0ae9a4929a167fe0159337aab,2026-08-20T02:26:21.445926+00:00,x509,valid_active,0,5,UAV-VALID,ACCEPTED,ACCEPTED,True,9904800,9.9048,75100,331200,9031200,0,270200,9600,0,0,,,,none,x509-valid_active_2,0,False,239,8,
n500-identities_c5-conc_mech-x509-1backend_valid-active_r30_audit-off_20260820T022605Z,obs_2ab3580cd7294bbbb42089c6172d39aa,2026-08-20T02:26:21.456455+00:00,x509,valid_active,0,5,UAV-VALID,ACCEPTED,ACCEPTED,True,19424400,19.4244,68900,170600,18829700,0,234700,8300,0,0,,,,none,x509-valid_active_0,0,True,239,8,
n500-identities_c5-conc_mech-x509-1backend_valid-active_r30_audit-off_20260820T022605Z,obs_8bf31e9b545e4b55aa8d0f72ed922ec6,2026-08-20T02:26:21.476392+00:00,x509,valid_active,1,5,UAV-VALID,ACCEPTED,ACCEPTED,True,33548500,33.5485,68100,172100,32904900,0,264900,7200,0,0,,,,none,x509-valid_active_3,0,False,238,8,
n500-identities_c5-conc_mech-x509-1backend_valid-active_r30_audit-off_20260820T022605Z,obs_0fc34757cb364646befdf01b977929ee,2026-08-20T02:26:21.477003+00:00,x509,valid_active,2,5,UAV-VALID,ACCEPTED,ACCEPTED,True,32460500,32.4605,65200,121000,31987500,0,211000,5900,0,0,,,,none,x509-valid_active_4,0,False,239,8,
n500-identities_c5-conc_mech-x509-1backend_valid-active_r30_audit-off_20260820T022605Z,obs_03f10773811444568cca72b1af98aa6d,2026-08-20T02:26:21.497461+00:00,x509,valid_active,3,5,UAV-VALID,ACCEPTED,ACCEPTED,True,19877800,19.8778,74600,95400,19385700,0,242700,7300,0,0,,,,none,x509-valid_active_1,0,False,240,8,
n500-identities_c5-conc_mech-x509-1backend_valid-active_r30_audit-off_20260820T022605Z,obs_1d9e9ac7cdbb40e686402aeb17c54b06,2026-08-20T02:26:21.498681+00:00,x509,valid_active,4,5,UAV-VALID,ACCEPTED,ACCEPTED,True,17557300,17.5573,93300,116700,16958500,0,316700,7200,0,0,,,,none,x509-valid_active_2,0,False,240,8,
n500-identities_c5-conc_mech-x509-1backend_valid-active_r30_audit-off_20260820T022605Z,obs_dbfab8a667b549749a5e8bafa30bac6d,2026-08-20T02:26:21.527903+00:00,x509,valid_active,5,5,UAV-VALID,ACCEPTED,ACCEPTED,True,28067200,28.0672,121100,95800,27566400,0,245700,7800,0,0,,,,none,x509-valid_active_0,0,False,240,8,
n500-identities_c5-conc_mech-x509-1backend_valid-active_r30_audit-off_20260820T022605Z,obs_a4ba98007c23433eaea7957a4e20af3c,2026-08-20T02:26:21.529381+00:00,x509,valid_active,7,5,UAV-VALID,ACCEPTED,ACCEPTED,True,28673600,28.6736,70300,613600,27628200,0,239700,6300,0,0,,,,none,x509-valid_active_4,0,False,239,8,
n500-identities_c5-conc_mech-x509-1backend_valid-active_r30_audit-off_20260820T022605Z,obs_4d5d7a39c57945f7878c4c84f978979f,2026-08-20T02:26:21.535543+00:00,x509,valid_active,9,5,UAV-VALID,ACCEPTED,ACCEPTED,True,9183700,9.1837,55600,108800,8652300,0,246700,8700,0,0,,,,none,x509-valid_active_2,0,False,238,8,
n500-identities_c5-conc_mech-x509-1backend_valid-active_r30_audit-off_20260820T022605Z,obs_46d19a6728874f11a6a14b38a4eff5d1,2026-08-20T02:26:21.536279+00:00,x509,valid_active,8,5,UAV-VALID,ACCEPTED,ACCEPTED,True,11943100,11.9431,61400,101300,11388900,0,277200,35500,0,0,,,,none,x509-valid_active_1,0,False,239,8,
n500-identities_c5-conc_mech-x509-1backend_valid-active_r30_audit-off_20260820T022605Z,obs_73c9568655de42169a9437246880604c,2026-08-20T02:26:21.538049+00:00,x509,valid_active,6,5,UAV-VALID,ACCEPTED,ACCEPTED,True,18889800,18.8898,44000,138400,18301800,0,239000,6900,0,0,,,,none,x509-valid_active_3,0,False,238,8,
n500-identities_c5-conc_mech-x509-1backend_valid-active_r30_audit-off_20260820T022605Z,obs_d805ef1498924334b3707d087db5707e,2026-08-20T02:26:21.577789+00:00,x509,valid_active,10,5,UAV-VALID,ACCEPTED,ACCEPTED,True,13866000,13.866,57900,163700,13339400,0,214900,7000,0,0,,,,none,x509-valid_active_0,0,False,239,8,
n500-identities_c5-conc_mech-x509-1backend_valid-active_r30_audit-off_20260820T022605Z,obs_a1eaa4b138b3487a8fab159410ff2831,2026-08-20T02:26:21.581115+00:00,x509,valid_active,11,5,UAV-VALID,ACCEPTED,ACCEPTED,True,7942400,7.9424,60600,127100,7412500,0,228400,6200,0,0,,,,none,x509-valid_active_4,0,False,240,8,
n500-identities_c5-conc_mech-x509-1backend_valid-active_r30_audit-off_20260820T022605Z,obs_8b1c46e889c74843a03afc9556a45834,2026-08-20T02:26:21.581984+00:00,x509,valid_active,12,5,UAV-VALID,ACCEPTED,ACCEPTED,True,13290700,13.2907,67200,124600,12805200,0,205600,6400,0,0,,,,none,x509-valid_active_2,0,False,240,8,
n500-identities_c5-conc_mech-x509-1backend_valid-active_r30_audit-off_20260820T022605Z,obs_742d531aa351459fb3b6bb147f41a85a,2026-08-20T02:26:21.586870+00:00,x509,valid_active,13,5,UAV-VALID,ACCEPTED,ACCEPTED,True,10950800,10.9508,57500,85000,10446900,0,248100,7300,0,0,,,,none,x509-valid_active_1,0,False,239,8,
n500-identities_c5-conc_mech-x509-1backend_valid-active_r30_audit-off_20260820T022605Z,obs_f4be453bbf8c4e3ebe66a6a5414b7ee7,2026-08-20T02:26:21.599104+00:00,x509,valid_active,14,5,UAV-VALID,ACCEPTED,ACCEPTED,True,20224600,20.2246,74600,77800,19679400,0,290300,8000,0,0,,,,none,x509-valid_active_3,0,False,239,8,
n500-identities_c5-conc_mech-x509-1backend_valid-active_r30_audit-off_20260820T022605Z,obs_ac7dd3ed416345f481d9dca15e819430,2026-08-20T02:26:21.627375+00:00,x509,valid_active,18,5,UAV-VALID,ACCEPTED,ACCEPTED,True,13858800,13.8588,60100,121800,13369600,0,216500,6200,0,0,,,,none,x509-valid_active_1,0,False,239,8,
n500-identities_c5-conc_mech-x509-1backend_valid-active_r30_audit-off_20260820T022605Z,obs_e27ed6c15dc44ef4936f20b0ad5e16dc,2026-08-20T02:26:21.628960+00:00,x509,valid_active,15,5,UAV-VALID,ACCEPTED,ACCEPTED,True,14795000,14.795,46300,92300,14362600,0,212200,5200,0,0,,,,none,x509-valid_active_0,0,False,239,8,
n500-identities_c5-conc_mech-x509-1backend_valid-active_r30_audit-off_20260820T022605Z,obs_a5099bcaf2a646fd802d8911c48e0510,2026-08-20T02:26:21.629674+00:00,x509,valid_active,17,5,UAV-VALID,ACCEPTED,ACCEPTED,True,14308600,14.3086,51600,101600,13872200,0,204900,4100,0,0,,,,none,x509-valid_active_2,0,False,239,8,
n500-identities_c5-conc_mech-x509-1backend_valid-active_r30_audit-off_20260820T022605Z,obs_fd7128958a8f4a1ab1efad358b362f94,2026-08-20T02:26:21.642481+00:00,x509,valid_active,19,5,UAV-VALID,ACCEPTED,ACCEPTED,True,18915300,18.9153,91600,164400,16490000,0,234400,6100,0,0,,,,none,x509-valid_active_3,0,False,239,8,
n500-identities_c5-conc_mech-x509-1backend_valid-active_r30_audit-off_20260820T022605Z,obs_99f73851ee264327baeb008464fe4563,2026-08-20T02:26:21.658895+00:00,x509,valid_active,16,5,UAV-VALID,ACCEPTED,ACCEPTED,True,30922500,30.9225,67200,112900,30493200,0,192100,4300,0,0,,,,none,x509-valid_active_4,0,False,239,8,
n500-identities_c5-conc_mech-x509-1backend_valid-active_r30_audit-off_20260820T022605Z,obs_4eca593a5ada4bf4a21bad1be5d8c271,2026-08-20T02:26:21.669092+00:00,x509,valid_active,20,5,UAV-VALID,ACCEPTED,ACCEPTED,True,11737800,11.7378,48000,93000,11248600,0,231700,8200,0,0,,,,none,x509-valid_active_1,0,False,240,8,
n500-identities_c5-conc_mech-x509-1backend_valid-active_r30_audit-off_20260820T022605Z,obs_298a5f34993d4cb79dc9ac259cca7fe3,2026-08-20T02:26:21.673713+00:00,x509,valid_active,22,5,UAV-VALID,ACCEPTED,ACCEPTED,True,17064400,17.0644,65500,114400,16543000,0,237500,8300,0,0,,,,none,x509-valid_active_2,0,False,238,8,
n500-identities_c5-conc_mech-x509-1backend_valid-active_r30_audit-off_20260820T022605Z,obs_6e5ce03dfec74f3888cf7f459a1a951b,2026-08-20T02:26:21.689498+00:00,x509,valid_active,21,5,UAV-VALID,ACCEPTED,ACCEPTED,True,26627200,26.6272,62700,105500,26107400,0,241400,5700,0,0,,,,none,x509-valid_active_0,0,False,239,8,
n500-identities_c5-conc_mech-x509-1backend_valid-active_r30_audit-off_20260820T022605Z,obs_fa8b0fca93384fff9665811946aad230,2026-08-20T02:26:21.692453+00:00,x509,valid_active,23,5,UAV-VALID,ACCEPTED,ACCEPTED,True,19657900,19.6579,71200,106900,19156000,0,227000,5900,0,0,,,,none,x509-valid_active_3,0,False,238,8,
n500-identities_c5-conc_mech-x509-1backend_valid-active_r30_audit-off_20260820T022605Z,obs_3fb616497e6348779343488418aaa9e4,2026-08-20T02:26:21.709594+00:00,x509,valid_active,24,5,UAV-VALID,ACCEPTED,ACCEPTED,True,15379700,15.3797,82100,108700,14828500,0,274500,8600,0,0,,,,none,x509-valid_active_4,0,False,240,8,
n500-identities_c5-conc_mech-x509-1backend_valid-active_r30_audit-off_20260820T022605Z,obs_d6729ccf5e6747ec94d1a6375c850bdd,2026-08-20T02:26:21.721388+00:00,x509,valid_active,25,5,UAV-VALID,ACCEPTED,ACCEPTED,True,22845600,22.8456,44800,89100,22388300,0,224300,6500,0,0,,,,none,x509-valid_active_1,0,False,239,8,
n500-identities_c5-conc_mech-x509-1backend_valid-active_r30_audit-off_20260820T022605Z,obs_4c7d2a2ddc8641508ca3be3ba2c57876,2026-08-20T02:26:21.722424+00:00,x509,valid_active,26,5,UAV-VALID,ACCEPTED,ACCEPTED,True,16287500,16.2875,67800,139700,15752800,0,232300,7200,0,0,,,,none,x509-valid_active_2,0,False,239,8,
n500-identities_c5-conc_mech-x509-1backend_valid-active_r30_audit-off_20260820T022605Z,obs_c0d49f7f0d714330a0616313d4424554,2026-08-20T02:26:21.729150+00:00,x509,valid_active,27,5,UAV-VALID,ACCEPTED,ACCEPTED,True,17532000,17.532,119000,105300,17059800,0,219800,6000,0,0,,,,none,x509-valid_active_0,0,False,239,8,
n500-identities_c5-conc_mech-x509-1backend_valid-active_r30_audit-off_20260820T022605Z,obs_3ac8b16192df4c3bb2c3281bdb051837,2026-08-20T02:26:21.733787+00:00,x509,valid_active,28,5,UAV-VALID,ACCEPTED,ACCEPTED,True,7920900,7.9209,69800,100600,4556800,0,663600,7000,0,0,,,,none,x509-valid_active_3,0,False,239,8,
n500-identities_c5-conc_mech-x509-1backend_valid-active_r30_audit-off_20260820T022605Z,obs_085c575fd055471fa594e52fc632142d,2026-08-20T02:26:21.736831+00:00,x509,valid_active,29,5,UAV-VALID,ACCEPTED,ACCEPTED,True,8504300,8.5043,55400,90400,8025600,0,235600,7900,0,0,,,,none,x509-valid_active_4,0,False,238,8,
n500-identities_c50-conc_mech-blockchain-1backend_valid-active_r30_audit-off_20260820T022747Z,obs_4afc7870812043e488fbf13bab68a311,2026-08-20T02:28:00.999787+00:00,blockchain,valid_active,3,50,UAV-VALID,ACCEPTED,INVALID_SIGNATURE,False,254631700,254.6317,70200,254195600,0,5000,274900,0,0,0,,,,none,blockchain-valid_active_5,0,False,239,17,
n500-identities_c50-conc_mech-blockchain-1backend_valid-active_r30_audit-off_20260820T022747Z,obs_0b97fdb5a845433c9c16682b3901aac3,2026-08-20T02:28:00.980953+00:00,blockchain,valid_active,1,50,UAV-VALID,ACCEPTED,INVALID_SIGNATURE,False,303117800,303.1178,49900,302668800,0,4300,284000,0,0,0,,,,none,blockchain-valid_active_1,0,True,240,17,
n500-identities_c50-conc_mech-blockchain-1backend_valid-active_r30_audit-off_20260820T022747Z,obs_96bc8eb9eebd4320aafbd6ef50ce8607,2026-08-20T02:28:00.874228+00:00,blockchain,valid_active,0,50,UAV-VALID,ACCEPTED,INVALID_SIGNATURE,False,221345400,221.3454,73200,220815300,0,6300,353900,0,0,0,,,,none,blockchain-valid_active_0,0,True,238,17,
n500-identities_c50-conc_mech-blockchain-1backend_valid-active_r30_audit-off_20260820T022747Z,obs_d30e417be7624f85915696dd21ddc4ee,2026-08-20T02:28:01.059690+00:00,blockchain,valid_active,6,50,UAV-VALID,ACCEPTED,INVALID_SIGNATURE,False,311548800,311.5488,60700,311116800,0,5200,269000,0,0,0,,,,none,blockchain-valid_active_8,0,False,239,17,
n500-identities_c50-conc_mech-blockchain-1backend_valid-active_r30_audit-off_20260820T022747Z,obs_b4d7df029ec348198ced18de442b25ce,2026-08-20T02:28:01.067680+00:00,blockchain,valid_active,2,50,UAV-VALID,ACCEPTED,INVALID_SIGNATURE,False,329020100,329.0201,65200,328599000,0,4200,260900,0,0,0,,,,none,blockchain-valid_active_4,0,False,240,17,
n500-identities_c50-conc_mech-blockchain-1backend_valid-active_r30_audit-off_20260820T022747Z,obs_e99e711e95da4cde9e2c5fc9f0ef5eba,2026-08-20T02:28:01.084197+00:00,blockchain,valid_active,1,50,UAV-VALID,ACCEPTED,INVALID_SIGNATURE,False,376157500,376.1575,58900,375727400,0,4500,266600,0,0,0,,,,none,blockchain-valid_active_3,0,False,238,17,
n500-identities_c50-conc_mech-blockchain-1backend_valid-active_r30_audit-off_20260820T022747Z,obs_acbbc96bcc4f423aa79fb33a07107911,2026-08-20T02:28:01.113972+00:00,blockchain,valid_active,0,50,UAV-VALID,ACCEPTED,INVALID_SIGNATURE,False,422693000,422.693,54500,422307700,0,4700,235300,0,0,0,,,,none,blockchain-valid_active_2,0,False,238,17,
n500-identities_c50-conc_mech-blockchain-1backend_valid-active_r30_audit-off_20260820T022747Z,obs_ae971f0520884223a3db8e558696c420,2026-08-20T02:28:01.163506+00:00,blockchain,valid_active,7,50,UAV-VALID,ACCEPTED,INVALID_SIGNATURE,False,363488800,363.4888,61600,363018800,0,5100,301300,0,0,0,,,,none,blockchain-valid_active_9,0,False,239,17,
n500-identities_c50-conc_mech-blockchain-1backend_valid-active_r30_audit-off_20260820T022747Z,obs_97474be0d87545f6ae7cbf26ddf8adce,2026-08-20T02:28:01.215422+00:00,blockchain,valid_active,5,50,UAV-VALID,ACCEPTED,INVALID_SIGNATURE,False,456213900,456.2139,74400,455821400,0,4900,250100,0,0,0,,,,none,blockchain-valid_active_7,0,False,239,17,
n500-identities_c50-conc_mech-blockchain-1backend_valid-active_r30_audit-off_20260820T022747Z,obs_b1aa931550c0404db322c6149ac58372,2026-08-20T02:28:01.217596+00:00,blockchain,valid_active,4,50,UAV-VALID,ACCEPTED,INVALID_SIGNATURE,False,467890400,467.8904,47100,467470500,0,4200,246600,0,0,0,,,,none,blockchain-valid_active_6,0,False,240,17,
n500-identities_c50-conc_mech-blockchain-1backend_valid-active_r30_audit-off_20260820T022747Z,obs_cc60197a8ef7442d88e6e6c2ae608c9a,2026-08-20T02:28:01.223021+00:00,blockchain,valid_active,8,50,UAV-VALID,ACCEPTED,INVALID_SIGNATURE,False,424905700,424.9057,72400,424461100,0,4600,263400,0,0,0,,,,none,blockchain-valid_active_10,0,False,240,17,
n500-identities_c50-conc_mech-blockchain-1backend_valid-active_r30_audit-off_20260820T022747Z,obs_c80b270ab3bd4fb093a3aebeb27a0e42,2026-08-20T02:28:01.230969+00:00,blockchain,valid_active,10,50,UAV-VALID,ACCEPTED,INVALID_SIGNATURE,False,427351600,427.3516,62100,426914300,0,5200,262500,0,0,0,,,,none,blockchain-valid_active_12,0,False,240,17,
n500-identities_c50-conc_mech-blockchain-1backend_valid-active_r30_audit-off_20260820T022747Z,obs_1a9566ddf8bf4bd381ed0569061f39b9,2026-08-20T02:28:01.241998+00:00,blockchain,valid_active,9,50,UAV-VALID,ACCEPTED,INVALID_SIGNATURE,False,402410800,402.4108,91200,402034700,0,4300,213800,0,0,0,,,,none,blockchain-valid_active_11,0,False,239,17,
n500-identities_c50-conc_mech-blockchain-1backend_valid-active_r30_audit-off_20260820T022747Z,obs_4e2b1f23d75241dab36129fb1e49cdd3,2026-08-20T02:28:01.256563+00:00,blockchain,valid_active,11,50,UAV-VALID,ACCEPTED,INVALID_SIGNATURE,False,407378400,407.3784,73300,406987900,0,5000,234900,0,0,0,,,,none,blockchain-valid_active_13,0,False,238,17,
n500-identities_c50-conc_mech-blockchain-1backend_valid-active_r30_audit-off_20260820T022747Z,obs_9fabbe9360ae4edbb668b503392e6b98,2026-08-20T02:28:01.291443+00:00,blockchain,valid_active,15,50,UAV-VALID,ACCEPTED,INVALID_SIGNATURE,False,378823500,378.8235,54400,378334700,0,5100,296300,0,0,0,,,,none,blockchain-valid_active_17,0,False,239,17,
n500-identities_c50-conc_mech-blockchain-1backend_valid-active_r30_audit-off_20260820T022747Z,obs_636379d8fc044dffa6870e734d0c114f,2026-08-20T02:28:01.304269+00:00,blockchain,valid_active,24,50,UAV-VALID,ACCEPTED,INVALID_SIGNATURE,False,281669600,281.6696,75200,281249100,0,4700,265900,0,0,0,,,,none,blockchain-valid_active_25,0,False,239,17,
n500-identities_c50-conc_mech-blockchain-1backend_valid-active_r30_audit-off_20260820T022747Z,obs_30397e2f6ce24fe5a155af0ca1094f82,2026-08-20T02:28:01.306444+00:00,blockchain,valid_active,14,50,UAV-VALID,ACCEPTED,INVALID_SIGNATURE,False,415758200,415.7582,53000,415350500,0,4600,257500,0,0,0,,,,none,blockchain-valid_active_16,0,False,240,17,
n500-identities_c50-conc_mech-blockchain-1backend_valid-active_r30_audit-off_20260820T022747Z,obs_8e1a3f9d54894846964658bc2c23688b,2026-08-20T02:28:01.308594+00:00,blockchain,valid_active,18,50,UAV-VALID,ACCEPTED,INVALID_SIGNATURE,False,373722300,373.7223,52600,373329500,0,5700,232600,0,0,0,,,,none,blockchain-valid_active_20,0,False,239,17,
n500-identities_c50-conc_mech-blockchain-1backend_valid-active_r30_audit-off_20260820T022747Z,obs_35d53ab4a6f040a9bde0ce6d5ff05276,2026-08-20T02:28:01.312858+00:00,blockchain,valid_active,22,50,UAV-VALID,ACCEPTED,INVALID_SIGNATURE,False,265420100,265.4201,56700,265018900,0,4100,260000,0,0,0,,,,none,blockchain-valid_active_0,0,False,239,17,
n500-identities_c50-conc_mech-blockchain-1backend_valid-active_r30_audit-off_20260820T022747Z,obs_d61fa9cebad540a1b267f3906aa26c99,2026-08-20T02:28:01.335360+00:00,blockchain,valid_active,13,50,UAV-VALID,ACCEPTED,INVALID_SIGNATURE,False,294591500,294.5915,52500,294103100,0,4000,341000,0,0,0,,,,none,blockchain-valid_active_15,0,False,239,17,
n500-identities_c50-conc_mech-blockchain-1backend_valid-active_r30_audit-off_20260820T022747Z,obs_efa0b251b6744798b3b32955759b2da6,2026-08-20T02:28:01.337535+00:00,blockchain,valid_active,12,50,UAV-VALID,ACCEPTED,INVALID_SIGNATURE,False,458402900,458.4029,58600,458039400,0,3700,220700,0,0,0,,,,none,blockchain-valid_active_14,0,False,239,17,
n500-identities_c50-conc_mech-blockchain-1backend_valid-active_r30_audit-off_20260820T022747Z,obs_fd0ab9f642094300b52933f79de0884d,2026-08-20T02:28:01.342749+00:00,blockchain,valid_active,19,50,UAV-VALID,ACCEPTED,INVALID_SIGNATURE,False,376175600,376.1756,63100,375765500,0,4100,255900,0,0,0,,,,none,blockchain-valid_active_21,0,False,240,17,
n500-identities_c50-conc_mech-blockchain-1backend_valid-active_r30_audit-off_20260820T022747Z,obs_38d42f4d4e1d4e04835677bff3336460,2026-08-20T02:28:01.348568+00:00,blockchain,valid_active,20,50,UAV-VALID,ACCEPTED,INVALID_SIGNATURE,False,351542600,351.5426,55000,351163000,0,5600,231900,0,0,0,,,,none,blockchain-valid_active_22,0,False,239,17,
n500-identities_c50-conc_mech-blockchain-1backend_valid-active_r30_audit-off_20260820T022747Z,obs_bbcfd06910744b92ba266715783854d6,2026-08-20T02:28:01.351738+00:00,blockchain,valid_active,29,50,UAV-VALID,ACCEPTED,INVALID_SIGNATURE,False,277427800,277.4278,50700,277001600,0,4800,270500,0,0,0,,,,none,blockchain-valid_active_1,0,False,239,17,
n500-identities_c50-conc_mech-blockchain-1backend_valid-active_r30_audit-off_20260820T022747Z,obs_1e3f663715ff4123a8f98c70c2f737e7,2026-08-20T02:28:01.355979+00:00,blockchain,valid_active,17,50,UAV-VALID,ACCEPTED,INVALID_SIGNATURE,False,248258500,248.2585,67200,247761100,0,4500,332200,0,0,0,,,,none,blockchain-valid_active_19,0,False,240,17,
n500-identities_c50-conc_mech-blockchain-1backend_valid-active_r30_audit-off_20260820T022747Z,obs_2f5e0159649843d9adeee87aac81d74a,2026-08-20T02:28:01.363647+00:00,blockchain,valid_active,21,50,UAV-VALID,ACCEPTED,INVALID_SIGNATURE,False,317626900,317.6269,65200,317183900,0,5500,269500,0,0,0,,,,none,blockchain-valid_active_23,0,False,238,17,
n500-identities_c50-conc_mech-blockchain-1backend_valid-active_r30_audit-off_20260820T022747Z,obs_3a52fd04aab245d9a013282245da7ff8,2026-08-20T02:28:01.367484+00:00,blockchain,valid_active,23,50,UAV-VALID,ACCEPTED,INVALID_SIGNATURE,False,262476100,262.4761,52300,262012000,0,4400,295600,0,0,0,,,,none,blockchain-valid_active_24,0,False,239,17,
n500-identities_c50-conc_mech-blockchain-1backend_valid-active_r30_audit-off_20260820T022747Z,obs_9552201e85c44f9096d07ab3783a0d76,2026-08-20T02:28:01.370636+00:00,blockchain,valid_active,26,50,UAV-VALID,ACCEPTED,INVALID_SIGNATURE,False,297888700,297.8887,49200,297373500,0,5900,304400,0,0,0,,,,none,blockchain-valid_active_27,0,False,238,17,
n500-identities_c50-conc_mech-blockchain-1backend_valid-active_r30_audit-off_20260820T022747Z,obs_23e11bb56018492db16828f3fd820ad3,2026-08-20T02:28:01.373821+00:00,blockchain,valid_active,28,50,UAV-VALID,ACCEPTED,INVALID_SIGNATURE,False,256425000,256.425,73000,256024700,0,4200,243600,0,0,0,,,,none,blockchain-valid_active_29,0,False,239,17,
n500-identities_c50-conc_mech-blockchain-1backend_valid-active_r30_audit-off_20260820T022747Z,obs_2f77e48bfe0345c3a53d75a5f21eeef9,2026-08-20T02:28:01.376837+00:00,blockchain,valid_active,16,50,UAV-VALID,ACCEPTED,INVALID_SIGNATURE,False,337422100,337.4221,101200,337023100,0,5900,221200,0,0,0,,,,none,blockchain-valid_active_18,0,False,239,17,
n500-identities_c50-conc_mech-blockchain-1backend_valid-active_r30_audit-off_20260820T022747Z,obs_cbecd1a16cb1463b84e8d407881b8785,2026-08-20T02:28:01.378465+00:00,blockchain,valid_active,27,50,UAV-VALID,ACCEPTED,INVALID_SIGNATURE,False,217351600,217.3516,57700,216968000,0,3600,219500,0,0,0,,,,none,blockchain-valid_active_28,0,False,239,17,
n500-identities_c50-conc_mech-blockchain-1backend_valid-active_r30_audit-off_20260820T022747Z,obs_25e16a09dd574d51b8fb2d627fc51211,2026-08-20T02:28:01.381013+00:00,blockchain,valid_active,25,50,UAV-VALID,ACCEPTED,INVALID_SIGNATURE,False,249066600,249.0666,64000,248431600,0,4400,427200,0,0,0,,,,none,blockchain-valid_active_26,0,False,240,17,
n500-identities_c50-conc_mech-x509-1backend_valid-active_r30_audit-off_20260820T022732Z,obs_a2135d7881ea47cd89827ec408398367,2026-08-20T02:27:45.825831+00:00,x509,valid_active,2,50,UAV-VALID,ACCEPTED,ACCEPTED,True,241591000,241.591,62400,130100,238869000,0,2104100,15000,0,0,,,,none,x509-valid_active_4,0,False,240,8,
n500-identities_c50-conc_mech-x509-1backend_valid-active_r30_audit-off_20260820T022732Z,obs_dd27264e8d2245d4a5514477e2b2505d,2026-08-20T02:27:45.671981+00:00,x509,valid_active,4,50,UAV-VALID,ACCEPTED,ACCEPTED,True,61903500,61.9035,63100,149100,61337000,0,232500,5700,0,0,,,,none,x509-valid_active_6,0,False,239,8,
n500-identities_c50-conc_mech-x509-1backend_valid-active_r30_audit-off_20260820T022732Z,obs_ab29b988b5b94d30a8ac3248cde38dcd,2026-08-20T02:27:45.636788+00:00,x509,valid_active,3,50,UAV-VALID,ACCEPTED,ACCEPTED,True,63429000,63.429,51400,113200,62778400,0,351800,7800,0,0,,,,none,x509-valid_active_5,0,False,240,8,
n500-identities_c50-conc_mech-x509-1backend_valid-active_r30_audit-off_20260820T022732Z,obs_aa2f2e626b064d2ca899816a74f74c18,2026-08-20T02:27:45.597296+00:00,x509,valid_active,0,50,UAV-VALID,ACCEPTED,ACCEPTED,True,44719700,44.7197,60400,87300,44210800,0,264300,6400,0,0,,,,none,x509-valid_active_2,0,False,238,8,
n500-identities_c50-conc_mech-x509-1backend_valid-active_r30_audit-off_20260820T022732Z,obs_1c3c84a740cd4ef38b90e5b15b6c34c0,2026-08-20T02:27:45.795762+00:00,x509,valid_active,1,50,UAV-VALID,ACCEPTED,ACCEPTED,True,214465000,214.465,49900,130800,213828400,0,282300,9100,0,0,,,,none,x509-valid_active_3,0,False,239,8,
n500-identities_c50-conc_mech-x509-1backend_valid-active_r30_audit-off_20260820T022732Z,obs_067e5c5f812b47d6be6c0cf58aafc1f6,2026-08-20T02:27:45.612697+00:00,x509,valid_active,1,50,UAV-VALID,ACCEPTED,ACCEPTED,True,54201300,54.2013,65700,140900,53607000,0,262800,6600,0,0,,,,none,x509-valid_active_1,0,True,240,8,
n500-identities_c50-conc_mech-x509-1backend_valid-active_r30_audit-off_20260820T022732Z,obs_a5f897b316c446109133d99cd599e57c,2026-08-20T02:27:45.582553+00:00,x509,valid_active,0,50,UAV-VALID,ACCEPTED,ACCEPTED,True,44860300,44.8603,44200,132100,44324300,0,238400,7400,0,0,,,,none,x509-valid_active_0,0,True,239,8,
n500-identities_c50-conc_mech-x509-1backend_valid-active_r30_audit-off_20260820T022732Z,obs_8f09a50c9fe94782bc970f21910666db,2026-08-20T02:27:45.849100+00:00,x509,valid_active,7,50,UAV-VALID,ACCEPTED,ACCEPTED,True,216822200,216.8222,63700,139200,216247100,0,258900,8900,0,0,,,,none,x509-valid_active_9,0,False,239,8,
n500-identities_c50-conc_mech-x509-1backend_valid-active_r30_audit-off_20260820T022732Z,obs_56d5fdae8102424ba8d82f288dafcc87,2026-08-20T02:27:45.876750+00:00,x509,valid_active,5,50,UAV-VALID,ACCEPTED,ACCEPTED,True,255919800,255.9198,78400,120100,255209300,0,351700,14800,0,0,,,,none,x509-valid_active_7,0,False,238,8,
n500-identities_c50-conc_mech-x509-1backend_valid-active_r30_audit-off_20260820T022732Z,obs_3b28cd27b96944fcb36d12f66db14d77,2026-08-20T02:27:45.922874+00:00,x509,valid_active,8,50,UAV-VALID,ACCEPTED,ACCEPTED,True,123136400,123.1364,78200,212000,122408700,0,265900,8600,0,0,,,,none,x509-valid_active_10,0,False,239,8,
n500-identities_c50-conc_mech-x509-1backend_valid-active_r30_audit-off_20260820T022732Z,obs_66aa71e0e08f45a195c991deb94127a3,2026-08-20T02:27:45.941569+00:00,x509,valid_active,9,50,UAV-VALID,ACCEPTED,ACCEPTED,True,123581400,123.5814,44800,120300,122942500,0,304500,9400,0,0,,,,none,x509-valid_active_11,0,False,239,8,
n500-identities_c50-conc_mech-x509-1backend_valid-active_r30_audit-off_20260820T022732Z,obs_4ab19c401396423caeba9a2a487ccacc,2026-08-20T02:27:45.953618+00:00,x509,valid_active,13,50,UAV-VALID,ACCEPTED,ACCEPTED,True,72731900,72.7319,51400,168200,72163600,0,244300,7400,0,0,,,,none,x509-valid_active_13,0,False,239,8,
n500-identities_c50-conc_mech-x509-1backend_valid-active_r30_audit-off_20260820T022732Z,obs_5e666bc059f242d29c3534f6a446effb,2026-08-20T02:27:45.954639+00:00,x509,valid_active,12,50,UAV-VALID,ACCEPTED,ACCEPTED,True,96232900,96.2329,62700,144200,95705000,0,223200,6300,0,0,,,,none,x509-valid_active_2,0,False,240,8,
n500-identities_c50-conc_mech-x509-1backend_valid-active_r30_audit-off_20260820T022732Z,obs_1559b9f8943d45e9a22f914cc09edb32,2026-08-20T02:27:45.955296+00:00,x509,valid_active,14,50,UAV-VALID,ACCEPTED,ACCEPTED,True,63639900,63.6399,65400,190300,63052200,0,215300,6500,0,0,,,,none,x509-valid_active_14,0,False,238,8,
n500-identities_c50-conc_mech-x509-1backend_valid-active_r30_audit-off_20260820T022732Z,obs_6e8734d990a540ce8e7a0757ecce693b,2026-08-20T02:27:45.956015+00:00,x509,valid_active,10,50,UAV-VALID,ACCEPTED,ACCEPTED,True,107892800,107.8928,58800,133800,107403100,0,197400,9300,0,0,,,,none,x509-valid_active_0,0,False,239,8,
n500-identities_c50-conc_mech-x509-1backend_valid-active_r30_audit-off_20260820T022732Z,obs_2006e103dae64f1dac53a448038ebfde,2026-08-20T02:27:45.964968+00:00,x509,valid_active,11,50,UAV-VALID,ACCEPTED,ACCEPTED,True,55151500,55.1515,58000,153100,54568300,0,248700,8000,0,0,,,,none,x509-valid_active_12,0,False,240,8,
n500-identities_c50-conc_mech-x509-1backend_valid-active_r30_audit-off_20260820T022732Z,obs_67615c8d222a4ab491090954f105d276,2026-08-20T02:27:45.965644+00:00,x509,valid_active,6,50,UAV-VALID,ACCEPTED,ACCEPTED,True,138663400,138.6634,69600,165800,138145600,0,204000,6100,0,0,,,,none,x509-valid_active_8,0,False,240,8,
n500-identities_c50-conc_mech-x509-1backend_valid-active_r30_audit-off_20260820T022732Z,obs_cbb29ce628a74683ae0c84631f3c7312,2026-08-20T02:27:45.970426+00:00,x509,valid_active,20,50,UAV-VALID,ACCEPTED,ACCEPTED,True,24439300,24.4393,56300,139100,23904600,0,210200,8000,0,0,,,,none,x509-valid_active_18,0,False,240,8,
n500-identities_c50-conc_mech-x509-1backend_valid-active_r30_audit-off_20260820T022732Z,obs_24318035a5ce4cc7ae4510ed55bbd296,2026-08-20T02:27:45.976263+00:00,x509,valid_active,23,50,UAV-VALID,ACCEPTED,ACCEPTED,True,23559600,23.5596,72900,120900,22954700,0,277900,39300,0,0,,,,none,x509-valid_active_19,0,False,239,8,
n500-identities_c50-conc_mech-x509-1backend_valid-active_r30_audit-off_20260820T022732Z,obs_c94ba8586908435cade182fd7102c160,2026-08-20T02:27:45.979294+00:00,x509,valid_active,17,50,UAV-VALID,ACCEPTED,ACCEPTED,True,49087600,49.0876,73300,119300,48514200,0,260400,7700,0,0,,,,none,x509-valid_active_5,0,False,238,8,
n500-identities_c50-conc_mech-x509-1backend_valid-active_r30_audit-off_20260820T022732Z,obs_1e5a4b2f47214ac3badd1a122def37b3,2026-08-20T02:27:45.979919+00:00,x509,valid_active,19,50,UAV-VALID,ACCEPTED,ACCEPTED,True,64191200,64.1912,61400,151400,63645900,0,225000,6900,0,0,,,,none,x509-valid_active_17,0,False,239,8,
n500-identities_c50-conc_mech-x509-1backend_valid-active_r30_audit-off_20260820T022732Z,obs_ab1dfe7f03fe4d28b91edacf38973654,2026-08-20T02:27:45.981863+00:00,x509,valid_active,16,50,UAV-VALID,ACCEPTED,ACCEPTED,True,50688800,50.6888,77000,132500,50158400,0,237200,7600,0,0,,,,none,x509-valid_active_15,0,False,239,8,
n500-identities_c50-conc_mech-x509-1backend_valid-active_r30_audit-off_20260820T022732Z,obs_731fbdd5c87743b5862f793a40f32c71,2026-08-20T02:27:45.987012+00:00,x509,valid_active,26,50,UAV-VALID,ACCEPTED,ACCEPTED,True,36142300,36.1423,94700,150100,35589000,0,220400,7400,0,0,,,,none,x509-valid_active_21,0,False,240,8,
n500-identities_c50-conc_mech-x509-1backend_valid-active_r30_audit-off_20260820T022732Z,obs_3ba4109cc99c42bbb095ad2890862c23,2026-08-20T02:27:45.991306+00:00,x509,valid_active,27,50,UAV-VALID,ACCEPTED,ACCEPTED,True,31429500,31.4295,58800,107300,30846700,0,324500,7600,0,0,,,,none,x509-valid_active_22,0,False,238,8,
n500-identities_c50-conc_mech-x509-1backend_valid-active_r30_audit-off_20260820T022732Z,obs_d0e893d648ce40efa7e2a23ab327a589,2026-08-20T02:27:45.995526+00:00,x509,valid_active,21,50,UAV-VALID,ACCEPTED,ACCEPTED,True,39141300,39.1413,68200,88200,38680900,0,236200,6000,0,0,,,,none,x509-valid_active_6,0,False,239,8,
n500-identities_c50-conc_mech-x509-1backend_valid-active_r30_audit-off_20260820T022732Z,obs_9c1b1749ca2540d3aeb76398c7b828b5,2026-08-20T02:27:45.997060+00:00,x509,valid_active,22,50,UAV-VALID,ACCEPTED,ACCEPTED,True,37787200,37.7872,68200,93700,37261000,0,270200,7400,0,0,,,,none,x509-valid_active_3,0,False,239,8,
n500-identities_c50-conc_mech-x509-1backend_valid-active_r30_audit-off_20260820T022732Z,obs_82b0baa1ee3c46908c2d16a7a3ea0148,2026-08-20T02:27:45.997911+00:00,x509,valid_active,24,50,UAV-VALID,ACCEPTED,ACCEPTED,True,29825100,29.8251,56000,134000,29280500,0,232600,6200,0,0,,,,none,x509-valid_active_20,0,False,239,8,
n500-identities_c50-conc_mech-x509-1backend_valid-active_r30_audit-off_20260820T022732Z,obs_fa94e8e829e040d4aca24786aaccc95a,2026-08-20T02:27:45.999390+00:00,x509,valid_active,28,50,UAV-VALID,ACCEPTED,ACCEPTED,True,24388400,24.3884,58500,129100,23909900,0,205100,6800,0,0,,,,none,x509-valid_active_9,0,False,239,8,
n500-identities_c50-conc_mech-x509-1backend_valid-active_r30_audit-off_20260820T022732Z,obs_22085fa93ef0478287a8fad9b4677f45,2026-08-20T02:27:46.000195+00:00,x509,valid_active,18,50,UAV-VALID,ACCEPTED,ACCEPTED,True,29308500,29.3085,101200,140400,28805300,0,221700,6700,0,0,,,,none,x509-valid_active_16,0,False,238,8,
n500-identities_c50-conc_mech-x509-1backend_valid-active_r30_audit-off_20260820T022732Z,obs_cf6a8ff778fa4002a60142e31d45b339,2026-08-20T02:27:46.035504+00:00,x509,valid_active,25,50,UAV-VALID,ACCEPTED,ACCEPTED,True,49398200,49.3982,54400,108800,48896800,0,234800,7600,0,0,,,,none,x509-valid_active_4,0,False,240,8,
n500-identities_c50-conc_mech-x509-1backend_valid-active_r30_audit-off_20260820T022732Z,obs_b5254a437315449fac6924ff79ccf491,2026-08-20T02:27:46.036403+00:00,x509,valid_active,29,50,UAV-VALID,ACCEPTED,ACCEPTED,True,42074900,42.0749,75800,262500,41410300,0,228600,6700,0,0,,,,none,x509-valid_active_23,0,False,239,8,
n500-identities_c50-conc_mech-x509-1backend_valid-active_r30_audit-off_20260820T022732Z,obs_d7f7729f00b6485e9411ca7a52c9c0db,2026-08-20T02:27:46.038899+00:00,x509,valid_active,15,50,UAV-VALID,ACCEPTED,ACCEPTED,True,2072000,2.072,52300,89800,1659700,0,191400,5700,0,0,,,,none,x509-valid_active_1,0,False,239,8,
