run_id,observation_id,utc_timestamp,mechanism,scenario,repetition,concurrency_level,uav_id,expected_outcome,observed_outcome,expectation_met,decision_latency_ns,decision_latency_ms,challenge_generation_ns,identity_lookup_ns,certificate_validation_ns,contract_call_ns,signature_verification_ns,authorisation_check_ns,audit_submission_ns,audit_confirmation_ns,tx_hash,block_number,gas_used,timeout_error_class,worker_id,payload_size,warmup,request_bytes,response_bytes,notes
n10-identities_c1-conc_mech-blockchain-1backend_security-battery_r30_audit-off_20260824T233645Z,obs_d6c63197abf64dc0b10c7f143ba73e18,2026-08-24T23:36:55.056571+00:00,blockchain,valid_active,0,1,UAV-VALID,ACCEPTED,ACCEPTED,true,43546800,43.5468,235700,43154600,0,7400,232500,6300,0,0,,,,none,blockchain-valid_active_0,0,true,238,8,
n10-identities_c1-conc_mech-blockchain-1backend_security-battery_r30_audit-off_20260824T233645Z,obs_84ec9693b9284708b0e702de833afba7,2026-08-24T23:36:55.086682+00:00,blockchain,valid_active,1,1,UAV-VALID,ACCEPTED,ACCEPTED,true,21814700,21.8147,54100,21414600,0,6400,228000,7000,0,0,,,,none,blockchain-valid_active_0,0,true,239,8,
n10-identities_c1-conc_mech-blockchain-1backend_security-battery_r30_audit-off_20260824T233645Z,obs_777eca55f8b84b6ba194b80c9bda658f,2026-08-24T23:36:55.116469+00:00,blockchain,valid_active,0,1,UAV-VALID,ACCEPTED,ACCEPTED,true,22647900,22.6479,64500,22259200,0,4800,233300,7000,0,0,,,,none,blockchain-valid_active_0,0,false,238,8,
n10-identities_c1-conc_mech-blockchain-1backend_security-battery_r30_audit-off_20260824T233645Z,obs_94124f6f943649499ea93181821115d1,2026-08-24T23:36:55.151588+00:00,blockchain,valid_active,1,1,UAV-VALID,ACCEPTED,ACCEPTED,true,27501000,27.501,61600,27106200,0,4800,230500,6200,0,0,,,,none,blockchain-valid_active_0,0,false,239,8,
n10-identities_c1-conc_mech-blockchain-1backend_security-battery_r30_audit-off_20260824T233645Z,obs_58d83f249d574ccdb2946a94f3109ec5,2026-08-24T23:36:55.184246+00:00,blockchain,valid_active,2,1,UAV-VALID,ACCEPTED,ACCEPTED,true,22545500,22.5455,56400,22174000,0,3300,235500,5400,0,0,,,,none,blockchain-valid_active_0,0,false,240,8,
n10-identities_c1-conc_mech-blockchain-1backend_security-battery_r30_audit-off_20260824T233645Z,obs_a79d38d5c11a41d987268ee83261939b,2026-08-24T23:36:55.215867+00:00,blockchain,valid_active,3,1,UAV-VALID,ACCEPTED,ACCEPTED,true,25151600,25.1516,49000,24728400,0,6100,245600,8000,0,0,,,,none,blockchain-valid_active_0,0,false,239,8,
n10-identities_c1-conc_mech-blockchain-1backend_security-battery_r30_audit-off_20260824T233645Z,obs_cfa0db9efe784a89a648872a837527e4,2026-08-24T23:36:55.246262+00:00,blockchain,valid_active,4,1,UAV-VALID,ACCEPTED,ACCEPTED,true,21613300,21.6133,49300,21252900,0,4500,221200,7300,0,0,,,,none,blockchain-valid_active_0,0,false,239,8,
n10-identities_c1-conc_mech-blockchain-1backend_security-battery_r30_audit-off_20260824T233645Z,obs_e2db10ae25c74ece8c220005bd8ee053,2026-08-24T23:36:55.276112+00:00,blockchain,valid_active,5,1,UAV-VALID,ACCEPTED,ACCEPTED,true,22769200,22.7692,58000,22116200,0,3700,488400,9300,0,0,,,,none,blockchain-valid_active_0,0,false,240,8,
n10-identities_c1-conc_mech-blockchain-1backend_security-battery_r30_audit-off_20260824T233645Z,obs_5e29d218a93b49e9ba61bda6d22dc7e0,2026-08-24T23:36:55.316011+00:00,blockchain,valid_active,6,1,UAV-VALID,ACCEPTED,ACCEPTED,true,28858600,28.8586,50300,28316900,0,4000,288600,9100,0,0,,,,none,blockchain-valid_active_0,0,false,239,8,
n10-identities_c1-conc_mech-blockchain-1backend_security-battery_r30_audit-off_20260824T233645Z,obs_f5948162666d4d05ab72acca21b623ed,2026-08-24T23:36:55.354364+00:00,blockchain,valid_active,7,1,UAV-VALID,ACCEPTED,ACCEPTED,true,29232900,29.2329,57900,28755100,0,6100,281200,6800,0,0,,,,none,blockchain-valid_active_0,0,false,239,8,
n10-identities_c1-conc_mech-blockchain-1backend_security-battery_r30_audit-off_20260824T233645Z,obs_5e0605f185d24149bb9cae4255b21598,2026-08-24T23:36:55.391969+00:00,blockchain,valid_active,8,1,UAV-VALID,ACCEPTED,ACCEPTED,true,28943200,28.9432,87700,28542200,0,4400,245000,6300,0,0,,,,none,blockchain-valid_active_0,0,false,238,8,
n10-identities_c1-conc_mech-blockchain-1backend_security-battery_r30_audit-off_20260824T233645Z,obs_509096806b9a412899a7119e624e4baf,2026-08-24T23:36:55.422617+00:00,blockchain,valid_active,9,1,UAV-VALID,ACCEPTED,ACCEPTED,true,22645000,22.645,76500,22270000,0,4100,218100,5800,0,0,,,,none,blockchain-valid_active_0,0,false,239,8,
n10-identities_c1-conc_mech-blockchain-1backend_security-battery_r30_audit-off_20260824T233645Z,obs_902533785a21437da1f5c207bdd4c346,2026-08-24T23:36:55.456464+00:00,blockchain,valid_active,10,1,UAV-VALID,ACCEPTED,ACCEPTED,true,25702400,25.7024,57600,25323200,0,4300,226600,6700,0,0,,,,none,blockchain-valid_active_0,0,false,238,8,
n10-identities_c1-conc_mech-blockchain-1backend_security-battery_r30_audit-off_20260824T233645Z,obs_f1fa9d016a07425497ee2316660fd410,2026-08-24T23:36:55.560338+00:00,blockchain,valid_active,11,1,UAV-VALID,ACCEPTED,ACCEPTED,true,94044100,94.0441,59300,93604300,0,5500,251600,7700,0,0,,,,none,blockchain-valid_active_0,0,false,239,8,
n10-identities_c1-conc_mech-blockchain-1backend_security-battery_r30_audit-off_20260824T233645Z,obs_d8a97ce163fb4392aa807a0de0e86e96,2026-08-24T23:36:55.608811+00:00,blockchain,valid_active,12,1,UAV-VALID,ACCEPTED,ACCEPTED,true,35557600,35.5576,77200,35111100,0,6000,274800,7500,0,0,,,,none,blockchain-valid_active_0,0,false,239,8,
n10-identities_c1-conc_mech-blockchain-1backend_security-battery_r30_audit-off_20260824T233645Z,obs_5f120004349b4e0d8f3e3e1180987ee5,2026-08-24T23:36:55.665830+00:00,blockchain,valid_active,13,1,UAV-VALID,ACCEPTED,ACCEPTED,true,44850900,44.8509,69000,44426800,0,4000,242500,5700,0,0,,,,none,blockchain-valid_active_0,0,false,240,8,
n10-identities_c1-conc_mech-blockchain-1backend_security-battery_r30_audit-off_20260824T233645Z,obs_2cc247ffbe904ad38324231f8484fa11,2026-08-24T23:36:55.724618+00:00,blockchain,valid_active,14,1,UAV-VALID,ACCEPTED,ACCEPTED,true,48606400,48.6064,56800,48189300,0,5400,238100,5200,0,0,,,,none,blockchain-valid_active_0,0,false,240,8,
n10-identities_c1-conc_mech-blockchain-1backend_security-battery_r30_audit-off_20260824T233645Z,obs_eed9da18fb7b4a58a6a61958a5740219,2026-08-24T23:36:55.768492+00:00,blockchain,valid_active,15,1,UAV-VALID,ACCEPTED,ACCEPTED,true,34829700,34.8297,60400,34102500,0,3800,554400,9800,0,0,,,,none,blockchain-valid_active_0,0,false,240,8,
n10-identities_c1-conc_mech-blockchain-1backend_security-battery_r30_audit-off_20260824T233645Z,obs_cf23f9b2e19546309126c35308919fb8,2026-08-24T23:36:55.804637+00:00,blockchain,valid_active,16,1,UAV-VALID,ACCEPTED,ACCEPTED,true,27677200,27.6772,679400,26670400,0,56000,321900,7800,0,0,,,,none,blockchain-valid_active_0,0,false,238,8,
n10-identities_c1-conc_mech-blockchain-1backend_security-battery_r30_audit-off_20260824T233645Z,obs_731756fd589244d9917a51a6ea26d693,2026-08-24T23:36:55.839124+00:00,blockchain,valid_active,17,1,UAV-VALID,ACCEPTED,ACCEPTED,true,25856600,25.8566,62000,25457300,0,4900,239300,6900,0,0,,,,none,blockchain-valid_active_0,0,false,239,8,
n10-identities_c1-conc_mech-blockchain-1backend_security-battery_r30_audit-off_20260824T233645Z,obs_86268f84849542a89e674034fd44a23c,2026-08-24T23:36:55.867930+00:00,blockchain,valid_active,18,1,UAV-VALID,ACCEPTED,ACCEPTED,true,20370900,20.3709,71800,20047500,0,2400,192500,5500,0,0,,,,none,blockchain-valid_active_0,0,false,240,8,
n10-identities_c1-conc_mech-blockchain-1backend_security-battery_r30_audit-off_20260824T233645Z,obs_f0c1776526244f83aede8ea24d8d5f37,2026-08-24T23:36:55.892434+00:00,blockchain,valid_active,19,1,UAV-VALID,ACCEPTED,ACCEPTED,true,18076100,18.0761,53300,17519100,0,2900,279400,13700,0,0,,,,none,blockchain-valid_active_0,0,false,240,8,
n10-identities_c1-conc_mech-blockchain-1backend_security-battery_r30_audit-off_20260824T233645Z,obs_5b44b776f13d4b6780a7f4ac8bec142d,2026-08-24T23:36:55.920791+00:00,blockchain,valid_active,20,1,UAV-VALID,ACCEPTED,ACCEPTED,true,20898200,20.8982,56300,20530800,0,3200,223300,5900,0,0,,,,none,blockchain-valid_active_0,0,false,239,8,
n10-identities_c1-conc_mech-blockchain-1backend_security-battery_r30_audit-off_20260824T233645Z,obs_750d49cedc064912bd21d5177a85120a,2026-08-24T23:36:55.946713+00:00,blockchain,valid_active,21,1,UAV-VALID,ACCEPTED,ACCEPTED,true,17140400,17.1404,68300,16738700,0,4400,248100,7700,0,0,,,,none,blockchain-valid_active_0,0,false,239,8,
n10-identities_c1-conc_mech-blockchain-1backend_security-battery_r30_audit-off_20260824T233645Z,obs_f8f521f0e0b646838bc50b2e7ea1d92c,2026-08-24T23:36:55.971289+00:00,blockchain,valid_active,22,1,UAV-VALID,ACCEPTED,ACCEPTED,true,18652000,18.652,47200,18275800,0,4600,230400,8100,0,0,,,,none,blockchain-valid_active_0,0,false,239,8,
n10-identities_c1-conc_mech-blockchain-1backend_security-battery_r30_audit-off_20260824T233645Z,obs_5c21a449b20242c88d6c2907aef0bb89,2026-08-24T23:36:55.996481+00:00,blockchain,valid_active,23,1,UAV-VALID,ACCEPTED,ACCEPTED,true,18315500,18.3155,91800,17941900,0,3000,172300,4000,0,0,,,,none,blockchain-valid_active_0,0,false,238,8,
n10-identities_c1-conc_mech-blockchain-1backend_security-battery_r30_audit-off_20260824T233645Z,obs_c3c6ccc823484b4d8a571e1e55128b2e,2026-08-24T23:36:56.020469+00:00,blockchain,valid_active,24,1,UAV-VALID,ACCEPTED,ACCEPTED,true,18080700,18.0807,38100,17811400,0,2700,159400,4300,0,0,,,,none,blockchain-valid_active_0,0,false,239,8,
n10-identities_c1-conc_mech-blockchain-1backend_security-battery_r30_audit-off_20260824T233645Z,obs_4ac4e55371fd4932a854b4f09429fcb4,2026-08-24T23:36:56.068170+00:00,blockchain,valid_active,25,1,UAV-VALID,ACCEPTED,ACCEPTED,true,42755400,42.7554,34300,42324000,0,3400,214400,5500,0,0,,,,none,blockchain-valid_active_0,0,false,239,8,
n10-identities_c1-conc_mech-blockchain-1backend_security-battery_r30_audit-off_20260824T233645Z,obs_73fdea1ee8324d8da9e1e7184a53ec6b,2026-08-24T23:36:56.090878+00:00,blockchain,valid_active,26,1,UAV-VALID,ACCEPTED,ACCEPTED,true,16800000,16.8,43700,16542200,0,3200,150600,3300,0,0,,,,none,blockchain-valid_active_0,0,false,240,8,
n10-identities_c1-conc_mech-blockchain-1backend_security-battery_r30_audit-off_20260824T233645Z,obs_78c3f7395e334bdeae183e15f9f9fe2f,2026-08-24T23:36:56.114402+00:00,blockchain,valid_active,27,1,UAV-VALID,ACCEPTED,ACCEPTED,true,16339000,16.339,36800,16064400,0,2700,178900,4800,0,0,,,,none,blockchain-valid_active_0,0,false,240,8,
n10-identities_c1-conc_mech-blockchain-1backend_security-battery_r30_audit-off_20260824T233645Z,obs_2ba87c97c5e64db88cea38df5d6d21bd,2026-08-24T23:36:56.135732+00:00,blockchain,valid_active,28,1,UAV-VALID,ACCEPTED,ACCEPTED,true,15165300,15.1653,45700,14912800,0,2200,152800,3500,0,0,,,,none,blockchain-valid_active_0,0,false,239,8,
n10-identities_c1-conc_mech-blockchain-1backend_security-battery_r30_audit-off_20260824T233645Z,obs_8d312b8b0b964002afdd388ee28b6d21,2026-08-24T23:36:56.160184+00:00,blockchain,valid_active,29,1,UAV-VALID,ACCEPTED,ACCEPTED,true,18360300,18.3603,40300,17916900,0,4500,273000,9600,0,0,,,,none,blockchain-valid_active_0,0,false,240,8,
n10-identities_c1-conc_mech-blockchain-1backend_security-battery_r30_audit-off_20260824T233645Z,obs_9e1ff4f834584925b89d156226fb00fe,2026-08-24T23:36:56.195583+00:00,blockchain,unknown_uav,0,1,UAV-NOT-REGISTERED,UNKNOWN_IDENTITY,UNKNOWN_IDENTITY,true,18595900,18.5959,44600,18551100,0,18551100,0,0,0,0,,,,none,blockchain-unknown_uav_0,0,true,248,16,
n10-identities_c1-conc_mech-blockchain-1backend_security-battery_r30_audit-off_20260824T233645Z,obs_e849e6b26afc40828ee38dcb620f3614,2026-08-24T23:36:56.219846+00:00,blockchain,unknown_uav,1,1,UAV-NOT-REGISTERED,UNKNOWN_IDENTITY,UNKNOWN_IDENTITY,true,15640100,15.6401,50600,15606800,0,15606800,0,0,0,0,,,,none,blockchain-unknown_uav_0,0,true,248,16,
n10-identities_c1-conc_mech-blockchain-1backend_security-battery_r30_audit-off_20260824T233645Z,obs_7cd4549a30e04cd0a28f273afb8a7ff8,2026-08-24T23:36:56.244741+00:00,blockchain,unknown_uav,0,1,UAV-NOT-REGISTERED,UNKNOWN_IDENTITY,UNKNOWN_IDENTITY,true,18904200,18.9042,73900,18854000,0,18854000,0,0,0,0,,,,none,blockchain-unknown_uav_0,0,false,249,16,
n10-identities_c1-conc_mech-blockchain-1backend_security-battery_r30_audit-off_20260824T233645Z,obs_797159db5dca4843b3e8cb1e8eaa6ae8,2026-08-24T23:36:56.267647+00:00,blockchain,unknown_uav,1,1,UAV-NOT-REGISTERED,UNKNOWN_IDENTITY,UNKNOWN_IDENTITY,true,17313800,17.3138,46300,17273600,0,17273600,0,0,0,0,,,,none,blockchain-unknown_uav_0,0,false,248,16,
n10-identities_c1-conc_mech-blockchain-1backend_security-battery_r30_audit-off_20260824T233645Z,obs_7386116771fd4ef1a9f977bfcb4f6f2e,2026-08-24T23:36:56.292482+00:00,blockchain,unknown_uav,2,1,UAV-NOT-REGISTERED,UNKNOWN_IDENTITY,UNKNOWN_IDENTITY,true,19348400,19.3484,45900,19303700,0,19303700,0,0,0,0,,,,none,blockchain-unknown_uav_0,0,false,248,16,
n10-identities_c1-conc_mech-blockchain-1backend_security-battery_r30_audit-off_20260824T233645Z,obs_8161811cee6342ed87db5835182b59a1,2026-08-24T23:36:56.321156+00:00,blockchain,unknown_uav,3,1,UAV-NOT-REGISTERED,UNKNOWN_IDENTITY,UNKNOWN_IDENTITY,true,21362000,21.362,67100,21316100,0,21316100,0,0,0,0,,,,none,blockchain-unknown_uav_0,0,false,247,16,
n10-identities_c1-conc_mech-blockchain-1backend_security-battery_r30_audit-off_20260824T233645Z,obs_eafd60b359844113b51d97600a9cdb1b,2026-08-24T23:36:56.347436+00:00,blockchain,unknown_uav,4,1,UAV-NOT-REGISTERED,UNKNOWN_IDENTITY,UNKNOWN_IDENTITY,true,18576800,18.5768,53000,18534100,0,18534100,0,0,0,0,,,,none,blockchain-unknown_uav_0,0,false,248,16,
n10-identities_c1-conc_mech-blockchain-1backend_security-battery_r30_audit-off_20260824T233645Z,obs_bd96821558aa4a09a429b992bd924f91,2026-08-24T23:36:56.373537+00:00,blockchain,unknown_uav,5,1,UAV-NOT-REGISTERED,UNKNOWN_IDENTITY,UNKNOWN_IDENTITY,true,19559200,19.5592,47100,19520000,0,19520000,0,0,0,0,,,,none,blockchain-unknown_uav_0,0,false,247,16,
n10-identities_c1-conc_mech-blockchain-1backend_security-battery_r30_audit-off_20260824T233645Z,obs_db261bdcf5344b7ebe130722202df148,2026-08-24T23:36:56.398770+00:00,blockchain,unknown_uav,6,1,UAV-NOT-REGISTERED,UNKNOWN_IDENTITY,UNKNOWN_IDENTITY,true,17455800,17.4558,49800,17408200,0,17408200,0,0,0,0,,,,none,blockchain-unknown_uav_0,0,false,247,16,
n10-identities_c1-conc_mech-blockchain-1backend_security-battery_r30_audit-off_20260824T233645Z,obs_d5ebdb32fbdb4676bb5bb4ce902d6e5f,2026-08-24T23:36:56.429149+00:00,blockchain,unknown_uav,7,1,UAV-NOT-REGISTERED,UNKNOWN_IDENTITY,UNKNOWN_IDENTITY,true,22675200,22.6752,48600,22536500,0,22536500,0,0,0,0,,,,none,blockchain-unknown_uav_0,0,false,248,16,
n10-identities_c1-conc_mech-blockchain-1backend_security-battery_r30_audit-off_20260824T233645Z,obs_a2c144a773c04a2e8fff41f8a484f4ab,2026-08-24T23:36:56.456033+00:00,blockchain,unknown_uav,8,1,UAV-NOT-REGISTERED,UNKNOWN_IDENTITY,UNKNOWN_IDENTITY,true,19629200,19.6292,52200,19582300,0,19582300,0,0,0,0,,,,none,blockchain-unknown_uav_0,0,false,249,16,
n10-identities_c1-conc_mech-blockchain-1backend_security-battery_r30_audit-off_20260824T233645Z,obs_e838bbc7035e4c19922c19792743e11e,2026-08-24T23:36:56.491321+00:00,blockchain,unknown_uav,9,1,UAV-NOT-REGISTERED,UNKNOWN_IDENTITY,UNKNOWN_IDENTITY,true,25489200,25.4892,64300,25437800,0,25437800,0,0,0,0,,,,none,blockchain-unknown_uav_0,0,false,247,16,
n10-identities_c1-conc_mech-blockchain-1backend_security-battery_r30_audit-off_20260824T233645Z,obs_d1e70ecada57414ba89c3fe7a79bfd3b,2026-08-24T23:36:56.526104+00:00,blockchain,unknown_uav,10,1,UAV-NOT-REGISTERED,UNKNOWN_IDENTITY,UNKNOWN_IDENTITY,true,26444500,26.4445,56300,26386600,0,26386600,0,0,0,0,,,,none,blockchain-unknown_uav_0,0,false,248,16,
n10-identities_c1-conc_mech-blockchain-1backend_security-battery_r30_audit-off_20260824T233645Z,obs_187b957ba6054345b3b4bdf86ad3d21e,2026-08-24T23:36:56.563694+00:00,blockchain,unknown_uav,11,1,UAV-NOT-REGISTERED,UNKNOWN_IDENTITY,UNKNOWN_IDENTITY,true,29962800,29.9628,54100,29910700,0,29910700,0,0,0,0,,,,none,blockchain-unknown_uav_0,0,false,247,16,
n10-identities_c1-conc_mech-blockchain-1backend_security-battery_r30_audit-off_20260824T233645Z,obs_e027ffa743004475937c3833b49a57bf,2026-08-24T23:36:56.613707+00:00,blockchain,unknown_uav,12,1,UAV-NOT-REGISTERED,UNKNOWN_IDENTITY,UNKNOWN_IDENTITY,true,19201100,19.2011,60200,19153500,0,19153500,0,0,0,0,,,,none,blockchain-unknown_uav_0,0,false,248,16,
n10-identities_c1-conc_mech-blockchain-1backend_security-battery_r30_audit-off_20260824T233645Z,obs_3746f4c48de44a81bb1f84fcfbab09bc,2026-08-24T23:36:56.641247+00:00,blockchain,unknown_uav,13,1,UAV-NOT-REGISTERED,UNKNOWN_IDENTITY,UNKNOWN_IDENTITY,true,18789600,18.7896,54900,18736300,0,18736300,0,0,0,0,,,,none,blockchain-unknown_uav_0,0,false,247,16,
n10-identities_c1-conc_mech-blockchain-1backend_security-battery_r30_audit-off_20260824T233645Z,obs_e12b3547d2394d3f9c8d59704077976d,2026-08-24T23:36:56.670653+00:00,blockchain,unknown_uav,14,1,UAV-NOT-REGISTERED,UNKNOWN_IDENTITY,UNKNOWN_IDENTITY,true,19929800,19.9298,46800,19897500,0,19897500,0,0,0,0,,,,none,blockchain-unknown_uav_0,0,false,248,16,
n10-identities_c1-conc_mech-blockchain-1backend_security-battery_r30_audit-off_20260824T233645Z,obs_97e6633d8f7a4225b98c53e9192db387,2026-08-24T23:36:56.698982+00:00,blockchain,unknown_uav,15,1,UAV-NOT-REGISTERED,UNKNOWN_IDENTITY,UNKNOWN_IDENTITY,true,19890600,19.8906,71300,19829200,0,19829200,0,0,0,0,,,,none,blockchain-unknown_uav_0,0,false,248,16,
n10-identities_c1-conc_mech-blockchain-1backend_security-battery_r30_audit-off_20260824T233645Z,obs_d741fda6e1954e2ba4df3cab0ba58602,2026-08-24T23:36:56.726720+00:00,blockchain,unknown_uav,16,1,UAV-NOT-REGISTERED,UNKNOWN_IDENTITY,UNKNOWN_IDENTITY,true,21363200,21.3632,47700,21317200,0,21317200,0,0,0,0,,,,none,blockchain-unknown_uav_0,0,false,248,16,
n10-identities_c1-conc_mech-blockchain-1backend_security-battery_r30_audit-off_20260824T233645Z,obs_99837dbd717c4c998c971353c4962596,2026-08-24T23:36:56.758381+00:00,blockchain,unknown_uav,17,1,UAV-NOT-REGISTERED,UNKNOWN_IDENTITY,UNKNOWN_IDENTITY,true,24140200,24.1402,47500,24099800,0,24099800,0,0,0,0,,,,none,blockchain-unknown_uav_0,0,false,249,16,
n10-identities_c1-conc_mech-blockchain-1backend_security-battery_r30_audit-off_20260824T233645Z,obs_cd4b7725765048e3ab1ac498dd2850b7,2026-08-24T23:36:56.794252+00:00,blockchain,unknown_uav,18,1,UAV-NOT-REGISTERED,UNKNOWN_IDENTITY,UNKNOWN_IDENTITY,true,26008400,26.0084,60100,25952200,0,25952200,0,0,0,0,,,,none,blockchain-unknown_uav_0,0,false,248,16,
n10-identities_c1-conc_mech-blockchain-1backend_security-battery_r30_audit-off_20260824T233645Z,obs_423cb4ebfbe14f1aaf8d93b78750ffbd,2026-08-24T23:36:56.824591+00:00,blockchain,unknown_uav,19,1,UAV-NOT-REGISTERED,UNKNOWN_IDENTITY,UNKNOWN_IDENTITY,true,21414600,21.4146,62800,21369200,0,21369200,0,0,0,0,,,,none,blockchain-unknown_uav_0,0,false,248,16,
n10-identities_c1-conc_mech-blockchain-1backend_security-battery_r30_audit-off_20260824T233645Z,obs_76faf9751c124ffa83e252fc851c8354,2026-08-24T23:36:56.853387+00:00,blockchain,unknown_uav,20,1,UAV-NOT-REGISTERED,UNKNOWN_IDENTITY,UNKNOWN_IDENTITY,true,19890400,19.8904,52800,19844200,0,19844200,0,0,0,0,,,,none,blockchain-unknown_uav_0,0,false,248,16,
n10-identities_c1-conc_mech-blockchain-1backend_security-battery_r30_audit-off_20260824T233645Z,obs_aac7359b9bbb4958be2e72585cbb9d2a,2026-08-24T23:36:56.884681+00:00,blockchain,unknown_uav,21,1,UAV-NOT-REGISTERED,UNKNOWN_IDENTITY,UNKNOWN_IDENTITY,true,23256100,23.2561,108000,23186500,0,23186500,0,0,0,0,,,,none,blockchain-unknown_uav_0,0,false,248,16,
n10-identities_c1-conc_mech-blockchain-1backend_security-battery_r30_audit-off_20260824T233645Z,obs_e9e6652bc72d4977bd897139b6110975,2026-08-24T23:36:56.916433+00:00,blockchain,unknown_uav,22,1,UAV-NOT-REGISTERED,UNKNOWN_IDENTITY,UNKNOWN_IDENTITY,true,23926300,23.9263,59000,23813800,0,23813800,0,0,0,0,,,,none,blockchain-unknown_uav_0,0,false,248,16,
n10-identities_c1-conc_mech-blockchain-1backend_security-battery_r30_audit-off_20260824T233645Z,obs_3205e26802c8408a86853d95c08d56bc,2026-08-24T23:36:56.944309+00:00,blockchain,unknown_uav,23,1,UAV-NOT-REGISTERED,UNKNOWN_IDENTITY,UNKNOWN_IDENTITY,true,21123700,21.1237,44900,21007900,0,21007900,0,0,0,0,,,,none,blockchain-unknown_uav_0,0,false,247,16,
n10-identities_c1-conc_mech-blockchain-1backend_security-battery_r30_audit-off_20260824T233645Z,obs_9418a5e6548b4ef889004ec5af7ea549,2026-08-24T23:36:56.971272+00:00,blockchain,unknown_uav,24,1,UAV-NOT-REGISTERED,UNKNOWN_IDENTITY,UNKNOWN_IDENTITY,true,19996600,19.9966,49600,19948700,0,19948700,0,0,0,0,,,,none,blockchain-unknown_uav_0,0,false,247,16,
n10-identities_c1-conc_mech-blockchain-1backend_security-battery_r30_audit-off_20260824T233645Z,obs_fcf733e0eee0450eb384130ab6d17886,2026-08-24T23:36:56.997345+00:00,blockchain,unknown_uav,25,1,UAV-NOT-REGISTERED,UNKNOWN_IDENTITY,UNKNOWN_IDENTITY,true,18585200,18.5852,58600,18540800,0,18540800,0,0,0,0,,,,none,blockchain-unknown_uav_0,0,false,248,16,
n10-identities_c1-conc_mech-blockchain-1backend_security-battery_r30_audit-off_20260824T233645Z,obs_ecf8e991061c4baeb412f36091cc8e7c,2026-08-24T23:36:57.046637+00:00,blockchain,unknown_uav,26,1,UAV-NOT-REGISTERED,UNKNOWN_IDENTITY,UNKNOWN_IDENTITY,true,41426800,41.4268,53400,41376600,0,41376600,0,0,0,0,,,,none,blockchain-unknown_uav_0,0,false,248,16,
n10-identities_c1-conc_mech-blockchain-1backend_security-battery_r30_audit-off_20260824T233645Z,obs_72e9736d2e5f48b590971b2d7af1106a,2026-08-24T23:36:57.081116+00:00,blockchain,unknown_uav,27,1,UAV-NOT-REGISTERED,UNKNOWN_IDENTITY,UNKNOWN_IDENTITY,true,26603400,26.6034,69700,26544000,0,26544000,0,0,0,0,,,,none,blockchain-unknown_uav_0,0,false,248,16,
n10-identities_c1-conc_mech-blockchain-1backend_security-battery_r30_audit-off_20260824T233645Z,obs_9758e8b242fb413b825524d640f141ba,2026-08-24T23:36:57.135588+00:00,blockchain,unknown_uav,28,1,UAV-NOT-REGISTERED,UNKNOWN_IDENTITY,UNKNOWN_IDENTITY,true,46959000,46.959,55500,46915800,0,46915800,0,0,0,0,,,,none,blockchain-unknown_uav_0,0,false,247,16,
n10-identities_c1-conc_mech-blockchain-1backend_security-battery_r30_audit-off_20260824T233645Z,obs_dd6a5ea7cac14715b55a646c11437702,2026-08-24T23:36:57.165164+00:00,blockchain,unknown_uav,29,1,UAV-NOT-REGISTERED,UNKNOWN_IDENTITY,UNKNOWN_IDENTITY,true,20831800,20.8318,61000,20775500,0,20775500,0,0,0,0,,,,none,blockchain-unknown_uav_0,0,false,247,16,
n10-identities_c1-conc_mech-blockchain-1backend_security-battery_r30_audit-off_20260824T233645Z,obs_2e1b7dc11d4d4b11a406217b705ff052,2026-08-24T23:36:57.212146+00:00,blockchain,impersonation_wrong_key,0,1,UAV-VALID,INVALID_SIGNATURE,INVALID_SIGNATURE,true,22504700,22.5047,56700,22068400,0,5400,282500,0,0,0,,,,none,blockchain-impersonation_wrong_key_0,0,true,240,17,
n10-identities_c1-conc_mech-blockchain-1backend_security-battery_r30_audit-off_20260824T233645Z,obs_6c1904eb43f14799a108675b104af509,2026-08-24T23:36:57.236719+00:00,blockchain,impersonation_wrong_key,1,1,UAV-VALID,INVALID_SIGNATURE,INVALID_SIGNATURE,true,17347600,17.3476,51700,16974300,0,4100,231300,0,0,0,,,,none,blockchain-impersonation_wrong_key_0,0,true,239,17,
n10-identities_c1-conc_mech-blockchain-1backend_security-battery_r30_audit-off_20260824T233645Z,obs_64c7c10199ba4a3494fb6cfc3d74b4c0,2026-08-24T23:36:57.262656+00:00,blockchain,impersonation_wrong_key,0,1,UAV-VALID,INVALID_SIGNATURE,INVALID_SIGNATURE,true,18117800,18.1178,67800,17729000,0,4800,234000,0,0,0,,,,none,blockchain-impersonation_wrong_key_0,0,false,240,17,
n10-identities_c1-conc_mech-blockchain-1backend_security-battery_r30_audit-off_20260824T233645Z,obs_86d8c3c596304a45ba4daa7ce713de1f,2026-08-24T23:36:57.289169+00:00,blockchain,impersonation_wrong_key,1,1,UAV-VALID,INVALID_SIGNATURE,INVALID_SIGNATURE,true,18711400,18.7114,56100,18440400,0,2500,166500,0,0,0,,,,none,blockchain-impersonation_wrong_key_0,0,false,238,17,
n10-identities_c1-conc_mech-blockchain-1backend_security-battery_r30_audit-off_20260824T233645Z,obs_d1ee9e0697a14ba188fc3c8f0c720f56,2026-08-24T23:36:57.316458+00:00,blockchain,impersonation_wrong_key,2,1,UAV-VALID,INVALID_SIGNATURE,INVALID_SIGNATURE,true,18831500,18.8315,52800,18568700,0,2500,160600,0,0,0,,,,none,blockchain-impersonation_wrong_key_0,0,false,240,17,
n10-identities_c1-conc_mech-blockchain-1backend_security-battery_r30_audit-off_20260824T233645Z,obs_8d71891693c14528a1e9939fef23b286,2026-08-24T23:36:57.337469+00:00,blockchain,impersonation_wrong_key,3,1,UAV-VALID,INVALID_SIGNATURE,INVALID_SIGNATURE,true,15440900,15.4409,32900,15082800,0,4000,235600,0,0,0,,,,none,blockchain-impersonation_wrong_key_0,0,false,238,17,
n10-identities_c1-conc_mech-blockchain-1backend_security-battery_r30_audit-off_20260824T233645Z,obs_6b8cb8b37f064013ba4268d4a8bf9893,2026-08-24T23:36:57.363218+00:00,blockchain,impersonation_wrong_key,4,1,UAV-VALID,INVALID_SIGNATURE,INVALID_SIGNATURE,true,18201600,18.2016,73200,17834700,0,4500,224300,0,0,0,,,,none,blockchain-impersonation_wrong_key_0,0,false,239,17,
n10-identities_c1-conc_mech-blockchain-1backend_security-battery_r30_audit-off_20260824T233645Z,obs_c7e0fe0d7a7942cf9ae1728b4b88418b,2026-08-24T23:36:57.387634+00:00,blockchain,impersonation_wrong_key,5,1,UAV-VALID,INVALID_SIGNATURE,INVALID_SIGNATURE,true,16701700,16.7017,41200,16433500,0,3100,172300,0,0,0,,,,none,blockchain-impersonation_wrong_key_0,0,false,238,17,
n10-identities_c1-conc_mech-blockchain-1backend_security-battery_r30_audit-off_20260824T233645Z,obs_c5374b46d25949259403535c9674cacd,2026-08-24T23:36:57.410582+00:00,blockchain,impersonation_wrong_key,6,1,UAV-VALID,INVALID_SIGNATURE,INVALID_SIGNATURE,true,15944400,15.9444,65600,15555100,0,4600,240600,0,0,0,,,,none,blockchain-impersonation_wrong_key_0,0,false,239,17,
n10-identities_c1-conc_mech-blockchain-1backend_security-battery_r30_audit-off_20260824T233645Z,obs_090cab23115e4a62bcdb725a938b6158,2026-08-24T23:36:57.435768+00:00,blockchain,impersonation_wrong_key,7,1,UAV-VALID,INVALID_SIGNATURE,INVALID_SIGNATURE,true,17961200,17.9612,51400,17681100,0,2600,170700,0,0,0,,,,none,blockchain-impersonation_wrong_key_0,0,false,239,17,
n10-identities_c1-conc_mech-blockchain-1backend_security-battery_r30_audit-off_20260824T233645Z,obs_a6569cc260ae4c1ba098735061ce98c4,2026-08-24T23:36:57.462108+00:00,blockchain,impersonation_wrong_key,8,1,UAV-VALID,INVALID_SIGNATURE,INVALID_SIGNATURE,true,20602200,20.6022,54300,20200700,0,4300,248000,0,0,0,,,,none,blockchain-impersonation_wrong_key_0,0,false,239,17,
n10-identities_c1-conc_mech-blockchain-1backend_security-battery_r30_audit-off_20260824T233645Z,obs_6d4c719657e340c99326e22924ea1d58,2026-08-24T23:36:57.501423+00:00,blockchain,impersonation_wrong_key,9,1,UAV-VALID,INVALID_SIGNATURE,INVALID_SIGNATURE,true,31450300,31.4503,53300,31045300,0,5300,251900,0,0,0,,,,none,blockchain-impersonation_wrong_key_0,0,false,239,17,
n10-identities_c1-conc_mech-blockchain-1backend_security-battery_r30_audit-off_20260824T233645Z,obs_f932e8ed7417471e997f3a7bee282132,2026-08-24T23:36:57.536506+00:00,blockchain,impersonation_wrong_key,10,1,UAV-VALID,INVALID_SIGNATURE,INVALID_SIGNATURE,true,26821600,26.8216,58200,26416400,0,3700,245900,0,0,0,,,,none,blockchain-impersonation_wrong_key_0,0,false,238,17,
n10-identities_c1-conc_mech-blockchain-1backend_security-battery_r30_audit-off_20260824T233645Z,obs_9141eec6a76f4998bde966009e35b80c,2026-08-24T23:36:57.566393+00:00,blockchain,impersonation_wrong_key,11,1,UAV-VALID,INVALID_SIGNATURE,INVALID_SIGNATURE,true,20721700,20.7217,82500,20316200,0,3800,223700,0,0,0,,,,none,blockchain-impersonation_wrong_key_0,0,false,239,17,
n10-identities_c1-conc_mech-blockchain-1backend_security-battery_r30_audit-off_20260824T233645Z,obs_b7d7bb01df644f519f62c222d7ef72e1,2026-08-24T23:36:57.596476+00:00,blockchain,impersonation_wrong_key,12,1,UAV-VALID,INVALID_SIGNATURE,INVALID_SIGNATURE,true,22154500,22.1545,52900,21761700,0,4200,242900,0,0,0,,,,none,blockchain-impersonation_wrong_key_0,0,false,239,17,
n10-identities_c1-conc_mech-blockchain-1backend_security-battery_r30_audit-off_20260824T233645Z,obs_7e5133ae747c4031aa164b25f1645241,2026-08-24T23:36:57.659298+00:00,blockchain,impersonation_wrong_key,13,1,UAV-VALID,INVALID_SIGNATURE,INVALID_SIGNATURE,true,51442400,51.4424,58900,51002100,0,4300,276000,0,0,0,,,,none,blockchain-impersonation_wrong_key_0,0,false,240,17,
n10-identities_c1-conc_mech-blockchain-1backend_security-battery_r30_audit-off_20260824T233645Z,obs_da9b373e8993469fb58b3c1977ba8726,2026-08-24T23:36:57.700927+00:00,blockchain,impersonation_wrong_key,14,1,UAV-VALID,INVALID_SIGNATURE,INVALID_SIGNATURE,true,32972400,32.9724,57000,32507000,0,5000,296800,0,0,0,,,,none,blockchain-impersonation_wrong_key_0,0,false,239,17,
n10-identities_c1-conc_mech-blockchain-1backend_security-battery_r30_audit-off_20260824T233645Z,obs_d863cf0f4cf04c8d9cab97e21a6eaaee,2026-08-24T23:36:57.743501+00:00,blockchain,impersonation_wrong_key,15,1,UAV-VALID,INVALID_SIGNATURE,INVALID_SIGNATURE,true,34001200,34.0012,63100,33525900,0,4500,307900,0,0,0,,,,none,blockchain-impersonation_wrong_key_0,0,false,239,17,
n10-identities_c1-conc_mech-blockchain-1backend_security-battery_r30_audit-off_20260824T233645Z,obs_4c2b0c17978941d595031c97f9df0108,2026-08-24T23:36:57.789369+00:00,blockchain,impersonation_wrong_key,16,1,UAV-VALID,INVALID_SIGNATURE,INVALID_SIGNATURE,true,37050200,37.0502,55500,36551100,0,5100,274300,0,0,0,,,,none,blockchain-impersonation_wrong_key_0,0,false,238,17,
n10-identities_c1-conc_mech-blockchain-1backend_security-battery_r30_audit-off_20260824T233645Z,obs_efa4090ecb6f4d8f872c3d01f81d3d02,2026-08-24T23:36:57.839678+00:00,blockchain,impersonation_wrong_key,17,1,UAV-VALID,INVALID_SIGNATURE,INVALID_SIGNATURE,true,41854300,41.8543,71200,41450300,0,4400,246100,0,0,0,,,,none,blockchain-impersonation_wrong_key_0,0,false,239,17,
n10-identities_c1-conc_mech-blockchain-1backend_security-battery_r30_audit-off_20260824T233645Z,obs_beb0dd4573ca43d2a721533236f461a4,2026-08-24T23:36:57.897359+00:00,blockchain,impersonation_wrong_key,18,1,UAV-VALID,INVALID_SIGNATURE,INVALID_SIGNATURE,true,49746900,49.7469,62100,49378600,0,4100,226400,0,0,0,,,,none,blockchain-impersonation_wrong_key_0,0,false,240,17,
n10-identities_c1-conc_mech-blockchain-1backend_security-battery_r30_audit-off_20260824T233645Z,obs_ff1a4a85706c4bc483e42e0409f50818,2026-08-24T23:36:57.931148+00:00,blockchain,impersonation_wrong_key,19,1,UAV-VALID,INVALID_SIGNATURE,INVALID_SIGNATURE,true,26086700,26.0867,60900,25720700,0,3400,228300,0,0,0,,,,none,blockchain-impersonation_wrong_key_0,0,false,240,17,
n10-identities_c1-conc_mech-blockchain-1backend_security-battery_r30_audit-off_20260824T233645Z,obs_79f11035e14f495d94191a08556f266a,2026-08-24T23:36:57.964558+00:00,blockchain,impersonation_wrong_key,20,1,UAV-VALID,INVALID_SIGNATURE,INVALID_SIGNATURE,true,26455400,26.4554,57200,26057400,0,3700,237600,0,0,0,,,,none,blockchain-impersonation_wrong_key_0,0,false,239,17,
n10-identities_c1-conc_mech-blockchain-1backend_security-battery_r30_audit-off_20260824T233645Z,obs_3921d4d99e03490497ccc20a0681b517,2026-08-24T23:36:58.002004+00:00,blockchain,impersonation_wrong_key,21,1,UAV-VALID,INVALID_SIGNATURE,INVALID_SIGNATURE,true,29680400,29.6804,56300,29163000,0,4100,344100,0,0,0,,,,none,blockchain-impersonation_wrong_key_0,0,false,240,17,
n10-identities_c1-conc_mech-blockchain-1backend_security-battery_r30_audit-off_20260824T233645Z,obs_b355f13a3fe8479292b9dc2ec3bd88d1,2026-08-24T23:36:58.039695+00:00,blockchain,impersonation_wrong_key,22,1,UAV-VALID,INVALID_SIGNATURE,INVALID_SIGNATURE,true,28320500,28.3205,80800,27903300,0,5300,245400,0,0,0,,,,none,blockchain-impersonation_wrong_key_0,0,false,239,17,
n10-identities_c1-conc_mech-blockchain-1backend_security-battery_r30_audit-off_20260824T233645Z,obs_9c0318fa324647c9b992e0098ecdc498,2026-08-24T23:36:58.077259+00:00,blockchain,impersonation_wrong_key,23,1,UAV-VALID,INVALID_SIGNATURE,INVALID_SIGNATURE,true,28430800,28.4308,78400,27907000,0,5200,352800,0,0,0,,,,none,blockchain-impersonation_wrong_key_0,0,false,239,17,
n10-identities_c1-conc_mech-blockchain-1backend_security-battery_r30_audit-off_20260824T233645Z,obs_a71dfc4c185f45ae8dcab58d66ec0635,2026-08-24T23:36:58.108698+00:00,blockchain,impersonation_wrong_key,24,1,UAV-VALID,INVALID_SIGNATURE,INVALID_SIGNATURE,true,22490500,22.4905,62600,22052600,0,4800,253800,0,0,0,,,,none,blockchain-impersonation_wrong_key_0,0,false,239,17,
n10-identities_c1-conc_mech-blockchain-1backend_security-battery_r30_audit-off_20260824T233645Z,obs_95aa4bca88a8410e93cea22de4e42c7b,2026-08-24T23:36:58.141561+00:00,blockchain,impersonation_wrong_key,25,1,UAV-VALID,INVALID_SIGNATURE,INVALID_SIGNATURE,true,24116600,24.1166,56500,23211100,0,12100,573300,0,0,0,,,,none,blockchain-impersonation_wrong_key_0,0,false,240,17,
n10-identities_c1-conc_mech-blockchain-1backend_security-battery_r30_audit-off_20260824T233645Z,obs_bc6529b992e34f359899716007390b69,2026-08-24T23:36:58.231102+00:00,blockchain,impersonation_wrong_key,26,1,UAV-VALID,INVALID_SIGNATURE,INVALID_SIGNATURE,true,77466400,77.4664,87100,77023300,0,3800,254800,0,0,0,,,,none,blockchain-impersonation_wrong_key_0,0,false,239,17,
n10-identities_c1-conc_mech-blockchain-1backend_security-battery_r30_audit-off_20260824T233645Z,obs_7c2b73826c5c4b82a128200c4f83ab74,2026-08-24T23:36:58.265919+00:00,blockchain,impersonation_wrong_key,27,1,UAV-VALID,INVALID_SIGNATURE,INVALID_SIGNATURE,true,25382300,25.3823,73100,24979100,0,3900,241200,0,0,0,,,,none,blockchain-impersonation_wrong_key_0,0,false,238,17,
n10-identities_c1-conc_mech-blockchain-1backend_security-battery_r30_audit-off_20260824T233645Z,obs_cdabf12fe6a04467b153b5ca03799e39,2026-08-24T23:36:58.314603+00:00,blockchain,impersonation_wrong_key,28,1,UAV-VALID,INVALID_SIGNATURE,INVALID_SIGNATURE,true,39769600,39.7696,62500,39260100,0,3300,241300,0,0,0,,,,none,blockchain-impersonation_wrong_key_0,0,false,240,17,
n10-identities_c1-conc_mech-blockchain-1backend_security-battery_r30_audit-off_20260824T233645Z,obs_24e916a885cd4b3da9d766bdfd8e7f50,2026-08-24T23:36:58.355344+00:00,blockchain,impersonation_wrong_key,29,1,UAV-VALID,INVALID_SIGNATURE,INVALID_SIGNATURE,true,32759600,32.7596,53100,32367100,0,3800,235900,0,0,0,,,,none,blockchain-impersonation_wrong_key_0,0,false,240,17,
n10-identities_c1-conc_mech-blockchain-1backend_security-battery_r30_audit-off_20260824T233645Z,obs_ead6b8ee294f4bf084839f5330df0031,2026-08-24T23:36:58.442250+00:00,blockchain,replay,0,1,UAV-VALID,REPLAY_DETECTED,REPLAY_DETECTED,true,48700,0.0487,231500,0,0,0,0,0,0,0,,,,none,blockchain-replay_0,0,true,240,15,
n10-identities_c1-conc_mech-blockchain-1backend_security-battery_r30_audit-off_20260824T233645Z,obs_45bef900602a4ef58d45c90b54df8d88,2026-08-24T23:36:58.475128+00:00,blockchain,replay,1,1,UAV-VALID,REPLAY_DETECTED,REPLAY_DETECTED,true,45900,0.0459,81800,0,0,0,0,0,0,0,,,,none,blockchain-replay_0,0,true,240,15,
n10-identities_c1-conc_mech-blockchain-1backend_security-battery_r30_audit-off_20260824T233645Z,obs_f1abcd40d67b470081bbc47ae01e3744,2026-08-24T23:36:58.561630+00:00,blockchain,replay,0,1,UAV-VALID,REPLAY_DETECTED,REPLAY_DETECTED,true,38600,0.0386,62600,0,0,0,0,0,0,0,,,,none,blockchain-replay_0,0,false,239,15,
n10-identities_c1-conc_mech-blockchain-1backend_security-battery_r30_audit-off_20260824T233645Z,obs_94d98f32dc6a43b68a739bb66e09e4f4,2026-08-24T23:36:58.642372+00:00,blockchain,replay,1,1,UAV-VALID,REPLAY_DETECTED,REPLAY_DETECTED,true,44000,0.044,57000,0,0,0,0,0,0,0,,,,none,blockchain-replay_0,0,false,239,15,
n10-identities_c1-conc_mech-blockchain-1backend_security-battery_r30_audit-off_20260824T233645Z,obs_5f486cd3cf8a4143883ddac0f74794c8,2026-08-24T23:36:58.699161+00:00,blockchain,replay,2,1,UAV-VALID,REPLAY_DETECTED,REPLAY_DETECTED,true,42900,0.0429,50800,0,0,0,0,0,0,0,,,,none,blockchain-replay_0,0,false,238,15,
n10-identities_c1-conc_mech-blockchain-1backend_security-battery_r30_audit-off_20260824T233645Z,obs_42c8c26d6c5846928c8811bbc7d659b1,2026-08-24T23:36:58.785595+00:00,blockchain,replay,3,1,UAV-VALID,REPLAY_DETECTED,REPLAY_DETECTED,true,43900,0.0439,62300,0,0,0,0,0,0,0,,,,none,blockchain-replay_0,0,false,239,15,
n10-identities_c1-conc_mech-blockchain-1backend_security-battery_r30_audit-off_20260824T233645Z,obs_cfb711d149b7498cae872a1739330212,2026-08-24T23:36:58.889641+00:00,blockchain,replay,4,1,UAV-VALID,REPLAY_DETECTED,REPLAY_DETECTED,true,43100,0.0431,70800,0,0,0,0,0,0,0,,,,none,blockchain-replay_0,0,false,240,15,
n10-identities_c1-conc_mech-blockchain-1backend_security-battery_r30_audit-off_20260824T233645Z,obs_23c7b94d9ecb4cac91fc846aec4b2d47,2026-08-24T23:36:58.988825+00:00,blockchain,replay,5,1,UAV-VALID,REPLAY_DETECTED,REPLAY_DETECTED,true,79600,0.0796,53800,0,0,0,0,0,0,0,,,,none,blockchain-replay_0,0,false,240,15,
n10-identities_c1-conc_mech-blockchain-1backend_security-battery_r30_audit-off_20260824T233645Z,obs_2f2bfd28f4354eceb2984f9c7cc67997,2026-08-24T23:36:59.127435+00:00,blockchain,replay,6,1,UAV-VALID,REPLAY_DETECTED,REPLAY_DETECTED,true,39700,0.0397,56100,0,0,0,0,0,0,0,,,,none,blockchain-replay_0,0,false,238,15,
n10-identities_c1-conc_mech-blockchain-1backend_security-battery_r30_audit-off_20260824T233645Z,obs_1d294f554667471cb2da000020cdef13,2026-08-24T23:36:59.165704+00:00,blockchain,replay,7,1,UAV-VALID,REPLAY_DETECTED,REPLAY_DETECTED,true,39200,0.0392,57500,0,0,0,0,0,0,0,,,,none,blockchain-replay_0,0,false,239,15,
n10-identities_c1-conc_mech-blockchain-1backend_security-battery_r30_audit-off_20260824T233645Z,obs_39b80a2dfe1d41b6afebd68eed48fb4a,2026-08-24T23:36:59.213991+00:00,blockchain,replay,8,1,UAV-VALID,REPLAY_DETECTED,REPLAY_DETECTED,true,35800,0.0358,64000,0,0,0,0,0,0,0,,,,none,blockchain-replay_0,0,false,239,15,
n10-identities_c1-conc_mech-blockchain-1backend_security-battery_r30_audit-off_20260824T233645Z,obs_668c65078fe147e4b68fa6ec25d9329d,2026-08-24T23:36:59.288390+00:00,blockchain,replay,9,1,UAV-VALID,REPLAY_DETECTED,REPLAY_DETECTED,true,37100,0.0371,51500,0,0,0,0,0,0,0,,,,none,blockchain-replay_0,0,false,239,15,
n10-identities_c1-conc_mech-blockchain-1backend_security-battery_r30_audit-off_20260824T233645Z,obs_df4d00e149fd4f6ab1452d0ca6ff9b9e,2026-08-24T23:36:59.323513+00:00,blockchain,replay,10,1,UAV-VALID,REPLAY_DETECTED,REPLAY_DETECTED,true,36000,0.036,70300,0,0,0,0,0,0,0,,,,none,blockchain-replay_0,0,false,238,15,
n10-identities_c1-conc_mech-blockchain-1backend_security-battery_r30_audit-off_20260824T233645Z,obs_61a1bce9729a4843af2446820d3a82d4,2026-08-24T23:36:59.353623+00:00,blockchain,replay,11,1,UAV-VALID,REPLAY_DETECTED,REPLAY_DETECTED,true,42400,0.0424,58800,0,0,0,0,0,0,0,,,,none,blockchain-replay_0,0,false,240,15,
n10-identities_c1-conc_mech-blockchain-1backend_security-battery_r30_audit-off_20260824T233645Z,obs_0d99b663dd774398a20b93fc6b1f9d38,2026-08-24T23:36:59.390680+00:00,blockchain,replay,12,1,UAV-VALID,REPLAY_DETECTED,REPLAY_DETECTED,true,39600,0.0396,76400,0,0,0,0,0,0,0,,,,none,blockchain-replay_0,0,false,240,15,
n10-identities_c1-conc_mech-blockchain-1backend_security-battery_r30_audit-off_20260824T233645Z,obs_34afe31ef6fa472aa6832a6b04346f8d,2026-08-24T23:36:59.441139+00:00,blockchain,replay,13,1,UAV-VALID,REPLAY_DETECTED,REPLAY_DETECTED,true,49700,0.0497,92100,0,0,0,0,0,0,0,,,,none,blockchain-replay_0,0,false,240,15,
n10-identities_c1-conc_mech-blockchain-1backend_security-battery_r30_audit-off_20260824T233645Z,obs_57523fcb1c6e44fc9858723391f23827,2026-08-24T23:36:59.468282+00:00,blockchain,replay,14,1,UAV-VALID,REPLAY_DETECTED,REPLAY_DETECTED,true,42300,0.0423,65200,0,0,0,0,0,0,0,,,,none,blockchain-replay_0,0,false,239,15,
n10-identities_c1-conc_mech-blockchain-1backend_security-battery_r30_audit-off_20260824T233645Z,obs_0e5c43d3e2544d9e9b0ab2d3a37a0a97,2026-08-24T23:36:59.501546+00:00,blockchain,replay,15,1,UAV-VALID,REPLAY_DETECTED,REPLAY_DETECTED,true,42100,0.0421,62700,0,0,0,0,0,0,0,,,,none,blockchain-replay_0,0,false,240,15,
n10-identities_c1-conc_mech-blockchain-1backend_security-battery_r30_audit-off_20260824T233645Z,obs_b2e7231c894c4091a266e1bd0f4d9762,2026-08-24T23:36:59.536164+00:00,blockchain,replay,16,1,UAV-VALID,REPLAY_DETECTED,REPLAY_DETECTED,true,27800,0.0278,42300,0,0,0,0,0,0,0,,,,none,blockchain-replay_0,0,false,238,15,
n10-identities_c1-conc_mech-blockchain-1backend_security-battery_r30_audit-off_20260824T233645Z,obs_1e01f5348c2e4711921010473bf61b5e,2026-08-24T23:36:59.564946+00:00,blockchain,replay,17,1,UAV-VALID,REPLAY_DETECTED,REPLAY_DETECTED,true,37700,0.0377,73400,0,0,0,0,0,0,0,,,,none,blockchain-replay_0,0,false,240,15,
n10-identities_c1-conc_mech-blockchain-1backend_security-battery_r30_audit-off_20260824T233645Z,obs_a9556b41ccf1443aa3a10972ceedc6b6,2026-08-24T23:36:59.597277+00:00,blockchain,replay,18,1,UAV-VALID,REPLAY_DETECTED,REPLAY_DETECTED,true,49800,0.0498,118900,0,0,0,0,0,0,0,,,,none,blockchain-replay_0,0,false,239,15,
n10-identities_c1-conc_mech-blockchain-1backend_security-battery_r30_audit-off_20260824T233645Z,obs_c92c6217750347d4a959beb420914d05,2026-08-24T23:36:59.624103+00:00,blockchain,replay,19,1,UAV-VALID,REPLAY_DETECTED,REPLAY_DETECTED,true,28300,0.0283,62500,0,0,0,0,0,0,0,,,,none,blockchain-replay_0,0,false,239,15,
n10-identities_c1-conc_mech-blockchain-1backend_security-battery_r30_audit-off_20260824T233645Z,obs_ee3de8e3d88c4069b125e8031c6bd8a9,2026-08-24T23:36:59.652113+00:00,blockchain,replay,20,1,UAV-VALID,REPLAY_DETECTED,REPLAY_DETECTED,true,25600,0.0256,57800,0,0,0,0,0,0,0,,,,none,blockchain-replay_0,0,false,240,15,
n10-identities_c1-conc_mech-blockchain-1backend_security-battery_r30_audit-off_20260824T233645Z,obs_448f7f72e4ba45bfb9ace14d004f8c05,2026-08-24T23:36:59.675237+00:00,blockchain,replay,21,1,UAV-VALID,REPLAY_DETECTED,REPLAY_DETECTED,true,44500,0.0445,39500,0,0,0,0,0,0,0,,,,none,blockchain-replay_0,0,false,240,15,
n10-identities_c1-conc_mech-blockchain-1backend_security-battery_r30_audit-off_20260824T233645Z,obs_bbd01c42f2ca480da7e55352c542d940,2026-08-24T23:36:59.696662+00:00,blockchain,replay,22,1,UAV-VALID,REPLAY_DETECTED,REPLAY_DETECTED,true,57400,0.0574,36600,0,0,0,0,0,0,0,,,,none,blockchain-replay_0,0,false,239,15,
n10-identities_c1-conc_mech-blockchain-1backend_security-battery_r30_audit-off_20260824T233645Z,obs_377630b7600b4179a5c2218c82f896e7,2026-08-24T23:36:59.724844+00:00,blockchain,replay,23,1,UAV-VALID,REPLAY_DETECTED,REPLAY_DETECTED,true,31400,0.0314,56500,0,0,0,0,0,0,0,,,,none,blockchain-replay_0,0,false,239,15,
n10-identities_c1-conc_mech-blockchain-1backend_security-battery_r30_audit-off_20260824T233645Z,obs_b9c2698ed20240bd96cdd0813b3ca80a,2026-08-24T23:36:59.752427+00:00,blockchain,replay,24,1,UAV-VALID,REPLAY_DETECTED,REPLAY_DETECTED,true,36900,0.0369,61300,0,0,0,0,0,0,0,,,,none,blockchain-replay_0,0,false,239,15,
n10-identities_c1-conc_mech-blockchain-1backend_security-battery_r30_audit-off_20260824T233645Z,obs_d0c65a555baa4dd8bf8f0bc2cec004f5,2026-08-24T23:36:59.800016+00:00,blockchain,replay,25,1,UAV-VALID,REPLAY_DETECTED,REPLAY_DETECTED,true,33500,0.0335,65700,0,0,0,0,0,0,0,,,,none,blockchain-replay_0,0,false,238,15,
n10-identities_c1-conc_mech-blockchain-1backend_security-battery_r30_audit-off_20260824T233645Z,obs_045ada17666d4d57bb0831d780a4d939,2026-08-24T23:36:59.833813+00:00,blockchain,replay,26,1,UAV-VALID,REPLAY_DETECTED,REPLAY_DETECTED,true,41500,0.0415,56200,0,0,0,0,0,0,0,,,,none,blockchain-replay_0,0,false,239,15,
n10-identities_c1-conc_mech-blockchain-1backend_security-battery_r30_audit-off_20260824T233645Z,obs_e5329f8b91a04c2cbd4b30b2ffcb1295,2026-08-24T23:36:59.873723+00:00,blockchain,replay,27,1,UAV-VALID,REPLAY_DETECTED,REPLAY_DETECTED,true,68100,0.0681,101900,0,0,0,0,0,0,0,,,,none,blockchain-replay_0,0,false,239,15,
n10-identities_c1-conc_mech-blockchain-1backend_security-battery_r30_audit-off_20260824T233645Z,obs_cbcfb17d66d44e8b8900ecfe8f67c242,2026-08-24T23:36:59.908250+00:00,blockchain,replay,28,1,UAV-VALID,REPLAY_DETECTED,REPLAY_DETECTED,true,52800,0.0528,69400,0,0,0,0,0,0,0,,,,none,blockchain-replay_0,0,false,240,15,
n10-identities_c1-conc_mech-blockchain-1backend_security-battery_r30_audit-off_20260824T233645Z,obs_0efeb29b3e3144f2bcd9cdc200859675,2026-08-24T23:36:59.935973+00:00,blockchain,replay,29,1,UAV-VALID,REPLAY_DETECTED,REPLAY_DETECTED,true,34700,0.0347,55300,0,0,0,0,0,0,0,,,,none,blockchain-replay_0,0,false,238,15,
n10-identities_c1-conc_mech-blockchain-1backend_security-battery_r30_audit-off_20260824T233645Z,obs_d1dc894361684e488322236cafbf92c9,2026-08-24T23:36:59.964451+00:00,blockchain,modified_nonce,0,1,UAV-VALID,INVALID_SIGNATURE,INVALID_SIGNATURE,true,24600,0.0246,66200,0,0,0,0,0,0,0,,,,none,blockchain-modified_nonce_0,0,true,239,17,nonce mismatch
n10-identities_c1-conc_mech-blockchain-1backend_security-battery_r30_audit-off_20260824T233645Z,obs_69e9aaa3d3064e71a59d6a729b0dcfcf,2026-08-24T23:36:59.972602+00:00,blockchain,modified_nonce,1,1,UAV-VALID,INVALID_SIGNATURE,INVALID_SIGNATURE,true,26100,0.0261,53900,0,0,0,0,0,0,0,,,,none,blockchain-modified_nonce_0,0,true,239,17,nonce mismatch
n10-identities_c1-conc_mech-blockchain-1backend_security-battery_r30_audit-off_20260824T233645Z,obs_ae34ab8e1fb44b4fbe0ac5c778e3cb92,2026-08-24T23:36:59.980719+00:00,blockchain,modified_nonce,0,1,UAV-VALID,INVALID_SIGNATURE,INVALID_SIGNATURE,true,21600,0.0216,54100,0,0,0,0,0,0,0,,,,none,blockchain-modified_nonce_0,0,false,239,17,nonce mismatch
n10-identities_c1-conc_mech-blockchain-1backend_security-battery_r30_audit-off_20260824T233645Z,obs_1225c90887ba43ec9701af04dc998308,2026-08-24T23:36:59.988671+00:00,blockchain,modified_nonce,1,1,UAV-VALID,INVALID_SIGNATURE,INVALID_SIGNATURE,true,25600,0.0256,65000,0,0,0,0,0,0,0,,,,none,blockchain-modified_nonce_0,0,false,238,17,nonce mismatch
n10-identities_c1-conc_mech-blockchain-1backend_security-battery_r30_audit-off_20260824T233645Z,obs_b68f0a1b865f4d1baef9eb703ed4e9e8,2026-08-24T23:36:59.996248+00:00,blockchain,modified_nonce,2,1,UAV-VALID,INVALID_SIGNATURE,INVALID_SIGNATURE,true,23700,0.0237,55800,0,0,0,0,0,0,0,,,,none,blockchain-modified_nonce_0,0,false,240,17,nonce mismatch
n10-identities_c1-conc_mech-blockchain-1backend_security-battery_r30_audit-off_20260824T233645Z,obs_9925c843e64b4e70894fe7131b619eed,2026-08-24T23:37:00.005916+00:00,blockchain,modified_nonce,3,1,UAV-VALID,INVALID_SIGNATURE,INVALID_SIGNATURE,true,24700,0.0247,74200,0,0,0,0,0,0,0,,,,none,blockchain-modified_nonce_0,0,false,239,17,nonce mismatch
n10-identities_c1-conc_mech-blockchain-1backend_security-battery_r30_audit-off_20260824T233645Z,obs_fc2535feccda4e4ebf3bc9f2acf69c3d,2026-08-24T23:37:00.015361+00:00,blockchain,modified_nonce,4,1,UAV-VALID,INVALID_SIGNATURE,INVALID_SIGNATURE,true,23600,0.0236,52800,0,0,0,0,0,0,0,,,,none,blockchain-modified_nonce_0,0,false,239,17,nonce mismatch
n10-identities_c1-conc_mech-blockchain-1backend_security-battery_r30_audit-off_20260824T233645Z,obs_b8408503e6b944dba4efeda98803f876,2026-08-24T23:37:00.024049+00:00,blockchain,modified_nonce,5,1,UAV-VALID,INVALID_SIGNATURE,INVALID_SIGNATURE,true,25300,0.0253,57400,0,0,0,0,0,0,0,,,,none,blockchain-modified_nonce_0,0,false,239,17,nonce mismatch
n10-identities_c1-conc_mech-blockchain-1backend_security-battery_r30_audit-off_20260824T233645Z,obs_c3b286516deb43b39f54411aff229d97,2026-08-24T23:37:00.032691+00:00,blockchain,modified_nonce,6,1,UAV-VALID,INVALID_SIGNATURE,INVALID_SIGNATURE,true,25000,0.025,62000,0,0,0,0,0,0,0,,,,none,blockchain-modified_nonce_0,0,false,239,17,nonce mismatch
n10-identities_c1-conc_mech-blockchain-1backend_security-battery_r30_audit-off_20260824T233645Z,obs_3c6c7ed6e0894a0da9bb437823528ebb,2026-08-24T23:37:00.042503+00:00,blockchain,modified_nonce,7,1,UAV-VALID,INVALID_SIGNATURE,INVALID_SIGNATURE,true,23600,0.0236,53400,0,0,0,0,0,0,0,,,,none,blockchain-modified_nonce_0,0,false,239,17,nonce mismatch
n10-identities_c1-conc_mech-blockchain-1backend_security-battery_r30_audit-off_20260824T233645Z,obs_686309b6037d47aebe88cdf58e7fa66b,2026-08-24T23:37:00.050600+00:00,blockchain,modified_nonce,8,1,UAV-VALID,INVALID_SIGNATURE,INVALID_SIGNATURE,true,71200,0.0712,231400,0,0,0,0,0,0,0,,,,none,blockchain-modified_nonce_0,0,false,238,17,nonce mismatch
n10-identities_c1-conc_mech-blockchain-1backend_security-battery_r30_audit-off_20260824T233645Z,obs_b17f0aca63774accb01b01a9ebae04ef,2026-08-24T23:37:00.058821+00:00,blockchain,modified_nonce,9,1,UAV-VALID,INVALID_SIGNATURE,INVALID_SIGNATURE,true,21900,0.0219,58000,0,0,0,0,0,0,0,,,,none,blockchain-modified_nonce_0,0,false,239,17,nonce mismatch
n10-identities_c1-conc_mech-blockchain-1backend_security-battery_r30_audit-off_20260824T233645Z,obs_648332f0f9f643d2b5a5ca7ae3578a3c,2026-08-24T23:37:00.066593+00:00,blockchain,modified_nonce,10,1,UAV-VALID,INVALID_SIGNATURE,INVALID_SIGNATURE,true,19200,0.0192,47900,0,0,0,0,0,0,0,,,,none,blockchain-modified_nonce_0,0,false,239,17,nonce mismatch
n10-identities_c1-conc_mech-blockchain-1backend_security-battery_r30_audit-off_20260824T233645Z,obs_13f0e6f7ffbd4192ba53f581298a99b0,2026-08-24T23:37:00.075173+00:00,blockchain,modified_nonce,11,1,UAV-VALID,INVALID_SIGNATURE,INVALID_SIGNATURE,true,23500,0.0235,57400,0,0,0,0,0,0,0,,,,none,blockchain-modified_nonce_0,0,false,240,17,nonce mismatch
n10-identities_c1-conc_mech-blockchain-1backend_security-battery_r30_audit-off_20260824T233645Z,obs_350cb8b364ae45b081d87a2f56f64d5b,2026-08-24T23:37:00.083213+00:00,blockchain,modified_nonce,12,1,UAV-VALID,INVALID_SIGNATURE,INVALID_SIGNATURE,true,20600,0.0206,44100,0,0,0,0,0,0,0,,,,none,blockchain-modified_nonce_0,0,false,239,17,nonce mismatch
n10-identities_c1-conc_mech-blockchain-1backend_security-battery_r30_audit-off_20260824T233645Z,obs_7f88f99d778d4d4d83fe7fe1e2fd89ec,2026-08-24T23:37:00.090472+00:00,blockchain,modified_nonce,13,1,UAV-VALID,INVALID_SIGNATURE,INVALID_SIGNATURE,true,22000,0.022,56300,0,0,0,0,0,0,0,,,,none,blockchain-modified_nonce_0,0,false,239,17,nonce mismatch
n10-identities_c1-conc_mech-blockchain-1backend_security-battery_r30_audit-off_20260824T233645Z,obs_65c3b7654d2842968a3ec72c796bbfcb,2026-08-24T23:37:00.100163+00:00,blockchain,modified_nonce,14,1,UAV-VALID,INVALID_SIGNATURE,INVALID_SIGNATURE,true,22700,0.0227,55100,0,0,0,0,0,0,0,,,,none,blockchain-modified_nonce_0,0,false,238,17,nonce mismatch
n10-identities_c1-conc_mech-blockchain-1backend_security-battery_r30_audit-off_20260824T233645Z,obs_9c744df3d2ce49b4a73d38636c0b8507,2026-08-24T23:37:00.110536+00:00,blockchain,modified_nonce,15,1,UAV-VALID,INVALID_SIGNATURE,INVALID_SIGNATURE,true,24000,0.024,63700,0,0,0,0,0,0,0,,,,none,blockchain-modified_nonce_0,0,false,239,17,nonce mismatch
n10-identities_c1-conc_mech-blockchain-1backend_security-battery_r30_audit-off_20260824T233645Z,obs_bf2ae1d23bb34a11980607e68d36e08d,2026-08-24T23:37:00.122023+00:00,blockchain,modified_nonce,16,1,UAV-VALID,INVALID_SIGNATURE,INVALID_SIGNATURE,true,21000,0.021,49800,0,0,0,0,0,0,0,,,,none,blockchain-modified_nonce_0,0,false,239,17,nonce mismatch
n10-identities_c1-conc_mech-blockchain-1backend_security-battery_r30_audit-off_20260824T233645Z,obs_1f51bba5ca344a97b28f0282cb4227da,2026-08-24T23:37:00.136727+00:00,blockchain,modified_nonce,17,1,UAV-VALID,INVALID_SIGNATURE,INVALID_SIGNATURE,true,21700,0.0217,61300,0,0,0,0,0,0,0,,,,none,blockchain-modified_nonce_0,0,false,240,17,nonce mismatch
n10-identities_c1-conc_mech-blockchain-1backend_security-battery_r30_audit-off_20260824T233645Z,obs_fec2d47d6dc64d858712327ab5422a3a,2026-08-24T23:37:00.145047+00:00,blockchain,modified_nonce,18,1,UAV-VALID,INVALID_SIGNATURE,INVALID_SIGNATURE,true,23800,0.0238,54300,0,0,0,0,0,0,0,,,,none,blockchain-modified_nonce_0,0,false,240,17,nonce mismatch
n10-identities_c1-conc_mech-blockchain-1backend_security-battery_r30_audit-off_20260824T233645Z,obs_fee4a3b7ac0148f3b63702cc5b3778d4,2026-08-24T23:37:00.155437+00:00,blockchain,modified_nonce,19,1,UAV-VALID,INVALID_SIGNATURE,INVALID_SIGNATURE,true,25400,0.0254,131500,0,0,0,0,0,0,0,,,,none,blockchain-modified_nonce_0,0,false,238,17,nonce mismatch
n10-identities_c1-conc_mech-blockchain-1backend_security-battery_r30_audit-off_20260824T233645Z,obs_375259d43650476c8132eea4d6c26e59,2026-08-24T23:37:00.164775+00:00,blockchain,modified_nonce,20,1,UAV-VALID,INVALID_SIGNATURE,INVALID_SIGNATURE,true,25600,0.0256,84200,0,0,0,0,0,0,0,,,,none,blockchain-modified_nonce_0,0,false,239,17,nonce mismatch
n10-identities_c1-conc_mech-blockchain-1backend_security-battery_r30_audit-off_20260824T233645Z,obs_6e9a69c4d5e14e21b3619511b59f1cd7,2026-08-24T23:37:00.177397+00:00,blockchain,modified_nonce,21,1,UAV-VALID,INVALID_SIGNATURE,INVALID_SIGNATURE,true,24600,0.0246,54600,0,0,0,0,0,0,0,,,,none,blockchain-modified_nonce_0,0,false,240,17,nonce mismatch
n10-identities_c1-conc_mech-blockchain-1backend_security-battery_r30_audit-off_20260824T233645Z,obs_58f57e9dd0224c5dbe509256a507fdd9,2026-08-24T23:37:00.185245+00:00,blockchain,modified_nonce,22,1,UAV-VALID,INVALID_SIGNATURE,INVALID_SIGNATURE,true,26100,0.0261,58900,0,0,0,0,0,0,0,,,,none,blockchain-modified_nonce_0,0,false,240,17,nonce mismatch
n10-identities_c1-conc_mech-blockchain-1backend_security-battery_r30_audit-off_20260824T233645Z,obs_7922c46d813c4ed5863d546d59e92474,2026-08-24T23:37:00.197580+00:00,blockchain,modified_nonce,23,1,UAV-VALID,INVALID_SIGNATURE,INVALID_SIGNATURE,true,25000,0.025,52300,0,0,0,0,0,0,0,,,,none,blockchain-modified_nonce_0,0,false,240,17,nonce mismatch
n10-identities_c1-conc_mech-blockchain-1backend_security-battery_r30_audit-off_20260824T233645Z,obs_7fdc49bc7f1f468ab39b63c3d3f2d487,2026-08-24T23:37:00.207040+00:00,blockchain,modified_nonce,24,1,UAV-VALID,INVALID_SIGNATURE,INVALID_SIGNATURE,true,25600,0.0256,65100,0,0,0,0,0,0,0,,,,none,blockchain-modified_nonce_0,0,false,239,17,nonce mismatch
n10-identities_c1-conc_mech-blockchain-1backend_security-battery_r30_audit-off_20260824T233645Z,obs_084313996121462c878c2ee0c8ef5e7d,2026-08-24T23:37:00.221405+00:00,blockchain,modified_nonce,25,1,UAV-VALID,INVALID_SIGNATURE,INVALID_SIGNATURE,true,25200,0.0252,142600,0,0,0,0,0,0,0,,,,none,blockchain-modified_nonce_0,0,false,240,17,nonce mismatch
n10-identities_c1-conc_mech-blockchain-1backend_security-battery_r30_audit-off_20260824T233645Z,obs_22c03b1c79474e50af6bed98b419495a,2026-08-24T23:37:00.229734+00:00,blockchain,modified_nonce,26,1,UAV-VALID,INVALID_SIGNATURE,INVALID_SIGNATURE,true,23100,0.0231,48700,0,0,0,0,0,0,0,,,,none,blockchain-modified_nonce_0,0,false,239,17,nonce mismatch
n10-identities_c1-conc_mech-blockchain-1backend_security-battery_r30_audit-off_20260824T233645Z,obs_6270f044102f4cae8b5cce37470dcfca,2026-08-24T23:37:00.237850+00:00,blockchain,modified_nonce,27,1,UAV-VALID,INVALID_SIGNATURE,INVALID_SIGNATURE,true,27300,0.0273,87000,0,0,0,0,0,0,0,,,,none,blockchain-modified_nonce_0,0,false,238,17,nonce mismatch
n10-identities_c1-conc_mech-blockchain-1backend_security-battery_r30_audit-off_20260824T233645Z,obs_01cc1d4fed89421bb8e1a2317a12f943,2026-08-24T23:37:00.245491+00:00,blockchain,modified_nonce,28,1,UAV-VALID,INVALID_SIGNATURE,INVALID_SIGNATURE,true,29100,0.0291,98100,0,0,0,0,0,0,0,,,,none,blockchain-modified_nonce_0,0,false,240,17,nonce mismatch
n10-identities_c1-conc_mech-blockchain-1backend_security-battery_r30_audit-off_20260824T233645Z,obs_e863f4893cdb402d8ea7022cd9da87c1,2026-08-24T23:37:00.253411+00:00,blockchain,modified_nonce,29,1,UAV-VALID,INVALID_SIGNATURE,INVALID_SIGNATURE,true,25100,0.0251,55800,0,0,0,0,0,0,0,,,,none,blockchain-modified_nonce_0,0,false,239,17,nonce mismatch
n10-identities_c1-conc_mech-blockchain-1backend_security-battery_r30_audit-off_20260824T233645Z,obs_a1c090c0dac548d482ef3750e3079e26,2026-08-24T23:37:00.390130+00:00,blockchain,modified_uav_id,0,1,UAV-0005,INVALID_SIGNATURE,INVALID_SIGNATURE,true,25719600,25.7196,50600,25242200,0,4100,300100,0,0,0,,,,none,blockchain-modified_uav_id_0,0,true,238,17,
n10-identities_c1-conc_mech-blockchain-1backend_security-battery_r30_audit-off_20260824T233645Z,obs_06aac7166bdd4458ac3f2ec4ad8ed794,2026-08-24T23:37:00.429840+00:00,blockchain,modified_uav_id,1,1,UAV-0005,INVALID_SIGNATURE,INVALID_SIGNATURE,true,28400700,28.4007,50000,27976800,0,4100,264700,0,0,0,,,,none,blockchain-modified_uav_id_0,0,true,237,17,
n10-identities_c1-conc_mech-blockchain-1backend_security-battery_r30_audit-off_20260824T233645Z,obs_ca113519a8a14c40b2895a177f0c66e8,2026-08-24T23:37:00.463470+00:00,blockchain,modified_uav_id,0,1,UAV-0005,INVALID_SIGNATURE,INVALID_SIGNATURE,true,21336600,21.3366,49100,20875700,0,4500,281700,0,0,0,,,,none,blockchain-modified_uav_id_0,0,false,238,17,
n10-identities_c1-conc_mech-blockchain-1backend_security-battery_r30_audit-off_20260824T233645Z,obs_2ffc2832d068495d93d667cff9074925,2026-08-24T23:37:00.499625+00:00,blockchain,modified_uav_id,1,1,UAV-0005,INVALID_SIGNATURE,INVALID_SIGNATURE,true,22525400,22.5254,67400,22023900,0,4700,301200,0,0,0,,,,none,blockchain-modified_uav_id_0,0,false,237,17,
n10-identities_c1-conc_mech-blockchain-1backend_security-battery_r30_audit-off_20260824T233645Z,obs_f0ed9ed1fcc44408a3ec1c34c3e2f953,2026-08-24T23:37:00.533990+00:00,blockchain,modified_uav_id,2,1,UAV-0005,INVALID_SIGNATURE,INVALID_SIGNATURE,true,22250900,22.2509,72700,21830200,0,4000,256100,0,0,0,,,,none,blockchain-modified_uav_id_0,0,false,238,17,
n10-identities_c1-conc_mech-blockchain-1backend_security-battery_r30_audit-off_20260824T233645Z,obs_e6ce5403ccc74428b00b4f22d2832a13,2026-08-24T23:37:00.565080+00:00,blockchain,modified_uav_id,3,1,UAV-0005,INVALID_SIGNATURE,INVALID_SIGNATURE,true,18928900,18.9289,684000,17864300,0,4300,240400,0,0,0,,,,none,blockchain-modified_uav_id_0,0,false,239,17,
n10-identities_c1-conc_mech-blockchain-1backend_security-battery_r30_audit-off_20260824T233645Z,obs_3270c2a371c54825be7407af62714dde,2026-08-24T23:37:00.603549+00:00,blockchain,modified_uav_id,4,1,UAV-0005,INVALID_SIGNATURE,INVALID_SIGNATURE,true,27753200,27.7532,54300,27034700,0,4300,377900,0,0,0,,,,none,blockchain-modified_uav_id_0,0,false,237,17,
n10-identities_c1-conc_mech-blockchain-1backend_security-battery_r30_audit-off_20260824T233645Z,obs_26b63a7e32e04a5dac95d341d342cb58,2026-08-24T23:37:00.648753+00:00,blockchain,modified_uav_id,5,1,UAV-0005,INVALID_SIGNATURE,INVALID_SIGNATURE,true,31237700,31.2377,80200,30759700,0,5800,283600,0,0,0,,,,none,blockchain-modified_uav_id_0,0,false,238,17,
n10-identities_c1-conc_mech-blockchain-1backend_security-battery_r30_audit-off_20260824T233645Z,obs_3dd7de12c636442ba1092f59ff98cdcc,2026-08-24T23:37:00.696474+00:00,blockchain,modified_uav_id,6,1,UAV-0005,INVALID_SIGNATURE,INVALID_SIGNATURE,true,31031500,31.0315,77800,30596600,0,4600,260200,0,0,0,,,,none,blockchain-modified_uav_id_0,0,false,237,17,
n10-identities_c1-conc_mech-blockchain-1backend_security-battery_r30_audit-off_20260824T233645Z,obs_532eb1c167ba40ce88d156199a0b02bf,2026-08-24T23:37:00.739063+00:00,blockchain,modified_uav_id,7,1,UAV-0005,INVALID_SIGNATURE,INVALID_SIGNATURE,true,28573900,28.5739,103300,28062000,0,5300,306900,0,0,0,,,,none,blockchain-modified_uav_id_0,0,false,238,17,
n10-identities_c1-conc_mech-blockchain-1backend_security-battery_r30_audit-off_20260824T233645Z,obs_8808807cbd7440d9b002cba11d3e253d,2026-08-24T23:37:00.782892+00:00,blockchain,modified_uav_id,8,1,UAV-0005,INVALID_SIGNATURE,INVALID_SIGNATURE,true,32391400,32.3914,59700,31957200,0,4900,274800,0,0,0,,,,none,blockchain-modified_uav_id_0,0,false,238,17,
n10-identities_c1-conc_mech-blockchain-1backend_security-battery_r30_audit-off_20260824T233645Z,obs_37cf80fe046042f08892abb753ede781,2026-08-24T23:37:00.826394+00:00,blockchain,modified_uav_id,9,1,UAV-0005,INVALID_SIGNATURE,INVALID_SIGNATURE,true,27311900,27.3119,51900,26881400,0,5100,259100,0,0,0,,,,none,blockchain-modified_uav_id_0,0,false,239,17,
n10-identities_c1-conc_mech-blockchain-1backend_security-battery_r30_audit-off_20260824T233645Z,obs_6fae84855c504e09b0f7f973b5106d7d,2026-08-24T23:37:00.916034+00:00,blockchain,modified_uav_id,10,1,UAV-0005,INVALID_SIGNATURE,INVALID_SIGNATURE,true,30121100,30.1211,68600,29697300,0,4200,252900,0,0,0,,,,none,blockchain-modified_uav_id_0,0,false,237,17,
n10-identities_c1-conc_mech-blockchain-1backend_security-battery_r30_audit-off_20260824T233645Z,obs_f4457600beea46f8845f9b23e8304d90,2026-08-24T23:37:00.952270+00:00,blockchain,modified_uav_id,11,1,UAV-0005,INVALID_SIGNATURE,INVALID_SIGNATURE,true,22289200,22.2892,445100,21886600,0,3500,248100,0,0,0,,,,none,blockchain-modified_uav_id_0,0,false,238,17,
n10-identities_c1-conc_mech-blockchain-1backend_security-battery_r30_audit-off_20260824T233645Z,obs_78af0ecb85ef427fb58aa650cf6544a6,2026-08-24T23:37:00.988681+00:00,blockchain,modified_uav_id,12,1,UAV-0005,INVALID_SIGNATURE,INVALID_SIGNATURE,true,23936900,23.9369,49200,23539800,0,4500,248000,0,0,0,,,,none,blockchain-modified_uav_id_0,0,false,238,17,
n10-identities_c1-conc_mech-blockchain-1backend_security-battery_r30_audit-off_20260824T233645Z,obs_a230af51c03249748a108b26913ef0f3,2026-08-24T23:37:01.081810+00:00,blockchain,modified_uav_id,13,1,UAV-0005,INVALID_SIGNATURE,INVALID_SIGNATURE,true,81988700,81.9887,49100,81494000,0,7100,272900,0,0,0,,,,none,blockchain-modified_uav_id_0,0,false,237,17,
n10-identities_c1-conc_mech-blockchain-1backend_security-battery_r30_audit-off_20260824T233645Z,obs_dcab189d8f564f6d896ea77390180e68,2026-08-24T23:37:01.124077+00:00,blockchain,modified_uav_id,14,1,UAV-0005,INVALID_SIGNATURE,INVALID_SIGNATURE,true,30798300,30.7983,51200,30115700,0,39900,475100,0,0,0,,,,none,blockchain-modified_uav_id_0,0,false,238,17,
n10-identities_c1-conc_mech-blockchain-1backend_security-battery_r30_audit-off_20260824T233645Z,obs_77a463fa69524f4db8abe9f5a4c53a41,2026-08-24T23:37:01.170562+00:00,blockchain,modified_uav_id,15,1,UAV-0005,INVALID_SIGNATURE,INVALID_SIGNATURE,true,35945800,35.9458,48500,35571900,0,3700,230000,0,0,0,,,,none,blockchain-modified_uav_id_0,0,false,237,17,
n10-identities_c1-conc_mech-blockchain-1backend_security-battery_r30_audit-off_20260824T233645Z,obs_cc45fa5a3ea94091a76f4b6431bd1dfb,2026-08-24T23:37:01.213322+00:00,blockchain,modified_uav_id,16,1,UAV-0005,INVALID_SIGNATURE,INVALID_SIGNATURE,true,31954000,31.954,52200,31539200,0,3900,273300,0,0,0,,,,none,blockchain-modified_uav_id_0,0,false,237,17,
n10-identities_c1-conc_mech-blockchain-1backend_security-battery_r30_audit-off_20260824T233645Z,obs_0f7332aeb770499b99a4b011ce58d60d,2026-08-24T23:37:01.267629+00:00,blockchain,modified_uav_id,17,1,UAV-0005,INVALID_SIGNATURE,INVALID_SIGNATURE,true,36058400,36.0584,63800,35569200,0,5200,311500,0,0,0,,,,none,blockchain-modified_uav_id_0,0,false,237,17,
n10-identities_c1-conc_mech-blockchain-1backend_security-battery_r30_audit-off_20260824T233645Z,obs_9e0f6a1b757a437eb2873ec727704ecf,2026-08-24T23:37:01.322405+00:00,blockchain,modified_uav_id,18,1,UAV-0005,INVALID_SIGNATURE,INVALID_SIGNATURE,true,38747400,38.7474,64700,38236500,0,3400,356200,0,0,0,,,,none,blockchain-modified_uav_id_0,0,false,238,17,
n10-identities_c1-conc_mech-blockchain-1backend_security-battery_r30_audit-off_20260824T233645Z,obs_4f996731eb9a4d5fa3f061254b14c666,2026-08-24T23:37:01.365851+00:00,blockchain,modified_uav_id,19,1,UAV-0005,INVALID_SIGNATURE,INVALID_SIGNATURE,true,29967800,29.9678,56500,29560600,0,3900,250300,0,0,0,,,,none,blockchain-modified_uav_id_0,0,false,237,17,
n10-identities_c1-conc_mech-blockchain-1backend_security-battery_r30_audit-off_20260824T233645Z,obs_71286f23f2204392b204d8750a886e0a,2026-08-24T23:37:01.432344+00:00,blockchain,modified_uav_id,20,1,UAV-0005,INVALID_SIGNATURE,INVALID_SIGNATURE,true,52356000,52.356,50600,51908600,0,4900,263900,0,0,0,,,,none,blockchain-modified_uav_id_0,0,false,239,17,
n10-identities_c1-conc_mech-blockchain-1backend_security-battery_r30_audit-off_20260824T233645Z,obs_b234d3b82dc64310a2ed648c4f4c7288,2026-08-24T23:37:01.468752+00:00,blockchain,modified_uav_id,21,1,UAV-0005,INVALID_SIGNATURE,INVALID_SIGNATURE,true,22790700,22.7907,57100,22284200,0,5900,319800,0,0,0,,,,none,blockchain-modified_uav_id_0,0,false,239,17,
n10-identities_c1-conc_mech-blockchain-1backend_security-battery_r30_audit-off_20260824T233645Z,obs_30d51b9362a0452ab4953017da9562c9,2026-08-24T23:37:01.503933+00:00,blockchain,modified_uav_id,22,1,UAV-0005,INVALID_SIGNATURE,INVALID_SIGNATURE,true,22632800,22.6328,60600,22227400,0,4300,248200,0,0,0,,,,none,blockchain-modified_uav_id_0,0,false,238,17,
n10-identities_c1-conc_mech-blockchain-1backend_security-battery_r30_audit-off_20260824T233645Z,obs_4410f7331a13402d9a4f6724f1c98827,2026-08-24T23:37:01.542987+00:00,blockchain,modified_uav_id,23,1,UAV-0005,INVALID_SIGNATURE,INVALID_SIGNATURE,true,24291800,24.2918,62300,23868500,0,4200,242100,0,0,0,,,,none,blockchain-modified_uav_id_0,0,false,238,17,
n10-identities_c1-conc_mech-blockchain-1backend_security-battery_r30_audit-off_20260824T233645Z,obs_f120d0e2beb9420f88c029fb0494f331,2026-08-24T23:37:01.575820+00:00,blockchain,modified_uav_id,24,1,UAV-0005,INVALID_SIGNATURE,INVALID_SIGNATURE,true,21300800,21.3008,66400,20871500,0,4100,265700,0,0,0,,,,none,blockchain-modified_uav_id_0,0,false,238,17,
n10-identities_c1-conc_mech-blockchain-1backend_security-battery_r30_audit-off_20260824T233645Z,obs_fdc4c5079e7d44f6a0f72b0f68076347,2026-08-24T23:37:01.612281+00:00,blockchain,modified_uav_id,25,1,UAV-0005,INVALID_SIGNATURE,INVALID_SIGNATURE,true,24396200,24.3962,59000,23948700,0,4000,267200,0,0,0,,,,none,blockchain-modified_uav_id_0,0,false,238,17,
n10-identities_c1-conc_mech-blockchain-1backend_security-battery_r30_audit-off_20260824T233645Z,obs_632712d349d04b9592cb9bb243137a1b,2026-08-24T23:37:01.650616+00:00,blockchain,modified_uav_id,26,1,UAV-0005,INVALID_SIGNATURE,INVALID_SIGNATURE,true,27009500,27.0095,51000,26539800,0,5600,291700,0,0,0,,,,none,blockchain-modified_uav_id_0,0,false,238,17,
n10-identities_c1-conc_mech-blockchain-1backend_security-battery_r30_audit-off_20260824T233645Z,obs_73cdf53fee1741eda26c807c1c354d96,2026-08-24T23:37:01.697521+00:00,blockchain,modified_uav_id,27,1,UAV-0005,INVALID_SIGNATURE,INVALID_SIGNATURE,true,29596500,29.5965,100600,29058000,0,3800,305200,0,0,0,,,,none,blockchain-modified_uav_id_0,0,false,237,17,
n10-identities_c1-conc_mech-blockchain-1backend_security-battery_r30_audit-off_20260824T233645Z,obs_c691cb2ab8d14582ba9ce37fb250bcd2,2026-08-24T23:37:01.732161+00:00,blockchain,modified_uav_id,28,1,UAV-0005,INVALID_SIGNATURE,INVALID_SIGNATURE,true,21696200,21.6962,51700,21282100,0,4700,253000,0,0,0,,,,none,blockchain-modified_uav_id_0,0,false,238,17,
n10-identities_c1-conc_mech-blockchain-1backend_security-battery_r30_audit-off_20260824T233645Z,obs_afa3cdc7d454471aa5312bfa299b3a99,2026-08-24T23:37:01.770519+00:00,blockchain,modified_uav_id,29,1,UAV-0005,INVALID_SIGNATURE,INVALID_SIGNATURE,true,23983100,23.9831,68700,23590500,0,4400,236300,0,0,0,,,,none,blockchain-modified_uav_id_0,0,false,239,17,
n10-identities_c1-conc_mech-blockchain-1backend_security-battery_r30_audit-off_20260824T233645Z,obs_ed50117d6f6046bc8a291eee69395997,2026-08-24T23:37:01.820836+00:00,blockchain,modified_operation,0,1,UAV-VALID,INVALID_SIGNATURE,INVALID_SIGNATURE,true,23834400,23.8344,46700,23477500,0,3700,231900,0,0,0,,,,none,blockchain-modified_operation_0,0,true,241,17,
n10-identities_c1-conc_mech-blockchain-1backend_security-battery_r30_audit-off_20260824T233645Z,obs_ba2d6a26f31f4d90a6c7525a54e4ecdf,2026-08-24T23:37:01.849498+00:00,blockchain,modified_operation,1,1,UAV-VALID,INVALID_SIGNATURE,INVALID_SIGNATURE,true,21021900,21.0219,51600,20656500,0,4600,239900,0,0,0,,,,none,blockchain-modified_operation_0,0,true,241,17,
n10-identities_c1-conc_mech-blockchain-1backend_security-battery_r30_audit-off_20260824T233645Z,obs_6553388815b34c3f847241954905ddef,2026-08-24T23:37:01.878951+00:00,blockchain,modified_operation,0,1,UAV-VALID,INVALID_SIGNATURE,INVALID_SIGNATURE,true,21672800,21.6728,59300,21129500,0,7100,357500,0,0,0,,,,none,blockchain-modified_operation_0,0,false,241,17,
n10-identities_c1-conc_mech-blockchain-1backend_security-battery_r30_audit-off_20260824T233645Z,obs_55c08b706633434dba78a68d6129a413,2026-08-24T23:37:01.910484+00:00,blockchain,modified_operation,1,1,UAV-VALID,INVALID_SIGNATURE,INVALID_SIGNATURE,true,22916200,22.9162,62800,22507100,0,4900,263400,0,0,0,,,,none,blockchain-modified_operation_0,0,false,241,17,
n10-identities_c1-conc_mech-blockchain-1backend_security-battery_r30_audit-off_20260824T233645Z,obs_05a6682316094088835996ab16aac11e,2026-08-24T23:37:01.964125+00:00,blockchain,modified_operation,2,1,UAV-VALID,INVALID_SIGNATURE,INVALID_SIGNATURE,true,22605700,22.6057,55000,22196600,0,4200,253100,0,0,0,,,,none,blockchain-modified_operation_0,0,false,241,17,
n10-identities_c1-conc_mech-blockchain-1backend_security-battery_r30_audit-off_20260824T233645Z,obs_35aa5b813da5481880b4b7d4aaa11a95,2026-08-24T23:37:01.993258+00:00,blockchain,modified_operation,3,1,UAV-VALID,INVALID_SIGNATURE,INVALID_SIGNATURE,true,20744200,20.7442,63200,20330800,0,25500,243600,0,0,0,,,,none,blockchain-modified_operation_0,0,false,241,17,
n10-identities_c1-conc_mech-blockchain-1backend_security-battery_r30_audit-off_20260824T233645Z,obs_3b8d414998fe490182bd0ef5e757a44a,2026-08-24T23:37:02.020965+00:00,blockchain,modified_operation,4,1,UAV-VALID,INVALID_SIGNATURE,INVALID_SIGNATURE,true,20515100,20.5151,60000,20256300,0,2800,165400,0,0,0,,,,none,blockchain-modified_operation_0,0,false,239,17,
n10-identities_c1-conc_mech-blockchain-1backend_security-battery_r30_audit-off_20260824T233645Z,obs_07cd72670ca44a2aa02b0929ba5e1122,2026-08-24T23:37:02.050586+00:00,blockchain,modified_operation,5,1,UAV-VALID,INVALID_SIGNATURE,INVALID_SIGNATURE,true,21614600,21.6146,61900,21208400,0,2900,263700,0,0,0,,,,none,blockchain-modified_operation_0,0,false,241,17,
n10-identities_c1-conc_mech-blockchain-1backend_security-battery_r30_audit-off_20260824T233645Z,obs_bafe2fa8ffe649bd94c1cffce49992ae,2026-08-24T23:37:02.078996+00:00,blockchain,modified_operation,6,1,UAV-VALID,INVALID_SIGNATURE,INVALID_SIGNATURE,true,20574300,20.5743,82200,20187400,0,3800,256200,0,0,0,,,,none,blockchain-modified_operation_0,0,false,240,17,
n10-identities_c1-conc_mech-blockchain-1backend_security-battery_r30_audit-off_20260824T233645Z,obs_e247085c9d9b435c91fc4221bc03e2d3,2026-08-24T23:37:02.107348+00:00,blockchain,modified_operation,7,1,UAV-VALID,INVALID_SIGNATURE,INVALID_SIGNATURE,true,20357900,20.3579,53700,19983800,0,4300,245300,0,0,0,,,,none,blockchain-modified_operation_0,0,false,240,17,
n10-identities_c1-conc_mech-blockchain-1backend_security-battery_r30_audit-off_20260824T233645Z,obs_b696ac4479084407b3b01c837464b979,2026-08-24T23:37:02.140094+00:00,blockchain,modified_operation,8,1,UAV-VALID,INVALID_SIGNATURE,INVALID_SIGNATURE,true,25054500,25.0545,62100,24676000,0,4100,248400,0,0,0,,,,none,blockchain-modified_operation_0,0,false,240,17,
n10-identities_c1-conc_mech-blockchain-1backend_security-battery_r30_audit-off_20260824T233645Z,obs_1ee55e01235d48a0be3c01d5b3e292e6,2026-08-24T23:37:02.170098+00:00,blockchain,modified_operation,9,1,UAV-VALID,INVALID_SIGNATURE,INVALID_SIGNATURE,true,21847100,21.8471,57100,21395000,0,4600,312600,0,0,0,,,,none,blockchain-modified_operation_0,0,false,239,17,
n10-identities_c1-conc_mech-blockchain-1backend_security-battery_r30_audit-off_20260824T233645Z,obs_706c85816a46496ba528226f49823bb2,2026-08-24T23:37:02.205916+00:00,blockchain,modified_operation,10,1,UAV-VALID,INVALID_SIGNATURE,INVALID_SIGNATURE,true,27199500,27.1995,58100,26807200,0,4800,261400,0,0,0,,,,none,blockchain-modified_operation_0,0,false,241,17,
n10-identities_c1-conc_mech-blockchain-1backend_security-battery_r30_audit-off_20260824T233645Z,obs_f59d6b4f44b148d8923496f4f7713eb6,2026-08-24T23:37:02.241446+00:00,blockchain,modified_operation,11,1,UAV-VALID,INVALID_SIGNATURE,INVALID_SIGNATURE,true,26415100,26.4151,74900,25996400,0,4400,267100,0,0,0,,,,none,blockchain-modified_operation_0,0,false,239,17,
n10-identities_c1-conc_mech-blockchain-1backend_security-battery_r30_audit-off_20260824T233645Z,obs_c90814f8f3d94030b0a0d57cc4e8cb2c,2026-08-24T23:37:02.278708+00:00,blockchain,modified_operation,12,1,UAV-VALID,INVALID_SIGNATURE,INVALID_SIGNATURE,true,28140300,28.1403,51800,27710800,0,7400,264300,0,0,0,,,,none,blockchain-modified_operation_0,0,false,239,17,
n10-identities_c1-conc_mech-blockchain-1backend_security-battery_r30_audit-off_20260824T233645Z,obs_c4774b18a0b04351849abcebe4bc3295,2026-08-24T23:37:02.314222+00:00,blockchain,modified_operation,13,1,UAV-VALID,INVALID_SIGNATURE,INVALID_SIGNATURE,true,27395000,27.395,54100,26991100,0,4700,266500,0,0,0,,,,none,blockchain-modified_operation_0,0,false,239,17,
n10-identities_c1-conc_mech-blockchain-1backend_security-battery_r30_audit-off_20260824T233645Z,obs_346c507c33b740179ba5cf8eb0d12b1a,2026-08-24T23:37:02.346338+00:00,blockchain,modified_operation,14,1,UAV-VALID,INVALID_SIGNATURE,INVALID_SIGNATURE,true,24226700,24.2267,51200,23818800,0,4200,271800,0,0,0,,,,none,blockchain-modified_operation_0,0,false,239,17,
n10-identities_c1-conc_mech-blockchain-1backend_security-battery_r30_audit-off_20260824T233645Z,obs_5f8d82decb6940c3be9474fc30b0c0cb,2026-08-24T23:37:02.376664+00:00,blockchain,modified_operation,15,1,UAV-VALID,INVALID_SIGNATURE,INVALID_SIGNATURE,true,21682200,21.6822,69300,21269100,0,3600,270600,0,0,0,,,,none,blockchain-modified_operation_0,0,false,241,17,
n10-identities_c1-conc_mech-blockchain-1backend_security-battery_r30_audit-off_20260824T233645Z,obs_5f17b5bb61a5480ea33ea6da99cc242b,2026-08-24T23:37:02.413446+00:00,blockchain,modified_operation,16,1,UAV-VALID,INVALID_SIGNATURE,INVALID_SIGNATURE,true,27231700,27.2317,61400,26780700,0,4500,320000,0,0,0,,,,none,blockchain-modified_operation_0,0,false,239,17,
n10-identities_c1-conc_mech-blockchain-1backend_security-battery_r30_audit-off_20260824T233645Z,obs_ec31241ad0a64b4f97b95535e33fa522,2026-08-24T23:37:02.475798+00:00,blockchain,modified_operation,17,1,UAV-VALID,INVALID_SIGNATURE,INVALID_SIGNATURE,true,50841600,50.8416,168900,50430800,0,4200,249800,0,0,0,,,,none,blockchain-modified_operation_0,0,false,239,17,
n10-identities_c1-conc_mech-blockchain-1backend_security-battery_r30_audit-off_20260824T233645Z,obs_963bf07a205f4579a3dd687c6733cecc,2026-08-24T23:37:02.514306+00:00,blockchain,modified_operation,18,1,UAV-VALID,INVALID_SIGNATURE,INVALID_SIGNATURE,true,29146300,29.1463,57300,28529600,0,4600,415200,0,0,0,,,,none,blockchain-modified_operation_0,0,false,241,17,
n10-identities_c1-conc_mech-blockchain-1backend_security-battery_r30_audit-off_20260824T233645Z,obs_7920682bfd51496b8e5c04617690b816,2026-08-24T23:37:02.552840+00:00,blockchain,modified_operation,19,1,UAV-VALID,INVALID_SIGNATURE,INVALID_SIGNATURE,true,28127500,28.1275,239600,27365100,0,2800,634100,0,0,0,,,,none,blockchain-modified_operation_0,0,false,240,17,
n10-identities_c1-conc_mech-blockchain-1backend_security-battery_r30_audit-off_20260824T233645Z,obs_9e9afaef93fa425fbd6cdeb0cc480383,2026-08-24T23:37:02.577469+00:00,blockchain,modified_operation,20,1,UAV-VALID,INVALID_SIGNATURE,INVALID_SIGNATURE,true,17695200,17.6952,67700,17417800,0,2700,184200,0,0,0,,,,none,blockchain-modified_operation_0,0,false,239,17,
n10-identities_c1-conc_mech-blockchain-1backend_security-battery_r30_audit-off_20260824T233645Z,obs_a591f41a10044e5da88c4f3c74f62fb0,2026-08-24T23:37:02.603272+00:00,blockchain,modified_operation,21,1,UAV-VALID,INVALID_SIGNATURE,INVALID_SIGNATURE,true,18246400,18.2464,48400,17948300,0,3500,194200,0,0,0,,,,none,blockchain-modified_operation_0,0,false,241,17,
n10-identities_c1-conc_mech-blockchain-1backend_security-battery_r30_audit-off_20260824T233645Z,obs_706c16a0f1684f8ba41a2121bee1bc89,2026-08-24T23:37:02.631333+00:00,blockchain,modified_operation,22,1,UAV-VALID,INVALID_SIGNATURE,INVALID_SIGNATURE,true,21300500,21.3005,53100,20851700,0,3800,270400,0,0,0,,,,none,blockchain-modified_operation_0,0,false,239,17,
n10-identities_c1-conc_mech-blockchain-1backend_security-battery_r30_audit-off_20260824T233645Z,obs_7b74d8a7209640308f7c77e79ddf24ba,2026-08-24T23:37:02.669937+00:00,blockchain,modified_operation,23,1,UAV-VALID,INVALID_SIGNATURE,INVALID_SIGNATURE,true,29632300,29.6323,59500,29235500,0,3800,243800,0,0,0,,,,none,blockchain-modified_operation_0,0,false,240,17,
n10-identities_c1-conc_mech-blockchain-1backend_security-battery_r30_audit-off_20260824T233645Z,obs_789dfea2f8f14a50ab0f4a7a3bb98856,2026-08-24T23:37:02.697334+00:00,blockchain,modified_operation,24,1,UAV-VALID,INVALID_SIGNATURE,INVALID_SIGNATURE,true,20084700,20.0847,65600,19690800,0,4000,243600,0,0,0,,,,none,blockchain-modified_operation_0,0,false,239,17,
n10-identities_c1-conc_mech-blockchain-1backend_security-battery_r30_audit-off_20260824T233645Z,obs_90cff084548449b1b6694c68b7d413f2,2026-08-24T23:37:02.727607+00:00,blockchain,modified_operation,25,1,UAV-VALID,INVALID_SIGNATURE,INVALID_SIGNATURE,true,21948000,21.948,62100,21598000,0,3700,220000,0,0,0,,,,none,blockchain-modified_operation_0,0,false,239,17,
n10-identities_c1-conc_mech-blockchain-1backend_security-battery_r30_audit-off_20260824T233645Z,obs_08c12cf631f14c24b5ee3088bd938597,2026-08-24T23:37:02.751574+00:00,blockchain,modified_operation,26,1,UAV-VALID,INVALID_SIGNATURE,INVALID_SIGNATURE,true,17152200,17.1522,43900,16805500,0,3300,234900,0,0,0,,,,none,blockchain-modified_operation_0,0,false,239,17,
n10-identities_c1-conc_mech-blockchain-1backend_security-battery_r30_audit-off_20260824T233645Z,obs_46b9d40eba244cb1b757ed8c3dc15fc5,2026-08-24T23:37:02.776922+00:00,blockchain,modified_operation,27,1,UAV-VALID,INVALID_SIGNATURE,INVALID_SIGNATURE,true,18288800,18.2888,79400,17936900,0,4200,230400,0,0,0,,,,none,blockchain-modified_operation_0,0,false,240,17,
n10-identities_c1-conc_mech-blockchain-1backend_security-battery_r30_audit-off_20260824T233645Z,obs_a8ab6920bcdc4d08a0d64adca115c617,2026-08-24T23:37:02.809000+00:00,blockchain,modified_operation,28,1,UAV-VALID,INVALID_SIGNATURE,INVALID_SIGNATURE,true,24047100,24.0471,66100,23634400,0,5200,252700,0,0,0,,,,none,blockchain-modified_operation_0,0,false,239,17,
n10-identities_c1-conc_mech-blockchain-1backend_security-battery_r30_audit-off_20260824T233645Z,obs_aa0754d0a62f43debba8bdaeeec0b364,2026-08-24T23:37:02.838680+00:00,blockchain,modified_operation,29,1,UAV-VALID,INVALID_SIGNATURE,INVALID_SIGNATURE,true,21521100,21.5211,63300,21138300,0,4900,247500,0,0,0,,,,none,blockchain-modified_operation_0,0,false,240,17,
n10-identities_c1-conc_mech-blockchain-1backend_security-battery_r30_audit-off_20260824T233645Z,obs_5dde3216225145e1996da8e8ff9606dd,2026-08-24T23:37:02.998519+00:00,blockchain,expired_challenge,0,1,UAV-VALID,EXPIRED_CHALLENGE,EXPIRED_CHALLENGE,true,34900,0.0349,90400,0,0,0,0,0,0,0,,,,none,blockchain-expired_challenge_0,0,true,239,17,
n10-identities_c1-conc_mech-blockchain-1backend_security-battery_r30_audit-off_20260824T233645Z,obs_47c56de55ae64c5d876d3428fec6c4a6,2026-08-24T23:37:03.125229+00:00,blockchain,expired_challenge,1,1,UAV-VALID,EXPIRED_CHALLENGE,EXPIRED_CHALLENGE,true,43000,0.043,45000,0,0,0,0,0,0,0,,,,none,blockchain-expired_challenge_0,0,true,239,17,
n10-identities_c1-conc_mech-blockchain-1backend_security-battery_r30_audit-off_20260824T233645Z,obs_5a35968f7faa461889a0fda97e8a8a7e,2026-08-24T23:37:03.252662+00:00,blockchain,expired_challenge,0,1,UAV-VALID,EXPIRED_CHALLENGE,EXPIRED_CHALLENGE,true,25700,0.0257,49600,0,0,0,0,0,0,0,,,,none,blockchain-expired_challenge_0,0,false,239,17,
n10-identities_c1-conc_mech-blockchain-1backend_security-battery_r30_audit-off_20260824T233645Z,obs_3f201c25470f4e01b04a93a8bf3c9f90,2026-08-24T23:37:03.378219+00:00,blockchain,expired_challenge,1,1,UAV-VALID,EXPIRED_CHALLENGE,EXPIRED_CHALLENGE,true,29300,0.0293,47500,0,0,0,0,0,0,0,,,,none,blockchain-expired_challenge_0,0,false,238,17,
n10-identities_c1-conc_mech-blockchain-1backend_security-battery_r30_audit-off_20260824T233645Z,obs_265a87a5919a4b7eb773ac65377327b4,2026-08-24T23:37:03.518556+00:00,blockchain,expired_challenge,2,1,UAV-VALID,EXPIRED_CHALLENGE,EXPIRED_CHALLENGE,true,35900,0.0359,74100,0,0,0,0,0,0,0,,,,none,blockchain-expired_challenge_0,0,false,239,17,
n10-identities_c1-conc_mech-blockchain-1backend_security-battery_r30_audit-off_20260824T233645Z,obs_43ac5feef67d4dbab92d8ad57c525acc,2026-08-24T23:37:03.647072+00:00,blockchain,expired_challenge,3,1,UAV-VALID,EXPIRED_CHALLENGE,EXPIRED_CHALLENGE,true,40400,0.0404,74100,0,0,0,0,0,0,0,,,,none,blockchain-expired_challenge_0,0,false,240,17,
n10-identities_c1-conc_mech-blockchain-1backend_security-battery_r30_audit-off_20260824T233645Z,obs_c55dcd0c894f41dba2a5624a60382011,2026-08-24T23:37:03.775378+00:00,blockchain,expired_challenge,4,1,UAV-VALID,EXPIRED_CHALLENGE,EXPIRED_CHALLENGE,true,303600,0.3036,53600,0,0,0,0,0,0,0,,,,none,blockchain-expired_challenge_0,0,false,240,17,
n10-identities_c1-conc_mech-blockchain-1backend_security-battery_r30_audit-off_20260824T233645Z,obs_2316d1601a044811a4a5cee53fde7cc5,2026-08-24T23:37:03.901335+00:00,blockchain,expired_challenge,5,1,UAV-VALID,EXPIRED_CHALLENGE,EXPIRED_CHALLENGE,true,39400,0.0394,41800,0,0,0,0,0,0,0,,,,none,blockchain-expired_challenge_0,0,false,239,17,
n10-identities_c1-conc_mech-blockchain-1backend_security-battery_r30_audit-off_20260824T233645Z,obs_555acfed85bc409586a8bcadeeada1b5,2026-08-24T23:37:04.038858+00:00,blockchain,expired_challenge,6,1,UAV-VALID,EXPIRED_CHALLENGE,EXPIRED_CHALLENGE,true,39400,0.0394,105400,0,0,0,0,0,0,0,,,,none,blockchain-expired_challenge_0,0,false,240,17,
n10-identities_c1-conc_mech-blockchain-1backend_security-battery_r30_audit-off_20260824T233645Z,obs_4930ed993a704629b622328f6f00aa92,2026-08-24T23:37:04.166389+00:00,blockchain,expired_challenge,7,1,UAV-VALID,EXPIRED_CHALLENGE,EXPIRED_CHALLENGE,true,24700,0.0247,57800,0,0,0,0,0,0,0,,,,none,blockchain-expired_challenge_0,0,false,239,17,
n10-identities_c1-conc_mech-blockchain-1backend_security-battery_r30_audit-off_20260824T233645Z,obs_86c8e0b0b73b415593b9e01efdb5f711,2026-08-24T23:37:04.292536+00:00,blockchain,expired_challenge,8,1,UAV-VALID,EXPIRED_CHALLENGE,EXPIRED_CHALLENGE,true,489100,0.4891,30200,0,0,0,0,0,0,0,,,,none,blockchain-expired_challenge_0,0,false,239,17,
n10-identities_c1-conc_mech-blockchain-1backend_security-battery_r30_audit-off_20260824T233645Z,obs_abc4af66f4d541cebe3a73c68b3ec30e,2026-08-24T23:37:04.421049+00:00,blockchain,expired_challenge,9,1,UAV-VALID,EXPIRED_CHALLENGE,EXPIRED_CHALLENGE,true,46800,0.0468,56800,0,0,0,0,0,0,0,,,,none,blockchain-expired_challenge_0,0,false,239,17,
n10-identities_c1-conc_mech-blockchain-1backend_security-battery_r30_audit-off_20260824T233645Z,obs_fc2fbd7ef2414d63ba781badd2e5dbea,2026-08-24T23:37:04.566470+00:00,blockchain,expired_challenge,10,1,UAV-VALID,EXPIRED_CHALLENGE,EXPIRED_CHALLENGE,true,47900,0.0479,40400,0,0,0,0,0,0,0,,,,none,blockchain-expired_challenge_0,0,false,240,17,
n10-identities_c1-conc_mech-blockchain-1backend_security-battery_r30_audit-off_20260824T233645Z,obs_e44f216c6c69465b930f0a80268a433f,2026-08-24T23:37:04.695784+00:00,blockchain,expired_challenge,11,1,UAV-VALID,EXPIRED_CHALLENGE,EXPIRED_CHALLENGE,true,47900,0.0479,66500,0,0,0,0,0,0,0,,,,none,blockchain-expired_challenge_0,0,false,240,17,
n10-identities_c1-conc_mech-blockchain-1backend_security-battery_r30_audit-off_20260824T233645Z,obs_aba0d783b01f4e05852a8a1010b3a79c,2026-08-24T23:37:04.823113+00:00,blockchain,expired_challenge,12,1,UAV-VALID,EXPIRED_CHALLENGE,EXPIRED_CHALLENGE,true,50400,0.0504,37100,0,0,0,0,0,0,0,,,,none,blockchain-expired_challenge_0,0,false,239,17,
n10-identities_c1-conc_mech-blockchain-1backend_security-battery_r30_audit-off_20260824T233645Z,obs_a214b7387f0a430887336b00d4fe3a94,2026-08-24T23:37:04.952008+00:00,blockchain,expired_challenge,13,1,UAV-VALID,EXPIRED_CHALLENGE,EXPIRED_CHALLENGE,true,30200,0.0302,42400,0,0,0,0,0,0,0,,,,none,blockchain-expired_challenge_0,0,false,239,17,
n10-identities_c1-conc_mech-blockchain-1backend_security-battery_r30_audit-off_20260824T233645Z,obs_8681d935f6f54c36b7e80b73b8cf43b7,2026-08-24T23:37:05.081410+00:00,blockchain,expired_challenge,14,1,UAV-VALID,EXPIRED_CHALLENGE,EXPIRED_CHALLENGE,true,52800,0.0528,48500,0,0,0,0,0,0,0,,,,none,blockchain-expired_challenge_0,0,false,238,17,
n10-identities_c1-conc_mech-blockchain-1backend_security-battery_r30_audit-off_20260824T233645Z,obs_b79027e90df844978018458f0210965a,2026-08-24T23:37:05.206240+00:00,blockchain,expired_challenge,15,1,UAV-VALID,EXPIRED_CHALLENGE,EXPIRED_CHALLENGE,true,66100,0.0661,52500,0,0,0,0,0,0,0,,,,none,blockchain-expired_challenge_0,0,false,239,17,
n10-identities_c1-conc_mech-blockchain-1backend_security-battery_r30_audit-off_20260824T233645Z,obs_33d0445a3f044018b12d43c5fce3f0ac,2026-08-24T23:37:05.335309+00:00,blockchain,expired_challenge,16,1,UAV-VALID,EXPIRED_CHALLENGE,EXPIRED_CHALLENGE,true,34400,0.0344,42800,0,0,0,0,0,0,0,,,,none,blockchain-expired_challenge_0,0,false,240,17,
n10-identities_c1-conc_mech-blockchain-1backend_security-battery_r30_audit-off_20260824T233645Z,obs_065cf617ff1148aeaaecc59adde96706,2026-08-24T23:37:05.461316+00:00,blockchain,expired_challenge,17,1,UAV-VALID,EXPIRED_CHALLENGE,EXPIRED_CHALLENGE,true,47800,0.0478,135700,0,0,0,0,0,0,0,,,,none,blockchain-expired_challenge_0,0,false,239,17,
n10-identities_c1-conc_mech-blockchain-1backend_security-battery_r30_audit-off_20260824T233645Z,obs_ca50cdecf66d4b96b6edaac5529f0b3c,2026-08-24T23:37:05.601782+00:00,blockchain,expired_challenge,18,1,UAV-VALID,EXPIRED_CHALLENGE,EXPIRED_CHALLENGE,true,36400,0.0364,51000,0,0,0,0,0,0,0,,,,none,blockchain-expired_challenge_0,0,false,239,17,
n10-identities_c1-conc_mech-blockchain-1backend_security-battery_r30_audit-off_20260824T233645Z,obs_e6dbe382ed2b4ada98a258ba4f1e6d7c,2026-08-24T23:37:05.732635+00:00,blockchain,expired_challenge,19,1,UAV-VALID,EXPIRED_CHALLENGE,EXPIRED_CHALLENGE,true,37700,0.0377,63300,0,0,0,0,0,0,0,,,,none,blockchain-expired_challenge_0,0,false,238,17,
n10-identities_c1-conc_mech-blockchain-1backend_security-battery_r30_audit-off_20260824T233645Z,obs_fd285c2c078045cea62c322dee567a66,2026-08-24T23:37:05.859214+00:00,blockchain,expired_challenge,20,1,UAV-VALID,EXPIRED_CHALLENGE,EXPIRED_CHALLENGE,true,39200,0.0392,58100,0,0,0,0,0,0,0,,,,none,blockchain-expired_challenge_0,0,false,238,17,
n10-identities_c1-conc_mech-blockchain-1backend_security-battery_r30_audit-off_20260824T233645Z,obs_b15113cda17a44f392a72542aa8891d5,2026-08-24T23:37:05.986049+00:00,blockchain,expired_challenge,21,1,UAV-VALID,EXPIRED_CHALLENGE,EXPIRED_CHALLENGE,true,37900,0.0379,46000,0,0,0,0,0,0,0,,,,none,blockchain-expired_challenge_0,0,false,238,17,
n10-identities_c1-conc_mech-blockchain-1backend_security-battery_r30_audit-off_20260824T233645Z,obs_ec3b4f5236034c4b81e79e9fed8d3407,2026-08-24T23:37:06.119416+00:00,blockchain,expired_challenge,22,1,UAV-VALID,EXPIRED_CHALLENGE,EXPIRED_CHALLENGE,true,38800,0.0388,49300,0,0,0,0,0,0,0,,,,none,blockchain-expired_challenge_0,0,false,240,17,
n10-identities_c1-conc_mech-blockchain-1backend_security-battery_r30_audit-off_20260824T233645Z,obs_86f22df8a4074c24926b00046e3ff167,2026-08-24T23:37:06.246025+00:00,blockchain,expired_challenge,23,1,UAV-VALID,EXPIRED_CHALLENGE,EXPIRED_CHALLENGE,true,25300,0.0253,61900,0,0,0,0,0,0,0,,,,none,blockchain-expired_challenge_0,0,false,239,17,
n10-identities_c1-conc_mech-blockchain-1backend_security-battery_r30_audit-off_20260824T233645Z,obs_8c58fc7e316f413596b84a91adb771dd,2026-08-24T23:37:06.371268+00:00,blockchain,expired_challenge,24,1,UAV-VALID,EXPIRED_CHALLENGE,EXPIRED_CHALLENGE,true,33400,0.0334,28600,0,0,0,0,0,0,0,,,,none,blockchain-expired_challenge_0,0,false,238,17,
n10-identities_c1-conc_mech-blockchain-1backend_security-battery_r30_audit-off_20260824T233645Z,obs_755cb037113a4a3e8120d36d68d68123,2026-08-24T23:37:06.498682+00:00,blockchain,expired_challenge,25,1,UAV-VALID,EXPIRED_CHALLENGE,EXPIRED_CHALLENGE,true,39300,0.0393,47400,0,0,0,0,0,0,0,,,,none,blockchain-expired_challenge_0,0,false,239,17,
n10-identities_c1-conc_mech-blockchain-1backend_security-battery_r30_audit-off_20260824T233645Z,obs_d6b913940870464b987d5f63f2d0f7ce,2026-08-24T23:37:06.646500+00:00,blockchain,expired_challenge,26,1,UAV-VALID,EXPIRED_CHALLENGE,EXPIRED_CHALLENGE,true,50000,0.05,48600,0,0,0,0,0,0,0,,,,none,blockchain-expired_challenge_0,0,false,239,17,
n10-identities_c1-conc_mech-blockchain-1backend_security-battery_r30_audit-off_20260824T233645Z,obs_9036760aff8a4172a5a632a96199e676,2026-08-24T23:37:06.773098+00:00,blockchain,expired_challenge,27,1,UAV-VALID,EXPIRED_CHALLENGE,EXPIRED_CHALLENGE,true,45500,0.0455,40600,0,0,0,0,0,0,0,,,,none,blockchain-expired_challenge_0,0,false,238,17,
n10-identities_c1-conc_mech-blockchain-1backend_security-battery_r30_audit-off_20260824T233645Z,obs_58fe6292e9fb4e40abee32bb662bc593,2026-08-24T23:37:06.899438+00:00,blockchain,expired_challenge,28,1,UAV-VALID,EXPIRED_CHALLENGE,EXPIRED_CHALLENGE,true,26100,0.0261,45400,0,0,0,0,0,0,0,,,,none,blockchain-expired_challenge_0,0,false,238,17,
n10-identities_c1-conc_mech-blockchain-1backend_security-battery_r30_audit-off_20260824T233645Z,obs_b6c055a54cf44e51a0893067d0417386,2026-08-24T23:37:07.025298+00:00,blockchain,expired_challenge,29,1,UAV-VALID,EXPIRED_CHALLENGE,EXPIRED_CHALLENGE,true,51900,0.0519,30200,0,0,0,0,0,0,0,,,,none,blockchain-expired_challenge_0,0,false,238,17,
n10-identities_c1-conc_mech-blockchain-1backend_security-battery_r30_audit-off_20260824T233645Z,obs_a6aad89424a1403d81757f9bc50e14f4,2026-08-24T23:37:07.069343+00:00,blockchain,revoked_uav,0,1,UAV-REVOKED,REVOKED_IDENTITY,REVOKED_IDENTITY,true,20990100,20.9901,57500,20938100,0,2300,0,0,0,0,,,,none,blockchain-revoked_uav_0,0,true,241,16,
n10-identities_c1-conc_mech-blockchain-1backend_security-battery_r30_audit-off_20260824T233645Z,obs_22ee83c40ce44246a541e906f96aeb4c,2026-08-24T23:37:07.091097+00:00,blockchain,revoked_uav,1,1,UAV-REVOKED,REVOKED_IDENTITY,REVOKED_IDENTITY,true,15865500,15.8655,43200,15819300,0,3700,0,0,0,0,,,,none,blockchain-revoked_uav_0,0,true,241,16,
n10-identities_c1-conc_mech-blockchain-1backend_security-battery_r30_audit-off_20260824T233645Z,obs_3b0a7c462cfa4829b2f7222c4664de35,2026-08-24T23:37:07.114821+00:00,blockchain,revoked_uav,0,1,UAV-REVOKED,REVOKED_IDENTITY,REVOKED_IDENTITY,true,16379900,16.3799,42400,16322300,0,4100,0,0,0,0,,,,none,blockchain-revoked_uav_0,0,false,240,16,
n10-identities_c1-conc_mech-blockchain-1backend_security-battery_r30_audit-off_20260824T233645Z,obs_a54d1e97d15d48a2a7593380579c8595,2026-08-24T23:37:07.139460+00:00,blockchain,revoked_uav,1,1,UAV-REVOKED,REVOKED_IDENTITY,REVOKED_IDENTITY,true,16805200,16.8052,80900,16733800,0,3700,0,0,0,0,,,,none,blockchain-revoked_uav_0,0,false,241,16,
n10-identities_c1-conc_mech-blockchain-1backend_security-battery_r30_audit-off_20260824T233645Z,obs_d6aebc1313194360acf2b2e87a938ce8,2026-08-24T23:37:07.179040+00:00,blockchain,revoked_uav,2,1,UAV-REVOKED,REVOKED_IDENTITY,REVOKED_IDENTITY,true,33835800,33.8358,48900,33775800,0,2900,0,0,0,0,,,,none,blockchain-revoked_uav_0,0,false,241,16,
n10-identities_c1-conc_mech-blockchain-1backend_security-battery_r30_audit-off_20260824T233645Z,obs_08e2081efe3f4224a6b325c98ae336ba,2026-08-24T23:37:07.197749+00:00,blockchain,revoked_uav,3,1,UAV-REVOKED,REVOKED_IDENTITY,REVOKED_IDENTITY,true,13242300,13.2423,33500,13195400,0,3000,0,0,0,0,,,,none,blockchain-revoked_uav_0,0,false,241,16,
n10-identities_c1-conc_mech-blockchain-1backend_security-battery_r30_audit-off_20260824T233645Z,obs_e4bb25d259ad4856b32dc91b46fe261f,2026-08-24T23:37:07.220432+00:00,blockchain,revoked_uav,4,1,UAV-REVOKED,REVOKED_IDENTITY,REVOKED_IDENTITY,true,16860800,16.8608,45400,16817000,0,3400,0,0,0,0,,,,none,blockchain-revoked_uav_0,0,false,241,16,
n10-identities_c1-conc_mech-blockchain-1backend_security-battery_r30_audit-off_20260824T233645Z,obs_18ee8569085f415abe790a10dcb52fe4,2026-08-24T23:37:07.243382+00:00,blockchain,revoked_uav,5,1,UAV-REVOKED,REVOKED_IDENTITY,REVOKED_IDENTITY,true,16015700,16.0157,42800,15965700,0,3500,0,0,0,0,,,,none,blockchain-revoked_uav_0,0,false,242,16,
n10-identities_c1-conc_mech-blockchain-1backend_security-battery_r30_audit-off_20260824T233645Z,obs_f55045efdeac45fbbc5cf502797e7688,2026-08-24T23:37:07.265745+00:00,blockchain,revoked_uav,6,1,UAV-REVOKED,REVOKED_IDENTITY,REVOKED_IDENTITY,true,16367800,16.3678,47200,16318600,0,3200,0,0,0,0,,,,none,blockchain-revoked_uav_0,0,false,241,16,
n10-identities_c1-conc_mech-blockchain-1backend_security-battery_r30_audit-off_20260824T233645Z,obs_f5943e7eeee94e7e822fab84651cc890,2026-08-24T23:37:07.287574+00:00,blockchain,revoked_uav,7,1,UAV-REVOKED,REVOKED_IDENTITY,REVOKED_IDENTITY,true,16039300,16.0393,40800,15992100,0,3500,0,0,0,0,,,,none,blockchain-revoked_uav_0,0,false,242,16,
n10-identities_c1-conc_mech-blockchain-1backend_security-battery_r30_audit-off_20260824T233645Z,obs_5bd00dfc8ed040209463a0609ba7662b,2026-08-24T23:37:07.310035+00:00,blockchain,revoked_uav,8,1,UAV-REVOKED,REVOKED_IDENTITY,REVOKED_IDENTITY,true,15552900,15.5529,44200,15509800,0,2400,0,0,0,0,,,,none,blockchain-revoked_uav_0,0,false,241,16,
n10-identities_c1-conc_mech-blockchain-1backend_security-battery_r30_audit-off_20260824T233645Z,obs_9596c9c0fc414983a8114d6cd2dd5b5e,2026-08-24T23:37:07.333369+00:00,blockchain,revoked_uav,9,1,UAV-REVOKED,REVOKED_IDENTITY,REVOKED_IDENTITY,true,17795200,17.7952,44100,17756800,0,3600,0,0,0,0,,,,none,blockchain-revoked_uav_0,0,false,241,16,
n10-identities_c1-conc_mech-blockchain-1backend_security-battery_r30_audit-off_20260824T233645Z,obs_f5ee90787c15492593c4420bb19a31f9,2026-08-24T23:37:07.354989+00:00,blockchain,revoked_uav,10,1,UAV-REVOKED,REVOKED_IDENTITY,REVOKED_IDENTITY,true,15915800,15.9158,60200,15857100,0,3700,0,0,0,0,,,,none,blockchain-revoked_uav_0,0,false,242,16,
n10-identities_c1-conc_mech-blockchain-1backend_security-battery_r30_audit-off_20260824T233645Z,obs_5fe20feefd1e4fc588568c266508554d,2026-08-24T23:37:07.377846+00:00,blockchain,revoked_uav,11,1,UAV-REVOKED,REVOKED_IDENTITY,REVOKED_IDENTITY,true,16566300,16.5663,42000,16499500,0,3600,0,0,0,0,,,,none,blockchain-revoked_uav_0,0,false,240,16,
n10-identities_c1-conc_mech-blockchain-1backend_security-battery_r30_audit-off_20260824T233645Z,obs_1d4dd54a54af4992bb20da2b153f7375,2026-08-24T23:37:07.402812+00:00,blockchain,revoked_uav,12,1,UAV-REVOKED,REVOKED_IDENTITY,REVOKED_IDENTITY,true,18234400,18.2344,50500,18174300,0,3700,0,0,0,0,,,,none,blockchain-revoked_uav_0,0,false,241,16,
n10-identities_c1-conc_mech-blockchain-1backend_security-battery_r30_audit-off_20260824T233645Z,obs_c5aaab05aea04f699a4baf61c4e57850,2026-08-24T23:37:07.427490+00:00,blockchain,revoked_uav,13,1,UAV-REVOKED,REVOKED_IDENTITY,REVOKED_IDENTITY,true,17610900,17.6109,46200,17566100,0,2400,0,0,0,0,,,,none,blockchain-revoked_uav_0,0,false,242,16,
n10-identities_c1-conc_mech-blockchain-1backend_security-battery_r30_audit-off_20260824T233645Z,obs_5c84c5de7ef5477f8536950ce6e732d4,2026-08-24T23:37:07.449587+00:00,blockchain,revoked_uav,14,1,UAV-REVOKED,REVOKED_IDENTITY,REVOKED_IDENTITY,true,16527500,16.5275,35100,16485500,0,3400,0,0,0,0,,,,none,blockchain-revoked_uav_0,0,false,240,16,
n10-identities_c1-conc_mech-blockchain-1backend_security-battery_r30_audit-off_20260824T233645Z,obs_43a9a67733c440719f289b9e8fa08923,2026-08-24T23:37:07.471319+00:00,blockchain,revoked_uav,15,1,UAV-REVOKED,REVOKED_IDENTITY,REVOKED_IDENTITY,true,15578100,15.5781,87500,15523300,0,3200,0,0,0,0,,,,none,blockchain-revoked_uav_0,0,false,242,16,
n10-identities_c1-conc_mech-blockchain-1backend_security-battery_r30_audit-off_20260824T233645Z,obs_3b1fe0c2173047058d2ca070ea1a048f,2026-08-24T23:37:07.500211+00:00,blockchain,revoked_uav,16,1,UAV-REVOKED,REVOKED_IDENTITY,REVOKED_IDENTITY,true,22943100,22.9431,60300,22881300,0,2900,0,0,0,0,,,,none,blockchain-revoked_uav_0,0,false,240,16,
n10-identities_c1-conc_mech-blockchain-1backend_security-battery_r30_audit-off_20260824T233645Z,obs_5983005467b54ac2b6dd52ad69ba911f,2026-08-24T23:37:07.529082+00:00,blockchain,revoked_uav,17,1,UAV-REVOKED,REVOKED_IDENTITY,REVOKED_IDENTITY,true,18803800,18.8038,824800,18742000,0,2600,0,0,0,0,,,,none,blockchain-revoked_uav_0,0,false,242,16,
n10-identities_c1-conc_mech-blockchain-1backend_security-battery_r30_audit-off_20260824T233645Z,obs_471e56102bba4d979e394e72fdbcee96,2026-08-24T23:37:07.565023+00:00,blockchain,revoked_uav,18,1,UAV-REVOKED,REVOKED_IDENTITY,REVOKED_IDENTITY,true,29638900,29.6389,38900,29589200,0,4200,0,0,0,0,,,,none,blockchain-revoked_uav_0,0,false,241,16,
n10-identities_c1-conc_mech-blockchain-1backend_security-battery_r30_audit-off_20260824T233645Z,obs_8338e4b6508442218b626b8155ab0d22,2026-08-24T23:37:07.593126+00:00,blockchain,revoked_uav,19,1,UAV-REVOKED,REVOKED_IDENTITY,REVOKED_IDENTITY,true,19871900,19.8719,72000,19805000,0,4600,0,0,0,0,,,,none,blockchain-revoked_uav_0,0,false,240,16,
n10-identities_c1-conc_mech-blockchain-1backend_security-battery_r30_audit-off_20260824T233645Z,obs_69a445531ced4d59810aa0551859ed5d,2026-08-24T23:37:07.625659+00:00,blockchain,revoked_uav,20,1,UAV-REVOKED,REVOKED_IDENTITY,REVOKED_IDENTITY,true,25367500,25.3675,82500,25302800,0,4900,0,0,0,0,,,,none,blockchain-revoked_uav_0,0,false,242,16,
n10-identities_c1-conc_mech-blockchain-1backend_security-battery_r30_audit-off_20260824T233645Z,obs_d82608b178eb47fd80b67afacf77f9d2,2026-08-24T23:37:07.660421+00:00,blockchain,revoked_uav,21,1,UAV-REVOKED,REVOKED_IDENTITY,REVOKED_IDENTITY,true,26483700,26.4837,58500,26410800,0,4100,0,0,0,0,,,,none,blockchain-revoked_uav_0,0,false,242,16,
n10-identities_c1-conc_mech-blockchain-1backend_security-battery_r30_audit-off_20260824T233645Z,obs_adb7d34d18384bb88f437e47d2cf5161,2026-08-24T23:37:07.703942+00:00,blockchain,revoked_uav,22,1,UAV-REVOKED,REVOKED_IDENTITY,REVOKED_IDENTITY,true,35886400,35.8864,49600,35838800,0,3500,0,0,0,0,,,,none,blockchain-revoked_uav_0,0,false,240,16,
n10-identities_c1-conc_mech-blockchain-1backend_security-battery_r30_audit-off_20260824T233645Z,obs_f6b4a3ca4a324d2e951130cde7bd9ae3,2026-08-24T23:37:07.731615+00:00,blockchain,revoked_uav,23,1,UAV-REVOKED,REVOKED_IDENTITY,REVOKED_IDENTITY,true,19421000,19.421,53100,19364100,0,3200,0,0,0,0,,,,none,blockchain-revoked_uav_0,0,false,241,16,
n10-identities_c1-conc_mech-blockchain-1backend_security-battery_r30_audit-off_20260824T233645Z,obs_526bc934904b4ab1b96af9366e46f487,2026-08-24T23:37:07.761239+00:00,blockchain,revoked_uav,24,1,UAV-REVOKED,REVOKED_IDENTITY,REVOKED_IDENTITY,true,22483100,22.4831,84300,22420900,0,4100,0,0,0,0,,,,none,blockchain-revoked_uav_0,0,false,240,16,
n10-identities_c1-conc_mech-blockchain-1backend_security-battery_r30_audit-off_20260824T233645Z,obs_326fce7cfd7e4886825f9813cdf53d2f,2026-08-24T23:37:07.785814+00:00,blockchain,revoked_uav,25,1,UAV-REVOKED,REVOKED_IDENTITY,REVOKED_IDENTITY,true,17713100,17.7131,45600,17660900,0,4100,0,0,0,0,,,,none,blockchain-revoked_uav_0,0,false,241,16,
n10-identities_c1-conc_mech-blockchain-1backend_security-battery_r30_audit-off_20260824T233645Z,obs_7e0b1f858c9c41f1a2de9de63766ec06,2026-08-24T23:37:07.813318+00:00,blockchain,revoked_uav,26,1,UAV-REVOKED,REVOKED_IDENTITY,REVOKED_IDENTITY,true,18435200,18.4352,47400,18379100,0,4200,0,0,0,0,,,,none,blockchain-revoked_uav_0,0,false,241,16,
n10-identities_c1-conc_mech-blockchain-1backend_security-battery_r30_audit-off_20260824T233645Z,obs_5f9627c69b01469ab74ed3d7688613b2,2026-08-24T23:37:07.852664+00:00,blockchain,revoked_uav,27,1,UAV-REVOKED,REVOKED_IDENTITY,REVOKED_IDENTITY,true,27841100,27.8411,103000,27773700,0,4500,0,0,0,0,,,,none,blockchain-revoked_uav_0,0,false,241,16,
n10-identities_c1-conc_mech-blockchain-1backend_security-battery_r30_audit-off_20260824T233645Z,obs_709001aec39f4a3cb3ac5ddb05730cf4,2026-08-24T23:37:07.884255+00:00,blockchain,revoked_uav,28,1,UAV-REVOKED,REVOKED_IDENTITY,REVOKED_IDENTITY,true,23050700,23.0507,54600,23000200,0,3300,0,0,0,0,,,,none,blockchain-revoked_uav_0,0,false,240,16,
n10-identities_c1-conc_mech-blockchain-1backend_security-battery_r30_audit-off_20260824T233645Z,obs_d92c00a5ff384b1487cd55dc69125b64,2026-08-24T23:37:07.910747+00:00,blockchain,revoked_uav,29,1,UAV-REVOKED,REVOKED_IDENTITY,REVOKED_IDENTITY,true,18574800,18.5748,93000,18515200,0,4200,0,0,0,0,,,,none,blockchain-revoked_uav_0,0,false,242,16,
n10-identities_c1-conc_mech-blockchain-1backend_security-battery_r30_audit-off_20260824T233645Z,obs_b76a0fb8928c47a7abce101ffb6d2d1d,2026-08-24T23:37:07.967332+00:00,blockchain,unauthorised_operation,0,1,UAV-LIMITED,UNAUTHORISED_OPERATION,UNAUTHORISED_OPERATION,true,31894500,31.8945,58000,31506600,0,3500,236100,5500,0,0,,,,none,blockchain-unauthorised_operation_0,0,true,242,22,
n10-identities_c1-conc_mech-blockchain-1backend_security-battery_r30_audit-off_20260824T233645Z,obs_9dd3ba73781c4d99bb8d708a91f26cfd,2026-08-24T23:37:07.995793+00:00,blockchain,unauthorised_operation,1,1,UAV-LIMITED,UNAUTHORISED_OPERATION,UNAUTHORISED_OPERATION,true,18564800,18.5648,69700,18204800,0,3500,210500,6300,0,0,,,,none,blockchain-unauthorised_operation_0,0,true,242,22,
n10-identities_c1-conc_mech-blockchain-1backend_security-battery_r30_audit-off_20260824T233645Z,obs_0a5f43026a5f49a991e3fe5937e84af0,2026-08-24T23:37:08.023977+00:00,blockchain,unauthorised_operation,0,1,UAV-LIMITED,UNAUTHORISED_OPERATION,UNAUTHORISED_OPERATION,true,21260700,21.2607,48200,20853500,0,4400,248200,8300,0,0,,,,none,blockchain-unauthorised_operation_0,0,false,241,22,
n10-identities_c1-conc_mech-blockchain-1backend_security-battery_r30_audit-off_20260824T233645Z,obs_d106531ff91742c497ecba7d20b908f5,2026-08-24T23:37:08.053864+00:00,blockchain,unauthorised_operation,1,1,UAV-LIMITED,UNAUTHORISED_OPERATION,UNAUTHORISED_OPERATION,true,22480100,22.4801,52400,22104200,0,4400,224400,6600,0,0,,,,none,blockchain-unauthorised_operation_0,0,false,242,22,
n10-identities_c1-conc_mech-blockchain-1backend_security-battery_r30_audit-off_20260824T233645Z,obs_36c33f06f5414993b0779186693e64ff,2026-08-24T23:37:08.083601+00:00,blockchain,unauthorised_operation,2,1,UAV-LIMITED,UNAUTHORISED_OPERATION,UNAUTHORISED_OPERATION,true,22637800,22.6378,40100,22236000,0,4400,251900,8600,0,0,,,,none,blockchain-unauthorised_operation_0,0,false,242,22,
n10-identities_c1-conc_mech-blockchain-1backend_security-battery_r30_audit-off_20260824T233645Z,obs_0f0c0e5aee1f4bf6bfebaff9dc582232,2026-08-24T23:37:08.112228+00:00,blockchain,unauthorised_operation,3,1,UAV-LIMITED,UNAUTHORISED_OPERATION,UNAUTHORISED_OPERATION,true,21452700,21.4527,58200,21000800,0,4200,292000,6300,0,0,,,,none,blockchain-unauthorised_operation_0,0,false,241,22,
n10-identities_c1-conc_mech-blockchain-1backend_security-battery_r30_audit-off_20260824T233645Z,obs_37fd708e4365497eb530f07f5272dd48,2026-08-24T23:37:08.135696+00:00,blockchain,unauthorised_operation,4,1,UAV-LIMITED,UNAUTHORISED_OPERATION,UNAUTHORISED_OPERATION,true,17804300,17.8043,43800,17501100,0,2400,176800,14100,0,0,,,,none,blockchain-unauthorised_operation_0,0,false,243,22,
n10-identities_c1-conc_mech-blockchain-1backend_security-battery_r30_audit-off_20260824T233645Z,obs_7a569037d39f4e68a1973cfa362256e0,2026-08-24T23:37:08.172038+00:00,blockchain,unauthorised_operation,5,1,UAV-LIMITED,UNAUTHORISED_OPERATION,UNAUTHORISED_OPERATION,true,25271000,25.271,49200,24848700,0,3800,241600,5700,0,0,,,,none,blockchain-unauthorised_operation_0,0,false,242,22,
n10-identities_c1-conc_mech-blockchain-1backend_security-battery_r30_audit-off_20260824T233645Z,obs_bad2cca6ebce4c44aa7ebb698fd9454b,2026-08-24T23:37:08.212760+00:00,blockchain,unauthorised_operation,6,1,UAV-LIMITED,UNAUTHORISED_OPERATION,UNAUTHORISED_OPERATION,true,33064100,33.0641,56400,32787500,0,2500,162300,3600,0,0,,,,none,blockchain-unauthorised_operation_0,0,false,242,22,
n10-identities_c1-conc_mech-blockchain-1backend_security-battery_r30_audit-off_20260824T233645Z,obs_cc7ea1e3c4b34e18bb6429f2dea5966c,2026-08-24T23:37:08.233516+00:00,blockchain,unauthorised_operation,7,1,UAV-LIMITED,UNAUTHORISED_OPERATION,UNAUTHORISED_OPERATION,true,15640500,15.6405,45800,15363600,0,2800,161600,3800,0,0,,,,none,blockchain-unauthorised_operation_0,0,false,243,22,
n10-identities_c1-conc_mech-blockchain-1backend_security-battery_r30_audit-off_20260824T233645Z,obs_fd15bee0117f426394c9ee2c7aa2255b,2026-08-24T23:37:08.254565+00:00,blockchain,unauthorised_operation,8,1,UAV-LIMITED,UNAUTHORISED_OPERATION,UNAUTHORISED_OPERATION,true,15785200,15.7852,110000,15405700,0,3500,230600,5700,0,0,,,,none,blockchain-unauthorised_operation_0,0,false,243,22,
n10-identities_c1-conc_mech-blockchain-1backend_security-battery_r30_audit-off_20260824T233645Z,obs_379c19dafd044ee180abe1690a76a87e,2026-08-24T23:37:08.285771+00:00,blockchain,unauthorised_operation,9,1,UAV-LIMITED,UNAUTHORISED_OPERATION,UNAUTHORISED_OPERATION,true,22925300,22.9253,69500,22643700,0,2900,165800,4500,0,0,,,,none,blockchain-unauthorised_operation_0,0,false,243,22,
n10-identities_c1-conc_mech-blockchain-1backend_security-battery_r30_audit-off_20260824T233645Z,obs_4e4ce684c9ef48d0a8714daf44e7bec7,2026-08-24T23:37:08.311949+00:00,blockchain,unauthorised_operation,10,1,UAV-LIMITED,UNAUTHORISED_OPERATION,UNAUTHORISED_OPERATION,true,19125500,19.1255,56800,18753700,0,3600,222200,5000,0,0,,,,none,blockchain-unauthorised_operation_0,0,false,242,22,
n10-identities_c1-conc_mech-blockchain-1backend_security-battery_r30_audit-off_20260824T233645Z,obs_3eac39ed04e44b068bb90a27513b48dc,2026-08-24T23:37:08.335748+00:00,blockchain,unauthorised_operation,11,1,UAV-LIMITED,UNAUTHORISED_OPERATION,UNAUTHORISED_OPERATION,true,16929100,16.9291,51700,16661400,0,2600,160500,4200,0,0,,,,none,blockchain-unauthorised_operation_0,0,false,243,22,
n10-identities_c1-conc_mech-blockchain-1backend_security-battery_r30_audit-off_20260824T233645Z,obs_7cd4b9f4c9744781abe2c417db4514b3,2026-08-24T23:37:08.380237+00:00,blockchain,unauthorised_operation,12,1,UAV-LIMITED,UNAUTHORISED_OPERATION,UNAUTHORISED_OPERATION,true,37141100,37.1411,42700,36725700,0,5300,269900,6500,0,0,,,,none,blockchain-unauthorised_operation_0,0,false,243,22,
n10-identities_c1-conc_mech-blockchain-1backend_security-battery_r30_audit-off_20260824T233645Z,obs_44819483a51d4cd093e4977b329716d7,2026-08-24T23:37:08.411311+00:00,blockchain,unauthorised_operation,13,1,UAV-LIMITED,UNAUTHORISED_OPERATION,UNAUTHORISED_OPERATION,true,23171000,23.171,53300,22676000,0,4400,259300,8800,0,0,,,,none,blockchain-unauthorised_operation_0,0,false,242,22,
n10-identities_c1-conc_mech-blockchain-1backend_security-battery_r30_audit-off_20260824T233645Z,obs_a4359cc8044f4afaaacbf869591f1ce5,2026-08-24T23:37:08.459804+00:00,blockchain,unauthorised_operation,14,1,UAV-LIMITED,UNAUTHORISED_OPERATION,UNAUTHORISED_OPERATION,true,35298100,35.2981,155900,34831600,0,4500,271800,7400,0,0,,,,none,blockchain-unauthorised_operation_0,0,false,242,22,
n10-identities_c1-conc_mech-blockchain-1backend_security-battery_r30_audit-off_20260824T233645Z,obs_c98b008f838943078498fc17a5152332,2026-08-24T23:37:08.494276+00:00,blockchain,unauthorised_operation,15,1,UAV-LIMITED,UNAUTHORISED_OPERATION,UNAUTHORISED_OPERATION,true,25988900,25.9889,64400,25543300,0,4800,251400,7900,0,0,,,,none,blockchain-unauthorised_operation_0,0,false,243,22,
n10-identities_c1-conc_mech-blockchain-1backend_security-battery_r30_audit-off_20260824T233645Z,obs_3019aa13a3ec4550abe4fefa6add0b93,2026-08-24T23:37:08.530575+00:00,blockchain,unauthorised_operation,16,1,UAV-LIMITED,UNAUTHORISED_OPERATION,UNAUTHORISED_OPERATION,true,28481400,28.4814,58400,28064400,0,3300,256800,8100,0,0,,,,none,blockchain-unauthorised_operation_0,0,false,243,22,
n10-identities_c1-conc_mech-blockchain-1backend_security-battery_r30_audit-off_20260824T233645Z,obs_8f9f09a705014f1db1e62b4b20cc9597,2026-08-24T23:37:08.597042+00:00,blockchain,unauthorised_operation,17,1,UAV-LIMITED,UNAUTHORISED_OPERATION,UNAUTHORISED_OPERATION,true,58127500,58.1275,328900,57626300,0,4000,251200,7900,0,0,,,,none,blockchain-unauthorised_operation_0,0,false,242,22,
n10-identities_c1-conc_mech-blockchain-1backend_security-battery_r30_audit-off_20260824T233645Z,obs_a1a35fe1f70d4416acb77b767ba81931,2026-08-24T23:37:08.640429+00:00,blockchain,unauthorised_operation,18,1,UAV-LIMITED,UNAUTHORISED_OPERATION,UNAUTHORISED_OPERATION,true,34749500,34.7495,66900,34275900,0,5000,302100,7500,0,0,,,,none,blockchain-unauthorised_operation_0,0,false,240,22,
n10-identities_c1-conc_mech-blockchain-1backend_security-battery_r30_audit-off_20260824T233645Z,obs_0ad1c5a0766541e3a09f093422daaf07,2026-08-24T23:37:08.764007+00:00,blockchain,unauthorised_operation,19,1,UAV-LIMITED,UNAUTHORISED_OPERATION,UNAUTHORISED_OPERATION,true,114892900,114.8929,62600,114469100,0,5000,256900,7600,0,0,,,,none,blockchain-unauthorised_operation_0,0,false,242,22,
n10-identities_c1-conc_mech-blockchain-1backend_security-battery_r30_audit-off_20260824T233645Z,obs_2611034498dd4070b484ef2d1c948759,2026-08-24T23:37:08.804083+00:00,blockchain,unauthorised_operation,20,1,UAV-LIMITED,UNAUTHORISED_OPERATION,UNAUTHORISED_OPERATION,true,30077700,30.0777,56700,29675300,0,4200,240800,6700,0,0,,,,none,blockchain-unauthorised_operation_0,0,false,241,22,
n10-identities_c1-conc_mech-blockchain-1backend_security-battery_r30_audit-off_20260824T233645Z,obs_b0ab1c4ac41841dfa22368f89d924ca7,2026-08-24T23:37:08.838612+00:00,blockchain,unauthorised_operation,21,1,UAV-LIMITED,UNAUTHORISED_OPERATION,UNAUTHORISED_OPERATION,true,26105400,26.1054,52600,25608200,0,4200,264500,8400,0,0,,,,none,blockchain-unauthorised_operation_0,0,false,241,22,
n10-identities_c1-conc_mech-blockchain-1backend_security-battery_r30_audit-off_20260824T233645Z,obs_1755139ab1bc488b9b98e9e71aae7556,2026-08-24T23:37:08.866863+00:00,blockchain,unauthorised_operation,22,1,UAV-LIMITED,UNAUTHORISED_OPERATION,UNAUTHORISED_OPERATION,true,21024800,21.0248,49800,20666400,0,3700,212500,4500,0,0,,,,none,blockchain-unauthorised_operation_0,0,false,242,22,
n10-identities_c1-conc_mech-blockchain-1backend_security-battery_r30_audit-off_20260824T233645Z,obs_a9b2119caa9b477f953a73928976acba,2026-08-24T23:37:08.892300+00:00,blockchain,unauthorised_operation,23,1,UAV-LIMITED,UNAUTHORISED_OPERATION,UNAUTHORISED_OPERATION,true,17513800,17.5138,48700,17124300,0,4700,234700,6200,0,0,,,,none,blockchain-unauthorised_operation_0,0,false,243,22,
n10-identities_c1-conc_mech-blockchain-1backend_security-battery_r30_audit-off_20260824T233645Z,obs_8ad3f26fb2844221afd4aae8661f0325,2026-08-24T23:37:08.915360+00:00,blockchain,unauthorised_operation,24,1,UAV-LIMITED,UNAUTHORISED_OPERATION,UNAUTHORISED_OPERATION,true,16021200,16.0212,45300,15705700,0,3400,196600,3900,0,0,,,,none,blockchain-unauthorised_operation_0,0,false,242,22,
n10-identities_c1-conc_mech-blockchain-1backend_security-battery_r30_audit-off_20260824T233645Z,obs_5851c0678ad14ce2a7e5f5757c585f41,2026-08-24T23:37:08.937527+00:00,blockchain,unauthorised_operation,25,1,UAV-LIMITED,UNAUTHORISED_OPERATION,UNAUTHORISED_OPERATION,true,16396500,16.3965,37300,16082500,0,3200,193600,4800,0,0,,,,none,blockchain-unauthorised_operation_0,0,false,242,22,
n10-identities_c1-conc_mech-blockchain-1backend_security-battery_r30_audit-off_20260824T233645Z,obs_1077a96675bf459aab8085382228bf66,2026-08-24T23:37:08.961686+00:00,blockchain,unauthorised_operation,26,1,UAV-LIMITED,UNAUTHORISED_OPERATION,UNAUTHORISED_OPERATION,true,16620000,16.62,50100,16258200,0,3900,229000,4900,0,0,,,,none,blockchain-unauthorised_operation_0,0,false,242,22,
n10-identities_c1-conc_mech-blockchain-1backend_security-battery_r30_audit-off_20260824T233645Z,obs_43dcf771389c44899c9f6d6c31399785,2026-08-24T23:37:08.982919+00:00,blockchain,unauthorised_operation,27,1,UAV-LIMITED,UNAUTHORISED_OPERATION,UNAUTHORISED_OPERATION,true,15838500,15.8385,39200,15523200,0,3500,195900,5000,0,0,,,,none,blockchain-unauthorised_operation_0,0,false,243,22,
n10-identities_c1-conc_mech-blockchain-1backend_security-battery_r30_audit-off_20260824T233645Z,obs_6dc9229a6a2445849509ebad21c7b280,2026-08-24T23:37:09.006113+00:00,blockchain,unauthorised_operation,28,1,UAV-LIMITED,UNAUTHORISED_OPERATION,UNAUTHORISED_OPERATION,true,15937500,15.9375,53500,15292500,0,5100,275300,9200,0,0,,,,none,blockchain-unauthorised_operation_0,0,false,243,22,
n10-identities_c1-conc_mech-blockchain-1backend_security-battery_r30_audit-off_20260824T233645Z,obs_751c75b2a8aa412594d381bb282a692d,2026-08-24T23:37:09.041624+00:00,blockchain,unauthorised_operation,29,1,UAV-LIMITED,UNAUTHORISED_OPERATION,UNAUTHORISED_OPERATION,true,18074900,18.0749,78500,17568900,0,2800,215600,4200,0,0,,,,none,blockchain-unauthorised_operation_0,0,false,243,22,
n10-identities_c1-conc_mech-blockchain-1backend_security-battery_r30_audit-off_20260824T233645Z,obs_9da3a9639916445da3e6592463eb5b0f,2026-08-24T23:37:09.058999+00:00,blockchain,malformed,0,1,UAV-VALID,MALFORMED_REQUEST,MALFORMED_REQUEST,true,11500,0.0115,49200,0,0,0,0,0,0,0,,,,none,blockchain-malformed_0,0,true,26,17,malformed authentication object: missing magic
n10-identities_c1-conc_mech-blockchain-1backend_security-battery_r30_audit-off_20260824T233645Z,obs_c0e3c94b202d48d4b382fe6562b58030,2026-08-24T23:37:09.065410+00:00,blockchain,malformed,1,1,UAV-VALID,MALFORMED_REQUEST,MALFORMED_REQUEST,true,9200,0.0092,41000,0,0,0,0,0,0,0,,,,none,blockchain-malformed_0,0,true,26,17,malformed authentication object: missing magic
n10-identities_c1-conc_mech-blockchain-1backend_security-battery_r30_audit-off_20260824T233645Z,obs_326a5c4d339646dc838aff1d38750cdf,2026-08-24T23:37:09.070871+00:00,blockchain,malformed,0,1,UAV-VALID,MALFORMED_REQUEST,MALFORMED_REQUEST,true,11000,0.011,41700,0,0,0,0,0,0,0,,,,none,blockchain-malformed_0,0,false,26,17,malformed authentication object: missing magic
n10-identities_c1-conc_mech-blockchain-1backend_security-battery_r30_audit-off_20260824T233645Z,obs_a25584e5631344b498c834d2f940ac98,2026-08-24T23:37:09.077736+00:00,blockchain,malformed,1,1,UAV-VALID,MALFORMED_REQUEST,MALFORMED_REQUEST,true,10900,0.0109,33600,0,0,0,0,0,0,0,,,,none,blockchain-malformed_0,0,false,26,17,malformed authentication object: missing magic
n10-identities_c1-conc_mech-blockchain-1backend_security-battery_r30_audit-off_20260824T233645Z,obs_607fce4957664702bd25c70bc42d2f58,2026-08-24T23:37:09.083885+00:00,blockchain,malformed,2,1,UAV-VALID,MALFORMED_REQUEST,MALFORMED_REQUEST,true,11000,0.011,45100,0,0,0,0,0,0,0,,,,none,blockchain-malformed_0,0,false,26,17,malformed authentication object: missing magic
n10-identities_c1-conc_mech-blockchain-1backend_security-battery_r30_audit-off_20260824T233645Z,obs_d95ce92b8d754358b294fc86c93dc7a3,2026-08-24T23:37:09.090091+00:00,blockchain,malformed,3,1,UAV-VALID,MALFORMED_REQUEST,MALFORMED_REQUEST,true,13100,0.0131,56000,0,0,0,0,0,0,0,,,,none,blockchain-malformed_0,0,false,26,17,malformed authentication object: missing magic
n10-identities_c1-conc_mech-blockchain-1backend_security-battery_r30_audit-off_20260824T233645Z,obs_2cc5fe2885a34a018b60dedf7a27e50b,2026-08-24T23:37:09.097405+00:00,blockchain,malformed,4,1,UAV-VALID,MALFORMED_REQUEST,MALFORMED_REQUEST,true,11900,0.0119,45900,0,0,0,0,0,0,0,,,,none,blockchain-malformed_0,0,false,26,17,malformed authentication object: missing magic
n10-identities_c1-conc_mech-blockchain-1backend_security-battery_r30_audit-off_20260824T233645Z,obs_636d3c0304db48278b3b0b817496c369,2026-08-24T23:37:09.103156+00:00,blockchain,malformed,5,1,UAV-VALID,MALFORMED_REQUEST,MALFORMED_REQUEST,true,10500,0.0105,42400,0,0,0,0,0,0,0,,,,none,blockchain-malformed_0,0,false,26,17,malformed authentication object: missing magic
n10-identities_c1-conc_mech-blockchain-1backend_security-battery_r30_audit-off_20260824T233645Z,obs_3dc4027303b44f15a1e752155fbdd472,2026-08-24T23:37:09.109229+00:00,blockchain,malformed,6,1,UAV-VALID,MALFORMED_REQUEST,MALFORMED_REQUEST,true,8900,0.0089,33500,0,0,0,0,0,0,0,,,,none,blockchain-malformed_0,0,false,26,17,malformed authentication object: missing magic
n10-identities_c1-conc_mech-blockchain-1backend_security-battery_r30_audit-off_20260824T233645Z,obs_2dab20e5ba4a41ff86e110959a496ea2,2026-08-24T23:37:09.116352+00:00,blockchain,malformed,7,1,UAV-VALID,MALFORMED_REQUEST,MALFORMED_REQUEST,true,10100,0.0101,40700,0,0,0,0,0,0,0,,,,none,blockchain-malformed_0,0,false,26,17,malformed authentication object: missing magic
n10-identities_c1-conc_mech-blockchain-1backend_security-battery_r30_audit-off_20260824T233645Z,obs_b47ebbdeac484fe4b36f2dd83d4f528f,2026-08-24T23:37:09.121695+00:00,blockchain,malformed,8,1,UAV-VALID,MALFORMED_REQUEST,MALFORMED_REQUEST,true,12600,0.0126,79100,0,0,0,0,0,0,0,,,,none,blockchain-malformed_0,0,false,26,17,malformed authentication object: missing magic
n10-identities_c1-conc_mech-blockchain-1backend_security-battery_r30_audit-off_20260824T233645Z,obs_269eb4a78cec4f54b7d64a4b2773962c,2026-08-24T23:37:09.128511+00:00,blockchain,malformed,9,1,UAV-VALID,MALFORMED_REQUEST,MALFORMED_REQUEST,true,12100,0.0121,45900,0,0,0,0,0,0,0,,,,none,blockchain-malformed_0,0,false,26,17,malformed authentication object: missing magic
n10-identities_c1-conc_mech-blockchain-1backend_security-battery_r30_audit-off_20260824T233645Z,obs_879f2ceb0a0444b88916b115a05151d8,2026-08-24T23:37:09.134179+00:00,blockchain,malformed,10,1,UAV-VALID,MALFORMED_REQUEST,MALFORMED_REQUEST,true,10300,0.0103,37500,0,0,0,0,0,0,0,,,,none,blockchain-malformed_0,0,false,26,17,malformed authentication object: missing magic
n10-identities_c1-conc_mech-blockchain-1backend_security-battery_r30_audit-off_20260824T233645Z,obs_e15b2959944c479fbdc656040b3bf95b,2026-08-24T23:37:09.139416+00:00,blockchain,malformed,11,1,UAV-VALID,MALFORMED_REQUEST,MALFORMED_REQUEST,true,12400,0.0124,42300,0,0,0,0,0,0,0,,,,none,blockchain-malformed_0,0,false,26,17,malformed authentication object: missing magic
n10-identities_c1-conc_mech-blockchain-1backend_security-battery_r30_audit-off_20260824T233645Z,obs_59662fb2a7ea449c948278894c9a9be4,2026-08-24T23:37:09.145442+00:00,blockchain,malformed,12,1,UAV-VALID,MALFORMED_REQUEST,MALFORMED_REQUEST,true,9800,0.0098,48000,0,0,0,0,0,0,0,,,,none,blockchain-malformed_0,0,false,26,17,malformed authentication object: missing magic
n10-identities_c1-conc_mech-blockchain-1backend_security-battery_r30_audit-off_20260824T233645Z,obs_3ae615cb7d8649639b7e714ff7314e4e,2026-08-24T23:37:09.151785+00:00,blockchain,malformed,13,1,UAV-VALID,MALFORMED_REQUEST,MALFORMED_REQUEST,true,8700,0.0087,38400,0,0,0,0,0,0,0,,,,none,blockchain-malformed_0,0,false,26,17,malformed authentication object: missing magic
n10-identities_c1-conc_mech-blockchain-1backend_security-battery_r30_audit-off_20260824T233645Z,obs_5c5929bde9a240398e0f05161762047a,2026-08-24T23:37:09.159509+00:00,blockchain,malformed,14,1,UAV-VALID,MALFORMED_REQUEST,MALFORMED_REQUEST,true,13700,0.0137,121400,0,0,0,0,0,0,0,,,,none,blockchain-malformed_0,0,false,26,17,malformed authentication object: missing magic
n10-identities_c1-conc_mech-blockchain-1backend_security-battery_r30_audit-off_20260824T233645Z,obs_0231b9b073924b619db2918e778c1eca,2026-08-24T23:37:09.165925+00:00,blockchain,malformed,15,1,UAV-VALID,MALFORMED_REQUEST,MALFORMED_REQUEST,true,11000,0.011,43100,0,0,0,0,0,0,0,,,,none,blockchain-malformed_0,0,false,26,17,malformed authentication object: missing magic
n10-identities_c1-conc_mech-blockchain-1backend_security-battery_r30_audit-off_20260824T233645Z,obs_41e4c7e64cb94bcaac8d973e22c92688,2026-08-24T23:37:09.171501+00:00,blockchain,malformed,16,1,UAV-VALID,MALFORMED_REQUEST,MALFORMED_REQUEST,true,11900,0.0119,52200,0,0,0,0,0,0,0,,,,none,blockchain-malformed_0,0,false,26,17,malformed authentication object: missing magic
n10-identities_c1-conc_mech-blockchain-1backend_security-battery_r30_audit-off_20260824T233645Z,obs_f2cc12c6c55240cf9feb5a1a43e302a9,2026-08-24T23:37:09.178412+00:00,blockchain,malformed,17,1,UAV-VALID,MALFORMED_REQUEST,MALFORMED_REQUEST,true,9800,0.0098,48100,0,0,0,0,0,0,0,,,,none,blockchain-malformed_0,0,false,26,17,malformed authentication object: missing magic
n10-identities_c1-conc_mech-blockchain-1backend_security-battery_r30_audit-off_20260824T233645Z,obs_964ba92a857c43b29f5fa75c68351a9f,2026-08-24T23:37:09.184398+00:00,blockchain,malformed,18,1,UAV-VALID,MALFORMED_REQUEST,MALFORMED_REQUEST,true,11400,0.0114,47600,0,0,0,0,0,0,0,,,,none,blockchain-malformed_0,0,false,26,17,malformed authentication object: missing magic
n10-identities_c1-conc_mech-blockchain-1backend_security-battery_r30_audit-off_20260824T233645Z,obs_470e658138414356b0e4fb089fc6e4b6,2026-08-24T23:37:09.192126+00:00,blockchain,malformed,19,1,UAV-VALID,MALFORMED_REQUEST,MALFORMED_REQUEST,true,17800,0.0178,67500,0,0,0,0,0,0,0,,,,none,blockchain-malformed_0,0,false,26,17,malformed authentication object: missing magic
n10-identities_c1-conc_mech-blockchain-1backend_security-battery_r30_audit-off_20260824T233645Z,obs_1dbce133ea744bcb8c7da9b990568687,2026-08-24T23:37:09.198732+00:00,blockchain,malformed,20,1,UAV-VALID,MALFORMED_REQUEST,MALFORMED_REQUEST,true,10900,0.0109,41000,0,0,0,0,0,0,0,,,,none,blockchain-malformed_0,0,false,26,17,malformed authentication object: missing magic
n10-identities_c1-conc_mech-blockchain-1backend_security-battery_r30_audit-off_20260824T233645Z,obs_62c750e26dc54028af4112d8c351aa64,2026-08-24T23:37:09.207699+00:00,blockchain,malformed,21,1,UAV-VALID,MALFORMED_REQUEST,MALFORMED_REQUEST,true,14100,0.0141,51900,0,0,0,0,0,0,0,,,,none,blockchain-malformed_0,0,false,26,17,malformed authentication object: missing magic
n10-identities_c1-conc_mech-blockchain-1backend_security-battery_r30_audit-off_20260824T233645Z,obs_c3c05d196e0b4cec9c274cb0e9e1465d,2026-08-24T23:37:09.214094+00:00,blockchain,malformed,22,1,UAV-VALID,MALFORMED_REQUEST,MALFORMED_REQUEST,true,11200,0.0112,45600,0,0,0,0,0,0,0,,,,none,blockchain-malformed_0,0,false,26,17,malformed authentication object: missing magic
n10-identities_c1-conc_mech-blockchain-1backend_security-battery_r30_audit-off_20260824T233645Z,obs_62d3d958700246e8b2f1a4c77058045a,2026-08-24T23:37:09.220775+00:00,blockchain,malformed,23,1,UAV-VALID,MALFORMED_REQUEST,MALFORMED_REQUEST,true,13800,0.0138,52900,0,0,0,0,0,0,0,,,,none,blockchain-malformed_0,0,false,26,17,malformed authentication object: missing magic
n10-identities_c1-conc_mech-blockchain-1backend_security-battery_r30_audit-off_20260824T233645Z,obs_d4801723d7c74c5f9ef4ef091e6f96b0,2026-08-24T23:37:09.227629+00:00,blockchain,malformed,24,1,UAV-VALID,MALFORMED_REQUEST,MALFORMED_REQUEST,true,13400,0.0134,55400,0,0,0,0,0,0,0,,,,none,blockchain-malformed_0,0,false,26,17,malformed authentication object: missing magic
n10-identities_c1-conc_mech-blockchain-1backend_security-battery_r30_audit-off_20260824T233645Z,obs_282a8db5f7b84ecf9c70c22248ba1f34,2026-08-24T23:37:09.233293+00:00,blockchain,malformed,25,1,UAV-VALID,MALFORMED_REQUEST,MALFORMED_REQUEST,true,9700,0.0097,39800,0,0,0,0,0,0,0,,,,none,blockchain-malformed_0,0,false,26,17,malformed authentication object: missing magic
n10-identities_c1-conc_mech-blockchain-1backend_security-battery_r30_audit-off_20260824T233645Z,obs_f2da62b5e38a4287afc043a10f3a6174,2026-08-24T23:37:09.241292+00:00,blockchain,malformed,26,1,UAV-VALID,MALFORMED_REQUEST,MALFORMED_REQUEST,true,11500,0.0115,46400,0,0,0,0,0,0,0,,,,none,blockchain-malformed_0,0,false,26,17,malformed authentication object: missing magic
n10-identities_c1-conc_mech-blockchain-1backend_security-battery_r30_audit-off_20260824T233645Z,obs_51d15fb89a074ed7871b3c7a55e2db9b,2026-08-24T23:37:09.249774+00:00,blockchain,malformed,27,1,UAV-VALID,MALFORMED_REQUEST,MALFORMED_REQUEST,true,1387000,1.387,239500,0,0,0,0,0,0,0,,,,none,blockchain-malformed_0,0,false,26,17,malformed authentication object: missing magic
n10-identities_c1-conc_mech-blockchain-1backend_security-battery_r30_audit-off_20260824T233645Z,obs_84a6791f446446deb88d1f9b3a367b6f,2026-08-24T23:37:09.256630+00:00,blockchain,malformed,28,1,UAV-VALID,MALFORMED_REQUEST,MALFORMED_REQUEST,true,12000,0.012,63600,0,0,0,0,0,0,0,,,,none,blockchain-malformed_0,0,false,26,17,malformed authentication object: missing magic
n10-identities_c1-conc_mech-blockchain-1backend_security-battery_r30_audit-off_20260824T233645Z,obs_6c73b1895a82460aa297ed7b6a0a7afc,2026-08-24T23:37:09.262690+00:00,blockchain,malformed,29,1,UAV-VALID,MALFORMED_REQUEST,MALFORMED_REQUEST,true,11700,0.0117,45000,0,0,0,0,0,0,0,,,,none,blockchain-malformed_0,0,false,26,17,malformed authentication object: missing magic
n10-identities_c1-conc_mech-blockchain-1backend_security-battery_r30_audit-off_20260824T233645Z,obs_26f0e71024df412b841973b2e3eb1f7c,2026-08-24T23:37:16.276935+00:00,blockchain,rpc_unavailable,0,1,UAV-VALID,IDENTITY_SERVICE_UNAVAILABLE,IDENTITY_SERVICE_UNAVAILABLE,true,6912169400,6912.1694,35000,6912141400,0,6912141400,0,0,0,0,,,,none,blockchain-rpc_unavailable_0,0,true,240,28,
n10-identities_c1-conc_mech-blockchain-1backend_security-battery_r30_audit-off_20260824T233645Z,obs_ab2778834b074869913f17268de0cdc2,2026-08-24T23:37:23.214803+00:00,blockchain,rpc_unavailable,1,1,UAV-VALID,IDENTITY_SERVICE_UNAVAILABLE,IDENTITY_SERVICE_UNAVAILABLE,true,6930880300,6930.8803,45400,6930837100,0,6930837100,0,0,0,0,,,,none,blockchain-rpc_unavailable_0,0,true,240,28,
n10-identities_c1-conc_mech-blockchain-1backend_security-battery_r30_audit-off_20260824T233645Z,obs_416229aa54224197ad4dba2cfaa00c8d,2026-08-24T23:37:30.153872+00:00,blockchain,rpc_unavailable,0,1,UAV-VALID,IDENTITY_SERVICE_UNAVAILABLE,IDENTITY_SERVICE_UNAVAILABLE,true,6932337700,6932.3377,57600,6932300000,0,6932300000,0,0,0,0,,,,none,blockchain-rpc_unavailable_0,0,false,240,28,
n10-identities_c1-conc_mech-blockchain-1backend_security-battery_r30_audit-off_20260824T233645Z,obs_5e5cd30b8b424b2c8283e360f813e5b0,2026-08-24T23:37:37.078835+00:00,blockchain,rpc_unavailable,1,1,UAV-VALID,IDENTITY_SERVICE_UNAVAILABLE,IDENTITY_SERVICE_UNAVAILABLE,true,6915978600,6915.9786,57100,6915937200,0,6915937200,0,0,0,0,,,,none,blockchain-rpc_unavailable_0,0,false,239,28,
n10-identities_c1-conc_mech-blockchain-1backend_security-battery_r30_audit-off_20260824T233645Z,obs_268d0d4c9aed484f8c302d120eb86764,2026-08-24T23:37:44.021517+00:00,blockchain,rpc_unavailable,2,1,UAV-VALID,IDENTITY_SERVICE_UNAVAILABLE,IDENTITY_SERVICE_UNAVAILABLE,true,6934867800,6934.8678,39700,6934837900,0,6934837900,0,0,0,0,,,,none,blockchain-rpc_unavailable_0,0,false,238,28,
n10-identities_c1-conc_mech-blockchain-1backend_security-battery_r30_audit-off_20260824T233645Z,obs_6a7275e095a64d0bacaba9387e12e6d4,2026-08-24T23:37:50.955107+00:00,blockchain,rpc_unavailable,3,1,UAV-VALID,IDENTITY_SERVICE_UNAVAILABLE,IDENTITY_SERVICE_UNAVAILABLE,true,6924512400,6924.5124,55100,6924467300,0,6924467300,0,0,0,0,,,,none,blockchain-rpc_unavailable_0,0,false,240,28,
n10-identities_c1-conc_mech-blockchain-1backend_security-battery_r30_audit-off_20260824T233645Z,obs_c38d3c48566b4d5fac9e698440329e5c,2026-08-24T23:37:57.911628+00:00,blockchain,rpc_unavailable,4,1,UAV-VALID,IDENTITY_SERVICE_UNAVAILABLE,IDENTITY_SERVICE_UNAVAILABLE,true,6948486700,6948.4867,46400,6948452800,0,6948452800,0,0,0,0,,,,none,blockchain-rpc_unavailable_0,0,false,238,28,
n10-identities_c1-conc_mech-blockchain-1backend_security-battery_r30_audit-off_20260824T233645Z,obs_f84c8f52900241d18e052c6d40b40c7f,2026-08-24T23:38:04.852967+00:00,blockchain,rpc_unavailable,5,1,UAV-VALID,IDENTITY_SERVICE_UNAVAILABLE,IDENTITY_SERVICE_UNAVAILABLE,true,6936217100,6936.2171,61600,6936192500,0,6936192500,0,0,0,0,,,,none,blockchain-rpc_unavailable_0,0,false,239,28,
n10-identities_c1-conc_mech-blockchain-1backend_security-battery_r30_audit-off_20260824T233645Z,obs_5ba0dec4257b4b72bb6d6f5c7ca76860,2026-08-24T23:38:11.779928+00:00,blockchain,rpc_unavailable,6,1,UAV-VALID,IDENTITY_SERVICE_UNAVAILABLE,IDENTITY_SERVICE_UNAVAILABLE,true,6919716500,6919.7165,39700,6919683100,0,6919683100,0,0,0,0,,,,none,blockchain-rpc_unavailable_0,0,false,239,28,
n10-identities_c1-conc_mech-blockchain-1backend_security-battery_r30_audit-off_20260824T233645Z,obs_f0d4fbde124d41ea8e226509ddfefd1a,2026-08-24T23:38:18.741933+00:00,blockchain,rpc_unavailable,7,1,UAV-VALID,IDENTITY_SERVICE_UNAVAILABLE,IDENTITY_SERVICE_UNAVAILABLE,true,6953714800,6953.7148,50100,6953647800,0,6953647800,0,0,0,0,,,,none,blockchain-rpc_unavailable_0,0,false,239,28,
n10-identities_c1-conc_mech-blockchain-1backend_security-battery_r30_audit-off_20260824T233645Z,obs_d479b5ee430b42fcae199d442879e5d4,2026-08-24T23:38:25.689517+00:00,blockchain,rpc_unavailable,8,1,UAV-VALID,IDENTITY_SERVICE_UNAVAILABLE,IDENTITY_SERVICE_UNAVAILABLE,true,6940406900,6940.4069,122100,6940307800,0,6940307800,0,0,0,0,,,,none,blockchain-rpc_unavailable_0,0,false,240,28,
n10-identities_c1-conc_mech-blockchain-1backend_security-battery_r30_audit-off_20260824T233645Z,obs_be9fbfab04044e3abb8ff9ade2335b04,2026-08-24T23:38:32.622637+00:00,blockchain,rpc_unavailable,9,1,UAV-VALID,IDENTITY_SERVICE_UNAVAILABLE,IDENTITY_SERVICE_UNAVAILABLE,true,6926650100,6926.6501,56900,6926600500,0,6926600500,0,0,0,0,,,,none,blockchain-rpc_unavailable_0,0,false,240,28,
n10-identities_c1-conc_mech-blockchain-1backend_security-battery_r30_audit-off_20260824T233645Z,obs_7990dbc41fc64c66a27bcfe9be822d96,2026-08-24T23:38:39.539470+00:00,blockchain,rpc_unavailable,10,1,UAV-VALID,IDENTITY_SERVICE_UNAVAILABLE,IDENTITY_SERVICE_UNAVAILABLE,true,6908250700,6908.2507,45200,6908210300,0,6908210300,0,0,0,0,,,,none,blockchain-rpc_unavailable_0,0,false,240,28,
n10-identities_c1-conc_mech-blockchain-1backend_security-battery_r30_audit-off_20260824T233645Z,obs_83be385e3e9e4fa0b3e875439c25cf02,2026-08-24T23:38:46.519123+00:00,blockchain,rpc_unavailable,11,1,UAV-VALID,IDENTITY_SERVICE_UNAVAILABLE,IDENTITY_SERVICE_UNAVAILABLE,true,6971315300,6971.3153,59200,6971271600,0,6971271600,0,0,0,0,,,,none,blockchain-rpc_unavailable_0,0,false,238,28,
n10-identities_c1-conc_mech-blockchain-1backend_security-battery_r30_audit-off_20260824T233645Z,obs_4174cf5b0be04ce7b039e7037d043fd7,2026-08-24T23:38:53.464547+00:00,blockchain,rpc_unavailable,12,1,UAV-VALID,IDENTITY_SERVICE_UNAVAILABLE,IDENTITY_SERVICE_UNAVAILABLE,true,6936709900,6936.7099,53200,6936666600,0,6936666600,0,0,0,0,,,,none,blockchain-rpc_unavailable_0,0,false,239,28,
n10-identities_c1-conc_mech-blockchain-1backend_security-battery_r30_audit-off_20260824T233645Z,obs_ed23b7560e5d44c0b44e76499dde22d1,2026-08-24T23:39:00.403804+00:00,blockchain,rpc_unavailable,13,1,UAV-VALID,IDENTITY_SERVICE_UNAVAILABLE,IDENTITY_SERVICE_UNAVAILABLE,true,6929941000,6929.941,50500,6929899400,0,6929899400,0,0,0,0,,,,none,blockchain-rpc_unavailable_0,0,false,239,28,
n10-identities_c1-conc_mech-blockchain-1backend_security-battery_r30_audit-off_20260824T233645Z,obs_e027a515b3894e16ae41a7fdddba1a8b,2026-08-24T23:39:07.329333+00:00,blockchain,rpc_unavailable,14,1,UAV-VALID,IDENTITY_SERVICE_UNAVAILABLE,IDENTITY_SERVICE_UNAVAILABLE,true,6918248000,6918.248,47800,6918204600,0,6918204600,0,0,0,0,,,,none,blockchain-rpc_unavailable_0,0,false,238,28,
n10-identities_c1-conc_mech-blockchain-1backend_security-battery_r30_audit-off_20260824T233645Z,obs_64d11222a5ad49bc82dd9d28a4c85049,2026-08-24T23:39:14.263086+00:00,blockchain,rpc_unavailable,15,1,UAV-VALID,IDENTITY_SERVICE_UNAVAILABLE,IDENTITY_SERVICE_UNAVAILABLE,true,6925081100,6925.0811,48100,6925037800,0,6925037800,0,0,0,0,,,,none,blockchain-rpc_unavailable_0,0,false,239,28,
n10-identities_c1-conc_mech-blockchain-1backend_security-battery_r30_audit-off_20260824T233645Z,obs_70f50c53549c480eb09dc84b643db85e,2026-08-24T23:39:21.233079+00:00,blockchain,rpc_unavailable,16,1,UAV-VALID,IDENTITY_SERVICE_UNAVAILABLE,IDENTITY_SERVICE_UNAVAILABLE,true,6961222600,6961.2226,56700,6961176200,0,6961176200,0,0,0,0,,,,none,blockchain-rpc_unavailable_0,0,false,238,28,
n10-identities_c1-conc_mech-blockchain-1backend_security-battery_r30_audit-off_20260824T233645Z,obs_032134ef37af4d7cb78c554a3415d87a,2026-08-24T23:39:28.170925+00:00,blockchain,rpc_unavailable,17,1,UAV-VALID,IDENTITY_SERVICE_UNAVAILABLE,IDENTITY_SERVICE_UNAVAILABLE,true,6928915600,6928.9156,49700,6928874800,0,6928874800,0,0,0,0,,,,none,blockchain-rpc_unavailable_0,0,false,238,28,
n10-identities_c1-conc_mech-blockchain-1backend_security-battery_r30_audit-off_20260824T233645Z,obs_438bdec69db546bfb3b4dea06ea0df6d,2026-08-24T23:39:35.146219+00:00,blockchain,rpc_unavailable,18,1,UAV-VALID,IDENTITY_SERVICE_UNAVAILABLE,IDENTITY_SERVICE_UNAVAILABLE,true,6964362200,6964.3622,74100,6964294900,0,6964294900,0,0,0,0,,,,none,blockchain-rpc_unavailable_0,0,false,239,28,
n10-identities_c1-conc_mech-blockchain-1backend_security-battery_r30_audit-off_20260824T233645Z,obs_fdd3bc8f5e4d42e1bfa09820091e143e,2026-08-24T23:39:42.118614+00:00,blockchain,rpc_unavailable,19,1,UAV-VALID,IDENTITY_SERVICE_UNAVAILABLE,IDENTITY_SERVICE_UNAVAILABLE,true,6961881000,6961.881,70300,6961836600,0,6961836600,0,0,0,0,,,,none,blockchain-rpc_unavailable_0,0,false,238,28,
n10-identities_c1-conc_mech-blockchain-1backend_security-battery_r30_audit-off_20260824T233645Z,obs_50e74c86f43b4e4c99cac8e84d6a45bc,2026-08-24T23:39:49.060927+00:00,blockchain,rpc_unavailable,20,1,UAV-VALID,IDENTITY_SERVICE_UNAVAILABLE,IDENTITY_SERVICE_UNAVAILABLE,true,6929698500,6929.6985,68500,6929631100,0,6929631100,0,0,0,0,,,,none,blockchain-rpc_unavailable_0,0,false,238,28,
n10-identities_c1-conc_mech-blockchain-1backend_security-battery_r30_audit-off_20260824T233645Z,obs_8ce1e03580c34718b602d8bbc5cca76b,2026-08-24T23:39:56.056806+00:00,blockchain,rpc_unavailable,21,1,UAV-VALID,IDENTITY_SERVICE_UNAVAILABLE,IDENTITY_SERVICE_UNAVAILABLE,true,6984774500,6984.7745,63900,6984727700,0,6984727700,0,0,0,0,,,,none,blockchain-rpc_unavailable_0,0,false,239,28,
n10-identities_c1-conc_mech-blockchain-1backend_security-battery_r30_audit-off_20260824T233645Z,obs_aefc6698e7874d05833de71c80fa6b34,2026-08-24T23:40:02.988808+00:00,blockchain,rpc_unavailable,22,1,UAV-VALID,IDENTITY_SERVICE_UNAVAILABLE,IDENTITY_SERVICE_UNAVAILABLE,true,6922074300,6922.0743,78600,6922009800,0,6922009800,0,0,0,0,,,,none,blockchain-rpc_unavailable_0,0,false,239,28,
n10-identities_c1-conc_mech-blockchain-1backend_security-battery_r30_audit-off_20260824T233645Z,obs_5d2dc149f2b148f3bab5a96a029badbf,2026-08-24T23:40:09.969664+00:00,blockchain,rpc_unavailable,23,1,UAV-VALID,IDENTITY_SERVICE_UNAVAILABLE,IDENTITY_SERVICE_UNAVAILABLE,true,6923255700,6923.2557,66800,6923176600,0,6923176600,0,0,0,0,,,,none,blockchain-rpc_unavailable_0,0,false,239,28,
n10-identities_c1-conc_mech-blockchain-1backend_security-battery_r30_audit-off_20260824T233645Z,obs_d9cc5c64b7f84b0c9dd97ab873e7e5ef,2026-08-24T23:40:16.942265+00:00,blockchain,rpc_unavailable,24,1,UAV-VALID,IDENTITY_SERVICE_UNAVAILABLE,IDENTITY_SERVICE_UNAVAILABLE,true,6959002700,6959.0027,76200,6958935200,0,6958935200,0,0,0,0,,,,none,blockchain-rpc_unavailable_0,0,false,238,28,
n10-identities_c1-conc_mech-blockchain-1backend_security-battery_r30_audit-off_20260824T233645Z,obs_722fda235edd4ac098cb7740ce3b529e,2026-08-24T23:40:23.898023+00:00,blockchain,rpc_unavailable,25,1,UAV-VALID,IDENTITY_SERVICE_UNAVAILABLE,IDENTITY_SERVICE_UNAVAILABLE,true,6943467400,6943.4674,62900,6943411600,0,6943411600,0,0,0,0,,,,none,blockchain-rpc_unavailable_0,0,false,238,28,
n10-identities_c1-conc_mech-blockchain-1backend_security-battery_r30_audit-off_20260824T233645Z,obs_10137dc22fc741908cc949809b88b9db,2026-08-24T23:40:30.842101+00:00,blockchain,rpc_unavailable,26,1,UAV-VALID,IDENTITY_SERVICE_UNAVAILABLE,IDENTITY_SERVICE_UNAVAILABLE,true,6931102500,6931.1025,73400,6931030200,0,6931030200,0,0,0,0,,,,none,blockchain-rpc_unavailable_0,0,false,239,28,
n10-identities_c1-conc_mech-blockchain-1backend_security-battery_r30_audit-off_20260824T233645Z,obs_5f64df139ca84dacb58ae710da2d67e2,2026-08-24T23:40:37.839326+00:00,blockchain,rpc_unavailable,27,1,UAV-VALID,IDENTITY_SERVICE_UNAVAILABLE,IDENTITY_SERVICE_UNAVAILABLE,true,6986450200,6986.4502,65200,6986384300,0,6986384300,0,0,0,0,,,,none,blockchain-rpc_unavailable_0,0,false,238,28,
n10-identities_c1-conc_mech-blockchain-1backend_security-battery_r30_audit-off_20260824T233645Z,obs_334a8ca1ac754cf7a7e7b27f438286f4,2026-08-24T23:40:44.893076+00:00,blockchain,rpc_unavailable,28,1,UAV-VALID,IDENTITY_SERVICE_UNAVAILABLE,IDENTITY_SERVICE_UNAVAILABLE,true,6990240700,6990.2407,120900,6989972300,0,6989972300,0,0,0,0,,,,none,blockchain-rpc_unavailable_0,0,false,239,28,
n10-identities_c1-conc_mech-blockchain-1backend_security-battery_r30_audit-off_20260824T233645Z,obs_996498fb59e94595abe23841a2f9a961,2026-08-24T23:40:51.952031+00:00,blockchain,rpc_unavailable,29,1,UAV-VALID,IDENTITY_SERVICE_UNAVAILABLE,IDENTITY_SERVICE_UNAVAILABLE,true,7048131900,7048.1319,58700,7048072200,0,7048072200,0,0,0,0,,,,none,blockchain-rpc_unavailable_0,0,false,239,28,
